Time                ,Current(A)  ,TargetCurrent(A),Voltage(V)  ,PressureRaw(kg),PressureFiltered(kg),F0(kg)      ,DeltaF      ,PI_P(Nm)    ,PI_P_Filtered(Nm),PI_P_Raw(Nm),PI_I(Nm)    ,PI_D(Nm)    ,PI_LastTorque(Nm),Feedforward(mA),FeedforwardTorque(Nm),AlgoDeltaF(kg),AlgoPressure(kg),RopeLength(m)   ,EncoderValue  ,EncoderAngle(deg)   ,MotorSpeed(rpm)     ,MotorLinearVel(m/s),MotorTheoryVel(m/s),MotorPosition(m)      ,RopeVelocityRaw(m/s),RopeVelocityFiltered(m/s),WeightRaw(kg) ,WeightFiltered(kg),TargetTorque(Nm),ActualTorque(Nm)
15:29:27.074027     ,0.878       ,0.000       ,18.652      ,6.550       ,6.550       ,6.550       ,0.000       ,0.000       ,0.000          ,0.000       ,0.000       ,0.000       ,0.000       ,0.000       ,0.000       ,0.000       ,0.00000       ,2147479028    ,0.000           ,313.945       ,0.000               ,-0.000              ,0.000           ,25741.97070       ,0.00000               ,0.000         ,0.000         ,0.000         ,0.000         ,-0.001        
15:29:27.079490     ,0.878       ,0.000       ,18.652      ,6.550       ,6.550       ,6.550       ,0.000       ,0.000       ,0.000          ,0.000       ,0.000       ,0.000       ,0.000       ,0.000       ,0.000       ,0.000       ,0.00000       ,2147479028    ,0.000           ,313.945       ,0.000               ,-0.000              ,0.000           ,25741.97070       ,0.00000               ,0.000         ,0.000         ,0.000         ,0.000         ,-0.001        
15:29:27.089579     ,0.878       ,0.000       ,18.652      ,6.550       ,6.550       ,6.550       ,-0.000      ,0.000       ,0.000          ,0.000       ,0.000       ,0.000       ,0.000       ,0.000       ,0.000       ,0.000       ,0.00000       ,2147479028    ,0.000           ,313.945       ,0.000               ,-0.000              ,0.000           ,25741.97070       ,0.00000               ,0.000         ,0.000         ,0.000         ,0.000         ,0.001         
15:29:27.099610     ,0.878       ,0.000       ,18.652      ,6.540       ,6.540       ,6.548       ,-0.008      ,0.000       ,0.000          ,0.000       ,0.000       ,0.000       ,0.000       ,0.000       ,0.000       ,0.000       ,0.00000       ,2147479028    ,0.000           ,313.945       ,0.000               ,-0.000              ,0.000           ,25741.97070       ,0.00000               ,0.000         ,0.000         ,0.000         ,0.000         ,-0.001        
15:29:27.109327     ,0.878       ,0.000       ,18.652      ,6.550       ,6.550       ,6.548       ,0.002       ,0.000       ,0.000          ,0.000       ,0.000       ,0.000       ,0.000       ,0.000       ,0.000       ,0.000       ,0.00000       ,2147479028    ,0.000           ,313.945       ,0.000               ,-0.000              ,0.000           ,25741.97070       ,0.00000               ,0.000         ,0.000         ,0.000         ,0.000         ,-0.001        
15:29:27.120487     ,0.878       ,0.000       ,18.652      ,6.540       ,6.540       ,6.547       ,-0.007      ,0.000       ,0.000          ,0.000       ,0.000       ,0.000       ,0.000       ,0.000       ,0.000       ,0.000       ,0.00000       ,2147479028    ,0.000           ,313.945       ,0.000               ,-0.000              ,0.000           ,25741.97070       ,0.00000               ,0.000         ,0.000         ,0.000         ,0.000         ,-0.001        
15:29:27.130528     ,0.878       ,0.000       ,18.652      ,6.540       ,6.540       ,6.546       ,-0.006      ,0.000       ,0.000          ,0.000       ,0.000       ,0.000       ,0.000       ,0.000       ,0.000       ,0.000       ,0.00000       ,2147479028    ,0.000           ,313.945       ,0.000               ,-0.000              ,0.000           ,25741.97070       ,0.00000               ,0.000         ,0.000         ,0.000         ,0.000         ,0.000         
15:29:27.131640     ,0.878       ,0.000       ,18.652      ,6.540       ,6.540       ,6.545       ,-0.005      ,0.000       ,0.000          ,0.000       ,0.000       ,0.000       ,0.000       ,0.000       ,0.000       ,0.000       ,0.00000       ,2147479028    ,0.000           ,313.945       ,0.000               ,-0.000              ,0.000           ,25741.97070       ,0.00000               ,0.000         ,0.000         ,0.000         ,0.000         ,-0.001        
15:29:27.149684     ,0.878       ,0.000       ,18.652      ,6.550       ,6.550       ,6.546       ,0.004       ,0.000       ,0.000          ,0.000       ,0.000       ,0.000       ,0.000       ,0.000       ,0.000       ,0.000       ,0.00000       ,2147479028    ,0.000           ,313.945       ,0.000               ,-0.000              ,0.000           ,25741.97070       ,0.00000               ,0.000         ,0.000         ,0.000         ,0.000         ,0.000         
15:29:27.161544     ,0.878       ,0.000       ,18.652      ,6.540       ,6.540       ,6.545       ,-0.005      ,0.000       ,0.000          ,0.000       ,0.000       ,0.000       ,0.000       ,0.000       ,0.000       ,0.000       ,0.00000       ,2147479028    ,0.000           ,313.945       ,0.000               ,-0.000              ,0.000           ,25741.97070       ,0.00000               ,0.000         ,0.000         ,0.000         ,0.000         ,-0.003        
15:29:27.174070     ,0.000       ,0.000       ,0.000       ,6.540       ,6.540       ,6.545       ,-0.005      ,0.000       ,0.000          ,0.000       ,0.000       ,0.000       ,0.000       ,0.000       ,0.000       ,0.000       ,0.00000       ,2147479028    ,0.000           ,313.945       ,0.000               ,-0.000              ,0.000           ,25741.97070       ,0.00000               ,0.000         ,0.000         ,0.000         ,0.000         ,0.000         
15:29:27.180764     ,0.000       ,0.000       ,0.000       ,6.540       ,6.540       ,6.544       ,-0.004      ,0.000       ,0.000          ,0.000       ,0.000       ,0.000       ,0.000       ,0.000       ,0.000       ,0.000       ,0.00000       ,2147479028    ,0.000           ,313.945       ,0.000               ,-0.000              ,0.000           ,25741.97070       ,0.00000               ,0.000         ,0.000         ,0.000         ,0.000         ,0.000         
15:29:27.189399     ,0.000       ,0.000       ,0.000       ,6.550       ,6.550       ,6.545       ,0.005       ,0.000       ,0.000          ,0.000       ,0.000       ,0.000       ,0.000       ,0.000       ,0.000       ,0.000       ,0.00000       ,2147479028    ,0.000           ,313.945       ,0.000               ,-0.000              ,0.000           ,25741.97070       ,0.00000               ,0.000         ,0.000         ,0.000         ,0.000         ,0.000         
15:29:27.199499     ,0.000       ,0.000       ,0.000       ,6.540       ,6.540       ,6.544       ,-0.004      ,0.000       ,0.000          ,0.000       ,0.000       ,0.000       ,0.000       ,0.000       ,0.000       ,0.000       ,0.00000       ,2147479028    ,0.000           ,313.945       ,0.000               ,-0.000              ,0.000           ,25741.97070       ,0.00000               ,0.000         ,0.000         ,0.000         ,0.000         ,0.000         
15:29:27.209359     ,0.000       ,0.000       ,0.000       ,6.550       ,6.550       ,6.545       ,0.005       ,0.000       ,0.000          ,0.000       ,0.000       ,0.000       ,0.000       ,0.000       ,0.000       ,0.000       ,0.00000       ,2147479028    ,0.000           ,313.945       ,0.000               ,-0.000              ,0.000           ,25741.97070       ,0.00000               ,0.000         ,0.000         ,0.000         ,0.000         ,0.000         
15:29:27.219575     ,0.000       ,0.000       ,0.000       ,6.540       ,6.540       ,6.544       ,-0.004      ,0.000       ,0.000          ,0.000       ,0.000       ,0.000       ,0.000       ,0.000       ,0.000       ,0.000       ,0.00000       ,2147479028    ,0.000           ,313.945       ,0.000               ,-0.000              ,0.000           ,25741.97070       ,0.00000               ,0.000         ,0.000         ,0.000         ,0.000         ,-0.001        
15:29:27.229513     ,0.000       ,0.000       ,0.000       ,6.550       ,6.550       ,6.545       ,0.005       ,0.000       ,0.000          ,0.000       ,0.000       ,0.000       ,0.000       ,0.000       ,0.000       ,0.000       ,0.00000       ,2147479028    ,0.000           ,313.945       ,0.000               ,-0.000              ,0.000           ,25741.97070       ,0.00000               ,0.000         ,0.000         ,0.000         ,0.000         ,-0.001        
15:29:27.239501     ,0.000       ,0.000       ,0.000       ,6.530       ,6.530       ,6.544       ,-0.014      ,0.000       ,0.000          ,0.000       ,0.000       ,0.000       ,0.000       ,0.000       ,0.000       ,0.000       ,0.00000       ,2147479028    ,0.000           ,313.945       ,0.000               ,-0.000              ,0.000           ,25741.97070       ,0.00000               ,0.000         ,0.000         ,0.000         ,0.000         ,-0.001        
15:29:27.249523     ,0.000       ,0.000       ,0.000       ,6.550       ,6.550       ,6.544       ,0.006       ,0.000       ,0.000          ,0.000       ,0.000       ,0.000       ,0.000       ,0.000       ,0.000       ,0.000       ,0.00000       ,2147479028    ,0.000           ,313.945       ,0.000               ,-0.000              ,0.000           ,25741.97070       ,0.00000               ,0.000         ,0.000         ,0.000         ,0.000         ,-0.003        
15:29:27.260367     ,0.000       ,0.000       ,0.000       ,6.540       ,6.540       ,6.544       ,-0.004      ,0.000       ,0.000          ,0.000       ,0.000       ,0.000       ,0.000       ,0.000       ,0.000       ,0.000       ,0.00000       ,2147479028    ,0.000           ,313.945       ,0.000               ,-0.000              ,0.000           ,25741.97070       ,0.00000               ,0.000         ,0.000         ,0.000         ,0.000         ,-0.001        
15:29:27.272876     ,0.879       ,0.000       ,18.669      ,6.550       ,6.550       ,6.544       ,0.006       ,0.000       ,0.000          ,0.000       ,0.000       ,0.000       ,0.000       ,0.000       ,0.000       ,0.000       ,0.00000       ,2147479028    ,0.000           ,313.945       ,0.000               ,-0.000              ,0.000           ,25741.97070       ,0.00000               ,0.000         ,0.000         ,0.000         ,0.000         ,-0.001        
15:29:27.279399     ,0.879       ,0.000       ,18.669      ,6.550       ,6.550       ,6.545       ,0.005       ,0.000       ,0.000          ,0.000       ,0.000       ,0.000       ,0.000       ,0.000       ,0.000       ,0.000       ,0.00000       ,2147479028    ,0.000           ,313.945       ,0.000               ,-0.000              ,0.000           ,25741.97070       ,0.00000               ,0.000         ,0.000         ,0.000         ,0.000         ,-0.001        
15:29:27.289470     ,0.879       ,0.000       ,18.669      ,6.540       ,6.540       ,6.544       ,-0.004      ,0.000       ,0.000          ,0.000       ,0.000       ,0.000       ,0.000       ,0.000       ,0.000       ,0.000       ,0.00000       ,2147479028    ,0.000           ,313.945       ,0.000               ,-0.000              ,0.000           ,25741.97070       ,0.00000               ,0.000         ,0.000         ,0.000         ,0.000         ,0.000         
15:29:27.299480     ,0.879       ,0.000       ,18.669      ,6.540       ,6.540       ,6.544       ,-0.004      ,0.000       ,0.000          ,0.000       ,0.000       ,0.000       ,0.000       ,0.000       ,0.000       ,0.000       ,0.00000       ,2147479028    ,0.000           ,313.945       ,0.000               ,-0.000              ,0.000           ,25741.97070       ,0.00000               ,0.000         ,0.000         ,0.000         ,0.000         ,0.000         
15:29:27.309458     ,0.879       ,0.000       ,18.669      ,6.540       ,6.540       ,6.544       ,-0.004      ,0.000       ,0.000          ,0.000       ,0.000       ,0.000       ,0.000       ,0.000       ,0.000       ,0.000       ,0.00000       ,2147479028    ,0.000           ,313.945       ,0.000               ,-0.000              ,0.000           ,25741.97070       ,0.00000               ,0.000         ,0.000         ,0.000         ,0.000         ,-0.001        
15:29:27.319426     ,0.879       ,0.000       ,18.669      ,6.550       ,6.550       ,6.544       ,0.006       ,0.000       ,0.000          ,0.000       ,0.000       ,0.000       ,0.000       ,0.000       ,0.000       ,0.000       ,0.00000       ,2147479028    ,0.000           ,313.945       ,0.000               ,-0.000              ,0.000           ,25741.97070       ,0.00000               ,0.000         ,0.000         ,0.000         ,0.000         ,0.000         
15:29:27.329577     ,0.879       ,0.000       ,18.669      ,6.550       ,6.550       ,6.544       ,0.006       ,0.000       ,0.000          ,0.000       ,0.000       ,0.000       ,0.000       ,0.000       ,0.000       ,0.000       ,0.00000       ,2147479028    ,0.000           ,313.945       ,0.000               ,-0.000              ,0.000           ,25741.97070       ,0.00000               ,0.000         ,0.000         ,0.000         ,0.000         ,0.000         
15:29:27.339653     ,0.879       ,0.000       ,18.669      ,6.540       ,6.540       ,6.544       ,-0.004      ,0.000       ,0.000          ,0.000       ,0.000       ,0.000       ,0.000       ,0.000       ,0.000       ,0.000       ,0.00000       ,2147479028    ,0.000           ,313.945       ,0.000               ,-0.000              ,0.000           ,25741.97070       ,0.00000               ,0.000         ,0.000         ,0.000         ,0.000         ,0.000         
15:29:27.349338     ,0.879       ,0.000       ,18.669      ,6.550       ,6.550       ,6.544       ,0.006       ,0.000       ,0.000          ,0.000       ,0.000       ,0.000       ,0.000       ,0.000       ,0.000       ,0.000       ,0.00000       ,2147479028    ,0.000           ,313.945       ,0.000               ,-0.000              ,0.000           ,25741.97070       ,0.00000               ,0.000         ,0.000         ,0.000         ,0.000         ,0.000         
15:29:27.361729     ,0.879       ,0.000       ,18.669      ,6.550       ,6.550       ,6.545       ,0.005       ,0.000       ,0.000          ,0.000       ,0.000       ,0.000       ,0.000       ,0.000       ,0.000       ,0.000       ,0.00000       ,2147479028    ,0.000           ,313.945       ,0.000               ,-0.000              ,0.000           ,25741.97070       ,0.00000               ,0.000         ,0.000         ,0.000         ,0.000         ,0.000         
15:29:27.373984     ,0.879       ,0.000       ,18.669      ,6.550       ,6.550       ,6.545       ,0.005       ,0.000       ,0.000          ,0.000       ,0.000       ,0.000       ,0.000       ,0.000       ,0.000       ,0.000       ,0.00000       ,2147479028    ,0.000           ,313.945       ,0.000               ,-0.000              ,0.000           ,25741.97070       ,0.00000               ,0.000         ,0.000         ,0.000         ,0.000         ,0.000         
15:29:27.379424     ,0.879       ,0.000       ,18.669      ,6.550       ,6.550       ,6.545       ,0.005       ,0.000       ,0.000          ,0.000       ,0.000       ,0.000       ,0.000       ,0.000       ,0.000       ,0.000       ,0.00000       ,2147479028    ,0.000           ,313.945       ,0.000               ,-0.000              ,0.000           ,25741.97070       ,0.00000               ,0.000         ,0.000         ,0.000         ,0.000         ,0.000         
15:29:27.389570     ,0.879       ,0.000       ,18.669      ,6.560       ,6.560       ,6.545       ,0.015       ,0.000       ,0.000          ,0.000       ,0.000       ,0.000       ,0.000       ,0.000       ,0.000       ,0.000       ,0.00000       ,2147479028    ,0.000           ,313.945       ,0.000               ,-0.000              ,0.000           ,25741.97070       ,0.00000               ,0.000         ,0.000         ,0.000         ,0.000         ,0.000         
15:29:27.399368     ,0.879       ,0.000       ,18.669      ,6.540       ,6.540       ,6.545       ,-0.005      ,0.000       ,0.000          ,0.000       ,0.000       ,0.000       ,0.000       ,0.000       ,0.000       ,0.000       ,0.00000       ,2147479028    ,0.000           ,313.945       ,0.000               ,-0.000              ,0.000           ,25741.97070       ,0.00000               ,0.000         ,0.000         ,0.000         ,0.000         ,0.005         
15:29:27.409400     ,0.879       ,0.000       ,18.669      ,6.560       ,6.560       ,6.546       ,0.014       ,0.000       ,0.000          ,0.000       ,0.000       ,0.000       ,0.000       ,0.000       ,0.000       ,0.000       ,0.00000       ,2147479028    ,0.000           ,313.945       ,0.000               ,-0.000              ,0.000           ,25741.97070       ,0.00000               ,0.000         ,0.000         ,0.000         ,0.000         ,0.000         
15:29:27.420325     ,0.879       ,0.000       ,18.669      ,6.540       ,6.540       ,6.546       ,-0.006      ,0.000       ,0.000          ,0.000       ,0.000       ,0.000       ,0.000       ,0.000       ,0.000       ,0.000       ,0.00000       ,2147479028    ,0.000           ,313.945       ,0.000               ,-0.000              ,0.000           ,25741.97070       ,0.00000               ,0.000         ,0.000         ,0.000         ,0.000         ,-0.001        
15:29:27.429444     ,0.879       ,0.000       ,18.669      ,6.550       ,6.550       ,6.546       ,0.004       ,0.000       ,0.000          ,0.000       ,0.000       ,0.000       ,0.000       ,0.000       ,0.000       ,0.000       ,0.00000       ,2147479028    ,0.000           ,313.945       ,0.000               ,-0.000              ,0.000           ,25741.97070       ,0.00000               ,0.000         ,0.000         ,0.000         ,0.000         ,-0.006        
15:29:27.439472     ,0.879       ,0.000       ,18.669      ,6.540       ,6.540       ,6.546       ,-0.006      ,0.000       ,0.000          ,0.000       ,0.000       ,0.000       ,0.000       ,0.000       ,0.000       ,0.000       ,0.00000       ,2147479028    ,0.000           ,313.945       ,0.000               ,-0.000              ,0.000           ,25741.97070       ,0.00000               ,0.000         ,0.000         ,0.000         ,0.000         ,0.001         
15:29:27.449420     ,0.879       ,0.000       ,18.669      ,6.540       ,6.540       ,6.545       ,-0.005      ,0.000       ,0.000          ,0.000       ,0.000       ,0.000       ,0.000       ,0.000       ,0.000       ,0.000       ,0.00000       ,2147479028    ,0.000           ,313.945       ,0.000               ,-0.000              ,0.000           ,25741.97070       ,0.00000               ,0.000         ,0.000         ,0.000         ,0.000         ,0.000         
15:29:27.460314     ,0.879       ,0.000       ,18.669      ,6.540       ,6.540       ,6.545       ,-0.005      ,0.000       ,0.000          ,0.000       ,0.000       ,0.000       ,0.000       ,0.000       ,0.000       ,0.000       ,0.00000       ,2147479028    ,0.000           ,313.945       ,0.000               ,-0.000              ,0.000           ,25741.97070       ,0.00000               ,0.000         ,0.000         ,0.000         ,0.000         ,-0.003        
15:29:27.472963     ,0.881       ,0.000       ,18.685      ,6.550       ,6.550       ,6.545       ,0.005       ,0.000       ,0.000          ,0.000       ,0.000       ,0.000       ,0.000       ,0.000       ,0.000       ,0.000       ,0.00000       ,2147479028    ,0.000           ,313.945       ,0.000               ,-0.000              ,0.000           ,25741.97070       ,0.00000               ,0.000         ,0.000         ,0.000         ,0.000         ,-0.001        
15:29:27.479456     ,0.881       ,0.000       ,18.685      ,6.540       ,6.540       ,6.545       ,-0.005      ,0.000       ,0.000          ,0.000       ,0.000       ,0.000       ,0.000       ,0.000       ,0.000       ,0.000       ,0.00000       ,2147479028    ,0.000           ,313.945       ,0.000               ,-0.000              ,0.000           ,25741.97070       ,0.00000               ,0.000         ,0.000         ,0.000         ,0.000         ,-0.001        
15:29:27.489329     ,0.881       ,0.000       ,18.685      ,6.550       ,6.550       ,6.545       ,0.005       ,0.000       ,0.000          ,0.000       ,0.000       ,0.000       ,0.000       ,0.000       ,0.000       ,0.000       ,0.00000       ,2147479028    ,0.000           ,313.945       ,0.000               ,-0.000              ,0.000           ,25741.97070       ,0.00000               ,0.000         ,0.000         ,0.000         ,0.000         ,0.000         
15:29:27.499617     ,0.881       ,0.000       ,18.685      ,6.540       ,6.540       ,6.545       ,-0.005      ,0.000       ,0.000          ,0.000       ,0.000       ,0.000       ,0.000       ,0.000       ,0.000       ,0.000       ,0.00000       ,2147479028    ,0.000           ,313.945       ,0.000               ,-0.000              ,0.000           ,25741.97070       ,0.00000               ,0.000         ,0.000         ,0.000         ,0.000         ,-0.001        
15:29:27.509586     ,0.881       ,0.000       ,18.685      ,6.550       ,6.550       ,6.545       ,0.005       ,0.000       ,0.000          ,0.000       ,0.000       ,0.000       ,0.000       ,0.000       ,0.000       ,0.000       ,0.00000       ,2147479028    ,0.000           ,313.945       ,0.000               ,-0.000              ,0.000           ,25741.97070       ,0.00000               ,0.000         ,0.000         ,0.000         ,0.000         ,0.000         
15:29:27.519667     ,0.881       ,0.000       ,18.685      ,6.540       ,6.540       ,6.545       ,-0.005      ,0.000       ,0.000          ,0.000       ,0.000       ,0.000       ,0.000       ,0.000       ,0.000       ,0.000       ,0.00000       ,2147479028    ,0.000           ,313.945       ,0.000               ,-0.000              ,0.000           ,25741.97070       ,0.00000               ,0.000         ,0.000         ,0.000         ,0.000         ,-0.001        
15:29:27.530707     ,0.881       ,0.000       ,18.685      ,6.550       ,6.550       ,6.545       ,0.005       ,0.000       ,0.000          ,0.000       ,0.000       ,0.000       ,0.000       ,0.000       ,0.000       ,0.000       ,0.00000       ,2147479028    ,0.000           ,313.945       ,0.000               ,-0.000              ,0.000           ,25741.97070       ,0.00000               ,0.000         ,0.000         ,0.000         ,0.000         ,0.000         
15:29:27.539659     ,0.881       ,0.000       ,18.685      ,6.550       ,6.550       ,6.545       ,0.005       ,0.000       ,0.000          ,0.000       ,0.000       ,0.000       ,0.000       ,0.000       ,0.000       ,0.000       ,0.00000       ,2147479028    ,0.000           ,313.945       ,0.000               ,-0.000              ,0.000           ,25741.97070       ,0.00000               ,0.000         ,0.000         ,0.000         ,0.000         ,0.000         
15:29:27.549409     ,0.881       ,0.000       ,18.685      ,6.540       ,6.540       ,6.545       ,-0.005      ,0.000       ,0.000          ,0.000       ,0.000       ,0.000       ,0.000       ,0.000       ,0.000       ,0.000       ,0.00000       ,2147479028    ,0.000           ,313.945       ,0.000               ,-0.000              ,0.000           ,25741.97070       ,0.00000               ,0.000         ,0.000         ,0.000         ,0.000         ,-0.001        
15:29:27.561192     ,0.881       ,0.000       ,18.685      ,6.540       ,6.540       ,6.545       ,-0.005      ,0.000       ,0.000          ,0.000       ,0.000       ,0.000       ,0.000       ,0.000       ,0.000       ,0.000       ,0.00000       ,2147479028    ,0.000           ,313.945       ,0.000               ,-0.000              ,0.000           ,25741.97070       ,0.00000               ,0.000         ,0.000         ,0.000         ,0.000         ,-0.001        
15:29:27.573691     ,0.883       ,0.000       ,18.669      ,6.550       ,6.550       ,6.545       ,0.005       ,0.000       ,0.000          ,0.000       ,0.000       ,0.000       ,0.000       ,0.000       ,0.000       ,0.000       ,0.00000       ,2147479028    ,0.000           ,313.945       ,0.000               ,-0.000              ,0.000           ,25741.97070       ,0.00000               ,0.000         ,0.000         ,0.000         ,0.000         ,0.004         
15:29:27.579688     ,0.883       ,0.000       ,18.669      ,6.550       ,6.550       ,6.545       ,0.005       ,0.000       ,0.000          ,0.000       ,0.000       ,0.000       ,0.000       ,0.000       ,0.000       ,0.000       ,0.00000       ,2147479028    ,0.000           ,313.945       ,0.000               ,-0.000              ,0.000           ,25741.97070       ,0.00000               ,0.000         ,0.000         ,0.000         ,0.000         ,0.004         
15:29:27.589528     ,0.883       ,0.000       ,18.669      ,6.550       ,6.550       ,6.545       ,0.005       ,0.000       ,0.000          ,0.000       ,0.000       ,0.000       ,0.000       ,0.000       ,0.000       ,0.000       ,0.00000       ,2147479028    ,0.000           ,313.945       ,0.000               ,-0.000              ,0.000           ,25741.97070       ,0.00000               ,0.000         ,0.000         ,0.000         ,0.000         ,-0.001        
15:29:27.599618     ,0.883       ,0.000       ,18.669      ,6.540       ,6.540       ,6.545       ,-0.005      ,0.000       ,0.000          ,0.000       ,0.000       ,0.000       ,0.000       ,0.000       ,0.000       ,0.000       ,0.00000       ,2147479028    ,0.000           ,313.945       ,0.000               ,-0.000              ,0.000           ,25741.97070       ,0.00000               ,0.000         ,0.000         ,0.000         ,0.000         ,0.000         
15:29:27.610169     ,0.883       ,0.000       ,18.669      ,6.550       ,6.550       ,6.545       ,0.005       ,0.000       ,0.000          ,0.000       ,0.000       ,0.000       ,0.000       ,0.000       ,0.000       ,0.000       ,0.00000       ,2147479028    ,0.000           ,313.945       ,0.000               ,-0.000              ,0.000           ,25741.97070       ,0.00000               ,0.000         ,0.000         ,0.000         ,0.000         ,0.000         
15:29:27.619825     ,0.883       ,0.000       ,18.669      ,6.540       ,6.540       ,6.545       ,-0.005      ,0.000       ,0.000          ,0.000       ,0.000       ,0.000       ,0.000       ,0.000       ,0.000       ,0.000       ,0.00000       ,2147479028    ,0.000           ,313.945       ,0.000               ,-0.000              ,0.000           ,25741.97070       ,0.00000               ,0.000         ,0.000         ,0.000         ,0.000         ,0.001         
15:29:27.629512     ,0.883       ,0.000       ,18.669      ,6.550       ,6.550       ,6.545       ,0.005       ,0.000       ,0.000          ,0.000       ,0.000       ,0.000       ,0.000       ,0.000       ,0.000       ,0.000       ,0.00000       ,2147479028    ,0.000           ,313.945       ,0.000               ,-0.000              ,0.000           ,25741.97070       ,0.00000               ,0.000         ,0.000         ,0.000         ,0.000         ,0.000         
15:29:27.639746     ,0.883       ,0.000       ,18.669      ,6.540       ,6.540       ,6.545       ,-0.005      ,0.000       ,0.000          ,0.000       ,0.000       ,0.000       ,0.000       ,0.000       ,0.000       ,0.000       ,0.00000       ,2147479028    ,0.000           ,313.945       ,0.000               ,-0.000              ,0.000           ,25741.97070       ,0.00000               ,0.000         ,0.000         ,0.000         ,0.000         ,0.000         
15:29:27.649445     ,0.883       ,0.000       ,18.669      ,6.550       ,6.550       ,6.545       ,0.005       ,0.000       ,0.000          ,0.000       ,0.000       ,0.000       ,0.000       ,0.000       ,0.000       ,0.000       ,0.00000       ,2147479028    ,0.000           ,313.945       ,0.000               ,-0.000              ,0.000           ,25741.97070       ,0.00000               ,0.000         ,0.000         ,0.000         ,0.000         ,0.000         
15:29:27.661340     ,0.883       ,0.000       ,18.669      ,6.540       ,6.540       ,6.545       ,-0.005      ,0.000       ,0.000          ,0.000       ,0.000       ,0.000       ,0.000       ,0.000       ,0.000       ,0.000       ,0.00000       ,2147479028    ,0.000           ,313.945       ,0.000               ,-0.000              ,0.000           ,25741.97070       ,0.00000               ,0.000         ,0.000         ,0.000         ,0.000         ,0.000         
15:29:27.673044     ,0.000       ,0.000       ,0.000       ,6.540       ,6.540       ,6.545       ,-0.005      ,0.000       ,0.000          ,0.000       ,0.000       ,0.000       ,0.000       ,0.000       ,0.000       ,0.000       ,0.00000       ,2147479028    ,0.000           ,313.945       ,0.000               ,-0.000              ,0.000           ,25741.97070       ,0.00000               ,0.000         ,0.000         ,0.000         ,0.000         ,0.000         
15:29:27.679848     ,0.000       ,0.000       ,0.000       ,6.540       ,6.540       ,6.545       ,-0.005      ,0.000       ,0.000          ,0.000       ,0.000       ,0.000       ,0.000       ,0.000       ,0.000       ,0.000       ,0.00000       ,2147479028    ,0.000           ,313.945       ,0.000               ,-0.000              ,0.000           ,25741.97070       ,0.00000               ,0.000         ,0.000         ,0.000         ,0.000         ,0.000         
15:29:27.689476     ,0.000       ,0.000       ,0.000       ,6.550       ,6.550       ,6.545       ,0.005       ,0.000       ,0.000          ,0.000       ,0.000       ,0.000       ,0.000       ,0.000       ,0.000       ,0.000       ,0.00000       ,2147479028    ,0.000           ,313.945       ,0.000               ,-0.000              ,0.000           ,25741.97070       ,0.00000               ,0.000         ,0.000         ,0.000         ,0.000         ,-0.001        
15:29:27.699789     ,0.000       ,0.000       ,0.000       ,6.540       ,6.540       ,6.545       ,-0.005      ,0.000       ,0.000          ,0.000       ,0.000       ,0.000       ,0.000       ,0.000       ,0.000       ,0.000       ,0.00000       ,2147479028    ,0.000           ,313.945       ,0.000               ,-0.000              ,0.000           ,25741.97070       ,0.00000               ,0.000         ,0.000         ,0.000         ,0.000         ,-0.003        
15:29:27.710099     ,0.000       ,0.000       ,0.000       ,6.550       ,6.550       ,6.545       ,0.005       ,0.000       ,0.000          ,0.000       ,0.000       ,0.000       ,0.000       ,0.000       ,0.000       ,0.000       ,0.00000       ,2147479028    ,0.000           ,313.945       ,0.000               ,-0.000              ,0.000           ,25741.97070       ,0.00000               ,0.000         ,0.000         ,0.000         ,0.000         ,0.000         
15:29:27.720615     ,0.000       ,0.000       ,0.000       ,6.540       ,6.540       ,6.545       ,-0.005      ,0.000       ,0.000          ,0.000       ,0.000       ,0.000       ,0.000       ,0.000       ,0.000       ,0.000       ,0.00000       ,2147479028    ,0.000           ,313.945       ,0.000               ,-0.000              ,0.000           ,25741.97070       ,0.00000               ,0.000         ,0.000         ,0.000         ,0.000         ,0.000         
15:29:27.729334     ,0.000       ,0.000       ,0.000       ,6.560       ,6.560       ,6.545       ,0.015       ,0.000       ,0.000          ,0.000       ,0.000       ,0.000       ,0.000       ,0.000       ,0.000       ,0.000       ,0.00000       ,2147479028    ,0.000           ,313.945       ,0.000               ,-0.000              ,0.000           ,25741.97070       ,0.00000               ,0.000         ,0.000         ,0.000         ,0.000         ,0.000         
15:29:27.740013     ,0.000       ,0.000       ,0.000       ,6.550       ,6.550       ,6.545       ,0.005       ,0.000       ,0.000          ,0.000       ,0.000       ,0.000       ,0.000       ,0.000       ,0.000       ,0.000       ,0.00000       ,2147479028    ,0.000           ,313.945       ,0.000               ,-0.000              ,0.000           ,25741.97070       ,0.00000               ,0.000         ,0.000         ,0.000         ,0.000         ,0.001         
15:29:27.749526     ,0.000       ,0.000       ,0.000       ,6.540       ,6.540       ,6.545       ,-0.005      ,0.000       ,0.000          ,0.000       ,0.000       ,0.000       ,0.000       ,0.000       ,0.000       ,0.000       ,0.00000       ,2147479028    ,0.000           ,313.945       ,0.000               ,-0.000              ,0.000           ,25741.97070       ,0.00000               ,0.000         ,0.000         ,0.000         ,0.000         ,0.000         
15:29:27.761384     ,0.000       ,0.000       ,0.000       ,6.540       ,6.540       ,6.545       ,-0.005      ,0.000       ,0.000          ,0.000       ,0.000       ,0.000       ,0.000       ,0.000       ,0.000       ,0.000       ,0.00000       ,2147479028    ,0.000           ,313.945       ,0.000               ,-0.000              ,0.000           ,25741.97070       ,0.00000               ,0.000         ,0.000         ,0.000         ,0.000         ,0.000         
15:29:27.773061     ,0.876       ,0.000       ,18.669      ,6.560       ,6.560       ,6.545       ,0.015       ,0.000       ,0.000          ,0.000       ,0.000       ,0.000       ,0.000       ,0.000       ,0.000       ,0.000       ,0.00000       ,2147479029    ,0.000           ,314.033       ,0.000               ,-0.000              ,0.000           ,25741.97266       ,0.00000               ,0.000         ,0.000         ,0.000         ,0.000         ,0.000         
15:29:27.780362     ,0.876       ,0.000       ,18.669      ,6.550       ,6.550       ,6.545       ,0.005       ,0.000       ,0.000          ,0.000       ,0.000       ,0.000       ,0.000       ,0.000       ,0.000       ,0.000       ,0.00000       ,2147479029    ,0.000           ,314.033       ,0.000               ,-0.000              ,0.000           ,25741.97266       ,0.00000               ,0.000         ,0.000         ,0.000         ,0.000         ,0.000         
15:29:27.789441     ,0.876       ,0.000       ,18.669      ,6.560       ,6.560       ,6.545       ,0.015       ,0.000       ,0.000          ,0.000       ,0.000       ,0.000       ,0.000       ,0.000       ,0.000       ,0.000       ,0.00000       ,2147479030    ,0.000           ,314.121       ,0.000               ,-0.000              ,0.000           ,25741.97266       ,0.00000               ,0.000         ,0.000         ,0.000         ,0.000         ,-0.001        
15:29:27.799302     ,0.876       ,0.000       ,18.669      ,6.550       ,6.550       ,6.545       ,0.005       ,0.000       ,0.000          ,0.000       ,0.000       ,0.000       ,0.000       ,0.000       ,0.000       ,0.000       ,0.00000       ,2147479030    ,0.000           ,314.121       ,0.000               ,-0.000              ,0.000           ,25741.97266       ,0.00000               ,0.000         ,0.000         ,0.000         ,0.000         ,0.003         
15:29:27.810841     ,0.876       ,0.000       ,18.669      ,6.550       ,6.550       ,6.545       ,0.005       ,0.000       ,0.000          ,0.000       ,0.000       ,0.000       ,0.000       ,0.000       ,0.000       ,0.000       ,0.00000       ,2147479031    ,0.000           ,314.209       ,0.000               ,-0.000              ,0.000           ,25741.97266       ,0.00000               ,0.000         ,0.000         ,0.000         ,0.000         ,0.000         
15:29:27.820000     ,0.876       ,0.000       ,18.669      ,6.550       ,6.550       ,6.545       ,0.005       ,0.000       ,0.000          ,0.000       ,0.000       ,0.000       ,0.000       ,0.000       ,0.000       ,0.000       ,0.00000       ,2147479032    ,0.000           ,314.297       ,0.400               ,-0.001              ,0.000           ,25741.97266       ,0.00000               ,0.000         ,0.000         ,0.000         ,0.000         ,0.000         
15:29:27.829379     ,0.876       ,0.000       ,18.669      ,6.550       ,6.550       ,6.545       ,0.005       ,0.000       ,0.000          ,0.000       ,0.000       ,0.000       ,0.000       ,0.000       ,0.000       ,0.000       ,0.00000       ,2147479034    ,0.000           ,314.473       ,0.800               ,-0.003              ,0.000           ,25741.97461       ,0.00000               ,0.000         ,0.000         ,0.000         ,0.000         ,-0.001        
15:29:27.839439     ,0.876       ,0.000       ,18.669      ,6.570       ,6.570       ,6.545       ,0.025       ,0.000       ,0.000          ,0.000       ,0.000       ,0.000       ,0.000       ,0.000       ,0.000       ,0.000       ,0.00000       ,2147479035    ,0.001           ,314.561       ,1.000               ,-0.003              ,0.000           ,25741.97461       ,0.00000               ,0.000         ,0.000         ,0.000         ,0.000         ,-0.001        
15:29:27.849361     ,0.876       ,0.000       ,18.669      ,6.570       ,6.570       ,6.545       ,0.025       ,0.000       ,0.000          ,0.000       ,0.000       ,0.000       ,0.000       ,0.000       ,0.000       ,0.000       ,0.00000       ,2147479037    ,0.001           ,314.736       ,1.000               ,-0.003              ,0.000           ,25741.97461       ,0.00000               ,0.000         ,0.000         ,0.000         ,0.000         ,-0.001        
15:29:27.860361     ,0.876       ,0.000       ,18.669      ,6.560       ,6.560       ,6.545       ,0.015       ,0.000       ,0.000          ,0.000       ,0.000       ,0.000       ,0.000       ,0.000       ,0.000       ,0.000       ,0.00000       ,2147479038    ,0.001           ,314.824       ,1.000               ,-0.003              ,0.000           ,25741.97656       ,0.00000               ,0.000         ,0.000         ,0.000         ,0.000         ,0.000         
15:29:27.873092     ,0.000       ,0.000       ,0.000       ,6.570       ,6.570       ,6.545       ,0.025       ,0.000       ,0.000          ,0.000       ,0.000       ,0.000       ,0.000       ,0.000       ,0.000       ,0.000       ,0.00000       ,2147479040    ,0.001           ,315.000       ,1.000               ,-0.003              ,0.000           ,25741.97656       ,0.00000               ,0.000         ,0.000         ,0.000         ,0.000         ,0.000         
15:29:27.879571     ,0.000       ,0.000       ,0.000       ,6.560       ,6.560       ,6.545       ,0.015       ,0.000       ,0.000          ,0.000       ,0.000       ,0.000       ,0.000       ,0.000       ,0.000       ,0.000       ,0.00000       ,2147479043    ,0.001           ,315.264       ,1.400               ,-0.005              ,0.000           ,25741.97852       ,0.00000               ,0.000         ,0.000         ,0.000         ,0.000         ,0.000         
15:29:27.889497     ,0.000       ,0.000       ,0.000       ,6.570       ,6.570       ,6.545       ,0.025       ,0.000       ,0.000          ,0.000       ,0.000       ,0.000       ,0.000       ,0.000       ,0.000       ,0.000       ,0.00000       ,2147479045    ,0.001           ,315.439       ,1.800               ,-0.006              ,0.000           ,25741.97852       ,0.00000               ,0.000         ,0.000         ,0.000         ,0.000         ,0.000         
15:29:27.899569     ,0.000       ,0.000       ,0.000       ,6.570       ,6.570       ,6.545       ,0.025       ,0.000       ,0.000          ,0.000       ,0.000       ,0.000       ,0.000       ,0.000       ,0.000       ,0.000       ,0.00000       ,2147479048    ,0.002           ,315.703       ,2.000               ,-0.007              ,0.000           ,25741.97852       ,0.00000               ,0.000         ,0.000         ,0.000         ,0.000         ,0.000         
15:29:27.909440     ,0.000       ,0.000       ,0.000       ,6.570       ,6.570       ,6.545       ,0.025       ,0.000       ,0.000          ,0.000       ,0.000       ,0.000       ,0.000       ,0.000       ,0.000       ,0.000       ,0.00000       ,2147479051    ,0.002           ,315.967       ,2.400               ,-0.008              ,0.000           ,25741.98047       ,0.00000               ,0.000         ,0.000         ,0.000         ,0.000         ,0.000         
15:29:27.919489     ,0.000       ,0.000       ,0.000       ,6.570       ,6.570       ,6.545       ,0.025       ,0.000       ,0.000          ,0.000       ,0.000       ,0.000       ,0.000       ,0.000       ,0.000       ,0.000       ,0.00000       ,2147479055    ,0.002           ,316.318       ,2.800               ,-0.010              ,0.000           ,25741.98047       ,0.00000               ,0.000         ,0.000         ,0.000         ,0.000         ,0.000         
15:29:27.929422     ,0.000       ,0.000       ,0.000       ,6.590       ,6.590       ,6.545       ,0.045       ,0.000       ,0.000          ,0.000       ,0.000       ,0.000       ,0.000       ,0.000       ,0.000       ,0.000       ,0.00000       ,2147479058    ,0.002           ,316.582       ,3.000               ,-0.010              ,0.000           ,25741.98242       ,0.00000               ,0.000         ,0.000         ,0.000         ,0.000         ,-0.001        
15:29:27.939742     ,0.000       ,0.000       ,0.000       ,6.570       ,6.570       ,6.545       ,0.025       ,0.000       ,0.000          ,0.000       ,0.000       ,0.000       ,0.000       ,0.000       ,0.000       ,0.000       ,0.00000       ,2147479062    ,0.003           ,316.934       ,3.400               ,-0.012              ,0.000           ,25741.98438       ,0.00000               ,0.000         ,0.000         ,0.000         ,0.000         ,0.000         
15:29:27.949379     ,0.000       ,0.000       ,0.000       ,6.590       ,6.590       ,6.545       ,0.045       ,0.000       ,0.000          ,0.000       ,0.000       ,0.000       ,0.000       ,0.000       ,0.000       ,0.000       ,0.00000       ,2147479066    ,0.003           ,317.285       ,3.800               ,-0.013              ,0.000           ,25741.98633       ,0.00000               ,0.000         ,0.000         ,0.000         ,0.000         ,0.000         
15:29:27.960343     ,0.000       ,0.000       ,0.000       ,6.590       ,6.590       ,6.545       ,0.045       ,0.000       ,0.000          ,0.000       ,0.000       ,0.000       ,0.000       ,0.000       ,0.000       ,0.000       ,0.00000       ,2147479071    ,0.003           ,317.725       ,4.200               ,-0.015              ,0.000           ,25741.98633       ,0.00000               ,0.000         ,0.000         ,0.000         ,0.000         ,0.000         
15:29:27.972798     ,0.881       ,0.000       ,18.652      ,6.610       ,6.610       ,6.545       ,0.065       ,0.000       ,0.000          ,0.000       ,0.000       ,0.000       ,0.000       ,0.000       ,0.000       ,0.000       ,0.00000       ,2147479075    ,0.004           ,318.076       ,4.800               ,-0.017              ,0.000           ,25741.98828       ,0.00000               ,0.000         ,0.000         ,0.000         ,0.000         ,0.000         
15:29:27.979491     ,0.881       ,0.000       ,18.652      ,6.570       ,6.570       ,6.545       ,0.025       ,0.000       ,0.000          ,0.000       ,0.000       ,0.000       ,0.000       ,0.000       ,0.000       ,0.000       ,0.00000       ,2147479080    ,0.004           ,318.516       ,5.000               ,-0.017              ,0.000           ,25741.99023       ,0.00000               ,0.000         ,0.000         ,0.000         ,0.000         ,0.000         
15:29:27.989468     ,0.881       ,0.000       ,18.652      ,6.570       ,6.570       ,6.545       ,0.025       ,0.000       ,0.000          ,0.000       ,0.000       ,0.000       ,0.000       ,0.000       ,0.000       ,0.000       ,0.00000       ,2147479085    ,0.004           ,318.955       ,5.400               ,-0.019              ,0.000           ,25741.99219       ,0.00000               ,0.000         ,0.000         ,0.000         ,0.000         ,0.000         
15:29:27.999415     ,0.881       ,0.000       ,18.652      ,6.600       ,6.600       ,6.545       ,0.055       ,0.000       ,0.000          ,0.000       ,0.000       ,0.000       ,0.000       ,0.000       ,0.000       ,0.000       ,0.00000       ,2147479091    ,0.005           ,319.482       ,5.800               ,-0.020              ,0.000           ,25741.99414       ,0.00000               ,0.000         ,0.000         ,0.000         ,0.000         ,0.000         
15:29:28.009461     ,0.881       ,0.000       ,18.652      ,6.600       ,6.600       ,6.545       ,0.055       ,0.000       ,0.000          ,0.000       ,0.000       ,0.000       ,0.000       ,0.000       ,0.000       ,0.000       ,0.00000       ,2147479097    ,0.005           ,320.010       ,6.400               ,-0.022              ,0.000           ,25741.99609       ,0.00000               ,0.000         ,0.000         ,0.000         ,0.000         ,-0.001        
15:29:28.019768     ,0.881       ,0.000       ,18.652      ,6.570       ,6.570       ,6.545       ,0.025       ,0.000       ,0.000          ,0.000       ,0.000       ,0.000       ,0.000       ,0.000       ,0.000       ,0.000       ,0.00000       ,2147479103    ,0.006           ,320.537       ,6.800               ,-0.024              ,0.000           ,25741.99805       ,0.00000               ,0.000         ,0.000         ,0.000         ,0.000         ,-0.001        
15:29:28.029727     ,0.881       ,0.000       ,18.652      ,6.600       ,6.600       ,6.545       ,0.055       ,0.000       ,0.000          ,0.000       ,0.000       ,0.000       ,0.000       ,0.000       ,0.000       ,0.000       ,0.00000       ,2147479110    ,0.006           ,321.152       ,7.400               ,-0.026              ,0.000           ,25742.00195       ,0.00000               ,0.000         ,0.000         ,0.000         ,0.000         ,-0.001        
15:29:28.040500     ,0.881       ,0.000       ,18.652      ,6.620       ,6.620       ,6.545       ,0.075       ,0.000       ,0.000          ,0.000       ,0.000       ,0.000       ,0.000       ,0.000       ,0.000       ,0.000       ,0.00000       ,2147479117    ,0.007           ,321.768       ,7.800               ,-0.027              ,0.000           ,25742.00391       ,0.00000               ,0.000         ,0.000         ,0.000         ,0.000         ,0.000         
15:29:28.050671     ,0.881       ,0.000       ,18.652      ,6.600       ,6.600       ,6.545       ,0.055       ,0.000       ,0.000          ,0.000       ,0.000       ,0.000       ,0.000       ,0.000       ,0.000       ,0.000       ,0.00000       ,2147479125    ,0.007           ,322.471       ,8.600               ,-0.030              ,0.000           ,25742.00586       ,0.00000               ,0.000         ,0.000         ,0.000         ,0.000         ,0.000         
15:29:28.062689     ,0.881       ,0.000       ,18.652      ,6.600       ,6.600       ,6.545       ,0.055       ,0.000       ,0.000          ,0.000       ,0.000       ,0.000       ,0.000       ,0.000       ,0.000       ,0.000       ,0.00000       ,2147479133    ,0.008           ,323.174       ,9.200               ,-0.032              ,0.000           ,25742.00977       ,0.00000               ,0.000         ,0.000         ,0.000         ,0.000         ,-0.001        
15:29:28.074044     ,0.881       ,0.000       ,18.718      ,6.570       ,6.570       ,6.545       ,0.025       ,0.000       ,0.000          ,0.000       ,0.000       ,0.000       ,0.000       ,0.000       ,0.000       ,0.000       ,0.00000       ,2147479141    ,0.009           ,323.877       ,10.200              ,-0.036              ,0.000           ,25742.01367       ,0.00000               ,0.000         ,0.000         ,0.000         ,0.000         ,0.003         
15:29:28.079479     ,0.881       ,0.000       ,18.718      ,6.560       ,6.560       ,6.545       ,0.015       ,0.000       ,0.000          ,0.000       ,0.000       ,0.000       ,0.000       ,0.000       ,0.000       ,0.000       ,0.00000       ,2147479150    ,0.009           ,324.668       ,10.800              ,-0.038              ,0.000           ,25742.01562       ,0.00000               ,0.000         ,0.000         ,0.000         ,0.000         ,0.003         
15:29:28.090786     ,0.881       ,0.000       ,18.718      ,6.550       ,6.550       ,6.545       ,0.005       ,0.000       ,0.000          ,0.000       ,0.000       ,0.000       ,0.000       ,0.000       ,0.000       ,0.000       ,0.00000       ,2147479159    ,0.010           ,325.459       ,11.200              ,-0.039              ,0.000           ,25742.01953       ,0.00000               ,0.000         ,0.000         ,0.000         ,0.000         ,0.001         
15:29:28.101800     ,0.881       ,0.000       ,18.718      ,6.550       ,6.550       ,6.545       ,0.005       ,0.000       ,0.000          ,0.000       ,0.000       ,0.000       ,0.000       ,0.000       ,0.000       ,0.000       ,0.00000       ,2147479169    ,0.011           ,326.338       ,11.800              ,-0.041              ,0.000           ,25742.02148       ,0.00000               ,0.000         ,0.000         ,0.000         ,0.000         ,-0.001        
15:29:28.110725     ,0.881       ,0.000       ,18.718      ,6.540       ,6.540       ,6.545       ,-0.005      ,0.000       ,0.000          ,0.000       ,0.000       ,0.000       ,0.000       ,0.000       ,0.000       ,0.000       ,0.00000       ,2147479179    ,0.012           ,327.217       ,12.600              ,-0.044              ,0.000           ,25742.02539       ,0.00000               ,0.000         ,0.000         ,0.000         ,0.000         ,0.000         
15:29:28.120746     ,0.881       ,0.000       ,18.718      ,6.530       ,6.530       ,6.545       ,-0.015      ,0.000       ,0.000          ,0.000       ,0.000       ,0.000       ,0.000       ,0.000       ,0.000       ,0.000       ,0.00000       ,2147479190    ,0.012           ,328.184       ,13.200              ,-0.046              ,0.000           ,25742.02930       ,0.00000               ,0.000         ,0.000         ,0.000         ,0.000         ,0.000         
15:29:28.130818     ,0.881       ,0.000       ,18.718      ,6.510       ,6.510       ,6.545       ,-0.035      ,0.000       ,0.000          ,0.000       ,0.000       ,0.000       ,0.000       ,0.000       ,0.000       ,0.000       ,0.00000       ,2147479201    ,0.013           ,329.150       ,13.800              ,-0.048              ,0.000           ,25742.03320       ,0.00000               ,0.000         ,0.000         ,0.000         ,0.000         ,-0.001        
15:29:28.139808     ,0.881       ,0.000       ,18.718      ,6.530       ,6.530       ,6.545       ,-0.015      ,0.000       ,0.000          ,0.000       ,0.000       ,0.000       ,0.000       ,0.000       ,0.000       ,0.000       ,0.00000       ,2147479212    ,0.014           ,330.117       ,15.200              ,-0.053              ,0.000           ,25742.03711       ,0.00000               ,0.000         ,0.000         ,0.000         ,0.000         ,0.001         
15:29:28.150775     ,0.881       ,0.000       ,18.718      ,6.550       ,6.550       ,6.545       ,0.005       ,0.000       ,0.000          ,0.000       ,0.000       ,0.000       ,0.000       ,0.000       ,0.000       ,0.000       ,0.00000       ,2147479224    ,0.015           ,331.172       ,15.600              ,-0.054              ,0.000           ,25742.04102       ,0.00000               ,0.000         ,0.000         ,0.000         ,0.000         ,-0.001        
15:29:28.163026     ,0.881       ,0.000       ,18.718      ,6.540       ,6.540       ,6.545       ,-0.005      ,0.000       ,0.000          ,0.000       ,0.000       ,0.000       ,0.000       ,0.000       ,0.000       ,0.000       ,0.00000       ,2147479236    ,0.016           ,332.227       ,16.200              ,-0.057              ,0.000           ,25742.04688       ,0.00000               ,0.000         ,0.000         ,0.000         ,0.000         ,0.000         
15:29:28.175965     ,0.883       ,0.000       ,18.685      ,6.570       ,6.570       ,6.545       ,0.025       ,0.000       ,0.000          ,0.000       ,0.000       ,0.000       ,0.000       ,0.000       ,0.000       ,0.000       ,0.00000       ,2147479249    ,0.017           ,333.369       ,17.200              ,-0.060              ,0.000           ,25742.04883       ,0.00000               ,0.000         ,0.000         ,0.000         ,0.000         ,0.000         
15:29:28.181415     ,0.883       ,0.000       ,18.685      ,6.590       ,6.590       ,6.545       ,0.045       ,0.000       ,0.000          ,0.000       ,0.000       ,0.000       ,0.000       ,0.000       ,0.000       ,0.000       ,0.00000       ,2147479262    ,0.018           ,334.512       ,18.200              ,-0.064              ,0.000           ,25742.05469       ,0.00000               ,0.000         ,0.000         ,0.000         ,0.000         ,0.000         
15:29:28.190771     ,0.883       ,0.000       ,18.685      ,6.570       ,6.570       ,6.545       ,0.025       ,0.000       ,0.000          ,0.000       ,0.000       ,0.000       ,0.000       ,0.000       ,0.000       ,0.000       ,0.00000       ,2147479275    ,0.019           ,335.654       ,18.800              ,-0.066              ,0.000           ,25742.05859       ,0.00000               ,0.000         ,0.000         ,0.000         ,0.000         ,-0.001        
15:29:28.200584     ,0.883       ,0.000       ,18.685      ,6.570       ,6.570       ,6.545       ,0.025       ,0.000       ,0.000          ,0.000       ,0.000       ,0.000       ,0.000       ,0.000       ,0.000       ,0.000       ,0.00000       ,2147479289    ,0.020           ,336.885       ,19.600              ,-0.068              ,0.000           ,25742.06445       ,0.00000               ,0.000         ,0.000         ,0.000         ,0.000         ,0.000         
15:29:28.209479     ,0.883       ,0.000       ,18.685      ,6.600       ,6.600       ,6.545       ,0.055       ,0.000       ,0.000          ,0.000       ,0.000       ,0.000       ,0.000       ,0.000       ,0.000       ,0.000       ,0.00000       ,2147479303    ,0.021           ,338.115       ,20.200              ,-0.071              ,0.000           ,25742.06836       ,0.00000               ,0.000         ,0.000         ,0.000         ,0.000         ,-0.001        
15:29:28.219655     ,0.883       ,0.000       ,18.685      ,6.590       ,6.590       ,6.545       ,0.045       ,0.000       ,0.000          ,0.000       ,0.000       ,0.000       ,0.000       ,0.000       ,0.000       ,0.000       ,0.00000       ,2147479317    ,0.022           ,339.346       ,21.200              ,-0.074              ,0.000           ,25742.07422       ,0.00000               ,0.000         ,0.000         ,0.000         ,0.000         ,-0.001        
15:29:28.230740     ,0.883       ,0.000       ,18.685      ,6.600       ,6.600       ,6.545       ,0.055       ,0.000       ,0.000          ,0.000       ,0.000       ,0.000       ,0.000       ,0.000       ,0.000       ,0.000       ,0.00000       ,2147479331    ,0.023           ,340.576       ,21.800              ,-0.076              ,0.000           ,25742.08008       ,0.00000               ,0.000         ,0.000         ,0.000         ,0.000         ,0.000         
15:29:28.239411     ,0.883       ,0.000       ,18.685      ,6.570       ,6.570       ,6.545       ,0.025       ,0.000       ,0.000          ,0.000       ,0.000       ,0.000       ,0.000       ,0.000       ,0.000       ,0.000       ,0.00000       ,2147479346    ,0.024           ,341.895       ,22.800              ,-0.080              ,0.000           ,25742.08398       ,0.00000               ,0.000         ,0.000         ,0.000         ,0.000         ,0.003         
15:29:28.249693     ,0.883       ,0.000       ,18.685      ,6.610       ,6.610       ,6.545       ,0.065       ,0.000       ,0.000          ,0.000       ,0.000       ,0.000       ,0.000       ,0.000       ,0.000       ,0.000       ,0.00000       ,2147479361    ,0.026           ,343.213       ,23.200              ,-0.081              ,0.000           ,25742.08984       ,0.00000               ,0.000         ,0.000         ,0.000         ,0.000         ,-0.001        
15:29:28.261820     ,0.883       ,0.000       ,18.685      ,6.620       ,6.620       ,6.545       ,0.075       ,0.000       ,0.000          ,0.000       ,0.000       ,0.000       ,0.000       ,0.000       ,0.000       ,0.000       ,0.00000       ,2147479375    ,0.027           ,344.443       ,23.800              ,-0.083              ,0.000           ,25742.09375       ,0.00000               ,0.000         ,0.000         ,0.000         ,0.000         ,0.000         
15:29:28.274442     ,0.878       ,0.000       ,18.718      ,6.600       ,6.600       ,6.545       ,0.055       ,0.000       ,0.000          ,0.000       ,0.000       ,0.000       ,0.000       ,0.000       ,0.000       ,0.000       ,0.00000       ,2147479390    ,0.028           ,345.762       ,24.800              ,-0.087              ,0.000           ,25742.09961       ,0.00000               ,0.000         ,0.000         ,0.000         ,0.000         ,0.000         
15:29:28.280807     ,0.878       ,0.000       ,18.718      ,6.600       ,6.600       ,6.545       ,0.055       ,0.000       ,0.000          ,0.000       ,0.000       ,0.000       ,0.000       ,0.000       ,0.000       ,0.000       ,0.00000       ,2147479405    ,0.029           ,347.080       ,25.400              ,-0.089              ,0.000           ,25742.10352       ,0.00000               ,0.000         ,0.000         ,0.000         ,0.000         ,0.000         
15:29:28.289413     ,0.878       ,0.000       ,18.718      ,6.610       ,6.610       ,6.545       ,0.065       ,0.000       ,0.000          ,0.000       ,0.000       ,0.000       ,0.000       ,0.000       ,0.000       ,0.000       ,0.00000       ,2147479421    ,0.030           ,348.486       ,25.800              ,-0.090              ,0.000           ,25742.10742       ,0.00000               ,0.000         ,0.000         ,0.000         ,0.000         ,-0.001        
15:29:28.299368     ,0.878       ,0.000       ,18.718      ,6.630       ,6.630       ,6.545       ,0.085       ,0.000       ,0.000          ,0.000       ,0.000       ,0.000       ,0.000       ,0.000       ,0.000       ,0.000       ,0.00000       ,2147479436    ,0.031           ,349.805       ,25.600              ,-0.089              ,0.000           ,25742.10938       ,0.00000               ,0.000         ,0.000         ,0.000         ,0.000         ,-0.003        
15:29:28.309382     ,0.878       ,0.000       ,18.718      ,6.620       ,6.620       ,6.545       ,0.075       ,0.000       ,0.000          ,0.000       ,0.000       ,0.000       ,0.000       ,0.000       ,0.000       ,0.000       ,0.00000       ,2147479451    ,0.032           ,351.123       ,24.800              ,-0.087              ,0.000           ,25742.11133       ,0.00000               ,0.000         ,0.000         ,0.000         ,0.000         ,0.001         
15:29:28.319448     ,0.878       ,0.000       ,18.718      ,6.630       ,6.630       ,6.545       ,0.085       ,0.000       ,0.000          ,0.000       ,0.000       ,0.000       ,0.000       ,0.000       ,0.000       ,0.000       ,0.00000       ,2147479467    ,0.034           ,352.529       ,23.800              ,-0.083              ,0.000           ,25742.11133       ,0.00000               ,0.000         ,0.000         ,0.000         ,0.000         ,-0.001        
15:29:28.329655     ,0.878       ,0.000       ,18.718      ,6.620       ,6.620       ,6.545       ,0.075       ,0.000       ,0.000          ,0.000       ,0.000       ,0.000       ,0.000       ,0.000       ,0.000       ,0.000       ,0.00000       ,2147479482    ,0.035           ,353.848       ,23.200              ,-0.081              ,0.000           ,25742.11133       ,0.00000               ,0.000         ,0.000         ,0.000         ,0.000         ,-0.001        
15:29:28.340364     ,0.878       ,0.000       ,18.718      ,6.620       ,6.620       ,6.545       ,0.075       ,0.000       ,0.000          ,0.000       ,0.000       ,0.000       ,0.000       ,0.000       ,0.000       ,0.000       ,0.00000       ,2147479498    ,0.036           ,355.254       ,22.000              ,-0.077              ,0.000           ,25742.11133       ,0.00000               ,0.000         ,0.000         ,0.000         ,0.000         ,-0.001        
15:29:28.350372     ,0.878       ,0.000       ,18.718      ,6.620       ,6.620       ,6.545       ,0.075       ,0.000       ,0.000          ,0.000       ,0.000       ,0.000       ,0.000       ,0.000       ,0.000       ,0.000       ,0.00000       ,2147479514    ,0.037           ,356.660       ,20.400              ,-0.071              ,0.000           ,25742.11328       ,0.00000               ,0.000         ,0.000         ,0.000         ,0.000         ,0.000         
15:29:28.362803     ,0.878       ,0.000       ,18.718      ,6.610       ,6.610       ,6.545       ,0.065       ,0.000       ,0.000          ,0.000       ,0.000       ,0.000       ,0.000       ,0.000       ,0.000       ,0.000       ,0.00000       ,2147479530    ,0.039           ,358.066       ,18.600              ,-0.065              ,0.000           ,25742.11719       ,0.00000               ,0.000         ,0.000         ,0.000         ,0.000         ,-0.001        
15:29:28.375360     ,0.883       ,0.000       ,18.734      ,6.620       ,6.620       ,6.545       ,0.075       ,0.000       ,0.000          ,0.000       ,0.000       ,0.000       ,0.000       ,0.000       ,0.000       ,0.000       ,0.00000       ,2147479545    ,0.040           ,359.385       ,17.200              ,-0.060              ,0.000           ,25742.12305       ,0.00000               ,0.000         ,0.000         ,0.000         ,0.000         ,0.000         
15:29:28.379606     ,0.883       ,0.000       ,18.734      ,6.630       ,6.630       ,6.545       ,0.085       ,0.000       ,0.000          ,0.000       ,0.000       ,0.000       ,0.000       ,0.000       ,0.000       ,0.000       ,0.00000       ,2147479561    ,0.041           ,0.791         ,17.400              ,-0.061              ,0.000           ,25742.12891       ,0.00000               ,0.000         ,0.000         ,0.000         ,0.000         ,0.000         
15:29:28.389660     ,0.883       ,0.000       ,18.734      ,6.630       ,6.630       ,6.545       ,0.085       ,0.000       ,0.000          ,0.000       ,0.000       ,0.000       ,0.000       ,0.000       ,0.000       ,0.000       ,0.00000       ,2147479577    ,0.042           ,2.197         ,18.200              ,-0.064              ,0.000           ,25742.13281       ,0.00000               ,0.000         ,0.000         ,0.000         ,0.000         ,0.000         
15:29:28.399516     ,0.883       ,0.000       ,18.734      ,6.620       ,6.620       ,6.545       ,0.075       ,0.000       ,0.000          ,0.000       ,0.000       ,0.000       ,0.000       ,0.000       ,0.000       ,0.000       ,0.00000       ,2147479593    ,0.043           ,3.604         ,19.600              ,-0.068              ,0.000           ,25742.13672       ,0.00000               ,0.000         ,0.000         ,0.000         ,0.000         ,-0.003        
15:29:28.409391     ,0.883       ,0.000       ,18.734      ,6.630       ,6.630       ,6.545       ,0.085       ,0.000       ,0.000          ,0.000       ,0.000       ,0.000       ,0.000       ,0.000       ,0.000       ,0.000       ,0.00000       ,2147479610    ,0.045           ,5.098         ,21.000              ,-0.073              ,0.000           ,25742.14453       ,0.00000               ,0.000         ,0.000         ,0.000         ,0.000         ,0.001         
15:29:28.419332     ,0.883       ,0.000       ,18.734      ,6.620       ,6.620       ,6.545       ,0.075       ,0.000       ,0.000          ,0.000       ,0.000       ,0.000       ,0.000       ,0.000       ,0.000       ,0.000       ,0.00000       ,2147479626    ,0.046           ,6.504         ,22.200              ,-0.077              ,0.000           ,25742.14844       ,0.00000               ,0.000         ,0.000         ,0.000         ,0.000         ,-0.003        
15:29:28.429461     ,0.883       ,0.000       ,18.734      ,6.650       ,6.650       ,6.545       ,0.105       ,0.000       ,0.000          ,0.000       ,0.000       ,0.000       ,0.000       ,0.000       ,0.000       ,0.000       ,0.00000       ,2147479642    ,0.047           ,7.910         ,23.200              ,-0.081              ,0.000           ,25742.15430       ,0.00000               ,0.000         ,0.000         ,0.000         ,0.000         ,-0.001        
15:29:28.439455     ,0.883       ,0.000       ,18.734      ,6.620       ,6.620       ,6.545       ,0.075       ,0.000       ,0.000          ,0.000       ,0.000       ,0.000       ,0.000       ,0.000       ,0.000       ,0.000       ,0.00000       ,2147479659    ,0.048           ,9.404         ,24.200              ,-0.084              ,0.000           ,25742.16016       ,0.00000               ,0.000         ,0.000         ,0.000         ,0.000         ,0.003         
15:29:28.451269     ,0.883       ,0.000       ,18.734      ,6.630       ,6.630       ,6.545       ,0.085       ,0.000       ,0.000          ,0.000       ,0.000       ,0.000       ,0.000       ,0.000       ,0.000       ,0.000       ,0.00000       ,2147479676    ,0.050           ,10.898        ,24.800              ,-0.087              ,0.000           ,25742.16602       ,0.00000               ,0.000         ,0.000         ,0.000         ,0.000         ,0.000         
15:29:28.461447     ,0.883       ,0.000       ,18.734      ,6.600       ,6.600       ,6.545       ,0.055       ,0.000       ,0.000          ,0.000       ,0.000       ,0.000       ,0.000       ,0.000       ,0.000       ,0.000       ,0.00000       ,2147479693    ,0.051           ,12.393        ,25.800              ,-0.090              ,0.000           ,25742.17188       ,0.00000               ,0.000         ,0.000         ,0.000         ,0.000         ,-0.001        
15:29:28.473656     ,0.879       ,0.000       ,18.734      ,6.620       ,6.620       ,6.545       ,0.075       ,0.000       ,0.000          ,0.000       ,0.000       ,0.000       ,0.000       ,0.000       ,0.000       ,0.000       ,0.00000       ,2147479710    ,0.052           ,13.887        ,26.800              ,-0.094              ,0.000           ,25742.17969       ,0.00000               ,0.000         ,0.000         ,0.000         ,0.000         ,-0.001        
15:29:28.480311     ,0.879       ,0.000       ,18.734      ,6.590       ,6.590       ,6.545       ,0.045       ,0.000       ,0.000          ,0.000       ,0.000       ,0.000       ,0.000       ,0.000       ,0.000       ,0.000       ,0.00000       ,2147479727    ,0.054           ,15.381        ,27.400              ,-0.096              ,0.000           ,25742.18359       ,0.00000               ,0.000         ,0.000         ,0.000         ,0.000         ,-0.001        
15:29:28.490359     ,0.879       ,0.000       ,18.734      ,6.590       ,6.590       ,6.545       ,0.045       ,0.000       ,0.000          ,0.000       ,0.000       ,0.000       ,0.000       ,0.000       ,0.000       ,0.000       ,0.00000       ,2147479745    ,0.055           ,16.963        ,27.800              ,-0.097              ,0.000           ,25742.18945       ,0.00000               ,0.000         ,0.000         ,0.000         ,0.000         ,-0.001        
15:29:28.499366     ,0.879       ,0.000       ,18.734      ,6.590       ,6.590       ,6.545       ,0.045       ,0.000       ,0.000          ,0.000       ,0.000       ,0.000       ,0.000       ,0.000       ,0.000       ,0.000       ,0.00000       ,2147479763    ,0.056           ,18.545        ,28.800              ,-0.101              ,0.000           ,25742.19727       ,0.00000               ,0.000         ,0.000         ,0.000         ,0.000         ,-0.001        
15:29:28.509405     ,0.879       ,0.000       ,18.734      ,6.570       ,6.570       ,6.545       ,0.025       ,0.000       ,0.000          ,0.000       ,0.000       ,0.000       ,0.000       ,0.000       ,0.000       ,0.000       ,0.00000       ,2147479781    ,0.058           ,20.127        ,29.400              ,-0.103              ,0.000           ,25742.20312       ,0.00000               ,0.000         ,0.000         ,0.000         ,0.000         ,0.000         
15:29:28.519522     ,0.879       ,0.000       ,18.734      ,6.590       ,6.590       ,6.545       ,0.045       ,0.000       ,0.000          ,0.000       ,0.000       ,0.000       ,0.000       ,0.000       ,0.000       ,0.000       ,0.00000       ,2147479799    ,0.059           ,21.709        ,30.200              ,-0.105              ,0.000           ,25742.20898       ,0.00000               ,0.000         ,0.000         ,0.000         ,0.000         ,-0.001        
15:29:28.530108     ,0.879       ,0.000       ,18.734      ,6.570       ,6.570       ,6.545       ,0.025       ,0.000       ,0.000          ,0.000       ,0.000       ,0.000       ,0.000       ,0.000       ,0.000       ,0.000       ,0.00000       ,2147479817    ,0.061           ,23.291        ,30.600              ,-0.107              ,0.000           ,25742.21680       ,0.00000               ,0.000         ,0.000         ,0.000         ,0.000         ,0.000         
15:29:28.539484     ,0.879       ,0.000       ,18.734      ,6.570       ,6.570       ,6.545       ,0.025       ,0.000       ,0.000          ,0.000       ,0.000       ,0.000       ,0.000       ,0.000       ,0.000       ,0.000       ,0.00000       ,2147479836    ,0.062           ,24.961        ,31.400              ,-0.110              ,0.000           ,25742.22266       ,0.00000               ,0.000         ,0.000         ,0.000         ,0.000         ,0.000         
15:29:28.549430     ,0.879       ,0.000       ,18.734      ,6.590       ,6.590       ,6.545       ,0.045       ,0.000       ,0.000          ,0.000       ,0.000       ,0.000       ,0.000       ,0.000       ,0.000       ,0.000       ,0.00000       ,2147479855    ,0.063           ,26.631        ,32.200              ,-0.112              ,0.000           ,25742.22852       ,0.00000               ,0.000         ,0.000         ,0.000         ,0.000         ,-0.001        
15:29:28.560299     ,0.879       ,0.000       ,18.734      ,6.570       ,6.570       ,6.545       ,0.025       ,0.000       ,0.000          ,0.000       ,0.000       ,0.000       ,0.000       ,0.000       ,0.000       ,0.000       ,0.00000       ,2147479874    ,0.065           ,28.301        ,32.800              ,-0.114              ,0.000           ,25742.23438       ,0.00000               ,0.000         ,0.000         ,0.000         ,0.000         ,-0.001        
15:29:28.573893     ,0.000       ,0.000       ,0.000       ,6.590       ,6.590       ,6.545       ,0.045       ,0.000       ,0.000          ,0.000       ,0.000       ,0.000       ,0.000       ,0.000       ,0.000       ,0.000       ,0.00000       ,2147479893    ,0.066           ,29.971        ,33.800              ,-0.118              ,0.000           ,25742.24219       ,0.00000               ,0.000         ,0.000         ,0.000         ,0.000         ,-0.001        
15:29:28.579415     ,0.000       ,0.000       ,0.000       ,6.570       ,6.570       ,6.545       ,0.025       ,0.000       ,0.000          ,0.000       ,0.000       ,0.000       ,0.000       ,0.000       ,0.000       ,0.000       ,0.00000       ,2147479913    ,0.068           ,31.729        ,34.400              ,-0.120              ,0.000           ,25742.25000       ,0.00000               ,0.000         ,0.000         ,0.000         ,0.000         ,-0.001        
15:29:28.590240     ,0.000       ,0.000       ,0.000       ,6.620       ,6.620       ,6.545       ,0.075       ,0.000       ,0.000          ,0.000       ,0.000       ,0.000       ,0.000       ,0.000       ,0.000       ,0.000       ,0.00000       ,2147479933    ,0.069           ,33.486        ,34.600              ,-0.121              ,0.000           ,25742.25586       ,0.00000               ,0.000         ,0.000         ,0.000         ,0.000         ,0.000         
15:29:28.599557     ,0.000       ,0.000       ,0.000       ,6.590       ,6.590       ,6.545       ,0.045       ,0.000       ,0.000          ,0.000       ,0.000       ,0.000       ,0.000       ,0.000       ,0.000       ,0.000       ,0.00000       ,2147479953    ,0.071           ,35.244        ,35.400              ,-0.124              ,0.000           ,25742.26172       ,0.00000               ,0.000         ,0.000         ,0.000         ,0.000         ,0.000         
15:29:28.609312     ,0.000       ,0.000       ,0.000       ,6.600       ,6.600       ,6.545       ,0.055       ,0.000       ,0.000          ,0.000       ,0.000       ,0.000       ,0.000       ,0.000       ,0.000       ,0.000       ,0.00000       ,2147479973    ,0.072           ,37.002        ,35.800              ,-0.125              ,0.000           ,25742.26953       ,0.00000               ,0.000         ,0.000         ,0.000         ,0.000         ,-0.003        
15:29:28.620391     ,0.000       ,0.000       ,0.000       ,6.590       ,6.590       ,6.545       ,0.045       ,0.000       ,0.000          ,0.000       ,0.000       ,0.000       ,0.000       ,0.000       ,0.000       ,0.000       ,0.00000       ,2147479993    ,0.074           ,38.760        ,36.200              ,-0.126              ,0.000           ,25742.27734       ,0.00000               ,0.000         ,0.000         ,0.000         ,0.000         ,-0.001        
15:29:28.629439     ,0.000       ,0.000       ,0.000       ,6.560       ,6.560       ,6.545       ,0.015       ,0.000       ,0.000          ,0.000       ,0.000       ,0.000       ,0.000       ,0.000       ,0.000       ,0.000       ,0.00000       ,2147480014    ,0.076           ,40.605        ,36.800              ,-0.128              ,0.000           ,25742.28320       ,0.00000               ,0.000         ,0.000         ,0.000         ,0.000         ,0.000         
15:29:28.640275     ,0.000       ,0.000       ,0.000       ,6.550       ,6.550       ,6.545       ,0.005       ,0.000       ,0.000          ,0.000       ,0.000       ,0.000       ,0.000       ,0.000       ,0.000       ,0.000       ,0.00000       ,2147480035    ,0.077           ,42.451        ,37.200              ,-0.130              ,0.000           ,25742.29102       ,0.00000               ,0.000         ,0.000         ,0.000         ,0.000         ,0.000         
15:29:28.649476     ,0.000       ,0.000       ,0.000       ,6.500       ,6.500       ,6.545       ,-0.045      ,0.000       ,0.000          ,0.000       ,0.000       ,0.000       ,0.000       ,0.000       ,0.000       ,0.000       ,0.00000       ,2147480056    ,0.079           ,44.297        ,37.800              ,-0.132              ,0.000           ,25742.29688       ,0.00000               ,0.000         ,0.000         ,0.000         ,0.000         ,0.000         
15:29:28.660394     ,0.000       ,0.000       ,0.000       ,6.510       ,6.510       ,6.545       ,-0.035      ,0.000       ,0.000          ,0.000       ,0.000       ,0.000       ,0.000       ,0.000       ,0.000       ,0.000       ,0.00000       ,2147480056    ,0.079           ,44.297        ,38.200              ,-0.133              ,0.000           ,25742.30469       ,0.00000               ,0.000         ,0.000         ,0.000         ,0.000         ,0.000         
15:29:28.674112     ,0.883       ,0.000       ,18.734      ,6.500       ,6.500       ,6.545       ,-0.045      ,0.000       ,0.000          ,0.000       ,0.000       ,0.000       ,0.000       ,0.000       ,0.000       ,0.000       ,0.00000       ,2147480098    ,0.082           ,47.988        ,38.800              ,-0.135              ,0.000           ,25742.31250       ,0.00000               ,0.000         ,0.000         ,0.000         ,0.000         ,0.001         
15:29:28.679508     ,0.883       ,0.000       ,18.734      ,6.480       ,6.480       ,6.545       ,-0.065      ,0.000       ,0.000          ,0.000       ,0.000       ,0.000       ,0.000       ,0.000       ,0.000       ,0.000       ,0.00000       ,2147480120    ,0.084           ,49.922        ,39.000              ,-0.136              ,0.000           ,25742.32031       ,0.00000               ,0.000         ,0.000         ,0.000         ,0.000         ,0.001         
15:29:28.689400     ,0.883       ,0.000       ,18.734      ,6.480       ,6.480       ,6.545       ,-0.065      ,0.000       ,0.000          ,0.000       ,0.000       ,0.000       ,0.000       ,0.000       ,0.000       ,0.000       ,0.00000       ,2147480142    ,0.085           ,51.855        ,39.400              ,-0.138              ,0.000           ,25742.32617       ,0.00000               ,0.000         ,0.000         ,0.000         ,0.000         ,-0.001        
15:29:28.699435     ,0.883       ,0.000       ,18.734      ,6.440       ,6.440       ,6.545       ,-0.105      ,0.000       ,0.000          ,0.000       ,0.000       ,0.000       ,0.000       ,0.000       ,0.000       ,0.000       ,0.00000       ,2147480164    ,0.087           ,53.789        ,39.800              ,-0.139              ,0.000           ,25742.33398       ,0.00000               ,0.000         ,0.000         ,0.000         ,0.000         ,0.000         
15:29:28.709324     ,0.883       ,0.000       ,18.734      ,6.480       ,6.480       ,6.545       ,-0.065      ,0.000       ,0.000          ,0.000       ,0.000       ,0.000       ,0.000       ,0.000       ,0.000       ,0.000       ,0.00000       ,2147480187    ,0.089           ,55.811        ,40.400              ,-0.141              ,0.000           ,25742.34180       ,0.00000               ,0.000         ,0.000         ,0.000         ,0.000         ,-0.001        
15:29:28.711585     ,0.883       ,0.000       ,18.734      ,6.480       ,6.480       ,6.545       ,-0.065      ,0.000       ,0.000          ,0.000       ,0.000       ,0.000       ,0.000       ,0.000       ,0.000       ,0.000       ,0.00000       ,2147480187    ,0.089           ,55.811        ,40.600              ,-0.142              ,0.000           ,25742.34180       ,0.00000               ,0.000         ,0.000         ,0.000         ,0.000         ,-0.001        
15:29:28.729334     ,0.883       ,0.000       ,18.734      ,6.460       ,6.460       ,6.545       ,-0.085      ,0.000       ,0.000          ,0.000       ,0.000       ,0.000       ,0.000       ,0.000       ,0.000       ,0.000       ,0.00000       ,2147480232    ,0.092           ,59.766        ,41.200              ,-0.144              ,0.000           ,25742.35938       ,0.00000               ,0.000         ,0.000         ,0.000         ,0.000         ,-0.001        
15:29:28.739453     ,0.883       ,0.000       ,18.734      ,6.430       ,6.430       ,6.545       ,-0.115      ,0.000       ,0.000          ,0.000       ,0.000       ,0.000       ,0.000       ,0.000       ,0.000       ,0.000       ,0.00000       ,2147480256    ,0.094           ,61.875        ,41.800              ,-0.146              ,0.000           ,25742.36719       ,0.00000               ,0.000         ,0.000         ,0.000         ,0.000         ,-0.001        
15:29:28.749676     ,0.883       ,0.000       ,18.734      ,6.450       ,6.450       ,6.545       ,-0.095      ,0.000       ,0.000          ,0.000       ,0.000       ,0.000       ,0.000       ,0.000       ,0.000       ,0.000       ,0.00000       ,2147480280    ,0.096           ,63.984        ,42.400              ,-0.148              ,0.000           ,25742.37500       ,0.00000               ,0.000         ,0.000         ,0.000         ,0.000         ,0.000         
15:29:28.760249     ,0.883       ,0.000       ,18.734      ,6.460       ,6.460       ,6.545       ,-0.085      ,0.000       ,0.000          ,0.000       ,0.000       ,0.000       ,0.000       ,0.000       ,0.000       ,0.000       ,0.00000       ,2147480303    ,0.098           ,66.006        ,42.600              ,-0.149              ,0.000           ,25742.38281       ,0.00000               ,0.000         ,0.000         ,0.000         ,0.000         ,-0.001        
15:29:28.773105     ,0.000       ,0.000       ,0.000       ,6.430       ,6.430       ,6.545       ,-0.115      ,0.000       ,0.000          ,0.000       ,0.000       ,0.000       ,0.000       ,0.000       ,0.000       ,0.000       ,0.00000       ,2147480328    ,0.100           ,68.203        ,43.400              ,-0.151              ,0.000           ,25742.39062       ,0.00000               ,0.000         ,0.000         ,0.000         ,0.000         ,0.000         
15:29:28.780437     ,0.000       ,0.000       ,0.000       ,6.460       ,6.460       ,6.545       ,-0.085      ,0.000       ,0.000          ,0.000       ,0.000       ,0.000       ,0.000       ,0.000       ,0.000       ,0.000       ,0.00000       ,2147480352    ,0.102           ,70.312        ,43.800              ,-0.153              ,0.000           ,25742.39844       ,0.00000               ,0.000         ,0.000         ,0.000         ,0.000         ,0.000         
15:29:28.789601     ,0.000       ,0.000       ,0.000       ,6.440       ,6.440       ,6.545       ,-0.105      ,0.000       ,0.000          ,0.000       ,0.000       ,0.000       ,0.000       ,0.000       ,0.000       ,0.000       ,0.00000       ,2147480377    ,0.103           ,72.510        ,44.400              ,-0.155              ,0.000           ,25742.40820       ,0.00000               ,0.000         ,0.000         ,0.000         ,0.000         ,0.000         
15:29:28.799504     ,0.000       ,0.000       ,0.000       ,6.450       ,6.450       ,6.545       ,-0.095      ,0.000       ,0.000          ,0.000       ,0.000       ,0.000       ,0.000       ,0.000       ,0.000       ,0.000       ,0.00000       ,2147480402    ,0.105           ,74.707        ,44.800              ,-0.156              ,0.000           ,25742.41602       ,0.00000               ,0.000         ,0.000         ,0.000         ,0.000         ,-0.001        
15:29:28.809368     ,0.000       ,0.000       ,0.000       ,6.500       ,6.500       ,6.545       ,-0.045      ,0.000       ,0.000          ,0.000       ,0.000       ,0.000       ,0.000       ,0.000       ,0.000       ,0.000       ,0.00000       ,2147480428    ,0.107           ,76.992        ,45.400              ,-0.158              ,0.000           ,25742.42578       ,0.00000               ,0.000         ,0.000         ,0.000         ,0.000         ,0.000         
15:29:28.819633     ,0.000       ,0.000       ,0.000       ,6.480       ,6.480       ,6.545       ,-0.065      ,0.000       ,0.000          ,0.000       ,0.000       ,0.000       ,0.000       ,0.000       ,0.000       ,0.000       ,0.00000       ,2147480453    ,0.109           ,79.189        ,45.800              ,-0.160              ,0.000           ,25742.43359       ,0.00000               ,0.000         ,0.000         ,0.000         ,0.000         ,-0.001        
15:29:28.829521     ,0.000       ,0.000       ,0.000       ,6.550       ,6.550       ,6.545       ,0.005       ,0.000       ,0.000          ,0.000       ,0.000       ,0.000       ,0.000       ,0.000       ,0.000       ,0.000       ,0.00000       ,2147480479    ,0.111           ,81.475        ,46.400              ,-0.162              ,0.000           ,25742.44336       ,0.00000               ,0.000         ,0.000         ,0.000         ,0.000         ,-0.001        
15:29:28.839633     ,0.000       ,0.000       ,0.000       ,6.540       ,6.540       ,6.545       ,-0.005      ,0.000       ,0.000          ,0.000       ,0.000       ,0.000       ,0.000       ,0.000       ,0.000       ,0.000       ,0.00000       ,2147480505    ,0.113           ,83.760        ,47.200              ,-0.165              ,0.000           ,25742.45117       ,0.00000               ,0.000         ,0.000         ,0.000         ,0.000         ,0.000         
15:29:28.850360     ,0.000       ,0.000       ,0.000       ,6.600       ,6.600       ,6.545       ,0.055       ,0.000       ,0.000          ,0.000       ,0.000       ,0.000       ,0.000       ,0.000       ,0.000       ,0.000       ,0.00000       ,2147480532    ,0.115           ,86.133        ,47.600              ,-0.166              ,0.000           ,25742.46094       ,0.00000               ,0.000         ,0.000         ,0.000         ,0.000         ,-0.005        
15:29:28.860597     ,0.000       ,0.000       ,0.000       ,6.610       ,6.610       ,6.545       ,0.065       ,0.000       ,0.000          ,0.000       ,0.000       ,0.000       ,0.000       ,0.000       ,0.000       ,0.000       ,0.00000       ,2147480558    ,0.117           ,88.418        ,48.200              ,-0.168              ,0.000           ,25742.47070       ,0.00000               ,0.000         ,0.000         ,0.000         ,0.000         ,0.000         
15:29:28.872991     ,0.883       ,0.000       ,18.734      ,6.570       ,6.570       ,6.545       ,0.025       ,0.000       ,0.000          ,0.000       ,0.000       ,0.000       ,0.000       ,0.000       ,0.000       ,0.000       ,0.00000       ,2147480584    ,0.119           ,90.703        ,48.800              ,-0.170              ,0.000           ,25742.47852       ,0.00000               ,0.000         ,0.000         ,0.000         ,0.000         ,0.000         
15:29:28.879421     ,0.883       ,0.000       ,18.734      ,6.620       ,6.620       ,6.545       ,0.075       ,0.000       ,0.000          ,0.000       ,0.000       ,0.000       ,0.000       ,0.000       ,0.000       ,0.000       ,0.00000       ,2147480611    ,0.121           ,93.076        ,49.400              ,-0.172              ,0.000           ,25742.48828       ,0.00000               ,0.000         ,0.000         ,0.000         ,0.000         ,0.000         
15:29:28.889524     ,0.883       ,0.000       ,18.734      ,6.590       ,6.590       ,6.545       ,0.045       ,0.000       ,0.000          ,0.000       ,0.000       ,0.000       ,0.000       ,0.000       ,0.000       ,0.000       ,0.00000       ,2147480637    ,0.123           ,95.361        ,50.200              ,-0.175              ,0.000           ,25742.49805       ,0.00000               ,0.000         ,0.000         ,0.000         ,0.000         ,-0.001        
15:29:28.899485     ,0.883       ,0.000       ,18.734      ,6.620       ,6.620       ,6.545       ,0.075       ,0.000       ,0.000          ,0.000       ,0.000       ,0.000       ,0.000       ,0.000       ,0.000       ,0.000       ,0.00000       ,2147480664    ,0.125           ,97.734        ,50.800              ,-0.177              ,0.000           ,25742.50781       ,0.00000               ,0.000         ,0.000         ,0.000         ,0.000         ,-0.001        
15:29:28.909573     ,0.883       ,0.000       ,18.734      ,6.600       ,6.600       ,6.545       ,0.055       ,0.000       ,0.000          ,0.000       ,0.000       ,0.000       ,0.000       ,0.000       ,0.000       ,0.000       ,0.00000       ,2147480691    ,0.128           ,100.107       ,51.000              ,-0.178              ,0.000           ,25742.51758       ,0.00000               ,0.000         ,0.000         ,0.000         ,0.000         ,0.000         
15:29:28.919510     ,0.883       ,0.000       ,18.734      ,6.600       ,6.600       ,6.545       ,0.055       ,0.000       ,0.000          ,0.000       ,0.000       ,0.000       ,0.000       ,0.000       ,0.000       ,0.000       ,0.00000       ,2147480718    ,0.130           ,102.480       ,51.400              ,-0.179              ,0.000           ,25742.52539       ,0.00000               ,0.000         ,0.000         ,0.000         ,0.000         ,0.000         
15:29:28.929400     ,0.883       ,0.000       ,18.734      ,6.650       ,6.650       ,6.545       ,0.105       ,0.000       ,0.000          ,0.000       ,0.000       ,0.000       ,0.000       ,0.000       ,0.000       ,0.000       ,0.00000       ,2147480745    ,0.132           ,104.854       ,51.800              ,-0.181              ,0.000           ,25742.53516       ,0.00000               ,0.000         ,0.000         ,0.000         ,0.000         ,-0.001        
15:29:28.939652     ,0.883       ,0.000       ,18.734      ,6.620       ,6.620       ,6.545       ,0.075       ,0.000       ,0.000          ,0.000       ,0.000       ,0.000       ,0.000       ,0.000       ,0.000       ,0.000       ,0.00000       ,2147480772    ,0.134           ,107.227       ,52.400              ,-0.183              ,0.000           ,25742.54492       ,0.00000               ,0.000         ,0.000         ,0.000         ,0.000         ,0.000         
15:29:28.950230     ,0.883       ,0.000       ,18.734      ,6.630       ,6.630       ,6.545       ,0.085       ,0.000       ,0.000          ,0.000       ,0.000       ,0.000       ,0.000       ,0.000       ,0.000       ,0.000       ,0.00000       ,2147480799    ,0.136           ,109.600       ,52.800              ,-0.184              ,0.000           ,25742.55273       ,0.00000               ,0.000         ,0.000         ,0.000         ,0.000         ,0.000         
15:29:28.960451     ,0.883       ,0.000       ,18.734      ,6.630       ,6.630       ,6.545       ,0.085       ,0.000       ,0.000          ,0.000       ,0.000       ,0.000       ,0.000       ,0.000       ,0.000       ,0.000       ,0.00000       ,2147480826    ,0.138           ,111.973       ,53.000              ,-0.185              ,0.000           ,25742.56250       ,0.00000               ,0.000         ,0.000         ,0.000         ,0.000         ,0.000         
15:29:28.972681     ,0.879       ,0.000       ,18.669      ,6.630       ,6.630       ,6.545       ,0.085       ,0.000       ,0.000          ,0.000       ,0.000       ,0.000       ,0.000       ,0.000       ,0.000       ,0.000       ,0.00000       ,2147480853    ,0.140           ,114.346       ,53.400              ,-0.186              ,0.000           ,25742.57227       ,0.00000               ,0.000         ,0.000         ,0.000         ,0.000         ,0.000         
15:29:28.979433     ,0.879       ,0.000       ,18.669      ,6.610       ,6.610       ,6.545       ,0.065       ,0.000       ,0.000          ,0.000       ,0.000       ,0.000       ,0.000       ,0.000       ,0.000       ,0.000       ,0.00000       ,2147480880    ,0.142           ,116.719       ,53.800              ,-0.188              ,0.000           ,25742.58203       ,0.00000               ,0.000         ,0.000         ,0.000         ,0.000         ,0.000         
15:29:28.989683     ,0.879       ,0.000       ,18.669      ,6.610       ,6.610       ,6.545       ,0.065       ,0.000       ,0.000          ,0.000       ,0.000       ,0.000       ,0.000       ,0.000       ,0.000       ,0.000       ,0.00000       ,2147480907    ,0.144           ,119.092       ,54.000              ,-0.188              ,0.000           ,25742.59180       ,0.00000               ,0.000         ,0.000         ,0.000         ,0.000         ,-0.001        
15:29:28.999550     ,0.879       ,0.000       ,18.669      ,6.600       ,6.600       ,6.545       ,0.055       ,0.000       ,0.000          ,0.000       ,0.000       ,0.000       ,0.000       ,0.000       ,0.000       ,0.000       ,0.00000       ,2147480934    ,0.146           ,121.465       ,54.000              ,-0.188              ,0.000           ,25742.59961       ,0.00000               ,0.000         ,0.000         ,0.000         ,0.000         ,-0.003        
15:29:29.009573     ,0.879       ,0.000       ,18.669      ,6.660       ,6.660       ,6.545       ,0.115       ,0.000       ,0.000          ,0.000       ,0.000       ,0.000       ,0.000       ,0.000       ,0.000       ,0.000       ,0.00000       ,2147480961    ,0.148           ,123.838       ,54.400              ,-0.190              ,0.000           ,25742.60938       ,0.00000               ,0.000         ,0.000         ,0.000         ,0.000         ,-0.001        
15:29:29.019548     ,0.879       ,0.000       ,18.669      ,6.620       ,6.620       ,6.545       ,0.075       ,0.000       ,0.000          ,0.000       ,0.000       ,0.000       ,0.000       ,0.000       ,0.000       ,0.000       ,0.00000       ,2147480988    ,0.150           ,126.211       ,54.800              ,-0.191              ,0.000           ,25742.61914       ,0.00000               ,0.000         ,0.000         ,0.000         ,0.000         ,0.000         
15:29:29.029616     ,0.879       ,0.000       ,18.669      ,6.610       ,6.610       ,6.545       ,0.065       ,0.000       ,0.000          ,0.000       ,0.000       ,0.000       ,0.000       ,0.000       ,0.000       ,0.000       ,0.00000       ,2147481016    ,0.152           ,128.672       ,55.000              ,-0.192              ,0.000           ,25742.62891       ,0.00000               ,0.000         ,0.000         ,0.000         ,0.000         ,-0.001        
15:29:29.040558     ,0.879       ,0.000       ,18.669      ,6.610       ,6.610       ,6.545       ,0.065       ,0.000       ,0.000          ,0.000       ,0.000       ,0.000       ,0.000       ,0.000       ,0.000       ,0.000       ,0.00000       ,2147481043    ,0.155           ,131.045       ,55.000              ,-0.192              ,0.000           ,25742.63867       ,0.00000               ,0.000         ,0.000         ,0.000         ,0.000         ,-0.001        
15:29:29.049391     ,0.879       ,0.000       ,18.669      ,6.630       ,6.630       ,6.545       ,0.085       ,0.000       ,0.000          ,0.000       ,0.000       ,0.000       ,0.000       ,0.000       ,0.000       ,0.000       ,0.00000       ,2147481070    ,0.157           ,133.418       ,55.000              ,-0.192              ,0.000           ,25742.64844       ,0.00000               ,0.000         ,0.000         ,0.000         ,0.000         ,0.000         
15:29:29.060413     ,0.879       ,0.000       ,18.669      ,6.620       ,6.620       ,6.545       ,0.075       ,0.000       ,0.000          ,0.000       ,0.000       ,0.000       ,0.000       ,0.000       ,0.000       ,0.000       ,0.00000       ,2147481097    ,0.159           ,135.791       ,55.000              ,-0.192              ,0.000           ,25742.65820       ,0.00000               ,0.000         ,0.000         ,0.000         ,0.000         ,0.000         
15:29:29.073064     ,0.883       ,0.000       ,18.751      ,6.650       ,6.650       ,6.545       ,0.105       ,0.000       ,0.000          ,0.000       ,0.000       ,0.000       ,0.000       ,0.000       ,0.000       ,0.000       ,0.00000       ,2147481125    ,0.161           ,138.252       ,55.400              ,-0.193              ,0.000           ,25742.66797       ,0.00000               ,0.000         ,0.000         ,0.000         ,0.000         ,0.000         
15:29:29.079441     ,0.883       ,0.000       ,18.751      ,6.650       ,6.650       ,6.545       ,0.105       ,0.000       ,0.000          ,0.000       ,0.000       ,0.000       ,0.000       ,0.000       ,0.000       ,0.000       ,0.00000       ,2147481152    ,0.163           ,140.625       ,55.800              ,-0.195              ,0.000           ,25742.67773       ,0.00000               ,0.000         ,0.000         ,0.000         ,0.000         ,0.000         
15:29:29.089541     ,0.883       ,0.000       ,18.751      ,6.660       ,6.660       ,6.545       ,0.115       ,0.000       ,0.000          ,0.000       ,0.000       ,0.000       ,0.000       ,0.000       ,0.000       ,0.000       ,0.00000       ,2147481179    ,0.165           ,142.998       ,56.000              ,-0.195              ,0.000           ,25742.68555       ,0.00000               ,0.000         ,0.000         ,0.000         ,0.000         ,-0.001        
15:29:29.099388     ,0.883       ,0.000       ,18.751      ,6.650       ,6.650       ,6.545       ,0.105       ,0.000       ,0.000          ,0.000       ,0.000       ,0.000       ,0.000       ,0.000       ,0.000       ,0.000       ,0.00000       ,2147481207    ,0.167           ,145.459       ,56.000              ,-0.195              ,0.000           ,25742.69531       ,0.00000               ,0.000         ,0.000         ,0.000         ,0.000         ,-0.001        
15:29:29.109598     ,0.883       ,0.000       ,18.751      ,6.670       ,6.670       ,6.545       ,0.125       ,0.000       ,0.000          ,0.000       ,0.000       ,0.000       ,0.000       ,0.000       ,0.000       ,0.000       ,0.00000       ,2147481234    ,0.169           ,147.832       ,56.000              ,-0.195              ,0.000           ,25742.70312       ,0.00000               ,0.000         ,0.000         ,0.000         ,0.000         ,-0.001        
15:29:29.120263     ,0.883       ,0.000       ,18.751      ,6.670       ,6.670       ,6.545       ,0.125       ,0.000       ,0.000          ,0.000       ,0.000       ,0.000       ,0.000       ,0.000       ,0.000       ,0.000       ,0.00000       ,2147481261    ,0.171           ,150.205       ,56.000              ,-0.195              ,0.000           ,25742.71289       ,0.00000               ,0.000         ,0.000         ,0.000         ,0.000         ,-0.001        
15:29:29.129678     ,0.883       ,0.000       ,18.751      ,6.660       ,6.660       ,6.545       ,0.115       ,0.000       ,0.000          ,0.000       ,0.000       ,0.000       ,0.000       ,0.000       ,0.000       ,0.000       ,0.00000       ,2147481289    ,0.173           ,152.666       ,56.000              ,-0.195              ,0.000           ,25742.72266       ,0.00000               ,0.000         ,0.000         ,0.000         ,0.000         ,0.000         
15:29:29.140425     ,0.883       ,0.000       ,18.751      ,6.650       ,6.650       ,6.545       ,0.105       ,0.000       ,0.000          ,0.000       ,0.000       ,0.000       ,0.000       ,0.000       ,0.000       ,0.000       ,0.00000       ,2147481316    ,0.175           ,155.039       ,56.000              ,-0.195              ,0.000           ,25742.73242       ,0.00000               ,0.000         ,0.000         ,0.000         ,0.000         ,-0.001        
15:29:29.149411     ,0.883       ,0.000       ,18.751      ,6.660       ,6.660       ,6.545       ,0.115       ,0.000       ,0.000          ,0.000       ,0.000       ,0.000       ,0.000       ,0.000       ,0.000       ,0.000       ,0.00000       ,2147481343    ,0.178           ,157.412       ,56.000              ,-0.195              ,0.000           ,25742.74219       ,0.00000               ,0.000         ,0.000         ,0.000         ,0.000         ,-0.001        
15:29:29.161427     ,0.883       ,0.000       ,18.751      ,6.660       ,6.660       ,6.545       ,0.115       ,0.000       ,0.000          ,0.000       ,0.000       ,0.000       ,0.000       ,0.000       ,0.000       ,0.000       ,0.00000       ,2147481371    ,0.180           ,159.873       ,56.000              ,-0.195              ,0.000           ,25742.75195       ,0.00000               ,0.000         ,0.000         ,0.000         ,0.000         ,-0.001        
15:29:29.173113     ,0.883       ,0.000       ,18.718      ,6.680       ,6.680       ,6.545       ,0.135       ,0.000       ,0.000          ,0.000       ,0.000       ,0.000       ,0.000       ,0.000       ,0.000       ,0.000       ,0.00000       ,2147481398    ,0.182           ,162.246       ,56.000              ,-0.195              ,0.000           ,25742.76172       ,0.00000               ,0.000         ,0.000         ,0.000         ,0.000         ,0.000         
15:29:29.179500     ,0.883       ,0.000       ,18.718      ,6.660       ,6.660       ,6.545       ,0.115       ,0.000       ,0.000          ,0.000       ,0.000       ,0.000       ,0.000       ,0.000       ,0.000       ,0.000       ,0.00000       ,2147481425    ,0.184           ,164.619       ,56.400              ,-0.197              ,0.000           ,25742.77148       ,0.00000               ,0.000         ,0.000         ,0.000         ,0.000         ,0.000         
15:29:29.190473     ,0.883       ,0.000       ,18.718      ,6.670       ,6.670       ,6.545       ,0.125       ,0.000       ,0.000          ,0.000       ,0.000       ,0.000       ,0.000       ,0.000       ,0.000       ,0.000       ,0.00000       ,2147481453    ,0.186           ,167.080       ,56.600              ,-0.198              ,0.000           ,25742.78125       ,0.00000               ,0.000         ,0.000         ,0.000         ,0.000         ,-0.006        
15:29:29.199447     ,0.883       ,0.000       ,18.718      ,6.690       ,6.690       ,6.545       ,0.145       ,0.000       ,0.000          ,0.000       ,0.000       ,0.000       ,0.000       ,0.000       ,0.000       ,0.000       ,0.00000       ,2147481480    ,0.188           ,169.453       ,57.000              ,-0.199              ,0.000           ,25742.79102       ,0.00000               ,0.000         ,0.000         ,0.000         ,0.000         ,0.001         
15:29:29.209517     ,0.883       ,0.000       ,18.718      ,6.680       ,6.680       ,6.545       ,0.135       ,0.000       ,0.000          ,0.000       ,0.000       ,0.000       ,0.000       ,0.000       ,0.000       ,0.000       ,0.00000       ,2147481508    ,0.190           ,171.914       ,57.000              ,-0.199              ,0.000           ,25742.80078       ,0.00000               ,0.000         ,0.000         ,0.000         ,0.000         ,0.000         
15:29:29.219403     ,0.883       ,0.000       ,18.718      ,6.670       ,6.670       ,6.545       ,0.125       ,0.000       ,0.000          ,0.000       ,0.000       ,0.000       ,0.000       ,0.000       ,0.000       ,0.000       ,0.00000       ,2147481536    ,0.192           ,174.375       ,57.000              ,-0.199              ,0.000           ,25742.81055       ,0.00000               ,0.000         ,0.000         ,0.000         ,0.000         ,0.000         
15:29:29.229717     ,0.883       ,0.000       ,18.718      ,6.680       ,6.680       ,6.545       ,0.135       ,0.000       ,0.000          ,0.000       ,0.000       ,0.000       ,0.000       ,0.000       ,0.000       ,0.000       ,0.00000       ,2147481563    ,0.194           ,176.748       ,57.000              ,-0.199              ,0.000           ,25742.81836       ,0.00000               ,0.000         ,0.000         ,0.000         ,0.000         ,-0.001        
15:29:29.241350     ,0.883       ,0.000       ,18.718      ,6.680       ,6.680       ,6.545       ,0.135       ,0.000       ,0.000          ,0.000       ,0.000       ,0.000       ,0.000       ,0.000       ,0.000       ,0.000       ,0.00000       ,2147481591    ,0.197           ,179.209       ,57.000              ,-0.199              ,0.000           ,25742.82812       ,0.00000               ,0.000         ,0.000         ,0.000         ,0.000         ,0.000         
15:29:29.249650     ,0.883       ,0.000       ,18.718      ,6.710       ,6.710       ,6.545       ,0.165       ,0.000       ,0.000          ,0.000       ,0.000       ,0.000       ,0.000       ,0.000       ,0.000       ,0.000       ,0.00000       ,2147481619    ,0.199           ,181.670       ,57.000              ,-0.199              ,0.000           ,25742.83789       ,0.00000               ,0.000         ,0.000         ,0.000         ,0.000         ,-0.004        
15:29:29.261383     ,0.883       ,0.000       ,18.718      ,6.680       ,6.680       ,6.545       ,0.135       ,0.000       ,0.000          ,0.000       ,0.000       ,0.000       ,0.000       ,0.000       ,0.000       ,0.000       ,0.00000       ,2147481646    ,0.201           ,184.043       ,57.000              ,-0.199              ,0.000           ,25742.84766       ,0.00000               ,0.000         ,0.000         ,0.000         ,0.000         ,-0.001        
15:29:29.273151     ,0.879       ,0.000       ,18.685      ,6.710       ,6.710       ,6.545       ,0.165       ,0.000       ,0.000          ,0.000       ,0.000       ,0.000       ,0.000       ,0.000       ,0.000       ,0.000       ,0.00000       ,2147481674    ,0.203           ,186.504       ,57.000              ,-0.199              ,0.000           ,25742.85742       ,0.00000               ,0.000         ,0.000         ,0.000         ,0.000         ,0.000         
15:29:29.280362     ,0.879       ,0.000       ,18.685      ,6.710       ,6.710       ,6.545       ,0.165       ,0.000       ,0.000          ,0.000       ,0.000       ,0.000       ,0.000       ,0.000       ,0.000       ,0.000       ,0.00000       ,2147481702    ,0.205           ,188.965       ,57.000              ,-0.199              ,0.000           ,25742.86719       ,0.00000               ,0.000         ,0.000         ,0.000         ,0.000         ,0.000         
15:29:29.290366     ,0.879       ,0.000       ,18.685      ,6.720       ,6.720       ,6.545       ,0.175       ,0.000       ,0.000          ,0.000       ,0.000       ,0.000       ,0.000       ,0.000       ,0.000       ,0.000       ,0.00000       ,2147481729    ,0.207           ,191.338       ,57.000              ,-0.199              ,0.000           ,25742.87695       ,0.00000               ,0.000         ,0.000         ,0.000         ,0.000         ,-0.001        
15:29:29.299633     ,0.879       ,0.000       ,18.685      ,6.680       ,6.680       ,6.545       ,0.135       ,0.000       ,0.000          ,0.000       ,0.000       ,0.000       ,0.000       ,0.000       ,0.000       ,0.000       ,0.00000       ,2147481757    ,0.209           ,193.799       ,57.000              ,-0.199              ,0.000           ,25742.88672       ,0.00000               ,0.000         ,0.000         ,0.000         ,0.000         ,-0.001        
15:29:29.310142     ,0.879       ,0.000       ,18.685      ,6.690       ,6.690       ,6.545       ,0.145       ,0.000       ,0.000          ,0.000       ,0.000       ,0.000       ,0.000       ,0.000       ,0.000       ,0.000       ,0.00000       ,2147481785    ,0.211           ,196.260       ,57.000              ,-0.199              ,0.000           ,25742.89648       ,0.00000               ,0.000         ,0.000         ,0.000         ,0.000         ,-0.003        
15:29:29.319603     ,0.879       ,0.000       ,18.685      ,6.690       ,6.690       ,6.545       ,0.145       ,0.000       ,0.000          ,0.000       ,0.000       ,0.000       ,0.000       ,0.000       ,0.000       ,0.000       ,0.00000       ,2147481813    ,0.214           ,198.721       ,57.000              ,-0.199              ,0.000           ,25742.90625       ,0.00000               ,0.000         ,0.000         ,0.000         ,0.000         ,-0.001        
15:29:29.330253     ,0.879       ,0.000       ,18.685      ,6.650       ,6.650       ,6.545       ,0.105       ,0.000       ,0.000          ,0.000       ,0.000       ,0.000       ,0.000       ,0.000       ,0.000       ,0.000       ,0.00000       ,2147481841    ,0.216           ,201.182       ,57.000              ,-0.199              ,0.000           ,25742.91602       ,0.00000               ,0.000         ,0.000         ,0.000         ,0.000         ,0.000         
15:29:29.340238     ,0.879       ,0.000       ,18.685      ,6.620       ,6.620       ,6.545       ,0.075       ,0.000       ,0.000          ,0.000       ,0.000       ,0.000       ,0.000       ,0.000       ,0.000       ,0.000       ,0.00000       ,2147481841    ,0.216           ,201.182       ,57.000              ,-0.199              ,0.000           ,25742.92383       ,0.00000               ,0.000         ,0.000         ,0.000         ,0.000         ,0.000         
15:29:29.349640     ,0.879       ,0.000       ,18.685      ,6.610       ,6.610       ,6.545       ,0.065       ,0.000       ,0.000          ,0.000       ,0.000       ,0.000       ,0.000       ,0.000       ,0.000       ,0.000       ,0.00000       ,2147481897    ,0.220           ,206.104       ,57.400              ,-0.200              ,0.000           ,25742.93359       ,0.00000               ,0.000         ,0.000         ,0.000         ,0.000         ,-0.001        
15:29:29.362473     ,0.879       ,0.000       ,18.685      ,6.590       ,6.590       ,6.545       ,0.045       ,0.000       ,0.000          ,0.000       ,0.000       ,0.000       ,0.000       ,0.000       ,0.000       ,0.000       ,0.00000       ,2147481925    ,0.222           ,208.564       ,57.600              ,-0.201              ,0.000           ,25742.94336       ,0.00000               ,0.000         ,0.000         ,0.000         ,0.000         ,-0.008        
15:29:29.374892     ,0.878       ,0.000       ,18.718      ,6.530       ,6.530       ,6.545       ,-0.015      ,0.000       ,0.000          ,0.000       ,0.000       ,0.000       ,0.000       ,0.000       ,0.000       ,0.000       ,0.00000       ,2147481954    ,0.224           ,211.113       ,58.000              ,-0.202              ,0.000           ,25742.95508       ,0.00000               ,0.000         ,0.000         ,0.000         ,0.000         ,-0.004        
15:29:29.380509     ,0.878       ,0.000       ,18.718      ,6.540       ,6.540       ,6.545       ,-0.005      ,0.000       ,0.000          ,0.000       ,0.000       ,0.000       ,0.000       ,0.000       ,0.000       ,0.000       ,0.00000       ,2147481983    ,0.227           ,213.662       ,58.000              ,-0.202              ,0.000           ,25742.96484       ,0.00000               ,0.000         ,0.000         ,0.000         ,0.000         ,-0.004        
15:29:29.389772     ,0.878       ,0.000       ,18.718      ,6.540       ,6.540       ,6.545       ,-0.005      ,0.000       ,0.000          ,0.000       ,0.000       ,0.000       ,0.000       ,0.000       ,0.000       ,0.000       ,0.00000       ,2147482012    ,0.229           ,216.211       ,58.000              ,-0.202              ,0.000           ,25742.97461       ,0.00000               ,0.000         ,0.000         ,0.000         ,0.000         ,0.000         
15:29:29.399349     ,0.878       ,0.000       ,18.718      ,6.530       ,6.530       ,6.545       ,-0.015      ,0.000       ,0.000          ,0.000       ,0.000       ,0.000       ,0.000       ,0.000       ,0.000       ,0.000       ,0.00000       ,2147482042    ,0.231           ,218.848       ,58.200              ,-0.203              ,0.000           ,25742.98633       ,0.00000               ,0.000         ,0.000         ,0.000         ,0.000         ,-0.001        
15:29:29.409883     ,0.878       ,0.000       ,18.718      ,6.560       ,6.560       ,6.545       ,0.015       ,0.000       ,0.000          ,0.000       ,0.000       ,0.000       ,0.000       ,0.000       ,0.000       ,0.000       ,0.00000       ,2147482072    ,0.233           ,221.484       ,58.800              ,-0.205              ,0.000           ,25742.99609       ,0.00000               ,0.000         ,0.000         ,0.000         ,0.000         ,0.000         
15:29:29.420402     ,0.878       ,0.000       ,18.718      ,6.570       ,6.570       ,6.545       ,0.025       ,0.000       ,0.000          ,0.000       ,0.000       ,0.000       ,0.000       ,0.000       ,0.000       ,0.000       ,0.00000       ,2147482102    ,0.236           ,224.121       ,59.000              ,-0.206              ,0.000           ,25743.00586       ,0.00000               ,0.000         ,0.000         ,0.000         ,0.000         ,0.000         
15:29:29.429891     ,0.878       ,0.000       ,18.718      ,6.610       ,6.610       ,6.545       ,0.065       ,0.000       ,0.000          ,0.000       ,0.000       ,0.000       ,0.000       ,0.000       ,0.000       ,0.000       ,0.00000       ,2147482132    ,0.238           ,226.758       ,59.400              ,-0.207              ,0.000           ,25743.01758       ,0.00000               ,0.000         ,0.000         ,0.000         ,0.000         ,0.001         
15:29:29.440337     ,0.878       ,0.000       ,18.718      ,6.630       ,6.630       ,6.545       ,0.085       ,0.000       ,0.000          ,0.000       ,0.000       ,0.000       ,0.000       ,0.000       ,0.000       ,0.000       ,0.00000       ,2147482163    ,0.240           ,229.482       ,59.600              ,-0.208              ,0.000           ,25743.02734       ,0.00000               ,0.000         ,0.000         ,0.000         ,0.000         ,-0.001        
15:29:29.449891     ,0.878       ,0.000       ,18.718      ,6.660       ,6.660       ,6.545       ,0.115       ,0.000       ,0.000          ,0.000       ,0.000       ,0.000       ,0.000       ,0.000       ,0.000       ,0.000       ,0.00000       ,2147482193    ,0.243           ,232.119       ,60.000              ,-0.209              ,0.000           ,25743.03906       ,0.00000               ,0.000         ,0.000         ,0.000         ,0.000         ,0.000         
15:29:29.462596     ,0.878       ,0.000       ,18.718      ,6.660       ,6.660       ,6.545       ,0.115       ,0.000       ,0.000          ,0.000       ,0.000       ,0.000       ,0.000       ,0.000       ,0.000       ,0.000       ,0.00000       ,2147482224    ,0.245           ,234.844       ,60.200              ,-0.210              ,0.000           ,25743.04883       ,0.00000               ,0.000         ,0.000         ,0.000         ,0.000         ,-0.001        
15:29:29.476002     ,0.878       ,0.000       ,18.685      ,6.740       ,6.740       ,6.545       ,0.195       ,0.000       ,0.000          ,0.000       ,0.000       ,0.000       ,0.000       ,0.000       ,0.000       ,0.000       ,0.00000       ,2147482255    ,0.248           ,237.568       ,60.800              ,-0.212              ,0.000           ,25743.05859       ,0.00000               ,0.000         ,0.000         ,0.000         ,0.000         ,0.000         
15:29:29.492412     ,0.878       ,0.000       ,18.685      ,6.730       ,6.730       ,6.545       ,0.185       ,0.000       ,0.000          ,0.000       ,0.000       ,0.000       ,0.000       ,0.000       ,0.000       ,0.000       ,0.00000       ,2147482318    ,0.252           ,243.105       ,61.400              ,-0.214              ,0.000           ,25743.08203       ,0.00000               ,0.000         ,0.000         ,0.000         ,0.000         ,0.000         
15:29:29.501422     ,0.878       ,0.000       ,18.685      ,6.770       ,6.770       ,6.545       ,0.225       ,0.000       ,0.000          ,0.000       ,0.000       ,0.000       ,0.000       ,0.000       ,0.000       ,0.000       ,0.00000       ,2147482349    ,0.255           ,245.830       ,61.800              ,-0.216              ,0.000           ,25743.09375       ,0.00000               ,0.000         ,0.000         ,0.000         ,0.000         ,-0.001        
15:29:29.501551     ,0.878       ,0.000       ,18.685      ,6.770       ,6.770       ,6.545       ,0.225       ,0.000       ,0.000          ,0.000       ,0.000       ,0.000       ,0.000       ,0.000       ,0.000       ,0.000       ,0.00000       ,2147482349    ,0.255           ,245.830       ,62.000              ,-0.216              ,0.000           ,25743.09375       ,0.00000               ,0.000         ,0.000         ,0.000         ,0.000         ,-0.001        
15:29:29.509933     ,0.878       ,0.000       ,18.685      ,6.780       ,6.780       ,6.545       ,0.235       ,0.000       ,0.000          ,0.000       ,0.000       ,0.000       ,0.000       ,0.000       ,0.000       ,0.000       ,0.00000       ,2147482380    ,0.257           ,248.555       ,62.000              ,-0.216              ,0.000           ,25743.10352       ,0.00000               ,0.000         ,0.000         ,0.000         ,0.000         ,-0.001        
15:29:29.519459     ,0.878       ,0.000       ,18.685      ,6.770       ,6.770       ,6.545       ,0.225       ,0.000       ,0.000          ,0.000       ,0.000       ,0.000       ,0.000       ,0.000       ,0.000       ,0.000       ,0.00000       ,2147482412    ,0.260           ,251.367       ,62.200              ,-0.217              ,0.000           ,25743.11523       ,0.00000               ,0.000         ,0.000         ,0.000         ,0.000         ,-0.001        
15:29:29.529393     ,0.878       ,0.000       ,18.685      ,6.740       ,6.740       ,6.545       ,0.195       ,0.000       ,0.000          ,0.000       ,0.000       ,0.000       ,0.000       ,0.000       ,0.000       ,0.000       ,0.00000       ,2147482443    ,0.262           ,254.092       ,62.800              ,-0.219              ,0.000           ,25743.12695       ,0.00000               ,0.000         ,0.000         ,0.000         ,0.000         ,-0.004        
15:29:29.539484     ,0.878       ,0.000       ,18.685      ,6.800       ,6.800       ,6.545       ,0.255       ,0.000       ,0.000          ,0.000       ,0.000       ,0.000       ,0.000       ,0.000       ,0.000       ,0.000       ,0.00000       ,2147482474    ,0.264           ,256.816       ,63.000              ,-0.220              ,0.000           ,25743.13672       ,0.00000               ,0.000         ,0.000         ,0.000         ,0.000         ,-0.001        
15:29:29.549459     ,0.878       ,0.000       ,18.685      ,6.790       ,6.790       ,6.545       ,0.245       ,0.000       ,0.000          ,0.000       ,0.000       ,0.000       ,0.000       ,0.000       ,0.000       ,0.000       ,0.00000       ,2147482506    ,0.267           ,259.629       ,63.200              ,-0.221              ,0.000           ,25743.14648       ,0.00000               ,0.000         ,0.000         ,0.000         ,0.000         ,-0.001        
15:29:29.561387     ,0.878       ,0.000       ,18.685      ,6.790       ,6.790       ,6.545       ,0.245       ,0.000       ,0.000          ,0.000       ,0.000       ,0.000       ,0.000       ,0.000       ,0.000       ,0.000       ,0.00000       ,2147482538    ,0.269           ,262.441       ,63.600              ,-0.222              ,0.000           ,25743.15820       ,0.00000               ,0.000         ,0.000         ,0.000         ,0.000         ,0.000         
15:29:29.573932     ,0.000       ,0.000       ,0.000       ,6.790       ,6.790       ,6.545       ,0.245       ,0.000       ,0.000          ,0.000       ,0.000       ,0.000       ,0.000       ,0.000       ,0.000       ,0.000       ,0.00000       ,2147482569    ,0.272           ,265.166       ,64.000              ,-0.223              ,0.000           ,25743.16992       ,0.00000               ,0.000         ,0.000         ,0.000         ,0.000         ,0.000         
15:29:29.579626     ,0.000       ,0.000       ,0.000       ,6.790       ,6.790       ,6.545       ,0.245       ,0.000       ,0.000          ,0.000       ,0.000       ,0.000       ,0.000       ,0.000       ,0.000       ,0.000       ,0.00000       ,2147482601    ,0.274           ,267.979       ,64.000              ,-0.223              ,0.000           ,25743.17969       ,0.00000               ,0.000         ,0.000         ,0.000         ,0.000         ,0.000         
15:29:29.590187     ,0.000       ,0.000       ,0.000       ,6.800       ,6.800       ,6.545       ,0.255       ,0.000       ,0.000          ,0.000       ,0.000       ,0.000       ,0.000       ,0.000       ,0.000       ,0.000       ,0.00000       ,2147482633    ,0.277           ,270.791       ,64.000              ,-0.223              ,0.000           ,25743.18945       ,0.00000               ,0.000         ,0.000         ,0.000         ,0.000         ,0.000         
15:29:29.599401     ,0.000       ,0.000       ,0.000       ,6.810       ,6.810       ,6.545       ,0.265       ,0.000       ,0.000          ,0.000       ,0.000       ,0.000       ,0.000       ,0.000       ,0.000       ,0.000       ,0.00000       ,2147482664    ,0.279           ,273.516       ,64.000              ,-0.223              ,0.000           ,25743.20117       ,0.00000               ,0.000         ,0.000         ,0.000         ,0.000         ,-0.001        
15:29:29.609480     ,0.000       ,0.000       ,0.000       ,6.830       ,6.830       ,6.545       ,0.285       ,0.000       ,0.000          ,0.000       ,0.000       ,0.000       ,0.000       ,0.000       ,0.000       ,0.000       ,0.00000       ,2147482696    ,0.281           ,276.328       ,64.000              ,-0.223              ,0.000           ,25743.21289       ,0.00000               ,0.000         ,0.000         ,0.000         ,0.000         ,0.000         
15:29:29.619327     ,0.000       ,0.000       ,0.000       ,6.780       ,6.780       ,6.545       ,0.235       ,0.000       ,0.000          ,0.000       ,0.000       ,0.000       ,0.000       ,0.000       ,0.000       ,0.000       ,0.00000       ,2147482727    ,0.284           ,279.053       ,64.000              ,-0.223              ,0.000           ,25743.22461       ,0.00000               ,0.000         ,0.000         ,0.000         ,0.000         ,-0.001        
15:29:29.629502     ,0.000       ,0.000       ,0.000       ,6.790       ,6.790       ,6.545       ,0.245       ,0.000       ,0.000          ,0.000       ,0.000       ,0.000       ,0.000       ,0.000       ,0.000       ,0.000       ,0.00000       ,2147482759    ,0.286           ,281.865       ,64.000              ,-0.223              ,0.000           ,25743.23438       ,0.00000               ,0.000         ,0.000         ,0.000         ,0.000         ,0.000         
15:29:29.639338     ,0.000       ,0.000       ,0.000       ,6.840       ,6.840       ,6.545       ,0.295       ,0.000       ,0.000          ,0.000       ,0.000       ,0.000       ,0.000       ,0.000       ,0.000       ,0.000       ,0.00000       ,2147482790    ,0.289           ,284.590       ,64.400              ,-0.225              ,0.000           ,25743.24414       ,0.00000               ,0.000         ,0.000         ,0.000         ,0.000         ,-0.001        
15:29:29.649402     ,0.000       ,0.000       ,0.000       ,6.790       ,6.790       ,6.545       ,0.245       ,0.000       ,0.000          ,0.000       ,0.000       ,0.000       ,0.000       ,0.000       ,0.000       ,0.000       ,0.00000       ,2147482822    ,0.291           ,287.402       ,64.800              ,-0.226              ,0.000           ,25743.25586       ,0.00000               ,0.000         ,0.000         ,0.000         ,0.000         ,0.001         
15:29:29.659598     ,0.000       ,0.000       ,0.000       ,6.710       ,6.710       ,6.545       ,0.165       ,0.000       ,0.000          ,0.000       ,0.000       ,0.000       ,0.000       ,0.000       ,0.000       ,0.000       ,0.00000       ,2147482854    ,0.293           ,290.215       ,65.000              ,-0.227              ,0.000           ,25743.26758       ,0.00000               ,0.000         ,0.000         ,0.000         ,0.000         ,-0.001        
15:29:29.673161     ,0.876       ,0.000       ,18.751      ,6.740       ,6.740       ,6.545       ,0.195       ,0.000       ,0.000          ,0.000       ,0.000       ,0.000       ,0.000       ,0.000       ,0.000       ,0.000       ,0.00000       ,2147482885    ,0.296           ,292.939       ,65.000              ,-0.227              ,0.000           ,25743.27734       ,0.00000               ,0.000         ,0.000         ,0.000         ,0.000         ,0.000         
15:29:29.679486     ,0.876       ,0.000       ,18.751      ,6.800       ,6.800       ,6.545       ,0.255       ,0.000       ,0.000          ,0.000       ,0.000       ,0.000       ,0.000       ,0.000       ,0.000       ,0.000       ,0.00000       ,2147482917    ,0.298           ,295.752       ,65.000              ,-0.227              ,0.000           ,25743.28711       ,0.00000               ,0.000         ,0.000         ,0.000         ,0.000         ,0.000         
15:29:29.689378     ,0.876       ,0.000       ,18.751      ,6.770       ,6.770       ,6.545       ,0.225       ,0.000       ,0.000          ,0.000       ,0.000       ,0.000       ,0.000       ,0.000       ,0.000       ,0.000       ,0.00000       ,2147482948    ,0.301           ,298.477       ,65.000              ,-0.227              ,0.000           ,25743.29883       ,0.00000               ,0.000         ,0.000         ,0.000         ,0.000         ,0.000         
15:29:29.699428     ,0.876       ,0.000       ,18.751      ,6.750       ,6.750       ,6.545       ,0.205       ,0.000       ,0.000          ,0.000       ,0.000       ,0.000       ,0.000       ,0.000       ,0.000       ,0.000       ,0.00000       ,2147482980    ,0.303           ,301.289       ,65.000              ,-0.227              ,0.000           ,25743.31055       ,0.00000               ,0.000         ,0.000         ,0.000         ,0.000         ,0.000         
15:29:29.709659     ,0.876       ,0.000       ,18.751      ,6.770       ,6.770       ,6.545       ,0.225       ,0.000       ,0.000          ,0.000       ,0.000       ,0.000       ,0.000       ,0.000       ,0.000       ,0.000       ,0.00000       ,2147483012    ,0.306           ,304.102       ,65.000              ,-0.227              ,0.000           ,25743.32227       ,0.00000               ,0.000         ,0.000         ,0.000         ,0.000         ,0.000         
15:29:29.719403     ,0.876       ,0.000       ,18.751      ,6.770       ,6.770       ,6.545       ,0.225       ,0.000       ,0.000          ,0.000       ,0.000       ,0.000       ,0.000       ,0.000       ,0.000       ,0.000       ,0.00000       ,2147483044    ,0.308           ,306.914       ,65.000              ,-0.227              ,0.000           ,25743.33203       ,0.00000               ,0.000         ,0.000         ,0.000         ,0.000         ,-0.001        
15:29:29.729439     ,0.876       ,0.000       ,18.751      ,6.730       ,6.730       ,6.545       ,0.185       ,0.000       ,0.000          ,0.000       ,0.000       ,0.000       ,0.000       ,0.000       ,0.000       ,0.000       ,0.00000       ,2147483076    ,0.310           ,309.727       ,65.000              ,-0.227              ,0.000           ,25743.34180       ,0.00000               ,0.000         ,0.000         ,0.000         ,0.000         ,0.000         
15:29:29.740317     ,0.876       ,0.000       ,18.751      ,6.780       ,6.780       ,6.545       ,0.235       ,0.000       ,0.000          ,0.000       ,0.000       ,0.000       ,0.000       ,0.000       ,0.000       ,0.000       ,0.00000       ,2147483108    ,0.313           ,312.539       ,65.000              ,-0.227              ,0.000           ,25743.35352       ,0.00000               ,0.000         ,0.000         ,0.000         ,0.000         ,-0.001        
15:29:29.749431     ,0.876       ,0.000       ,18.751      ,6.800       ,6.800       ,6.545       ,0.255       ,0.000       ,0.000          ,0.000       ,0.000       ,0.000       ,0.000       ,0.000       ,0.000       ,0.000       ,0.00000       ,2147483140    ,0.315           ,315.352       ,65.000              ,-0.227              ,0.000           ,25743.36523       ,0.00000               ,0.000         ,0.000         ,0.000         ,0.000         ,0.000         
15:29:29.760486     ,0.876       ,0.000       ,18.751      ,6.780       ,6.780       ,6.545       ,0.235       ,0.000       ,0.000          ,0.000       ,0.000       ,0.000       ,0.000       ,0.000       ,0.000       ,0.000       ,0.00000       ,2147483172    ,0.318           ,318.164       ,65.000              ,-0.227              ,0.000           ,25743.37695       ,0.00000               ,0.000         ,0.000         ,0.000         ,0.000         ,-0.003        
15:29:29.773075     ,0.883       ,0.000       ,18.718      ,6.780       ,6.780       ,6.545       ,0.235       ,0.000       ,0.000          ,0.000       ,0.000       ,0.000       ,0.000       ,0.000       ,0.000       ,0.000       ,0.00000       ,2147483203    ,0.320           ,320.889       ,65.000              ,-0.227              ,0.000           ,25743.38672       ,0.00000               ,0.000         ,0.000         ,0.000         ,0.000         ,-0.001        
15:29:29.779369     ,0.883       ,0.000       ,18.718      ,6.780       ,6.780       ,6.545       ,0.235       ,0.000       ,0.000          ,0.000       ,0.000       ,0.000       ,0.000       ,0.000       ,0.000       ,0.000       ,0.00000       ,2147483235    ,0.323           ,323.701       ,65.400              ,-0.228              ,0.000           ,25743.39844       ,0.00000               ,0.000         ,0.000         ,0.000         ,0.000         ,-0.001        
15:29:29.789383     ,0.883       ,0.000       ,18.718      ,6.790       ,6.790       ,6.545       ,0.245       ,0.000       ,0.000          ,0.000       ,0.000       ,0.000       ,0.000       ,0.000       ,0.000       ,0.000       ,0.00000       ,2147483267    ,0.325           ,326.514       ,65.800              ,-0.230              ,0.000           ,25743.41016       ,0.00000               ,0.000         ,0.000         ,0.000         ,0.000         ,-0.001        
15:29:29.800193     ,0.883       ,0.000       ,18.718      ,6.750       ,6.750       ,6.545       ,0.205       ,0.000       ,0.000          ,0.000       ,0.000       ,0.000       ,0.000       ,0.000       ,0.000       ,0.000       ,0.00000       ,2147483299    ,0.328           ,329.326       ,66.000              ,-0.230              ,0.000           ,25743.41992       ,0.00000               ,0.000         ,0.000         ,0.000         ,0.000         ,-0.001        
15:29:29.809651     ,0.883       ,0.000       ,18.718      ,6.770       ,6.770       ,6.545       ,0.225       ,0.000       ,0.000          ,0.000       ,0.000       ,0.000       ,0.000       ,0.000       ,0.000       ,0.000       ,0.00000       ,2147483331    ,0.330           ,332.139       ,66.000              ,-0.230              ,0.000           ,25743.43164       ,0.00000               ,0.000         ,0.000         ,0.000         ,0.000         ,0.006         
15:29:29.819426     ,0.883       ,0.000       ,18.718      ,6.790       ,6.790       ,6.545       ,0.245       ,0.000       ,0.000          ,0.000       ,0.000       ,0.000       ,0.000       ,0.000       ,0.000       ,0.000       ,0.00000       ,2147483363    ,0.332           ,334.951       ,66.000              ,-0.230              ,0.000           ,25743.44141       ,0.00000               ,0.000         ,0.000         ,0.000         ,0.000         ,-0.001        
15:29:29.829497     ,0.883       ,0.000       ,18.718      ,6.800       ,6.800       ,6.545       ,0.255       ,0.000       ,0.000          ,0.000       ,0.000       ,0.000       ,0.000       ,0.000       ,0.000       ,0.000       ,0.00000       ,2147483395    ,0.335           ,337.764       ,65.600              ,-0.229              ,0.000           ,25743.45117       ,0.00000               ,0.000         ,0.000         ,0.000         ,0.000         ,0.000         
15:29:29.839393     ,0.883       ,0.000       ,18.718      ,6.850       ,6.850       ,6.545       ,0.305       ,0.000       ,0.000          ,0.000       ,0.000       ,0.000       ,0.000       ,0.000       ,0.000       ,0.000       ,0.00000       ,2147483427    ,0.337           ,340.576       ,65.200              ,-0.228              ,0.000           ,25743.45898       ,0.00000               ,0.000         ,0.000         ,0.000         ,0.000         ,0.000         
15:29:29.849459     ,0.883       ,0.000       ,18.718      ,6.840       ,6.840       ,6.545       ,0.295       ,0.000       ,0.000          ,0.000       ,0.000       ,0.000       ,0.000       ,0.000       ,0.000       ,0.000       ,0.00000       ,2147483459    ,0.340           ,343.389       ,64.200              ,-0.224              ,0.000           ,25743.46875       ,0.00000               ,0.000         ,0.000         ,0.000         ,0.000         ,-0.004        
15:29:29.861350     ,0.883       ,0.000       ,18.718      ,6.870       ,6.870       ,6.545       ,0.325       ,0.000       ,0.000          ,0.000       ,0.000       ,0.000       ,0.000       ,0.000       ,0.000       ,0.000       ,0.00000       ,2147483490    ,0.342           ,346.113       ,63.800              ,-0.223              ,0.000           ,25743.48047       ,0.00000               ,0.000         ,0.000         ,0.000         ,0.000         ,-0.001        
15:29:29.873096     ,0.879       ,0.000       ,18.718      ,6.840       ,6.840       ,6.545       ,0.295       ,0.000       ,0.000          ,0.000       ,0.000       ,0.000       ,0.000       ,0.000       ,0.000       ,0.000       ,0.00000       ,2147483522    ,0.345           ,348.926       ,63.000              ,-0.220              ,0.000           ,25743.49023       ,0.00000               ,0.000         ,0.000         ,0.000         ,0.000         ,0.000         
15:29:29.879479     ,0.879       ,0.000       ,18.718      ,6.810       ,6.810       ,6.545       ,0.265       ,0.000       ,0.000          ,0.000       ,0.000       ,0.000       ,0.000       ,0.000       ,0.000       ,0.000       ,0.00000       ,2147483553    ,0.347           ,351.650       ,63.000              ,-0.220              ,0.000           ,25743.50195       ,0.00000               ,0.000         ,0.000         ,0.000         ,0.000         ,0.000         
15:29:29.890341     ,0.879       ,0.000       ,18.718      ,6.790       ,6.790       ,6.545       ,0.245       ,0.000       ,0.000          ,0.000       ,0.000       ,0.000       ,0.000       ,0.000       ,0.000       ,0.000       ,0.00000       ,2147483585    ,0.350           ,354.463       ,63.000              ,-0.220              ,0.000           ,25743.51367       ,0.00000               ,0.000         ,0.000         ,0.000         ,0.000         ,-0.001        
15:29:29.899310     ,0.879       ,0.000       ,18.718      ,6.770       ,6.770       ,6.545       ,0.225       ,0.000       ,0.000          ,0.000       ,0.000       ,0.000       ,0.000       ,0.000       ,0.000       ,0.000       ,0.00000       ,2147483616    ,0.352           ,357.188       ,63.400              ,-0.221              ,0.000           ,25743.52344       ,0.00000               ,0.000         ,0.000         ,0.000         ,0.000         ,0.000         
15:29:29.909542     ,0.879       ,0.000       ,18.718      ,6.730       ,6.730       ,6.545       ,0.185       ,0.000       ,0.000          ,0.000       ,0.000       ,0.000       ,0.000       ,0.000       ,0.000       ,0.000       ,0.00000       ,1             ,0.354           ,0.088         ,63.800              ,-0.223              ,0.000           ,25743.53516       ,0.00000               ,0.000         ,0.000         ,0.000         ,0.000         ,-0.001        
15:29:29.919514     ,0.879       ,0.000       ,18.718      ,6.670       ,6.670       ,6.545       ,0.125       ,0.000       ,0.000          ,0.000       ,0.000       ,0.000       ,0.000       ,0.000       ,0.000       ,0.000       ,0.00000       ,32            ,0.357           ,2.812         ,64.000              ,-0.223              ,0.000           ,25743.54492       ,0.00000               ,0.000         ,0.000         ,0.000         ,0.000         ,0.000         
15:29:29.929632     ,0.879       ,0.000       ,18.718      ,6.670       ,6.670       ,6.545       ,0.125       ,0.000       ,0.000          ,0.000       ,0.000       ,0.000       ,0.000       ,0.000       ,0.000       ,0.000       ,0.00000       ,64            ,0.359           ,5.625         ,64.000              ,-0.223              ,0.000           ,25743.55664       ,0.00000               ,0.000         ,0.000         ,0.000         ,0.000         ,-0.001        
15:29:29.939395     ,0.879       ,0.000       ,18.718      ,6.660       ,6.660       ,6.545       ,0.115       ,0.000       ,0.000          ,0.000       ,0.000       ,0.000       ,0.000       ,0.000       ,0.000       ,0.000       ,0.00000       ,95            ,0.362           ,8.350         ,64.000              ,-0.223              ,0.000           ,25743.56836       ,0.00000               ,0.000         ,0.000         ,0.000         ,0.000         ,-0.001        
15:29:29.949506     ,0.879       ,0.000       ,18.718      ,6.650       ,6.650       ,6.545       ,0.105       ,0.000       ,0.000          ,0.000       ,0.000       ,0.000       ,0.000       ,0.000       ,0.000       ,0.000       ,0.00000       ,127           ,0.364           ,11.162        ,64.000              ,-0.223              ,0.000           ,25743.58008       ,0.00000               ,0.000         ,0.000         ,0.000         ,0.000         ,-0.001        
15:29:29.961429     ,0.879       ,0.000       ,18.718      ,6.670       ,6.670       ,6.545       ,0.125       ,0.000       ,0.000          ,0.000       ,0.000       ,0.000       ,0.000       ,0.000       ,0.000       ,0.000       ,0.00000       ,159           ,0.367           ,13.975        ,64.400              ,-0.225              ,0.000           ,25743.58984       ,0.00000               ,0.000         ,0.000         ,0.000         ,0.000         ,0.001         
15:29:29.973216     ,0.000       ,0.000       ,0.000       ,6.660       ,6.660       ,6.545       ,0.115       ,0.000       ,0.000          ,0.000       ,0.000       ,0.000       ,0.000       ,0.000       ,0.000       ,0.000       ,0.00000       ,191           ,0.369           ,16.787        ,64.800              ,-0.226              ,0.000           ,25743.60156       ,0.00000               ,0.000         ,0.000         ,0.000         ,0.000         ,0.000         
15:29:29.979448     ,0.000       ,0.000       ,0.000       ,6.680       ,6.680       ,6.545       ,0.135       ,0.000       ,0.000          ,0.000       ,0.000       ,0.000       ,0.000       ,0.000       ,0.000       ,0.000       ,0.00000       ,223           ,0.371           ,19.600        ,65.000              ,-0.227              ,0.000           ,25743.61328       ,0.00000               ,0.000         ,0.000         ,0.000         ,0.000         ,0.000         
15:29:29.990401     ,0.000       ,0.000       ,0.000       ,6.690       ,6.690       ,6.545       ,0.145       ,0.000       ,0.000          ,0.000       ,0.000       ,0.000       ,0.000       ,0.000       ,0.000       ,0.000       ,0.00000       ,254           ,0.374           ,22.324        ,65.000              ,-0.227              ,0.000           ,25743.62305       ,0.00000               ,0.000         ,0.000         ,0.000         ,0.000         ,0.000         
15:29:30.000313     ,0.000       ,0.000       ,0.000       ,6.730       ,6.730       ,6.545       ,0.185       ,0.000       ,0.000          ,0.000       ,0.000       ,0.000       ,0.000       ,0.000       ,0.000       ,0.000       ,0.00000       ,286           ,0.376           ,25.137        ,65.000              ,-0.227              ,0.000           ,25743.63477       ,0.00000               ,0.000         ,0.000         ,0.000         ,0.000         ,0.000         
15:29:30.009400     ,0.000       ,0.000       ,0.000       ,6.740       ,6.740       ,6.545       ,0.195       ,0.000       ,0.000          ,0.000       ,0.000       ,0.000       ,0.000       ,0.000       ,0.000       ,0.000       ,0.00000       ,317           ,0.379           ,27.861        ,65.000              ,-0.227              ,0.000           ,25743.64648       ,0.00000               ,0.000         ,0.000         ,0.000         ,0.000         ,-0.003        
15:29:30.019328     ,0.000       ,0.000       ,0.000       ,6.790       ,6.790       ,6.545       ,0.245       ,0.000       ,0.000          ,0.000       ,0.000       ,0.000       ,0.000       ,0.000       ,0.000       ,0.000       ,0.00000       ,349           ,0.381           ,30.674        ,65.200              ,-0.228              ,0.000           ,25743.65625       ,0.00000               ,0.000         ,0.000         ,0.000         ,0.000         ,0.000         
15:29:30.029387     ,0.000       ,0.000       ,0.000       ,6.790       ,6.790       ,6.545       ,0.245       ,0.000       ,0.000          ,0.000       ,0.000       ,0.000       ,0.000       ,0.000       ,0.000       ,0.000       ,0.00000       ,381           ,0.384           ,33.486        ,65.800              ,-0.230              ,0.000           ,25743.66797       ,0.00000               ,0.000         ,0.000         ,0.000         ,0.000         ,-0.001        
15:29:30.039611     ,0.000       ,0.000       ,0.000       ,6.790       ,6.790       ,6.545       ,0.245       ,0.000       ,0.000          ,0.000       ,0.000       ,0.000       ,0.000       ,0.000       ,0.000       ,0.000       ,0.00000       ,412           ,0.386           ,36.211        ,66.000              ,-0.230              ,0.000           ,25743.67773       ,0.00000               ,0.000         ,0.000         ,0.000         ,0.000         ,-0.001        
15:29:30.049497     ,0.000       ,0.000       ,0.000       ,6.920       ,6.920       ,6.545       ,0.375       ,0.000       ,0.000          ,0.000       ,0.000       ,0.000       ,0.000       ,0.000       ,0.000       ,0.000       ,0.00000       ,442           ,0.388           ,38.848        ,66.000              ,-0.230              ,0.000           ,25743.68945       ,0.00000               ,0.000         ,0.000         ,0.000         ,0.000         ,0.000         
15:29:30.060441     ,0.000       ,0.000       ,0.000       ,6.870       ,6.870       ,6.545       ,0.325       ,0.000       ,0.000          ,0.000       ,0.000       ,0.000       ,0.000       ,0.000       ,0.000       ,0.000       ,0.00000       ,473           ,0.391           ,41.572        ,65.800              ,-0.230              ,0.000           ,25743.69922       ,0.00000               ,0.000         ,0.000         ,0.000         ,0.000         ,0.000         
15:29:30.073779     ,0.878       ,0.000       ,18.751      ,6.900       ,6.900       ,6.545       ,0.355       ,0.000       ,0.000          ,0.000       ,0.000       ,0.000       ,0.000       ,0.000       ,0.000       ,0.000       ,0.00000       ,503           ,0.393           ,44.209        ,65.200              ,-0.228              ,0.000           ,25743.71094       ,0.00000               ,0.000         ,0.000         ,0.000         ,0.000         ,0.000         
15:29:30.079425     ,0.878       ,0.000       ,18.751      ,6.920       ,6.920       ,6.545       ,0.375       ,0.000       ,0.000          ,0.000       ,0.000       ,0.000       ,0.000       ,0.000       ,0.000       ,0.000       ,0.00000       ,533           ,0.395           ,46.846        ,65.000              ,-0.227              ,0.000           ,25743.72070       ,0.00000               ,0.000         ,0.000         ,0.000         ,0.000         ,0.000         
15:29:30.090234     ,0.878       ,0.000       ,18.751      ,6.900       ,6.900       ,6.545       ,0.355       ,0.000       ,0.000          ,0.000       ,0.000       ,0.000       ,0.000       ,0.000       ,0.000       ,0.000       ,0.00000       ,563           ,0.398           ,49.482        ,65.000              ,-0.227              ,0.000           ,25743.73047       ,0.00000               ,0.000         ,0.000         ,0.000         ,0.000         ,0.000         
15:29:30.099362     ,0.878       ,0.000       ,18.751      ,6.850       ,6.850       ,6.545       ,0.305       ,0.000       ,0.000          ,0.000       ,0.000       ,0.000       ,0.000       ,0.000       ,0.000       ,0.000       ,0.00000       ,592           ,0.400           ,52.031        ,65.000              ,-0.227              ,0.000           ,25743.74023       ,0.00000               ,0.000         ,0.000         ,0.000         ,0.000         ,0.000         
15:29:30.109428     ,0.878       ,0.000       ,18.751      ,6.890       ,6.890       ,6.545       ,0.345       ,0.000       ,0.000          ,0.000       ,0.000       ,0.000       ,0.000       ,0.000       ,0.000       ,0.000       ,0.00000       ,622           ,0.402           ,54.668        ,65.000              ,-0.227              ,0.000           ,25743.75195       ,0.00000               ,0.000         ,0.000         ,0.000         ,0.000         ,0.000         
15:29:30.119359     ,0.878       ,0.000       ,18.751      ,6.900       ,6.900       ,6.545       ,0.355       ,0.000       ,0.000          ,0.000       ,0.000       ,0.000       ,0.000       ,0.000       ,0.000       ,0.000       ,0.00000       ,651           ,0.404           ,57.217        ,64.600              ,-0.225              ,0.000           ,25743.76172       ,0.00000               ,0.000         ,0.000         ,0.000         ,0.000         ,-0.001        
15:29:30.130362     ,0.878       ,0.000       ,18.751      ,6.930       ,6.930       ,6.545       ,0.385       ,0.000       ,0.000          ,0.000       ,0.000       ,0.000       ,0.000       ,0.000       ,0.000       ,0.000       ,0.00000       ,679           ,0.406           ,59.678        ,64.400              ,-0.225              ,0.000           ,25743.77148       ,0.00000               ,0.000         ,0.000         ,0.000         ,0.000         ,0.000         
15:29:30.139361     ,0.878       ,0.000       ,18.751      ,6.930       ,6.930       ,6.545       ,0.385       ,0.000       ,0.000          ,0.000       ,0.000       ,0.000       ,0.000       ,0.000       ,0.000       ,0.000       ,0.00000       ,708           ,0.409           ,62.227        ,64.000              ,-0.223              ,0.000           ,25743.78125       ,0.00000               ,0.000         ,0.000         ,0.000         ,0.000         ,-0.001        
15:29:30.149396     ,0.878       ,0.000       ,18.751      ,6.960       ,6.960       ,6.545       ,0.415       ,0.000       ,0.000          ,0.000       ,0.000       ,0.000       ,0.000       ,0.000       ,0.000       ,0.000       ,0.00000       ,736           ,0.411           ,64.688        ,63.600              ,-0.222              ,0.000           ,25743.79102       ,0.00000               ,0.000         ,0.000         ,0.000         ,0.000         ,-0.004        
15:29:30.160358     ,0.878       ,0.000       ,18.751      ,6.970       ,6.970       ,6.545       ,0.425       ,0.000       ,0.000          ,0.000       ,0.000       ,0.000       ,0.000       ,0.000       ,0.000       ,0.000       ,0.00000       ,764           ,0.413           ,67.148        ,63.400              ,-0.221              ,0.000           ,25743.80078       ,0.00000               ,0.000         ,0.000         ,0.000         ,0.000         ,0.000         
15:29:30.172980     ,0.883       ,0.000       ,18.751      ,7.000       ,7.000       ,6.545       ,0.455       ,0.000       ,0.000          ,0.000       ,0.000       ,0.000       ,0.000       ,0.000       ,0.000       ,0.000       ,0.00000       ,791           ,0.415           ,69.521        ,62.600              ,-0.219              ,0.000           ,25743.81055       ,0.00000               ,0.000         ,0.000         ,0.000         ,0.000         ,0.000         
15:29:30.179599     ,0.883       ,0.000       ,18.751      ,6.950       ,6.950       ,6.545       ,0.405       ,0.000       ,0.000          ,0.000       ,0.000       ,0.000       ,0.000       ,0.000       ,0.000       ,0.000       ,0.00000       ,818           ,0.417           ,71.895        ,62.200              ,-0.217              ,0.000           ,25743.81836       ,0.00000               ,0.000         ,0.000         ,0.000         ,0.000         ,0.000         
15:29:30.189346     ,0.883       ,0.000       ,18.751      ,6.960       ,6.960       ,6.545       ,0.415       ,0.000       ,0.000          ,0.000       ,0.000       ,0.000       ,0.000       ,0.000       ,0.000       ,0.000       ,0.00000       ,845           ,0.419           ,74.268        ,61.600              ,-0.215              ,0.000           ,25743.82812       ,0.00000               ,0.000         ,0.000         ,0.000         ,0.000         ,0.000         
15:29:30.200185     ,0.883       ,0.000       ,18.751      ,6.960       ,6.960       ,6.545       ,0.415       ,0.000       ,0.000          ,0.000       ,0.000       ,0.000       ,0.000       ,0.000       ,0.000       ,0.000       ,0.00000       ,871           ,0.421           ,76.553        ,61.400              ,-0.214              ,0.000           ,25743.83789       ,0.00000               ,0.000         ,0.000         ,0.000         ,0.000         ,-0.003        
15:29:30.209480     ,0.883       ,0.000       ,18.751      ,6.950       ,6.950       ,6.545       ,0.405       ,0.000       ,0.000          ,0.000       ,0.000       ,0.000       ,0.000       ,0.000       ,0.000       ,0.000       ,0.00000       ,897           ,0.423           ,78.838        ,60.600              ,-0.212              ,0.000           ,25743.84766       ,0.00000               ,0.000         ,0.000         ,0.000         ,0.000         ,0.003         
15:29:30.220287     ,0.883       ,0.000       ,18.751      ,6.930       ,6.930       ,6.545       ,0.385       ,0.000       ,0.000          ,0.000       ,0.000       ,0.000       ,0.000       ,0.000       ,0.000       ,0.000       ,0.00000       ,923           ,0.425           ,81.123        ,60.400              ,-0.211              ,0.000           ,25743.85547       ,0.00000               ,0.000         ,0.000         ,0.000         ,0.000         ,-0.008        
15:29:30.230227     ,0.883       ,0.000       ,18.751      ,6.930       ,6.930       ,6.545       ,0.385       ,0.000       ,0.000          ,0.000       ,0.000       ,0.000       ,0.000       ,0.000       ,0.000       ,0.000       ,0.00000       ,949           ,0.427           ,83.408        ,59.800              ,-0.209              ,0.000           ,25743.86523       ,0.00000               ,0.000         ,0.000         ,0.000         ,0.000         ,-0.001        
15:29:30.240301     ,0.883       ,0.000       ,18.751      ,6.920       ,6.920       ,6.545       ,0.375       ,0.000       ,0.000          ,0.000       ,0.000       ,0.000       ,0.000       ,0.000       ,0.000       ,0.000       ,0.00000       ,975           ,0.429           ,85.693        ,59.400              ,-0.207              ,0.000           ,25743.87305       ,0.00000               ,0.000         ,0.000         ,0.000         ,0.000         ,0.000         
15:29:30.249418     ,0.883       ,0.000       ,18.751      ,6.970       ,6.970       ,6.545       ,0.425       ,0.000       ,0.000          ,0.000       ,0.000       ,0.000       ,0.000       ,0.000       ,0.000       ,0.000       ,0.00000       ,1000          ,0.431           ,87.891        ,58.600              ,-0.205              ,0.000           ,25743.88281       ,0.00000               ,0.000         ,0.000         ,0.000         ,0.000         ,-0.001        
15:29:30.262382     ,0.883       ,0.000       ,18.751      ,6.980       ,6.980       ,6.545       ,0.435       ,0.000       ,0.000          ,0.000       ,0.000       ,0.000       ,0.000       ,0.000       ,0.000       ,0.000       ,0.00000       ,1025          ,0.433           ,90.088        ,58.400              ,-0.204              ,0.000           ,25743.89062       ,0.00000               ,0.000         ,0.000         ,0.000         ,0.000         ,-0.001        
15:29:30.273493     ,0.876       ,0.000       ,18.734      ,7.010       ,7.010       ,6.545       ,0.465       ,0.000       ,0.000          ,0.000       ,0.000       ,0.000       ,0.000       ,0.000       ,0.000       ,0.000       ,0.00000       ,1050          ,0.435           ,92.285        ,57.600              ,-0.201              ,0.000           ,25743.90039       ,0.00000               ,0.000         ,0.000         ,0.000         ,0.000         ,-0.001        
15:29:30.279492     ,0.876       ,0.000       ,18.734      ,6.980       ,6.980       ,6.545       ,0.435       ,0.000       ,0.000          ,0.000       ,0.000       ,0.000       ,0.000       ,0.000       ,0.000       ,0.000       ,0.00000       ,1074          ,0.437           ,94.395        ,57.200              ,-0.200              ,0.000           ,25743.90820       ,0.00000               ,0.000         ,0.000         ,0.000         ,0.000         ,-0.001        
15:29:30.290184     ,0.876       ,0.000       ,18.734      ,7.000       ,7.000       ,6.545       ,0.455       ,0.000       ,0.000          ,0.000       ,0.000       ,0.000       ,0.000       ,0.000       ,0.000       ,0.000       ,0.00000       ,1099          ,0.439           ,96.592        ,56.800              ,-0.198              ,0.000           ,25743.91602       ,0.00000               ,0.000         ,0.000         ,0.000         ,0.000         ,0.000         
15:29:30.299467     ,0.876       ,0.000       ,18.734      ,7.000       ,7.000       ,6.545       ,0.455       ,0.000       ,0.000          ,0.000       ,0.000       ,0.000       ,0.000       ,0.000       ,0.000       ,0.000       ,0.00000       ,1123          ,0.440           ,98.701        ,56.200              ,-0.196              ,0.000           ,25743.92383       ,0.00000               ,0.000         ,0.000         ,0.000         ,0.000         ,0.000         
15:29:30.309342     ,0.876       ,0.000       ,18.734      ,6.980       ,6.980       ,6.545       ,0.435       ,0.000       ,0.000          ,0.000       ,0.000       ,0.000       ,0.000       ,0.000       ,0.000       ,0.000       ,0.00000       ,1146          ,0.442           ,100.723       ,55.600              ,-0.194              ,0.000           ,25743.93359       ,0.00000               ,0.000         ,0.000         ,0.000         ,0.000         ,-0.003        
15:29:30.319412     ,0.876       ,0.000       ,18.734      ,6.950       ,6.950       ,6.545       ,0.405       ,0.000       ,0.000          ,0.000       ,0.000       ,0.000       ,0.000       ,0.000       ,0.000       ,0.000       ,0.00000       ,1170          ,0.444           ,102.832       ,55.200              ,-0.193              ,0.000           ,25743.94336       ,0.00000               ,0.000         ,0.000         ,0.000         ,0.000         ,-0.001        
15:29:30.329705     ,0.876       ,0.000       ,18.734      ,6.980       ,6.980       ,6.545       ,0.435       ,0.000       ,0.000          ,0.000       ,0.000       ,0.000       ,0.000       ,0.000       ,0.000       ,0.000       ,0.00000       ,1193          ,0.446           ,104.854       ,54.600              ,-0.191              ,0.000           ,25743.95117       ,0.00000               ,0.000         ,0.000         ,0.000         ,0.000         ,-0.001        
15:29:30.339396     ,0.876       ,0.000       ,18.734      ,6.970       ,6.970       ,6.545       ,0.425       ,0.000       ,0.000          ,0.000       ,0.000       ,0.000       ,0.000       ,0.000       ,0.000       ,0.000       ,0.00000       ,1216          ,0.448           ,106.875       ,54.200              ,-0.189              ,0.000           ,25743.95898       ,0.00000               ,0.000         ,0.000         ,0.000         ,0.000         ,0.000         
15:29:30.349441     ,0.876       ,0.000       ,18.734      ,6.970       ,6.970       ,6.545       ,0.425       ,0.000       ,0.000          ,0.000       ,0.000       ,0.000       ,0.000       ,0.000       ,0.000       ,0.000       ,0.00000       ,1239          ,0.449           ,108.896       ,53.600              ,-0.187              ,0.000           ,25743.96680       ,0.00000               ,0.000         ,0.000         ,0.000         ,0.000         ,-0.001        
15:29:30.361226     ,0.876       ,0.000       ,18.734      ,6.920       ,6.920       ,6.545       ,0.375       ,0.000       ,0.000          ,0.000       ,0.000       ,0.000       ,0.000       ,0.000       ,0.000       ,0.000       ,0.00000       ,1262          ,0.451           ,110.918       ,53.400              ,-0.186              ,0.000           ,25743.97461       ,0.00000               ,0.000         ,0.000         ,0.000         ,0.000         ,-0.001        
15:29:30.373052     ,0.881       ,0.000       ,18.767      ,6.950       ,6.950       ,6.545       ,0.405       ,0.000       ,0.000          ,0.000       ,0.000       ,0.000       ,0.000       ,0.000       ,0.000       ,0.000       ,0.00000       ,1282          ,0.453           ,112.676       ,52.600              ,-0.184              ,0.000           ,25743.98242       ,0.00000               ,0.000         ,0.000         ,0.000         ,0.000         ,-0.001        
15:29:30.379525     ,0.881       ,0.000       ,18.767      ,6.950       ,6.950       ,6.545       ,0.405       ,0.000       ,0.000          ,0.000       ,0.000       ,0.000       ,0.000       ,0.000       ,0.000       ,0.000       ,0.00000       ,1307          ,0.455           ,114.873       ,52.200              ,-0.182              ,0.000           ,25743.99023       ,0.00000               ,0.000         ,0.000         ,0.000         ,0.000         ,-0.001        
15:29:30.389430     ,0.881       ,0.000       ,18.767      ,6.960       ,6.960       ,6.545       ,0.415       ,0.000       ,0.000          ,0.000       ,0.000       ,0.000       ,0.000       ,0.000       ,0.000       ,0.000       ,0.00000       ,1327          ,0.456           ,116.631       ,51.600              ,-0.180              ,0.000           ,25743.99805       ,0.00000               ,0.000         ,0.000         ,0.000         ,0.000         ,0.000         
15:29:30.400102     ,0.881       ,0.000       ,18.767      ,6.950       ,6.950       ,6.545       ,0.405       ,0.000       ,0.000          ,0.000       ,0.000       ,0.000       ,0.000       ,0.000       ,0.000       ,0.000       ,0.00000       ,1349          ,0.458           ,118.564       ,51.400              ,-0.179              ,0.000           ,25744.00586       ,0.00000               ,0.000         ,0.000         ,0.000         ,0.000         ,-0.001        
15:29:30.409524     ,0.881       ,0.000       ,18.767      ,6.970       ,6.970       ,6.545       ,0.425       ,0.000       ,0.000          ,0.000       ,0.000       ,0.000       ,0.000       ,0.000       ,0.000       ,0.000       ,0.00000       ,1372          ,0.460           ,120.586       ,51.000              ,-0.178              ,0.000           ,25744.01367       ,0.00000               ,0.000         ,0.000         ,0.000         ,0.000         ,-0.001        
15:29:30.419440     ,0.881       ,0.000       ,18.767      ,6.970       ,6.970       ,6.545       ,0.425       ,0.000       ,0.000          ,0.000       ,0.000       ,0.000       ,0.000       ,0.000       ,0.000       ,0.000       ,0.00000       ,1394          ,0.461           ,122.520       ,50.600              ,-0.177              ,0.000           ,25744.02148       ,0.00000               ,0.000         ,0.000         ,0.000         ,0.000         ,0.000         
15:29:30.429493     ,0.881       ,0.000       ,18.767      ,7.000       ,7.000       ,6.545       ,0.455       ,0.000       ,0.000          ,0.000       ,0.000       ,0.000       ,0.000       ,0.000       ,0.000       ,0.000       ,0.00000       ,1418          ,0.463           ,124.629       ,50.200              ,-0.175              ,0.000           ,25744.02930       ,0.00000               ,0.000         ,0.000         ,0.000         ,0.000         ,0.000         
15:29:30.439462     ,0.881       ,0.000       ,18.767      ,7.000       ,7.000       ,6.545       ,0.455       ,0.000       ,0.000          ,0.000       ,0.000       ,0.000       ,0.000       ,0.000       ,0.000       ,0.000       ,0.00000       ,1438          ,0.465           ,126.387       ,50.000              ,-0.175              ,0.000           ,25744.03711       ,0.00000               ,0.000         ,0.000         ,0.000         ,0.000         ,-0.001        
15:29:30.449339     ,0.881       ,0.000       ,18.767      ,7.010       ,7.010       ,6.545       ,0.465       ,0.000       ,0.000          ,0.000       ,0.000       ,0.000       ,0.000       ,0.000       ,0.000       ,0.000       ,0.00000       ,1460          ,0.466           ,128.320       ,49.600              ,-0.173              ,0.000           ,25744.04492       ,0.00000               ,0.000         ,0.000         ,0.000         ,0.000         ,-0.001        
15:29:30.460302     ,0.881       ,0.000       ,18.767      ,7.010       ,7.010       ,6.545       ,0.465       ,0.000       ,0.000          ,0.000       ,0.000       ,0.000       ,0.000       ,0.000       ,0.000       ,0.000       ,0.00000       ,1482          ,0.468           ,130.254       ,49.400              ,-0.172              ,0.000           ,25744.05273       ,0.00000               ,0.000         ,0.000         ,0.000         ,0.000         ,0.000         
15:29:30.472956     ,0.000       ,0.000       ,0.000       ,7.000       ,7.000       ,6.545       ,0.455       ,0.000       ,0.000          ,0.000       ,0.000       ,0.000       ,0.000       ,0.000       ,0.000       ,0.000       ,0.00000       ,1504          ,0.470           ,132.188       ,49.000              ,-0.171              ,0.000           ,25744.05859       ,0.00000               ,0.000         ,0.000         ,0.000         ,0.000         ,-0.001        
15:29:30.479409     ,0.000       ,0.000       ,0.000       ,7.010       ,7.010       ,6.545       ,0.465       ,0.000       ,0.000          ,0.000       ,0.000       ,0.000       ,0.000       ,0.000       ,0.000       ,0.000       ,0.00000       ,1526          ,0.471           ,134.121       ,48.600              ,-0.170              ,0.000           ,25744.06641       ,0.00000               ,0.000         ,0.000         ,0.000         ,0.000         ,-0.001        
15:29:30.489416     ,0.000       ,0.000       ,0.000       ,7.000       ,7.000       ,6.545       ,0.455       ,0.000       ,0.000          ,0.000       ,0.000       ,0.000       ,0.000       ,0.000       ,0.000       ,0.000       ,0.00000       ,1548          ,0.473           ,136.055       ,48.200              ,-0.168              ,0.000           ,25744.07617       ,0.00000               ,0.000         ,0.000         ,0.000         ,0.000         ,0.004         
15:29:30.501208     ,0.000       ,0.000       ,0.000       ,6.960       ,6.960       ,6.545       ,0.415       ,0.000       ,0.000          ,0.000       ,0.000       ,0.000       ,0.000       ,0.000       ,0.000       ,0.000       ,0.00000       ,1570          ,0.475           ,137.988       ,48.000              ,-0.168              ,0.000           ,25744.08398       ,0.00000               ,0.000         ,0.000         ,0.000         ,0.000         ,-0.001        
15:29:30.509398     ,0.000       ,0.000       ,0.000       ,6.950       ,6.950       ,6.545       ,0.405       ,0.000       ,0.000          ,0.000       ,0.000       ,0.000       ,0.000       ,0.000       ,0.000       ,0.000       ,0.00000       ,1592          ,0.476           ,139.922       ,48.000              ,-0.168              ,0.000           ,25744.09180       ,0.00000               ,0.000         ,0.000         ,0.000         ,0.000         ,0.000         
15:29:30.519499     ,0.000       ,0.000       ,0.000       ,6.970       ,6.970       ,6.545       ,0.425       ,0.000       ,0.000          ,0.000       ,0.000       ,0.000       ,0.000       ,0.000       ,0.000       ,0.000       ,0.00000       ,1616          ,0.478           ,142.031       ,48.000              ,-0.168              ,0.000           ,25744.09961       ,0.00000               ,0.000         ,0.000         ,0.000         ,0.000         ,-0.001        
15:29:30.529388     ,0.000       ,0.000       ,0.000       ,6.960       ,6.960       ,6.545       ,0.415       ,0.000       ,0.000          ,0.000       ,0.000       ,0.000       ,0.000       ,0.000       ,0.000       ,0.000       ,0.00000       ,1636          ,0.480           ,143.789       ,48.000              ,-0.168              ,0.000           ,25744.10742       ,0.00000               ,0.000         ,0.000         ,0.000         ,0.000         ,0.000         
15:29:30.539444     ,0.000       ,0.000       ,0.000       ,6.930       ,6.930       ,6.545       ,0.385       ,0.000       ,0.000          ,0.000       ,0.000       ,0.000       ,0.000       ,0.000       ,0.000       ,0.000       ,0.00000       ,1658          ,0.482           ,145.723       ,48.000              ,-0.168              ,0.000           ,25744.11523       ,0.00000               ,0.000         ,0.000         ,0.000         ,0.000         ,-0.004        
15:29:30.549357     ,0.000       ,0.000       ,0.000       ,6.920       ,6.920       ,6.545       ,0.375       ,0.000       ,0.000          ,0.000       ,0.000       ,0.000       ,0.000       ,0.000       ,0.000       ,0.000       ,0.00000       ,1681          ,0.483           ,147.744       ,48.000              ,-0.168              ,0.000           ,25744.12109       ,0.00000               ,0.000         ,0.000         ,0.000         ,0.000         ,0.000         
15:29:30.560169     ,0.000       ,0.000       ,0.000       ,6.910       ,6.910       ,6.545       ,0.365       ,0.000       ,0.000          ,0.000       ,0.000       ,0.000       ,0.000       ,0.000       ,0.000       ,0.000       ,0.00000       ,1704          ,0.485           ,149.766       ,48.000              ,-0.168              ,0.000           ,25744.13086       ,0.00000               ,0.000         ,0.000         ,0.000         ,0.000         ,0.000         
15:29:30.572938     ,0.879       ,0.000       ,18.767      ,6.910       ,6.910       ,6.545       ,0.365       ,0.000       ,0.000          ,0.000       ,0.000       ,0.000       ,0.000       ,0.000       ,0.000       ,0.000       ,0.00000       ,1727          ,0.487           ,151.787       ,48.000              ,-0.168              ,0.000           ,25744.13867       ,0.00000               ,0.000         ,0.000         ,0.000         ,0.000         ,-0.001        
15:29:30.579382     ,0.879       ,0.000       ,18.767      ,6.860       ,6.860       ,6.545       ,0.315       ,0.000       ,0.000          ,0.000       ,0.000       ,0.000       ,0.000       ,0.000       ,0.000       ,0.000       ,0.00000       ,1727          ,0.487           ,151.787       ,48.000              ,-0.168              ,0.000           ,25744.14648       ,0.00000               ,0.000         ,0.000         ,0.000         ,0.000         ,-0.001        
15:29:30.589489     ,0.879       ,0.000       ,18.767      ,6.840       ,6.840       ,6.545       ,0.295       ,0.000       ,0.000          ,0.000       ,0.000       ,0.000       ,0.000       ,0.000       ,0.000       ,0.000       ,0.00000       ,1774          ,0.490           ,155.918       ,48.000              ,-0.168              ,0.000           ,25744.15430       ,0.00000               ,0.000         ,0.000         ,0.000         ,0.000         ,-0.001        
15:29:30.600853     ,0.879       ,0.000       ,18.767      ,6.840       ,6.840       ,6.545       ,0.295       ,0.000       ,0.000          ,0.000       ,0.000       ,0.000       ,0.000       ,0.000       ,0.000       ,0.000       ,0.00000       ,1798          ,0.492           ,158.027       ,48.000              ,-0.168              ,0.000           ,25744.16406       ,0.00000               ,0.000         ,0.000         ,0.000         ,0.000         ,-0.001        
15:29:30.609593     ,0.879       ,0.000       ,18.767      ,6.790       ,6.790       ,6.545       ,0.245       ,0.000       ,0.000          ,0.000       ,0.000       ,0.000       ,0.000       ,0.000       ,0.000       ,0.000       ,0.00000       ,1822          ,0.494           ,160.137       ,48.000              ,-0.168              ,0.000           ,25744.17188       ,0.00000               ,0.000         ,0.000         ,0.000         ,0.000         ,-0.001        
15:29:30.619406     ,0.879       ,0.000       ,18.767      ,6.800       ,6.800       ,6.545       ,0.255       ,0.000       ,0.000          ,0.000       ,0.000       ,0.000       ,0.000       ,0.000       ,0.000       ,0.000       ,0.00000       ,1846          ,0.496           ,162.246       ,48.000              ,-0.168              ,0.000           ,25744.18164       ,0.00000               ,0.000         ,0.000         ,0.000         ,0.000         ,-0.001        
15:29:30.629548     ,0.879       ,0.000       ,18.767      ,6.780       ,6.780       ,6.545       ,0.235       ,0.000       ,0.000          ,0.000       ,0.000       ,0.000       ,0.000       ,0.000       ,0.000       ,0.000       ,0.00000       ,1871          ,0.498           ,164.443       ,48.200              ,-0.168              ,0.000           ,25744.18945       ,0.00000               ,0.000         ,0.000         ,0.000         ,0.000         ,0.000         
15:29:30.639311     ,0.879       ,0.000       ,18.767      ,6.780       ,6.780       ,6.545       ,0.235       ,0.000       ,0.000          ,0.000       ,0.000       ,0.000       ,0.000       ,0.000       ,0.000       ,0.000       ,0.00000       ,1896          ,0.500           ,166.641       ,48.800              ,-0.170              ,0.000           ,25744.19922       ,0.00000               ,0.000         ,0.000         ,0.000         ,0.000         ,-0.001        
15:29:30.649354     ,0.879       ,0.000       ,18.767      ,6.790       ,6.790       ,6.545       ,0.245       ,0.000       ,0.000          ,0.000       ,0.000       ,0.000       ,0.000       ,0.000       ,0.000       ,0.000       ,0.00000       ,1922          ,0.502           ,168.926       ,49.000              ,-0.171              ,0.000           ,25744.20703       ,0.00000               ,0.000         ,0.000         ,0.000         ,0.000         ,-0.003        
15:29:30.661388     ,0.879       ,0.000       ,18.767      ,6.790       ,6.790       ,6.545       ,0.245       ,0.000       ,0.000          ,0.000       ,0.000       ,0.000       ,0.000       ,0.000       ,0.000       ,0.000       ,0.00000       ,1922          ,0.502           ,168.926       ,49.200              ,-0.172              ,0.000           ,25744.21680       ,0.00000               ,0.000         ,0.000         ,0.000         ,0.000         ,0.005         
15:29:30.672993     ,0.878       ,0.000       ,18.767      ,6.810       ,6.810       ,6.545       ,0.265       ,0.000       ,0.000          ,0.000       ,0.000       ,0.000       ,0.000       ,0.000       ,0.000       ,0.000       ,0.00000       ,1974          ,0.506           ,173.496       ,49.800              ,-0.174              ,0.000           ,25744.22461       ,0.00000               ,0.000         ,0.000         ,0.000         ,0.000         ,0.000         
15:29:30.680531     ,0.878       ,0.000       ,18.767      ,6.900       ,6.900       ,6.545       ,0.355       ,0.000       ,0.000          ,0.000       ,0.000       ,0.000       ,0.000       ,0.000       ,0.000       ,0.000       ,0.00000       ,2000          ,0.508           ,175.781       ,50.000              ,-0.175              ,0.000           ,25744.23438       ,0.00000               ,0.000         ,0.000         ,0.000         ,0.000         ,0.000         
15:29:30.689400     ,0.878       ,0.000       ,18.767      ,6.910       ,6.910       ,6.545       ,0.365       ,0.000       ,0.000          ,0.000       ,0.000       ,0.000       ,0.000       ,0.000       ,0.000       ,0.000       ,0.00000       ,2026          ,0.510           ,178.066       ,50.200              ,-0.175              ,0.000           ,25744.24414       ,0.00000               ,0.000         ,0.000         ,0.000         ,0.000         ,0.000         
15:29:30.700374     ,0.878       ,0.000       ,18.767      ,7.000       ,7.000       ,6.545       ,0.455       ,0.000       ,0.000          ,0.000       ,0.000       ,0.000       ,0.000       ,0.000       ,0.000       ,0.000       ,0.00000       ,2053          ,0.512           ,180.439       ,50.600              ,-0.177              ,0.000           ,25744.25195       ,0.00000               ,0.000         ,0.000         ,0.000         ,0.000         ,0.000         
15:29:30.710523     ,0.878       ,0.000       ,18.767      ,7.000       ,7.000       ,6.545       ,0.455       ,0.000       ,0.000          ,0.000       ,0.000       ,0.000       ,0.000       ,0.000       ,0.000       ,0.000       ,0.00000       ,2079          ,0.514           ,182.725       ,51.000              ,-0.178              ,0.000           ,25744.26172       ,0.00000               ,0.000         ,0.000         ,0.000         ,0.000         ,0.000         
15:29:30.719546     ,0.878       ,0.000       ,18.767      ,7.010       ,7.010       ,6.545       ,0.465       ,0.000       ,0.000          ,0.000       ,0.000       ,0.000       ,0.000       ,0.000       ,0.000       ,0.000       ,0.00000       ,2105          ,0.516           ,185.010       ,51.200              ,-0.179              ,0.000           ,25744.26953       ,0.00000               ,0.000         ,0.000         ,0.000         ,0.000         ,0.000         
15:29:30.730873     ,0.878       ,0.000       ,18.767      ,7.030       ,7.030       ,6.545       ,0.485       ,0.000       ,0.000          ,0.000       ,0.000       ,0.000       ,0.000       ,0.000       ,0.000       ,0.000       ,0.00000       ,2132          ,0.518           ,187.383       ,51.600              ,-0.180              ,0.000           ,25744.27930       ,0.00000               ,0.000         ,0.000         ,0.000         ,0.000         ,-0.001        
15:29:30.739760     ,0.878       ,0.000       ,18.767      ,7.020       ,7.020       ,6.545       ,0.475       ,0.000       ,0.000          ,0.000       ,0.000       ,0.000       ,0.000       ,0.000       ,0.000       ,0.000       ,0.00000       ,2158          ,0.520           ,189.668       ,52.000              ,-0.182              ,0.000           ,25744.28711       ,0.00000               ,0.000         ,0.000         ,0.000         ,0.000         ,-0.001        
15:29:30.749407     ,0.878       ,0.000       ,18.767      ,7.030       ,7.030       ,6.545       ,0.485       ,0.000       ,0.000          ,0.000       ,0.000       ,0.000       ,0.000       ,0.000       ,0.000       ,0.000       ,0.00000       ,2185          ,0.522           ,192.041       ,52.400              ,-0.183              ,0.000           ,25744.29688       ,0.00000               ,0.000         ,0.000         ,0.000         ,0.000         ,0.000         
15:29:30.761288     ,0.878       ,0.000       ,18.767      ,7.020       ,7.020       ,6.545       ,0.475       ,0.000       ,0.000          ,0.000       ,0.000       ,0.000       ,0.000       ,0.000       ,0.000       ,0.000       ,0.00000       ,2211          ,0.524           ,194.326       ,52.600              ,-0.184              ,0.000           ,25744.30664       ,0.00000               ,0.000         ,0.000         ,0.000         ,0.000         ,0.001         
15:29:30.772997     ,0.878       ,0.000       ,18.751      ,7.020       ,7.020       ,6.545       ,0.475       ,0.000       ,0.000          ,0.000       ,0.000       ,0.000       ,0.000       ,0.000       ,0.000       ,0.000       ,0.00000       ,2238          ,0.526           ,196.699       ,53.000              ,-0.185              ,0.000           ,25744.31445       ,0.00000               ,0.000         ,0.000         ,0.000         ,0.000         ,-0.001        
15:29:30.779464     ,0.878       ,0.000       ,18.751      ,7.040       ,7.040       ,6.545       ,0.495       ,0.000       ,0.000          ,0.000       ,0.000       ,0.000       ,0.000       ,0.000       ,0.000       ,0.000       ,0.00000       ,2264          ,0.528           ,198.984       ,53.000              ,-0.185              ,0.000           ,25744.32422       ,0.00000               ,0.000         ,0.000         ,0.000         ,0.000         ,-0.001        
15:29:30.789328     ,0.878       ,0.000       ,18.751      ,7.030       ,7.030       ,6.545       ,0.485       ,0.000       ,0.000          ,0.000       ,0.000       ,0.000       ,0.000       ,0.000       ,0.000       ,0.000       ,0.00000       ,2290          ,0.530           ,201.270       ,53.000              ,-0.185              ,0.000           ,25744.33398       ,0.00000               ,0.000         ,0.000         ,0.000         ,0.000         ,0.000         
15:29:30.799440     ,0.878       ,0.000       ,18.751      ,7.040       ,7.040       ,6.545       ,0.495       ,0.000       ,0.000          ,0.000       ,0.000       ,0.000       ,0.000       ,0.000       ,0.000       ,0.000       ,0.00000       ,2316          ,0.532           ,203.555       ,53.000              ,-0.185              ,0.000           ,25744.34180       ,0.00000               ,0.000         ,0.000         ,0.000         ,0.000         ,0.000         
15:29:30.809409     ,0.878       ,0.000       ,18.751      ,7.070       ,7.070       ,6.545       ,0.525       ,0.000       ,0.000          ,0.000       ,0.000       ,0.000       ,0.000       ,0.000       ,0.000       ,0.000       ,0.00000       ,2342          ,0.534           ,205.840       ,53.000              ,-0.185              ,0.000           ,25744.35156       ,0.00000               ,0.000         ,0.000         ,0.000         ,0.000         ,-0.001        
15:29:30.819367     ,0.878       ,0.000       ,18.751      ,7.100       ,7.100       ,6.545       ,0.555       ,0.000       ,0.000          ,0.000       ,0.000       ,0.000       ,0.000       ,0.000       ,0.000       ,0.000       ,0.00000       ,2367          ,0.536           ,208.037       ,53.000              ,-0.185              ,0.000           ,25744.35938       ,0.00000               ,0.000         ,0.000         ,0.000         ,0.000         ,0.000         
15:29:30.829547     ,0.878       ,0.000       ,18.751      ,7.080       ,7.080       ,6.545       ,0.535       ,0.000       ,0.000          ,0.000       ,0.000       ,0.000       ,0.000       ,0.000       ,0.000       ,0.000       ,0.00000       ,2392          ,0.538           ,210.234       ,53.000              ,-0.185              ,0.000           ,25744.36914       ,0.00000               ,0.000         ,0.000         ,0.000         ,0.000         ,-0.001        
15:29:30.839702     ,0.878       ,0.000       ,18.751      ,7.100       ,7.100       ,6.545       ,0.555       ,0.000       ,0.000          ,0.000       ,0.000       ,0.000       ,0.000       ,0.000       ,0.000       ,0.000       ,0.00000       ,2418          ,0.540           ,212.520       ,53.000              ,-0.185              ,0.000           ,25744.37695       ,0.00000               ,0.000         ,0.000         ,0.000         ,0.000         ,0.000         
15:29:30.849393     ,0.878       ,0.000       ,18.751      ,7.120       ,7.120       ,6.545       ,0.575       ,0.000       ,0.000          ,0.000       ,0.000       ,0.000       ,0.000       ,0.000       ,0.000       ,0.000       ,0.00000       ,2443          ,0.542           ,214.717       ,53.000              ,-0.185              ,0.000           ,25744.38672       ,0.00000               ,0.000         ,0.000         ,0.000         ,0.000         ,-0.001        
15:29:30.860586     ,0.878       ,0.000       ,18.751      ,7.120       ,7.120       ,6.545       ,0.575       ,0.000       ,0.000          ,0.000       ,0.000       ,0.000       ,0.000       ,0.000       ,0.000       ,0.000       ,0.00000       ,2468          ,0.542           ,214.717       ,53.000              ,-0.185              ,0.000           ,25744.39453       ,0.00000               ,0.000         ,0.000         ,0.000         ,0.000         ,-0.001        
15:29:30.872905     ,0.879       ,0.000       ,18.751      ,7.100       ,7.100       ,6.545       ,0.555       ,0.000       ,0.000          ,0.000       ,0.000       ,0.000       ,0.000       ,0.000       ,0.000       ,0.000       ,0.00000       ,2492          ,0.545           ,219.023       ,53.000              ,-0.185              ,0.000           ,25744.40234       ,0.00000               ,0.000         ,0.000         ,0.000         ,0.000         ,0.000         
15:29:30.879638     ,0.879       ,0.000       ,18.751      ,7.100       ,7.100       ,6.545       ,0.555       ,0.000       ,0.000          ,0.000       ,0.000       ,0.000       ,0.000       ,0.000       ,0.000       ,0.000       ,0.00000       ,2517          ,0.547           ,221.221       ,53.000              ,-0.185              ,0.000           ,25744.41211       ,0.00000               ,0.000         ,0.000         ,0.000         ,0.000         ,0.000         
15:29:30.889496     ,0.879       ,0.000       ,18.751      ,7.080       ,7.080       ,6.545       ,0.535       ,0.000       ,0.000          ,0.000       ,0.000       ,0.000       ,0.000       ,0.000       ,0.000       ,0.000       ,0.00000       ,2542          ,0.549           ,223.418       ,53.000              ,-0.185              ,0.000           ,25744.41992       ,0.00000               ,0.000         ,0.000         ,0.000         ,0.000         ,-0.003        
15:29:30.899678     ,0.879       ,0.000       ,18.751      ,7.080       ,7.080       ,6.545       ,0.535       ,0.000       ,0.000          ,0.000       ,0.000       ,0.000       ,0.000       ,0.000       ,0.000       ,0.000       ,0.00000       ,2566          ,0.551           ,225.527       ,53.000              ,-0.185              ,0.000           ,25744.42969       ,0.00000               ,0.000         ,0.000         ,0.000         ,0.000         ,-0.001        
15:29:30.909585     ,0.879       ,0.000       ,18.751      ,7.080       ,7.080       ,6.545       ,0.535       ,0.000       ,0.000          ,0.000       ,0.000       ,0.000       ,0.000       ,0.000       ,0.000       ,0.000       ,0.00000       ,2590          ,0.553           ,227.637       ,52.800              ,-0.184              ,0.000           ,25744.43750       ,0.00000               ,0.000         ,0.000         ,0.000         ,0.000         ,0.000         
15:29:30.919611     ,0.879       ,0.000       ,18.751      ,7.120       ,7.120       ,6.545       ,0.575       ,0.000       ,0.000          ,0.000       ,0.000       ,0.000       ,0.000       ,0.000       ,0.000       ,0.000       ,0.00000       ,2615          ,0.555           ,229.834       ,52.200              ,-0.182              ,0.000           ,25744.44727       ,0.00000               ,0.000         ,0.000         ,0.000         ,0.000         ,-0.001        
15:29:30.937116     ,0.879       ,0.000       ,18.751      ,7.120       ,7.120       ,6.545       ,0.575       ,0.000       ,0.000          ,0.000       ,0.000       ,0.000       ,0.000       ,0.000       ,0.000       ,0.000       ,0.00000       ,2639          ,0.557           ,231.943       ,52.000              ,-0.182              ,0.000           ,25744.45508       ,0.00000               ,0.000         ,0.000         ,0.000         ,0.000         ,0.000         
15:29:30.946187     ,0.879       ,0.000       ,18.751      ,7.100       ,7.100       ,6.545       ,0.555       ,0.000       ,0.000          ,0.000       ,0.000       ,0.000       ,0.000       ,0.000       ,0.000       ,0.000       ,0.00000       ,2662          ,0.559           ,233.965       ,52.000              ,-0.182              ,0.000           ,25744.46289       ,0.00000               ,0.000         ,0.000         ,0.000         ,0.000         ,-0.001        
15:29:30.954637     ,0.879       ,0.000       ,18.751      ,7.120       ,7.120       ,6.545       ,0.575       ,0.000       ,0.000          ,0.000       ,0.000       ,0.000       ,0.000       ,0.000       ,0.000       ,0.000       ,0.00000       ,2686          ,0.560           ,236.074       ,51.600              ,-0.180              ,0.000           ,25744.47070       ,0.00000               ,0.000         ,0.000         ,0.000         ,0.000         ,-0.001        
15:29:30.973128     ,0.879       ,0.000       ,18.751      ,7.100       ,7.100       ,6.545       ,0.555       ,0.000       ,0.000          ,0.000       ,0.000       ,0.000       ,0.000       ,0.000       ,0.000       ,0.000       ,0.00000       ,2732          ,0.564           ,240.117       ,51.200              ,-0.179              ,0.000           ,25744.48633       ,0.00000               ,0.000         ,0.000         ,0.000         ,0.000         ,-0.003        
15:29:30.990691     ,0.878       ,0.000       ,18.783      ,7.140       ,7.140       ,6.545       ,0.595       ,0.000       ,0.000          ,0.000       ,0.000       ,0.000       ,0.000       ,0.000       ,0.000       ,0.000       ,0.00000       ,2755          ,0.566           ,242.139       ,51.000              ,-0.178              ,0.000           ,25744.49414       ,0.00000               ,0.000         ,0.000         ,0.000         ,0.000         ,0.000         
15:29:30.990832     ,0.878       ,0.000       ,18.783      ,7.130       ,7.130       ,6.545       ,0.585       ,0.000       ,0.000          ,0.000       ,0.000       ,0.000       ,0.000       ,0.000       ,0.000       ,0.000       ,0.00000       ,2778          ,0.567           ,244.160       ,51.000              ,-0.178              ,0.000           ,25744.50195       ,0.00000               ,0.000         ,0.000         ,0.000         ,0.000         ,0.000         
15:29:30.990917     ,0.878       ,0.000       ,18.783      ,7.130       ,7.130       ,6.545       ,0.585       ,0.000       ,0.000          ,0.000       ,0.000       ,0.000       ,0.000       ,0.000       ,0.000       ,0.000       ,0.00000       ,2778          ,0.567           ,244.160       ,51.000              ,-0.178              ,0.000           ,25744.50195       ,0.00000               ,0.000         ,0.000         ,0.000         ,0.000         ,0.000         
15:29:30.999694     ,0.878       ,0.000       ,18.783      ,7.130       ,7.130       ,6.545       ,0.585       ,0.000       ,0.000          ,0.000       ,0.000       ,0.000       ,0.000       ,0.000       ,0.000       ,0.000       ,0.00000       ,2801          ,0.569           ,246.182       ,50.600              ,-0.177              ,0.000           ,25744.50977       ,0.00000               ,0.000         ,0.000         ,0.000         ,0.000         ,0.000         
15:29:31.010486     ,0.878       ,0.000       ,18.783      ,7.130       ,7.130       ,6.545       ,0.585       ,0.000       ,0.000          ,0.000       ,0.000       ,0.000       ,0.000       ,0.000       ,0.000       ,0.000       ,0.00000       ,2824          ,0.571           ,248.203       ,50.400              ,-0.176              ,0.000           ,25744.51758       ,0.00000               ,0.000         ,0.000         ,0.000         ,0.000         ,-0.001        
15:29:31.020591     ,0.878       ,0.000       ,18.783      ,7.130       ,7.130       ,6.545       ,0.585       ,0.000       ,0.000          ,0.000       ,0.000       ,0.000       ,0.000       ,0.000       ,0.000       ,0.000       ,0.00000       ,2846          ,0.573           ,250.137       ,50.000              ,-0.175              ,0.000           ,25744.52734       ,0.00000               ,0.000         ,0.000         ,0.000         ,0.000         ,0.000         
15:29:31.030812     ,0.878       ,0.000       ,18.783      ,7.130       ,7.130       ,6.545       ,0.585       ,0.000       ,0.000          ,0.000       ,0.000       ,0.000       ,0.000       ,0.000       ,0.000       ,0.000       ,0.00000       ,2869          ,0.574           ,252.158       ,50.000              ,-0.175              ,0.000           ,25744.53516       ,0.00000               ,0.000         ,0.000         ,0.000         ,0.000         ,-0.001        
15:29:31.039803     ,0.878       ,0.000       ,18.783      ,7.150       ,7.150       ,6.545       ,0.605       ,0.000       ,0.000          ,0.000       ,0.000       ,0.000       ,0.000       ,0.000       ,0.000       ,0.000       ,0.00000       ,2891          ,0.576           ,254.092       ,49.600              ,-0.173              ,0.000           ,25744.54297       ,0.00000               ,0.000         ,0.000         ,0.000         ,0.000         ,0.000         
15:29:31.050468     ,0.878       ,0.000       ,18.783      ,7.140       ,7.140       ,6.545       ,0.595       ,0.000       ,0.000          ,0.000       ,0.000       ,0.000       ,0.000       ,0.000       ,0.000       ,0.000       ,0.00000       ,2913          ,0.578           ,256.025       ,49.400              ,-0.172              ,0.000           ,25744.55078       ,0.00000               ,0.000         ,0.000         ,0.000         ,0.000         ,0.000         
15:29:31.061839     ,0.878       ,0.000       ,18.783      ,7.140       ,7.140       ,6.545       ,0.595       ,0.000       ,0.000          ,0.000       ,0.000       ,0.000       ,0.000       ,0.000       ,0.000       ,0.000       ,0.00000       ,2935          ,0.579           ,257.959       ,49.000              ,-0.171              ,0.000           ,25744.55664       ,0.00000               ,0.000         ,0.000         ,0.000         ,0.000         ,0.000         
15:29:31.073204     ,0.879       ,0.000       ,18.751      ,7.150       ,7.150       ,6.545       ,0.605       ,0.000       ,0.000          ,0.000       ,0.000       ,0.000       ,0.000       ,0.000       ,0.000       ,0.000       ,0.00000       ,2957          ,0.581           ,259.893       ,48.600              ,-0.170              ,0.000           ,25744.56445       ,0.00000               ,0.000         ,0.000         ,0.000         ,0.000         ,0.001         
15:29:31.080798     ,0.879       ,0.000       ,18.751      ,7.160       ,7.160       ,6.545       ,0.615       ,0.000       ,0.000          ,0.000       ,0.000       ,0.000       ,0.000       ,0.000       ,0.000       ,0.000       ,0.00000       ,2979          ,0.583           ,261.826       ,48.200              ,-0.168              ,0.000           ,25744.57227       ,0.00000               ,0.000         ,0.000         ,0.000         ,0.000         ,0.001         
15:29:31.090658     ,0.879       ,0.000       ,18.751      ,7.150       ,7.150       ,6.545       ,0.605       ,0.000       ,0.000          ,0.000       ,0.000       ,0.000       ,0.000       ,0.000       ,0.000       ,0.000       ,0.00000       ,3000          ,0.584           ,263.672       ,48.000              ,-0.168              ,0.000           ,25744.58008       ,0.00000               ,0.000         ,0.000         ,0.000         ,0.000         ,0.000         
15:29:31.099876     ,0.879       ,0.000       ,18.751      ,7.160       ,7.160       ,6.545       ,0.615       ,0.000       ,0.000          ,0.000       ,0.000       ,0.000       ,0.000       ,0.000       ,0.000       ,0.000       ,0.00000       ,3022          ,0.586           ,265.605       ,48.000              ,-0.168              ,0.000           ,25744.58789       ,0.00000               ,0.000         ,0.000         ,0.000         ,0.000         ,0.000         
15:29:31.110502     ,0.879       ,0.000       ,18.751      ,7.190       ,7.190       ,6.545       ,0.645       ,0.000       ,0.000          ,0.000       ,0.000       ,0.000       ,0.000       ,0.000       ,0.000       ,0.000       ,0.00000       ,3043          ,0.588           ,267.451       ,47.800              ,-0.167              ,0.000           ,25744.59570       ,0.00000               ,0.000         ,0.000         ,0.000         ,0.000         ,-0.001        
15:29:31.120549     ,0.879       ,0.000       ,18.751      ,7.160       ,7.160       ,6.545       ,0.615       ,0.000       ,0.000          ,0.000       ,0.000       ,0.000       ,0.000       ,0.000       ,0.000       ,0.000       ,0.00000       ,3064          ,0.589           ,269.297       ,47.400              ,-0.165              ,0.000           ,25744.60156       ,0.00000               ,0.000         ,0.000         ,0.000         ,0.000         ,-0.001        
15:29:31.130389     ,0.879       ,0.000       ,18.751      ,7.180       ,7.180       ,6.545       ,0.635       ,0.000       ,0.000          ,0.000       ,0.000       ,0.000       ,0.000       ,0.000       ,0.000       ,0.000       ,0.00000       ,3086          ,0.591           ,271.230       ,47.000              ,-0.164              ,0.000           ,25744.60938       ,0.00000               ,0.000         ,0.000         ,0.000         ,0.000         ,-0.001        
15:29:31.141709     ,0.879       ,0.000       ,18.751      ,7.180       ,7.180       ,6.545       ,0.635       ,0.000       ,0.000          ,0.000       ,0.000       ,0.000       ,0.000       ,0.000       ,0.000       ,0.000       ,0.00000       ,3107          ,0.593           ,273.076       ,47.000              ,-0.164              ,0.000           ,25744.61523       ,0.00000               ,0.000         ,0.000         ,0.000         ,0.000         ,-0.001        
15:29:31.150651     ,0.879       ,0.000       ,18.751      ,7.180       ,7.180       ,6.545       ,0.635       ,0.000       ,0.000          ,0.000       ,0.000       ,0.000       ,0.000       ,0.000       ,0.000       ,0.000       ,0.00000       ,3127          ,0.594           ,274.834       ,46.800              ,-0.163              ,0.000           ,25744.62305       ,0.00000               ,0.000         ,0.000         ,0.000         ,0.000         ,-0.001        
15:29:31.162596     ,0.879       ,0.000       ,18.751      ,7.180       ,7.180       ,6.545       ,0.635       ,0.000       ,0.000          ,0.000       ,0.000       ,0.000       ,0.000       ,0.000       ,0.000       ,0.000       ,0.00000       ,3148          ,0.596           ,276.680       ,46.400              ,-0.162              ,0.000           ,25744.63086       ,0.00000               ,0.000         ,0.000         ,0.000         ,0.000         ,-0.001        
15:29:31.173676     ,0.879       ,0.000       ,18.751      ,7.160       ,7.160       ,6.545       ,0.615       ,0.000       ,0.000          ,0.000       ,0.000       ,0.000       ,0.000       ,0.000       ,0.000       ,0.000       ,0.00000       ,3148          ,0.596           ,276.680       ,46.000              ,-0.161              ,0.000           ,25744.63867       ,0.00000               ,0.000         ,0.000         ,0.000         ,0.000         ,-0.001        
15:29:31.179976     ,0.879       ,0.000       ,18.751      ,7.190       ,7.190       ,6.545       ,0.645       ,0.000       ,0.000          ,0.000       ,0.000       ,0.000       ,0.000       ,0.000       ,0.000       ,0.000       ,0.00000       ,3148          ,0.596           ,276.680       ,46.000              ,-0.161              ,0.000           ,25744.64453       ,0.00000               ,0.000         ,0.000         ,0.000         ,0.000         ,-0.001        
15:29:31.190414     ,0.879       ,0.000       ,18.751      ,7.190       ,7.190       ,6.545       ,0.645       ,0.000       ,0.000          ,0.000       ,0.000       ,0.000       ,0.000       ,0.000       ,0.000       ,0.000       ,0.00000       ,3210          ,0.601           ,282.129       ,45.800              ,-0.160              ,0.000           ,25744.65234       ,0.00000               ,0.000         ,0.000         ,0.000         ,0.000         ,-0.001        
15:29:31.200728     ,0.879       ,0.000       ,18.751      ,7.200       ,7.200       ,6.545       ,0.655       ,0.000       ,0.000          ,0.000       ,0.000       ,0.000       ,0.000       ,0.000       ,0.000       ,0.000       ,0.00000       ,3230          ,0.602           ,283.887       ,45.400              ,-0.158              ,0.000           ,25744.66016       ,0.00000               ,0.000         ,0.000         ,0.000         ,0.000         ,0.000         
15:29:31.210644     ,0.879       ,0.000       ,18.751      ,7.200       ,7.200       ,6.545       ,0.655       ,0.000       ,0.000          ,0.000       ,0.000       ,0.000       ,0.000       ,0.000       ,0.000       ,0.000       ,0.00000       ,3251          ,0.604           ,285.732       ,45.000              ,-0.157              ,0.000           ,25744.66797       ,0.00000               ,0.000         ,0.000         ,0.000         ,0.000         ,-0.001        
15:29:31.220320     ,0.879       ,0.000       ,18.751      ,7.190       ,7.190       ,6.545       ,0.645       ,0.000       ,0.000          ,0.000       ,0.000       ,0.000       ,0.000       ,0.000       ,0.000       ,0.000       ,0.00000       ,3271          ,0.605           ,287.490       ,45.000              ,-0.157              ,0.000           ,25744.67383       ,0.00000               ,0.000         ,0.000         ,0.000         ,0.000         ,-0.001        
15:29:31.229598     ,0.879       ,0.000       ,18.751      ,7.190       ,7.190       ,6.545       ,0.645       ,0.000       ,0.000          ,0.000       ,0.000       ,0.000       ,0.000       ,0.000       ,0.000       ,0.000       ,0.00000       ,3291          ,0.607           ,289.248       ,44.800              ,-0.156              ,0.000           ,25744.67969       ,0.00000               ,0.000         ,0.000         ,0.000         ,0.000         ,0.000         
15:29:31.240345     ,0.879       ,0.000       ,18.751      ,7.190       ,7.190       ,6.545       ,0.645       ,0.000       ,0.000          ,0.000       ,0.000       ,0.000       ,0.000       ,0.000       ,0.000       ,0.000       ,0.00000       ,3311          ,0.608           ,291.006       ,44.400              ,-0.155              ,0.000           ,25744.68750       ,0.00000               ,0.000         ,0.000         ,0.000         ,0.000         ,-0.001        
15:29:31.249445     ,0.879       ,0.000       ,18.751      ,7.150       ,7.150       ,6.545       ,0.605       ,0.000       ,0.000          ,0.000       ,0.000       ,0.000       ,0.000       ,0.000       ,0.000       ,0.000       ,0.00000       ,3311          ,0.608           ,291.006       ,44.000              ,-0.154              ,0.000           ,25744.69531       ,0.00000               ,0.000         ,0.000         ,0.000         ,0.000         ,-0.003        
15:29:31.260344     ,0.879       ,0.000       ,18.751      ,7.140       ,7.140       ,6.545       ,0.595       ,0.000       ,0.000          ,0.000       ,0.000       ,0.000       ,0.000       ,0.000       ,0.000       ,0.000       ,0.00000       ,3311          ,0.608           ,291.006       ,43.800              ,-0.153              ,0.000           ,25744.70117       ,0.00000               ,0.000         ,0.000         ,0.000         ,0.000         ,-0.003        
15:29:31.274070     ,0.876       ,0.000       ,18.751      ,7.120       ,7.120       ,6.545       ,0.575       ,0.000       ,0.000          ,0.000       ,0.000       ,0.000       ,0.000       ,0.000       ,0.000       ,0.000       ,0.00000       ,3311          ,0.608           ,291.006       ,43.200              ,-0.151              ,0.000           ,25744.70703       ,0.00000               ,0.000         ,0.000         ,0.000         ,0.000         ,0.006         
15:29:31.280386     ,0.876       ,0.000       ,18.751      ,7.080       ,7.080       ,6.545       ,0.535       ,0.000       ,0.000          ,0.000       ,0.000       ,0.000       ,0.000       ,0.000       ,0.000       ,0.000       ,0.00000       ,3311          ,0.608           ,291.006       ,43.000              ,-0.150              ,0.000           ,25744.71484       ,0.00000               ,0.000         ,0.000         ,0.000         ,0.000         ,0.006         
15:29:31.289614     ,0.876       ,0.000       ,18.751      ,7.000       ,7.000       ,6.545       ,0.455       ,0.000       ,0.000          ,0.000       ,0.000       ,0.000       ,0.000       ,0.000       ,0.000       ,0.000       ,0.00000       ,3311          ,0.608           ,291.006       ,43.000              ,-0.150              ,0.000           ,25744.72070       ,0.00000               ,0.000         ,0.000         ,0.000         ,0.000         ,0.000         
15:29:31.299472     ,0.876       ,0.000       ,18.751      ,7.000       ,7.000       ,6.545       ,0.455       ,0.000       ,0.000          ,0.000       ,0.000       ,0.000       ,0.000       ,0.000       ,0.000       ,0.000       ,0.00000       ,3311          ,0.608           ,291.006       ,43.000              ,-0.150              ,0.000           ,25744.72852       ,0.00000               ,0.000         ,0.000         ,0.000         ,0.000         ,0.000         
15:29:31.309529     ,0.876       ,0.000       ,18.751      ,6.960       ,6.960       ,6.545       ,0.415       ,0.000       ,0.000          ,0.000       ,0.000       ,0.000       ,0.000       ,0.000       ,0.000       ,0.000       ,0.00000       ,3311          ,0.608           ,291.006       ,43.000              ,-0.150              ,0.000           ,25744.73633       ,0.00000               ,0.000         ,0.000         ,0.000         ,0.000         ,-0.001        
15:29:31.319502     ,0.876       ,0.000       ,18.751      ,6.950       ,6.950       ,6.545       ,0.405       ,0.000       ,0.000          ,0.000       ,0.000       ,0.000       ,0.000       ,0.000       ,0.000       ,0.000       ,0.00000       ,3311          ,0.608           ,291.006       ,43.000              ,-0.150              ,0.000           ,25744.74219       ,0.00000               ,0.000         ,0.000         ,0.000         ,0.000         ,0.000         
15:29:31.331385     ,0.876       ,0.000       ,18.751      ,6.930       ,6.930       ,6.545       ,0.385       ,0.000       ,0.000          ,0.000       ,0.000       ,0.000       ,0.000       ,0.000       ,0.000       ,0.000       ,0.00000       ,3311          ,0.608           ,291.006       ,43.000              ,-0.150              ,0.000           ,25744.75000       ,0.00000               ,0.000         ,0.000         ,0.000         ,0.000         ,-0.001        
15:29:31.339355     ,0.876       ,0.000       ,18.751      ,6.930       ,6.930       ,6.545       ,0.385       ,0.000       ,0.000          ,0.000       ,0.000       ,0.000       ,0.000       ,0.000       ,0.000       ,0.000       ,0.00000       ,3311          ,0.608           ,291.006       ,43.000              ,-0.150              ,0.000           ,25744.75586       ,0.00000               ,0.000         ,0.000         ,0.000         ,0.000         ,0.000         
15:29:31.349481     ,0.876       ,0.000       ,18.751      ,6.920       ,6.920       ,6.545       ,0.375       ,0.000       ,0.000          ,0.000       ,0.000       ,0.000       ,0.000       ,0.000       ,0.000       ,0.000       ,0.00000       ,3311          ,0.608           ,291.006       ,43.000              ,-0.150              ,0.000           ,25744.76367       ,0.00000               ,0.000         ,0.000         ,0.000         ,0.000         ,0.000         
15:29:31.360251     ,0.876       ,0.000       ,18.751      ,6.950       ,6.950       ,6.545       ,0.405       ,0.000       ,0.000          ,0.000       ,0.000       ,0.000       ,0.000       ,0.000       ,0.000       ,0.000       ,0.00000       ,3311          ,0.608           ,291.006       ,43.000              ,-0.150              ,0.000           ,25744.77148       ,0.00000               ,0.000         ,0.000         ,0.000         ,0.000         ,0.000         
15:29:31.373931     ,0.876       ,0.000       ,18.751      ,6.930       ,6.930       ,6.545       ,0.385       ,0.000       ,0.000          ,0.000       ,0.000       ,0.000       ,0.000       ,0.000       ,0.000       ,0.000       ,0.00000       ,3311          ,0.608           ,291.006       ,43.000              ,-0.150              ,0.000           ,25744.77734       ,0.00000               ,0.000         ,0.000         ,0.000         ,0.000         ,-0.001        
15:29:31.379467     ,0.876       ,0.000       ,18.751      ,6.970       ,6.970       ,6.545       ,0.425       ,0.000       ,0.000          ,0.000       ,0.000       ,0.000       ,0.000       ,0.000       ,0.000       ,0.000       ,0.00000       ,3594          ,0.630           ,315.879       ,43.000              ,-0.150              ,0.000           ,25744.78516       ,0.00000               ,0.000         ,0.000         ,0.000         ,0.000         ,-0.001        
15:29:31.389406     ,0.876       ,0.000       ,18.751      ,7.000       ,7.000       ,6.545       ,0.455       ,0.000       ,0.000          ,0.000       ,0.000       ,0.000       ,0.000       ,0.000       ,0.000       ,0.000       ,0.00000       ,3616          ,0.632           ,317.812       ,43.000              ,-0.150              ,0.000           ,25744.79297       ,0.00000               ,0.000         ,0.000         ,0.000         ,0.000         ,-0.001        
15:29:31.400308     ,0.876       ,0.000       ,18.751      ,7.000       ,7.000       ,6.545       ,0.455       ,0.000       ,0.000          ,0.000       ,0.000       ,0.000       ,0.000       ,0.000       ,0.000       ,0.000       ,0.00000       ,3616          ,0.632           ,317.812       ,43.000              ,-0.150              ,0.000           ,25744.80078       ,0.00000               ,0.000         ,0.000         ,0.000         ,0.000         ,-0.001        
15:29:31.409334     ,0.876       ,0.000       ,18.751      ,7.040       ,7.040       ,6.545       ,0.495       ,0.000       ,0.000          ,0.000       ,0.000       ,0.000       ,0.000       ,0.000       ,0.000       ,0.000       ,0.00000       ,3659          ,0.635           ,321.592       ,43.000              ,-0.150              ,0.000           ,25744.80859       ,0.00000               ,0.000         ,0.000         ,0.000         ,0.000         ,0.000         
15:29:31.419497     ,0.876       ,0.000       ,18.751      ,7.060       ,7.060       ,6.545       ,0.515       ,0.000       ,0.000          ,0.000       ,0.000       ,0.000       ,0.000       ,0.000       ,0.000       ,0.000       ,0.00000       ,3681          ,0.637           ,323.525       ,43.000              ,-0.150              ,0.000           ,25744.81641       ,0.00000               ,0.000         ,0.000         ,0.000         ,0.000         ,0.000         
15:29:31.430413     ,0.876       ,0.000       ,18.751      ,7.080       ,7.080       ,6.545       ,0.535       ,0.000       ,0.000          ,0.000       ,0.000       ,0.000       ,0.000       ,0.000       ,0.000       ,0.000       ,0.00000       ,3702          ,0.638           ,325.371       ,43.000              ,-0.150              ,0.000           ,25744.82227       ,0.00000               ,0.000         ,0.000         ,0.000         ,0.000         ,-0.001        
15:29:31.439416     ,0.876       ,0.000       ,18.751      ,7.120       ,7.120       ,6.545       ,0.575       ,0.000       ,0.000          ,0.000       ,0.000       ,0.000       ,0.000       ,0.000       ,0.000       ,0.000       ,0.00000       ,3724          ,0.640           ,327.305       ,43.000              ,-0.150              ,0.000           ,25744.83008       ,0.00000               ,0.000         ,0.000         ,0.000         ,0.000         ,0.000         
15:29:31.450451     ,0.876       ,0.000       ,18.751      ,7.080       ,7.080       ,6.545       ,0.535       ,0.000       ,0.000          ,0.000       ,0.000       ,0.000       ,0.000       ,0.000       ,0.000       ,0.000       ,0.00000       ,3745          ,0.642           ,329.150       ,43.200              ,-0.151              ,0.000           ,25744.83789       ,0.00000               ,0.000         ,0.000         ,0.000         ,0.000         ,-0.001        
15:29:31.461561     ,0.876       ,0.000       ,18.751      ,7.060       ,7.060       ,6.545       ,0.515       ,0.000       ,0.000          ,0.000       ,0.000       ,0.000       ,0.000       ,0.000       ,0.000       ,0.000       ,0.00000       ,3767          ,0.643           ,331.084       ,43.600              ,-0.152              ,0.000           ,25744.84570       ,0.00000               ,0.000         ,0.000         ,0.000         ,0.000         ,-0.001        
15:29:31.472915     ,0.879       ,0.000       ,18.751      ,7.120       ,7.120       ,6.545       ,0.575       ,0.000       ,0.000          ,0.000       ,0.000       ,0.000       ,0.000       ,0.000       ,0.000       ,0.000       ,0.00000       ,3789          ,0.645           ,333.018       ,44.000              ,-0.154              ,0.000           ,25744.85352       ,0.00000               ,0.000         ,0.000         ,0.000         ,0.000         ,-0.001        
15:29:31.479529     ,0.879       ,0.000       ,18.751      ,7.090       ,7.090       ,6.545       ,0.545       ,0.000       ,0.000          ,0.000       ,0.000       ,0.000       ,0.000       ,0.000       ,0.000       ,0.000       ,0.00000       ,3810          ,0.647           ,334.863       ,44.000              ,-0.154              ,0.000           ,25744.86133       ,0.00000               ,0.000         ,0.000         ,0.000         ,0.000         ,-0.001        
15:29:31.490334     ,0.879       ,0.000       ,18.751      ,7.100       ,7.100       ,6.545       ,0.555       ,0.000       ,0.000          ,0.000       ,0.000       ,0.000       ,0.000       ,0.000       ,0.000       ,0.000       ,0.00000       ,3832          ,0.648           ,336.797       ,44.000              ,-0.154              ,0.000           ,25744.86719       ,0.00000               ,0.000         ,0.000         ,0.000         ,0.000         ,-0.001        
15:29:31.499811     ,0.879       ,0.000       ,18.751      ,7.130       ,7.130       ,6.545       ,0.585       ,0.000       ,0.000          ,0.000       ,0.000       ,0.000       ,0.000       ,0.000       ,0.000       ,0.000       ,0.00000       ,3832          ,0.648           ,336.797       ,44.000              ,-0.154              ,0.000           ,25744.87500       ,0.00000               ,0.000         ,0.000         ,0.000         ,0.000         ,-0.001        
15:29:31.509363     ,0.879       ,0.000       ,18.751      ,7.150       ,7.150       ,6.545       ,0.605       ,0.000       ,0.000          ,0.000       ,0.000       ,0.000       ,0.000       ,0.000       ,0.000       ,0.000       ,0.00000       ,3874          ,0.651           ,340.488       ,44.000              ,-0.154              ,0.000           ,25744.88281       ,0.00000               ,0.000         ,0.000         ,0.000         ,0.000         ,-0.001        
15:29:31.520374     ,0.879       ,0.000       ,18.751      ,7.140       ,7.140       ,6.545       ,0.595       ,0.000       ,0.000          ,0.000       ,0.000       ,0.000       ,0.000       ,0.000       ,0.000       ,0.000       ,0.00000       ,3896          ,0.653           ,342.422       ,44.000              ,-0.154              ,0.000           ,25744.88867       ,0.00000               ,0.000         ,0.000         ,0.000         ,0.000         ,-0.001        
15:29:31.529379     ,0.879       ,0.000       ,18.751      ,7.140       ,7.140       ,6.545       ,0.595       ,0.000       ,0.000          ,0.000       ,0.000       ,0.000       ,0.000       ,0.000       ,0.000       ,0.000       ,0.00000       ,3917          ,0.655           ,344.268       ,44.000              ,-0.154              ,0.000           ,25744.89844       ,0.00000               ,0.000         ,0.000         ,0.000         ,0.000         ,0.000         
15:29:31.541239     ,0.879       ,0.000       ,18.751      ,7.100       ,7.100       ,6.545       ,0.555       ,0.000       ,0.000          ,0.000       ,0.000       ,0.000       ,0.000       ,0.000       ,0.000       ,0.000       ,0.00000       ,3938          ,0.656           ,346.113       ,44.000              ,-0.154              ,0.000           ,25744.90625       ,0.00000               ,0.000         ,0.000         ,0.000         ,0.000         ,-0.001        
15:29:31.549297     ,0.879       ,0.000       ,18.751      ,7.100       ,7.100       ,6.545       ,0.555       ,0.000       ,0.000          ,0.000       ,0.000       ,0.000       ,0.000       ,0.000       ,0.000       ,0.000       ,0.00000       ,3959          ,0.658           ,347.959       ,44.000              ,-0.154              ,0.000           ,25744.91211       ,0.00000               ,0.000         ,0.000         ,0.000         ,0.000         ,0.000         
15:29:31.561460     ,0.879       ,0.000       ,18.751      ,7.120       ,7.120       ,6.545       ,0.575       ,0.000       ,0.000          ,0.000       ,0.000       ,0.000       ,0.000       ,0.000       ,0.000       ,0.000       ,0.00000       ,3980          ,0.660           ,349.805       ,44.000              ,-0.154              ,0.000           ,25744.91992       ,0.00000               ,0.000         ,0.000         ,0.000         ,0.000         ,-0.001        
15:29:31.572965     ,0.881       ,0.000       ,18.816      ,7.100       ,7.100       ,6.545       ,0.555       ,0.000       ,0.000          ,0.000       ,0.000       ,0.000       ,0.000       ,0.000       ,0.000       ,0.000       ,0.00000       ,3980          ,0.660           ,349.805       ,44.000              ,-0.154              ,0.000           ,25744.92578       ,0.00000               ,0.000         ,0.000         ,0.000         ,0.000         ,-0.001        
15:29:31.579395     ,0.881       ,0.000       ,18.816      ,7.120       ,7.120       ,6.545       ,0.575       ,0.000       ,0.000          ,0.000       ,0.000       ,0.000       ,0.000       ,0.000       ,0.000       ,0.000       ,0.00000       ,4022          ,0.663           ,353.496       ,44.000              ,-0.154              ,0.000           ,25744.93359       ,0.00000               ,0.000         ,0.000         ,0.000         ,0.000         ,-0.001        
15:29:31.589416     ,0.881       ,0.000       ,18.816      ,7.090       ,7.090       ,6.545       ,0.545       ,0.000       ,0.000          ,0.000       ,0.000       ,0.000       ,0.000       ,0.000       ,0.000       ,0.000       ,0.00000       ,4043          ,0.664           ,355.342       ,44.000              ,-0.154              ,0.000           ,25744.94141       ,0.00000               ,0.000         ,0.000         ,0.000         ,0.000         ,0.000         
15:29:31.600161     ,0.881       ,0.000       ,18.816      ,7.070       ,7.070       ,6.545       ,0.525       ,0.000       ,0.000          ,0.000       ,0.000       ,0.000       ,0.000       ,0.000       ,0.000       ,0.000       ,0.00000       ,4063          ,0.666           ,357.100       ,44.000              ,-0.154              ,0.000           ,25744.94727       ,0.00000               ,0.000         ,0.000         ,0.000         ,0.000         ,0.000         
15:29:31.609382     ,0.881       ,0.000       ,18.816      ,7.070       ,7.070       ,6.545       ,0.525       ,0.000       ,0.000          ,0.000       ,0.000       ,0.000       ,0.000       ,0.000       ,0.000       ,0.000       ,0.00000       ,4084          ,0.668           ,358.945       ,44.000              ,-0.154              ,0.000           ,25744.95508       ,0.00000               ,0.000         ,0.000         ,0.000         ,0.000         ,-0.001        
15:29:31.619548     ,0.881       ,0.000       ,18.816      ,7.070       ,7.070       ,6.545       ,0.525       ,0.000       ,0.000          ,0.000       ,0.000       ,0.000       ,0.000       ,0.000       ,0.000       ,0.000       ,0.00000       ,4105          ,0.669           ,0.791         ,44.000              ,-0.154              ,0.000           ,25744.96289       ,0.00000               ,0.000         ,0.000         ,0.000         ,0.000         ,-0.001        
15:29:31.629368     ,0.881       ,0.000       ,18.816      ,7.070       ,7.070       ,6.545       ,0.525       ,0.000       ,0.000          ,0.000       ,0.000       ,0.000       ,0.000       ,0.000       ,0.000       ,0.000       ,0.00000       ,4125          ,0.671           ,2.549         ,44.000              ,-0.154              ,0.000           ,25744.96875       ,0.00000               ,0.000         ,0.000         ,0.000         ,0.000         ,-0.003        
15:29:31.639556     ,0.881       ,0.000       ,18.816      ,7.070       ,7.070       ,6.545       ,0.525       ,0.000       ,0.000          ,0.000       ,0.000       ,0.000       ,0.000       ,0.000       ,0.000       ,0.000       ,0.00000       ,4145          ,0.672           ,4.307         ,44.000              ,-0.154              ,0.000           ,25744.97656       ,0.00000               ,0.000         ,0.000         ,0.000         ,0.000         ,-0.001        
15:29:31.650801     ,0.881       ,0.000       ,18.816      ,7.070       ,7.070       ,6.545       ,0.525       ,0.000       ,0.000          ,0.000       ,0.000       ,0.000       ,0.000       ,0.000       ,0.000       ,0.000       ,0.00000       ,4166          ,0.674           ,6.152         ,44.000              ,-0.154              ,0.000           ,25744.98438       ,0.00000               ,0.000         ,0.000         ,0.000         ,0.000         ,-0.001        
15:29:31.661575     ,0.881       ,0.000       ,18.816      ,7.090       ,7.090       ,6.545       ,0.545       ,0.000       ,0.000          ,0.000       ,0.000       ,0.000       ,0.000       ,0.000       ,0.000       ,0.000       ,0.00000       ,4186          ,0.675           ,7.910         ,44.000              ,-0.154              ,0.000           ,25744.99023       ,0.00000               ,0.000         ,0.000         ,0.000         ,0.000         ,-0.001        
15:29:31.673047     ,0.878       ,0.000       ,18.718      ,7.090       ,7.090       ,6.545       ,0.545       ,0.000       ,0.000          ,0.000       ,0.000       ,0.000       ,0.000       ,0.000       ,0.000       ,0.000       ,0.00000       ,4206          ,0.677           ,9.668         ,44.000              ,-0.154              ,0.000           ,25744.99805       ,0.00000               ,0.000         ,0.000         ,0.000         ,0.000         ,0.000         
15:29:31.679421     ,0.878       ,0.000       ,18.718      ,7.090       ,7.090       ,6.545       ,0.545       ,0.000       ,0.000          ,0.000       ,0.000       ,0.000       ,0.000       ,0.000       ,0.000       ,0.000       ,0.00000       ,4226          ,0.678           ,11.426        ,43.600              ,-0.152              ,0.000           ,25745.00391       ,0.00000               ,0.000         ,0.000         ,0.000         ,0.000         ,0.000         
15:29:31.689321     ,0.878       ,0.000       ,18.718      ,7.120       ,7.120       ,6.545       ,0.575       ,0.000       ,0.000          ,0.000       ,0.000       ,0.000       ,0.000       ,0.000       ,0.000       ,0.000       ,0.00000       ,4246          ,0.680           ,13.184        ,43.400              ,-0.151              ,0.000           ,25745.01172       ,0.00000               ,0.000         ,0.000         ,0.000         ,0.000         ,-0.001        
15:29:31.699358     ,0.878       ,0.000       ,18.718      ,7.120       ,7.120       ,6.545       ,0.575       ,0.000       ,0.000          ,0.000       ,0.000       ,0.000       ,0.000       ,0.000       ,0.000       ,0.000       ,0.00000       ,4266          ,0.682           ,14.941        ,43.000              ,-0.150              ,0.000           ,25745.01953       ,0.00000               ,0.000         ,0.000         ,0.000         ,0.000         ,0.001         
15:29:31.709416     ,0.878       ,0.000       ,18.718      ,7.120       ,7.120       ,6.545       ,0.575       ,0.000       ,0.000          ,0.000       ,0.000       ,0.000       ,0.000       ,0.000       ,0.000       ,0.000       ,0.00000       ,4285          ,0.683           ,16.611        ,43.000              ,-0.150              ,0.000           ,25745.02539       ,0.00000               ,0.000         ,0.000         ,0.000         ,0.000         ,0.000         
15:29:31.719357     ,0.878       ,0.000       ,18.718      ,7.130       ,7.130       ,6.545       ,0.585       ,0.000       ,0.000          ,0.000       ,0.000       ,0.000       ,0.000       ,0.000       ,0.000       ,0.000       ,0.00000       ,4304          ,0.684           ,18.281        ,43.000              ,-0.150              ,0.000           ,25745.03125       ,0.00000               ,0.000         ,0.000         ,0.000         ,0.000         ,0.000         
15:29:31.729393     ,0.878       ,0.000       ,18.718      ,7.140       ,7.140       ,6.545       ,0.595       ,0.000       ,0.000          ,0.000       ,0.000       ,0.000       ,0.000       ,0.000       ,0.000       ,0.000       ,0.00000       ,4322          ,0.686           ,19.863        ,42.600              ,-0.149              ,0.000           ,25745.03906       ,0.00000               ,0.000         ,0.000         ,0.000         ,0.000         ,0.000         
15:29:31.739555     ,0.878       ,0.000       ,18.718      ,7.140       ,7.140       ,6.545       ,0.595       ,0.000       ,0.000          ,0.000       ,0.000       ,0.000       ,0.000       ,0.000       ,0.000       ,0.000       ,0.00000       ,4341          ,0.687           ,21.533        ,42.200              ,-0.147              ,0.000           ,25745.04492       ,0.00000               ,0.000         ,0.000         ,0.000         ,0.000         ,-0.001        
15:29:31.749425     ,0.878       ,0.000       ,18.718      ,7.140       ,7.140       ,6.545       ,0.595       ,0.000       ,0.000          ,0.000       ,0.000       ,0.000       ,0.000       ,0.000       ,0.000       ,0.000       ,0.00000       ,4359          ,0.689           ,23.115        ,42.000              ,-0.147              ,0.000           ,25745.05078       ,0.00000               ,0.000         ,0.000         ,0.000         ,0.000         ,-0.004        
15:29:31.760264     ,0.878       ,0.000       ,18.718      ,7.130       ,7.130       ,6.545       ,0.585       ,0.000       ,0.000          ,0.000       ,0.000       ,0.000       ,0.000       ,0.000       ,0.000       ,0.000       ,0.00000       ,4377          ,0.690           ,24.697        ,41.800              ,-0.146              ,0.000           ,25745.05664       ,0.00000               ,0.000         ,0.000         ,0.000         ,0.000         ,-0.003        
15:29:31.775104     ,0.883       ,0.000       ,18.751      ,7.140       ,7.140       ,6.545       ,0.595       ,0.000       ,0.000          ,0.000       ,0.000       ,0.000       ,0.000       ,0.000       ,0.000       ,0.000       ,0.00000       ,4394          ,0.691           ,26.191        ,41.200              ,-0.144              ,0.000           ,25745.06250       ,0.00000               ,0.000         ,0.000         ,0.000         ,0.000         ,0.000         
15:29:31.779438     ,0.883       ,0.000       ,18.751      ,7.140       ,7.140       ,6.545       ,0.595       ,0.000       ,0.000          ,0.000       ,0.000       ,0.000       ,0.000       ,0.000       ,0.000       ,0.000       ,0.00000       ,4411          ,0.693           ,27.686        ,40.600              ,-0.142              ,0.000           ,25745.06836       ,0.00000               ,0.000         ,0.000         ,0.000         ,0.000         ,0.000         
15:29:31.790320     ,0.883       ,0.000       ,18.751      ,7.130       ,7.130       ,6.545       ,0.585       ,0.000       ,0.000          ,0.000       ,0.000       ,0.000       ,0.000       ,0.000       ,0.000       ,0.000       ,0.00000       ,4427          ,0.694           ,29.092        ,40.400              ,-0.141              ,0.000           ,25745.07617       ,0.00000               ,0.000         ,0.000         ,0.000         ,0.000         ,-0.001        
15:29:31.799392     ,0.883       ,0.000       ,18.751      ,7.140       ,7.140       ,6.545       ,0.595       ,0.000       ,0.000          ,0.000       ,0.000       ,0.000       ,0.000       ,0.000       ,0.000       ,0.000       ,0.00000       ,4443          ,0.695           ,30.498        ,39.600              ,-0.138              ,0.000           ,25745.08008       ,0.00000               ,0.000         ,0.000         ,0.000         ,0.000         ,-0.001        
15:29:31.810358     ,0.883       ,0.000       ,18.751      ,7.150       ,7.150       ,6.545       ,0.605       ,0.000       ,0.000          ,0.000       ,0.000       ,0.000       ,0.000       ,0.000       ,0.000       ,0.000       ,0.00000       ,4459          ,0.696           ,31.904        ,39.400              ,-0.138              ,0.000           ,25745.08398       ,0.00000               ,0.000         ,0.000         ,0.000         ,0.000         ,-0.001        
15:29:31.819374     ,0.883       ,0.000       ,18.751      ,7.140       ,7.140       ,6.545       ,0.595       ,0.000       ,0.000          ,0.000       ,0.000       ,0.000       ,0.000       ,0.000       ,0.000       ,0.000       ,0.00000       ,4474          ,0.698           ,33.223        ,38.600              ,-0.135              ,0.000           ,25745.09180       ,0.00000               ,0.000         ,0.000         ,0.000         ,0.000         ,-0.001        
15:29:31.830447     ,0.883       ,0.000       ,18.751      ,7.130       ,7.130       ,6.545       ,0.585       ,0.000       ,0.000          ,0.000       ,0.000       ,0.000       ,0.000       ,0.000       ,0.000       ,0.000       ,0.00000       ,4489          ,0.699           ,34.541        ,38.400              ,-0.134              ,0.000           ,25745.09570       ,0.00000               ,0.000         ,0.000         ,0.000         ,0.000         ,-0.001        
15:29:31.839341     ,0.883       ,0.000       ,18.751      ,7.140       ,7.140       ,6.545       ,0.595       ,0.000       ,0.000          ,0.000       ,0.000       ,0.000       ,0.000       ,0.000       ,0.000       ,0.000       ,0.00000       ,4503          ,0.700           ,35.771        ,37.600              ,-0.131              ,0.000           ,25745.10156       ,0.00000               ,0.000         ,0.000         ,0.000         ,0.000         ,-0.001        
15:29:31.850468     ,0.883       ,0.000       ,18.751      ,7.140       ,7.140       ,6.545       ,0.595       ,0.000       ,0.000          ,0.000       ,0.000       ,0.000       ,0.000       ,0.000       ,0.000       ,0.000       ,0.00000       ,4517          ,0.701           ,37.002        ,37.200              ,-0.130              ,0.000           ,25745.10547       ,0.00000               ,0.000         ,0.000         ,0.000         ,0.000         ,0.000         
15:29:31.860496     ,0.883       ,0.000       ,18.751      ,7.150       ,7.150       ,6.545       ,0.605       ,0.000       ,0.000          ,0.000       ,0.000       ,0.000       ,0.000       ,0.000       ,0.000       ,0.000       ,0.00000       ,4530          ,0.702           ,38.145        ,36.200              ,-0.126              ,0.000           ,25745.11133       ,0.00000               ,0.000         ,0.000         ,0.000         ,0.000         ,-0.001        
15:29:31.873110     ,0.883       ,0.000       ,18.734      ,7.140       ,7.140       ,6.545       ,0.595       ,0.000       ,0.000          ,0.000       ,0.000       ,0.000       ,0.000       ,0.000       ,0.000       ,0.000       ,0.00000       ,4543          ,0.703           ,39.287        ,35.200              ,-0.123              ,0.000           ,25745.11523       ,0.00000               ,0.000         ,0.000         ,0.000         ,0.000         ,0.000         
15:29:31.879460     ,0.883       ,0.000       ,18.734      ,7.150       ,7.150       ,6.545       ,0.605       ,0.000       ,0.000          ,0.000       ,0.000       ,0.000       ,0.000       ,0.000       ,0.000       ,0.000       ,0.00000       ,4556          ,0.704           ,40.430        ,34.600              ,-0.121              ,0.000           ,25745.11914       ,0.00000               ,0.000         ,0.000         ,0.000         ,0.000         ,0.000         
15:29:31.890292     ,0.883       ,0.000       ,18.734      ,7.150       ,7.150       ,6.545       ,0.605       ,0.000       ,0.000          ,0.000       ,0.000       ,0.000       ,0.000       ,0.000       ,0.000       ,0.000       ,0.00000       ,4568          ,0.705           ,41.484        ,34.200              ,-0.119              ,0.000           ,25745.12305       ,0.00000               ,0.000         ,0.000         ,0.000         ,0.000         ,0.000         
15:29:31.899409     ,0.883       ,0.000       ,18.734      ,7.140       ,7.140       ,6.545       ,0.595       ,0.000       ,0.000          ,0.000       ,0.000       ,0.000       ,0.000       ,0.000       ,0.000       ,0.000       ,0.00000       ,4579          ,0.706           ,42.451        ,33.200              ,-0.116              ,0.000           ,25745.12695       ,0.00000               ,0.000         ,0.000         ,0.000         ,0.000         ,0.000         
15:29:31.910297     ,0.883       ,0.000       ,18.734      ,7.120       ,7.120       ,6.545       ,0.575       ,0.000       ,0.000          ,0.000       ,0.000       ,0.000       ,0.000       ,0.000       ,0.000       ,0.000       ,0.00000       ,4591          ,0.706           ,43.506        ,32.800              ,-0.114              ,0.000           ,25745.13086       ,0.00000               ,0.000         ,0.000         ,0.000         ,0.000         ,-0.001        
15:29:31.919380     ,0.883       ,0.000       ,18.734      ,7.120       ,7.120       ,6.545       ,0.575       ,0.000       ,0.000          ,0.000       ,0.000       ,0.000       ,0.000       ,0.000       ,0.000       ,0.000       ,0.00000       ,4602          ,0.707           ,44.473        ,31.800              ,-0.111              ,0.000           ,25745.13477       ,0.00000               ,0.000         ,0.000         ,0.000         ,0.000         ,0.003         
15:29:31.930513     ,0.883       ,0.000       ,18.734      ,7.130       ,7.130       ,6.545       ,0.585       ,0.000       ,0.000          ,0.000       ,0.000       ,0.000       ,0.000       ,0.000       ,0.000       ,0.000       ,0.00000       ,4612          ,0.708           ,45.352        ,31.200              ,-0.109              ,0.000           ,25745.13672       ,0.00000               ,0.000         ,0.000         ,0.000         ,0.000         ,0.000         
15:29:31.939403     ,0.883       ,0.000       ,18.734      ,7.140       ,7.140       ,6.545       ,0.595       ,0.000       ,0.000          ,0.000       ,0.000       ,0.000       ,0.000       ,0.000       ,0.000       ,0.000       ,0.00000       ,4622          ,0.709           ,46.230        ,29.800              ,-0.104              ,0.000           ,25745.14062       ,0.00000               ,0.000         ,0.000         ,0.000         ,0.000         ,-0.001        
15:29:31.949424     ,0.883       ,0.000       ,18.734      ,7.140       ,7.140       ,6.545       ,0.595       ,0.000       ,0.000          ,0.000       ,0.000       ,0.000       ,0.000       ,0.000       ,0.000       ,0.000       ,0.00000       ,4631          ,0.710           ,47.021        ,29.200              ,-0.102              ,0.000           ,25745.14453       ,0.00000               ,0.000         ,0.000         ,0.000         ,0.000         ,0.000         
15:29:31.960247     ,0.883       ,0.000       ,18.734      ,7.140       ,7.140       ,6.545       ,0.595       ,0.000       ,0.000          ,0.000       ,0.000       ,0.000       ,0.000       ,0.000       ,0.000       ,0.000       ,0.00000       ,4640          ,0.710           ,47.812        ,28.800              ,-0.101              ,0.000           ,25745.14648       ,0.00000               ,0.000         ,0.000         ,0.000         ,0.000         ,-0.001        
15:29:31.973827     ,0.881       ,0.000       ,18.783      ,7.150       ,7.150       ,6.545       ,0.605       ,0.000       ,0.000          ,0.000       ,0.000       ,0.000       ,0.000       ,0.000       ,0.000       ,0.000       ,0.00000       ,4649          ,0.711           ,48.604        ,27.800              ,-0.097              ,0.000           ,25745.15039       ,0.00000               ,0.000         ,0.000         ,0.000         ,0.000         ,-0.001        
15:29:31.979347     ,0.881       ,0.000       ,18.783      ,7.150       ,7.150       ,6.545       ,0.605       ,0.000       ,0.000          ,0.000       ,0.000       ,0.000       ,0.000       ,0.000       ,0.000       ,0.000       ,0.00000       ,4657          ,0.712           ,49.307        ,26.800              ,-0.094              ,0.000           ,25745.15430       ,0.00000               ,0.000         ,0.000         ,0.000         ,0.000         ,-0.001        
15:29:31.989396     ,0.881       ,0.000       ,18.783      ,7.160       ,7.160       ,6.545       ,0.615       ,0.000       ,0.000          ,0.000       ,0.000       ,0.000       ,0.000       ,0.000       ,0.000       ,0.000       ,0.00000       ,4665          ,0.712           ,50.010        ,25.800              ,-0.090              ,0.000           ,25745.15625       ,0.00000               ,0.000         ,0.000         ,0.000         ,0.000         ,0.000         
15:29:31.999459     ,0.881       ,0.000       ,18.783      ,7.180       ,7.180       ,6.545       ,0.635       ,0.000       ,0.000          ,0.000       ,0.000       ,0.000       ,0.000       ,0.000       ,0.000       ,0.000       ,0.00000       ,4672          ,0.713           ,50.625        ,24.800              ,-0.087              ,0.000           ,25745.15820       ,0.00000               ,0.000         ,0.000         ,0.000         ,0.000         ,0.000         
15:29:32.009324     ,0.881       ,0.000       ,18.783      ,7.180       ,7.180       ,6.545       ,0.635       ,0.000       ,0.000          ,0.000       ,0.000       ,0.000       ,0.000       ,0.000       ,0.000       ,0.000       ,0.00000       ,4679          ,0.713           ,51.240        ,23.800              ,-0.083              ,0.000           ,25745.16211       ,0.00000               ,0.000         ,0.000         ,0.000         ,0.000         ,0.000         
15:29:32.019652     ,0.881       ,0.000       ,18.783      ,7.190       ,7.190       ,6.545       ,0.645       ,0.000       ,0.000          ,0.000       ,0.000       ,0.000       ,0.000       ,0.000       ,0.000       ,0.000       ,0.00000       ,4686          ,0.714           ,51.855        ,23.200              ,-0.081              ,0.000           ,25745.16406       ,0.00000               ,0.000         ,0.000         ,0.000         ,0.000         ,0.000         
15:29:32.029296     ,0.881       ,0.000       ,18.783      ,7.200       ,7.200       ,6.545       ,0.655       ,0.000       ,0.000          ,0.000       ,0.000       ,0.000       ,0.000       ,0.000       ,0.000       ,0.000       ,0.00000       ,4692          ,0.714           ,52.383        ,22.600              ,-0.079              ,0.000           ,25745.16406       ,0.00000               ,0.000         ,0.000         ,0.000         ,0.000         ,0.001         
15:29:32.039372     ,0.881       ,0.000       ,18.783      ,7.190       ,7.190       ,6.545       ,0.645       ,0.000       ,0.000          ,0.000       ,0.000       ,0.000       ,0.000       ,0.000       ,0.000       ,0.000       ,0.00000       ,4698          ,0.715           ,52.910        ,21.800              ,-0.076              ,0.000           ,25745.16602       ,0.00000               ,0.000         ,0.000         ,0.000         ,0.000         ,0.000         
15:29:32.050249     ,0.881       ,0.000       ,18.783      ,7.210       ,7.210       ,6.545       ,0.665       ,0.000       ,0.000          ,0.000       ,0.000       ,0.000       ,0.000       ,0.000       ,0.000       ,0.000       ,0.00000       ,4703          ,0.715           ,53.350        ,21.200              ,-0.074              ,0.000           ,25745.16992       ,0.00000               ,0.000         ,0.000         ,0.000         ,0.000         ,-0.001        
15:29:32.061468     ,0.881       ,0.000       ,18.783      ,7.210       ,7.210       ,6.545       ,0.665       ,0.000       ,0.000          ,0.000       ,0.000       ,0.000       ,0.000       ,0.000       ,0.000       ,0.000       ,0.00000       ,4708          ,0.715           ,53.789        ,20.200              ,-0.071              ,0.000           ,25745.17188       ,0.00000               ,0.000         ,0.000         ,0.000         ,0.000         ,-0.001        
15:29:32.074045     ,0.883       ,0.000       ,18.767      ,7.200       ,7.200       ,6.545       ,0.655       ,0.000       ,0.000          ,0.000       ,0.000       ,0.000       ,0.000       ,0.000       ,0.000       ,0.000       ,0.00000       ,4713          ,0.716           ,54.229        ,18.800              ,-0.066              ,0.000           ,25745.17188       ,0.00000               ,0.000         ,0.000         ,0.000         ,0.000         ,0.001         
15:29:32.080459     ,0.883       ,0.000       ,18.767      ,7.210       ,7.210       ,6.545       ,0.665       ,0.000       ,0.000          ,0.000       ,0.000       ,0.000       ,0.000       ,0.000       ,0.000       ,0.000       ,0.00000       ,4717          ,0.716           ,54.580        ,17.800              ,-0.062              ,0.000           ,25745.17188       ,0.00000               ,0.000         ,0.000         ,0.000         ,0.000         ,0.001         
15:29:32.089399     ,0.883       ,0.000       ,18.767      ,7.210       ,7.210       ,6.545       ,0.665       ,0.000       ,0.000          ,0.000       ,0.000       ,0.000       ,0.000       ,0.000       ,0.000       ,0.000       ,0.00000       ,4721          ,0.716           ,54.932        ,17.200              ,-0.060              ,0.000           ,25745.17383       ,0.00000               ,0.000         ,0.000         ,0.000         ,0.000         ,-0.001        
15:29:32.099327     ,0.883       ,0.000       ,18.767      ,7.200       ,7.200       ,6.545       ,0.655       ,0.000       ,0.000          ,0.000       ,0.000       ,0.000       ,0.000       ,0.000       ,0.000       ,0.000       ,0.00000       ,4725          ,0.717           ,55.283        ,16.800              ,-0.059              ,0.000           ,25745.17578       ,0.00000               ,0.000         ,0.000         ,0.000         ,0.000         ,-0.001        
15:29:32.109424     ,0.883       ,0.000       ,18.767      ,7.210       ,7.210       ,6.545       ,0.665       ,0.000       ,0.000          ,0.000       ,0.000       ,0.000       ,0.000       ,0.000       ,0.000       ,0.000       ,0.00000       ,4728          ,0.717           ,55.547        ,15.800              ,-0.055              ,0.000           ,25745.17773       ,0.00000               ,0.000         ,0.000         ,0.000         ,0.000         ,-0.011        
15:29:32.119438     ,0.883       ,0.000       ,18.767      ,7.210       ,7.210       ,6.545       ,0.665       ,0.000       ,0.000          ,0.000       ,0.000       ,0.000       ,0.000       ,0.000       ,0.000       ,0.000       ,0.00000       ,4730          ,0.717           ,55.723        ,14.800              ,-0.052              ,0.000           ,25745.17773       ,0.00000               ,0.000         ,0.000         ,0.000         ,0.000         ,-0.001        
15:29:32.130293     ,0.883       ,0.000       ,18.767      ,7.200       ,7.200       ,6.545       ,0.655       ,0.000       ,0.000          ,0.000       ,0.000       ,0.000       ,0.000       ,0.000       ,0.000       ,0.000       ,0.00000       ,4733          ,0.717           ,55.986        ,14.200              ,-0.050              ,0.000           ,25745.17969       ,0.00000               ,0.000         ,0.000         ,0.000         ,0.000         ,-0.001        
15:29:32.139642     ,0.883       ,0.000       ,18.767      ,7.200       ,7.200       ,6.545       ,0.655       ,0.000       ,0.000          ,0.000       ,0.000       ,0.000       ,0.000       ,0.000       ,0.000       ,0.000       ,0.00000       ,4734          ,0.717           ,56.074        ,12.800              ,-0.045              ,0.000           ,25745.17969       ,0.00000               ,0.000         ,0.000         ,0.000         ,0.000         ,-0.001        
15:29:32.150085     ,0.883       ,0.000       ,18.767      ,7.200       ,7.200       ,6.545       ,0.655       ,0.000       ,0.000          ,0.000       ,0.000       ,0.000       ,0.000       ,0.000       ,0.000       ,0.000       ,0.00000       ,4735          ,0.718           ,56.162        ,12.400              ,-0.043              ,0.000           ,25745.17969       ,0.00000               ,0.000         ,0.000         ,0.000         ,0.000         ,0.000         
15:29:32.161516     ,0.883       ,0.000       ,18.767      ,7.200       ,7.200       ,6.545       ,0.655       ,0.000       ,0.000          ,0.000       ,0.000       ,0.000       ,0.000       ,0.000       ,0.000       ,0.000       ,0.00000       ,4736          ,0.718           ,56.250        ,11.800              ,-0.041              ,0.000           ,25745.17969       ,0.00000               ,0.000         ,0.000         ,0.000         ,0.000         ,-0.001        
15:29:32.172687     ,0.878       ,0.000       ,18.816      ,7.200       ,7.200       ,6.545       ,0.655       ,0.000       ,0.000          ,0.000       ,0.000       ,0.000       ,0.000       ,0.000       ,0.000       ,0.000       ,0.00000       ,4736          ,0.718           ,56.250        ,10.800              ,-0.038              ,0.000           ,25745.17969       ,0.00000               ,0.000         ,0.000         ,0.000         ,0.000         ,-0.001        
15:29:32.181369     ,0.878       ,0.000       ,18.816      ,7.200       ,7.200       ,6.545       ,0.655       ,0.000       ,0.000          ,0.000       ,0.000       ,0.000       ,0.000       ,0.000       ,0.000       ,0.000       ,0.00000       ,4736          ,0.718           ,56.250        ,9.800               ,-0.034              ,0.000           ,25745.17969       ,0.00000               ,0.000         ,0.000         ,0.000         ,0.000         ,-0.001        
15:29:32.190355     ,0.878       ,0.000       ,18.816      ,7.200       ,7.200       ,6.545       ,0.655       ,0.000       ,0.000          ,0.000       ,0.000       ,0.000       ,0.000       ,0.000       ,0.000       ,0.000       ,0.00000       ,4736          ,0.718           ,56.250        ,9.200               ,-0.032              ,0.000           ,25745.17969       ,0.00000               ,0.000         ,0.000         ,0.000         ,0.000         ,-0.001        
15:29:32.199349     ,0.878       ,0.000       ,18.816      ,7.200       ,7.200       ,6.545       ,0.655       ,0.000       ,0.000          ,0.000       ,0.000       ,0.000       ,0.000       ,0.000       ,0.000       ,0.000       ,0.00000       ,4735          ,0.718           ,56.162        ,7.800               ,-0.027              ,0.000           ,25745.17969       ,0.00000               ,0.000         ,0.000         ,0.000         ,0.000         ,0.000         
15:29:32.209403     ,0.878       ,0.000       ,18.816      ,7.200       ,7.200       ,6.545       ,0.655       ,0.000       ,0.000          ,0.000       ,0.000       ,0.000       ,0.000       ,0.000       ,0.000       ,0.000       ,0.00000       ,4734          ,0.717           ,56.074        ,6.800               ,-0.024              ,0.000           ,25745.17969       ,0.00000               ,0.000         ,0.000         ,0.000         ,0.000         ,0.000         
15:29:32.219538     ,0.878       ,0.000       ,18.816      ,7.190       ,7.190       ,6.545       ,0.645       ,0.000       ,0.000          ,0.000       ,0.000       ,0.000       ,0.000       ,0.000       ,0.000       ,0.000       ,0.00000       ,4732          ,0.717           ,55.898        ,6.200               ,-0.022              ,0.000           ,25745.17773       ,0.00000               ,0.000         ,0.000         ,0.000         ,0.000         ,0.000         
15:29:32.230270     ,0.878       ,0.000       ,18.816      ,7.190       ,7.190       ,6.545       ,0.645       ,0.000       ,0.000          ,0.000       ,0.000       ,0.000       ,0.000       ,0.000       ,0.000       ,0.000       ,0.00000       ,4729          ,0.717           ,55.635        ,5.800               ,-0.020              ,0.000           ,25745.17773       ,0.00000               ,0.000         ,0.000         ,0.000         ,0.000         ,0.000         
15:29:32.240274     ,0.878       ,0.000       ,18.816      ,7.190       ,7.190       ,6.545       ,0.645       ,0.000       ,0.000          ,0.000       ,0.000       ,0.000       ,0.000       ,0.000       ,0.000       ,0.000       ,0.00000       ,4727          ,0.717           ,55.459        ,5.200               ,-0.018              ,0.000           ,25745.17578       ,0.00000               ,0.000         ,0.000         ,0.000         ,0.000         ,0.000         
15:29:32.249431     ,0.878       ,0.000       ,18.816      ,7.180       ,7.180       ,6.545       ,0.635       ,0.000       ,0.000          ,0.000       ,0.000       ,0.000       ,0.000       ,0.000       ,0.000       ,0.000       ,0.00000       ,4723          ,0.717           ,55.107        ,3.800               ,-0.013              ,0.000           ,25745.17383       ,0.00000               ,0.000         ,0.000         ,0.000         ,0.000         ,0.001         
15:29:32.262416     ,0.878       ,0.000       ,18.816      ,7.190       ,7.190       ,6.545       ,0.645       ,0.000       ,0.000          ,0.000       ,0.000       ,0.000       ,0.000       ,0.000       ,0.000       ,0.000       ,0.00000       ,4719          ,0.716           ,54.756        ,3.200               ,-0.011              ,0.000           ,25745.17383       ,0.00000               ,0.000         ,0.000         ,0.000         ,0.000         ,0.003         
15:29:32.273652     ,0.881       ,0.000       ,18.816      ,7.160       ,7.160       ,6.545       ,0.615       ,0.000       ,0.000          ,0.000       ,0.000       ,0.000       ,0.000       ,0.000       ,0.000       ,0.000       ,0.00000       ,4715          ,0.716           ,54.404        ,1.800               ,-0.006              ,0.000           ,25745.17188       ,0.00000               ,0.000         ,0.000         ,0.000         ,0.000         ,0.000         
15:29:32.279454     ,0.881       ,0.000       ,18.816      ,7.180       ,7.180       ,6.545       ,0.635       ,0.000       ,0.000          ,0.000       ,0.000       ,0.000       ,0.000       ,0.000       ,0.000       ,0.000       ,0.00000       ,4711          ,0.716           ,54.053        ,0.800               ,-0.003              ,0.000           ,25745.17188       ,0.00000               ,0.000         ,0.000         ,0.000         ,0.000         ,0.000         
15:29:32.290324     ,0.881       ,0.000       ,18.816      ,7.180       ,7.180       ,6.545       ,0.635       ,0.000       ,0.000          ,0.000       ,0.000       ,0.000       ,0.000       ,0.000       ,0.000       ,0.000       ,0.00000       ,4706          ,0.715           ,53.613        ,0.200               ,-0.001              ,0.000           ,25745.16992       ,0.00000               ,0.000         ,0.000         ,0.000         ,0.000         ,-0.001        
15:29:32.299392     ,0.881       ,0.000       ,18.816      ,7.180       ,7.180       ,6.545       ,0.635       ,0.000       ,0.000          ,0.000       ,0.000       ,0.000       ,0.000       ,0.000       ,0.000       ,0.000       ,0.00000       ,4701          ,0.715           ,53.174        ,-1.200              ,0.004               ,0.000           ,25745.16602       ,0.00000               ,0.000         ,0.000         ,0.000         ,0.000         ,-0.003        
15:29:32.310357     ,0.881       ,0.000       ,18.816      ,7.150       ,7.150       ,6.545       ,0.605       ,0.000       ,0.000          ,0.000       ,0.000       ,0.000       ,0.000       ,0.000       ,0.000       ,0.000       ,0.00000       ,4695          ,0.714           ,52.646        ,-1.600              ,0.006               ,0.000           ,25745.16406       ,0.00000               ,0.000         ,0.000         ,0.000         ,0.000         ,0.000         
15:29:32.319360     ,0.881       ,0.000       ,18.816      ,7.150       ,7.150       ,6.545       ,0.605       ,0.000       ,0.000          ,0.000       ,0.000       ,0.000       ,0.000       ,0.000       ,0.000       ,0.000       ,0.00000       ,4689          ,0.714           ,52.119        ,-2.400              ,0.008               ,0.000           ,25745.16406       ,0.00000               ,0.000         ,0.000         ,0.000         ,0.000         ,-0.001        
15:29:32.331247     ,0.881       ,0.000       ,18.816      ,7.140       ,7.140       ,6.545       ,0.595       ,0.000       ,0.000          ,0.000       ,0.000       ,0.000       ,0.000       ,0.000       ,0.000       ,0.000       ,0.00000       ,4682          ,0.713           ,51.504        ,-2.800              ,0.010               ,0.000           ,25745.16016       ,0.00000               ,0.000         ,0.000         ,0.000         ,0.000         ,-0.001        
15:29:32.340408     ,0.881       ,0.000       ,18.816      ,7.140       ,7.140       ,6.545       ,0.595       ,0.000       ,0.000          ,0.000       ,0.000       ,0.000       ,0.000       ,0.000       ,0.000       ,0.000       ,0.00000       ,4675          ,0.713           ,50.889        ,-3.800              ,0.013               ,0.000           ,25745.15820       ,0.00000               ,0.000         ,0.000         ,0.000         ,0.000         ,-0.001        
15:29:32.350313     ,0.881       ,0.000       ,18.816      ,7.120       ,7.120       ,6.545       ,0.575       ,0.000       ,0.000          ,0.000       ,0.000       ,0.000       ,0.000       ,0.000       ,0.000       ,0.000       ,0.00000       ,4667          ,0.712           ,50.186        ,-4.800              ,0.017               ,0.000           ,25745.15430       ,0.00000               ,0.000         ,0.000         ,0.000         ,0.000         ,-0.001        
15:29:32.360359     ,0.881       ,0.000       ,18.816      ,7.130       ,7.130       ,6.545       ,0.585       ,0.000       ,0.000          ,0.000       ,0.000       ,0.000       ,0.000       ,0.000       ,0.000       ,0.000       ,0.00000       ,4660          ,0.712           ,49.570        ,-5.800              ,0.020               ,0.000           ,25745.15430       ,0.00000               ,0.000         ,0.000         ,0.000         ,0.000         ,-0.001        
15:29:32.373780     ,0.883       ,0.000       ,18.767      ,7.100       ,7.100       ,6.545       ,0.555       ,0.000       ,0.000          ,0.000       ,0.000       ,0.000       ,0.000       ,0.000       ,0.000       ,0.000       ,0.00000       ,4651          ,0.711           ,48.779        ,-7.200              ,0.025               ,0.000           ,25745.15039       ,0.00000               ,0.000         ,0.000         ,0.000         ,0.000         ,-0.001        
15:29:32.379484     ,0.883       ,0.000       ,18.767      ,7.100       ,7.100       ,6.545       ,0.555       ,0.000       ,0.000          ,0.000       ,0.000       ,0.000       ,0.000       ,0.000       ,0.000       ,0.000       ,0.00000       ,4643          ,0.710           ,48.076        ,-7.800              ,0.027               ,0.000           ,25745.14648       ,0.00000               ,0.000         ,0.000         ,0.000         ,0.000         ,-0.001        
15:29:32.389714     ,0.883       ,0.000       ,18.767      ,7.090       ,7.090       ,6.545       ,0.545       ,0.000       ,0.000          ,0.000       ,0.000       ,0.000       ,0.000       ,0.000       ,0.000       ,0.000       ,0.00000       ,4634          ,0.710           ,47.285        ,-8.400              ,0.029               ,0.000           ,25745.14453       ,0.00000               ,0.000         ,0.000         ,0.000         ,0.000         ,-0.001        
15:29:32.399385     ,0.883       ,0.000       ,18.767      ,7.080       ,7.080       ,6.545       ,0.535       ,0.000       ,0.000          ,0.000       ,0.000       ,0.000       ,0.000       ,0.000       ,0.000       ,0.000       ,0.00000       ,4624          ,0.709           ,46.406        ,-9.200              ,0.032               ,0.000           ,25745.14062       ,0.00000               ,0.000         ,0.000         ,0.000         ,0.000         ,-0.001        
15:29:32.409444     ,0.883       ,0.000       ,18.767      ,7.070       ,7.070       ,6.545       ,0.525       ,0.000       ,0.000          ,0.000       ,0.000       ,0.000       ,0.000       ,0.000       ,0.000       ,0.000       ,0.00000       ,4615          ,0.708           ,45.615        ,-10.200             ,0.036               ,0.000           ,25745.13672       ,0.00000               ,0.000         ,0.000         ,0.000         ,0.000         ,-0.001        
15:29:32.419378     ,0.883       ,0.000       ,18.767      ,7.070       ,7.070       ,6.545       ,0.525       ,0.000       ,0.000          ,0.000       ,0.000       ,0.000       ,0.000       ,0.000       ,0.000       ,0.000       ,0.00000       ,4605          ,0.708           ,44.736        ,-11.200             ,0.039               ,0.000           ,25745.13477       ,0.00000               ,0.000         ,0.000         ,0.000         ,0.000         ,-0.003        
15:29:32.429489     ,0.883       ,0.000       ,18.767      ,7.060       ,7.060       ,6.545       ,0.515       ,0.000       ,0.000          ,0.000       ,0.000       ,0.000       ,0.000       ,0.000       ,0.000       ,0.000       ,0.00000       ,4595          ,0.707           ,43.857        ,-12.200             ,0.043               ,0.000           ,25745.12891       ,0.00000               ,0.000         ,0.000         ,0.000         ,0.000         ,-0.003        
15:29:32.439529     ,0.883       ,0.000       ,18.767      ,7.060       ,7.060       ,6.545       ,0.515       ,0.000       ,0.000          ,0.000       ,0.000       ,0.000       ,0.000       ,0.000       ,0.000       ,0.000       ,0.00000       ,4584          ,0.706           ,42.891        ,-13.200             ,0.046               ,0.000           ,25745.12695       ,0.00000               ,0.000         ,0.000         ,0.000         ,0.000         ,-0.001        
15:29:32.450255     ,0.883       ,0.000       ,18.767      ,7.060       ,7.060       ,6.545       ,0.515       ,0.000       ,0.000          ,0.000       ,0.000       ,0.000       ,0.000       ,0.000       ,0.000       ,0.000       ,0.00000       ,4573          ,0.705           ,41.924        ,-13.800             ,0.048               ,0.000           ,25745.12305       ,0.00000               ,0.000         ,0.000         ,0.000         ,0.000         ,-0.001        
15:29:32.460361     ,0.883       ,0.000       ,18.767      ,7.040       ,7.040       ,6.545       ,0.495       ,0.000       ,0.000          ,0.000       ,0.000       ,0.000       ,0.000       ,0.000       ,0.000       ,0.000       ,0.00000       ,4562          ,0.704           ,40.957        ,-14.600             ,0.051               ,0.000           ,25745.11914       ,0.00000               ,0.000         ,0.000         ,0.000         ,0.000         ,0.000         
15:29:32.472965     ,0.879       ,0.000       ,18.783      ,7.060       ,7.060       ,6.545       ,0.515       ,0.000       ,0.000          ,0.000       ,0.000       ,0.000       ,0.000       ,0.000       ,0.000       ,0.000       ,0.00000       ,4550          ,0.703           ,39.902        ,-15.400             ,0.054               ,0.000           ,25745.11523       ,0.00000               ,0.000         ,0.000         ,0.000         ,0.000         ,0.000         
15:29:32.480181     ,0.879       ,0.000       ,18.783      ,7.060       ,7.060       ,6.545       ,0.515       ,0.000       ,0.000          ,0.000       ,0.000       ,0.000       ,0.000       ,0.000       ,0.000       ,0.000       ,0.00000       ,4538          ,0.702           ,38.848        ,-16.200             ,0.057               ,0.000           ,25745.11133       ,0.00000               ,0.000         ,0.000         ,0.000         ,0.000         ,0.000         
15:29:32.490258     ,0.879       ,0.000       ,18.783      ,7.060       ,7.060       ,6.545       ,0.515       ,0.000       ,0.000          ,0.000       ,0.000       ,0.000       ,0.000       ,0.000       ,0.000       ,0.000       ,0.00000       ,4526          ,0.701           ,37.793        ,-16.800             ,0.059               ,0.000           ,25745.10547       ,0.00000               ,0.000         ,0.000         ,0.000         ,0.000         ,-0.001        
15:29:32.500245     ,0.879       ,0.000       ,18.783      ,7.070       ,7.070       ,6.545       ,0.525       ,0.000       ,0.000          ,0.000       ,0.000       ,0.000       ,0.000       ,0.000       ,0.000       ,0.000       ,0.00000       ,4513          ,0.700           ,36.650        ,-17.600             ,0.061               ,0.000           ,25745.10156       ,0.00000               ,0.000         ,0.000         ,0.000         ,0.000         ,-0.001        
15:29:32.509514     ,0.879       ,0.000       ,18.783      ,7.070       ,7.070       ,6.545       ,0.525       ,0.000       ,0.000          ,0.000       ,0.000       ,0.000       ,0.000       ,0.000       ,0.000       ,0.000       ,0.00000       ,4500          ,0.699           ,35.508        ,-18.400             ,0.064               ,0.000           ,25745.09766       ,0.00000               ,0.000         ,0.000         ,0.000         ,0.000         ,-0.003        
15:29:32.520878     ,0.879       ,0.000       ,18.783      ,7.070       ,7.070       ,6.545       ,0.525       ,0.000       ,0.000          ,0.000       ,0.000       ,0.000       ,0.000       ,0.000       ,0.000       ,0.000       ,0.00000       ,4487          ,0.698           ,34.365        ,-19.200             ,0.067               ,0.000           ,25745.09375       ,0.00000               ,0.000         ,0.000         ,0.000         ,0.000         ,-0.001        
15:29:32.529311     ,0.879       ,0.000       ,18.783      ,7.060       ,7.060       ,6.545       ,0.515       ,0.000       ,0.000          ,0.000       ,0.000       ,0.000       ,0.000       ,0.000       ,0.000       ,0.000       ,0.00000       ,4474          ,0.698           ,33.223        ,-20.200             ,0.071               ,0.000           ,25745.08789       ,0.00000               ,0.000         ,0.000         ,0.000         ,0.000         ,0.000         
15:29:32.539419     ,0.879       ,0.000       ,18.783      ,7.060       ,7.060       ,6.545       ,0.515       ,0.000       ,0.000          ,0.000       ,0.000       ,0.000       ,0.000       ,0.000       ,0.000       ,0.000       ,0.00000       ,4460          ,0.696           ,31.992        ,-21.200             ,0.074               ,0.000           ,25745.08203       ,0.00000               ,0.000         ,0.000         ,0.000         ,0.000         ,0.000         
15:29:32.549464     ,0.879       ,0.000       ,18.783      ,7.060       ,7.060       ,6.545       ,0.515       ,0.000       ,0.000          ,0.000       ,0.000       ,0.000       ,0.000       ,0.000       ,0.000       ,0.000       ,0.00000       ,4445          ,0.695           ,30.674        ,-21.800             ,0.076               ,0.000           ,25745.07617       ,0.00000               ,0.000         ,0.000         ,0.000         ,0.000         ,0.000         
15:29:32.561277     ,0.879       ,0.000       ,18.783      ,7.060       ,7.060       ,6.545       ,0.515       ,0.000       ,0.000          ,0.000       ,0.000       ,0.000       ,0.000       ,0.000       ,0.000       ,0.000       ,0.00000       ,4431          ,0.694           ,29.443        ,-22.200             ,0.077               ,0.000           ,25745.07227       ,0.00000               ,0.000         ,0.000         ,0.000         ,0.000         ,0.000         
15:29:32.573003     ,0.881       ,0.000       ,18.800      ,7.040       ,7.040       ,6.545       ,0.495       ,0.000       ,0.000          ,0.000       ,0.000       ,0.000       ,0.000       ,0.000       ,0.000       ,0.000       ,0.00000       ,4416          ,0.693           ,28.125        ,-23.200             ,0.081               ,0.000           ,25745.06641       ,0.00000               ,0.000         ,0.000         ,0.000         ,0.000         ,0.000         
15:29:32.579335     ,0.881       ,0.000       ,18.800      ,7.030       ,7.030       ,6.545       ,0.485       ,0.000       ,0.000          ,0.000       ,0.000       ,0.000       ,0.000       ,0.000       ,0.000       ,0.000       ,0.00000       ,4401          ,0.692           ,26.807        ,-23.800             ,0.083               ,0.000           ,25745.06055       ,0.00000               ,0.000         ,0.000         ,0.000         ,0.000         ,0.000         
15:29:32.589592     ,0.881       ,0.000       ,18.800      ,7.040       ,7.040       ,6.545       ,0.495       ,0.000       ,0.000          ,0.000       ,0.000       ,0.000       ,0.000       ,0.000       ,0.000       ,0.000       ,0.00000       ,4385          ,0.691           ,25.400        ,-24.400             ,0.085               ,0.000           ,25745.05664       ,0.00000               ,0.000         ,0.000         ,0.000         ,0.000         ,-0.001        
15:29:32.599344     ,0.881       ,0.000       ,18.800      ,7.030       ,7.030       ,6.545       ,0.485       ,0.000       ,0.000          ,0.000       ,0.000       ,0.000       ,0.000       ,0.000       ,0.000       ,0.000       ,0.00000       ,4370          ,0.690           ,24.082        ,-24.800             ,0.087               ,0.000           ,25745.05078       ,0.00000               ,0.000         ,0.000         ,0.000         ,0.000         ,-0.001        
15:29:32.609738     ,0.881       ,0.000       ,18.800      ,7.040       ,7.040       ,6.545       ,0.495       ,0.000       ,0.000          ,0.000       ,0.000       ,0.000       ,0.000       ,0.000       ,0.000       ,0.000       ,0.00000       ,4354          ,0.688           ,22.676        ,-25.800             ,0.090               ,0.000           ,25745.04492       ,0.00000               ,0.000         ,0.000         ,0.000         ,0.000         ,0.000         
15:29:32.619441     ,0.881       ,0.000       ,18.800      ,7.060       ,7.060       ,6.545       ,0.515       ,0.000       ,0.000          ,0.000       ,0.000       ,0.000       ,0.000       ,0.000       ,0.000       ,0.000       ,0.00000       ,4338          ,0.687           ,21.270        ,-26.400             ,0.092               ,0.000           ,25745.03906       ,0.00000               ,0.000         ,0.000         ,0.000         ,0.000         ,0.000         
15:29:32.629520     ,0.881       ,0.000       ,18.800      ,7.040       ,7.040       ,6.545       ,0.495       ,0.000       ,0.000          ,0.000       ,0.000       ,0.000       ,0.000       ,0.000       ,0.000       ,0.000       ,0.00000       ,4321          ,0.686           ,19.775        ,-27.200             ,0.095               ,0.000           ,25745.03320       ,0.00000               ,0.000         ,0.000         ,0.000         ,0.000         ,0.000         
15:29:32.639472     ,0.881       ,0.000       ,18.800      ,7.030       ,7.030       ,6.545       ,0.485       ,0.000       ,0.000          ,0.000       ,0.000       ,0.000       ,0.000       ,0.000       ,0.000       ,0.000       ,0.00000       ,4304          ,0.684           ,18.281        ,-28.200             ,0.098               ,0.000           ,25745.02734       ,0.00000               ,0.000         ,0.000         ,0.000         ,0.000         ,0.000         
15:29:32.649472     ,0.881       ,0.000       ,18.800      ,7.020       ,7.020       ,6.545       ,0.475       ,0.000       ,0.000          ,0.000       ,0.000       ,0.000       ,0.000       ,0.000       ,0.000       ,0.000       ,0.00000       ,4287          ,0.683           ,16.787        ,-28.800             ,0.101               ,0.000           ,25745.02148       ,0.00000               ,0.000         ,0.000         ,0.000         ,0.000         ,0.000         
15:29:32.659371     ,0.881       ,0.000       ,18.800      ,7.030       ,7.030       ,6.545       ,0.485       ,0.000       ,0.000          ,0.000       ,0.000       ,0.000       ,0.000       ,0.000       ,0.000       ,0.000       ,0.00000       ,4270          ,0.682           ,15.293        ,-29.400             ,0.103               ,0.000           ,25745.01562       ,0.00000               ,0.000         ,0.000         ,0.000         ,0.000         ,0.000         
15:29:32.673053     ,0.879       ,0.000       ,18.832      ,7.010       ,7.010       ,6.545       ,0.465       ,0.000       ,0.000          ,0.000       ,0.000       ,0.000       ,0.000       ,0.000       ,0.000       ,0.000       ,0.00000       ,4252          ,0.680           ,13.711        ,-29.800             ,0.104               ,0.000           ,25745.00977       ,0.00000               ,0.000         ,0.000         ,0.000         ,0.000         ,0.000         
15:29:32.679341     ,0.879       ,0.000       ,18.832      ,7.010       ,7.010       ,6.545       ,0.465       ,0.000       ,0.000          ,0.000       ,0.000       ,0.000       ,0.000       ,0.000       ,0.000       ,0.000       ,0.00000       ,4234          ,0.679           ,12.129        ,-30.400             ,0.106               ,0.000           ,25745.00391       ,0.00000               ,0.000         ,0.000         ,0.000         ,0.000         ,0.000         
15:29:32.690222     ,0.879       ,0.000       ,18.832      ,7.010       ,7.010       ,6.545       ,0.465       ,0.000       ,0.000          ,0.000       ,0.000       ,0.000       ,0.000       ,0.000       ,0.000       ,0.000       ,0.00000       ,4216          ,0.678           ,10.547        ,-30.800             ,0.108               ,0.000           ,25744.99609       ,0.00000               ,0.000         ,0.000         ,0.000         ,0.000         ,-0.001        
15:29:32.699318     ,0.879       ,0.000       ,18.832      ,7.000       ,7.000       ,6.545       ,0.455       ,0.000       ,0.000          ,0.000       ,0.000       ,0.000       ,0.000       ,0.000       ,0.000       ,0.000       ,0.00000       ,4198          ,0.676           ,8.965         ,-31.800             ,0.111               ,0.000           ,25744.99023       ,0.00000               ,0.000         ,0.000         ,0.000         ,0.000         ,0.000         
15:29:32.709556     ,0.879       ,0.000       ,18.832      ,6.970       ,6.970       ,6.545       ,0.425       ,0.000       ,0.000          ,0.000       ,0.000       ,0.000       ,0.000       ,0.000       ,0.000       ,0.000       ,0.00000       ,4180          ,0.675           ,7.383         ,-32.400             ,0.113               ,0.000           ,25744.98438       ,0.00000               ,0.000         ,0.000         ,0.000         ,0.000         ,0.000         
15:29:32.719482     ,0.879       ,0.000       ,18.832      ,6.980       ,6.980       ,6.545       ,0.435       ,0.000       ,0.000          ,0.000       ,0.000       ,0.000       ,0.000       ,0.000       ,0.000       ,0.000       ,0.00000       ,4161          ,0.673           ,5.713         ,-32.800             ,0.114               ,0.000           ,25744.97852       ,0.00000               ,0.000         ,0.000         ,0.000         ,0.000         ,-0.005        
15:29:32.729803     ,0.879       ,0.000       ,18.832      ,6.970       ,6.970       ,6.545       ,0.425       ,0.000       ,0.000          ,0.000       ,0.000       ,0.000       ,0.000       ,0.000       ,0.000       ,0.000       ,0.00000       ,4142          ,0.672           ,4.043         ,-33.400             ,0.117               ,0.000           ,25744.96875       ,0.00000               ,0.000         ,0.000         ,0.000         ,0.000         ,-0.001        
15:29:32.739443     ,0.879       ,0.000       ,18.832      ,6.960       ,6.960       ,6.545       ,0.415       ,0.000       ,0.000          ,0.000       ,0.000       ,0.000       ,0.000       ,0.000       ,0.000       ,0.000       ,0.00000       ,4124          ,0.671           ,2.461         ,-34.200             ,0.119               ,0.000           ,25744.96289       ,0.00000               ,0.000         ,0.000         ,0.000         ,0.000         ,-0.004        
15:29:32.749797     ,0.879       ,0.000       ,18.832      ,6.960       ,6.960       ,6.545       ,0.415       ,0.000       ,0.000          ,0.000       ,0.000       ,0.000       ,0.000       ,0.000       ,0.000       ,0.000       ,0.00000       ,4105          ,0.669           ,0.791         ,-34.800             ,0.121               ,0.000           ,25744.95703       ,0.00000               ,0.000         ,0.000         ,0.000         ,0.000         ,-0.001        
15:29:32.760255     ,0.879       ,0.000       ,18.832      ,6.950       ,6.950       ,6.545       ,0.405       ,0.000       ,0.000          ,0.000       ,0.000       ,0.000       ,0.000       ,0.000       ,0.000       ,0.000       ,0.00000       ,4085          ,0.668           ,359.033       ,-35.200             ,0.123               ,0.000           ,25744.95117       ,0.00000               ,0.000         ,0.000         ,0.000         ,0.000         ,-0.001        
15:29:32.773261     ,0.881       ,0.000       ,18.783      ,6.960       ,6.960       ,6.545       ,0.415       ,0.000       ,0.000          ,0.000       ,0.000       ,0.000       ,0.000       ,0.000       ,0.000       ,0.000       ,0.00000       ,4066          ,0.666           ,357.363       ,-35.800             ,0.125               ,0.000           ,25744.94336       ,0.00000               ,0.000         ,0.000         ,0.000         ,0.000         ,-0.001        
15:29:32.779542     ,0.881       ,0.000       ,18.783      ,6.960       ,6.960       ,6.545       ,0.415       ,0.000       ,0.000          ,0.000       ,0.000       ,0.000       ,0.000       ,0.000       ,0.000       ,0.000       ,0.00000       ,4047          ,0.665           ,355.693       ,-36.000             ,0.126               ,0.000           ,25744.93750       ,0.00000               ,0.000         ,0.000         ,0.000         ,0.000         ,-0.001        
15:29:32.789607     ,0.881       ,0.000       ,18.783      ,6.960       ,6.960       ,6.545       ,0.415       ,0.000       ,0.000          ,0.000       ,0.000       ,0.000       ,0.000       ,0.000       ,0.000       ,0.000       ,0.00000       ,4028          ,0.663           ,354.023       ,-36.400             ,0.127               ,0.000           ,25744.92969       ,0.00000               ,0.000         ,0.000         ,0.000         ,0.000         ,-0.001        
15:29:32.799355     ,0.881       ,0.000       ,18.783      ,6.970       ,6.970       ,6.545       ,0.425       ,0.000       ,0.000          ,0.000       ,0.000       ,0.000       ,0.000       ,0.000       ,0.000       ,0.000       ,0.00000       ,4008          ,0.662           ,352.266       ,-36.800             ,0.128               ,0.000           ,25744.92383       ,0.00000               ,0.000         ,0.000         ,0.000         ,0.000         ,-0.001        
15:29:32.809820     ,0.881       ,0.000       ,18.783      ,6.980       ,6.980       ,6.545       ,0.435       ,0.000       ,0.000          ,0.000       ,0.000       ,0.000       ,0.000       ,0.000       ,0.000       ,0.000       ,0.00000       ,3988          ,0.660           ,350.508       ,-37.000             ,0.129               ,0.000           ,25744.91602       ,0.00000               ,0.000         ,0.000         ,0.000         ,0.000         ,-0.001        
15:29:32.819513     ,0.881       ,0.000       ,18.783      ,6.980       ,6.980       ,6.545       ,0.435       ,0.000       ,0.000          ,0.000       ,0.000       ,0.000       ,0.000       ,0.000       ,0.000       ,0.000       ,0.00000       ,3969          ,0.659           ,348.838       ,-37.400             ,0.131               ,0.000           ,25744.91016       ,0.00000               ,0.000         ,0.000         ,0.000         ,0.000         ,0.000         
15:29:32.829803     ,0.881       ,0.000       ,18.783      ,7.000       ,7.000       ,6.545       ,0.455       ,0.000       ,0.000          ,0.000       ,0.000       ,0.000       ,0.000       ,0.000       ,0.000       ,0.000       ,0.00000       ,3969          ,0.659           ,348.838       ,-37.800             ,0.132               ,0.000           ,25744.90234       ,0.00000               ,0.000         ,0.000         ,0.000         ,0.000         ,-0.001        
15:29:32.839482     ,0.881       ,0.000       ,18.783      ,7.000       ,7.000       ,6.545       ,0.455       ,0.000       ,0.000          ,0.000       ,0.000       ,0.000       ,0.000       ,0.000       ,0.000       ,0.000       ,0.00000       ,3929          ,0.656           ,345.322       ,-38.000             ,0.133               ,0.000           ,25744.89648       ,0.00000               ,0.000         ,0.000         ,0.000         ,0.000         ,-0.001        
15:29:32.849904     ,0.881       ,0.000       ,18.783      ,7.000       ,7.000       ,6.545       ,0.455       ,0.000       ,0.000          ,0.000       ,0.000       ,0.000       ,0.000       ,0.000       ,0.000       ,0.000       ,0.00000       ,3929          ,0.656           ,345.322       ,-38.400             ,0.134               ,0.000           ,25744.88867       ,0.00000               ,0.000         ,0.000         ,0.000         ,0.000         ,-0.001        
15:29:32.860270     ,0.881       ,0.000       ,18.783      ,7.010       ,7.010       ,6.545       ,0.465       ,0.000       ,0.000          ,0.000       ,0.000       ,0.000       ,0.000       ,0.000       ,0.000       ,0.000       ,0.00000       ,3929          ,0.656           ,345.322       ,-38.600             ,0.135               ,0.000           ,25744.88086       ,0.00000               ,0.000         ,0.000         ,0.000         ,0.000         ,-0.001        
15:29:32.873318     ,0.883       ,0.000       ,18.800      ,7.000       ,7.000       ,6.545       ,0.455       ,0.000       ,0.000          ,0.000       ,0.000       ,0.000       ,0.000       ,0.000       ,0.000       ,0.000       ,0.00000       ,3868          ,0.651           ,339.961       ,-39.000             ,0.136               ,0.000           ,25744.87500       ,0.00000               ,0.000         ,0.000         ,0.000         ,0.000         ,-0.001        
15:29:32.880912     ,0.883       ,0.000       ,18.800      ,7.000       ,7.000       ,6.545       ,0.455       ,0.000       ,0.000          ,0.000       ,0.000       ,0.000       ,0.000       ,0.000       ,0.000       ,0.000       ,0.00000       ,3847          ,0.649           ,338.115       ,-39.400             ,0.138               ,0.000           ,25744.86719       ,0.00000               ,0.000         ,0.000         ,0.000         ,0.000         ,-0.001        
15:29:32.889824     ,0.883       ,0.000       ,18.800      ,7.000       ,7.000       ,6.545       ,0.455       ,0.000       ,0.000          ,0.000       ,0.000       ,0.000       ,0.000       ,0.000       ,0.000       ,0.000       ,0.00000       ,3827          ,0.648           ,336.357       ,-39.800             ,0.139               ,0.000           ,25744.86133       ,0.00000               ,0.000         ,0.000         ,0.000         ,0.000         ,-0.001        
15:29:32.899703     ,0.883       ,0.000       ,18.800      ,6.980       ,6.980       ,6.545       ,0.435       ,0.000       ,0.000          ,0.000       ,0.000       ,0.000       ,0.000       ,0.000       ,0.000       ,0.000       ,0.00000       ,3806          ,0.646           ,334.512       ,-40.000             ,0.140               ,0.000           ,25744.85352       ,0.00000               ,0.000         ,0.000         ,0.000         ,0.000         ,-0.001        
15:29:32.910367     ,0.883       ,0.000       ,18.800      ,6.970       ,6.970       ,6.545       ,0.425       ,0.000       ,0.000          ,0.000       ,0.000       ,0.000       ,0.000       ,0.000       ,0.000       ,0.000       ,0.00000       ,3806          ,0.646           ,334.512       ,-40.200             ,0.140               ,0.000           ,25744.84570       ,0.00000               ,0.000         ,0.000         ,0.000         ,0.000         ,0.004         
15:29:32.919565     ,0.883       ,0.000       ,18.800      ,6.950       ,6.950       ,6.545       ,0.405       ,0.000       ,0.000          ,0.000       ,0.000       ,0.000       ,0.000       ,0.000       ,0.000       ,0.000       ,0.00000       ,3764          ,0.643           ,330.820       ,-40.800             ,0.142               ,0.000           ,25744.83789       ,0.00000               ,0.000         ,0.000         ,0.000         ,0.000         ,-0.001        
15:29:32.930356     ,0.883       ,0.000       ,18.800      ,6.930       ,6.930       ,6.545       ,0.385       ,0.000       ,0.000          ,0.000       ,0.000       ,0.000       ,0.000       ,0.000       ,0.000       ,0.000       ,0.00000       ,3743          ,0.641           ,328.975       ,-41.000             ,0.143               ,0.000           ,25744.83203       ,0.00000               ,0.000         ,0.000         ,0.000         ,0.000         ,-0.001        
15:29:32.939504     ,0.883       ,0.000       ,18.800      ,6.950       ,6.950       ,6.545       ,0.405       ,0.000       ,0.000          ,0.000       ,0.000       ,0.000       ,0.000       ,0.000       ,0.000       ,0.000       ,0.00000       ,3721          ,0.640           ,327.041       ,-41.000             ,0.143               ,0.000           ,25744.82422       ,0.00000               ,0.000         ,0.000         ,0.000         ,0.000         ,0.000         
15:29:32.949947     ,0.883       ,0.000       ,18.800      ,6.930       ,6.930       ,6.545       ,0.385       ,0.000       ,0.000          ,0.000       ,0.000       ,0.000       ,0.000       ,0.000       ,0.000       ,0.000       ,0.00000       ,3700          ,0.638           ,325.195       ,-41.400             ,0.145               ,0.000           ,25744.81641       ,0.00000               ,0.000         ,0.000         ,0.000         ,0.000         ,-0.001        
15:29:32.961710     ,0.883       ,0.000       ,18.800      ,6.930       ,6.930       ,6.545       ,0.385       ,0.000       ,0.000          ,0.000       ,0.000       ,0.000       ,0.000       ,0.000       ,0.000       ,0.000       ,0.00000       ,3679          ,0.637           ,323.350       ,-41.800             ,0.146               ,0.000           ,25744.81055       ,0.00000               ,0.000         ,0.000         ,0.000         ,0.000         ,-0.001        
15:29:32.973678     ,0.878       ,0.000       ,18.816      ,6.910       ,6.910       ,6.545       ,0.365       ,0.000       ,0.000          ,0.000       ,0.000       ,0.000       ,0.000       ,0.000       ,0.000       ,0.000       ,0.00000       ,3657          ,0.635           ,321.416       ,-42.000             ,0.147               ,0.000           ,25744.80078       ,0.00000               ,0.000         ,0.000         ,0.000         ,0.000         ,-0.003        
15:29:32.979563     ,0.878       ,0.000       ,18.816      ,6.900       ,6.900       ,6.545       ,0.355       ,0.000       ,0.000          ,0.000       ,0.000       ,0.000       ,0.000       ,0.000       ,0.000       ,0.000       ,0.00000       ,3636          ,0.633           ,319.570       ,-42.000             ,0.147               ,0.000           ,25744.79297       ,0.00000               ,0.000         ,0.000         ,0.000         ,0.000         ,-0.003        
15:29:32.989614     ,0.878       ,0.000       ,18.816      ,6.890       ,6.890       ,6.545       ,0.345       ,0.000       ,0.000          ,0.000       ,0.000       ,0.000       ,0.000       ,0.000       ,0.000       ,0.000       ,0.00000       ,3614          ,0.632           ,317.637       ,-42.200             ,0.147               ,0.000           ,25744.78711       ,0.00000               ,0.000         ,0.000         ,0.000         ,0.000         ,-0.001        
15:29:32.999572     ,0.878       ,0.000       ,18.816      ,6.850       ,6.850       ,6.545       ,0.305       ,0.000       ,0.000          ,0.000       ,0.000       ,0.000       ,0.000       ,0.000       ,0.000       ,0.000       ,0.00000       ,3592          ,0.630           ,315.703       ,-42.600             ,0.149               ,0.000           ,25744.77930       ,0.00000               ,0.000         ,0.000         ,0.000         ,0.000         ,0.000         
15:29:33.009478     ,0.878       ,0.000       ,18.816      ,6.830       ,6.830       ,6.545       ,0.285       ,0.000       ,0.000          ,0.000       ,0.000       ,0.000       ,0.000       ,0.000       ,0.000       ,0.000       ,0.00000       ,3592          ,0.630           ,315.703       ,-43.000             ,0.150               ,0.000           ,25744.77148       ,0.00000               ,0.000         ,0.000         ,0.000         ,0.000         ,0.000         
15:29:33.020477     ,0.878       ,0.000       ,18.816      ,6.810       ,6.810       ,6.545       ,0.265       ,0.000       ,0.000          ,0.000       ,0.000       ,0.000       ,0.000       ,0.000       ,0.000       ,0.000       ,0.00000       ,3592          ,0.630           ,315.703       ,-43.000             ,0.150               ,0.000           ,25744.76562       ,0.00000               ,0.000         ,0.000         ,0.000         ,0.000         ,0.000         
15:29:33.029519     ,0.878       ,0.000       ,18.816      ,6.810       ,6.810       ,6.545       ,0.265       ,0.000       ,0.000          ,0.000       ,0.000       ,0.000       ,0.000       ,0.000       ,0.000       ,0.000       ,0.00000       ,3592          ,0.630           ,315.703       ,-43.000             ,0.150               ,0.000           ,25744.75586       ,0.00000               ,0.000         ,0.000         ,0.000         ,0.000         ,0.000         
15:29:33.039459     ,0.878       ,0.000       ,18.816      ,6.810       ,6.810       ,6.545       ,0.265       ,0.000       ,0.000          ,0.000       ,0.000       ,0.000       ,0.000       ,0.000       ,0.000       ,0.000       ,0.00000       ,3592          ,0.630           ,315.703       ,-43.000             ,0.150               ,0.000           ,25744.74805       ,0.00000               ,0.000         ,0.000         ,0.000         ,0.000         ,-0.001        
15:29:33.049535     ,0.878       ,0.000       ,18.816      ,6.800       ,6.800       ,6.545       ,0.255       ,0.000       ,0.000          ,0.000       ,0.000       ,0.000       ,0.000       ,0.000       ,0.000       ,0.000       ,0.00000       ,3592          ,0.630           ,315.703       ,-43.400             ,0.151               ,0.000           ,25744.74219       ,0.00000               ,0.000         ,0.000         ,0.000         ,0.000         ,-0.001        
15:29:33.060940     ,0.878       ,0.000       ,18.816      ,6.800       ,6.800       ,6.545       ,0.255       ,0.000       ,0.000          ,0.000       ,0.000       ,0.000       ,0.000       ,0.000       ,0.000       ,0.000       ,0.00000       ,3592          ,0.630           ,315.703       ,-43.800             ,0.153               ,0.000           ,25744.73438       ,0.00000               ,0.000         ,0.000         ,0.000         ,0.000         ,0.000         
15:29:33.073077     ,0.879       ,0.000       ,18.800      ,6.830       ,6.830       ,6.545       ,0.285       ,0.000       ,0.000          ,0.000       ,0.000       ,0.000       ,0.000       ,0.000       ,0.000       ,0.000       ,0.00000       ,3592          ,0.630           ,315.703       ,-44.000             ,0.154               ,0.000           ,25744.72656       ,0.00000               ,0.000         ,0.000         ,0.000         ,0.000         ,0.000         
15:29:33.079419     ,0.879       ,0.000       ,18.800      ,6.830       ,6.830       ,6.545       ,0.285       ,0.000       ,0.000          ,0.000       ,0.000       ,0.000       ,0.000       ,0.000       ,0.000       ,0.000       ,0.00000       ,3592          ,0.630           ,315.703       ,-44.000             ,0.154               ,0.000           ,25744.72070       ,0.00000               ,0.000         ,0.000         ,0.000         ,0.000         ,0.000         
15:29:33.089576     ,0.879       ,0.000       ,18.800      ,6.840       ,6.840       ,6.545       ,0.295       ,0.000       ,0.000          ,0.000       ,0.000       ,0.000       ,0.000       ,0.000       ,0.000       ,0.000       ,0.00000       ,3592          ,0.630           ,315.703       ,-44.000             ,0.154               ,0.000           ,25744.71289       ,0.00000               ,0.000         ,0.000         ,0.000         ,0.000         ,0.000         
15:29:33.099327     ,0.879       ,0.000       ,18.800      ,6.900       ,6.900       ,6.545       ,0.355       ,0.000       ,0.000          ,0.000       ,0.000       ,0.000       ,0.000       ,0.000       ,0.000       ,0.000       ,0.00000       ,3592          ,0.630           ,315.703       ,-44.000             ,0.154               ,0.000           ,25744.70312       ,0.00000               ,0.000         ,0.000         ,0.000         ,0.000         ,-0.001        
15:29:33.110149     ,0.879       ,0.000       ,18.800      ,6.950       ,6.950       ,6.545       ,0.405       ,0.000       ,0.000          ,0.000       ,0.000       ,0.000       ,0.000       ,0.000       ,0.000       ,0.000       ,0.00000       ,3592          ,0.630           ,315.703       ,-44.000             ,0.154               ,0.000           ,25744.69531       ,0.00000               ,0.000         ,0.000         ,0.000         ,0.000         ,-0.001        
15:29:33.119580     ,0.879       ,0.000       ,18.800      ,7.010       ,7.010       ,6.545       ,0.465       ,0.000       ,0.000          ,0.000       ,0.000       ,0.000       ,0.000       ,0.000       ,0.000       ,0.000       ,0.00000       ,3592          ,0.630           ,315.703       ,-44.000             ,0.154               ,0.000           ,25744.68945       ,0.00000               ,0.000         ,0.000         ,0.000         ,0.000         ,-0.001        
15:29:33.129517     ,0.879       ,0.000       ,18.800      ,7.020       ,7.020       ,6.545       ,0.475       ,0.000       ,0.000          ,0.000       ,0.000       ,0.000       ,0.000       ,0.000       ,0.000       ,0.000       ,0.00000       ,3310          ,0.608           ,290.918       ,-44.000             ,0.154               ,0.000           ,25744.68164       ,0.00000               ,0.000         ,0.000         ,0.000         ,0.000         ,-0.001        
15:29:33.140330     ,0.879       ,0.000       ,18.800      ,7.040       ,7.040       ,6.545       ,0.495       ,0.000       ,0.000          ,0.000       ,0.000       ,0.000       ,0.000       ,0.000       ,0.000       ,0.000       ,0.00000       ,3287          ,0.606           ,288.896       ,-44.200             ,0.154               ,0.000           ,25744.67383       ,0.00000               ,0.000         ,0.000         ,0.000         ,0.000         ,-0.001        
15:29:33.149467     ,0.879       ,0.000       ,18.800      ,7.060       ,7.060       ,6.545       ,0.515       ,0.000       ,0.000          ,0.000       ,0.000       ,0.000       ,0.000       ,0.000       ,0.000       ,0.000       ,0.00000       ,3287          ,0.606           ,288.896       ,-44.800             ,0.156               ,0.000           ,25744.66797       ,0.00000               ,0.000         ,0.000         ,0.000         ,0.000         ,0.000         
15:29:33.161395     ,0.879       ,0.000       ,18.800      ,7.070       ,7.070       ,6.545       ,0.525       ,0.000       ,0.000          ,0.000       ,0.000       ,0.000       ,0.000       ,0.000       ,0.000       ,0.000       ,0.00000       ,3242          ,0.603           ,284.941       ,-45.000             ,0.157               ,0.000           ,25744.66016       ,0.00000               ,0.000         ,0.000         ,0.000         ,0.000         ,0.000         
15:29:33.173842     ,0.879       ,0.000       ,18.816      ,7.090       ,7.090       ,6.545       ,0.545       ,0.000       ,0.000          ,0.000       ,0.000       ,0.000       ,0.000       ,0.000       ,0.000       ,0.000       ,0.00000       ,3219          ,0.601           ,282.920       ,-44.600             ,0.156               ,0.000           ,25744.65234       ,0.00000               ,0.000         ,0.000         ,0.000         ,0.000         ,-0.001        
15:29:33.180267     ,0.879       ,0.000       ,18.816      ,7.080       ,7.080       ,6.545       ,0.535       ,0.000       ,0.000          ,0.000       ,0.000       ,0.000       ,0.000       ,0.000       ,0.000       ,0.000       ,0.00000       ,3196          ,0.599           ,280.898       ,-44.200             ,0.154               ,0.000           ,25744.64453       ,0.00000               ,0.000         ,0.000         ,0.000         ,0.000         ,-0.001        
15:29:33.190257     ,0.879       ,0.000       ,18.816      ,7.070       ,7.070       ,6.545       ,0.525       ,0.000       ,0.000          ,0.000       ,0.000       ,0.000       ,0.000       ,0.000       ,0.000       ,0.000       ,0.00000       ,3173          ,0.598           ,278.877       ,-44.000             ,0.154               ,0.000           ,25744.63672       ,0.00000               ,0.000         ,0.000         ,0.000         ,0.000         ,-0.001        
15:29:33.199325     ,0.879       ,0.000       ,18.816      ,7.090       ,7.090       ,6.545       ,0.545       ,0.000       ,0.000          ,0.000       ,0.000       ,0.000       ,0.000       ,0.000       ,0.000       ,0.000       ,0.00000       ,3149          ,0.596           ,276.768       ,-44.400             ,0.155               ,0.000           ,25744.62891       ,0.00000               ,0.000         ,0.000         ,0.000         ,0.000         ,-0.001        
15:29:33.210287     ,0.879       ,0.000       ,18.816      ,7.070       ,7.070       ,6.545       ,0.525       ,0.000       ,0.000          ,0.000       ,0.000       ,0.000       ,0.000       ,0.000       ,0.000       ,0.000       ,0.00000       ,3125          ,0.594           ,274.658       ,-44.600             ,0.156               ,0.000           ,25744.62109       ,0.00000               ,0.000         ,0.000         ,0.000         ,0.000         ,-0.004        
15:29:33.219437     ,0.879       ,0.000       ,18.816      ,7.070       ,7.070       ,6.545       ,0.525       ,0.000       ,0.000          ,0.000       ,0.000       ,0.000       ,0.000       ,0.000       ,0.000       ,0.000       ,0.00000       ,3101          ,0.592           ,272.549       ,-45.000             ,0.157               ,0.000           ,25744.61133       ,0.00000               ,0.000         ,0.000         ,0.000         ,0.000         ,0.003         
15:29:33.229446     ,0.879       ,0.000       ,18.816      ,7.070       ,7.070       ,6.545       ,0.525       ,0.000       ,0.000          ,0.000       ,0.000       ,0.000       ,0.000       ,0.000       ,0.000       ,0.000       ,0.00000       ,3077          ,0.590           ,270.439       ,-45.200             ,0.158               ,0.000           ,25744.60352       ,0.00000               ,0.000         ,0.000         ,0.000         ,0.000         ,0.000         
15:29:33.239616     ,0.879       ,0.000       ,18.816      ,7.090       ,7.090       ,6.545       ,0.545       ,0.000       ,0.000          ,0.000       ,0.000       ,0.000       ,0.000       ,0.000       ,0.000       ,0.000       ,0.00000       ,3053          ,0.589           ,268.330       ,-45.800             ,0.160               ,0.000           ,25744.59570       ,0.00000               ,0.000         ,0.000         ,0.000         ,0.000         ,-0.001        
15:29:33.249317     ,0.879       ,0.000       ,18.816      ,7.080       ,7.080       ,6.545       ,0.535       ,0.000       ,0.000          ,0.000       ,0.000       ,0.000       ,0.000       ,0.000       ,0.000       ,0.000       ,0.00000       ,3028          ,0.587           ,266.133       ,-46.400             ,0.162               ,0.000           ,25744.58594       ,0.00000               ,0.000         ,0.000         ,0.000         ,0.000         ,-0.001        
15:29:33.262292     ,0.879       ,0.000       ,18.816      ,7.070       ,7.070       ,6.545       ,0.525       ,0.000       ,0.000          ,0.000       ,0.000       ,0.000       ,0.000       ,0.000       ,0.000       ,0.000       ,0.00000       ,3003          ,0.585           ,263.936       ,-46.600             ,0.163               ,0.000           ,25744.57812       ,0.00000               ,0.000         ,0.000         ,0.000         ,0.000         ,0.000         
15:29:33.273642     ,0.879       ,0.000       ,18.832      ,7.060       ,7.060       ,6.545       ,0.515       ,0.000       ,0.000          ,0.000       ,0.000       ,0.000       ,0.000       ,0.000       ,0.000       ,0.000       ,0.00000       ,2978          ,0.583           ,261.738       ,-47.400             ,0.165               ,0.000           ,25744.56836       ,0.00000               ,0.000         ,0.000         ,0.000         ,0.000         ,-0.001        
15:29:33.280477     ,0.879       ,0.000       ,18.832      ,7.060       ,7.060       ,6.545       ,0.515       ,0.000       ,0.000          ,0.000       ,0.000       ,0.000       ,0.000       ,0.000       ,0.000       ,0.000       ,0.00000       ,2952          ,0.581           ,259.453       ,-47.800             ,0.167               ,0.000           ,25744.56055       ,0.00000               ,0.000         ,0.000         ,0.000         ,0.000         ,-0.001        
15:29:33.289483     ,0.879       ,0.000       ,18.832      ,7.060       ,7.060       ,6.545       ,0.515       ,0.000       ,0.000          ,0.000       ,0.000       ,0.000       ,0.000       ,0.000       ,0.000       ,0.000       ,0.00000       ,2926          ,0.579           ,257.168       ,-48.400             ,0.169               ,0.000           ,25744.55078       ,0.00000               ,0.000         ,0.000         ,0.000         ,0.000         ,-0.001        
15:29:33.300265     ,0.879       ,0.000       ,18.832      ,7.040       ,7.040       ,6.545       ,0.495       ,0.000       ,0.000          ,0.000       ,0.000       ,0.000       ,0.000       ,0.000       ,0.000       ,0.000       ,0.00000       ,2901          ,0.577           ,254.971       ,-48.600             ,0.170               ,0.000           ,25744.54102       ,0.00000               ,0.000         ,0.000         ,0.000         ,0.000         ,0.001         
15:29:33.311149     ,0.879       ,0.000       ,18.832      ,7.020       ,7.020       ,6.545       ,0.475       ,0.000       ,0.000          ,0.000       ,0.000       ,0.000       ,0.000       ,0.000       ,0.000       ,0.000       ,0.00000       ,2875          ,0.575           ,252.686       ,-49.200             ,0.172               ,0.000           ,25744.53320       ,0.00000               ,0.000         ,0.000         ,0.000         ,0.000         ,-0.001        
15:29:33.319504     ,0.879       ,0.000       ,18.832      ,7.020       ,7.020       ,6.545       ,0.475       ,0.000       ,0.000          ,0.000       ,0.000       ,0.000       ,0.000       ,0.000       ,0.000       ,0.000       ,0.00000       ,2848          ,0.573           ,250.312       ,-49.800             ,0.174               ,0.000           ,25744.52344       ,0.00000               ,0.000         ,0.000         ,0.000         ,0.000         ,0.000         
15:29:33.330853     ,0.879       ,0.000       ,18.832      ,7.020       ,7.020       ,6.545       ,0.475       ,0.000       ,0.000          ,0.000       ,0.000       ,0.000       ,0.000       ,0.000       ,0.000       ,0.000       ,0.00000       ,2822          ,0.571           ,248.027       ,-50.000             ,0.175               ,0.000           ,25744.51562       ,0.00000               ,0.000         ,0.000         ,0.000         ,0.000         ,-0.001        
15:29:33.340273     ,0.879       ,0.000       ,18.832      ,7.020       ,7.020       ,6.545       ,0.475       ,0.000       ,0.000          ,0.000       ,0.000       ,0.000       ,0.000       ,0.000       ,0.000       ,0.000       ,0.00000       ,2795          ,0.569           ,245.654       ,-50.200             ,0.175               ,0.000           ,25744.50586       ,0.00000               ,0.000         ,0.000         ,0.000         ,0.000         ,0.000         
15:29:33.350171     ,0.879       ,0.000       ,18.832      ,6.950       ,6.950       ,6.545       ,0.405       ,0.000       ,0.000          ,0.000       ,0.000       ,0.000       ,0.000       ,0.000       ,0.000       ,0.000       ,0.00000       ,2769          ,0.567           ,243.369       ,-50.600             ,0.177               ,0.000           ,25744.49805       ,0.00000               ,0.000         ,0.000         ,0.000         ,0.000         ,-0.001        
15:29:33.361412     ,0.879       ,0.000       ,18.832      ,6.930       ,6.930       ,6.545       ,0.385       ,0.000       ,0.000          ,0.000       ,0.000       ,0.000       ,0.000       ,0.000       ,0.000       ,0.000       ,0.00000       ,2742          ,0.565           ,240.996       ,-51.000             ,0.178               ,0.000           ,25744.48828       ,0.00000               ,0.000         ,0.000         ,0.000         ,0.000         ,-0.001        
15:29:33.373817     ,0.881       ,0.000       ,18.832      ,7.000       ,7.000       ,6.545       ,0.455       ,0.000       ,0.000          ,0.000       ,0.000       ,0.000       ,0.000       ,0.000       ,0.000       ,0.000       ,0.00000       ,2715          ,0.563           ,238.623       ,-51.000             ,0.178               ,0.000           ,25744.48047       ,0.00000               ,0.000         ,0.000         ,0.000         ,0.000         ,-0.001        
15:29:33.379409     ,0.881       ,0.000       ,18.832      ,7.010       ,7.010       ,6.545       ,0.465       ,0.000       ,0.000          ,0.000       ,0.000       ,0.000       ,0.000       ,0.000       ,0.000       ,0.000       ,0.00000       ,2688          ,0.561           ,236.250       ,-51.000             ,0.178               ,0.000           ,25744.47266       ,0.00000               ,0.000         ,0.000         ,0.000         ,0.000         ,-0.001        
15:29:33.390298     ,0.881       ,0.000       ,18.832      ,6.970       ,6.970       ,6.545       ,0.425       ,0.000       ,0.000          ,0.000       ,0.000       ,0.000       ,0.000       ,0.000       ,0.000       ,0.000       ,0.00000       ,2661          ,0.558           ,233.877       ,-51.000             ,0.178               ,0.000           ,25744.46484       ,0.00000               ,0.000         ,0.000         ,0.000         ,0.000         ,-0.001        
15:29:33.399406     ,0.881       ,0.000       ,18.832      ,6.980       ,6.980       ,6.545       ,0.435       ,0.000       ,0.000          ,0.000       ,0.000       ,0.000       ,0.000       ,0.000       ,0.000       ,0.000       ,0.00000       ,2633          ,0.556           ,231.416       ,-50.600             ,0.177               ,0.000           ,25744.45703       ,0.00000               ,0.000         ,0.000         ,0.000         ,0.000         ,-0.003        
15:29:33.410217     ,0.881       ,0.000       ,18.832      ,6.950       ,6.950       ,6.545       ,0.405       ,0.000       ,0.000          ,0.000       ,0.000       ,0.000       ,0.000       ,0.000       ,0.000       ,0.000       ,0.00000       ,2606          ,0.554           ,229.043       ,-50.400             ,0.176               ,0.000           ,25744.45117       ,0.00000               ,0.000         ,0.000         ,0.000         ,0.000         ,0.000         
15:29:33.419512     ,0.881       ,0.000       ,18.832      ,6.920       ,6.920       ,6.545       ,0.375       ,0.000       ,0.000          ,0.000       ,0.000       ,0.000       ,0.000       ,0.000       ,0.000       ,0.000       ,0.00000       ,2578          ,0.552           ,226.582       ,-49.200             ,0.172               ,0.000           ,25744.44727       ,0.00000               ,0.000         ,0.000         ,0.000         ,0.000         ,-0.001        
15:29:33.429467     ,0.881       ,0.000       ,18.832      ,6.970       ,6.970       ,6.545       ,0.425       ,0.000       ,0.000          ,0.000       ,0.000       ,0.000       ,0.000       ,0.000       ,0.000       ,0.000       ,0.00000       ,2551          ,0.550           ,224.209       ,-48.400             ,0.169               ,0.000           ,25744.43945       ,0.00000               ,0.000         ,0.000         ,0.000         ,0.000         ,-0.001        
15:29:33.439705     ,0.881       ,0.000       ,18.832      ,6.970       ,6.970       ,6.545       ,0.425       ,0.000       ,0.000          ,0.000       ,0.000       ,0.000       ,0.000       ,0.000       ,0.000       ,0.000       ,0.00000       ,2523          ,0.548           ,221.748       ,-47.200             ,0.165               ,0.000           ,25744.43555       ,0.00000               ,0.000         ,0.000         ,0.000         ,0.000         ,0.004         
15:29:33.450108     ,0.881       ,0.000       ,18.832      ,6.970       ,6.970       ,6.545       ,0.425       ,0.000       ,0.000          ,0.000       ,0.000       ,0.000       ,0.000       ,0.000       ,0.000       ,0.000       ,0.00000       ,2496          ,0.546           ,219.375       ,-46.600             ,0.163               ,0.000           ,25744.42969       ,0.00000               ,0.000         ,0.000         ,0.000         ,0.000         ,-0.001        
15:29:33.460288     ,0.881       ,0.000       ,18.832      ,6.960       ,6.960       ,6.545       ,0.415       ,0.000       ,0.000          ,0.000       ,0.000       ,0.000       ,0.000       ,0.000       ,0.000       ,0.000       ,0.00000       ,2468          ,0.544           ,216.914       ,-45.000             ,0.157               ,0.000           ,25744.42383       ,0.00000               ,0.000         ,0.000         ,0.000         ,0.000         ,0.000         
15:29:33.472846     ,0.876       ,0.000       ,18.783      ,6.960       ,6.960       ,6.545       ,0.415       ,0.000       ,0.000          ,0.000       ,0.000       ,0.000       ,0.000       ,0.000       ,0.000       ,0.000       ,0.00000       ,2440          ,0.541           ,214.453       ,-43.000             ,0.150               ,0.000           ,25744.41992       ,0.00000               ,0.000         ,0.000         ,0.000         ,0.000         ,-0.001        
15:29:33.480543     ,0.876       ,0.000       ,18.783      ,7.000       ,7.000       ,6.545       ,0.455       ,0.000       ,0.000          ,0.000       ,0.000       ,0.000       ,0.000       ,0.000       ,0.000       ,0.000       ,0.00000       ,2412          ,0.539           ,211.992       ,-42.200             ,0.147               ,0.000           ,25744.41016       ,0.00000               ,0.000         ,0.000         ,0.000         ,0.000         ,-0.001        
15:29:33.489380     ,0.876       ,0.000       ,18.783      ,7.030       ,7.030       ,6.545       ,0.485       ,0.000       ,0.000          ,0.000       ,0.000       ,0.000       ,0.000       ,0.000       ,0.000       ,0.000       ,0.00000       ,2385          ,0.537           ,209.619       ,-42.000             ,0.147               ,0.000           ,25744.40039       ,0.00000               ,0.000         ,0.000         ,0.000         ,0.000         ,-0.001        
15:29:33.500133     ,0.876       ,0.000       ,18.783      ,7.010       ,7.010       ,6.545       ,0.465       ,0.000       ,0.000          ,0.000       ,0.000       ,0.000       ,0.000       ,0.000       ,0.000       ,0.000       ,0.00000       ,2357          ,0.535           ,207.158       ,-42.200             ,0.147               ,0.000           ,25744.39062       ,0.00000               ,0.000         ,0.000         ,0.000         ,0.000         ,-0.001        
15:29:33.509464     ,0.876       ,0.000       ,18.783      ,6.970       ,6.970       ,6.545       ,0.425       ,0.000       ,0.000          ,0.000       ,0.000       ,0.000       ,0.000       ,0.000       ,0.000       ,0.000       ,0.00000       ,2328          ,0.533           ,204.609       ,-43.600             ,0.152               ,0.000           ,25744.38086       ,0.00000               ,0.000         ,0.000         ,0.000         ,0.000         ,-0.001        
15:29:33.521279     ,0.876       ,0.000       ,18.783      ,6.920       ,6.920       ,6.545       ,0.375       ,0.000       ,0.000          ,0.000       ,0.000       ,0.000       ,0.000       ,0.000       ,0.000       ,0.000       ,0.00000       ,2301          ,0.531           ,202.236       ,-44.400             ,0.155               ,0.000           ,25744.37109       ,0.00000               ,0.000         ,0.000         ,0.000         ,0.000         ,-0.001        
15:29:33.529630     ,0.876       ,0.000       ,18.783      ,6.910       ,6.910       ,6.545       ,0.365       ,0.000       ,0.000          ,0.000       ,0.000       ,0.000       ,0.000       ,0.000       ,0.000       ,0.000       ,0.00000       ,2272          ,0.529           ,199.688       ,-46.200             ,0.161               ,0.000           ,25744.36133       ,0.00000               ,0.000         ,0.000         ,0.000         ,0.000         ,-0.001        
15:29:33.539538     ,0.876       ,0.000       ,18.783      ,6.910       ,6.910       ,6.545       ,0.365       ,0.000       ,0.000          ,0.000       ,0.000       ,0.000       ,0.000       ,0.000       ,0.000       ,0.000       ,0.00000       ,2244          ,0.526           ,197.227       ,-47.200             ,0.165               ,0.000           ,25744.35156       ,0.00000               ,0.000         ,0.000         ,0.000         ,0.000         ,0.000         
15:29:33.550380     ,0.876       ,0.000       ,18.783      ,6.910       ,6.910       ,6.545       ,0.365       ,0.000       ,0.000          ,0.000       ,0.000       ,0.000       ,0.000       ,0.000       ,0.000       ,0.000       ,0.00000       ,2216          ,0.524           ,194.766       ,-47.800             ,0.167               ,0.000           ,25744.34180       ,0.00000               ,0.000         ,0.000         ,0.000         ,0.000         ,0.000         
15:29:33.562299     ,0.876       ,0.000       ,18.783      ,6.920       ,6.920       ,6.545       ,0.375       ,0.000       ,0.000          ,0.000       ,0.000       ,0.000       ,0.000       ,0.000       ,0.000       ,0.000       ,0.00000       ,2189          ,0.522           ,192.393       ,-48.800             ,0.170               ,0.000           ,25744.33203       ,0.00000               ,0.000         ,0.000         ,0.000         ,0.000         ,0.000         
15:29:33.575783     ,0.879       ,0.000       ,18.849      ,6.910       ,6.910       ,6.545       ,0.365       ,0.000       ,0.000          ,0.000       ,0.000       ,0.000       ,0.000       ,0.000       ,0.000       ,0.000       ,0.00000       ,2160          ,0.520           ,189.844       ,-50.200             ,0.175               ,0.000           ,25744.32227       ,0.00000               ,0.000         ,0.000         ,0.000         ,0.000         ,-0.001        
15:29:33.579496     ,0.879       ,0.000       ,18.849      ,6.930       ,6.930       ,6.545       ,0.385       ,0.000       ,0.000          ,0.000       ,0.000       ,0.000       ,0.000       ,0.000       ,0.000       ,0.000       ,0.00000       ,2132          ,0.518           ,187.383       ,-51.200             ,0.179               ,0.000           ,25744.31250       ,0.00000               ,0.000         ,0.000         ,0.000         ,0.000         ,-0.001        
15:29:33.589525     ,0.879       ,0.000       ,18.849      ,6.960       ,6.960       ,6.545       ,0.415       ,0.000       ,0.000          ,0.000       ,0.000       ,0.000       ,0.000       ,0.000       ,0.000       ,0.000       ,0.00000       ,2104          ,0.516           ,184.922       ,-51.800             ,0.181               ,0.000           ,25744.30273       ,0.00000               ,0.000         ,0.000         ,0.000         ,0.000         ,0.003         
15:29:33.600347     ,0.879       ,0.000       ,18.849      ,6.920       ,6.920       ,6.545       ,0.375       ,0.000       ,0.000          ,0.000       ,0.000       ,0.000       ,0.000       ,0.000       ,0.000       ,0.000       ,0.00000       ,2076          ,0.514           ,182.461       ,-52.200             ,0.182               ,0.000           ,25744.29297       ,0.00000               ,0.000         ,0.000         ,0.000         ,0.000         ,0.000         
15:29:33.610355     ,0.879       ,0.000       ,18.849      ,6.870       ,6.870       ,6.545       ,0.325       ,0.000       ,0.000          ,0.000       ,0.000       ,0.000       ,0.000       ,0.000       ,0.000       ,0.000       ,0.00000       ,2048          ,0.511           ,180.000       ,-52.600             ,0.184               ,0.000           ,25744.28320       ,0.00000               ,0.000         ,0.000         ,0.000         ,0.000         ,-0.006        
15:29:33.619425     ,0.879       ,0.000       ,18.849      ,6.840       ,6.840       ,6.545       ,0.295       ,0.000       ,0.000          ,0.000       ,0.000       ,0.000       ,0.000       ,0.000       ,0.000       ,0.000       ,0.00000       ,2020          ,0.509           ,177.539       ,-53.400             ,0.186               ,0.000           ,25744.27344       ,0.00000               ,0.000         ,0.000         ,0.000         ,0.000         ,-0.001        
15:29:33.629365     ,0.879       ,0.000       ,18.849      ,6.790       ,6.790       ,6.545       ,0.245       ,0.000       ,0.000          ,0.000       ,0.000       ,0.000       ,0.000       ,0.000       ,0.000       ,0.000       ,0.00000       ,1992          ,0.507           ,175.078       ,-53.600             ,0.187               ,0.000           ,25744.26367       ,0.00000               ,0.000         ,0.000         ,0.000         ,0.000         ,0.003         
15:29:33.639394     ,0.879       ,0.000       ,18.849      ,6.770       ,6.770       ,6.545       ,0.225       ,0.000       ,0.000          ,0.000       ,0.000       ,0.000       ,0.000       ,0.000       ,0.000       ,0.000       ,0.00000       ,1964          ,0.505           ,172.617       ,-54.000             ,0.188               ,0.000           ,25744.25391       ,0.00000               ,0.000         ,0.000         ,0.000         ,0.000         ,0.000         
15:29:33.649439     ,0.879       ,0.000       ,18.849      ,6.740       ,6.740       ,6.545       ,0.195       ,0.000       ,0.000          ,0.000       ,0.000       ,0.000       ,0.000       ,0.000       ,0.000       ,0.000       ,0.00000       ,1936          ,0.503           ,170.156       ,-54.400             ,0.190               ,0.000           ,25744.24414       ,0.00000               ,0.000         ,0.000         ,0.000         ,0.000         ,0.000         
15:29:33.660315     ,0.879       ,0.000       ,18.849      ,6.690       ,6.690       ,6.545       ,0.145       ,0.000       ,0.000          ,0.000       ,0.000       ,0.000       ,0.000       ,0.000       ,0.000       ,0.000       ,0.00000       ,1909          ,0.501           ,167.783       ,-54.600             ,0.191               ,0.000           ,25744.23438       ,0.00000               ,0.000         ,0.000         ,0.000         ,0.000         ,-0.001        
15:29:33.672972     ,0.879       ,0.000       ,18.816      ,6.660       ,6.660       ,6.545       ,0.115       ,0.000       ,0.000          ,0.000       ,0.000       ,0.000       ,0.000       ,0.000       ,0.000       ,0.000       ,0.00000       ,1881          ,0.499           ,165.322       ,-55.000             ,0.192               ,0.000           ,25744.22656       ,0.00000               ,0.000         ,0.000         ,0.000         ,0.000         ,-0.001        
15:29:33.679313     ,0.879       ,0.000       ,18.816      ,6.670       ,6.670       ,6.545       ,0.125       ,0.000       ,0.000          ,0.000       ,0.000       ,0.000       ,0.000       ,0.000       ,0.000       ,0.000       ,0.00000       ,1854          ,0.497           ,162.949       ,-55.000             ,0.192               ,0.000           ,25744.21680       ,0.00000               ,0.000         ,0.000         ,0.000         ,0.000         ,-0.001        
15:29:33.690319     ,0.879       ,0.000       ,18.816      ,6.680       ,6.680       ,6.545       ,0.135       ,0.000       ,0.000          ,0.000       ,0.000       ,0.000       ,0.000       ,0.000       ,0.000       ,0.000       ,0.00000       ,1827          ,0.494           ,160.576       ,-55.200             ,0.193               ,0.000           ,25744.20703       ,0.00000               ,0.000         ,0.000         ,0.000         ,0.000         ,-0.001        
15:29:33.699374     ,0.879       ,0.000       ,18.816      ,6.690       ,6.690       ,6.545       ,0.145       ,0.000       ,0.000          ,0.000       ,0.000       ,0.000       ,0.000       ,0.000       ,0.000       ,0.000       ,0.00000       ,1801          ,0.492           ,158.291       ,-55.600             ,0.194               ,0.000           ,25744.19922       ,0.00000               ,0.000         ,0.000         ,0.000         ,0.000         ,-0.001        
15:29:33.709590     ,0.879       ,0.000       ,18.816      ,6.710       ,6.710       ,6.545       ,0.165       ,0.000       ,0.000          ,0.000       ,0.000       ,0.000       ,0.000       ,0.000       ,0.000       ,0.000       ,0.00000       ,1774          ,0.490           ,155.918       ,-56.000             ,0.195               ,0.000           ,25744.18945       ,0.00000               ,0.000         ,0.000         ,0.000         ,0.000         ,0.000         
15:29:33.719638     ,0.879       ,0.000       ,18.816      ,6.730       ,6.730       ,6.545       ,0.185       ,0.000       ,0.000          ,0.000       ,0.000       ,0.000       ,0.000       ,0.000       ,0.000       ,0.000       ,0.00000       ,1747          ,0.488           ,153.545       ,-56.000             ,0.195               ,0.000           ,25744.17969       ,0.00000               ,0.000         ,0.000         ,0.000         ,0.000         ,-0.001        
15:29:33.729360     ,0.879       ,0.000       ,18.816      ,6.740       ,6.740       ,6.545       ,0.195       ,0.000       ,0.000          ,0.000       ,0.000       ,0.000       ,0.000       ,0.000       ,0.000       ,0.000       ,0.00000       ,1721          ,0.486           ,151.260       ,-56.000             ,0.195               ,0.000           ,25744.16992       ,0.00000               ,0.000         ,0.000         ,0.000         ,0.000         ,-0.001        
15:29:33.740348     ,0.879       ,0.000       ,18.816      ,6.790       ,6.790       ,6.545       ,0.245       ,0.000       ,0.000          ,0.000       ,0.000       ,0.000       ,0.000       ,0.000       ,0.000       ,0.000       ,0.00000       ,1694          ,0.484           ,148.887       ,-56.000             ,0.195               ,0.000           ,25744.16211       ,0.00000               ,0.000         ,0.000         ,0.000         ,0.000         ,0.000         
15:29:33.749479     ,0.879       ,0.000       ,18.816      ,6.800       ,6.800       ,6.545       ,0.255       ,0.000       ,0.000          ,0.000       ,0.000       ,0.000       ,0.000       ,0.000       ,0.000       ,0.000       ,0.00000       ,1667          ,0.482           ,146.514       ,-56.000             ,0.195               ,0.000           ,25744.15234       ,0.00000               ,0.000         ,0.000         ,0.000         ,0.000         ,0.000         
15:29:33.761447     ,0.879       ,0.000       ,18.816      ,6.830       ,6.830       ,6.545       ,0.285       ,0.000       ,0.000          ,0.000       ,0.000       ,0.000       ,0.000       ,0.000       ,0.000       ,0.000       ,0.00000       ,1640          ,0.480           ,144.141       ,-56.000             ,0.195               ,0.000           ,25744.14258       ,0.00000               ,0.000         ,0.000         ,0.000         ,0.000         ,-0.001        
15:29:33.773037     ,0.881       ,0.000       ,18.800      ,6.830       ,6.830       ,6.545       ,0.285       ,0.000       ,0.000          ,0.000       ,0.000       ,0.000       ,0.000       ,0.000       ,0.000       ,0.000       ,0.00000       ,1613          ,0.478           ,141.768       ,-56.000             ,0.195               ,0.000           ,25744.13281       ,0.00000               ,0.000         ,0.000         ,0.000         ,0.000         ,-0.003        
15:29:33.779348     ,0.881       ,0.000       ,18.800      ,6.840       ,6.840       ,6.545       ,0.295       ,0.000       ,0.000          ,0.000       ,0.000       ,0.000       ,0.000       ,0.000       ,0.000       ,0.000       ,0.00000       ,1586          ,0.476           ,139.395       ,-56.000             ,0.195               ,0.000           ,25744.12305       ,0.00000               ,0.000         ,0.000         ,0.000         ,0.000         ,-0.003        
15:29:33.789426     ,0.881       ,0.000       ,18.800      ,6.850       ,6.850       ,6.545       ,0.305       ,0.000       ,0.000          ,0.000       ,0.000       ,0.000       ,0.000       ,0.000       ,0.000       ,0.000       ,0.00000       ,1559          ,0.474           ,137.021       ,-56.000             ,0.195               ,0.000           ,25744.11523       ,0.00000               ,0.000         ,0.000         ,0.000         ,0.000         ,-0.001        
15:29:33.800269     ,0.881       ,0.000       ,18.800      ,6.850       ,6.850       ,6.545       ,0.305       ,0.000       ,0.000          ,0.000       ,0.000       ,0.000       ,0.000       ,0.000       ,0.000       ,0.000       ,0.00000       ,1532          ,0.472           ,134.648       ,-55.800             ,0.195               ,0.000           ,25744.10547       ,0.00000               ,0.000         ,0.000         ,0.000         ,0.000         ,-0.001        
15:29:33.810380     ,0.881       ,0.000       ,18.800      ,6.870       ,6.870       ,6.545       ,0.325       ,0.000       ,0.000          ,0.000       ,0.000       ,0.000       ,0.000       ,0.000       ,0.000       ,0.000       ,0.00000       ,1504          ,0.470           ,132.188       ,-55.400             ,0.193               ,0.000           ,25744.09570       ,0.00000               ,0.000         ,0.000         ,0.000         ,0.000         ,0.000         
15:29:33.819660     ,0.881       ,0.000       ,18.800      ,6.890       ,6.890       ,6.545       ,0.345       ,0.000       ,0.000          ,0.000       ,0.000       ,0.000       ,0.000       ,0.000       ,0.000       ,0.000       ,0.00000       ,1477          ,0.468           ,129.814       ,-55.400             ,0.193               ,0.000           ,25744.08594       ,0.00000               ,0.000         ,0.000         ,0.000         ,0.000         ,-0.001        
15:29:33.829373     ,0.881       ,0.000       ,18.800      ,6.900       ,6.900       ,6.545       ,0.355       ,0.000       ,0.000          ,0.000       ,0.000       ,0.000       ,0.000       ,0.000       ,0.000       ,0.000       ,0.00000       ,1449          ,0.465           ,127.354       ,-55.800             ,0.195               ,0.000           ,25744.07617       ,0.00000               ,0.000         ,0.000         ,0.000         ,0.000         ,0.000         
15:29:33.839625     ,0.881       ,0.000       ,18.800      ,6.910       ,6.910       ,6.545       ,0.365       ,0.000       ,0.000          ,0.000       ,0.000       ,0.000       ,0.000       ,0.000       ,0.000       ,0.000       ,0.00000       ,1421          ,0.463           ,124.893       ,-56.000             ,0.195               ,0.000           ,25744.06641       ,0.00000               ,0.000         ,0.000         ,0.000         ,0.000         ,-0.001        
15:29:33.849319     ,0.881       ,0.000       ,18.800      ,6.890       ,6.890       ,6.545       ,0.345       ,0.000       ,0.000          ,0.000       ,0.000       ,0.000       ,0.000       ,0.000       ,0.000       ,0.000       ,0.00000       ,1393          ,0.461           ,122.432       ,-56.000             ,0.195               ,0.000           ,25744.05664       ,0.00000               ,0.000         ,0.000         ,0.000         ,0.000         ,0.001         
15:29:33.860164     ,0.881       ,0.000       ,18.800      ,6.870       ,6.870       ,6.545       ,0.325       ,0.000       ,0.000          ,0.000       ,0.000       ,0.000       ,0.000       ,0.000       ,0.000       ,0.000       ,0.00000       ,1364          ,0.459           ,119.883       ,-56.200             ,0.196               ,0.000           ,25744.04688       ,0.00000               ,0.000         ,0.000         ,0.000         ,0.000         ,0.000         
15:29:33.873860     ,0.881       ,0.000       ,18.832      ,6.890       ,6.890       ,6.545       ,0.345       ,0.000       ,0.000          ,0.000       ,0.000       ,0.000       ,0.000       ,0.000       ,0.000       ,0.000       ,0.00000       ,1336          ,0.457           ,117.422       ,-56.800             ,0.198               ,0.000           ,25744.03711       ,0.00000               ,0.000         ,0.000         ,0.000         ,0.000         ,0.000         
15:29:33.879588     ,0.881       ,0.000       ,18.832      ,6.870       ,6.870       ,6.545       ,0.325       ,0.000       ,0.000          ,0.000       ,0.000       ,0.000       ,0.000       ,0.000       ,0.000       ,0.000       ,0.00000       ,1307          ,0.455           ,114.873       ,-57.000             ,0.199               ,0.000           ,25744.02734       ,0.00000               ,0.000         ,0.000         ,0.000         ,0.000         ,0.000         
15:29:33.889499     ,0.881       ,0.000       ,18.832      ,6.860       ,6.860       ,6.545       ,0.315       ,0.000       ,0.000          ,0.000       ,0.000       ,0.000       ,0.000       ,0.000       ,0.000       ,0.000       ,0.00000       ,1278          ,0.452           ,112.324       ,-57.000             ,0.199               ,0.000           ,25744.01758       ,0.00000               ,0.000         ,0.000         ,0.000         ,0.000         ,0.000         
15:29:33.899385     ,0.881       ,0.000       ,18.832      ,6.860       ,6.860       ,6.545       ,0.315       ,0.000       ,0.000          ,0.000       ,0.000       ,0.000       ,0.000       ,0.000       ,0.000       ,0.000       ,0.00000       ,1248          ,0.450           ,109.688       ,-57.400             ,0.200               ,0.000           ,25744.00781       ,0.00000               ,0.000         ,0.000         ,0.000         ,0.000         ,0.001         
15:29:33.909604     ,0.881       ,0.000       ,18.832      ,6.860       ,6.860       ,6.545       ,0.315       ,0.000       ,0.000          ,0.000       ,0.000       ,0.000       ,0.000       ,0.000       ,0.000       ,0.000       ,0.00000       ,1219          ,0.448           ,107.139       ,-57.800             ,0.202               ,0.000           ,25743.99609       ,0.00000               ,0.000         ,0.000         ,0.000         ,0.000         ,-0.001        
15:29:33.920085     ,0.881       ,0.000       ,18.832      ,6.850       ,6.850       ,6.545       ,0.305       ,0.000       ,0.000          ,0.000       ,0.000       ,0.000       ,0.000       ,0.000       ,0.000       ,0.000       ,0.00000       ,1189          ,0.446           ,104.502       ,-58.000             ,0.202               ,0.000           ,25743.98633       ,0.00000               ,0.000         ,0.000         ,0.000         ,0.000         ,-0.003        
15:29:33.931710     ,0.881       ,0.000       ,18.832      ,6.840       ,6.840       ,6.545       ,0.295       ,0.000       ,0.000          ,0.000       ,0.000       ,0.000       ,0.000       ,0.000       ,0.000       ,0.000       ,0.00000       ,1160          ,0.443           ,101.953       ,-58.200             ,0.203               ,0.000           ,25743.97656       ,0.00000               ,0.000         ,0.000         ,0.000         ,0.000         ,-0.001        
15:29:33.940711     ,0.881       ,0.000       ,18.832      ,6.840       ,6.840       ,6.545       ,0.295       ,0.000       ,0.000          ,0.000       ,0.000       ,0.000       ,0.000       ,0.000       ,0.000       ,0.000       ,0.00000       ,1130          ,0.441           ,99.316        ,-58.600             ,0.205               ,0.000           ,25743.96484       ,0.00000               ,0.000         ,0.000         ,0.000         ,0.000         ,0.000         
15:29:33.951059     ,0.881       ,0.000       ,18.832      ,6.780       ,6.780       ,6.545       ,0.235       ,0.000       ,0.000          ,0.000       ,0.000       ,0.000       ,0.000       ,0.000       ,0.000       ,0.000       ,0.00000       ,1100          ,0.439           ,96.680        ,-59.000             ,0.206               ,0.000           ,25743.95508       ,0.00000               ,0.000         ,0.000         ,0.000         ,0.000         ,-0.001        
15:29:33.963046     ,0.881       ,0.000       ,18.832      ,6.860       ,6.860       ,6.545       ,0.315       ,0.000       ,0.000          ,0.000       ,0.000       ,0.000       ,0.000       ,0.000       ,0.000       ,0.000       ,0.00000       ,1070          ,0.436           ,94.043        ,-59.200             ,0.207               ,0.000           ,25743.94336       ,0.00000               ,0.000         ,0.000         ,0.000         ,0.000         ,-0.001        
15:29:33.975605     ,0.881       ,0.000       ,18.832      ,6.870       ,6.870       ,6.545       ,0.325       ,0.000       ,0.000          ,0.000       ,0.000       ,0.000       ,0.000       ,0.000       ,0.000       ,0.000       ,0.00000       ,1040          ,0.434           ,91.406        ,-59.800             ,0.209               ,0.000           ,25743.93359       ,0.00000               ,0.000         ,0.000         ,0.000         ,0.000         ,0.001         
15:29:33.980181     ,0.881       ,0.000       ,18.832      ,6.860       ,6.860       ,6.545       ,0.315       ,0.000       ,0.000          ,0.000       ,0.000       ,0.000       ,0.000       ,0.000       ,0.000       ,0.000       ,0.00000       ,1010          ,0.432           ,88.770        ,-60.000             ,0.209               ,0.000           ,25743.92383       ,0.00000               ,0.000         ,0.000         ,0.000         ,0.000         ,0.001         
15:29:33.990719     ,0.881       ,0.000       ,18.832      ,6.810       ,6.810       ,6.545       ,0.265       ,0.000       ,0.000          ,0.000       ,0.000       ,0.000       ,0.000       ,0.000       ,0.000       ,0.000       ,0.00000       ,980           ,0.430           ,86.133        ,-60.000             ,0.209               ,0.000           ,25743.91406       ,0.00000               ,0.000         ,0.000         ,0.000         ,0.000         ,0.000         
15:29:33.999540     ,0.881       ,0.000       ,18.832      ,6.830       ,6.830       ,6.545       ,0.285       ,0.000       ,0.000          ,0.000       ,0.000       ,0.000       ,0.000       ,0.000       ,0.000       ,0.000       ,0.00000       ,950           ,0.427           ,83.496        ,-60.200             ,0.210               ,0.000           ,25743.90234       ,0.00000               ,0.000         ,0.000         ,0.000         ,0.000         ,-0.005        
15:29:34.010508     ,0.881       ,0.000       ,18.832      ,6.850       ,6.850       ,6.545       ,0.305       ,0.000       ,0.000          ,0.000       ,0.000       ,0.000       ,0.000       ,0.000       ,0.000       ,0.000       ,0.00000       ,920           ,0.425           ,80.859        ,-60.600             ,0.212               ,0.000           ,25743.89258       ,0.00000               ,0.000         ,0.000         ,0.000         ,0.000         ,-0.001        
15:29:34.020666     ,0.881       ,0.000       ,18.832      ,6.830       ,6.830       ,6.545       ,0.285       ,0.000       ,0.000          ,0.000       ,0.000       ,0.000       ,0.000       ,0.000       ,0.000       ,0.000       ,0.00000       ,889           ,0.423           ,78.135        ,-61.000             ,0.213               ,0.000           ,25743.88086       ,0.00000               ,0.000         ,0.000         ,0.000         ,0.000         ,-0.004        
15:29:34.029709     ,0.881       ,0.000       ,18.832      ,6.860       ,6.860       ,6.545       ,0.315       ,0.000       ,0.000          ,0.000       ,0.000       ,0.000       ,0.000       ,0.000       ,0.000       ,0.000       ,0.00000       ,859           ,0.420           ,75.498        ,-61.000             ,0.213               ,0.000           ,25743.87109       ,0.00000               ,0.000         ,0.000         ,0.000         ,0.000         ,-0.001        
15:29:34.039647     ,0.881       ,0.000       ,18.832      ,6.860       ,6.860       ,6.545       ,0.315       ,0.000       ,0.000          ,0.000       ,0.000       ,0.000       ,0.000       ,0.000       ,0.000       ,0.000       ,0.00000       ,829           ,0.418           ,72.861        ,-61.200             ,0.214               ,0.000           ,25743.86133       ,0.00000               ,0.000         ,0.000         ,0.000         ,0.000         ,-0.001        
15:29:34.050864     ,0.881       ,0.000       ,18.832      ,6.870       ,6.870       ,6.545       ,0.325       ,0.000       ,0.000          ,0.000       ,0.000       ,0.000       ,0.000       ,0.000       ,0.000       ,0.000       ,0.00000       ,798           ,0.416           ,70.137        ,-61.600             ,0.215               ,0.000           ,25743.84961       ,0.00000               ,0.000         ,0.000         ,0.000         ,0.000         ,0.001         
15:29:34.061758     ,0.881       ,0.000       ,18.832      ,6.890       ,6.890       ,6.545       ,0.345       ,0.000       ,0.000          ,0.000       ,0.000       ,0.000       ,0.000       ,0.000       ,0.000       ,0.000       ,0.00000       ,768           ,0.413           ,67.500        ,-62.000             ,0.216               ,0.000           ,25743.83984       ,0.00000               ,0.000         ,0.000         ,0.000         ,0.000         ,-0.003        
15:29:34.074133     ,0.879       ,0.000       ,18.767      ,6.920       ,6.920       ,6.545       ,0.375       ,0.000       ,0.000          ,0.000       ,0.000       ,0.000       ,0.000       ,0.000       ,0.000       ,0.000       ,0.00000       ,737           ,0.411           ,64.775        ,-62.000             ,0.216               ,0.000           ,25743.82812       ,0.00000               ,0.000         ,0.000         ,0.000         ,0.000         ,-0.001        
15:29:34.080590     ,0.879       ,0.000       ,18.767      ,6.890       ,6.890       ,6.545       ,0.345       ,0.000       ,0.000          ,0.000       ,0.000       ,0.000       ,0.000       ,0.000       ,0.000       ,0.000       ,0.00000       ,707           ,0.409           ,62.139        ,-62.000             ,0.216               ,0.000           ,25743.81836       ,0.00000               ,0.000         ,0.000         ,0.000         ,0.000         ,-0.001        
15:29:34.089442     ,0.879       ,0.000       ,18.767      ,6.890       ,6.890       ,6.545       ,0.345       ,0.000       ,0.000          ,0.000       ,0.000       ,0.000       ,0.000       ,0.000       ,0.000       ,0.000       ,0.00000       ,676           ,0.406           ,59.414        ,-62.000             ,0.216               ,0.000           ,25743.80664       ,0.00000               ,0.000         ,0.000         ,0.000         ,0.000         ,0.000         
15:29:34.100260     ,0.879       ,0.000       ,18.767      ,6.810       ,6.810       ,6.545       ,0.265       ,0.000       ,0.000          ,0.000       ,0.000       ,0.000       ,0.000       ,0.000       ,0.000       ,0.000       ,0.00000       ,645           ,0.404           ,56.689        ,-62.200             ,0.217               ,0.000           ,25743.79688       ,0.00000               ,0.000         ,0.000         ,0.000         ,0.000         ,-0.001        
15:29:34.110590     ,0.879       ,0.000       ,18.767      ,6.800       ,6.800       ,6.545       ,0.255       ,0.000       ,0.000          ,0.000       ,0.000       ,0.000       ,0.000       ,0.000       ,0.000       ,0.000       ,0.00000       ,614           ,0.401           ,53.965        ,-62.600             ,0.219               ,0.000           ,25743.78516       ,0.00000               ,0.000         ,0.000         ,0.000         ,0.000         ,0.000         
15:29:34.120638     ,0.879       ,0.000       ,18.767      ,6.780       ,6.780       ,6.545       ,0.235       ,0.000       ,0.000          ,0.000       ,0.000       ,0.000       ,0.000       ,0.000       ,0.000       ,0.000       ,0.00000       ,584           ,0.399           ,51.328        ,-63.000             ,0.220               ,0.000           ,25743.77539       ,0.00000               ,0.000         ,0.000         ,0.000         ,0.000         ,0.000         
15:29:34.130341     ,0.879       ,0.000       ,18.767      ,6.830       ,6.830       ,6.545       ,0.285       ,0.000       ,0.000          ,0.000       ,0.000       ,0.000       ,0.000       ,0.000       ,0.000       ,0.000       ,0.00000       ,553           ,0.397           ,48.604        ,-63.000             ,0.220               ,0.000           ,25743.76562       ,0.00000               ,0.000         ,0.000         ,0.000         ,0.000         ,0.003         
15:29:34.140271     ,0.879       ,0.000       ,18.767      ,6.790       ,6.790       ,6.545       ,0.245       ,0.000       ,0.000          ,0.000       ,0.000       ,0.000       ,0.000       ,0.000       ,0.000       ,0.000       ,0.00000       ,522           ,0.394           ,45.879        ,-63.000             ,0.220               ,0.000           ,25743.75391       ,0.00000               ,0.000         ,0.000         ,0.000         ,0.000         ,0.000         
15:29:34.149420     ,0.879       ,0.000       ,18.767      ,6.800       ,6.800       ,6.545       ,0.255       ,0.000       ,0.000          ,0.000       ,0.000       ,0.000       ,0.000       ,0.000       ,0.000       ,0.000       ,0.00000       ,491           ,0.392           ,43.154        ,-63.000             ,0.220               ,0.000           ,25743.74414       ,0.00000               ,0.000         ,0.000         ,0.000         ,0.000         ,0.000         
15:29:34.164646     ,0.879       ,0.000       ,18.767      ,6.810       ,6.810       ,6.545       ,0.265       ,0.000       ,0.000          ,0.000       ,0.000       ,0.000       ,0.000       ,0.000       ,0.000       ,0.000       ,0.00000       ,461           ,0.390           ,40.518        ,-63.000             ,0.220               ,0.000           ,25743.73242       ,0.00000               ,0.000         ,0.000         ,0.000         ,0.000         ,0.000         
15:29:34.185952     ,0.878       ,0.000       ,18.816      ,6.770       ,6.770       ,6.545       ,0.225       ,0.000       ,0.000          ,0.000       ,0.000       ,0.000       ,0.000       ,0.000       ,0.000       ,0.000       ,0.00000       ,400           ,0.385           ,35.156        ,-63.000             ,0.220               ,0.000           ,25743.71289       ,0.00000               ,0.000         ,0.000         ,0.000         ,0.000         ,-0.001        
15:29:34.191450     ,0.878       ,0.000       ,18.816      ,6.770       ,6.770       ,6.545       ,0.225       ,0.000       ,0.000          ,0.000       ,0.000       ,0.000       ,0.000       ,0.000       ,0.000       ,0.000       ,0.00000       ,369           ,0.383           ,32.432        ,-63.000             ,0.220               ,0.000           ,25743.70117       ,0.00000               ,0.000         ,0.000         ,0.000         ,0.000         ,-0.001        
15:29:34.191528     ,0.878       ,0.000       ,18.816      ,6.770       ,6.770       ,6.545       ,0.225       ,0.000       ,0.000          ,0.000       ,0.000       ,0.000       ,0.000       ,0.000       ,0.000       ,0.000       ,0.00000       ,369           ,0.383           ,32.432        ,-63.000             ,0.220               ,0.000           ,25743.70117       ,0.00000               ,0.000         ,0.000         ,0.000         ,0.000         ,-0.001        
15:29:34.200976     ,0.878       ,0.000       ,18.816      ,6.710       ,6.710       ,6.545       ,0.165       ,0.000       ,0.000          ,0.000       ,0.000       ,0.000       ,0.000       ,0.000       ,0.000       ,0.000       ,0.00000       ,339           ,0.380           ,29.795        ,-63.000             ,0.220               ,0.000           ,25743.68945       ,0.00000               ,0.000         ,0.000         ,0.000         ,0.000         ,0.000         
15:29:34.210689     ,0.878       ,0.000       ,18.816      ,6.710       ,6.710       ,6.545       ,0.165       ,0.000       ,0.000          ,0.000       ,0.000       ,0.000       ,0.000       ,0.000       ,0.000       ,0.000       ,0.00000       ,309           ,0.378           ,27.158        ,-63.000             ,0.220               ,0.000           ,25743.67969       ,0.00000               ,0.000         ,0.000         ,0.000         ,0.000         ,-0.001        
15:29:34.220359     ,0.878       ,0.000       ,18.816      ,6.630       ,6.630       ,6.545       ,0.085       ,0.000       ,0.000          ,0.000       ,0.000       ,0.000       ,0.000       ,0.000       ,0.000       ,0.000       ,0.00000       ,279           ,0.376           ,24.521        ,-63.000             ,0.220               ,0.000           ,25743.66797       ,0.00000               ,0.000         ,0.000         ,0.000         ,0.000         ,-0.001        
15:29:34.231380     ,0.878       ,0.000       ,18.816      ,6.630       ,6.630       ,6.545       ,0.085       ,0.000       ,0.000          ,0.000       ,0.000       ,0.000       ,0.000       ,0.000       ,0.000       ,0.000       ,0.00000       ,249           ,0.373           ,21.885        ,-63.000             ,0.220               ,0.000           ,25743.66016       ,0.00000               ,0.000         ,0.000         ,0.000         ,0.000         ,-0.001        
15:29:34.240293     ,0.878       ,0.000       ,18.816      ,6.600       ,6.600       ,6.545       ,0.055       ,0.000       ,0.000          ,0.000       ,0.000       ,0.000       ,0.000       ,0.000       ,0.000       ,0.000       ,0.00000       ,220           ,0.371           ,19.336        ,-63.000             ,0.220               ,0.000           ,25743.65039       ,0.00000               ,0.000         ,0.000         ,0.000         ,0.000         ,-0.001        
15:29:34.249515     ,0.878       ,0.000       ,18.816      ,6.610       ,6.610       ,6.545       ,0.065       ,0.000       ,0.000          ,0.000       ,0.000       ,0.000       ,0.000       ,0.000       ,0.000       ,0.000       ,0.00000       ,190           ,0.369           ,16.699        ,-63.000             ,0.220               ,0.000           ,25743.63867       ,0.00000               ,0.000         ,0.000         ,0.000         ,0.000         ,-0.001        
15:29:34.261349     ,0.878       ,0.000       ,18.816      ,6.590       ,6.590       ,6.545       ,0.045       ,0.000       ,0.000          ,0.000       ,0.000       ,0.000       ,0.000       ,0.000       ,0.000       ,0.000       ,0.00000       ,161           ,0.367           ,14.150        ,-63.000             ,0.220               ,0.000           ,25743.62891       ,0.00000               ,0.000         ,0.000         ,0.000         ,0.000         ,0.000         
15:29:34.272996     ,0.879       ,0.000       ,18.800      ,6.570       ,6.570       ,6.545       ,0.025       ,0.000       ,0.000          ,0.000       ,0.000       ,0.000       ,0.000       ,0.000       ,0.000       ,0.000       ,0.00000       ,133           ,0.365           ,11.689        ,-62.600             ,0.219               ,0.000           ,25743.61914       ,0.00000               ,0.000         ,0.000         ,0.000         ,0.000         ,0.000         
15:29:34.280392     ,0.879       ,0.000       ,18.800      ,6.590       ,6.590       ,6.545       ,0.045       ,0.000       ,0.000          ,0.000       ,0.000       ,0.000       ,0.000       ,0.000       ,0.000       ,0.000       ,0.00000       ,104           ,0.362           ,9.141         ,-62.200             ,0.217               ,0.000           ,25743.60938       ,0.00000               ,0.000         ,0.000         ,0.000         ,0.000         ,0.000         
15:29:34.291201     ,0.879       ,0.000       ,18.800      ,6.570       ,6.570       ,6.545       ,0.025       ,0.000       ,0.000          ,0.000       ,0.000       ,0.000       ,0.000       ,0.000       ,0.000       ,0.000       ,0.00000       ,76            ,0.360           ,6.680         ,-62.000             ,0.216               ,0.000           ,25743.59961       ,0.00000               ,0.000         ,0.000         ,0.000         ,0.000         ,0.000         
15:29:34.300173     ,0.879       ,0.000       ,18.800      ,6.570       ,6.570       ,6.545       ,0.025       ,0.000       ,0.000          ,0.000       ,0.000       ,0.000       ,0.000       ,0.000       ,0.000       ,0.000       ,0.00000       ,48            ,0.358           ,4.219         ,-62.000             ,0.216               ,0.000           ,25743.58984       ,0.00000               ,0.000         ,0.000         ,0.000         ,0.000         ,0.001         
15:29:34.309347     ,0.879       ,0.000       ,18.800      ,6.590       ,6.590       ,6.545       ,0.045       ,0.000       ,0.000          ,0.000       ,0.000       ,0.000       ,0.000       ,0.000       ,0.000       ,0.000       ,0.00000       ,21            ,0.356           ,1.846         ,-61.600             ,0.215               ,0.000           ,25743.58008       ,0.00000               ,0.000         ,0.000         ,0.000         ,0.000         ,-0.001        
15:29:34.319470     ,0.879       ,0.000       ,18.800      ,6.600       ,6.600       ,6.545       ,0.055       ,0.000       ,0.000          ,0.000       ,0.000       ,0.000       ,0.000       ,0.000       ,0.000       ,0.000       ,0.00000       ,2147483641    ,0.354           ,359.385       ,-61.200             ,0.214               ,0.000           ,25743.57031       ,0.00000               ,0.000         ,0.000         ,0.000         ,0.000         ,0.001         
15:29:34.331298     ,0.879       ,0.000       ,18.800      ,6.610       ,6.610       ,6.545       ,0.065       ,0.000       ,0.000          ,0.000       ,0.000       ,0.000       ,0.000       ,0.000       ,0.000       ,0.000       ,0.00000       ,2147483614    ,0.352           ,357.012       ,-61.000             ,0.213               ,0.000           ,25743.56250       ,0.00000               ,0.000         ,0.000         ,0.000         ,0.000         ,-0.009        
15:29:34.339312     ,0.879       ,0.000       ,18.800      ,6.610       ,6.610       ,6.545       ,0.065       ,0.000       ,0.000          ,0.000       ,0.000       ,0.000       ,0.000       ,0.000       ,0.000       ,0.000       ,0.00000       ,2147483586    ,0.350           ,354.551       ,-60.800             ,0.212               ,0.000           ,25743.55273       ,0.00000               ,0.000         ,0.000         ,0.000         ,0.000         ,-0.003        
15:29:34.349539     ,0.879       ,0.000       ,18.800      ,6.660       ,6.660       ,6.545       ,0.115       ,0.000       ,0.000          ,0.000       ,0.000       ,0.000       ,0.000       ,0.000       ,0.000       ,0.000       ,0.00000       ,2147483559    ,0.348           ,352.178       ,-60.200             ,0.210               ,0.000           ,25743.54297       ,0.00000               ,0.000         ,0.000         ,0.000         ,0.000         ,0.000         
15:29:34.361413     ,0.879       ,0.000       ,18.800      ,6.710       ,6.710       ,6.545       ,0.165       ,0.000       ,0.000          ,0.000       ,0.000       ,0.000       ,0.000       ,0.000       ,0.000       ,0.000       ,0.00000       ,2147483533    ,0.346           ,349.893       ,-59.800             ,0.209               ,0.000           ,25743.53320       ,0.00000               ,0.000         ,0.000         ,0.000         ,0.000         ,0.000         
15:29:34.373028     ,0.876       ,0.000       ,18.865      ,6.690       ,6.690       ,6.545       ,0.145       ,0.000       ,0.000          ,0.000       ,0.000       ,0.000       ,0.000       ,0.000       ,0.000       ,0.000       ,0.00000       ,2147483506    ,0.343           ,347.520       ,-59.200             ,0.207               ,0.000           ,25743.52344       ,0.00000               ,0.000         ,0.000         ,0.000         ,0.000         ,0.000         
15:29:34.380363     ,0.876       ,0.000       ,18.865      ,6.740       ,6.740       ,6.545       ,0.195       ,0.000       ,0.000          ,0.000       ,0.000       ,0.000       ,0.000       ,0.000       ,0.000       ,0.000       ,0.00000       ,2147483479    ,0.341           ,345.146       ,-59.000             ,0.206               ,0.000           ,25743.51562       ,0.00000               ,0.000         ,0.000         ,0.000         ,0.000         ,0.000         
15:29:34.389437     ,0.876       ,0.000       ,18.865      ,6.720       ,6.720       ,6.545       ,0.175       ,0.000       ,0.000          ,0.000       ,0.000       ,0.000       ,0.000       ,0.000       ,0.000       ,0.000       ,0.00000       ,2147483452    ,0.339           ,342.773       ,-59.000             ,0.206               ,0.000           ,25743.50586       ,0.00000               ,0.000         ,0.000         ,0.000         ,0.000         ,0.000         
15:29:34.399519     ,0.876       ,0.000       ,18.865      ,6.740       ,6.740       ,6.545       ,0.195       ,0.000       ,0.000          ,0.000       ,0.000       ,0.000       ,0.000       ,0.000       ,0.000       ,0.000       ,0.00000       ,2147483425    ,0.337           ,340.400       ,-58.600             ,0.205               ,0.000           ,25743.49609       ,0.00000               ,0.000         ,0.000         ,0.000         ,0.000         ,-0.001        
15:29:34.410422     ,0.876       ,0.000       ,18.865      ,6.720       ,6.720       ,6.545       ,0.175       ,0.000       ,0.000          ,0.000       ,0.000       ,0.000       ,0.000       ,0.000       ,0.000       ,0.000       ,0.00000       ,2147483398    ,0.335           ,338.027       ,-58.400             ,0.204               ,0.000           ,25743.48633       ,0.00000               ,0.000         ,0.000         ,0.000         ,0.000         ,-0.001        
15:29:34.419665     ,0.876       ,0.000       ,18.865      ,6.730       ,6.730       ,6.545       ,0.185       ,0.000       ,0.000          ,0.000       ,0.000       ,0.000       ,0.000       ,0.000       ,0.000       ,0.000       ,0.00000       ,2147483371    ,0.333           ,335.654       ,-58.000             ,0.202               ,0.000           ,25743.47656       ,0.00000               ,0.000         ,0.000         ,0.000         ,0.000         ,0.000         
15:29:34.429480     ,0.876       ,0.000       ,18.865      ,6.690       ,6.690       ,6.545       ,0.145       ,0.000       ,0.000          ,0.000       ,0.000       ,0.000       ,0.000       ,0.000       ,0.000       ,0.000       ,0.00000       ,2147483345    ,0.331           ,333.369       ,-58.000             ,0.202               ,0.000           ,25743.46680       ,0.00000               ,0.000         ,0.000         ,0.000         ,0.000         ,-0.001        
15:29:34.440995     ,0.876       ,0.000       ,18.865      ,6.690       ,6.690       ,6.545       ,0.145       ,0.000       ,0.000          ,0.000       ,0.000       ,0.000       ,0.000       ,0.000       ,0.000       ,0.000       ,0.00000       ,2147483318    ,0.329           ,330.996       ,-58.000             ,0.202               ,0.000           ,25743.45703       ,0.00000               ,0.000         ,0.000         ,0.000         ,0.000         ,-0.001        
15:29:34.450234     ,0.876       ,0.000       ,18.865      ,6.670       ,6.670       ,6.545       ,0.125       ,0.000       ,0.000          ,0.000       ,0.000       ,0.000       ,0.000       ,0.000       ,0.000       ,0.000       ,0.00000       ,2147483291    ,0.327           ,328.623       ,-58.000             ,0.202               ,0.000           ,25743.44727       ,0.00000               ,0.000         ,0.000         ,0.000         ,0.000         ,0.001         
15:29:34.460263     ,0.876       ,0.000       ,18.865      ,6.680       ,6.680       ,6.545       ,0.135       ,0.000       ,0.000          ,0.000       ,0.000       ,0.000       ,0.000       ,0.000       ,0.000       ,0.000       ,0.00000       ,2147483264    ,0.325           ,326.250       ,-57.800             ,0.202               ,0.000           ,25743.43945       ,0.00000               ,0.000         ,0.000         ,0.000         ,0.000         ,0.000         
15:29:34.472871     ,0.883       ,0.000       ,18.849      ,6.710       ,6.710       ,6.545       ,0.165       ,0.000       ,0.000          ,0.000       ,0.000       ,0.000       ,0.000       ,0.000       ,0.000       ,0.000       ,0.00000       ,2147483237    ,0.323           ,323.877       ,-57.200             ,0.200               ,0.000           ,25743.42969       ,0.00000               ,0.000         ,0.000         ,0.000         ,0.000         ,0.000         
15:29:34.479758     ,0.883       ,0.000       ,18.849      ,6.690       ,6.690       ,6.545       ,0.145       ,0.000       ,0.000          ,0.000       ,0.000       ,0.000       ,0.000       ,0.000       ,0.000       ,0.000       ,0.00000       ,2147483210    ,0.321           ,321.504       ,-57.000             ,0.199               ,0.000           ,25743.41992       ,0.00000               ,0.000         ,0.000         ,0.000         ,0.000         ,0.000         
15:29:34.490313     ,0.883       ,0.000       ,18.849      ,6.710       ,6.710       ,6.545       ,0.165       ,0.000       ,0.000          ,0.000       ,0.000       ,0.000       ,0.000       ,0.000       ,0.000       ,0.000       ,0.00000       ,2147483183    ,0.319           ,319.131       ,-57.000             ,0.199               ,0.000           ,25743.41211       ,0.00000               ,0.000         ,0.000         ,0.000         ,0.000         ,0.000         
15:29:34.499717     ,0.883       ,0.000       ,18.849      ,6.710       ,6.710       ,6.545       ,0.165       ,0.000       ,0.000          ,0.000       ,0.000       ,0.000       ,0.000       ,0.000       ,0.000       ,0.000       ,0.00000       ,2147483156    ,0.317           ,316.758       ,-57.000             ,0.199               ,0.000           ,25743.40234       ,0.00000               ,0.000         ,0.000         ,0.000         ,0.000         ,-0.001        
15:29:34.510236     ,0.883       ,0.000       ,18.849      ,6.720       ,6.720       ,6.545       ,0.175       ,0.000       ,0.000          ,0.000       ,0.000       ,0.000       ,0.000       ,0.000       ,0.000       ,0.000       ,0.00000       ,2147483129    ,0.315           ,314.385       ,-57.000             ,0.199               ,0.000           ,25743.39258       ,0.00000               ,0.000         ,0.000         ,0.000         ,0.000         ,-0.001        
15:29:34.519710     ,0.883       ,0.000       ,18.849      ,6.680       ,6.680       ,6.545       ,0.135       ,0.000       ,0.000          ,0.000       ,0.000       ,0.000       ,0.000       ,0.000       ,0.000       ,0.000       ,0.00000       ,2147483101    ,0.312           ,311.924       ,-57.000             ,0.199               ,0.000           ,25743.38477       ,0.00000               ,0.000         ,0.000         ,0.000         ,0.000         ,-0.001        
15:29:34.530288     ,0.883       ,0.000       ,18.849      ,6.690       ,6.690       ,6.545       ,0.145       ,0.000       ,0.000          ,0.000       ,0.000       ,0.000       ,0.000       ,0.000       ,0.000       ,0.000       ,0.00000       ,2147483074    ,0.310           ,309.551       ,-57.000             ,0.199               ,0.000           ,25743.37500       ,0.00000               ,0.000         ,0.000         ,0.000         ,0.000         ,-0.003        
15:29:34.539817     ,0.883       ,0.000       ,18.849      ,6.690       ,6.690       ,6.545       ,0.145       ,0.000       ,0.000          ,0.000       ,0.000       ,0.000       ,0.000       ,0.000       ,0.000       ,0.000       ,0.00000       ,2147483047    ,0.308           ,307.178       ,-57.000             ,0.199               ,0.000           ,25743.36523       ,0.00000               ,0.000         ,0.000         ,0.000         ,0.000         ,-0.001        
15:29:34.549401     ,0.883       ,0.000       ,18.849      ,6.680       ,6.680       ,6.545       ,0.135       ,0.000       ,0.000          ,0.000       ,0.000       ,0.000       ,0.000       ,0.000       ,0.000       ,0.000       ,0.00000       ,2147483020    ,0.306           ,304.805       ,-57.000             ,0.199               ,0.000           ,25743.35547       ,0.00000               ,0.000         ,0.000         ,0.000         ,0.000         ,-0.001        
15:29:34.561241     ,0.883       ,0.000       ,18.849      ,6.670       ,6.670       ,6.545       ,0.125       ,0.000       ,0.000          ,0.000       ,0.000       ,0.000       ,0.000       ,0.000       ,0.000       ,0.000       ,0.00000       ,2147482993    ,0.304           ,302.432       ,-57.000             ,0.199               ,0.000           ,25743.34570       ,0.00000               ,0.000         ,0.000         ,0.000         ,0.000         ,0.000         
15:29:34.573795     ,0.879       ,0.000       ,18.783      ,6.660       ,6.660       ,6.545       ,0.115       ,0.000       ,0.000          ,0.000       ,0.000       ,0.000       ,0.000       ,0.000       ,0.000       ,0.000       ,0.00000       ,2147482967    ,0.302           ,300.146       ,-57.000             ,0.199               ,0.000           ,25743.33594       ,0.00000               ,0.000         ,0.000         ,0.000         ,0.000         ,0.000         
15:29:34.580290     ,0.879       ,0.000       ,18.783      ,6.680       ,6.680       ,6.545       ,0.135       ,0.000       ,0.000          ,0.000       ,0.000       ,0.000       ,0.000       ,0.000       ,0.000       ,0.000       ,0.00000       ,2147482940    ,0.300           ,297.773       ,-57.000             ,0.199               ,0.000           ,25743.32617       ,0.00000               ,0.000         ,0.000         ,0.000         ,0.000         ,0.000         
15:29:34.589316     ,0.879       ,0.000       ,18.783      ,6.670       ,6.670       ,6.545       ,0.125       ,0.000       ,0.000          ,0.000       ,0.000       ,0.000       ,0.000       ,0.000       ,0.000       ,0.000       ,0.00000       ,2147482913    ,0.298           ,295.400       ,-57.000             ,0.199               ,0.000           ,25743.31836       ,0.00000               ,0.000         ,0.000         ,0.000         ,0.000         ,0.000         
15:29:34.601269     ,0.879       ,0.000       ,18.783      ,6.670       ,6.670       ,6.545       ,0.125       ,0.000       ,0.000          ,0.000       ,0.000       ,0.000       ,0.000       ,0.000       ,0.000       ,0.000       ,0.00000       ,2147482887    ,0.296           ,293.115       ,-56.800             ,0.198               ,0.000           ,25743.30859       ,0.00000               ,0.000         ,0.000         ,0.000         ,0.000         ,-0.001        
15:29:34.609472     ,0.879       ,0.000       ,18.783      ,6.670       ,6.670       ,6.545       ,0.125       ,0.000       ,0.000          ,0.000       ,0.000       ,0.000       ,0.000       ,0.000       ,0.000       ,0.000       ,0.00000       ,2147482860    ,0.294           ,290.742       ,-56.200             ,0.196               ,0.000           ,25743.29883       ,0.00000               ,0.000         ,0.000         ,0.000         ,0.000         ,0.000         
15:29:34.619923     ,0.879       ,0.000       ,18.783      ,6.670       ,6.670       ,6.545       ,0.125       ,0.000       ,0.000          ,0.000       ,0.000       ,0.000       ,0.000       ,0.000       ,0.000       ,0.000       ,0.00000       ,2147482833    ,0.292           ,288.369       ,-56.000             ,0.195               ,0.000           ,25743.28906       ,0.00000               ,0.000         ,0.000         ,0.000         ,0.000         ,0.000         
15:29:34.629462     ,0.879       ,0.000       ,18.783      ,6.670       ,6.670       ,6.545       ,0.125       ,0.000       ,0.000          ,0.000       ,0.000       ,0.000       ,0.000       ,0.000       ,0.000       ,0.000       ,0.00000       ,2147482806    ,0.290           ,285.996       ,-56.000             ,0.195               ,0.000           ,25743.28125       ,0.00000               ,0.000         ,0.000         ,0.000         ,0.000         ,0.000         
15:29:34.639920     ,0.879       ,0.000       ,18.783      ,6.710       ,6.710       ,6.545       ,0.165       ,0.000       ,0.000          ,0.000       ,0.000       ,0.000       ,0.000       ,0.000       ,0.000       ,0.000       ,0.00000       ,2147482780    ,0.288           ,283.711       ,-56.000             ,0.195               ,0.000           ,25743.27148       ,0.00000               ,0.000         ,0.000         ,0.000         ,0.000         ,0.000         
15:29:34.649448     ,0.879       ,0.000       ,18.783      ,6.730       ,6.730       ,6.545       ,0.185       ,0.000       ,0.000          ,0.000       ,0.000       ,0.000       ,0.000       ,0.000       ,0.000       ,0.000       ,0.00000       ,2147482753    ,0.286           ,281.338       ,-56.000             ,0.195               ,0.000           ,25743.26172       ,0.00000               ,0.000         ,0.000         ,0.000         ,0.000         ,0.000         
15:29:34.664571     ,0.879       ,0.000       ,18.783      ,6.740       ,6.740       ,6.545       ,0.195       ,0.000       ,0.000          ,0.000       ,0.000       ,0.000       ,0.000       ,0.000       ,0.000       ,0.000       ,0.00000       ,2147482726    ,0.284           ,278.965       ,-56.000             ,0.195               ,0.000           ,25743.25195       ,0.00000               ,0.000         ,0.000         ,0.000         ,0.000         ,-0.001        
15:29:34.674677     ,0.883       ,0.000       ,18.816      ,6.710       ,6.710       ,6.545       ,0.165       ,0.000       ,0.000          ,0.000       ,0.000       ,0.000       ,0.000       ,0.000       ,0.000       ,0.000       ,0.00000       ,2147482699    ,0.282           ,276.592       ,-56.000             ,0.195               ,0.000           ,25743.24414       ,0.00000               ,0.000         ,0.000         ,0.000         ,0.000         ,-0.001        
15:29:34.680345     ,0.883       ,0.000       ,18.816      ,6.710       ,6.710       ,6.545       ,0.165       ,0.000       ,0.000          ,0.000       ,0.000       ,0.000       ,0.000       ,0.000       ,0.000       ,0.000       ,0.00000       ,2147482672    ,0.279           ,274.219       ,-56.000             ,0.195               ,0.000           ,25743.23438       ,0.00000               ,0.000         ,0.000         ,0.000         ,0.000         ,-0.001        
15:29:34.690164     ,0.883       ,0.000       ,18.816      ,6.720       ,6.720       ,6.545       ,0.175       ,0.000       ,0.000          ,0.000       ,0.000       ,0.000       ,0.000       ,0.000       ,0.000       ,0.000       ,0.00000       ,2147482645    ,0.277           ,271.846       ,-56.000             ,0.195               ,0.000           ,25743.22656       ,0.00000               ,0.000         ,0.000         ,0.000         ,0.000         ,0.000         
15:29:34.700242     ,0.883       ,0.000       ,18.816      ,6.740       ,6.740       ,6.545       ,0.195       ,0.000       ,0.000          ,0.000       ,0.000       ,0.000       ,0.000       ,0.000       ,0.000       ,0.000       ,0.00000       ,2147482619    ,0.275           ,269.561       ,-56.000             ,0.195               ,0.000           ,25743.21680       ,0.00000               ,0.000         ,0.000         ,0.000         ,0.000         ,-0.001        
15:29:34.709348     ,0.883       ,0.000       ,18.816      ,6.690       ,6.690       ,6.545       ,0.145       ,0.000       ,0.000          ,0.000       ,0.000       ,0.000       ,0.000       ,0.000       ,0.000       ,0.000       ,0.00000       ,2147482591    ,0.273           ,267.100       ,-56.000             ,0.195               ,0.000           ,25743.20703       ,0.00000               ,0.000         ,0.000         ,0.000         ,0.000         ,-0.001        
15:29:34.719437     ,0.883       ,0.000       ,18.816      ,6.690       ,6.690       ,6.545       ,0.145       ,0.000       ,0.000          ,0.000       ,0.000       ,0.000       ,0.000       ,0.000       ,0.000       ,0.000       ,0.00000       ,2147482564    ,0.271           ,264.727       ,-56.000             ,0.195               ,0.000           ,25743.19727       ,0.00000               ,0.000         ,0.000         ,0.000         ,0.000         ,0.000         
15:29:34.729305     ,0.883       ,0.000       ,18.816      ,6.710       ,6.710       ,6.545       ,0.165       ,0.000       ,0.000          ,0.000       ,0.000       ,0.000       ,0.000       ,0.000       ,0.000       ,0.000       ,0.00000       ,2147482537    ,0.269           ,262.354       ,-56.000             ,0.195               ,0.000           ,25743.18750       ,0.00000               ,0.000         ,0.000         ,0.000         ,0.000         ,0.001         
15:29:34.741218     ,0.883       ,0.000       ,18.816      ,6.720       ,6.720       ,6.545       ,0.175       ,0.000       ,0.000          ,0.000       ,0.000       ,0.000       ,0.000       ,0.000       ,0.000       ,0.000       ,0.00000       ,2147482510    ,0.267           ,259.980       ,-56.000             ,0.195               ,0.000           ,25743.17969       ,0.00000               ,0.000         ,0.000         ,0.000         ,0.000         ,0.000         
15:29:34.749492     ,0.883       ,0.000       ,18.816      ,6.670       ,6.670       ,6.545       ,0.125       ,0.000       ,0.000          ,0.000       ,0.000       ,0.000       ,0.000       ,0.000       ,0.000       ,0.000       ,0.00000       ,2147482483    ,0.265           ,257.607       ,-56.000             ,0.195               ,0.000           ,25743.16992       ,0.00000               ,0.000         ,0.000         ,0.000         ,0.000         ,-0.001        
15:29:34.761315     ,0.883       ,0.000       ,18.816      ,6.670       ,6.670       ,6.545       ,0.125       ,0.000       ,0.000          ,0.000       ,0.000       ,0.000       ,0.000       ,0.000       ,0.000       ,0.000       ,0.00000       ,2147482456    ,0.263           ,255.234       ,-56.000             ,0.195               ,0.000           ,25743.16016       ,0.00000               ,0.000         ,0.000         ,0.000         ,0.000         ,-0.001        
15:29:34.773009     ,0.881       ,0.000       ,18.865      ,6.690       ,6.690       ,6.545       ,0.145       ,0.000       ,0.000          ,0.000       ,0.000       ,0.000       ,0.000       ,0.000       ,0.000       ,0.000       ,0.00000       ,2147482428    ,0.261           ,252.773       ,-56.000             ,0.195               ,0.000           ,25743.15039       ,0.00000               ,0.000         ,0.000         ,0.000         ,0.000         ,0.000         
15:29:34.781418     ,0.881       ,0.000       ,18.865      ,6.660       ,6.660       ,6.545       ,0.115       ,0.000       ,0.000          ,0.000       ,0.000       ,0.000       ,0.000       ,0.000       ,0.000       ,0.000       ,0.00000       ,2147482401    ,0.259           ,250.400       ,-56.000             ,0.195               ,0.000           ,25743.14062       ,0.00000               ,0.000         ,0.000         ,0.000         ,0.000         ,0.000         
15:29:34.789645     ,0.881       ,0.000       ,18.865      ,6.650       ,6.650       ,6.545       ,0.105       ,0.000       ,0.000          ,0.000       ,0.000       ,0.000       ,0.000       ,0.000       ,0.000       ,0.000       ,0.00000       ,2147482374    ,0.257           ,248.027       ,-56.000             ,0.195               ,0.000           ,25743.13086       ,0.00000               ,0.000         ,0.000         ,0.000         ,0.000         ,0.000         
15:29:34.799351     ,0.881       ,0.000       ,18.865      ,6.650       ,6.650       ,6.545       ,0.105       ,0.000       ,0.000          ,0.000       ,0.000       ,0.000       ,0.000       ,0.000       ,0.000       ,0.000       ,0.00000       ,2147482346    ,0.254           ,245.566       ,-56.000             ,0.195               ,0.000           ,25743.12109       ,0.00000               ,0.000         ,0.000         ,0.000         ,0.000         ,-0.001        
15:29:34.810332     ,0.881       ,0.000       ,18.865      ,6.660       ,6.660       ,6.545       ,0.115       ,0.000       ,0.000          ,0.000       ,0.000       ,0.000       ,0.000       ,0.000       ,0.000       ,0.000       ,0.00000       ,2147482319    ,0.252           ,243.193       ,-56.000             ,0.195               ,0.000           ,25743.11133       ,0.00000               ,0.000         ,0.000         ,0.000         ,0.000         ,-0.001        
15:29:34.819454     ,0.881       ,0.000       ,18.865      ,6.650       ,6.650       ,6.545       ,0.105       ,0.000       ,0.000          ,0.000       ,0.000       ,0.000       ,0.000       ,0.000       ,0.000       ,0.000       ,0.00000       ,2147482291    ,0.250           ,240.732       ,-56.000             ,0.195               ,0.000           ,25743.10156       ,0.00000               ,0.000         ,0.000         ,0.000         ,0.000         ,-0.001        
15:29:34.830433     ,0.881       ,0.000       ,18.865      ,6.600       ,6.600       ,6.545       ,0.055       ,0.000       ,0.000          ,0.000       ,0.000       ,0.000       ,0.000       ,0.000       ,0.000       ,0.000       ,0.00000       ,2147482264    ,0.248           ,238.359       ,-56.200             ,0.196               ,0.000           ,25743.09375       ,0.00000               ,0.000         ,0.000         ,0.000         ,0.000         ,0.000         
15:29:34.839500     ,0.881       ,0.000       ,18.865      ,6.610       ,6.610       ,6.545       ,0.065       ,0.000       ,0.000          ,0.000       ,0.000       ,0.000       ,0.000       ,0.000       ,0.000       ,0.000       ,0.00000       ,2147482236    ,0.246           ,235.898       ,-56.800             ,0.198               ,0.000           ,25743.08398       ,0.00000               ,0.000         ,0.000         ,0.000         ,0.000         ,-0.001        
15:29:34.849343     ,0.881       ,0.000       ,18.865      ,6.610       ,6.610       ,6.545       ,0.065       ,0.000       ,0.000          ,0.000       ,0.000       ,0.000       ,0.000       ,0.000       ,0.000       ,0.000       ,0.00000       ,2147482209    ,0.244           ,233.525       ,-57.000             ,0.199               ,0.000           ,25743.07422       ,0.00000               ,0.000         ,0.000         ,0.000         ,0.000         ,0.000         
15:29:34.861401     ,0.881       ,0.000       ,18.865      ,6.600       ,6.600       ,6.545       ,0.055       ,0.000       ,0.000          ,0.000       ,0.000       ,0.000       ,0.000       ,0.000       ,0.000       ,0.000       ,0.00000       ,2147482181    ,0.242           ,231.064       ,-57.000             ,0.199               ,0.000           ,25743.06445       ,0.00000               ,0.000         ,0.000         ,0.000         ,0.000         ,0.000         
15:29:34.873069     ,0.878       ,0.000       ,18.849      ,6.540       ,6.540       ,6.545       ,-0.005      ,0.000       ,0.000          ,0.000       ,0.000       ,0.000       ,0.000       ,0.000       ,0.000       ,0.000       ,0.00000       ,2147482154    ,0.240           ,228.691       ,-57.000             ,0.199               ,0.000           ,25743.05469       ,0.00000               ,0.000         ,0.000         ,0.000         ,0.000         ,0.001         
15:29:34.880448     ,0.878       ,0.000       ,18.849      ,6.540       ,6.540       ,6.545       ,-0.005      ,0.000       ,0.000          ,0.000       ,0.000       ,0.000       ,0.000       ,0.000       ,0.000       ,0.000       ,0.00000       ,2147482127    ,0.238           ,226.318       ,-57.000             ,0.199               ,0.000           ,25743.04492       ,0.00000               ,0.000         ,0.000         ,0.000         ,0.000         ,0.001         
15:29:34.890204     ,0.878       ,0.000       ,18.849      ,6.530       ,6.530       ,6.545       ,-0.015      ,0.000       ,0.000          ,0.000       ,0.000       ,0.000       ,0.000       ,0.000       ,0.000       ,0.000       ,0.00000       ,2147482099    ,0.236           ,223.857       ,-57.000             ,0.199               ,0.000           ,25743.03516       ,0.00000               ,0.000         ,0.000         ,0.000         ,0.000         ,0.001         
15:29:34.900206     ,0.878       ,0.000       ,18.849      ,6.500       ,6.500       ,6.545       ,-0.045      ,0.000       ,0.000          ,0.000       ,0.000       ,0.000       ,0.000       ,0.000       ,0.000       ,0.000       ,0.00000       ,2147482072    ,0.233           ,221.484       ,-57.000             ,0.199               ,0.000           ,25743.02734       ,0.00000               ,0.000         ,0.000         ,0.000         ,0.000         ,0.001         
15:29:34.910160     ,0.878       ,0.000       ,18.849      ,6.430       ,6.430       ,6.545       ,-0.115      ,0.000       ,0.000          ,0.000       ,0.000       ,0.000       ,0.000       ,0.000       ,0.000       ,0.000       ,0.00000       ,2147482046    ,0.231           ,219.199       ,-57.000             ,0.199               ,0.000           ,25743.01758       ,0.00000               ,0.000         ,0.000         ,0.000         ,0.000         ,-0.001        
15:29:34.919350     ,0.878       ,0.000       ,18.849      ,6.460       ,6.460       ,6.545       ,-0.085      ,0.000       ,0.000          ,0.000       ,0.000       ,0.000       ,0.000       ,0.000       ,0.000       ,0.000       ,0.00000       ,2147482019    ,0.229           ,216.826       ,-57.000             ,0.199               ,0.000           ,25743.00781       ,0.00000               ,0.000         ,0.000         ,0.000         ,0.000         ,-0.001        
15:29:34.929381     ,0.878       ,0.000       ,18.849      ,6.440       ,6.440       ,6.545       ,-0.105      ,0.000       ,0.000          ,0.000       ,0.000       ,0.000       ,0.000       ,0.000       ,0.000       ,0.000       ,0.00000       ,2147481993    ,0.227           ,214.541       ,-57.000             ,0.199               ,0.000           ,25742.99805       ,0.00000               ,0.000         ,0.000         ,0.000         ,0.000         ,0.000         
15:29:34.939442     ,0.878       ,0.000       ,18.849      ,6.440       ,6.440       ,6.545       ,-0.105      ,0.000       ,0.000          ,0.000       ,0.000       ,0.000       ,0.000       ,0.000       ,0.000       ,0.000       ,0.00000       ,2147481966    ,0.225           ,212.168       ,-57.000             ,0.199               ,0.000           ,25742.98828       ,0.00000               ,0.000         ,0.000         ,0.000         ,0.000         ,0.000         
15:29:34.950167     ,0.878       ,0.000       ,18.849      ,6.440       ,6.440       ,6.545       ,-0.105      ,0.000       ,0.000          ,0.000       ,0.000       ,0.000       ,0.000       ,0.000       ,0.000       ,0.000       ,0.00000       ,2147481940    ,0.223           ,209.883       ,-56.800             ,0.198               ,0.000           ,25742.98047       ,0.00000               ,0.000         ,0.000         ,0.000         ,0.000         ,0.001         
15:29:34.960213     ,0.878       ,0.000       ,18.849      ,6.440       ,6.440       ,6.545       ,-0.105      ,0.000       ,0.000          ,0.000       ,0.000       ,0.000       ,0.000       ,0.000       ,0.000       ,0.000       ,0.00000       ,2147481915    ,0.221           ,207.686       ,-56.400             ,0.197               ,0.000           ,25742.97070       ,0.00000               ,0.000         ,0.000         ,0.000         ,0.000         ,0.000         
15:29:34.972883     ,0.879       ,0.000       ,18.882      ,6.460       ,6.460       ,6.545       ,-0.085      ,0.000       ,0.000          ,0.000       ,0.000       ,0.000       ,0.000       ,0.000       ,0.000       ,0.000       ,0.00000       ,2147481889    ,0.219           ,205.400       ,-56.000             ,0.195               ,0.000           ,25742.96094       ,0.00000               ,0.000         ,0.000         ,0.000         ,0.000         ,0.000         
15:29:34.979480     ,0.879       ,0.000       ,18.882      ,6.500       ,6.500       ,6.545       ,-0.045      ,0.000       ,0.000          ,0.000       ,0.000       ,0.000       ,0.000       ,0.000       ,0.000       ,0.000       ,0.00000       ,2147481863    ,0.217           ,203.115       ,-56.000             ,0.195               ,0.000           ,25742.95312       ,0.00000               ,0.000         ,0.000         ,0.000         ,0.000         ,0.000         
15:29:34.990237     ,0.879       ,0.000       ,18.882      ,6.490       ,6.490       ,6.545       ,-0.055      ,0.000       ,0.000          ,0.000       ,0.000       ,0.000       ,0.000       ,0.000       ,0.000       ,0.000       ,0.00000       ,2147481838    ,0.216           ,200.918       ,-56.000             ,0.195               ,0.000           ,25742.94336       ,0.00000               ,0.000         ,0.000         ,0.000         ,0.000         ,-0.001        
15:29:34.999431     ,0.879       ,0.000       ,18.882      ,6.510       ,6.510       ,6.545       ,-0.035      ,0.000       ,0.000          ,0.000       ,0.000       ,0.000       ,0.000       ,0.000       ,0.000       ,0.000       ,0.00000       ,2147481812    ,0.214           ,198.633       ,-56.000             ,0.195               ,0.000           ,25742.93555       ,0.00000               ,0.000         ,0.000         ,0.000         ,0.000         ,-0.003        
15:29:35.009423     ,0.879       ,0.000       ,18.882      ,6.560       ,6.560       ,6.545       ,0.015       ,0.000       ,0.000          ,0.000       ,0.000       ,0.000       ,0.000       ,0.000       ,0.000       ,0.000       ,0.00000       ,2147481787    ,0.212           ,196.436       ,-55.600             ,0.194               ,0.000           ,25742.92578       ,0.00000               ,0.000         ,0.000         ,0.000         ,0.000         ,0.000         
15:29:35.019357     ,0.879       ,0.000       ,18.882      ,6.570       ,6.570       ,6.545       ,0.025       ,0.000       ,0.000          ,0.000       ,0.000       ,0.000       ,0.000       ,0.000       ,0.000       ,0.000       ,0.00000       ,2147481762    ,0.210           ,194.238       ,-55.200             ,0.193               ,0.000           ,25742.91797       ,0.00000               ,0.000         ,0.000         ,0.000         ,0.000         ,-0.001        
15:29:35.029409     ,0.879       ,0.000       ,18.882      ,6.540       ,6.540       ,6.545       ,-0.005      ,0.000       ,0.000          ,0.000       ,0.000       ,0.000       ,0.000       ,0.000       ,0.000       ,0.000       ,0.00000       ,2147481737    ,0.208           ,192.041       ,-55.000             ,0.192               ,0.000           ,25742.90820       ,0.00000               ,0.000         ,0.000         ,0.000         ,0.000         ,0.000         
15:29:35.039316     ,0.879       ,0.000       ,18.882      ,6.570       ,6.570       ,6.545       ,0.025       ,0.000       ,0.000          ,0.000       ,0.000       ,0.000       ,0.000       ,0.000       ,0.000       ,0.000       ,0.00000       ,2147481712    ,0.206           ,189.844       ,-55.000             ,0.192               ,0.000           ,25742.90039       ,0.00000               ,0.000         ,0.000         ,0.000         ,0.000         ,0.000         
15:29:35.049384     ,0.879       ,0.000       ,18.882      ,6.600       ,6.600       ,6.545       ,0.055       ,0.000       ,0.000          ,0.000       ,0.000       ,0.000       ,0.000       ,0.000       ,0.000       ,0.000       ,0.00000       ,2147481687    ,0.204           ,187.646       ,-54.600             ,0.191               ,0.000           ,25742.89258       ,0.00000               ,0.000         ,0.000         ,0.000         ,0.000         ,-0.001        
15:29:35.059471     ,0.879       ,0.000       ,18.882      ,6.570       ,6.570       ,6.545       ,0.025       ,0.000       ,0.000          ,0.000       ,0.000       ,0.000       ,0.000       ,0.000       ,0.000       ,0.000       ,0.00000       ,2147481662    ,0.202           ,185.449       ,-54.200             ,0.189               ,0.000           ,25742.88281       ,0.00000               ,0.000         ,0.000         ,0.000         ,0.000         ,-0.001        
15:29:35.072983     ,0.881       ,0.000       ,18.865      ,6.600       ,6.600       ,6.545       ,0.055       ,0.000       ,0.000          ,0.000       ,0.000       ,0.000       ,0.000       ,0.000       ,0.000       ,0.000       ,0.00000       ,2147481637    ,0.200           ,183.252       ,-54.000             ,0.188               ,0.000           ,25742.87500       ,0.00000               ,0.000         ,0.000         ,0.000         ,0.000         ,0.000         
15:29:35.079598     ,0.881       ,0.000       ,18.865      ,6.570       ,6.570       ,6.545       ,0.025       ,0.000       ,0.000          ,0.000       ,0.000       ,0.000       ,0.000       ,0.000       ,0.000       ,0.000       ,0.00000       ,2147481612    ,0.198           ,181.055       ,-54.000             ,0.188               ,0.000           ,25742.86523       ,0.00000               ,0.000         ,0.000         ,0.000         ,0.000         ,0.000         
15:29:35.089344     ,0.881       ,0.000       ,18.865      ,6.560       ,6.560       ,6.545       ,0.015       ,0.000       ,0.000          ,0.000       ,0.000       ,0.000       ,0.000       ,0.000       ,0.000       ,0.000       ,0.00000       ,2147481588    ,0.196           ,178.945       ,-53.600             ,0.187               ,0.000           ,25742.85742       ,0.00000               ,0.000         ,0.000         ,0.000         ,0.000         ,0.000         
15:29:35.099508     ,0.881       ,0.000       ,18.865      ,6.600       ,6.600       ,6.545       ,0.055       ,0.000       ,0.000          ,0.000       ,0.000       ,0.000       ,0.000       ,0.000       ,0.000       ,0.000       ,0.00000       ,2147481563    ,0.194           ,176.748       ,-53.200             ,0.186               ,0.000           ,25742.84961       ,0.00000               ,0.000         ,0.000         ,0.000         ,0.000         ,-0.001        
15:29:35.109449     ,0.881       ,0.000       ,18.865      ,6.570       ,6.570       ,6.545       ,0.025       ,0.000       ,0.000          ,0.000       ,0.000       ,0.000       ,0.000       ,0.000       ,0.000       ,0.000       ,0.00000       ,2147481538    ,0.193           ,174.551       ,-53.000             ,0.185               ,0.000           ,25742.83984       ,0.00000               ,0.000         ,0.000         ,0.000         ,0.000         ,-0.003        
15:29:35.119457     ,0.881       ,0.000       ,18.865      ,6.570       ,6.570       ,6.545       ,0.025       ,0.000       ,0.000          ,0.000       ,0.000       ,0.000       ,0.000       ,0.000       ,0.000       ,0.000       ,0.00000       ,2147481514    ,0.191           ,172.441       ,-53.000             ,0.185               ,0.000           ,25742.83203       ,0.00000               ,0.000         ,0.000         ,0.000         ,0.000         ,0.000         
15:29:35.129422     ,0.881       ,0.000       ,18.865      ,6.590       ,6.590       ,6.545       ,0.045       ,0.000       ,0.000          ,0.000       ,0.000       ,0.000       ,0.000       ,0.000       ,0.000       ,0.000       ,0.00000       ,2147481489    ,0.189           ,170.244       ,-53.000             ,0.185               ,0.000           ,25742.82227       ,0.00000               ,0.000         ,0.000         ,0.000         ,0.000         ,0.000         
15:29:35.139331     ,0.881       ,0.000       ,18.865      ,6.610       ,6.610       ,6.545       ,0.065       ,0.000       ,0.000          ,0.000       ,0.000       ,0.000       ,0.000       ,0.000       ,0.000       ,0.000       ,0.00000       ,2147481465    ,0.187           ,168.135       ,-53.000             ,0.185               ,0.000           ,25742.81445       ,0.00000               ,0.000         ,0.000         ,0.000         ,0.000         ,-0.001        
15:29:35.149453     ,0.881       ,0.000       ,18.865      ,6.590       ,6.590       ,6.545       ,0.045       ,0.000       ,0.000          ,0.000       ,0.000       ,0.000       ,0.000       ,0.000       ,0.000       ,0.000       ,0.00000       ,2147481440    ,0.185           ,165.938       ,-53.000             ,0.185               ,0.000           ,25742.80664       ,0.00000               ,0.000         ,0.000         ,0.000         ,0.000         ,0.000         
15:29:35.162561     ,0.881       ,0.000       ,18.865      ,6.570       ,6.570       ,6.545       ,0.025       ,0.000       ,0.000          ,0.000       ,0.000       ,0.000       ,0.000       ,0.000       ,0.000       ,0.000       ,0.00000       ,2147481415    ,0.183           ,163.740       ,-52.800             ,0.184               ,0.000           ,25742.79883       ,0.00000               ,0.000         ,0.000         ,0.000         ,0.000         ,0.001         
15:29:35.173867     ,0.883       ,0.000       ,18.882      ,6.570       ,6.570       ,6.545       ,0.025       ,0.000       ,0.000          ,0.000       ,0.000       ,0.000       ,0.000       ,0.000       ,0.000       ,0.000       ,0.00000       ,2147481391    ,0.181           ,161.631       ,-52.200             ,0.182               ,0.000           ,25742.78906       ,0.00000               ,0.000         ,0.000         ,0.000         ,0.000         ,0.000         
15:29:35.179600     ,0.883       ,0.000       ,18.882      ,6.560       ,6.560       ,6.545       ,0.015       ,0.000       ,0.000          ,0.000       ,0.000       ,0.000       ,0.000       ,0.000       ,0.000       ,0.000       ,0.00000       ,2147481367    ,0.179           ,159.521       ,-52.000             ,0.182               ,0.000           ,25742.78125       ,0.00000               ,0.000         ,0.000         ,0.000         ,0.000         ,0.000         
15:29:35.189485     ,0.883       ,0.000       ,18.882      ,6.570       ,6.570       ,6.545       ,0.025       ,0.000       ,0.000          ,0.000       ,0.000       ,0.000       ,0.000       ,0.000       ,0.000       ,0.000       ,0.00000       ,2147481343    ,0.178           ,157.412       ,-52.000             ,0.182               ,0.000           ,25742.77344       ,0.00000               ,0.000         ,0.000         ,0.000         ,0.000         ,0.005         
15:29:35.199439     ,0.883       ,0.000       ,18.882      ,6.560       ,6.560       ,6.545       ,0.015       ,0.000       ,0.000          ,0.000       ,0.000       ,0.000       ,0.000       ,0.000       ,0.000       ,0.000       ,0.00000       ,2147481319    ,0.176           ,155.303       ,-52.000             ,0.182               ,0.000           ,25742.76562       ,0.00000               ,0.000         ,0.000         ,0.000         ,0.000         ,0.001         
15:29:35.209338     ,0.883       ,0.000       ,18.882      ,6.530       ,6.530       ,6.545       ,-0.015      ,0.000       ,0.000          ,0.000       ,0.000       ,0.000       ,0.000       ,0.000       ,0.000       ,0.000       ,0.00000       ,2147481295    ,0.174           ,153.193       ,-52.000             ,0.182               ,0.000           ,25742.75586       ,0.00000               ,0.000         ,0.000         ,0.000         ,0.000         ,-0.001        
15:29:35.220944     ,0.883       ,0.000       ,18.882      ,6.530       ,6.530       ,6.545       ,-0.015      ,0.000       ,0.000          ,0.000       ,0.000       ,0.000       ,0.000       ,0.000       ,0.000       ,0.000       ,0.00000       ,2147481271    ,0.172           ,151.084       ,-51.600             ,0.180               ,0.000           ,25742.74805       ,0.00000               ,0.000         ,0.000         ,0.000         ,0.000         ,0.000         
15:29:35.229455     ,0.883       ,0.000       ,18.882      ,6.550       ,6.550       ,6.545       ,0.005       ,0.000       ,0.000          ,0.000       ,0.000       ,0.000       ,0.000       ,0.000       ,0.000       ,0.000       ,0.00000       ,2147481247    ,0.170           ,148.975       ,-51.200             ,0.179               ,0.000           ,25742.73828       ,0.00000               ,0.000         ,0.000         ,0.000         ,0.000         ,0.000         
15:29:35.239365     ,0.883       ,0.000       ,18.882      ,6.540       ,6.540       ,6.545       ,-0.005      ,0.000       ,0.000          ,0.000       ,0.000       ,0.000       ,0.000       ,0.000       ,0.000       ,0.000       ,0.00000       ,2147481223    ,0.168           ,146.865       ,-51.000             ,0.178               ,0.000           ,25742.73047       ,0.00000               ,0.000         ,0.000         ,0.000         ,0.000         ,0.000         
15:29:35.249490     ,0.883       ,0.000       ,18.882      ,6.550       ,6.550       ,6.545       ,0.005       ,0.000       ,0.000          ,0.000       ,0.000       ,0.000       ,0.000       ,0.000       ,0.000       ,0.000       ,0.00000       ,2147481200    ,0.167           ,144.844       ,-51.000             ,0.178               ,0.000           ,25742.72266       ,0.00000               ,0.000         ,0.000         ,0.000         ,0.000         ,0.000         
15:29:35.260286     ,0.883       ,0.000       ,18.882      ,6.560       ,6.560       ,6.545       ,0.015       ,0.000       ,0.000          ,0.000       ,0.000       ,0.000       ,0.000       ,0.000       ,0.000       ,0.000       ,0.00000       ,2147481176    ,0.165           ,142.734       ,-51.000             ,0.178               ,0.000           ,25742.71484       ,0.00000               ,0.000         ,0.000         ,0.000         ,0.000         ,-0.001        
15:29:35.273035     ,0.879       ,0.000       ,18.832      ,6.550       ,6.550       ,6.545       ,0.005       ,0.000       ,0.000          ,0.000       ,0.000       ,0.000       ,0.000       ,0.000       ,0.000       ,0.000       ,0.00000       ,2147481153    ,0.163           ,140.713       ,-50.600             ,0.177               ,0.000           ,25742.70703       ,0.00000               ,0.000         ,0.000         ,0.000         ,0.000         ,-0.001        
15:29:35.279505     ,0.879       ,0.000       ,18.832      ,6.550       ,6.550       ,6.545       ,0.005       ,0.000       ,0.000          ,0.000       ,0.000       ,0.000       ,0.000       ,0.000       ,0.000       ,0.000       ,0.00000       ,2147481130    ,0.161           ,138.691       ,-50.200             ,0.175               ,0.000           ,25742.69922       ,0.00000               ,0.000         ,0.000         ,0.000         ,0.000         ,-0.001        
15:29:35.289425     ,0.879       ,0.000       ,18.832      ,6.540       ,6.540       ,6.545       ,-0.005      ,0.000       ,0.000          ,0.000       ,0.000       ,0.000       ,0.000       ,0.000       ,0.000       ,0.000       ,0.00000       ,2147481107    ,0.159           ,136.670       ,-50.000             ,0.175               ,0.000           ,25742.69141       ,0.00000               ,0.000         ,0.000         ,0.000         ,0.000         ,-0.001        
15:29:35.299462     ,0.879       ,0.000       ,18.832      ,6.540       ,6.540       ,6.545       ,-0.005      ,0.000       ,0.000          ,0.000       ,0.000       ,0.000       ,0.000       ,0.000       ,0.000       ,0.000       ,0.00000       ,2147481084    ,0.158           ,134.648       ,-50.000             ,0.175               ,0.000           ,25742.68359       ,0.00000               ,0.000         ,0.000         ,0.000         ,0.000         ,-0.001        
15:29:35.310352     ,0.879       ,0.000       ,18.832      ,6.550       ,6.550       ,6.545       ,0.005       ,0.000       ,0.000          ,0.000       ,0.000       ,0.000       ,0.000       ,0.000       ,0.000       ,0.000       ,0.00000       ,2147481061    ,0.156           ,132.627       ,-50.000             ,0.175               ,0.000           ,25742.67578       ,0.00000               ,0.000         ,0.000         ,0.000         ,0.000         ,-0.001        
15:29:35.319442     ,0.879       ,0.000       ,18.832      ,6.550       ,6.550       ,6.545       ,0.005       ,0.000       ,0.000          ,0.000       ,0.000       ,0.000       ,0.000       ,0.000       ,0.000       ,0.000       ,0.00000       ,2147481038    ,0.154           ,130.605       ,-49.600             ,0.173               ,0.000           ,25742.66797       ,0.00000               ,0.000         ,0.000         ,0.000         ,0.000         ,0.000         
15:29:35.330519     ,0.879       ,0.000       ,18.832      ,6.500       ,6.500       ,6.545       ,-0.045      ,0.000       ,0.000          ,0.000       ,0.000       ,0.000       ,0.000       ,0.000       ,0.000       ,0.000       ,0.00000       ,2147481015    ,0.152           ,128.584       ,-49.400             ,0.172               ,0.000           ,25742.66016       ,0.00000               ,0.000         ,0.000         ,0.000         ,0.000         ,-0.001        
15:29:35.338211     ,0.879       ,0.000       ,18.832      ,6.500       ,6.500       ,6.545       ,-0.045      ,0.000       ,0.000          ,0.000       ,0.000       ,0.000       ,0.000       ,0.000       ,0.000       ,0.000       ,0.00000       ,2147480993    ,0.151           ,126.650       ,-49.000             ,0.171               ,0.000           ,25742.65234       ,0.00000               ,0.000         ,0.000         ,0.000         ,0.000         ,-0.001        
15:29:35.350224     ,0.879       ,0.000       ,18.832      ,6.490       ,6.490       ,6.545       ,-0.055      ,0.000       ,0.000          ,0.000       ,0.000       ,0.000       ,0.000       ,0.000       ,0.000       ,0.000       ,0.00000       ,2147480971    ,0.149           ,124.717       ,-49.000             ,0.171               ,0.000           ,25742.64453       ,0.00000               ,0.000         ,0.000         ,0.000         ,0.000         ,-0.001        
15:29:35.361504     ,0.879       ,0.000       ,18.832      ,6.490       ,6.490       ,6.545       ,-0.055      ,0.000       ,0.000          ,0.000       ,0.000       ,0.000       ,0.000       ,0.000       ,0.000       ,0.000       ,0.00000       ,2147480948    ,0.147           ,122.695       ,-48.800             ,0.170               ,0.000           ,25742.63672       ,0.00000               ,0.000         ,0.000         ,0.000         ,0.000         ,-0.001        
15:29:35.374103     ,0.879       ,0.000       ,18.832      ,6.420       ,6.420       ,6.545       ,-0.125      ,0.000       ,0.000          ,0.000       ,0.000       ,0.000       ,0.000       ,0.000       ,0.000       ,0.000       ,0.00000       ,2147480926    ,0.146           ,120.762       ,-48.200             ,0.168               ,0.000           ,25742.62891       ,0.00000               ,0.000         ,0.000         ,0.000         ,0.000         ,-0.001        
15:29:35.380597     ,0.879       ,0.000       ,18.832      ,6.400       ,6.400       ,6.545       ,-0.145      ,0.000       ,0.000          ,0.000       ,0.000       ,0.000       ,0.000       ,0.000       ,0.000       ,0.000       ,0.00000       ,2147480904    ,0.144           ,118.828       ,-48.000             ,0.168               ,0.000           ,25742.62109       ,0.00000               ,0.000         ,0.000         ,0.000         ,0.000         ,-0.001        
15:29:35.390239     ,0.879       ,0.000       ,18.832      ,6.400       ,6.400       ,6.545       ,-0.145      ,0.000       ,0.000          ,0.000       ,0.000       ,0.000       ,0.000       ,0.000       ,0.000       ,0.000       ,0.00000       ,2147480883    ,0.142           ,116.982       ,-48.000             ,0.168               ,0.000           ,25742.61523       ,0.00000               ,0.000         ,0.000         ,0.000         ,0.000         ,-0.001        
15:29:35.399314     ,0.879       ,0.000       ,18.832      ,6.420       ,6.420       ,6.545       ,-0.125      ,0.000       ,0.000          ,0.000       ,0.000       ,0.000       ,0.000       ,0.000       ,0.000       ,0.000       ,0.00000       ,2147480861    ,0.141           ,115.049       ,-48.000             ,0.168               ,0.000           ,25742.60547       ,0.00000               ,0.000         ,0.000         ,0.000         ,0.000         ,0.000         
15:29:35.409391     ,0.879       ,0.000       ,18.832      ,6.420       ,6.420       ,6.545       ,-0.125      ,0.000       ,0.000          ,0.000       ,0.000       ,0.000       ,0.000       ,0.000       ,0.000       ,0.000       ,0.00000       ,2147480840    ,0.139           ,113.203       ,-47.600             ,0.166               ,0.000           ,25742.59766       ,0.00000               ,0.000         ,0.000         ,0.000         ,0.000         ,-0.001        
15:29:35.419509     ,0.879       ,0.000       ,18.832      ,6.430       ,6.430       ,6.545       ,-0.115      ,0.000       ,0.000          ,0.000       ,0.000       ,0.000       ,0.000       ,0.000       ,0.000       ,0.000       ,0.00000       ,2147480819    ,0.137           ,111.357       ,-47.200             ,0.165               ,0.000           ,25742.59180       ,0.00000               ,0.000         ,0.000         ,0.000         ,0.000         ,0.000         
15:29:35.429483     ,0.879       ,0.000       ,18.832      ,6.440       ,6.440       ,6.545       ,-0.105      ,0.000       ,0.000          ,0.000       ,0.000       ,0.000       ,0.000       ,0.000       ,0.000       ,0.000       ,0.00000       ,2147480798    ,0.136           ,109.512       ,-47.000             ,0.164               ,0.000           ,25742.58398       ,0.00000               ,0.000         ,0.000         ,0.000         ,0.000         ,-0.001        
15:29:35.439439     ,0.879       ,0.000       ,18.832      ,6.440       ,6.440       ,6.545       ,-0.105      ,0.000       ,0.000          ,0.000       ,0.000       ,0.000       ,0.000       ,0.000       ,0.000       ,0.000       ,0.00000       ,2147480777    ,0.134           ,107.666       ,-47.000             ,0.164               ,0.000           ,25742.57812       ,0.00000               ,0.000         ,0.000         ,0.000         ,0.000         ,-0.001        
15:29:35.449426     ,0.879       ,0.000       ,18.832      ,6.430       ,6.430       ,6.545       ,-0.115      ,0.000       ,0.000          ,0.000       ,0.000       ,0.000       ,0.000       ,0.000       ,0.000       ,0.000       ,0.00000       ,2147480757    ,0.133           ,105.908       ,-46.600             ,0.163               ,0.000           ,25742.57031       ,0.00000               ,0.000         ,0.000         ,0.000         ,0.000         ,0.001         
15:29:35.461468     ,0.879       ,0.000       ,18.832      ,6.400       ,6.400       ,6.545       ,-0.145      ,0.000       ,0.000          ,0.000       ,0.000       ,0.000       ,0.000       ,0.000       ,0.000       ,0.000       ,0.00000       ,2147480737    ,0.131           ,104.150       ,-46.400             ,0.162               ,0.000           ,25742.56250       ,0.00000               ,0.000         ,0.000         ,0.000         ,0.000         ,0.000         
15:29:35.473098     ,0.878       ,0.000       ,18.832      ,6.380       ,6.380       ,6.545       ,-0.165      ,0.000       ,0.000          ,0.000       ,0.000       ,0.000       ,0.000       ,0.000       ,0.000       ,0.000       ,0.00000       ,2147480716    ,0.129           ,102.305       ,-46.000             ,0.161               ,0.000           ,25742.55664       ,0.00000               ,0.000         ,0.000         ,0.000         ,0.000         ,-0.001        
15:29:35.479434     ,0.878       ,0.000       ,18.832      ,6.400       ,6.400       ,6.545       ,-0.145      ,0.000       ,0.000          ,0.000       ,0.000       ,0.000       ,0.000       ,0.000       ,0.000       ,0.000       ,0.00000       ,2147480698    ,0.128           ,100.723       ,-45.600             ,0.159               ,0.000           ,25742.54883       ,0.00000               ,0.000         ,0.000         ,0.000         ,0.000         ,-0.001        
15:29:35.490280     ,0.878       ,0.000       ,18.832      ,6.400       ,6.400       ,6.545       ,-0.145      ,0.000       ,0.000          ,0.000       ,0.000       ,0.000       ,0.000       ,0.000       ,0.000       ,0.000       ,0.00000       ,2147480679    ,0.127           ,99.053        ,-45.400             ,0.158               ,0.000           ,25742.54297       ,0.00000               ,0.000         ,0.000         ,0.000         ,0.000         ,0.000         
15:29:35.499321     ,0.878       ,0.000       ,18.832      ,6.340       ,6.340       ,6.545       ,-0.205      ,0.000       ,0.000          ,0.000       ,0.000       ,0.000       ,0.000       ,0.000       ,0.000       ,0.000       ,0.00000       ,2147480659    ,0.125           ,97.295        ,-44.600             ,0.156               ,0.000           ,25742.53516       ,0.00000               ,0.000         ,0.000         ,0.000         ,0.000         ,-0.001        
15:29:35.509445     ,0.878       ,0.000       ,18.832      ,6.340       ,6.340       ,6.545       ,-0.205      ,0.000       ,0.000          ,0.000       ,0.000       ,0.000       ,0.000       ,0.000       ,0.000       ,0.000       ,0.00000       ,2147480640    ,0.124           ,95.625        ,-44.200             ,0.154               ,0.000           ,25742.52930       ,0.00000               ,0.000         ,0.000         ,0.000         ,0.000         ,0.001         
15:29:35.519447     ,0.878       ,0.000       ,18.832      ,6.340       ,6.340       ,6.545       ,-0.205      ,0.000       ,0.000          ,0.000       ,0.000       ,0.000       ,0.000       ,0.000       ,0.000       ,0.000       ,0.00000       ,2147480622    ,0.122           ,94.043        ,-44.000             ,0.154               ,0.000           ,25742.52344       ,0.00000               ,0.000         ,0.000         ,0.000         ,0.000         ,0.000         
15:29:35.529427     ,0.878       ,0.000       ,18.832      ,6.330       ,6.330       ,6.545       ,-0.215      ,0.000       ,0.000          ,0.000       ,0.000       ,0.000       ,0.000       ,0.000       ,0.000       ,0.000       ,0.00000       ,2147480603    ,0.121           ,92.373        ,-43.600             ,0.152               ,0.000           ,25742.51758       ,0.00000               ,0.000         ,0.000         ,0.000         ,0.000         ,0.000         
15:29:35.539295     ,0.878       ,0.000       ,18.832      ,6.340       ,6.340       ,6.545       ,-0.205      ,0.000       ,0.000          ,0.000       ,0.000       ,0.000       ,0.000       ,0.000       ,0.000       ,0.000       ,0.00000       ,2147480585    ,0.119           ,90.791        ,-42.800             ,0.149               ,0.000           ,25742.51172       ,0.00000               ,0.000         ,0.000         ,0.000         ,0.000         ,0.000         
15:29:35.549509     ,0.878       ,0.000       ,18.832      ,6.330       ,6.330       ,6.545       ,-0.215      ,0.000       ,0.000          ,0.000       ,0.000       ,0.000       ,0.000       ,0.000       ,0.000       ,0.000       ,0.00000       ,2147480567    ,0.118           ,89.209        ,-42.200             ,0.147               ,0.000           ,25742.50977       ,0.00000               ,0.000         ,0.000         ,0.000         ,0.000         ,0.000         
15:29:35.561286     ,0.878       ,0.000       ,18.832      ,6.340       ,6.340       ,6.545       ,-0.205      ,0.000       ,0.000          ,0.000       ,0.000       ,0.000       ,0.000       ,0.000       ,0.000       ,0.000       ,0.00000       ,2147480549    ,0.117           ,87.627        ,-41.600             ,0.145               ,0.000           ,25742.50391       ,0.00000               ,0.000         ,0.000         ,0.000         ,0.000         ,-0.001        
15:29:35.573819     ,0.881       ,0.000       ,18.865      ,6.320       ,6.320       ,6.545       ,-0.225      ,0.000       ,0.000          ,0.000       ,0.000       ,0.000       ,0.000       ,0.000       ,0.000       ,0.000       ,0.00000       ,2147480532    ,0.115           ,86.133        ,-40.000             ,0.140               ,0.000           ,25742.49805       ,0.00000               ,0.000         ,0.000         ,0.000         ,0.000         ,0.000         
15:29:35.580264     ,0.881       ,0.000       ,18.865      ,6.320       ,6.320       ,6.545       ,-0.225      ,0.000       ,0.000          ,0.000       ,0.000       ,0.000       ,0.000       ,0.000       ,0.000       ,0.000       ,0.00000       ,2147480515    ,0.114           ,84.639        ,-38.800             ,0.135               ,0.000           ,25742.49023       ,0.00000               ,0.000         ,0.000         ,0.000         ,0.000         ,0.000         
15:29:35.589485     ,0.881       ,0.000       ,18.865      ,6.340       ,6.340       ,6.545       ,-0.205      ,0.000       ,0.000          ,0.000       ,0.000       ,0.000       ,0.000       ,0.000       ,0.000       ,0.000       ,0.00000       ,2147480498    ,0.113           ,83.145        ,-38.200             ,0.133               ,0.000           ,25742.48438       ,0.00000               ,0.000         ,0.000         ,0.000         ,0.000         ,0.000         
15:29:35.599461     ,0.881       ,0.000       ,18.865      ,6.340       ,6.340       ,6.545       ,-0.205      ,0.000       ,0.000          ,0.000       ,0.000       ,0.000       ,0.000       ,0.000       ,0.000       ,0.000       ,0.00000       ,2147480481    ,0.111           ,81.650        ,-38.000             ,0.133               ,0.000           ,25742.48047       ,0.00000               ,0.000         ,0.000         ,0.000         ,0.000         ,-0.001        
15:29:35.609452     ,0.881       ,0.000       ,18.865      ,6.310       ,6.310       ,6.545       ,-0.235      ,0.000       ,0.000          ,0.000       ,0.000       ,0.000       ,0.000       ,0.000       ,0.000       ,0.000       ,0.00000       ,2147480465    ,0.110           ,80.244        ,-37.600             ,0.131               ,0.000           ,25742.47266       ,0.00000               ,0.000         ,0.000         ,0.000         ,0.000         ,0.000         
15:29:35.619351     ,0.881       ,0.000       ,18.865      ,6.320       ,6.320       ,6.545       ,-0.225      ,0.000       ,0.000          ,0.000       ,0.000       ,0.000       ,0.000       ,0.000       ,0.000       ,0.000       ,0.00000       ,2147480449    ,0.109           ,78.838        ,-37.200             ,0.130               ,0.000           ,25742.46875       ,0.00000               ,0.000         ,0.000         ,0.000         ,0.000         ,-0.001        
15:29:35.629498     ,0.881       ,0.000       ,18.865      ,6.310       ,6.310       ,6.545       ,-0.235      ,0.000       ,0.000          ,0.000       ,0.000       ,0.000       ,0.000       ,0.000       ,0.000       ,0.000       ,0.00000       ,2147480433    ,0.108           ,77.432        ,-37.000             ,0.129               ,0.000           ,25742.46484       ,0.00000               ,0.000         ,0.000         ,0.000         ,0.000         ,-0.004        
15:29:35.639507     ,0.881       ,0.000       ,18.865      ,6.300       ,6.300       ,6.545       ,-0.245      ,0.000       ,0.000          ,0.000       ,0.000       ,0.000       ,0.000       ,0.000       ,0.000       ,0.000       ,0.00000       ,2147480417    ,0.107           ,76.025        ,-36.600             ,0.128               ,0.000           ,25742.45703       ,0.00000               ,0.000         ,0.000         ,0.000         ,0.000         ,-0.001        
15:29:35.649486     ,0.881       ,0.000       ,18.865      ,6.270       ,6.270       ,6.545       ,-0.275      ,0.000       ,0.000          ,0.000       ,0.000       ,0.000       ,0.000       ,0.000       ,0.000       ,0.000       ,0.00000       ,2147480402    ,0.105           ,74.707        ,-36.200             ,0.126               ,0.000           ,25742.45312       ,0.00000               ,0.000         ,0.000         ,0.000         ,0.000         ,-0.001        
15:29:35.660378     ,0.881       ,0.000       ,18.865      ,6.280       ,6.280       ,6.545       ,-0.265      ,0.000       ,0.000          ,0.000       ,0.000       ,0.000       ,0.000       ,0.000       ,0.000       ,0.000       ,0.00000       ,2147480387    ,0.104           ,73.389        ,-36.000             ,0.126               ,0.000           ,25742.44727       ,0.00000               ,0.000         ,0.000         ,0.000         ,0.000         ,-0.004        
15:29:35.673029     ,0.879       ,0.000       ,18.865      ,6.270       ,6.270       ,6.545       ,-0.275      ,0.000       ,0.000          ,0.000       ,0.000       ,0.000       ,0.000       ,0.000       ,0.000       ,0.000       ,0.00000       ,2147480371    ,0.103           ,71.982        ,-35.600             ,0.124               ,0.000           ,25742.44141       ,0.00000               ,0.000         ,0.000         ,0.000         ,0.000         ,-0.001        
15:29:35.679514     ,0.879       ,0.000       ,18.865      ,6.300       ,6.300       ,6.545       ,-0.245      ,0.000       ,0.000          ,0.000       ,0.000       ,0.000       ,0.000       ,0.000       ,0.000       ,0.000       ,0.00000       ,2147480358    ,0.102           ,70.840        ,-35.200             ,0.123               ,0.000           ,25742.43750       ,0.00000               ,0.000         ,0.000         ,0.000         ,0.000         ,-0.001        
15:29:35.689518     ,0.879       ,0.000       ,18.865      ,6.250       ,6.250       ,6.545       ,-0.295      ,0.000       ,0.000          ,0.000       ,0.000       ,0.000       ,0.000       ,0.000       ,0.000       ,0.000       ,0.00000       ,2147480344    ,0.101           ,69.609        ,-34.600             ,0.121               ,0.000           ,25742.43164       ,0.00000               ,0.000         ,0.000         ,0.000         ,0.000         ,-0.001        
15:29:35.699493     ,0.879       ,0.000       ,18.865      ,6.270       ,6.270       ,6.545       ,-0.275      ,0.000       ,0.000          ,0.000       ,0.000       ,0.000       ,0.000       ,0.000       ,0.000       ,0.000       ,0.00000       ,2147480330    ,0.100           ,68.379        ,-34.200             ,0.119               ,0.000           ,25742.42773       ,0.00000               ,0.000         ,0.000         ,0.000         ,0.000         ,-0.001        
15:29:35.709514     ,0.879       ,0.000       ,18.865      ,6.250       ,6.250       ,6.545       ,-0.295      ,0.000       ,0.000          ,0.000       ,0.000       ,0.000       ,0.000       ,0.000       ,0.000       ,0.000       ,0.00000       ,2147480316    ,0.099           ,67.148        ,-33.600             ,0.117               ,0.000           ,25742.42188       ,0.00000               ,0.000         ,0.000         ,0.000         ,0.000         ,0.000         
15:29:35.720458     ,0.879       ,0.000       ,18.865      ,6.260       ,6.260       ,6.545       ,-0.285      ,0.000       ,0.000          ,0.000       ,0.000       ,0.000       ,0.000       ,0.000       ,0.000       ,0.000       ,0.00000       ,2147480303    ,0.098           ,66.006        ,-33.400             ,0.117               ,0.000           ,25742.41992       ,0.00000               ,0.000         ,0.000         ,0.000         ,0.000         ,0.000         
15:29:35.729485     ,0.879       ,0.000       ,18.865      ,6.260       ,6.260       ,6.545       ,-0.285      ,0.000       ,0.000          ,0.000       ,0.000       ,0.000       ,0.000       ,0.000       ,0.000       ,0.000       ,0.00000       ,2147480290    ,0.097           ,64.863        ,-32.600             ,0.114               ,0.000           ,25742.41406       ,0.00000               ,0.000         ,0.000         ,0.000         ,0.000         ,0.000         
15:29:35.740139     ,0.879       ,0.000       ,18.865      ,6.260       ,6.260       ,6.545       ,-0.285      ,0.000       ,0.000          ,0.000       ,0.000       ,0.000       ,0.000       ,0.000       ,0.000       ,0.000       ,0.00000       ,2147480278    ,0.096           ,63.809        ,-32.400             ,0.113               ,0.000           ,25742.41016       ,0.00000               ,0.000         ,0.000         ,0.000         ,0.000         ,0.000         
15:29:35.749537     ,0.879       ,0.000       ,18.865      ,6.240       ,6.240       ,6.545       ,-0.305      ,0.000       ,0.000          ,0.000       ,0.000       ,0.000       ,0.000       ,0.000       ,0.000       ,0.000       ,0.00000       ,2147480265    ,0.095           ,62.666        ,-31.600             ,0.110               ,0.000           ,25742.40430       ,0.00000               ,0.000         ,0.000         ,0.000         ,0.000         ,-0.001        
15:29:35.761339     ,0.879       ,0.000       ,18.865      ,6.260       ,6.260       ,6.545       ,-0.285      ,0.000       ,0.000          ,0.000       ,0.000       ,0.000       ,0.000       ,0.000       ,0.000       ,0.000       ,0.00000       ,2147480253    ,0.094           ,61.611        ,-31.400             ,0.110               ,0.000           ,25742.40234       ,0.00000               ,0.000         ,0.000         ,0.000         ,0.000         ,-0.001        
15:29:35.773045     ,0.881       ,0.000       ,18.882      ,6.260       ,6.260       ,6.545       ,-0.285      ,0.000       ,0.000          ,0.000       ,0.000       ,0.000       ,0.000       ,0.000       ,0.000       ,0.000       ,0.00000       ,2147480241    ,0.093           ,60.557        ,-30.600             ,0.107               ,0.000           ,25742.39648       ,0.00000               ,0.000         ,0.000         ,0.000         ,0.000         ,0.000         
15:29:35.779475     ,0.881       ,0.000       ,18.882      ,6.260       ,6.260       ,6.545       ,-0.285      ,0.000       ,0.000          ,0.000       ,0.000       ,0.000       ,0.000       ,0.000       ,0.000       ,0.000       ,0.00000       ,2147480229    ,0.092           ,59.502        ,-30.200             ,0.105               ,0.000           ,25742.39453       ,0.00000               ,0.000         ,0.000         ,0.000         ,0.000         ,0.000         
15:29:35.789406     ,0.881       ,0.000       ,18.882      ,6.240       ,6.240       ,6.545       ,-0.305      ,0.000       ,0.000          ,0.000       ,0.000       ,0.000       ,0.000       ,0.000       ,0.000       ,0.000       ,0.00000       ,2147480217    ,0.091           ,58.447        ,-29.600             ,0.103               ,0.000           ,25742.38867       ,0.00000               ,0.000         ,0.000         ,0.000         ,0.000         ,-0.001        
15:29:35.799505     ,0.881       ,0.000       ,18.882      ,6.250       ,6.250       ,6.545       ,-0.295      ,0.000       ,0.000          ,0.000       ,0.000       ,0.000       ,0.000       ,0.000       ,0.000       ,0.000       ,0.00000       ,2147480206    ,0.090           ,57.480        ,-29.200             ,0.102               ,0.000           ,25742.38477       ,0.00000               ,0.000         ,0.000         ,0.000         ,0.000         ,-0.001        
15:29:35.809340     ,0.881       ,0.000       ,18.882      ,6.240       ,6.240       ,6.545       ,-0.305      ,0.000       ,0.000          ,0.000       ,0.000       ,0.000       ,0.000       ,0.000       ,0.000       ,0.000       ,0.00000       ,2147480194    ,0.089           ,56.426        ,-28.600             ,0.100               ,0.000           ,25742.38086       ,0.00000               ,0.000         ,0.000         ,0.000         ,0.000         ,0.000         
15:29:35.819411     ,0.881       ,0.000       ,18.882      ,6.250       ,6.250       ,6.545       ,-0.295      ,0.000       ,0.000          ,0.000       ,0.000       ,0.000       ,0.000       ,0.000       ,0.000       ,0.000       ,0.00000       ,2147480184    ,0.089           ,55.547        ,-28.200             ,0.098               ,0.000           ,25742.37695       ,0.00000               ,0.000         ,0.000         ,0.000         ,0.000         ,0.000         
15:29:35.829322     ,0.881       ,0.000       ,18.882      ,6.220       ,6.220       ,6.545       ,-0.325      ,0.000       ,0.000          ,0.000       ,0.000       ,0.000       ,0.000       ,0.000       ,0.000       ,0.000       ,0.00000       ,2147480173    ,0.088           ,54.580        ,-27.600             ,0.096               ,0.000           ,25742.37500       ,0.00000               ,0.000         ,0.000         ,0.000         ,0.000         ,0.004         
15:29:35.839370     ,0.881       ,0.000       ,18.882      ,6.220       ,6.220       ,6.545       ,-0.325      ,0.000       ,0.000          ,0.000       ,0.000       ,0.000       ,0.000       ,0.000       ,0.000       ,0.000       ,0.00000       ,2147480162    ,0.087           ,53.613        ,-27.200             ,0.095               ,0.000           ,25742.36914       ,0.00000               ,0.000         ,0.000         ,0.000         ,0.000         ,-0.001        
15:29:35.849537     ,0.881       ,0.000       ,18.882      ,6.220       ,6.220       ,6.545       ,-0.325      ,0.000       ,0.000          ,0.000       ,0.000       ,0.000       ,0.000       ,0.000       ,0.000       ,0.000       ,0.00000       ,2147480151    ,0.086           ,52.646        ,-27.000             ,0.094               ,0.000           ,25742.36719       ,0.00000               ,0.000         ,0.000         ,0.000         ,0.000         ,-0.001        
15:29:35.861389     ,0.881       ,0.000       ,18.882      ,6.210       ,6.210       ,6.545       ,-0.335      ,0.000       ,0.000          ,0.000       ,0.000       ,0.000       ,0.000       ,0.000       ,0.000       ,0.000       ,0.00000       ,2147480141    ,0.085           ,51.768        ,-26.800             ,0.094               ,0.000           ,25742.36328       ,0.00000               ,0.000         ,0.000         ,0.000         ,0.000         ,0.000         
15:29:35.873097     ,0.879       ,0.000       ,18.882      ,6.210       ,6.210       ,6.545       ,-0.335      ,0.000       ,0.000          ,0.000       ,0.000       ,0.000       ,0.000       ,0.000       ,0.000       ,0.000       ,0.00000       ,2147480131    ,0.085           ,50.889        ,-26.200             ,0.091               ,0.000           ,25742.35938       ,0.00000               ,0.000         ,0.000         ,0.000         ,0.000         ,-0.003        
15:29:35.880456     ,0.879       ,0.000       ,18.882      ,6.210       ,6.210       ,6.545       ,-0.335      ,0.000       ,0.000          ,0.000       ,0.000       ,0.000       ,0.000       ,0.000       ,0.000       ,0.000       ,0.00000       ,2147480121    ,0.084           ,50.010        ,-25.600             ,0.089               ,0.000           ,25742.35547       ,0.00000               ,0.000         ,0.000         ,0.000         ,0.000         ,-0.003        
15:29:35.889553     ,0.879       ,0.000       ,18.882      ,6.210       ,6.210       ,6.545       ,-0.335      ,0.000       ,0.000          ,0.000       ,0.000       ,0.000       ,0.000       ,0.000       ,0.000       ,0.000       ,0.00000       ,2147480111    ,0.083           ,49.131        ,-25.200             ,0.088               ,0.000           ,25742.35156       ,0.00000               ,0.000         ,0.000         ,0.000         ,0.000         ,0.000         
15:29:35.899303     ,0.879       ,0.000       ,18.882      ,6.240       ,6.240       ,6.545       ,-0.305      ,0.000       ,0.000          ,0.000       ,0.000       ,0.000       ,0.000       ,0.000       ,0.000       ,0.000       ,0.00000       ,2147480101    ,0.082           ,48.252        ,-25.000             ,0.087               ,0.000           ,25742.34961       ,0.00000               ,0.000         ,0.000         ,0.000         ,0.000         ,-0.001        
15:29:35.909378     ,0.879       ,0.000       ,18.882      ,6.200       ,6.200       ,6.545       ,-0.345      ,0.000       ,0.000          ,0.000       ,0.000       ,0.000       ,0.000       ,0.000       ,0.000       ,0.000       ,0.00000       ,2147480091    ,0.082           ,47.373        ,-24.600             ,0.086               ,0.000           ,25742.34570       ,0.00000               ,0.000         ,0.000         ,0.000         ,0.000         ,0.000         
15:29:35.919665     ,0.879       ,0.000       ,18.882      ,6.200       ,6.200       ,6.545       ,-0.345      ,0.000       ,0.000          ,0.000       ,0.000       ,0.000       ,0.000       ,0.000       ,0.000       ,0.000       ,0.00000       ,2147480081    ,0.081           ,46.494        ,-24.200             ,0.084               ,0.000           ,25742.34180       ,0.00000               ,0.000         ,0.000         ,0.000         ,0.000         ,0.000         
15:29:35.929362     ,0.879       ,0.000       ,18.882      ,6.210       ,6.210       ,6.545       ,-0.335      ,0.000       ,0.000          ,0.000       ,0.000       ,0.000       ,0.000       ,0.000       ,0.000       ,0.000       ,0.00000       ,2147480072    ,0.080           ,45.703        ,-23.600             ,0.082               ,0.000           ,25742.33984       ,0.00000               ,0.000         ,0.000         ,0.000         ,0.000         ,0.000         
15:29:35.939404     ,0.879       ,0.000       ,18.882      ,6.200       ,6.200       ,6.545       ,-0.345      ,0.000       ,0.000          ,0.000       ,0.000       ,0.000       ,0.000       ,0.000       ,0.000       ,0.000       ,0.00000       ,2147480062    ,0.079           ,44.824        ,-23.200             ,0.081               ,0.000           ,25742.33398       ,0.00000               ,0.000         ,0.000         ,0.000         ,0.000         ,0.000         
15:29:35.950260     ,0.879       ,0.000       ,18.882      ,6.210       ,6.210       ,6.545       ,-0.335      ,0.000       ,0.000          ,0.000       ,0.000       ,0.000       ,0.000       ,0.000       ,0.000       ,0.000       ,0.00000       ,2147480052    ,0.079           ,43.945        ,-23.000             ,0.080               ,0.000           ,25742.33203       ,0.00000               ,0.000         ,0.000         ,0.000         ,0.000         ,-0.001        
15:29:35.961336     ,0.879       ,0.000       ,18.882      ,6.240       ,6.240       ,6.545       ,-0.305      ,0.000       ,0.000          ,0.000       ,0.000       ,0.000       ,0.000       ,0.000       ,0.000       ,0.000       ,0.00000       ,2147480042    ,0.078           ,43.066        ,-23.000             ,0.080               ,0.000           ,25742.32812       ,0.00000               ,0.000         ,0.000         ,0.000         ,0.000         ,0.000         
15:29:35.974000     ,0.876       ,0.000       ,18.865      ,6.220       ,6.220       ,6.545       ,-0.325      ,0.000       ,0.000          ,0.000       ,0.000       ,0.000       ,0.000       ,0.000       ,0.000       ,0.000       ,0.00000       ,2147480032    ,0.077           ,42.188        ,-23.000             ,0.080               ,0.000           ,25742.32422       ,0.00000               ,0.000         ,0.000         ,0.000         ,0.000         ,-0.001        
15:29:35.979393     ,0.876       ,0.000       ,18.865      ,6.220       ,6.220       ,6.545       ,-0.325      ,0.000       ,0.000          ,0.000       ,0.000       ,0.000       ,0.000       ,0.000       ,0.000       ,0.000       ,0.00000       ,2147480023    ,0.076           ,41.396        ,-22.600             ,0.079               ,0.000           ,25742.32227       ,0.00000               ,0.000         ,0.000         ,0.000         ,0.000         ,-0.001        
15:29:35.989418     ,0.876       ,0.000       ,18.865      ,6.220       ,6.220       ,6.545       ,-0.325      ,0.000       ,0.000          ,0.000       ,0.000       ,0.000       ,0.000       ,0.000       ,0.000       ,0.000       ,0.00000       ,2147480013    ,0.076           ,40.518        ,-22.200             ,0.077               ,0.000           ,25742.31836       ,0.00000               ,0.000         ,0.000         ,0.000         ,0.000         ,0.000         
15:29:36.000458     ,0.876       ,0.000       ,18.865      ,6.240       ,6.240       ,6.545       ,-0.305      ,0.000       ,0.000          ,0.000       ,0.000       ,0.000       ,0.000       ,0.000       ,0.000       ,0.000       ,0.00000       ,2147480003    ,0.075           ,39.639        ,-22.000             ,0.077               ,0.000           ,25742.31445       ,0.00000               ,0.000         ,0.000         ,0.000         ,0.000         ,0.000         
15:29:36.009405     ,0.876       ,0.000       ,18.865      ,6.250       ,6.250       ,6.545       ,-0.295      ,0.000       ,0.000          ,0.000       ,0.000       ,0.000       ,0.000       ,0.000       ,0.000       ,0.000       ,0.00000       ,2147479993    ,0.074           ,38.760        ,-22.000             ,0.077               ,0.000           ,25742.31055       ,0.00000               ,0.000         ,0.000         ,0.000         ,0.000         ,0.000         
15:29:36.019564     ,0.876       ,0.000       ,18.865      ,6.260       ,6.260       ,6.545       ,-0.285      ,0.000       ,0.000          ,0.000       ,0.000       ,0.000       ,0.000       ,0.000       ,0.000       ,0.000       ,0.00000       ,2147479983    ,0.073           ,37.881        ,-22.000             ,0.077               ,0.000           ,25742.30664       ,0.00000               ,0.000         ,0.000         ,0.000         ,0.000         ,0.000         
15:29:36.029432     ,0.876       ,0.000       ,18.865      ,6.250       ,6.250       ,6.545       ,-0.295      ,0.000       ,0.000          ,0.000       ,0.000       ,0.000       ,0.000       ,0.000       ,0.000       ,0.000       ,0.00000       ,2147479973    ,0.072           ,37.002        ,-22.000             ,0.077               ,0.000           ,25742.30469       ,0.00000               ,0.000         ,0.000         ,0.000         ,0.000         ,0.000         
15:29:36.039422     ,0.876       ,0.000       ,18.865      ,6.270       ,6.270       ,6.545       ,-0.275      ,0.000       ,0.000          ,0.000       ,0.000       ,0.000       ,0.000       ,0.000       ,0.000       ,0.000       ,0.00000       ,2147479963    ,0.072           ,36.123        ,-22.000             ,0.077               ,0.000           ,25742.30078       ,0.00000               ,0.000         ,0.000         ,0.000         ,0.000         ,-0.001        
15:29:36.049556     ,0.876       ,0.000       ,18.865      ,6.260       ,6.260       ,6.545       ,-0.285      ,0.000       ,0.000          ,0.000       ,0.000       ,0.000       ,0.000       ,0.000       ,0.000       ,0.000       ,0.00000       ,2147479952    ,0.071           ,35.156        ,-22.000             ,0.077               ,0.000           ,25742.29688       ,0.00000               ,0.000         ,0.000         ,0.000         ,0.000         ,0.001         
15:29:36.061445     ,0.876       ,0.000       ,18.865      ,6.260       ,6.260       ,6.545       ,-0.285      ,0.000       ,0.000          ,0.000       ,0.000       ,0.000       ,0.000       ,0.000       ,0.000       ,0.000       ,0.00000       ,2147479942    ,0.070           ,34.277        ,-22.000             ,0.077               ,0.000           ,25742.29297       ,0.00000               ,0.000         ,0.000         ,0.000         ,0.000         ,0.000         
15:29:36.073149     ,0.883       ,0.000       ,18.865      ,6.260       ,6.260       ,6.545       ,-0.285      ,0.000       ,0.000          ,0.000       ,0.000       ,0.000       ,0.000       ,0.000       ,0.000       ,0.000       ,0.00000       ,2147479932    ,0.069           ,33.398        ,-21.600             ,0.075               ,0.000           ,25742.28906       ,0.00000               ,0.000         ,0.000         ,0.000         ,0.000         ,0.000         
15:29:36.079492     ,0.883       ,0.000       ,18.865      ,6.280       ,6.280       ,6.545       ,-0.265      ,0.000       ,0.000          ,0.000       ,0.000       ,0.000       ,0.000       ,0.000       ,0.000       ,0.000       ,0.00000       ,2147479921    ,0.068           ,32.432        ,-21.200             ,0.074               ,0.000           ,25742.28711       ,0.00000               ,0.000         ,0.000         ,0.000         ,0.000         ,0.000         
15:29:36.089669     ,0.883       ,0.000       ,18.865      ,6.270       ,6.270       ,6.545       ,-0.275      ,0.000       ,0.000          ,0.000       ,0.000       ,0.000       ,0.000       ,0.000       ,0.000       ,0.000       ,0.00000       ,2147479911    ,0.068           ,31.553        ,-21.000             ,0.073               ,0.000           ,25742.28320       ,0.00000               ,0.000         ,0.000         ,0.000         ,0.000         ,0.000         
15:29:36.099401     ,0.883       ,0.000       ,18.865      ,6.280       ,6.280       ,6.545       ,-0.265      ,0.000       ,0.000          ,0.000       ,0.000       ,0.000       ,0.000       ,0.000       ,0.000       ,0.000       ,0.00000       ,2147479900    ,0.067           ,30.586        ,-21.000             ,0.073               ,0.000           ,25742.27930       ,0.00000               ,0.000         ,0.000         ,0.000         ,0.000         ,-0.001        
15:29:36.109606     ,0.883       ,0.000       ,18.865      ,6.280       ,6.280       ,6.545       ,-0.265      ,0.000       ,0.000          ,0.000       ,0.000       ,0.000       ,0.000       ,0.000       ,0.000       ,0.000       ,0.00000       ,2147479890    ,0.066           ,29.707        ,-21.000             ,0.073               ,0.000           ,25742.27539       ,0.00000               ,0.000         ,0.000         ,0.000         ,0.000         ,0.000         
15:29:36.119341     ,0.883       ,0.000       ,18.865      ,6.280       ,6.280       ,6.545       ,-0.265      ,0.000       ,0.000          ,0.000       ,0.000       ,0.000       ,0.000       ,0.000       ,0.000       ,0.000       ,0.00000       ,2147479879    ,0.065           ,28.740        ,-21.400             ,0.075               ,0.000           ,25742.27148       ,0.00000               ,0.000         ,0.000         ,0.000         ,0.000         ,-0.001        
15:29:36.129604     ,0.883       ,0.000       ,18.865      ,6.280       ,6.280       ,6.545       ,-0.265      ,0.000       ,0.000          ,0.000       ,0.000       ,0.000       ,0.000       ,0.000       ,0.000       ,0.000       ,0.00000       ,2147479869    ,0.065           ,27.861        ,-21.800             ,0.076               ,0.000           ,25742.26953       ,0.00000               ,0.000         ,0.000         ,0.000         ,0.000         ,0.001         
15:29:36.139639     ,0.883       ,0.000       ,18.865      ,6.280       ,6.280       ,6.545       ,-0.265      ,0.000       ,0.000          ,0.000       ,0.000       ,0.000       ,0.000       ,0.000       ,0.000       ,0.000       ,0.00000       ,2147479859    ,0.064           ,26.982        ,-22.000             ,0.077               ,0.000           ,25742.26367       ,0.00000               ,0.000         ,0.000         ,0.000         ,0.000         ,0.000         
15:29:36.149619     ,0.883       ,0.000       ,18.865      ,6.300       ,6.300       ,6.545       ,-0.245      ,0.000       ,0.000          ,0.000       ,0.000       ,0.000       ,0.000       ,0.000       ,0.000       ,0.000       ,0.00000       ,2147479848    ,0.063           ,26.016        ,-22.000             ,0.077               ,0.000           ,25742.26172       ,0.00000               ,0.000         ,0.000         ,0.000         ,0.000         ,0.000         
15:29:36.160488     ,0.883       ,0.000       ,18.865      ,6.310       ,6.310       ,6.545       ,-0.235      ,0.000       ,0.000          ,0.000       ,0.000       ,0.000       ,0.000       ,0.000       ,0.000       ,0.000       ,0.00000       ,2147479837    ,0.062           ,25.049        ,-22.000             ,0.077               ,0.000           ,25742.25781       ,0.00000               ,0.000         ,0.000         ,0.000         ,0.000         ,-0.003        
15:29:36.173177     ,0.881       ,0.000       ,18.865      ,6.310       ,6.310       ,6.545       ,-0.235      ,0.000       ,0.000          ,0.000       ,0.000       ,0.000       ,0.000       ,0.000       ,0.000       ,0.000       ,0.00000       ,2147479827    ,0.061           ,24.170        ,-22.000             ,0.077               ,0.000           ,25742.25195       ,0.00000               ,0.000         ,0.000         ,0.000         ,0.000         ,-0.001        
15:29:36.179450     ,0.881       ,0.000       ,18.865      ,6.320       ,6.320       ,6.545       ,-0.225      ,0.000       ,0.000          ,0.000       ,0.000       ,0.000       ,0.000       ,0.000       ,0.000       ,0.000       ,0.00000       ,2147479816    ,0.060           ,23.203        ,-22.000             ,0.077               ,0.000           ,25742.25000       ,0.00000               ,0.000         ,0.000         ,0.000         ,0.000         ,-0.001        
15:29:36.189695     ,0.881       ,0.000       ,18.865      ,6.340       ,6.340       ,6.545       ,-0.205      ,0.000       ,0.000          ,0.000       ,0.000       ,0.000       ,0.000       ,0.000       ,0.000       ,0.000       ,0.00000       ,2147479806    ,0.060           ,22.324        ,-22.000             ,0.077               ,0.000           ,25742.24609       ,0.00000               ,0.000         ,0.000         ,0.000         ,0.000         ,0.000         
15:29:36.200482     ,0.881       ,0.000       ,18.865      ,6.330       ,6.330       ,6.545       ,-0.215      ,0.000       ,0.000          ,0.000       ,0.000       ,0.000       ,0.000       ,0.000       ,0.000       ,0.000       ,0.00000       ,2147479795    ,0.059           ,21.357        ,-22.000             ,0.077               ,0.000           ,25742.24414       ,0.00000               ,0.000         ,0.000         ,0.000         ,0.000         ,-0.001        
15:29:36.209632     ,0.881       ,0.000       ,18.865      ,6.340       ,6.340       ,6.545       ,-0.205      ,0.000       ,0.000          ,0.000       ,0.000       ,0.000       ,0.000       ,0.000       ,0.000       ,0.000       ,0.00000       ,2147479784    ,0.058           ,20.391        ,-22.000             ,0.077               ,0.000           ,25742.23828       ,0.00000               ,0.000         ,0.000         ,0.000         ,0.000         ,0.000         
15:29:36.219357     ,0.881       ,0.000       ,18.865      ,6.340       ,6.340       ,6.545       ,-0.205      ,0.000       ,0.000          ,0.000       ,0.000       ,0.000       ,0.000       ,0.000       ,0.000       ,0.000       ,0.00000       ,2147479774    ,0.057           ,19.512        ,-22.000             ,0.077               ,0.000           ,25742.23438       ,0.00000               ,0.000         ,0.000         ,0.000         ,0.000         ,0.000         
15:29:36.230440     ,0.881       ,0.000       ,18.865      ,6.340       ,6.340       ,6.545       ,-0.205      ,0.000       ,0.000          ,0.000       ,0.000       ,0.000       ,0.000       ,0.000       ,0.000       ,0.000       ,0.00000       ,2147479764    ,0.056           ,18.633        ,-22.000             ,0.077               ,0.000           ,25742.23242       ,0.00000               ,0.000         ,0.000         ,0.000         ,0.000         ,0.000         
15:29:36.239370     ,0.881       ,0.000       ,18.865      ,6.360       ,6.360       ,6.545       ,-0.185      ,0.000       ,0.000          ,0.000       ,0.000       ,0.000       ,0.000       ,0.000       ,0.000       ,0.000       ,0.00000       ,2147479753    ,0.056           ,17.666        ,-22.000             ,0.077               ,0.000           ,25742.22656       ,0.00000               ,0.000         ,0.000         ,0.000         ,0.000         ,-0.001        
15:29:36.249787     ,0.881       ,0.000       ,18.865      ,6.360       ,6.360       ,6.545       ,-0.185      ,0.000       ,0.000          ,0.000       ,0.000       ,0.000       ,0.000       ,0.000       ,0.000       ,0.000       ,0.00000       ,2147479742    ,0.055           ,16.699        ,-22.000             ,0.077               ,0.000           ,25742.22461       ,0.00000               ,0.000         ,0.000         ,0.000         ,0.000         ,0.000         
15:29:36.259466     ,0.881       ,0.000       ,18.865      ,6.340       ,6.340       ,6.545       ,-0.205      ,0.000       ,0.000          ,0.000       ,0.000       ,0.000       ,0.000       ,0.000       ,0.000       ,0.000       ,0.00000       ,2147479732    ,0.054           ,15.820        ,-22.000             ,0.077               ,0.000           ,25742.22070       ,0.00000               ,0.000         ,0.000         ,0.000         ,0.000         ,0.001         
15:29:36.273390     ,0.879       ,0.000       ,18.865      ,6.360       ,6.360       ,6.545       ,-0.185      ,0.000       ,0.000          ,0.000       ,0.000       ,0.000       ,0.000       ,0.000       ,0.000       ,0.000       ,0.00000       ,2147479722    ,0.053           ,14.941        ,-22.000             ,0.077               ,0.000           ,25742.21680       ,0.00000               ,0.000         ,0.000         ,0.000         ,0.000         ,-0.001        
15:29:36.279427     ,0.879       ,0.000       ,18.865      ,6.380       ,6.380       ,6.545       ,-0.165      ,0.000       ,0.000          ,0.000       ,0.000       ,0.000       ,0.000       ,0.000       ,0.000       ,0.000       ,0.00000       ,2147479711    ,0.052           ,13.975        ,-22.000             ,0.077               ,0.000           ,25742.21289       ,0.00000               ,0.000         ,0.000         ,0.000         ,0.000         ,-0.001        
15:29:36.289886     ,0.879       ,0.000       ,18.865      ,6.340       ,6.340       ,6.545       ,-0.205      ,0.000       ,0.000          ,0.000       ,0.000       ,0.000       ,0.000       ,0.000       ,0.000       ,0.000       ,0.00000       ,2147479701    ,0.052           ,13.096        ,-22.000             ,0.077               ,0.000           ,25742.20898       ,0.00000               ,0.000         ,0.000         ,0.000         ,0.000         ,-0.001        
15:29:36.299452     ,0.879       ,0.000       ,18.865      ,6.370       ,6.370       ,6.545       ,-0.175      ,0.000       ,0.000          ,0.000       ,0.000       ,0.000       ,0.000       ,0.000       ,0.000       ,0.000       ,0.00000       ,2147479690    ,0.051           ,12.129        ,-22.000             ,0.077               ,0.000           ,25742.20703       ,0.00000               ,0.000         ,0.000         ,0.000         ,0.000         ,0.001         
15:29:36.309836     ,0.879       ,0.000       ,18.865      ,6.340       ,6.340       ,6.545       ,-0.205      ,0.000       ,0.000          ,0.000       ,0.000       ,0.000       ,0.000       ,0.000       ,0.000       ,0.000       ,0.00000       ,2147479680    ,0.050           ,11.250        ,-22.000             ,0.077               ,0.000           ,25742.20312       ,0.00000               ,0.000         ,0.000         ,0.000         ,0.000         ,-0.001        
15:29:36.319418     ,0.879       ,0.000       ,18.865      ,6.370       ,6.370       ,6.545       ,-0.175      ,0.000       ,0.000          ,0.000       ,0.000       ,0.000       ,0.000       ,0.000       ,0.000       ,0.000       ,0.00000       ,2147479670    ,0.049           ,10.371        ,-22.000             ,0.077               ,0.000           ,25742.19922       ,0.00000               ,0.000         ,0.000         ,0.000         ,0.000         ,0.000         
15:29:36.330007     ,0.879       ,0.000       ,18.865      ,6.380       ,6.380       ,6.545       ,-0.165      ,0.000       ,0.000          ,0.000       ,0.000       ,0.000       ,0.000       ,0.000       ,0.000       ,0.000       ,0.00000       ,2147479660    ,0.048           ,9.492         ,-22.000             ,0.077               ,0.000           ,25742.19531       ,0.00000               ,0.000         ,0.000         ,0.000         ,0.000         ,-0.001        
15:29:36.339289     ,0.879       ,0.000       ,18.865      ,6.380       ,6.380       ,6.545       ,-0.165      ,0.000       ,0.000          ,0.000       ,0.000       ,0.000       ,0.000       ,0.000       ,0.000       ,0.000       ,0.00000       ,2147479650    ,0.048           ,8.613         ,-22.000             ,0.077               ,0.000           ,25742.19141       ,0.00000               ,0.000         ,0.000         ,0.000         ,0.000         ,-0.001        
15:29:36.350020     ,0.879       ,0.000       ,18.865      ,6.370       ,6.370       ,6.545       ,-0.175      ,0.000       ,0.000          ,0.000       ,0.000       ,0.000       ,0.000       ,0.000       ,0.000       ,0.000       ,0.00000       ,2147479640    ,0.047           ,7.734         ,-22.000             ,0.077               ,0.000           ,25742.18945       ,0.00000               ,0.000         ,0.000         ,0.000         ,0.000         ,0.000         
15:29:36.361466     ,0.879       ,0.000       ,18.865      ,6.380       ,6.380       ,6.545       ,-0.165      ,0.000       ,0.000          ,0.000       ,0.000       ,0.000       ,0.000       ,0.000       ,0.000       ,0.000       ,0.00000       ,2147479630    ,0.046           ,6.855         ,-21.800             ,0.076               ,0.000           ,25742.18555       ,0.00000               ,0.000         ,0.000         ,0.000         ,0.000         ,0.000         
15:29:36.371884     ,0.879       ,0.000       ,18.882      ,6.380       ,6.380       ,6.545       ,-0.165      ,0.000       ,0.000          ,0.000       ,0.000       ,0.000       ,0.000       ,0.000       ,0.000       ,0.000       ,0.00000       ,2147479620    ,0.045           ,5.977         ,-21.200             ,0.074               ,0.000           ,25742.18164       ,0.00000               ,0.000         ,0.000         ,0.000         ,0.000         ,-0.001        
15:29:36.379347     ,0.879       ,0.000       ,18.882      ,6.390       ,6.390       ,6.545       ,-0.155      ,0.000       ,0.000          ,0.000       ,0.000       ,0.000       ,0.000       ,0.000       ,0.000       ,0.000       ,0.00000       ,2147479610    ,0.045           ,5.098         ,-21.000             ,0.073               ,0.000           ,25742.17969       ,0.00000               ,0.000         ,0.000         ,0.000         ,0.000         ,-0.001        
15:29:36.389376     ,0.879       ,0.000       ,18.882      ,6.390       ,6.390       ,6.545       ,-0.155      ,0.000       ,0.000          ,0.000       ,0.000       ,0.000       ,0.000       ,0.000       ,0.000       ,0.000       ,0.00000       ,2147479600    ,0.044           ,4.219         ,-21.000             ,0.073               ,0.000           ,25742.17578       ,0.00000               ,0.000         ,0.000         ,0.000         ,0.000         ,0.000         
15:29:36.399316     ,0.879       ,0.000       ,18.882      ,6.390       ,6.390       ,6.545       ,-0.155      ,0.000       ,0.000          ,0.000       ,0.000       ,0.000       ,0.000       ,0.000       ,0.000       ,0.000       ,0.00000       ,2147479591    ,0.043           ,3.428         ,-21.000             ,0.073               ,0.000           ,25742.17188       ,0.00000               ,0.000         ,0.000         ,0.000         ,0.000         ,-0.001        
15:29:36.409339     ,0.879       ,0.000       ,18.882      ,6.400       ,6.400       ,6.545       ,-0.145      ,0.000       ,0.000          ,0.000       ,0.000       ,0.000       ,0.000       ,0.000       ,0.000       ,0.000       ,0.00000       ,2147479581    ,0.042           ,2.549         ,-21.000             ,0.073               ,0.000           ,25742.16992       ,0.00000               ,0.000         ,0.000         ,0.000         ,0.000         ,-0.003        
15:29:36.420420     ,0.879       ,0.000       ,18.882      ,6.420       ,6.420       ,6.545       ,-0.125      ,0.000       ,0.000          ,0.000       ,0.000       ,0.000       ,0.000       ,0.000       ,0.000       ,0.000       ,0.00000       ,2147479572    ,0.042           ,1.758         ,-21.000             ,0.073               ,0.000           ,25742.16406       ,0.00000               ,0.000         ,0.000         ,0.000         ,0.000         ,-0.001        
15:29:36.430460     ,0.879       ,0.000       ,18.882      ,6.400       ,6.400       ,6.545       ,-0.145      ,0.000       ,0.000          ,0.000       ,0.000       ,0.000       ,0.000       ,0.000       ,0.000       ,0.000       ,0.00000       ,2147479562    ,0.041           ,0.879         ,-21.000             ,0.073               ,0.000           ,25742.16211       ,0.00000               ,0.000         ,0.000         ,0.000         ,0.000         ,0.000         
15:29:36.439441     ,0.879       ,0.000       ,18.882      ,6.420       ,6.420       ,6.545       ,-0.125      ,0.000       ,0.000          ,0.000       ,0.000       ,0.000       ,0.000       ,0.000       ,0.000       ,0.000       ,0.00000       ,2147479553    ,0.040           ,0.088         ,-21.000             ,0.073               ,0.000           ,25742.16016       ,0.00000               ,0.000         ,0.000         ,0.000         ,0.000         ,0.000         
15:29:36.450325     ,0.879       ,0.000       ,18.882      ,6.420       ,6.420       ,6.545       ,-0.125      ,0.000       ,0.000          ,0.000       ,0.000       ,0.000       ,0.000       ,0.000       ,0.000       ,0.000       ,0.00000       ,2147479544    ,0.040           ,359.297       ,-20.800             ,0.073               ,0.000           ,25742.15625       ,0.00000               ,0.000         ,0.000         ,0.000         ,0.000         ,0.000         
15:29:36.460286     ,0.879       ,0.000       ,18.882      ,6.430       ,6.430       ,6.545       ,-0.115      ,0.000       ,0.000          ,0.000       ,0.000       ,0.000       ,0.000       ,0.000       ,0.000       ,0.000       ,0.00000       ,2147479535    ,0.039           ,358.506       ,-20.400             ,0.071               ,0.000           ,25742.15430       ,0.00000               ,0.000         ,0.000         ,0.000         ,0.000         ,-0.001        
15:29:36.473123     ,0.881       ,0.000       ,18.849      ,6.420       ,6.420       ,6.545       ,-0.125      ,0.000       ,0.000          ,0.000       ,0.000       ,0.000       ,0.000       ,0.000       ,0.000       ,0.000       ,0.00000       ,2147479526    ,0.038           ,357.715       ,-20.000             ,0.070               ,0.000           ,25742.15039       ,0.00000               ,0.000         ,0.000         ,0.000         ,0.000         ,0.000         
15:29:36.479513     ,0.881       ,0.000       ,18.849      ,6.440       ,6.440       ,6.545       ,-0.105      ,0.000       ,0.000          ,0.000       ,0.000       ,0.000       ,0.000       ,0.000       ,0.000       ,0.000       ,0.00000       ,2147479517    ,0.038           ,356.924       ,-20.000             ,0.070               ,0.000           ,25742.14648       ,0.00000               ,0.000         ,0.000         ,0.000         ,0.000         ,0.000         
15:29:36.489453     ,0.881       ,0.000       ,18.849      ,6.420       ,6.420       ,6.545       ,-0.125      ,0.000       ,0.000          ,0.000       ,0.000       ,0.000       ,0.000       ,0.000       ,0.000       ,0.000       ,0.00000       ,2147479508    ,0.037           ,356.133       ,-20.000             ,0.070               ,0.000           ,25742.14453       ,0.00000               ,0.000         ,0.000         ,0.000         ,0.000         ,-0.001        
15:29:36.499505     ,0.881       ,0.000       ,18.849      ,6.430       ,6.430       ,6.545       ,-0.115      ,0.000       ,0.000          ,0.000       ,0.000       ,0.000       ,0.000       ,0.000       ,0.000       ,0.000       ,0.00000       ,2147479499    ,0.036           ,355.342       ,-20.000             ,0.070               ,0.000           ,25742.14062       ,0.00000               ,0.000         ,0.000         ,0.000         ,0.000         ,0.006         
15:29:36.509405     ,0.881       ,0.000       ,18.849      ,6.430       ,6.430       ,6.545       ,-0.115      ,0.000       ,0.000          ,0.000       ,0.000       ,0.000       ,0.000       ,0.000       ,0.000       ,0.000       ,0.00000       ,2147479491    ,0.036           ,354.639       ,-20.000             ,0.070               ,0.000           ,25742.13672       ,0.00000               ,0.000         ,0.000         ,0.000         ,0.000         ,-0.001        
15:29:36.520434     ,0.881       ,0.000       ,18.849      ,6.440       ,6.440       ,6.545       ,-0.105      ,0.000       ,0.000          ,0.000       ,0.000       ,0.000       ,0.000       ,0.000       ,0.000       ,0.000       ,0.00000       ,2147479482    ,0.035           ,353.848       ,-19.800             ,0.069               ,0.000           ,25742.13477       ,0.00000               ,0.000         ,0.000         ,0.000         ,0.000         ,-0.001        
15:29:36.530499     ,0.881       ,0.000       ,18.849      ,6.430       ,6.430       ,6.545       ,-0.115      ,0.000       ,0.000          ,0.000       ,0.000       ,0.000       ,0.000       ,0.000       ,0.000       ,0.000       ,0.00000       ,2147479474    ,0.034           ,353.145       ,-19.400             ,0.068               ,0.000           ,25742.13086       ,0.00000               ,0.000         ,0.000         ,0.000         ,0.000         ,-0.001        
15:29:36.540322     ,0.881       ,0.000       ,18.849      ,6.430       ,6.430       ,6.545       ,-0.115      ,0.000       ,0.000          ,0.000       ,0.000       ,0.000       ,0.000       ,0.000       ,0.000       ,0.000       ,0.00000       ,2147479465    ,0.034           ,352.354       ,-19.000             ,0.066               ,0.000           ,25742.12891       ,0.00000               ,0.000         ,0.000         ,0.000         ,0.000         ,-0.001        
15:29:36.549541     ,0.881       ,0.000       ,18.849      ,6.400       ,6.400       ,6.545       ,-0.145      ,0.000       ,0.000          ,0.000       ,0.000       ,0.000       ,0.000       ,0.000       ,0.000       ,0.000       ,0.00000       ,2147479457    ,0.033           ,351.650       ,-19.000             ,0.066               ,0.000           ,25742.12695       ,0.00000               ,0.000         ,0.000         ,0.000         ,0.000         ,-0.001        
15:29:36.561280     ,0.881       ,0.000       ,18.849      ,6.440       ,6.440       ,6.545       ,-0.105      ,0.000       ,0.000          ,0.000       ,0.000       ,0.000       ,0.000       ,0.000       ,0.000       ,0.000       ,0.00000       ,2147479449    ,0.032           ,350.947       ,-19.000             ,0.066               ,0.000           ,25742.12305       ,0.00000               ,0.000         ,0.000         ,0.000         ,0.000         ,0.000         
15:29:36.573048     ,0.883       ,0.000       ,18.882      ,6.430       ,6.430       ,6.545       ,-0.115      ,0.000       ,0.000          ,0.000       ,0.000       ,0.000       ,0.000       ,0.000       ,0.000       ,0.000       ,0.00000       ,2147479441    ,0.032           ,350.244       ,-19.000             ,0.066               ,0.000           ,25742.11914       ,0.00000               ,0.000         ,0.000         ,0.000         ,0.000         ,-0.001        
15:29:36.579388     ,0.883       ,0.000       ,18.882      ,6.420       ,6.420       ,6.545       ,-0.125      ,0.000       ,0.000          ,0.000       ,0.000       ,0.000       ,0.000       ,0.000       ,0.000       ,0.000       ,0.00000       ,2147479433    ,0.031           ,349.541       ,-18.600             ,0.065               ,0.000           ,25742.11914       ,0.00000               ,0.000         ,0.000         ,0.000         ,0.000         ,-0.001        
15:29:36.589456     ,0.883       ,0.000       ,18.882      ,6.400       ,6.400       ,6.545       ,-0.145      ,0.000       ,0.000          ,0.000       ,0.000       ,0.000       ,0.000       ,0.000       ,0.000       ,0.000       ,0.00000       ,2147479425    ,0.030           ,348.838       ,-18.200             ,0.064               ,0.000           ,25742.11523       ,0.00000               ,0.000         ,0.000         ,0.000         ,0.000         ,-0.001        
15:29:36.599342     ,0.883       ,0.000       ,18.882      ,6.420       ,6.420       ,6.545       ,-0.125      ,0.000       ,0.000          ,0.000       ,0.000       ,0.000       ,0.000       ,0.000       ,0.000       ,0.000       ,0.00000       ,2147479417    ,0.030           ,348.135       ,-18.000             ,0.063               ,0.000           ,25742.11133       ,0.00000               ,0.000         ,0.000         ,0.000         ,0.000         ,0.003         
15:29:36.609397     ,0.883       ,0.000       ,18.882      ,6.400       ,6.400       ,6.545       ,-0.145      ,0.000       ,0.000          ,0.000       ,0.000       ,0.000       ,0.000       ,0.000       ,0.000       ,0.000       ,0.00000       ,2147479409    ,0.029           ,347.432       ,-18.000             ,0.063               ,0.000           ,25742.10938       ,0.00000               ,0.000         ,0.000         ,0.000         ,0.000         ,0.000         
15:29:36.619355     ,0.883       ,0.000       ,18.882      ,6.400       ,6.400       ,6.545       ,-0.145      ,0.000       ,0.000          ,0.000       ,0.000       ,0.000       ,0.000       ,0.000       ,0.000       ,0.000       ,0.00000       ,2147479401    ,0.029           ,346.729       ,-18.000             ,0.063               ,0.000           ,25742.10742       ,0.00000               ,0.000         ,0.000         ,0.000         ,0.000         ,0.000         
15:29:36.629395     ,0.883       ,0.000       ,18.882      ,6.390       ,6.390       ,6.545       ,-0.155      ,0.000       ,0.000          ,0.000       ,0.000       ,0.000       ,0.000       ,0.000       ,0.000       ,0.000       ,0.00000       ,2147479394    ,0.028           ,346.113       ,-18.000             ,0.063               ,0.000           ,25742.10352       ,0.00000               ,0.000         ,0.000         ,0.000         ,0.000         ,-0.001        
15:29:36.639483     ,0.883       ,0.000       ,18.882      ,6.420       ,6.420       ,6.545       ,-0.125      ,0.000       ,0.000          ,0.000       ,0.000       ,0.000       ,0.000       ,0.000       ,0.000       ,0.000       ,0.00000       ,2147479386    ,0.027           ,345.410       ,-18.000             ,0.063               ,0.000           ,25742.10156       ,0.00000               ,0.000         ,0.000         ,0.000         ,0.000         ,-0.001        
15:29:36.649366     ,0.883       ,0.000       ,18.882      ,6.390       ,6.390       ,6.545       ,-0.155      ,0.000       ,0.000          ,0.000       ,0.000       ,0.000       ,0.000       ,0.000       ,0.000       ,0.000       ,0.00000       ,2147479378    ,0.027           ,344.707       ,-17.600             ,0.061               ,0.000           ,25742.09961       ,0.00000               ,0.000         ,0.000         ,0.000         ,0.000         ,-0.001        
15:29:36.661262     ,0.883       ,0.000       ,18.882      ,6.390       ,6.390       ,6.545       ,-0.155      ,0.000       ,0.000          ,0.000       ,0.000       ,0.000       ,0.000       ,0.000       ,0.000       ,0.000       ,0.00000       ,2147479371    ,0.026           ,344.092       ,-17.400             ,0.061               ,0.000           ,25742.09570       ,0.00000               ,0.000         ,0.000         ,0.000         ,0.000         ,0.000         
15:29:36.673739     ,0.876       ,0.000       ,18.882      ,6.400       ,6.400       ,6.545       ,-0.145      ,0.000       ,0.000          ,0.000       ,0.000       ,0.000       ,0.000       ,0.000       ,0.000       ,0.000       ,0.00000       ,2147479363    ,0.026           ,343.389       ,-17.000             ,0.059               ,0.000           ,25742.09375       ,0.00000               ,0.000         ,0.000         ,0.000         ,0.000         ,0.000         
15:29:36.679399     ,0.876       ,0.000       ,18.882      ,6.400       ,6.400       ,6.545       ,-0.145      ,0.000       ,0.000          ,0.000       ,0.000       ,0.000       ,0.000       ,0.000       ,0.000       ,0.000       ,0.00000       ,2147479356    ,0.025           ,342.773       ,-17.000             ,0.059               ,0.000           ,25742.09180       ,0.00000               ,0.000         ,0.000         ,0.000         ,0.000         ,0.000         
15:29:36.689475     ,0.876       ,0.000       ,18.882      ,6.400       ,6.400       ,6.545       ,-0.145      ,0.000       ,0.000          ,0.000       ,0.000       ,0.000       ,0.000       ,0.000       ,0.000       ,0.000       ,0.00000       ,2147479349    ,0.025           ,342.158       ,-17.000             ,0.059               ,0.000           ,25742.08789       ,0.00000               ,0.000         ,0.000         ,0.000         ,0.000         ,0.000         
15:29:36.699468     ,0.876       ,0.000       ,18.882      ,6.400       ,6.400       ,6.545       ,-0.145      ,0.000       ,0.000          ,0.000       ,0.000       ,0.000       ,0.000       ,0.000       ,0.000       ,0.000       ,0.00000       ,2147479341    ,0.024           ,341.455       ,-17.000             ,0.059               ,0.000           ,25742.08594       ,0.00000               ,0.000         ,0.000         ,0.000         ,0.000         ,-0.001        
15:29:36.709445     ,0.876       ,0.000       ,18.882      ,6.390       ,6.390       ,6.545       ,-0.155      ,0.000       ,0.000          ,0.000       ,0.000       ,0.000       ,0.000       ,0.000       ,0.000       ,0.000       ,0.00000       ,2147479334    ,0.023           ,340.840       ,-17.000             ,0.059               ,0.000           ,25742.08398       ,0.00000               ,0.000         ,0.000         ,0.000         ,0.000         ,-0.001        
15:29:36.719540     ,0.876       ,0.000       ,18.882      ,6.400       ,6.400       ,6.545       ,-0.145      ,0.000       ,0.000          ,0.000       ,0.000       ,0.000       ,0.000       ,0.000       ,0.000       ,0.000       ,0.00000       ,2147479327    ,0.023           ,340.225       ,-16.600             ,0.058               ,0.000           ,25742.08008       ,0.00000               ,0.000         ,0.000         ,0.000         ,0.000         ,-0.001        
15:29:36.730261     ,0.876       ,0.000       ,18.882      ,6.380       ,6.380       ,6.545       ,-0.165      ,0.000       ,0.000          ,0.000       ,0.000       ,0.000       ,0.000       ,0.000       ,0.000       ,0.000       ,0.00000       ,2147479319    ,0.022           ,339.521       ,-16.400             ,0.057               ,0.000           ,25742.07812       ,0.00000               ,0.000         ,0.000         ,0.000         ,0.000         ,0.000         
15:29:36.739534     ,0.876       ,0.000       ,18.882      ,6.400       ,6.400       ,6.545       ,-0.145      ,0.000       ,0.000          ,0.000       ,0.000       ,0.000       ,0.000       ,0.000       ,0.000       ,0.000       ,0.00000       ,2147479312    ,0.022           ,338.906       ,-16.000             ,0.056               ,0.000           ,25742.07617       ,0.00000               ,0.000         ,0.000         ,0.000         ,0.000         ,0.000         
15:29:36.750222     ,0.876       ,0.000       ,18.882      ,6.400       ,6.400       ,6.545       ,-0.145      ,0.000       ,0.000          ,0.000       ,0.000       ,0.000       ,0.000       ,0.000       ,0.000       ,0.000       ,0.00000       ,2147479305    ,0.021           ,338.291       ,-16.000             ,0.056               ,0.000           ,25742.07422       ,0.00000               ,0.000         ,0.000         ,0.000         ,0.000         ,0.000         
15:29:36.761205     ,0.876       ,0.000       ,18.882      ,6.390       ,6.390       ,6.545       ,-0.155      ,0.000       ,0.000          ,0.000       ,0.000       ,0.000       ,0.000       ,0.000       ,0.000       ,0.000       ,0.00000       ,2147479298    ,0.021           ,337.676       ,-16.000             ,0.056               ,0.000           ,25742.07031       ,0.00000               ,0.000         ,0.000         ,0.000         ,0.000         ,0.000         
15:29:36.772912     ,0.883       ,0.000       ,18.882      ,6.420       ,6.420       ,6.545       ,-0.125      ,0.000       ,0.000          ,0.000       ,0.000       ,0.000       ,0.000       ,0.000       ,0.000       ,0.000       ,0.00000       ,2147479292    ,0.020           ,337.148       ,-16.000             ,0.056               ,0.000           ,25742.06836       ,0.00000               ,0.000         ,0.000         ,0.000         ,0.000         ,-0.001        
15:29:36.779455     ,0.883       ,0.000       ,18.882      ,6.420       ,6.420       ,6.545       ,-0.125      ,0.000       ,0.000          ,0.000       ,0.000       ,0.000       ,0.000       ,0.000       ,0.000       ,0.000       ,0.00000       ,2147479285    ,0.020           ,336.533       ,-16.000             ,0.056               ,0.000           ,25742.06641       ,0.00000               ,0.000         ,0.000         ,0.000         ,0.000         ,-0.001        
15:29:36.789510     ,0.883       ,0.000       ,18.882      ,6.400       ,6.400       ,6.545       ,-0.145      ,0.000       ,0.000          ,0.000       ,0.000       ,0.000       ,0.000       ,0.000       ,0.000       ,0.000       ,0.00000       ,2147479278    ,0.019           ,335.918       ,-16.000             ,0.056               ,0.000           ,25742.06445       ,0.00000               ,0.000         ,0.000         ,0.000         ,0.000         ,0.000         
15:29:36.799401     ,0.883       ,0.000       ,18.882      ,6.440       ,6.440       ,6.545       ,-0.105      ,0.000       ,0.000          ,0.000       ,0.000       ,0.000       ,0.000       ,0.000       ,0.000       ,0.000       ,0.00000       ,2147479272    ,0.019           ,335.391       ,-15.600             ,0.054               ,0.000           ,25742.06250       ,0.00000               ,0.000         ,0.000         ,0.000         ,0.000         ,0.000         
15:29:36.809522     ,0.883       ,0.000       ,18.882      ,6.400       ,6.400       ,6.545       ,-0.145      ,0.000       ,0.000          ,0.000       ,0.000       ,0.000       ,0.000       ,0.000       ,0.000       ,0.000       ,0.00000       ,2147479265    ,0.018           ,334.775       ,-15.200             ,0.053               ,0.000           ,25742.05859       ,0.00000               ,0.000         ,0.000         ,0.000         ,0.000         ,0.000         
15:29:36.819402     ,0.883       ,0.000       ,18.882      ,6.430       ,6.430       ,6.545       ,-0.115      ,0.000       ,0.000          ,0.000       ,0.000       ,0.000       ,0.000       ,0.000       ,0.000       ,0.000       ,0.00000       ,2147479259    ,0.018           ,334.248       ,-15.000             ,0.052               ,0.000           ,25742.05664       ,0.00000               ,0.000         ,0.000         ,0.000         ,0.000         ,-0.001        
15:29:36.829483     ,0.883       ,0.000       ,18.882      ,6.430       ,6.430       ,6.545       ,-0.115      ,0.000       ,0.000          ,0.000       ,0.000       ,0.000       ,0.000       ,0.000       ,0.000       ,0.000       ,0.00000       ,2147479252    ,0.017           ,333.633       ,-15.000             ,0.052               ,0.000           ,25742.05469       ,0.00000               ,0.000         ,0.000         ,0.000         ,0.000         ,0.000         
15:29:36.839781     ,0.883       ,0.000       ,18.882      ,6.430       ,6.430       ,6.545       ,-0.115      ,0.000       ,0.000          ,0.000       ,0.000       ,0.000       ,0.000       ,0.000       ,0.000       ,0.000       ,0.00000       ,2147479246    ,0.017           ,333.105       ,-15.000             ,0.052               ,0.000           ,25742.05273       ,0.00000               ,0.000         ,0.000         ,0.000         ,0.000         ,-0.001        
15:29:36.849453     ,0.883       ,0.000       ,18.882      ,6.420       ,6.420       ,6.545       ,-0.125      ,0.000       ,0.000          ,0.000       ,0.000       ,0.000       ,0.000       ,0.000       ,0.000       ,0.000       ,0.00000       ,2147479240    ,0.016           ,332.578       ,-15.000             ,0.052               ,0.000           ,25742.05078       ,0.00000               ,0.000         ,0.000         ,0.000         ,0.000         ,-0.001        
15:29:36.861326     ,0.883       ,0.000       ,18.882      ,6.430       ,6.430       ,6.545       ,-0.115      ,0.000       ,0.000          ,0.000       ,0.000       ,0.000       ,0.000       ,0.000       ,0.000       ,0.000       ,0.00000       ,2147479234    ,0.016           ,332.051       ,-14.800             ,0.052               ,0.000           ,25742.04883       ,0.00000               ,0.000         ,0.000         ,0.000         ,0.000         ,0.000         
15:29:36.873977     ,0.881       ,0.000       ,18.914      ,6.430       ,6.430       ,6.545       ,-0.115      ,0.000       ,0.000          ,0.000       ,0.000       ,0.000       ,0.000       ,0.000       ,0.000       ,0.000       ,0.00000       ,2147479228    ,0.015           ,331.523       ,-14.200             ,0.050               ,0.000           ,25742.04688       ,0.00000               ,0.000         ,0.000         ,0.000         ,0.000         ,-0.001        
15:29:36.892582     ,0.881       ,0.000       ,18.914      ,6.420       ,6.420       ,6.545       ,-0.125      ,0.000       ,0.000          ,0.000       ,0.000       ,0.000       ,0.000       ,0.000       ,0.000       ,0.000       ,0.00000       ,2147479216    ,0.014           ,330.469       ,-14.000             ,0.049               ,0.000           ,25742.04102       ,0.00000               ,0.000         ,0.000         ,0.000         ,0.000         ,0.000         
15:29:36.901560     ,0.881       ,0.000       ,18.914      ,6.420       ,6.420       ,6.545       ,-0.125      ,0.000       ,0.000          ,0.000       ,0.000       ,0.000       ,0.000       ,0.000       ,0.000       ,0.000       ,0.00000       ,2147479210    ,0.014           ,329.941       ,-14.000             ,0.049               ,0.000           ,25742.03906       ,0.00000               ,0.000         ,0.000         ,0.000         ,0.000         ,0.000         
15:29:36.909725     ,0.881       ,0.000       ,18.914      ,6.400       ,6.400       ,6.545       ,-0.145      ,0.000       ,0.000          ,0.000       ,0.000       ,0.000       ,0.000       ,0.000       ,0.000       ,0.000       ,0.00000       ,2147479204    ,0.013           ,329.414       ,-14.000             ,0.049               ,0.000           ,25742.03906       ,0.00000               ,0.000         ,0.000         ,0.000         ,0.000         ,0.000         
15:29:36.909853     ,0.881       ,0.000       ,18.914      ,6.400       ,6.400       ,6.545       ,-0.145      ,0.000       ,0.000          ,0.000       ,0.000       ,0.000       ,0.000       ,0.000       ,0.000       ,0.000       ,0.00000       ,2147479204    ,0.013           ,329.414       ,-14.000             ,0.049               ,0.000           ,25742.03906       ,0.00000               ,0.000         ,0.000         ,0.000         ,0.000         ,0.000         
15:29:36.920635     ,0.881       ,0.000       ,18.914      ,6.420       ,6.420       ,6.545       ,-0.125      ,0.000       ,0.000          ,0.000       ,0.000       ,0.000       ,0.000       ,0.000       ,0.000       ,0.000       ,0.00000       ,2147479198    ,0.013           ,328.887       ,-14.000             ,0.049               ,0.000           ,25742.03711       ,0.00000               ,0.000         ,0.000         ,0.000         ,0.000         ,0.001         
15:29:36.930997     ,0.881       ,0.000       ,18.914      ,6.400       ,6.400       ,6.545       ,-0.145      ,0.000       ,0.000          ,0.000       ,0.000       ,0.000       ,0.000       ,0.000       ,0.000       ,0.000       ,0.00000       ,2147479193    ,0.013           ,328.447       ,-13.800             ,0.048               ,0.000           ,25742.03320       ,0.00000               ,0.000         ,0.000         ,0.000         ,0.000         ,0.001         
15:29:36.939562     ,0.881       ,0.000       ,18.914      ,6.420       ,6.420       ,6.545       ,-0.125      ,0.000       ,0.000          ,0.000       ,0.000       ,0.000       ,0.000       ,0.000       ,0.000       ,0.000       ,0.00000       ,2147479187    ,0.012           ,327.920       ,-13.400             ,0.047               ,0.000           ,25742.03125       ,0.00000               ,0.000         ,0.000         ,0.000         ,0.000         ,0.001         
15:29:36.950641     ,0.881       ,0.000       ,18.914      ,6.400       ,6.400       ,6.545       ,-0.145      ,0.000       ,0.000          ,0.000       ,0.000       ,0.000       ,0.000       ,0.000       ,0.000       ,0.000       ,0.00000       ,2147479182    ,0.012           ,327.480       ,-13.000             ,0.045               ,0.000           ,25742.03125       ,0.00000               ,0.000         ,0.000         ,0.000         ,0.000         ,-0.001        
15:29:36.962625     ,0.881       ,0.000       ,18.914      ,6.420       ,6.420       ,6.545       ,-0.125      ,0.000       ,0.000          ,0.000       ,0.000       ,0.000       ,0.000       ,0.000       ,0.000       ,0.000       ,0.00000       ,2147479177    ,0.011           ,327.041       ,-13.000             ,0.045               ,0.000           ,25742.02930       ,0.00000               ,0.000         ,0.000         ,0.000         ,0.000         ,-0.001        
15:29:36.975237     ,0.879       ,0.000       ,18.882      ,6.400       ,6.400       ,6.545       ,-0.145      ,0.000       ,0.000          ,0.000       ,0.000       ,0.000       ,0.000       ,0.000       ,0.000       ,0.000       ,0.00000       ,2147479171    ,0.011           ,326.514       ,-13.000             ,0.045               ,0.000           ,25742.02734       ,0.00000               ,0.000         ,0.000         ,0.000         ,0.000         ,-0.001        
15:29:36.980863     ,0.879       ,0.000       ,18.882      ,6.430       ,6.430       ,6.545       ,-0.115      ,0.000       ,0.000          ,0.000       ,0.000       ,0.000       ,0.000       ,0.000       ,0.000       ,0.000       ,0.00000       ,2147479166    ,0.011           ,326.074       ,-13.000             ,0.045               ,0.000           ,25742.02539       ,0.00000               ,0.000         ,0.000         ,0.000         ,0.000         ,-0.001        
15:29:36.990533     ,0.879       ,0.000       ,18.882      ,6.420       ,6.420       ,6.545       ,-0.125      ,0.000       ,0.000          ,0.000       ,0.000       ,0.000       ,0.000       ,0.000       ,0.000       ,0.000       ,0.00000       ,2147479161    ,0.010           ,325.635       ,-12.800             ,0.045               ,0.000           ,25742.02344       ,0.00000               ,0.000         ,0.000         ,0.000         ,0.000         ,-0.001        
15:29:37.000666     ,0.879       ,0.000       ,18.882      ,6.440       ,6.440       ,6.545       ,-0.105      ,0.000       ,0.000          ,0.000       ,0.000       ,0.000       ,0.000       ,0.000       ,0.000       ,0.000       ,0.00000       ,2147479156    ,0.010           ,325.195       ,-12.400             ,0.043               ,0.000           ,25742.02148       ,0.00000               ,0.000         ,0.000         ,0.000         ,0.000         ,-0.003        
15:29:37.010585     ,0.879       ,0.000       ,18.882      ,6.450       ,6.450       ,6.545       ,-0.095      ,0.000       ,0.000          ,0.000       ,0.000       ,0.000       ,0.000       ,0.000       ,0.000       ,0.000       ,0.00000       ,2147479151    ,0.009           ,324.756       ,-12.000             ,0.042               ,0.000           ,25742.01953       ,0.00000               ,0.000         ,0.000         ,0.000         ,0.000         ,0.000         
15:29:37.019660     ,0.879       ,0.000       ,18.882      ,6.450       ,6.450       ,6.545       ,-0.095      ,0.000       ,0.000          ,0.000       ,0.000       ,0.000       ,0.000       ,0.000       ,0.000       ,0.000       ,0.00000       ,2147479146    ,0.009           ,324.316       ,-12.000             ,0.042               ,0.000           ,25742.01758       ,0.00000               ,0.000         ,0.000         ,0.000         ,0.000         ,0.001         
15:29:37.030710     ,0.879       ,0.000       ,18.882      ,6.440       ,6.440       ,6.545       ,-0.105      ,0.000       ,0.000          ,0.000       ,0.000       ,0.000       ,0.000       ,0.000       ,0.000       ,0.000       ,0.00000       ,2147479142    ,0.009           ,323.965       ,-12.000             ,0.042               ,0.000           ,25742.01562       ,0.00000               ,0.000         ,0.000         ,0.000         ,0.000         ,0.000         
15:29:37.040624     ,0.879       ,0.000       ,18.882      ,6.440       ,6.440       ,6.545       ,-0.105      ,0.000       ,0.000          ,0.000       ,0.000       ,0.000       ,0.000       ,0.000       ,0.000       ,0.000       ,0.00000       ,2147479137    ,0.008           ,323.525       ,-12.000             ,0.042               ,0.000           ,25742.01367       ,0.00000               ,0.000         ,0.000         ,0.000         ,0.000         ,0.000         
15:29:37.050755     ,0.879       ,0.000       ,18.882      ,6.440       ,6.440       ,6.545       ,-0.105      ,0.000       ,0.000          ,0.000       ,0.000       ,0.000       ,0.000       ,0.000       ,0.000       ,0.000       ,0.00000       ,2147479132    ,0.008           ,323.086       ,-11.600             ,0.040               ,0.000           ,25742.01367       ,0.00000               ,0.000         ,0.000         ,0.000         ,0.000         ,0.000         
15:29:37.063013     ,0.879       ,0.000       ,18.882      ,6.450       ,6.450       ,6.545       ,-0.095      ,0.000       ,0.000          ,0.000       ,0.000       ,0.000       ,0.000       ,0.000       ,0.000       ,0.000       ,0.00000       ,2147479127    ,0.008           ,322.646       ,-11.400             ,0.040               ,0.000           ,25742.01172       ,0.00000               ,0.000         ,0.000         ,0.000         ,0.000         ,0.003         
15:29:37.075616     ,0.879       ,0.000       ,18.898      ,6.440       ,6.440       ,6.545       ,-0.105      ,0.000       ,0.000          ,0.000       ,0.000       ,0.000       ,0.000       ,0.000       ,0.000       ,0.000       ,0.00000       ,2147479122    ,0.007           ,322.207       ,-11.000             ,0.038               ,0.000           ,25742.00977       ,0.00000               ,0.000         ,0.000         ,0.000         ,0.000         ,0.000         
15:29:37.081175     ,0.879       ,0.000       ,18.898      ,6.440       ,6.440       ,6.545       ,-0.105      ,0.000       ,0.000          ,0.000       ,0.000       ,0.000       ,0.000       ,0.000       ,0.000       ,0.000       ,0.00000       ,2147479118    ,0.007           ,321.855       ,-11.000             ,0.038               ,0.000           ,25742.00781       ,0.00000               ,0.000         ,0.000         ,0.000         ,0.000         ,0.000         
15:29:37.090812     ,0.879       ,0.000       ,18.898      ,6.440       ,6.440       ,6.545       ,-0.105      ,0.000       ,0.000          ,0.000       ,0.000       ,0.000       ,0.000       ,0.000       ,0.000       ,0.000       ,0.00000       ,2147479113    ,0.007           ,321.416       ,-11.000             ,0.038               ,0.000           ,25742.00586       ,0.00000               ,0.000         ,0.000         ,0.000         ,0.000         ,0.001         
15:29:37.099518     ,0.879       ,0.000       ,18.898      ,6.440       ,6.440       ,6.545       ,-0.105      ,0.000       ,0.000          ,0.000       ,0.000       ,0.000       ,0.000       ,0.000       ,0.000       ,0.000       ,0.00000       ,2147479108    ,0.006           ,320.977       ,-11.000             ,0.038               ,0.000           ,25742.00391       ,0.00000               ,0.000         ,0.000         ,0.000         ,0.000         ,-0.001        
15:29:37.109463     ,0.879       ,0.000       ,18.898      ,6.430       ,6.430       ,6.545       ,-0.115      ,0.000       ,0.000          ,0.000       ,0.000       ,0.000       ,0.000       ,0.000       ,0.000       ,0.000       ,0.00000       ,2147479103    ,0.006           ,320.537       ,-11.000             ,0.038               ,0.000           ,25742.00391       ,0.00000               ,0.000         ,0.000         ,0.000         ,0.000         ,-0.001        
15:29:37.120496     ,0.879       ,0.000       ,18.898      ,6.460       ,6.460       ,6.545       ,-0.085      ,0.000       ,0.000          ,0.000       ,0.000       ,0.000       ,0.000       ,0.000       ,0.000       ,0.000       ,0.00000       ,2147479098    ,0.005           ,320.098       ,-11.000             ,0.038               ,0.000           ,25742.00195       ,0.00000               ,0.000         ,0.000         ,0.000         ,0.000         ,-0.001        
15:29:37.129662     ,0.879       ,0.000       ,18.898      ,6.450       ,6.450       ,6.545       ,-0.095      ,0.000       ,0.000          ,0.000       ,0.000       ,0.000       ,0.000       ,0.000       ,0.000       ,0.000       ,0.00000       ,2147479093    ,0.005           ,319.658       ,-11.000             ,0.038               ,0.000           ,25742.00000       ,0.00000               ,0.000         ,0.000         ,0.000         ,0.000         ,-0.001        
15:29:37.141368     ,0.879       ,0.000       ,18.898      ,6.450       ,6.450       ,6.545       ,-0.095      ,0.000       ,0.000          ,0.000       ,0.000       ,0.000       ,0.000       ,0.000       ,0.000       ,0.000       ,0.00000       ,2147479088    ,0.005           ,319.219       ,-11.000             ,0.038               ,0.000           ,25741.99805       ,0.00000               ,0.000         ,0.000         ,0.000         ,0.000         ,0.000         
15:29:37.150273     ,0.879       ,0.000       ,18.898      ,6.440       ,6.440       ,6.545       ,-0.105      ,0.000       ,0.000          ,0.000       ,0.000       ,0.000       ,0.000       ,0.000       ,0.000       ,0.000       ,0.00000       ,2147479083    ,0.004           ,318.779       ,-11.000             ,0.038               ,0.000           ,25741.99609       ,0.00000               ,0.000         ,0.000         ,0.000         ,0.000         ,0.000         
15:29:37.162499     ,0.879       ,0.000       ,18.898      ,6.460       ,6.460       ,6.545       ,-0.085      ,0.000       ,0.000          ,0.000       ,0.000       ,0.000       ,0.000       ,0.000       ,0.000       ,0.000       ,0.00000       ,2147479078    ,0.004           ,318.340       ,-11.000             ,0.038               ,0.000           ,25741.99414       ,0.00000               ,0.000         ,0.000         ,0.000         ,0.000         ,0.000         
15:29:37.173850     ,0.876       ,0.000       ,18.898      ,6.450       ,6.450       ,6.545       ,-0.095      ,0.000       ,0.000          ,0.000       ,0.000       ,0.000       ,0.000       ,0.000       ,0.000       ,0.000       ,0.00000       ,2147479073    ,0.003           ,317.900       ,-11.000             ,0.038               ,0.000           ,25741.99219       ,0.00000               ,0.000         ,0.000         ,0.000         ,0.000         ,0.000         
15:29:37.180240     ,0.876       ,0.000       ,18.898      ,6.480       ,6.480       ,6.545       ,-0.065      ,0.000       ,0.000          ,0.000       ,0.000       ,0.000       ,0.000       ,0.000       ,0.000       ,0.000       ,0.00000       ,2147479068    ,0.003           ,317.461       ,-11.000             ,0.038               ,0.000           ,25741.99023       ,0.00000               ,0.000         ,0.000         ,0.000         ,0.000         ,0.000         
15:29:37.189730     ,0.876       ,0.000       ,18.898      ,6.460       ,6.460       ,6.545       ,-0.085      ,0.000       ,0.000          ,0.000       ,0.000       ,0.000       ,0.000       ,0.000       ,0.000       ,0.000       ,0.00000       ,2147479063    ,0.003           ,317.021       ,-11.000             ,0.038               ,0.000           ,25741.98828       ,0.00000               ,0.000         ,0.000         ,0.000         ,0.000         ,0.000         
15:29:37.200582     ,0.876       ,0.000       ,18.898      ,6.480       ,6.480       ,6.545       ,-0.065      ,0.000       ,0.000          ,0.000       ,0.000       ,0.000       ,0.000       ,0.000       ,0.000       ,0.000       ,0.00000       ,2147479058    ,0.002           ,316.582       ,-11.000             ,0.038               ,0.000           ,25741.98633       ,0.00000               ,0.000         ,0.000         ,0.000         ,0.000         ,0.000         
15:29:37.209515     ,0.876       ,0.000       ,18.898      ,6.460       ,6.460       ,6.545       ,-0.085      ,0.000       ,0.000          ,0.000       ,0.000       ,0.000       ,0.000       ,0.000       ,0.000       ,0.000       ,0.00000       ,2147479052    ,0.002           ,316.055       ,-11.000             ,0.038               ,0.000           ,25741.98633       ,0.00000               ,0.000         ,0.000         ,0.000         ,0.000         ,-0.001        
15:29:37.219523     ,0.876       ,0.000       ,18.898      ,6.460       ,6.460       ,6.545       ,-0.085      ,0.000       ,0.000          ,0.000       ,0.000       ,0.000       ,0.000       ,0.000       ,0.000       ,0.000       ,0.00000       ,2147479047    ,0.001           ,315.615       ,-11.000             ,0.038               ,0.000           ,25741.98438       ,0.00000               ,0.000         ,0.000         ,0.000         ,0.000         ,0.000         
15:29:37.229404     ,0.876       ,0.000       ,18.898      ,6.460       ,6.460       ,6.545       ,-0.085      ,0.000       ,0.000          ,0.000       ,0.000       ,0.000       ,0.000       ,0.000       ,0.000       ,0.000       ,0.00000       ,2147479042    ,0.001           ,315.176       ,-11.000             ,0.038               ,0.000           ,25741.98047       ,0.00000               ,0.000         ,0.000         ,0.000         ,0.000         ,0.000         
15:29:37.239338     ,0.876       ,0.000       ,18.898      ,6.480       ,6.480       ,6.545       ,-0.065      ,0.000       ,0.000          ,0.000       ,0.000       ,0.000       ,0.000       ,0.000       ,0.000       ,0.000       ,0.00000       ,2147479036    ,0.001           ,314.648       ,-11.000             ,0.038               ,0.000           ,25741.97852       ,0.00000               ,0.000         ,0.000         ,0.000         ,0.000         ,0.000         
15:29:37.250933     ,0.876       ,0.000       ,18.898      ,6.480       ,6.480       ,6.545       ,-0.065      ,0.000       ,0.000          ,0.000       ,0.000       ,0.000       ,0.000       ,0.000       ,0.000       ,0.000       ,0.00000       ,2147479031    ,0.000           ,314.209       ,-11.000             ,0.038               ,0.000           ,25741.97852       ,0.00000               ,0.000         ,0.000         ,0.000         ,0.000         ,-0.001        
15:29:37.259292     ,0.876       ,0.000       ,18.898      ,6.600       ,6.600       ,6.545       ,0.055       ,0.000       ,0.000          ,0.000       ,0.000       ,0.000       ,0.000       ,0.000       ,0.000       ,0.000       ,0.00000       ,2147479027    ,-0.000          ,313.857       ,-11.000             ,0.038               ,0.000           ,25741.97852       ,0.00000               ,0.000         ,0.000         ,0.000         ,0.000         ,0.001         
15:29:37.273073     ,0.881       ,0.000       ,18.898      ,6.480       ,6.480       ,6.545       ,-0.065      ,0.000       ,0.000          ,0.000       ,0.000       ,0.000       ,0.000       ,0.000       ,0.000       ,0.000       ,0.00000       ,2147479026    ,-0.000          ,313.770       ,-10.600             ,0.037               ,0.000           ,25741.97852       ,0.00000               ,0.000         ,0.000         ,0.000         ,0.000         ,-0.001        
15:29:37.279628     ,0.881       ,0.000       ,18.898      ,6.500       ,6.500       ,6.545       ,-0.045      ,0.000       ,0.000          ,0.000       ,0.000       ,0.000       ,0.000       ,0.000       ,0.000       ,0.000       ,0.00000       ,2147479026    ,-0.000          ,313.770       ,-10.200             ,0.036               ,0.000           ,25741.97852       ,0.00000               ,0.000         ,0.000         ,0.000         ,0.000         ,-0.001        
15:29:37.289474     ,0.881       ,0.000       ,18.898      ,6.510       ,6.510       ,6.545       ,-0.035      ,0.000       ,0.000          ,0.000       ,0.000       ,0.000       ,0.000       ,0.000       ,0.000       ,0.000       ,0.00000       ,2147479027    ,-0.000          ,313.857       ,-9.600              ,0.034               ,0.000           ,25741.97852       ,0.00000               ,0.000         ,0.000         ,0.000         ,0.000         ,0.000         
15:29:37.299387     ,0.881       ,0.000       ,18.898      ,6.490       ,6.490       ,6.545       ,-0.055      ,0.000       ,0.000          ,0.000       ,0.000       ,0.000       ,0.000       ,0.000       ,0.000       ,0.000       ,0.00000       ,2147479029    ,0.000           ,314.033       ,-8.800              ,0.031               ,0.000           ,25741.97852       ,0.00000               ,0.000         ,0.000         ,0.000         ,0.000         ,-0.001        
15:29:37.310991     ,0.881       ,0.000       ,18.898      ,6.490       ,6.490       ,6.545       ,-0.055      ,0.000       ,0.000          ,0.000       ,0.000       ,0.000       ,0.000       ,0.000       ,0.000       ,0.000       ,0.00000       ,2147479031    ,0.000           ,314.209       ,-7.800              ,0.027               ,0.000           ,25741.97852       ,0.00000               ,0.000         ,0.000         ,0.000         ,0.000         ,0.000         
15:29:37.319382     ,0.881       ,0.000       ,18.898      ,6.530       ,6.530       ,6.545       ,-0.015      ,0.000       ,0.000          ,0.000       ,0.000       ,0.000       ,0.000       ,0.000       ,0.000       ,0.000       ,0.00000       ,2147479032    ,0.000           ,314.297       ,-7.200              ,0.025               ,0.000           ,25741.97852       ,0.00000               ,0.000         ,0.000         ,0.000         ,0.000         ,0.000         
15:29:37.329636     ,0.881       ,0.000       ,18.898      ,6.490       ,6.490       ,6.545       ,-0.055      ,0.000       ,0.000          ,0.000       ,0.000       ,0.000       ,0.000       ,0.000       ,0.000       ,0.000       ,0.00000       ,2147479032    ,0.000           ,314.297       ,-5.800              ,0.020               ,0.000           ,25741.97852       ,0.00000               ,0.000         ,0.000         ,0.000         ,0.000         ,0.000         
15:29:37.339253     ,0.881       ,0.000       ,18.898      ,6.490       ,6.490       ,6.545       ,-0.055      ,0.000       ,0.000          ,0.000       ,0.000       ,0.000       ,0.000       ,0.000       ,0.000       ,0.000       ,0.00000       ,2147479032    ,0.000           ,314.297       ,-5.400              ,0.019               ,0.000           ,25741.97852       ,0.00000               ,0.000         ,0.000         ,0.000         ,0.000         ,-0.001        
15:29:37.349454     ,0.881       ,0.000       ,18.898      ,6.490       ,6.490       ,6.545       ,-0.055      ,0.000       ,0.000          ,0.000       ,0.000       ,0.000       ,0.000       ,0.000       ,0.000       ,0.000       ,0.00000       ,2147479032    ,0.000           ,314.297       ,-4.600              ,0.016               ,0.000           ,25741.97852       ,0.00000               ,0.000         ,0.000         ,0.000         ,0.000         ,0.000         
15:29:37.360230     ,0.881       ,0.000       ,18.898      ,6.430       ,6.430       ,6.545       ,-0.115      ,0.000       ,0.000          ,0.000       ,0.000       ,0.000       ,0.000       ,0.000       ,0.000       ,0.000       ,0.00000       ,2147479032    ,0.000           ,314.297       ,-4.400              ,0.015               ,0.000           ,25741.97852       ,0.00000               ,0.000         ,0.000         ,0.000         ,0.000         ,-0.001        
15:29:37.373138     ,0.881       ,0.000       ,18.898      ,6.440       ,6.440       ,6.545       ,-0.105      ,0.000       ,0.000          ,0.000       ,0.000       ,0.000       ,0.000       ,0.000       ,0.000       ,0.000       ,0.00000       ,2147479030    ,0.000           ,314.121       ,-4.000              ,0.014               ,0.000           ,25741.97852       ,0.00000               ,0.000         ,0.000         ,0.000         ,0.000         ,-0.001        
15:29:37.379420     ,0.881       ,0.000       ,18.898      ,6.540       ,6.540       ,6.545       ,-0.005      ,0.000       ,0.000          ,0.000       ,0.000       ,0.000       ,0.000       ,0.000       ,0.000       ,0.000       ,0.00000       ,2147479028    ,0.000           ,313.945       ,-3.600              ,0.013               ,0.000           ,25741.97852       ,0.00000               ,0.000         ,0.000         ,0.000         ,0.000         ,-0.001        
15:29:37.389332     ,0.881       ,0.000       ,18.898      ,6.480       ,6.480       ,6.545       ,-0.065      ,0.000       ,0.000          ,0.000       ,0.000       ,0.000       ,0.000       ,0.000       ,0.000       ,0.000       ,0.00000       ,2147479028    ,0.000           ,313.945       ,-3.200              ,0.011               ,0.000           ,25741.97852       ,0.00000               ,0.000         ,0.000         ,0.000         ,0.000         ,0.000         
15:29:37.399445     ,0.881       ,0.000       ,18.898      ,6.510       ,6.510       ,6.545       ,-0.035      ,0.000       ,0.000          ,0.000       ,0.000       ,0.000       ,0.000       ,0.000       ,0.000       ,0.000       ,0.00000       ,2147479029    ,0.000           ,314.033       ,-3.000              ,0.010               ,0.000           ,25741.97852       ,0.00000               ,0.000         ,0.000         ,0.000         ,0.000         ,-0.001        
15:29:37.409498     ,0.881       ,0.000       ,18.898      ,6.510       ,6.510       ,6.545       ,-0.035      ,0.000       ,0.000          ,0.000       ,0.000       ,0.000       ,0.000       ,0.000       ,0.000       ,0.000       ,0.00000       ,2147479030    ,0.000           ,314.121       ,-3.000              ,0.010               ,0.000           ,25741.97852       ,0.00000               ,0.000         ,0.000         ,0.000         ,0.000         ,-0.001        
15:29:37.420943     ,0.881       ,0.000       ,18.898      ,6.510       ,6.510       ,6.545       ,-0.035      ,0.000       ,0.000          ,0.000       ,0.000       ,0.000       ,0.000       ,0.000       ,0.000       ,0.000       ,0.00000       ,2147479031    ,0.000           ,314.209       ,-2.600              ,0.009               ,0.000           ,25741.97852       ,0.00000               ,0.000         ,0.000         ,0.000         ,0.000         ,0.001         
15:29:37.430786     ,0.881       ,0.000       ,18.898      ,6.510       ,6.510       ,6.545       ,-0.035      ,0.000       ,0.000          ,0.000       ,0.000       ,0.000       ,0.000       ,0.000       ,0.000       ,0.000       ,0.00000       ,2147479031    ,0.000           ,314.209       ,-2.200              ,0.008               ,0.000           ,25741.97852       ,0.00000               ,0.000         ,0.000         ,0.000         ,0.000         ,0.000         
15:29:37.440918     ,0.881       ,0.000       ,18.898      ,6.510       ,6.510       ,6.545       ,-0.035      ,0.000       ,0.000          ,0.000       ,0.000       ,0.000       ,0.000       ,0.000       ,0.000       ,0.000       ,0.00000       ,2147479031    ,0.000           ,314.209       ,-2.000              ,0.007               ,0.000           ,25741.97852       ,0.00000               ,0.000         ,0.000         ,0.000         ,0.000         ,-0.001        
15:29:37.449433     ,0.881       ,0.000       ,18.898      ,6.540       ,6.540       ,6.545       ,-0.005      ,0.000       ,0.000          ,0.000       ,0.000       ,0.000       ,0.000       ,0.000       ,0.000       ,0.000       ,0.00000       ,2147479030    ,0.000           ,314.121       ,-2.000              ,0.007               ,0.000           ,25741.97852       ,0.00000               ,0.000         ,0.000         ,0.000         ,0.000         ,-0.001        
15:29:37.464741     ,0.881       ,0.000       ,18.898      ,6.490       ,6.490       ,6.545       ,-0.055      ,0.000       ,0.000          ,0.000       ,0.000       ,0.000       ,0.000       ,0.000       ,0.000       ,0.000       ,0.00000       ,2147479030    ,0.000           ,314.121       ,-2.000              ,0.007               ,0.000           ,25741.97852       ,0.00000               ,0.000         ,0.000         ,0.000         ,0.000         ,-0.001        
15:29:37.473680     ,0.881       ,0.000       ,18.882      ,6.480       ,6.480       ,6.545       ,-0.065      ,0.000       ,0.000          ,0.000       ,0.000       ,0.000       ,0.000       ,0.000       ,0.000       ,0.000       ,0.00000       ,2147479030    ,0.000           ,314.121       ,-2.000              ,0.007               ,0.000           ,25741.97852       ,0.00000               ,0.000         ,0.000         ,0.000         ,0.000         ,-0.001        
15:29:37.479320     ,0.881       ,0.000       ,18.882      ,6.500       ,6.500       ,6.545       ,-0.045      ,0.000       ,0.000          ,0.000       ,0.000       ,0.000       ,0.000       ,0.000       ,0.000       ,0.000       ,0.00000       ,2147479030    ,0.000           ,314.121       ,-1.600              ,0.006               ,0.000           ,25741.97852       ,0.00000               ,0.000         ,0.000         ,0.000         ,0.000         ,-0.001        
15:29:37.489590     ,0.881       ,0.000       ,18.882      ,6.490       ,6.490       ,6.545       ,-0.055      ,0.000       ,0.000          ,0.000       ,0.000       ,0.000       ,0.000       ,0.000       ,0.000       ,0.000       ,0.00000       ,2147479030    ,0.000           ,314.121       ,-1.200              ,0.004               ,0.000           ,25741.97852       ,0.00000               ,0.000         ,0.000         ,0.000         ,0.000         ,0.001         
15:29:37.499313     ,0.881       ,0.000       ,18.882      ,6.490       ,6.490       ,6.545       ,-0.055      ,0.000       ,0.000          ,0.000       ,0.000       ,0.000       ,0.000       ,0.000       ,0.000       ,0.000       ,0.00000       ,2147479030    ,0.000           ,314.121       ,-1.000              ,0.003               ,0.000           ,25741.97852       ,0.00000               ,0.000         ,0.000         ,0.000         ,0.000         ,-0.001        
15:29:37.509469     ,0.881       ,0.000       ,18.882      ,6.490       ,6.490       ,6.545       ,-0.055      ,0.000       ,0.000          ,0.000       ,0.000       ,0.000       ,0.000       ,0.000       ,0.000       ,0.000       ,0.00000       ,2147479030    ,0.000           ,314.121       ,-1.000              ,0.003               ,0.000           ,25741.97852       ,0.00000               ,0.000         ,0.000         ,0.000         ,0.000         ,0.000         
15:29:37.519651     ,0.881       ,0.000       ,18.882      ,6.500       ,6.500       ,6.545       ,-0.045      ,0.000       ,0.000          ,0.000       ,0.000       ,0.000       ,0.000       ,0.000       ,0.000       ,0.000       ,0.00000       ,2147479030    ,0.000           ,314.121       ,-1.000              ,0.003               ,0.000           ,25741.97852       ,0.00000               ,0.000         ,0.000         ,0.000         ,0.000         ,0.000         
15:29:37.530178     ,0.881       ,0.000       ,18.882      ,6.500       ,6.500       ,6.545       ,-0.045      ,0.000       ,0.000          ,0.000       ,0.000       ,0.000       ,0.000       ,0.000       ,0.000       ,0.000       ,0.00000       ,2147479030    ,0.000           ,314.121       ,-1.000              ,0.003               ,0.000           ,25741.97852       ,0.00000               ,0.000         ,0.000         ,0.000         ,0.000         ,0.000         
15:29:37.539423     ,0.881       ,0.000       ,18.882      ,6.490       ,6.490       ,6.545       ,-0.055      ,0.000       ,0.000          ,0.000       ,0.000       ,0.000       ,0.000       ,0.000       ,0.000       ,0.000       ,0.00000       ,2147479030    ,0.000           ,314.121       ,-1.000              ,0.003               ,0.000           ,25741.97852       ,0.00000               ,0.000         ,0.000         ,0.000         ,0.000         ,0.000         
15:29:37.550224     ,0.881       ,0.000       ,18.882      ,6.480       ,6.480       ,6.545       ,-0.065      ,0.000       ,0.000          ,0.000       ,0.000       ,0.000       ,0.000       ,0.000       ,0.000       ,0.000       ,0.00000       ,2147479030    ,0.000           ,314.121       ,-1.000              ,0.003               ,0.000           ,25741.97852       ,0.00000               ,0.000         ,0.000         ,0.000         ,0.000         ,0.003         
15:29:37.561257     ,0.881       ,0.000       ,18.882      ,6.500       ,6.500       ,6.545       ,-0.045      ,0.000       ,0.000          ,0.000       ,0.000       ,0.000       ,0.000       ,0.000       ,0.000       ,0.000       ,0.00000       ,2147479030    ,0.000           ,314.121       ,-1.000              ,0.003               ,0.000           ,25741.97852       ,0.00000               ,0.000         ,0.000         ,0.000         ,0.000         ,0.000         
15:29:37.573213     ,0.878       ,0.000       ,18.849      ,6.490       ,6.490       ,6.545       ,-0.055      ,0.000       ,0.000          ,0.000       ,0.000       ,0.000       ,0.000       ,0.000       ,0.000       ,0.000       ,0.00000       ,2147479029    ,0.000           ,314.033       ,-1.000              ,0.003               ,0.000           ,25741.97852       ,0.00000               ,0.000         ,0.000         ,0.000         ,0.000         ,0.000         
15:29:37.579369     ,0.878       ,0.000       ,18.849      ,6.500       ,6.500       ,6.545       ,-0.045      ,0.000       ,0.000          ,0.000       ,0.000       ,0.000       ,0.000       ,0.000       ,0.000       ,0.000       ,0.00000       ,2147479029    ,0.000           ,314.033       ,-1.000              ,0.003               ,0.000           ,25741.97852       ,0.00000               ,0.000         ,0.000         ,0.000         ,0.000         ,0.000         
15:29:37.589418     ,0.878       ,0.000       ,18.849      ,6.490       ,6.490       ,6.545       ,-0.055      ,0.000       ,0.000          ,0.000       ,0.000       ,0.000       ,0.000       ,0.000       ,0.000       ,0.000       ,0.00000       ,2147479029    ,0.000           ,314.033       ,-1.000              ,0.003               ,0.000           ,25741.97852       ,0.00000               ,0.000         ,0.000         ,0.000         ,0.000         ,0.000         
15:29:37.600367     ,0.878       ,0.000       ,18.849      ,6.500       ,6.500       ,6.545       ,-0.045      ,0.000       ,0.000          ,0.000       ,0.000       ,0.000       ,0.000       ,0.000       ,0.000       ,0.000       ,0.00000       ,2147479030    ,0.000           ,314.121       ,-0.800              ,0.003               ,0.000           ,25741.97852       ,0.00000               ,0.000         ,0.000         ,0.000         ,0.000         ,-0.001        
15:29:37.609562     ,0.878       ,0.000       ,18.849      ,6.490       ,6.490       ,6.545       ,-0.055      ,0.000       ,0.000          ,0.000       ,0.000       ,0.000       ,0.000       ,0.000       ,0.000       ,0.000       ,0.00000       ,2147479030    ,0.000           ,314.121       ,-0.200              ,0.001               ,0.000           ,25741.97852       ,0.00000               ,0.000         ,0.000         ,0.000         ,0.000         ,0.000         
15:29:37.619332     ,0.878       ,0.000       ,18.849      ,6.500       ,6.500       ,6.545       ,-0.045      ,0.000       ,0.000          ,0.000       ,0.000       ,0.000       ,0.000       ,0.000       ,0.000       ,0.000       ,0.00000       ,2147479030    ,0.000           ,314.121       ,0.000               ,-0.000              ,0.000           ,25741.97852       ,0.00000               ,0.000         ,0.000         ,0.000         ,0.000         ,-0.001        
15:29:37.629463     ,0.878       ,0.000       ,18.849      ,6.500       ,6.500       ,6.545       ,-0.045      ,0.000       ,0.000          ,0.000       ,0.000       ,0.000       ,0.000       ,0.000       ,0.000       ,0.000       ,0.00000       ,2147479030    ,0.000           ,314.121       ,0.000               ,-0.000              ,0.000           ,25741.97852       ,0.00000               ,0.000         ,0.000         ,0.000         ,0.000         ,-0.001        
15:29:37.640547     ,0.878       ,0.000       ,18.849      ,6.500       ,6.500       ,6.545       ,-0.045      ,0.000       ,0.000          ,0.000       ,0.000       ,0.000       ,0.000       ,0.000       ,0.000       ,0.000       ,0.00000       ,2147479030    ,0.000           ,314.121       ,0.000               ,-0.000              ,0.000           ,25741.97852       ,0.00000               ,0.000         ,0.000         ,0.000         ,0.000         ,0.000         
15:29:37.650391     ,0.878       ,0.000       ,18.849      ,6.490       ,6.490       ,6.545       ,-0.055      ,0.000       ,0.000          ,0.000       ,0.000       ,0.000       ,0.000       ,0.000       ,0.000       ,0.000       ,0.00000       ,2147479030    ,0.000           ,314.121       ,0.000               ,-0.000              ,0.000           ,25741.97852       ,0.00000               ,0.000         ,0.000         ,0.000         ,0.000         ,0.000         
15:29:37.661408     ,0.878       ,0.000       ,18.849      ,6.490       ,6.490       ,6.545       ,-0.055      ,0.000       ,0.000          ,0.000       ,0.000       ,0.000       ,0.000       ,0.000       ,0.000       ,0.000       ,0.00000       ,2147479030    ,0.000           ,314.121       ,0.000               ,-0.000              ,0.000           ,25741.97852       ,0.00000               ,0.000         ,0.000         ,0.000         ,0.000         ,-0.003        
15:29:37.674971     ,0.879       ,0.000       ,18.898      ,6.480       ,6.480       ,6.545       ,-0.065      ,0.000       ,0.000          ,0.000       ,0.000       ,0.000       ,0.000       ,0.000       ,0.000       ,0.000       ,0.00000       ,2147479030    ,0.000           ,314.121       ,0.000               ,-0.000              ,0.000           ,25741.97852       ,0.00000               ,0.000         ,0.000         ,0.000         ,0.000         ,0.000         
15:29:37.680494     ,0.879       ,0.000       ,18.898      ,6.490       ,6.490       ,6.545       ,-0.055      ,0.000       ,0.000          ,0.000       ,0.000       ,0.000       ,0.000       ,0.000       ,0.000       ,0.000       ,0.00000       ,2147479030    ,0.000           ,314.121       ,0.000               ,-0.000              ,0.000           ,25741.97852       ,0.00000               ,0.000         ,0.000         ,0.000         ,0.000         ,0.000         
15:29:37.689606     ,0.879       ,0.000       ,18.898      ,6.490       ,6.490       ,6.545       ,-0.055      ,0.000       ,0.000          ,0.000       ,0.000       ,0.000       ,0.000       ,0.000       ,0.000       ,0.000       ,0.00000       ,2147479030    ,0.000           ,314.121       ,0.000               ,-0.000              ,0.000           ,25741.97852       ,0.00000               ,0.000         ,0.000         ,0.000         ,0.000         ,-0.001        
15:29:37.699395     ,0.879       ,0.000       ,18.898      ,6.500       ,6.500       ,6.545       ,-0.045      ,0.000       ,0.000          ,0.000       ,0.000       ,0.000       ,0.000       ,0.000       ,0.000       ,0.000       ,0.00000       ,2147479030    ,0.000           ,314.121       ,0.000               ,-0.000              ,0.000           ,25741.97852       ,0.00000               ,0.000         ,0.000         ,0.000         ,0.000         ,-0.005        
15:29:37.709525     ,0.879       ,0.000       ,18.898      ,6.490       ,6.490       ,6.545       ,-0.055      ,0.000       ,0.000          ,0.000       ,0.000       ,0.000       ,0.000       ,0.000       ,0.000       ,0.000       ,0.00000       ,2147479030    ,0.000           ,314.121       ,0.000               ,-0.000              ,0.000           ,25741.97852       ,0.00000               ,0.000         ,0.000         ,0.000         ,0.000         ,-0.001        
15:29:37.719514     ,0.879       ,0.000       ,18.898      ,6.480       ,6.480       ,6.545       ,-0.065      ,0.000       ,0.000          ,0.000       ,0.000       ,0.000       ,0.000       ,0.000       ,0.000       ,0.000       ,0.00000       ,2147479030    ,0.000           ,314.121       ,0.000               ,-0.000              ,0.000           ,25741.97852       ,0.00000               ,0.000         ,0.000         ,0.000         ,0.000         ,0.000         
15:29:37.730121     ,0.879       ,0.000       ,18.898      ,6.460       ,6.460       ,6.545       ,-0.085      ,0.000       ,0.000          ,0.000       ,0.000       ,0.000       ,0.000       ,0.000       ,0.000       ,0.000       ,0.00000       ,2147479030    ,0.000           ,314.121       ,0.000               ,-0.000              ,0.000           ,25741.97852       ,0.00000               ,0.000         ,0.000         ,0.000         ,0.000         ,0.000         
15:29:37.739741     ,0.879       ,0.000       ,18.898      ,6.500       ,6.500       ,6.545       ,-0.045      ,0.000       ,0.000          ,0.000       ,0.000       ,0.000       ,0.000       ,0.000       ,0.000       ,0.000       ,0.00000       ,2147479030    ,0.000           ,314.121       ,0.000               ,-0.000              ,0.000           ,25741.97852       ,0.00000               ,0.000         ,0.000         ,0.000         ,0.000         ,0.000         
15:29:37.749393     ,0.879       ,0.000       ,18.898      ,6.490       ,6.490       ,6.545       ,-0.055      ,0.000       ,0.000          ,0.000       ,0.000       ,0.000       ,0.000       ,0.000       ,0.000       ,0.000       ,0.00000       ,2147479030    ,0.000           ,314.121       ,0.000               ,-0.000              ,0.000           ,25741.97852       ,0.00000               ,0.000         ,0.000         ,0.000         ,0.000         ,-0.001        
15:29:37.760155     ,0.879       ,0.000       ,18.898      ,6.500       ,6.500       ,6.545       ,-0.045      ,0.000       ,0.000          ,0.000       ,0.000       ,0.000       ,0.000       ,0.000       ,0.000       ,0.000       ,0.00000       ,2147479030    ,0.000           ,314.121       ,0.000               ,-0.000              ,0.000           ,25741.97852       ,0.00000               ,0.000         ,0.000         ,0.000         ,0.000         ,0.000         
15:29:37.773813     ,0.878       ,0.000       ,18.882      ,6.490       ,6.490       ,6.545       ,-0.055      ,0.000       ,0.000          ,0.000       ,0.000       ,0.000       ,0.000       ,0.000       ,0.000       ,0.000       ,0.00000       ,2147479030    ,0.000           ,314.121       ,0.000               ,-0.000              ,0.000           ,25741.97852       ,0.00000               ,0.000         ,0.000         ,0.000         ,0.000         ,0.000         
15:29:37.779589     ,0.878       ,0.000       ,18.882      ,6.500       ,6.500       ,6.545       ,-0.045      ,0.000       ,0.000          ,0.000       ,0.000       ,0.000       ,0.000       ,0.000       ,0.000       ,0.000       ,0.00000       ,2147479030    ,0.000           ,314.121       ,0.000               ,-0.000              ,0.000           ,25741.97852       ,0.00000               ,0.000         ,0.000         ,0.000         ,0.000         ,0.000         
15:29:37.791167     ,0.878       ,0.000       ,18.882      ,6.500       ,6.500       ,6.545       ,-0.045      ,0.000       ,0.000          ,0.000       ,0.000       ,0.000       ,0.000       ,0.000       ,0.000       ,0.000       ,0.00000       ,2147479030    ,0.000           ,314.121       ,0.000               ,-0.000              ,0.000           ,25741.97852       ,0.00000               ,0.000         ,0.000         ,0.000         ,0.000         ,0.000         
15:29:37.799536     ,0.878       ,0.000       ,18.882      ,6.490       ,6.490       ,6.545       ,-0.055      ,0.000       ,0.000          ,0.000       ,0.000       ,0.000       ,0.000       ,0.000       ,0.000       ,0.000       ,0.00000       ,2147479030    ,0.000           ,314.121       ,0.000               ,-0.000              ,0.000           ,25741.97852       ,0.00000               ,0.000         ,0.000         ,0.000         ,0.000         ,0.000         
15:29:37.809500     ,0.878       ,0.000       ,18.882      ,6.490       ,6.490       ,6.545       ,-0.055      ,0.000       ,0.000          ,0.000       ,0.000       ,0.000       ,0.000       ,0.000       ,0.000       ,0.000       ,0.00000       ,2147479030    ,0.000           ,314.121       ,0.000               ,-0.000              ,0.000           ,25741.97852       ,0.00000               ,0.000         ,0.000         ,0.000         ,0.000         ,-0.004        
15:29:37.819596     ,0.878       ,0.000       ,18.882      ,6.490       ,6.490       ,6.545       ,-0.055      ,0.000       ,0.000          ,0.000       ,0.000       ,0.000       ,0.000       ,0.000       ,0.000       ,0.000       ,0.00000       ,2147479030    ,0.000           ,314.121       ,0.000               ,-0.000              ,0.000           ,25741.97852       ,0.00000               ,0.000         ,0.000         ,0.000         ,0.000         ,0.000         
15:29:37.829418     ,0.878       ,0.000       ,18.882      ,6.480       ,6.480       ,6.545       ,-0.065      ,0.000       ,0.000          ,0.000       ,0.000       ,0.000       ,0.000       ,0.000       ,0.000       ,0.000       ,0.00000       ,2147479030    ,0.000           ,314.121       ,0.000               ,-0.000              ,0.000           ,25741.97852       ,0.00000               ,0.000         ,0.000         ,0.000         ,0.000         ,-0.003        
15:29:37.841330     ,0.878       ,0.000       ,18.882      ,6.490       ,6.490       ,6.545       ,-0.055      ,0.000       ,0.000          ,0.000       ,0.000       ,0.000       ,0.000       ,0.000       ,0.000       ,0.000       ,0.00000       ,2147479030    ,0.000           ,314.121       ,0.000               ,-0.000              ,0.000           ,25741.97852       ,0.00000               ,0.000         ,0.000         ,0.000         ,0.000         ,-0.003        
15:29:37.849446     ,0.878       ,0.000       ,18.882      ,6.490       ,6.490       ,6.545       ,-0.055      ,0.000       ,0.000          ,0.000       ,0.000       ,0.000       ,0.000       ,0.000       ,0.000       ,0.000       ,0.00000       ,2147479030    ,0.000           ,314.121       ,0.000               ,-0.000              ,0.000           ,25741.97852       ,0.00000               ,0.000         ,0.000         ,0.000         ,0.000         ,-0.001        
15:29:37.862459     ,0.878       ,0.000       ,18.882      ,6.500       ,6.500       ,6.545       ,-0.045      ,0.000       ,0.000          ,0.000       ,0.000       ,0.000       ,0.000       ,0.000       ,0.000       ,0.000       ,0.00000       ,2147479030    ,0.000           ,314.121       ,0.000               ,-0.000              ,0.000           ,25741.97852       ,0.00000               ,0.000         ,0.000         ,0.000         ,0.000         ,0.000         
15:29:37.873841     ,0.879       ,0.000       ,18.914      ,6.490       ,6.490       ,6.545       ,-0.055      ,0.000       ,0.000          ,0.000       ,0.000       ,0.000       ,0.000       ,0.000       ,0.000       ,0.000       ,0.00000       ,2147479030    ,0.000           ,314.121       ,0.000               ,-0.000              ,0.000           ,25741.97852       ,0.00000               ,0.000         ,0.000         ,0.000         ,0.000         ,-0.001        
15:29:37.879580     ,0.879       ,0.000       ,18.914      ,6.500       ,6.500       ,6.545       ,-0.045      ,0.000       ,0.000          ,0.000       ,0.000       ,0.000       ,0.000       ,0.000       ,0.000       ,0.000       ,0.00000       ,2147479030    ,0.000           ,314.121       ,0.000               ,-0.000              ,0.000           ,25741.97852       ,0.00000               ,0.000         ,0.000         ,0.000         ,0.000         ,-0.001        
15:29:37.889340     ,0.879       ,0.000       ,18.914      ,6.500       ,6.500       ,6.545       ,-0.045      ,0.000       ,0.000          ,0.000       ,0.000       ,0.000       ,0.000       ,0.000       ,0.000       ,0.000       ,0.00000       ,2147479030    ,0.000           ,314.121       ,0.000               ,-0.000              ,0.000           ,25741.97852       ,0.00000               ,0.000         ,0.000         ,0.000         ,0.000         ,-0.001        
15:29:37.899762     ,0.879       ,0.000       ,18.914      ,6.510       ,6.510       ,6.545       ,-0.035      ,0.000       ,0.000          ,0.000       ,0.000       ,0.000       ,0.000       ,0.000       ,0.000       ,0.000       ,0.00000       ,2147479030    ,0.000           ,314.121       ,0.000               ,-0.000              ,0.000           ,25741.97852       ,0.00000               ,0.000         ,0.000         ,0.000         ,0.000         ,-0.001        
