Time                ,Current(A)  ,TargetCurrent(A),Voltage(V)  ,Pressure(kg),F0(kg)      ,DeltaF      ,RopeLength(m) ,EncoderValue  ,EncoderAngle(deg),MotorSpeed(rpm),MotorLinearVel(m/s) ,MotorTheoryVel(m/s) ,MotorPosition(m),RopeVelocityRaw(m/s),RopeVelocityFiltered(m/s)
19:35:01.582476     ,0.049       ,0.000       ,0.853       ,5.200       ,0.000       ,0.000       ,0.00023       ,1350          ,118.652         ,31.000        ,-0.108              ,0.000               ,-3780.224       ,0.00000           ,0.00000               
19:35:01.602388     ,0.051       ,0.000       ,0.853       ,5.200       ,0.000       ,0.000       ,0.00023       ,1350          ,118.652         ,30.600        ,-0.107              ,0.000               ,-3780.215       ,0.00000           ,0.00000               
19:35:01.622509     ,0.051       ,0.000       ,0.853       ,5.200       ,0.000       ,0.000       ,0.00023       ,1350          ,118.652         ,30.200        ,-0.105              ,0.000               ,-3780.205       ,0.00000           ,0.00000               
19:35:01.642513     ,0.051       ,0.000       ,0.885       ,5.200       ,0.000       ,0.000       ,0.00023       ,1350          ,118.652         ,29.600        ,-0.103              ,0.000               ,-3780.196       ,0.00000           ,0.00000               
19:35:01.662623     ,0.049       ,0.000       ,0.885       ,5.200       ,0.000       ,0.000       ,0.00023       ,1350          ,118.652         ,29.200        ,-0.102              ,0.000               ,-3780.187       ,0.00000           ,0.00000               
19:35:01.682453     ,0.049       ,0.000       ,0.820       ,5.200       ,0.000       ,0.000       ,0.00023       ,1350          ,118.652         ,28.600        ,-0.100              ,0.000               ,-3780.179       ,0.00000           ,0.00000               
19:35:01.702382     ,0.049       ,0.000       ,0.836       ,5.200       ,0.000       ,0.000       ,0.00023       ,1350          ,118.652         ,28.200        ,-0.098              ,0.000               ,-3780.168       ,0.00000           ,0.00000               
19:35:01.722558     ,0.049       ,0.000       ,0.836       ,5.200       ,0.000       ,0.000       ,0.00023       ,1350          ,118.652         ,28.400        ,-0.099              ,0.000               ,-3780.155       ,0.00000           ,0.00000               
19:35:01.742553     ,0.049       ,0.000       ,0.885       ,5.200       ,0.000       ,0.000       ,0.00023       ,1350          ,118.652         ,29.600        ,-0.103              ,0.000               ,-3780.143       ,0.00000           ,0.00000               
19:35:01.762532     ,0.049       ,0.000       ,0.885       ,5.200       ,0.000       ,0.000       ,0.00023       ,1350          ,118.652         ,31.000        ,-0.108              ,0.000               ,-3780.133       ,0.00000           ,0.00000               
19:35:01.782427     ,0.049       ,0.000       ,0.885       ,5.200       ,0.000       ,0.000       ,0.00023       ,1350          ,118.652         ,31.400        ,-0.110              ,0.000               ,-3780.123       ,0.00000           ,0.00000               
19:35:01.802439     ,0.049       ,0.000       ,0.869       ,5.200       ,0.000       ,0.000       ,0.00023       ,1350          ,118.652         ,31.200        ,-0.109              ,0.000               ,-3780.112       ,0.00000           ,0.00000               
19:35:01.822364     ,0.051       ,0.000       ,0.836       ,5.200       ,0.000       ,0.000       ,0.00023       ,1350          ,118.652         ,31.000        ,-0.108              ,0.000               ,-3780.102       ,0.00000           ,0.00000               
19:35:01.842493     ,0.051       ,0.000       ,0.836       ,5.200       ,0.000       ,0.000       ,0.00023       ,1350          ,118.652         ,31.000        ,-0.108              ,0.000               ,-3780.092       ,0.00000           ,0.00000               
19:35:01.862496     ,0.051       ,0.000       ,0.836       ,5.200       ,0.000       ,0.000       ,0.00023       ,1350          ,118.652         ,31.000        ,-0.108              ,0.000               ,-3780.082       ,0.00000           ,0.00000               
19:35:01.882470     ,0.051       ,0.000       ,0.885       ,5.200       ,0.000       ,0.000       ,0.00023       ,1350          ,118.652         ,31.000        ,-0.108              ,0.000               ,-3780.073       ,0.00000           ,0.00000               
19:35:01.902491     ,0.049       ,0.000       ,0.885       ,5.200       ,0.000       ,0.000       ,0.00023       ,1350          ,118.652         ,30.600        ,-0.107              ,0.000               ,-3780.064       ,0.00000           ,0.00000               
19:35:01.922375     ,0.049       ,0.000       ,0.853       ,5.200       ,0.000       ,0.000       ,0.00023       ,1350          ,118.652         ,29.800        ,-0.104              ,0.000               ,-3780.056       ,0.00000           ,0.00000               
19:35:01.942359     ,0.051       ,0.000       ,0.836       ,5.200       ,0.000       ,0.000       ,0.00023       ,1350          ,118.652         ,29.200        ,-0.102              ,0.000               ,-3780.045       ,0.00000           ,0.00000               
19:35:01.962505     ,0.051       ,0.000       ,0.836       ,5.200       ,0.000       ,0.000       ,0.00023       ,1350          ,118.652         ,29.200        ,-0.102              ,0.000               ,-3780.032       ,0.00000           ,0.00000               
19:35:01.983051     ,0.051       ,0.000       ,0.836       ,5.200       ,0.000       ,0.000       ,0.00023       ,1350          ,118.652         ,29.800        ,-0.104              ,0.000               ,-3780.021       ,0.00000           ,0.00000               
19:35:02.003587     ,0.049       ,0.000       ,0.853       ,5.200       ,0.000       ,0.000       ,0.00023       ,1350          ,118.652         ,30.400        ,-0.106              ,0.000               ,-3780.012       ,0.00000           ,0.00000               
19:35:02.024305     ,0.049       ,0.000       ,0.853       ,5.200       ,0.000       ,0.000       ,0.00023       ,1350          ,118.652         ,30.200        ,-0.105              ,0.000               ,-3780.003       ,0.00000           ,0.00000               
19:35:02.044794     ,0.049       ,0.000       ,0.885       ,5.200       ,0.000       ,0.000       ,0.00023       ,1350          ,118.652         ,29.600        ,-0.103              ,0.000               ,-3779.992       ,0.00000           ,0.00000               
19:35:02.065317     ,0.049       ,0.000       ,0.836       ,5.200       ,0.000       ,0.000       ,0.00023       ,1350          ,118.652         ,29.800        ,-0.104              ,0.000               ,-3779.977       ,0.00000           ,0.00000               
19:35:02.084855     ,0.049       ,0.000       ,0.836       ,5.200       ,0.000       ,0.000       ,0.00023       ,1350          ,118.652         ,30.600        ,-0.107              ,0.000               ,-3779.970       ,0.00000           ,0.00000               
19:35:02.105389     ,0.047       ,0.000       ,0.836       ,5.200       ,0.000       ,0.000       ,0.00023       ,1350          ,118.652         ,30.800        ,-0.108              ,0.000               ,-3779.958       ,0.00000           ,0.00000               
19:35:02.124818     ,0.051       ,0.000       ,0.853       ,5.200       ,0.000       ,0.000       ,0.00023       ,1350          ,118.652         ,30.400        ,-0.106              ,0.000               ,-3779.950       ,0.00000           ,0.00000               
19:35:02.145599     ,0.051       ,0.000       ,0.853       ,5.200       ,0.000       ,0.000       ,0.00023       ,1350          ,118.652         ,29.800        ,-0.104              ,0.000               ,-3779.942       ,0.00000           ,0.00000               
19:35:02.166321     ,0.049       ,0.000       ,0.869       ,5.200       ,0.000       ,0.000       ,0.00023       ,1350          ,118.652         ,29.200        ,-0.102              ,0.000               ,-3779.932       ,0.00000           ,0.00000               
19:35:02.187285     ,0.049       ,0.000       ,0.885       ,5.200       ,0.000       ,0.000       ,0.00023       ,1350          ,118.652         ,28.400        ,-0.099              ,0.000               ,-3779.922       ,0.00000           ,0.00000               
19:35:02.207959     ,0.049       ,0.000       ,0.885       ,5.200       ,0.000       ,0.000       ,0.00023       ,1350          ,118.652         ,28.200        ,-0.098              ,0.000               ,-3779.910       ,0.00000           ,0.00000               
19:35:02.228362     ,0.049       ,0.000       ,0.869       ,5.200       ,0.000       ,0.000       ,0.00023       ,1350          ,118.652         ,28.800        ,-0.101              ,0.000               ,-3779.899       ,0.00000           ,0.00000               
19:35:02.248973     ,0.051       ,0.000       ,0.869       ,5.200       ,0.000       ,0.000       ,0.00023       ,1350          ,118.652         ,29.600        ,-0.103              ,0.000               ,-3779.889       ,0.00000           ,0.00000               
19:35:02.269684     ,0.051       ,0.000       ,0.869       ,5.200       ,0.000       ,0.000       ,0.00023       ,1350          ,118.652         ,30.000        ,-0.105              ,0.000               ,-3779.879       ,0.00000           ,0.00000               
19:35:02.290259     ,0.051       ,0.000       ,0.836       ,5.200       ,0.000       ,0.000       ,0.00023       ,1350          ,118.652         ,30.200        ,-0.105              ,0.000               ,-3779.868       ,0.00000           ,0.00000               
19:35:02.309934     ,0.049       ,0.000       ,0.853       ,5.200       ,0.000       ,0.000       ,0.00023       ,1350          ,118.652         ,30.600        ,-0.107              ,0.000               ,-3779.856       ,0.00000           ,0.00000               
19:35:02.331636     ,0.049       ,0.000       ,0.853       ,5.200       ,0.000       ,0.000       ,0.00023       ,1350          ,118.652         ,31.000        ,-0.108              ,0.000               ,-3779.846       ,0.00000           ,0.00000               
19:35:02.342441     ,0.051       ,0.000       ,0.853       ,5.200       ,0.000       ,0.000       ,0.00023       ,1350          ,118.652         ,31.000        ,-0.108              ,0.000               ,-3779.842       ,0.00000           ,0.00000               
19:35:02.362595     ,0.049       ,0.000       ,0.836       ,5.200       ,0.000       ,0.000       ,0.00023       ,1350          ,118.652         ,31.000        ,-0.108              ,0.000               ,-3779.832       ,0.00000           ,0.00000               
19:35:02.382537     ,0.049       ,0.000       ,0.836       ,5.200       ,0.000       ,0.000       ,0.00023       ,1350          ,118.652         ,31.000        ,-0.108              ,0.000               ,-3779.823       ,0.00000           ,0.00000               
19:35:02.402521     ,0.051       ,0.000       ,0.836       ,5.200       ,0.000       ,0.000       ,0.00023       ,1350          ,118.652         ,30.600        ,-0.107              ,0.000               ,-3779.813       ,0.00000           ,0.00000               
19:35:02.422510     ,0.049       ,0.000       ,0.836       ,5.200       ,0.000       ,0.000       ,0.00023       ,1350          ,118.652         ,30.200        ,-0.105              ,0.000               ,-3779.804       ,0.00000           ,0.00000               
19:35:02.442484     ,0.049       ,0.000       ,0.885       ,5.200       ,0.000       ,0.000       ,0.00023       ,1350          ,118.652         ,29.600        ,-0.103              ,0.000               ,-3779.794       ,0.00000           ,0.00000               
19:35:02.462598     ,0.535       ,0.000       ,23.974      ,5.200       ,0.000       ,0.000       ,0.00023       ,1350          ,118.652         ,28.800        ,-0.101              ,0.000               ,-3779.793       ,0.00000           ,0.00000               
19:35:02.482548     ,0.514       ,0.000       ,23.974      ,5.200       ,0.000       ,0.000       ,0.00046       ,1353          ,118.916         ,26.600        ,-0.093              ,0.000               ,-3779.792       ,0.00000           ,0.00000               
19:35:02.502611     ,0.514       ,0.000       ,10.465      ,5.200       ,0.000       ,0.000       ,0.00084       ,1358          ,119.355         ,23.200        ,-0.081              ,0.000               ,-3779.790       ,0.00000           ,0.00000               
19:35:02.522521     ,0.512       ,0.000       ,10.661      ,5.200       ,0.000       ,0.000       ,0.00130       ,1364          ,119.883         ,20.000        ,-0.070              ,0.000               ,-3779.787       ,0.00000           ,0.00000               
19:35:02.542433     ,0.510       ,0.000       ,10.661      ,4.980       ,0.000       ,0.000       ,0.00207       ,1374          ,120.762         ,17.600        ,-0.061              ,0.000               ,-3779.784       ,0.00000           ,0.00000               
19:35:02.562458     ,0.510       ,0.000       ,10.514      ,4.980       ,0.000       ,0.000       ,0.00299       ,1386          ,121.816         ,16.000        ,-0.056              ,0.000               ,-3779.779       ,0.00000           ,0.00000               
19:35:02.582536     ,0.506       ,0.000       ,10.481      ,4.980       ,0.000       ,0.000       ,0.00422       ,1402          ,123.223         ,15.200        ,-0.053              ,0.000               ,-3779.773       ,0.00000           ,0.00000               
19:35:02.602539     ,0.510       ,0.000       ,10.481      ,4.980       ,0.000       ,0.000       ,0.00575       ,1422          ,124.980         ,15.400        ,-0.054              ,0.000               ,-3779.766       ,0.00000           ,0.00000               
19:35:02.622476     ,0.510       ,0.000       ,10.481      ,4.980       ,0.000       ,0.000       ,0.00752       ,1445          ,127.002         ,16.200        ,-0.057              ,0.000               ,-3779.758       ,0.00000           ,0.00000               
19:35:02.642437     ,0.510       ,0.000       ,10.465      ,4.800       ,0.000       ,0.000       ,0.00959       ,1472          ,129.375         ,17.600        ,-0.061              ,0.000               ,-3779.748       ,0.00000           ,0.00000               
19:35:02.662446     ,0.512       ,0.000       ,10.465      ,4.800       ,0.000       ,0.000       ,0.01204       ,1504          ,132.188         ,19.400        ,-0.068              ,0.000               ,-3779.737       ,0.00000           ,0.00000               
19:35:02.682435     ,0.512       ,0.000       ,10.465      ,4.800       ,0.000       ,0.000       ,0.01465       ,1538          ,135.176         ,21.400        ,-0.075              ,0.000               ,-3779.725       ,0.00000           ,0.00000               
19:35:02.702549     ,0.510       ,0.000       ,10.416      ,4.800       ,0.000       ,0.000       ,0.01764       ,1577          ,138.604         ,23.800        ,-0.083              ,0.000               ,-3779.712       ,0.00000           ,0.00000               
19:35:02.722486     ,0.512       ,0.000       ,10.416      ,4.800       ,0.000       ,0.000       ,0.02079       ,1618          ,142.207         ,26.600        ,-0.093              ,0.000               ,-3779.698       ,0.00000           ,0.00000               
19:35:02.742515     ,0.512       ,0.000       ,10.432      ,4.850       ,0.000       ,0.000       ,0.02408       ,1661          ,145.986         ,29.600        ,-0.103              ,0.000               ,-3779.683       ,0.00000           ,0.00000               
19:35:02.762484     ,0.512       ,0.000       ,10.416      ,4.850       ,0.000       ,0.000       ,0.02761       ,1707          ,150.029         ,32.200        ,-0.112              ,0.000               ,-3779.667       ,0.00000           ,0.00000               
19:35:02.782387     ,0.512       ,0.000       ,10.416      ,4.850       ,0.000       ,0.000       ,0.03122       ,1754          ,154.160         ,34.200        ,-0.119              ,0.000               ,-3779.650       ,0.00000           ,0.00000               
19:35:02.802669     ,0.512       ,0.000       ,10.432      ,4.850       ,0.000       ,0.000       ,0.03497       ,1803          ,158.467         ,36.200        ,-0.126              ,0.000               ,-3779.633       ,0.00000           ,0.00000               
19:35:02.823175     ,0.510       ,0.000       ,10.416      ,4.850       ,0.000       ,0.000       ,0.03873       ,1852          ,162.773         ,38.800        ,-0.135              ,0.000               ,-3779.615       ,0.00000           ,0.00000               
19:35:02.843837     ,0.510       ,0.000       ,10.416      ,5.060       ,0.000       ,0.000       ,0.04249       ,1901          ,167.080         ,41.000        ,-0.143              ,0.000               ,-3779.598       ,0.00000           ,0.00000               
19:35:02.864434     ,0.506       ,0.000       ,10.432      ,5.060       ,0.000       ,0.000       ,0.04633       ,1951          ,171.475         ,43.000        ,-0.150              ,0.000               ,-3779.574       ,0.00000           ,0.00000               
19:35:02.884917     ,0.508       ,0.000       ,10.465      ,5.060       ,0.000       ,0.000       ,0.05008       ,2000          ,175.781         ,44.400        ,-0.155              ,0.000               ,-3779.558       ,0.00000           ,0.00000               
19:35:02.905592     ,0.508       ,0.000       ,10.465      ,5.060       ,0.000       ,0.000       ,0.05369       ,2047          ,179.912         ,45.600        ,-0.159              ,0.000               ,-3779.542       ,0.00000           ,0.00000               
19:35:02.926175     ,0.510       ,0.000       ,10.416      ,5.060       ,0.000       ,0.000       ,0.05714       ,2092          ,183.867         ,46.000        ,-0.161              ,0.000               ,-3779.527       ,0.00000           ,0.00000               
19:35:02.945858     ,0.508       ,0.000       ,10.416      ,5.320       ,0.000       ,0.000       ,0.06036       ,2134          ,187.559         ,46.000        ,-0.161              ,0.000               ,-3779.513       ,0.00000           ,0.00000               
19:35:02.966501     ,0.508       ,0.000       ,10.416      ,5.320       ,0.000       ,0.000       ,0.06343       ,2174          ,191.074         ,45.800        ,-0.160              ,0.000               ,-3779.500       ,0.00000           ,0.00000               
19:35:02.987077     ,0.512       ,0.000       ,10.448      ,5.320       ,0.000       ,0.000       ,0.06619       ,2210          ,194.238         ,45.200        ,-0.158              ,0.000               ,-3779.488       ,0.00000           ,0.00000               
19:35:03.007697     ,0.512       ,0.000       ,10.399      ,5.320       ,0.000       ,0.000       ,0.06872       ,2243          ,197.139         ,44.000        ,-0.154              ,0.000               ,-3779.478       ,0.00000           ,0.00000               
19:35:03.028550     ,0.512       ,0.000       ,10.399      ,5.320       ,0.000       ,0.000       ,0.07102       ,2273          ,199.775         ,42.400        ,-0.148              ,0.000               ,-3779.469       ,0.00000           ,0.00000               
19:35:03.048111     ,0.508       ,0.000       ,10.432      ,5.530       ,0.000       ,0.000       ,0.07294       ,2298          ,201.973         ,40.200        ,-0.140              ,0.000               ,-3779.460       ,0.00000           ,0.00000               
19:35:03.068675     ,0.510       ,0.000       ,10.432      ,5.530       ,0.000       ,0.000       ,0.07463       ,2320          ,203.906         ,37.800        ,-0.132              ,0.000               ,-3779.453       ,0.00000           ,0.00000               
19:35:03.089123     ,0.510       ,0.000       ,10.432      ,5.530       ,0.000       ,0.000       ,0.07616       ,2340          ,205.664         ,35.200        ,-0.123              ,0.000               ,-3779.447       ,0.00000           ,0.00000               
19:35:03.109805     ,0.512       ,0.000       ,10.448      ,5.530       ,0.000       ,0.000       ,0.07739       ,2356          ,207.070         ,32.600        ,-0.114              ,0.000               ,-3779.442       ,0.00000           ,0.00000               
19:35:03.130693     ,0.510       ,0.000       ,10.432      ,5.530       ,0.000       ,0.000       ,0.07854       ,2371          ,208.389         ,29.800        ,-0.104              ,0.000               ,-3779.437       ,0.00000           ,0.00000               
19:35:03.142498     ,0.510       ,0.000       ,10.432      ,5.430       ,0.000       ,0.000       ,0.07954       ,2384          ,209.531         ,27.800        ,-0.097              ,0.000               ,-3779.435       ,0.00000           ,0.00000               
19:35:03.162461     ,0.506       ,0.000       ,10.432      ,5.430       ,0.000       ,0.000       ,0.08046       ,2396          ,210.586         ,25.800        ,-0.090              ,0.000               ,-3779.430       ,0.00000           ,0.00000               
19:35:03.182447     ,0.512       ,0.000       ,10.448      ,5.430       ,0.000       ,0.000       ,0.08138       ,2408          ,211.641         ,23.800        ,-0.083              ,0.000               ,-3779.427       ,0.00000           ,0.00000               
19:35:03.202449     ,0.512       ,0.000       ,10.448      ,5.430       ,0.000       ,0.000       ,0.08222       ,2419          ,212.607         ,21.600        ,-0.075              ,0.000               ,-3779.422       ,0.00000           ,0.00000               
19:35:03.222528     ,0.512       ,0.000       ,10.399      ,5.430       ,0.000       ,0.000       ,0.08322       ,2432          ,213.750         ,20.000        ,-0.070              ,0.000               ,-3779.417       ,0.00000           ,0.00000               
19:35:03.242500     ,0.512       ,0.000       ,10.416      ,5.150       ,0.000       ,0.000       ,0.08422       ,2445          ,214.893         ,18.800        ,-0.066              ,0.000               ,-3779.413       ,0.00000           ,0.00000               
19:35:03.262493     ,0.512       ,0.000       ,10.416      ,5.150       ,0.000       ,0.000       ,0.08544       ,2461          ,216.299         ,17.800        ,-0.062              ,0.000               ,-3779.407       ,0.00000           ,0.00000               
19:35:03.282519     ,0.508       ,0.000       ,10.399      ,5.150       ,0.000       ,0.000       ,0.08675       ,2478          ,217.793         ,17.200        ,-0.060              ,0.000               ,-3779.401       ,0.00000           ,0.00000               
19:35:03.302440     ,0.506       ,0.000       ,10.399      ,5.150       ,0.000       ,0.000       ,0.08820       ,2497          ,219.463         ,17.400        ,-0.061              ,0.000               ,-3779.394       ,0.00000           ,0.00000               
19:35:03.322463     ,0.506       ,0.000       ,10.399      ,5.150       ,0.000       ,0.000       ,0.08989       ,2519          ,221.396         ,17.800        ,-0.062              ,0.000               ,-3779.386       ,0.00000           ,0.00000               
19:35:03.342566     ,0.512       ,0.000       ,10.448      ,4.960       ,0.000       ,0.000       ,0.09173       ,2543          ,223.506         ,18.400        ,-0.064              ,0.000               ,-3779.378       ,0.00000           ,0.00000               
19:35:03.362482     ,0.512       ,0.000       ,10.448      ,4.960       ,0.000       ,0.000       ,0.09380       ,2570          ,225.879         ,19.600        ,-0.068              ,0.000               ,-3779.368       ,0.00000           ,0.00000               
19:35:03.382480     ,0.512       ,0.000       ,10.448      ,4.960       ,0.000       ,0.000       ,0.09610       ,2600          ,228.516         ,21.000        ,-0.073              ,0.000               ,-3779.358       ,0.00000           ,0.00000               
19:35:03.402448     ,0.510       ,0.000       ,10.465      ,4.960       ,0.000       ,0.000       ,0.09856       ,2632          ,231.328         ,22.600        ,-0.079              ,0.000               ,-3779.346       ,0.00000           ,0.00000               
19:35:03.422572     ,0.512       ,0.000       ,10.465      ,4.960       ,0.000       ,0.000       ,0.10117       ,2666          ,234.316         ,24.400        ,-0.085              ,0.000               ,-3779.334       ,0.00000           ,0.00000               
19:35:03.442373     ,0.512       ,0.000       ,10.448      ,4.910       ,0.000       ,0.000       ,0.10393       ,2702          ,237.480         ,26.400        ,-0.092              ,0.000               ,-3779.322       ,0.00000           ,0.00000               
19:35:03.462521     ,0.512       ,0.000       ,10.432      ,4.910       ,0.000       ,0.000       ,0.10692       ,2741          ,240.908         ,28.400        ,-0.099              ,0.000               ,-3779.308       ,0.00000           ,0.00000               
19:35:03.482512     ,0.514       ,0.000       ,10.432      ,4.910       ,0.000       ,0.000       ,0.10991       ,2780          ,244.336         ,30.400        ,-0.106              ,0.000               ,-3779.294       ,0.00000           ,0.00000               
19:35:03.502473     ,0.514       ,0.000       ,10.465      ,4.910       ,0.000       ,0.000       ,0.11305       ,2821          ,247.939         ,32.400        ,-0.113              ,0.000               ,-3779.280       ,0.00000           ,0.00000               
19:35:03.522462     ,0.512       ,0.000       ,10.448      ,4.910       ,0.000       ,0.000       ,0.11628       ,2863          ,251.631         ,34.400        ,-0.120              ,0.000               ,-3779.266       ,0.00000           ,0.00000               
19:35:03.542549     ,0.506       ,0.000       ,10.448      ,5.060       ,0.000       ,0.000       ,0.11957       ,2906          ,255.410         ,36.000        ,-0.126              ,0.000               ,-3779.251       ,0.00000           ,0.00000               
19:35:03.562550     ,0.506       ,0.000       ,10.416      ,5.060       ,0.000       ,0.000       ,0.12280       ,2948          ,259.102         ,37.200        ,-0.130              ,0.000               ,-3779.236       ,0.00000           ,0.00000               
19:35:03.582556     ,0.512       ,0.000       ,10.448      ,5.060       ,0.000       ,0.000       ,0.12609       ,2991          ,262.881         ,38.200        ,-0.133              ,0.000               ,-3779.222       ,0.00000           ,0.00000               
19:35:03.602516     ,0.508       ,0.000       ,10.448      ,5.060       ,0.000       ,0.000       ,0.12924       ,3032          ,266.484         ,39.200        ,-0.137              ,0.000               ,-3779.207       ,0.00000           ,0.00000               
19:35:03.622406     ,0.508       ,0.000       ,10.448      ,5.060       ,0.000       ,0.000       ,0.12924       ,3032          ,266.484         ,40.200        ,-0.140              ,0.000               ,-3779.194       ,0.00000           ,0.00000               
19:35:03.642452     ,0.508       ,0.000       ,10.416      ,5.260       ,0.000       ,0.000       ,0.12924       ,3032          ,266.484         ,40.800        ,-0.142              ,0.000               ,-3779.180       ,0.00000           ,0.00000               
19:35:03.662358     ,0.510       ,0.000       ,10.416      ,5.260       ,0.000       ,0.000       ,0.13829       ,3150          ,276.855         ,40.800        ,-0.142              ,0.000               ,-3779.167       ,0.00000           ,0.00000               
19:35:03.682556     ,0.510       ,0.000       ,10.448      ,5.260       ,0.000       ,0.000       ,0.14105       ,3186          ,280.020         ,40.400        ,-0.141              ,0.000               ,-3779.154       ,0.00000           ,0.00000               
19:35:03.702897     ,0.512       ,0.000       ,10.399      ,5.260       ,0.000       ,0.000       ,0.14366       ,3220          ,283.008         ,39.800        ,-0.139              ,0.000               ,-3779.142       ,0.00000           ,0.00000               
19:35:03.722713     ,0.508       ,0.000       ,10.399      ,5.260       ,0.000       ,0.000       ,0.14611       ,3252          ,285.820         ,39.200        ,-0.137              ,0.000               ,-3779.131       ,0.00000           ,0.00000               
19:35:03.743494     ,0.508       ,0.000       ,10.448      ,5.390       ,0.000       ,0.000       ,0.14834       ,3281          ,288.369         ,38.200        ,-0.133              ,0.000               ,-3779.121       ,0.00000           ,0.00000               
19:35:03.762961     ,0.514       ,0.000       ,10.448      ,5.390       ,0.000       ,0.000       ,0.15048       ,3309          ,290.830         ,37.000        ,-0.129              ,0.000               ,-3779.111       ,0.00000           ,0.00000               
19:35:03.783641     ,0.514       ,0.000       ,10.448      ,5.390       ,0.000       ,0.000       ,0.15048       ,3309          ,290.830         ,35.600        ,-0.124              ,0.000               ,-3779.102       ,0.00000           ,0.00000               
19:35:03.804260     ,0.512       ,0.000       ,10.448      ,5.390       ,0.000       ,0.000       ,0.15048       ,3309          ,290.830         ,34.200        ,-0.119              ,0.000               ,-3779.094       ,0.00000           ,0.00000               
19:35:03.824778     ,0.508       ,0.000       ,10.448      ,5.390       ,0.000       ,0.000       ,0.15048       ,3309          ,290.830         ,33.000        ,-0.115              ,0.000               ,-3779.083       ,0.00000           ,0.00000               
19:35:03.845358     ,0.508       ,0.000       ,10.448      ,5.330       ,0.000       ,0.000       ,0.15048       ,3309          ,290.830         ,31.600        ,-0.110              ,0.000               ,-3779.075       ,0.00000           ,0.00000               
19:35:03.866032     ,0.512       ,0.000       ,10.399      ,5.330       ,0.000       ,0.000       ,0.15048       ,3309          ,290.830         ,30.000        ,-0.105              ,0.000               ,-3779.068       ,0.00000           ,0.00000               
19:35:03.886766     ,0.512       ,0.000       ,10.465      ,5.330       ,0.000       ,0.000       ,0.15048       ,3309          ,290.830         ,28.600        ,-0.100              ,0.000               ,-3779.061       ,0.00000           ,0.00000               
19:35:03.907526     ,0.512       ,0.000       ,10.465      ,5.330       ,0.000       ,0.000       ,0.15048       ,3309          ,290.830         ,27.200        ,-0.095              ,0.000               ,-3779.054       ,0.00000           ,0.00000               
19:35:03.927972     ,0.506       ,0.000       ,10.399      ,5.330       ,0.000       ,0.000       ,0.15048       ,3309          ,290.830         ,26.200        ,-0.091              ,0.000               ,-3779.048       ,0.00000           ,0.00000               
19:35:03.948448     ,0.510       ,0.000       ,10.465      ,5.240       ,0.000       ,0.000       ,0.15048       ,3309          ,290.830         ,25.200        ,-0.088              ,0.000               ,-3779.041       ,0.00000           ,0.00000               
19:35:03.968882     ,0.510       ,0.000       ,10.465      ,5.240       ,0.000       ,0.000       ,0.15048       ,3309          ,290.830         ,24.200        ,-0.084              ,0.000               ,-3779.034       ,0.00000           ,0.00000               
19:35:03.989531     ,0.512       ,0.000       ,10.399      ,5.240       ,0.000       ,0.000       ,0.15048       ,3309          ,290.830         ,23.400        ,-0.082              ,0.000               ,-3779.026       ,0.00000           ,0.00000               
19:35:04.010045     ,0.512       ,0.000       ,10.432      ,5.240       ,0.000       ,0.000       ,0.15048       ,3309          ,290.830         ,23.000        ,-0.080              ,0.000               ,-3779.019       ,0.00000           ,0.00000               
19:35:04.022526     ,0.512       ,0.000       ,10.432      ,5.240       ,0.000       ,0.000       ,0.17173       ,3586          ,315.176         ,23.000        ,-0.080              ,0.000               ,-3779.015       ,0.00000           ,0.00000               
19:35:04.042649     ,0.512       ,0.000       ,10.432      ,5.090       ,0.000       ,0.000       ,0.17349       ,3609          ,317.197         ,23.000        ,-0.080              ,0.000               ,-3779.007       ,0.00000           ,0.00000               
19:35:04.062560     ,0.508       ,0.000       ,10.416      ,5.090       ,0.000       ,0.000       ,0.17526       ,3632          ,319.219         ,23.000        ,-0.080              ,0.000               ,-3778.999       ,0.00000           ,0.00000               
19:35:04.082461     ,0.508       ,0.000       ,10.416      ,5.090       ,0.000       ,0.000       ,0.17710       ,3656          ,321.328         ,23.000        ,-0.080              ,0.000               ,-3778.990       ,0.00000           ,0.00000               
19:35:04.102336     ,0.512       ,0.000       ,10.399      ,5.090       ,0.000       ,0.000       ,0.17917       ,3683          ,323.701         ,23.400        ,-0.082              ,0.000               ,-3778.981       ,0.00000           ,0.00000               
19:35:04.122478     ,0.512       ,0.000       ,10.448      ,5.090       ,0.000       ,0.000       ,0.18124       ,3710          ,326.074         ,24.200        ,-0.084              ,0.000               ,-3778.972       ,0.00000           ,0.00000               
19:35:04.142507     ,0.512       ,0.000       ,10.448      ,5.030       ,0.000       ,0.000       ,0.18346       ,3739          ,328.623         ,25.200        ,-0.088              ,0.000               ,-3778.962       ,0.00000           ,0.00000               
19:35:04.162495     ,0.512       ,0.000       ,10.465      ,5.030       ,0.000       ,0.000       ,0.18569       ,3768          ,331.172         ,25.800        ,-0.090              ,0.000               ,-3778.951       ,0.00000           ,0.00000               
19:35:04.182593     ,0.506       ,0.000       ,10.416      ,5.030       ,0.000       ,0.000       ,0.18569       ,3768          ,331.172         ,26.400        ,-0.092              ,0.000               ,-3778.941       ,0.00000           ,0.00000               
19:35:04.202345     ,0.506       ,0.000       ,10.416      ,5.030       ,0.000       ,0.000       ,0.19052       ,3831          ,336.709         ,27.200        ,-0.095              ,0.000               ,-3778.930       ,0.00000           ,0.00000               
19:35:04.222538     ,0.506       ,0.000       ,10.432      ,5.030       ,0.000       ,0.000       ,0.19297       ,3863          ,339.521         ,28.200        ,-0.098              ,0.000               ,-3778.918       ,0.00000           ,0.00000               
19:35:04.242507     ,0.508       ,0.000       ,10.432      ,5.080       ,0.000       ,0.000       ,0.19551       ,3896          ,342.422         ,29.200        ,-0.102              ,0.000               ,-3778.906       ,0.00000           ,0.00000               
19:35:04.262445     ,0.508       ,0.000       ,10.416      ,5.080       ,0.000       ,0.000       ,0.19811       ,3930          ,345.410         ,30.200        ,-0.105              ,0.000               ,-3778.895       ,0.00000           ,0.00000               
19:35:04.282429     ,0.512       ,0.000       ,10.432      ,5.080       ,0.000       ,0.000       ,0.20080       ,3965          ,348.486         ,31.200        ,-0.109              ,0.000               ,-3778.882       ,0.00000           ,0.00000               
19:35:04.302410     ,0.512       ,0.000       ,10.432      ,5.080       ,0.000       ,0.000       ,0.20348       ,4000          ,351.562         ,32.200        ,-0.112              ,0.000               ,-3778.870       ,0.00000           ,0.00000               
19:35:04.322575     ,0.512       ,0.000       ,10.465      ,5.080       ,0.000       ,0.000       ,0.20617       ,4035          ,354.639         ,32.800        ,-0.114              ,0.000               ,-3778.858       ,0.00000           ,0.00000               
19:35:04.342550     ,0.510       ,0.000       ,10.432      ,5.150       ,0.000       ,0.000       ,0.20893       ,4071          ,357.803         ,33.400        ,-0.117              ,0.000               ,-3778.846       ,0.00000           ,0.00000               
19:35:04.362473     ,0.512       ,0.000       ,10.432      ,5.150       ,0.000       ,0.000       ,0.21169       ,4107          ,0.967           ,34.200        ,-0.119              ,0.000               ,-3778.833       ,0.00000           ,0.00000               
19:35:04.382591     ,0.512       ,0.000       ,10.416      ,5.150       ,0.000       ,0.000       ,0.21437       ,4142          ,4.043           ,34.800        ,-0.121              ,0.000               ,-3778.822       ,0.00000           ,0.00000               
19:35:04.402449     ,0.512       ,0.000       ,10.465      ,5.150       ,0.000       ,0.000       ,0.21713       ,4178          ,7.207           ,35.000        ,-0.122              ,0.000               ,-3778.809       ,0.00000           ,0.00000               
19:35:04.422699     ,0.510       ,0.000       ,10.465      ,5.150       ,0.000       ,0.000       ,0.21974       ,4212          ,10.195          ,35.000        ,-0.122              ,0.000               ,-3778.797       ,0.00000           ,0.00000               
19:35:04.443480     ,0.510       ,0.000       ,10.448      ,5.240       ,0.000       ,0.000       ,0.22235       ,4246          ,13.184          ,35.000        ,-0.122              ,0.000               ,-3778.785       ,0.00000           ,0.00000               
19:35:04.463049     ,0.506       ,0.000       ,10.399      ,5.240       ,0.000       ,0.000       ,0.22480       ,4278          ,15.996          ,35.000        ,-0.122              ,0.000               ,-3778.774       ,0.00000           ,0.00000               
19:35:04.483757     ,0.508       ,0.000       ,10.399      ,5.240       ,0.000       ,0.000       ,0.22726       ,4310          ,18.809          ,35.000        ,-0.122              ,0.000               ,-3778.763       ,0.00000           ,0.00000               
19:35:04.504307     ,0.508       ,0.000       ,10.432      ,5.240       ,0.000       ,0.000       ,0.22964       ,4341          ,21.533          ,34.800        ,-0.121              ,0.000               ,-3778.752       ,0.00000           ,0.00000               
19:35:04.524884     ,0.512       ,0.000       ,10.448      ,5.240       ,0.000       ,0.000       ,0.23186       ,4370          ,24.082          ,34.200        ,-0.119              ,0.000               ,-3778.738       ,0.00000           ,0.00000               
19:35:04.545591     ,0.510       ,0.000       ,10.448      ,5.300       ,0.000       ,0.000       ,0.23409       ,4399          ,26.631          ,33.400        ,-0.117              ,0.000               ,-3778.729       ,0.00000           ,0.00000               
19:35:04.566246     ,0.510       ,0.000       ,10.448      ,5.300       ,0.000       ,0.000       ,0.23616       ,4426          ,29.004          ,32.800        ,-0.114              ,0.000               ,-3778.720       ,0.00000           ,0.00000               
19:35:04.586760     ,0.512       ,0.000       ,10.465      ,5.300       ,0.000       ,0.000       ,0.23823       ,4453          ,31.377          ,32.200        ,-0.112              ,0.000               ,-3778.711       ,0.00000           ,0.00000               
19:35:04.607258     ,0.510       ,0.000       ,10.465      ,5.300       ,0.000       ,0.000       ,0.24014       ,4478          ,33.574          ,31.200        ,-0.109              ,0.000               ,-3778.703       ,0.00000           ,0.00000               
19:35:04.627918     ,0.510       ,0.000       ,10.448      ,5.300       ,0.000       ,0.000       ,0.24206       ,4503          ,35.771          ,30.200        ,-0.105              ,0.000               ,-3778.694       ,0.00000           ,0.00000               
19:35:04.648471     ,0.508       ,0.000       ,10.465      ,5.280       ,0.000       ,0.000       ,0.24390       ,4527          ,37.881          ,29.200        ,-0.102              ,0.000               ,-3778.686       ,0.00000           ,0.00000               
19:35:04.669065     ,0.510       ,0.000       ,10.465      ,5.280       ,0.000       ,0.000       ,0.24567       ,4550          ,39.902          ,28.200        ,-0.098              ,0.000               ,-3778.678       ,0.00000           ,0.00000               
19:35:04.688548     ,0.510       ,0.000       ,10.399      ,5.280       ,0.000       ,0.000       ,0.24743       ,4573          ,41.924          ,27.400        ,-0.096              ,0.000               ,-3778.671       ,0.00000           ,0.00000               
19:35:04.709331     ,0.506       ,0.000       ,10.399      ,5.280       ,0.000       ,0.000       ,0.24912       ,4595          ,43.857          ,26.800        ,-0.094              ,0.000               ,-3778.663       ,0.00000           ,0.00000               
19:35:04.729912     ,0.506       ,0.000       ,10.399      ,5.280       ,0.000       ,0.000       ,0.25088       ,4618          ,45.879          ,26.400        ,-0.092              ,0.000               ,-3778.655       ,0.00000           ,0.00000               
19:35:04.749544     ,0.512       ,0.000       ,10.448      ,5.200       ,0.000       ,0.000       ,0.25265       ,4641          ,47.900          ,25.800        ,-0.090              ,0.000               ,-3778.647       ,0.00000           ,0.00000               
19:35:04.770058     ,0.512       ,0.000       ,10.448      ,5.200       ,0.000       ,0.000       ,0.25441       ,4664          ,49.922          ,25.400        ,-0.089              ,0.000               ,-3778.639       ,0.00000           ,0.00000               
19:35:04.790740     ,0.512       ,0.000       ,10.448      ,5.200       ,0.000       ,0.000       ,0.25625       ,4688          ,52.031          ,25.000        ,-0.087              ,0.000               ,-3778.630       ,0.00000           ,0.00000               
19:35:04.802455     ,0.512       ,0.000       ,10.465      ,5.200       ,0.000       ,0.000       ,0.25817       ,4713          ,54.229          ,25.000        ,-0.087              ,0.000               ,-3778.626       ,0.00000           ,0.00000               
19:35:04.822412     ,0.512       ,0.000       ,10.432      ,5.200       ,0.000       ,0.000       ,0.26016       ,4739          ,56.514          ,25.000        ,-0.087              ,0.000               ,-3778.617       ,0.00000           ,0.00000               
19:35:04.842392     ,0.512       ,0.000       ,10.432      ,5.100       ,0.000       ,0.000       ,0.26223       ,4766          ,58.887          ,25.400        ,-0.089              ,0.000               ,-3778.608       ,0.00000           ,0.00000               
19:35:04.862549     ,0.512       ,0.000       ,10.432      ,5.100       ,0.000       ,0.000       ,0.26438       ,4794          ,61.348          ,25.800        ,-0.090              ,0.000               ,-3778.598       ,0.00000           ,0.00000               
19:35:04.882514     ,0.510       ,0.000       ,10.465      ,5.100       ,0.000       ,0.000       ,0.26661       ,4823          ,63.896          ,26.400        ,-0.092              ,0.000               ,-3778.588       ,0.00000           ,0.00000               
19:35:04.902609     ,0.510       ,0.000       ,10.465      ,5.100       ,0.000       ,0.000       ,0.26891       ,4853          ,66.533          ,26.800        ,-0.094              ,0.000               ,-3778.578       ,0.00000           ,0.00000               
19:35:04.922403     ,0.512       ,0.000       ,10.465      ,5.100       ,0.000       ,0.000       ,0.27128       ,4884          ,69.258          ,27.400        ,-0.096              ,0.000               ,-3778.567       ,0.00000           ,0.00000               
19:35:04.942372     ,0.508       ,0.000       ,10.399      ,5.100       ,0.000       ,0.000       ,0.27366       ,4915          ,71.982          ,28.200        ,-0.098              ,0.000               ,-3778.556       ,0.00000           ,0.00000               
19:35:04.962510     ,0.508       ,0.000       ,10.399      ,5.100       ,0.000       ,0.000       ,0.27612       ,4947          ,74.795          ,29.200        ,-0.102              ,0.000               ,-3778.545       ,0.00000           ,0.00000               
19:35:04.982527     ,0.510       ,0.000       ,10.448      ,5.100       ,0.000       ,0.000       ,0.27865       ,4980          ,77.695          ,29.800        ,-0.104              ,0.000               ,-3778.534       ,0.00000           ,0.00000               
19:35:05.002498     ,0.384       ,0.000       ,0.345       ,5.100       ,0.000       ,0.000       ,0.28110       ,5012          ,80.508          ,30.400        ,-0.106              ,0.000               ,-3778.522       ,0.00000           ,0.00000               
19:35:05.022464     ,0.384       ,0.000       ,0.345       ,5.100       ,0.000       ,0.000       ,0.28363       ,5045          ,83.408          ,31.200        ,-0.109              ,0.000               ,-3778.511       ,0.00000           ,0.00000               
19:35:05.042617     ,0.211       ,0.000       ,0.410       ,5.160       ,0.000       ,0.000       ,0.28624       ,5079          ,86.396          ,31.800        ,-0.111              ,0.000               ,-3778.499       ,0.00000           ,0.00000               
19:35:05.062572     ,0.142       ,0.000       ,0.329       ,5.160       ,0.000       ,0.000       ,0.28877       ,5112          ,89.297          ,32.400        ,-0.113              ,0.000               ,-3778.488       ,0.00000           ,0.00000               
19:35:05.082520     ,0.142       ,0.000       ,0.329       ,5.160       ,0.000       ,0.000       ,0.29138       ,5146          ,92.285          ,32.800        ,-0.114              ,0.000               ,-3778.476       ,0.00000           ,0.00000               
19:35:05.102497     ,0.102       ,0.000       ,0.279       ,5.160       ,0.000       ,0.000       ,0.29391       ,5179          ,95.186          ,33.000        ,-0.115              ,0.000               ,-3778.464       ,0.00000           ,0.00000               
19:35:05.122472     ,0.079       ,0.000       ,0.279       ,5.160       ,0.000       ,0.000       ,0.29644       ,5212          ,98.086          ,33.200        ,-0.116              ,0.000               ,-3778.453       ,0.00000           ,0.00000               
19:35:05.143704     ,0.079       ,0.000       ,0.247       ,5.210       ,0.000       ,0.000       ,0.29897       ,5245          ,100.986         ,33.600        ,-0.117              ,0.000               ,-3778.441       ,0.00000           ,0.00000               
19:35:05.164807     ,0.062       ,0.000       ,0.345       ,5.210       ,0.000       ,0.000       ,0.30135       ,5276          ,103.711         ,33.800        ,-0.118              ,0.000               ,-3778.426       ,0.00000           ,0.00000               
19:35:05.186897     ,0.053       ,0.000       ,0.345       ,5.210       ,0.000       ,0.000       ,0.30373       ,5307          ,106.436         ,33.400        ,-0.117              ,0.000               ,-3778.415       ,0.00000           ,0.00000               
19:35:05.208066     ,0.053       ,0.000       ,0.263       ,5.210       ,0.000       ,0.000       ,0.30603       ,5337          ,109.072         ,33.000        ,-0.115              ,0.000               ,-3778.405       ,0.00000           ,0.00000               
19:35:05.229357     ,0.049       ,0.000       ,0.672       ,5.210       ,0.000       ,0.000       ,0.30833       ,5367          ,111.709         ,32.800        ,-0.114              ,0.000               ,-3778.395       ,0.00000           ,0.00000               
19:35:05.251054     ,0.049       ,0.000       ,0.672       ,5.260       ,0.000       ,0.000       ,0.31048       ,5395          ,114.170         ,32.400        ,-0.113              ,0.000               ,-3778.385       ,0.00000           ,0.00000               
19:35:05.262649     ,0.049       ,0.000       ,0.738       ,5.260       ,0.000       ,0.000       ,0.31263       ,5423          ,116.631         ,32.000        ,-0.112              ,0.000               ,-3778.380       ,0.00000           ,0.00000               
19:35:05.282550     ,0.049       ,0.000       ,0.787       ,5.260       ,0.000       ,0.000       ,0.31477       ,5451          ,119.092         ,32.000        ,-0.112              ,0.000               ,-3778.370       ,0.00000           ,0.00000               
19:35:05.302536     ,0.049       ,0.000       ,0.787       ,5.260       ,0.000       ,0.000       ,0.31684       ,5478          ,121.465         ,31.600        ,-0.110              ,0.000               ,-3778.361       ,0.00000           ,0.00000               
19:35:05.322540     ,0.049       ,0.000       ,0.787       ,5.260       ,0.000       ,0.000       ,0.31891       ,5505          ,123.838         ,31.200        ,-0.109              ,0.000               ,-3778.352       ,0.00000           ,0.00000               
19:35:05.342452     ,0.051       ,0.000       ,0.803       ,5.220       ,0.000       ,0.000       ,0.32091       ,5531          ,126.123         ,30.600        ,-0.107              ,0.000               ,-3778.342       ,0.00000           ,0.00000               
19:35:05.362437     ,0.049       ,0.000       ,0.803       ,5.220       ,0.000       ,0.000       ,0.32298       ,5558          ,128.496         ,30.200        ,-0.105              ,0.000               ,-3778.333       ,0.00000           ,0.00000               
19:35:05.382566     ,0.049       ,0.000       ,0.820       ,5.220       ,0.000       ,0.000       ,0.32497       ,5584          ,130.781         ,29.600        ,-0.103              ,0.000               ,-3778.324       ,0.00000           ,0.00000               
19:35:05.402501     ,0.049       ,0.000       ,0.836       ,5.220       ,0.000       ,0.000       ,0.32689       ,5609          ,132.979         ,29.200        ,-0.102              ,0.000               ,-3778.315       ,0.00000           ,0.00000               
19:35:05.422472     ,0.049       ,0.000       ,0.836       ,5.220       ,0.000       ,0.000       ,0.32889       ,5635          ,135.264         ,28.600        ,-0.100              ,0.000               ,-3778.306       ,0.00000           ,0.00000               
19:35:05.442520     ,0.049       ,0.000       ,0.836       ,5.200       ,0.000       ,0.000       ,0.33080       ,5660          ,137.461         ,28.200        ,-0.098              ,0.000               ,-3778.298       ,0.00000           ,0.00000               
19:35:05.462487     ,0.051       ,0.000       ,0.836       ,5.200       ,0.000       ,0.000       ,0.33272       ,5685          ,139.658         ,28.000        ,-0.098              ,0.000               ,-3778.288       ,0.00000           ,0.00000               
19:35:05.482397     ,0.051       ,0.000       ,0.836       ,5.200       ,0.000       ,0.000       ,0.33464       ,5710          ,141.855         ,28.000        ,-0.098              ,0.000               ,-3778.280       ,0.00000           ,0.00000               
19:35:05.502529     ,0.051       ,0.000       ,0.836       ,5.200       ,0.000       ,0.000       ,0.33663       ,5736          ,144.141         ,28.000        ,-0.098              ,0.000               ,-3778.271       ,0.00000           ,0.00000               
19:35:05.522471     ,0.051       ,0.000       ,0.820       ,5.200       ,0.000       ,0.000       ,0.33855       ,5761          ,146.338         ,28.000        ,-0.098              ,0.000               ,-3778.260       ,0.00000           ,0.00000               
19:35:05.542440     ,0.049       ,0.000       ,0.820       ,5.180       ,0.000       ,0.000       ,0.34047       ,5786          ,148.535         ,28.400        ,-0.099              ,0.000               ,-3778.248       ,0.00000           ,0.00000               
19:35:05.562413     ,0.049       ,0.000       ,0.820       ,5.180       ,0.000       ,0.000       ,0.34246       ,5812          ,150.820         ,29.200        ,-0.102              ,0.000               ,-3778.236       ,0.00000           ,0.00000               
19:35:05.582414     ,0.049       ,0.000       ,0.836       ,5.180       ,0.000       ,0.000       ,0.34438       ,5837          ,153.018         ,30.200        ,-0.105              ,0.000               ,-3778.225       ,0.00000           ,0.00000               
19:35:05.602554     ,0.049       ,0.000       ,0.836       ,5.180       ,0.000       ,0.000       ,0.34637       ,5863          ,155.303         ,30.800        ,-0.108              ,0.000               ,-3778.216       ,0.00000           ,0.00000               
19:35:05.622495     ,0.049       ,0.000       ,0.836       ,5.180       ,0.000       ,0.000       ,0.34829       ,5888          ,157.500         ,30.600        ,-0.107              ,0.000               ,-3778.207       ,0.00000           ,0.00000               
19:35:05.642467     ,0.049       ,0.000       ,0.820       ,5.200       ,0.000       ,0.000       ,0.35021       ,5913          ,159.697         ,29.800        ,-0.104              ,0.000               ,-3778.198       ,0.00000           ,0.00000               
19:35:05.662448     ,0.049       ,0.000       ,0.820       ,5.200       ,0.000       ,0.000       ,0.35220       ,5939          ,161.982         ,29.200        ,-0.102              ,0.000               ,-3778.189       ,0.00000           ,0.00000               
19:35:05.682668     ,0.049       ,0.000       ,0.836       ,5.200       ,0.000       ,0.000       ,0.35412       ,5964          ,164.180         ,28.800        ,-0.101              ,0.000               ,-3778.180       ,0.00000           ,0.00000               
19:35:05.702407     ,0.049       ,0.000       ,0.836       ,5.200       ,0.000       ,0.000       ,0.35604       ,5989          ,166.377         ,28.400        ,-0.099              ,0.000               ,-3778.170       ,0.00000           ,0.00000               
19:35:05.722481     ,0.049       ,0.000       ,0.836       ,5.200       ,0.000       ,0.000       ,0.35795       ,6014          ,168.574         ,28.200        ,-0.098              ,0.000               ,-3778.158       ,0.00000           ,0.00000               
19:35:05.743173     ,0.049       ,0.000       ,0.836       ,5.200       ,0.000       ,0.000       ,0.35987       ,6039          ,170.771         ,29.000        ,-0.101              ,0.000               ,-3778.145       ,0.00000           ,0.00000               
19:35:05.763727     ,0.049       ,0.000       ,0.885       ,5.200       ,0.000       ,0.000       ,0.36179       ,6064          ,172.969         ,30.400        ,-0.106              ,0.000               ,-3778.134       ,0.00000           ,0.00000               
19:35:05.784266     ,0.049       ,0.000       ,0.885       ,5.200       ,0.000       ,0.000       ,0.36371       ,6089          ,175.166         ,31.400        ,-0.110              ,0.000               ,-3778.125       ,0.00000           ,0.00000               
19:35:05.804759     ,0.051       ,0.000       ,0.820       ,5.200       ,0.000       ,0.000       ,0.36562       ,6114          ,177.363         ,31.400        ,-0.110              ,0.000               ,-3778.110       ,0.00000           ,0.00000               
19:35:05.825271     ,0.051       ,0.000       ,0.836       ,5.200       ,0.000       ,0.000       ,0.36754       ,6139          ,179.561         ,31.000        ,-0.108              ,0.000               ,-3778.099       ,0.00000           ,0.00000               
19:35:05.845971     ,0.051       ,0.000       ,0.836       ,5.190       ,0.000       ,0.000       ,0.36946       ,6164          ,181.758         ,31.000        ,-0.108              ,0.000               ,-3778.089       ,0.00000           ,0.00000               
19:35:05.866694     ,0.051       ,0.000       ,0.836       ,5.190       ,0.000       ,0.000       ,0.37138       ,6189          ,183.955         ,31.000        ,-0.108              ,0.000               ,-3778.080       ,0.00000           ,0.00000               
19:35:05.887217     ,0.051       ,0.000       ,0.885       ,5.190       ,0.000       ,0.000       ,0.37322       ,6213          ,186.064         ,30.800        ,-0.108              ,0.000               ,-3778.071       ,0.00000           ,0.00000               
19:35:05.906738     ,0.051       ,0.000       ,0.885       ,5.190       ,0.000       ,0.000       ,0.37514       ,6238          ,188.262         ,30.400        ,-0.106              ,0.000               ,-3778.062       ,0.00000           ,0.00000               
19:35:05.926389     ,0.049       ,0.000       ,0.869       ,5.190       ,0.000       ,0.000       ,0.37698       ,6262          ,190.371         ,29.800        ,-0.104              ,0.000               ,-3778.054       ,0.00000           ,0.00000               
19:35:05.946919     ,0.051       ,0.000       ,0.853       ,5.190       ,0.000       ,0.000       ,0.37882       ,6286          ,192.480         ,29.400        ,-0.103              ,0.000               ,-3778.044       ,0.00000           ,0.00000               
19:35:05.966372     ,0.051       ,0.000       ,0.853       ,5.190       ,0.000       ,0.000       ,0.38073       ,6311          ,194.678         ,29.000        ,-0.101              ,0.000               ,-3778.031       ,0.00000           ,0.00000               
19:35:05.987190     ,0.049       ,0.000       ,0.836       ,5.190       ,0.000       ,0.000       ,0.38257       ,6335          ,196.787         ,29.400        ,-0.103              ,0.000               ,-3778.021       ,0.00000           ,0.00000               
19:35:06.007649     ,0.049       ,0.000       ,0.853       ,5.190       ,0.000       ,0.000       ,0.38449       ,6360          ,198.984         ,30.000        ,-0.105              ,0.000               ,-3778.012       ,0.00000           ,0.00000               
19:35:06.028229     ,0.049       ,0.000       ,0.853       ,5.190       ,0.000       ,0.000       ,0.38633       ,6384          ,201.094         ,30.200        ,-0.105              ,0.000               ,-3778.004       ,0.00000           ,0.00000               
19:35:06.049005     ,0.051       ,0.000       ,0.853       ,5.190       ,0.000       ,0.000       ,0.38817       ,6408          ,203.203         ,29.400        ,-0.103              ,0.000               ,-3777.993       ,0.00000           ,0.00000               
19:35:06.069650     ,0.051       ,0.000       ,0.853       ,5.190       ,0.000       ,0.000       ,0.39001       ,6432          ,205.312         ,29.200        ,-0.102              ,0.000               ,-3777.982       ,0.00000           ,0.00000               
19:35:06.090371     ,0.051       ,0.000       ,0.836       ,5.190       ,0.000       ,0.000       ,0.39186       ,6456          ,207.422         ,29.600        ,-0.103              ,0.000               ,-3777.972       ,0.00000           ,0.00000               
19:35:06.102463     ,0.051       ,0.000       ,0.853       ,5.190       ,0.000       ,0.000       ,0.39370       ,6480          ,209.531         ,30.000        ,-0.105              ,0.000               ,-3777.968       ,0.00000           ,0.00000               
19:35:06.122366     ,0.051       ,0.000       ,0.853       ,5.190       ,0.000       ,0.000       ,0.39554       ,6504          ,211.641         ,30.000        ,-0.105              ,0.000               ,-3777.959       ,0.00000           ,0.00000               
19:35:06.142550     ,0.051       ,0.000       ,0.836       ,5.190       ,0.000       ,0.000       ,0.39730       ,6527          ,213.662         ,29.600        ,-0.103              ,0.000               ,-3777.950       ,0.00000           ,0.00000               
19:35:06.162529     ,0.051       ,0.000       ,0.836       ,5.190       ,0.000       ,0.000       ,0.39730       ,6527          ,213.662         ,29.200        ,-0.102              ,0.000               ,-3777.942       ,0.00000           ,0.00000               
19:35:06.182527     ,0.051       ,0.000       ,0.836       ,5.190       ,0.000       ,0.000       ,0.40098       ,6575          ,217.881         ,28.600        ,-0.100              ,0.000               ,-3777.932       ,0.00000           ,0.00000               
19:35:06.202428     ,0.051       ,0.000       ,0.836       ,5.190       ,0.000       ,0.000       ,0.40275       ,6598          ,219.902         ,28.200        ,-0.098              ,0.000               ,-3777.921       ,0.00000           ,0.00000               
19:35:06.222418     ,0.049       ,0.000       ,0.885       ,5.190       ,0.000       ,0.000       ,0.40459       ,6622          ,222.012         ,28.400        ,-0.099              ,0.000               ,-3777.909       ,0.00000           ,0.00000               
19:35:06.242615     ,0.049       ,0.000       ,0.885       ,5.190       ,0.000       ,0.000       ,0.40643       ,6646          ,224.121         ,29.200        ,-0.102              ,0.000               ,-3777.898       ,0.00000           ,0.00000               
19:35:06.262565     ,0.049       ,0.000       ,0.836       ,5.190       ,0.000       ,0.000       ,0.40643       ,6646          ,224.121         ,29.800        ,-0.104              ,0.000               ,-3777.889       ,0.00000           ,0.00000               
19:35:06.282496     ,0.049       ,0.000       ,0.836       ,5.190       ,0.000       ,0.000       ,0.41003       ,6693          ,228.252         ,30.000        ,-0.105              ,0.000               ,-3777.880       ,0.00000           ,0.00000               
19:35:06.302477     ,0.051       ,0.000       ,0.836       ,5.190       ,0.000       ,0.000       ,0.41187       ,6717          ,230.361         ,30.000        ,-0.105              ,0.000               ,-3777.868       ,0.00000           ,0.00000               
19:35:06.322486     ,0.051       ,0.000       ,0.853       ,5.190       ,0.000       ,0.000       ,0.41364       ,6740          ,232.383         ,30.400        ,-0.106              ,0.000               ,-3777.856       ,0.00000           ,0.00000               
19:35:06.342591     ,0.051       ,0.000       ,0.853       ,5.180       ,0.000       ,0.000       ,0.41548       ,6764          ,234.492         ,30.800        ,-0.108              ,0.000               ,-3777.846       ,0.00000           ,0.00000               
19:35:06.362512     ,0.049       ,0.000       ,0.853       ,5.180       ,0.000       ,0.000       ,0.41724       ,6787          ,236.514         ,31.000        ,-0.108              ,0.000               ,-3777.837       ,0.00000           ,0.00000               
19:35:06.382541     ,0.049       ,0.000       ,0.869       ,5.180       ,0.000       ,0.000       ,0.41901       ,6810          ,238.535         ,31.000        ,-0.108              ,0.000               ,-3777.827       ,0.00000           ,0.00000               
19:35:06.402500     ,0.049       ,0.000       ,0.853       ,5.180       ,0.000       ,0.000       ,0.42077       ,6833          ,240.557         ,30.600        ,-0.107              ,0.000               ,-3777.818       ,0.00000           ,0.00000               
19:35:06.422473     ,0.049       ,0.000       ,0.853       ,5.180       ,0.000       ,0.000       ,0.42261       ,6857          ,242.666         ,30.200        ,-0.105              ,0.000               ,-3777.810       ,0.00000           ,0.00000               
19:35:06.442378     ,0.049       ,0.000       ,0.885       ,5.180       ,0.000       ,0.000       ,0.42430       ,6879          ,244.600         ,29.600        ,-0.103              ,0.000               ,-3777.801       ,0.00000           ,0.00000               
19:35:06.462506     ,0.051       ,0.000       ,0.836       ,5.180       ,0.000       ,0.000       ,0.42606       ,6902          ,246.621         ,29.200        ,-0.102              ,0.000               ,-3777.790       ,0.00000           ,0.00000               
19:35:06.482513     ,0.051       ,0.000       ,0.836       ,5.180       ,0.000       ,0.000       ,0.42606       ,6902          ,246.621         ,29.200        ,-0.102              ,0.000               ,-3777.779       ,0.00000           ,0.00000               
19:35:06.502460     ,0.051       ,0.000       ,0.853       ,5.180       ,0.000       ,0.000       ,0.42959       ,6948          ,250.664         ,29.600        ,-0.103              ,0.000               ,-3777.768       ,0.00000           ,0.00000               
19:35:06.522417     ,0.051       ,0.000       ,0.869       ,5.180       ,0.000       ,0.000       ,0.43136       ,6971          ,252.686         ,30.000        ,-0.105              ,0.000               ,-3777.759       ,0.00000           ,0.00000               
19:35:06.543013     ,0.051       ,0.000       ,0.869       ,5.180       ,0.000       ,0.000       ,0.43304       ,6993          ,254.619         ,30.000        ,-0.105              ,0.000               ,-3777.748       ,0.00000           ,0.00000               
19:35:06.563789     ,0.051       ,0.000       ,0.853       ,5.180       ,0.000       ,0.000       ,0.43481       ,7016          ,256.641         ,30.000        ,-0.105              ,0.000               ,-3777.737       ,0.00000           ,0.00000               
19:35:06.585544     ,0.049       ,0.000       ,0.853       ,5.180       ,0.000       ,0.000       ,0.43649       ,7038          ,258.574         ,30.000        ,-0.105              ,0.000               ,-3777.724       ,0.00000           ,0.00000               
19:35:06.606315     ,0.049       ,0.000       ,0.853       ,5.180       ,0.000       ,0.000       ,0.43818       ,7060          ,260.508         ,30.000        ,-0.105              ,0.000               ,-3777.714       ,0.00000           ,0.00000               
19:35:06.627128     ,0.049       ,0.000       ,0.869       ,5.180       ,0.000       ,0.000       ,0.43995       ,7083          ,262.529         ,30.000        ,-0.105              ,0.000               ,-3777.703       ,0.00000           ,0.00000               
19:35:06.647848     ,0.051       ,0.000       ,0.836       ,5.180       ,0.000       ,0.000       ,0.44163       ,7105          ,264.463         ,30.000        ,-0.105              ,0.000               ,-3777.695       ,0.00000           ,0.00000               
19:35:06.668548     ,0.051       ,0.000       ,0.836       ,5.180       ,0.000       ,0.000       ,0.44332       ,7127          ,266.396         ,29.800        ,-0.104              ,0.000               ,-3777.688       ,0.00000           ,0.00000               
19:35:06.689135     ,0.051       ,0.000       ,0.885       ,5.180       ,0.000       ,0.000       ,0.44501       ,7149          ,268.330         ,29.200        ,-0.102              ,0.000               ,-3777.679       ,0.00000           ,0.00000               
19:35:06.709843     ,0.051       ,0.000       ,0.853       ,5.180       ,0.000       ,0.000       ,0.44670       ,7171          ,270.264         ,28.400        ,-0.099              ,0.000               ,-3777.668       ,0.00000           ,0.00000               
19:35:06.729625     ,0.051       ,0.000       ,0.853       ,5.180       ,0.000       ,0.000       ,0.44831       ,7192          ,272.109         ,28.200        ,-0.098              ,0.000               ,-3777.656       ,0.00000           ,0.00000               
19:35:06.749253     ,0.049       ,0.000       ,0.836       ,5.180       ,0.000       ,0.000       ,0.44999       ,7214          ,274.043         ,29.000        ,-0.101              ,0.000               ,-3777.644       ,0.00000           ,0.00000               
19:35:06.770009     ,0.049       ,0.000       ,0.853       ,5.180       ,0.000       ,0.000       ,0.45168       ,7236          ,275.977         ,30.200        ,-0.105              ,0.000               ,-3777.633       ,0.00000           ,0.00000               
19:35:06.789793     ,0.049       ,0.000       ,0.853       ,5.180       ,0.000       ,0.000       ,0.45329       ,7257          ,277.822         ,31.200        ,-0.109              ,0.000               ,-3777.622       ,0.00000           ,0.00000               
19:35:06.810577     ,0.049       ,0.000       ,0.836       ,5.180       ,0.000       ,0.000       ,0.45490       ,7278          ,279.668         ,31.600        ,-0.110              ,0.000               ,-3777.611       ,0.00000           ,0.00000               
19:35:06.822489     ,0.051       ,0.000       ,0.836       ,5.180       ,0.000       ,0.000       ,0.45659       ,7300          ,281.602         ,32.000        ,-0.112              ,0.000               ,-3777.605       ,0.00000           ,0.00000               
19:35:06.842497     ,0.051       ,0.000       ,0.836       ,5.190       ,0.000       ,0.000       ,0.45820       ,7321          ,283.447         ,32.000        ,-0.112              ,0.000               ,-3777.594       ,0.00000           ,0.00000               
19:35:06.862619     ,0.049       ,0.000       ,0.836       ,5.190       ,0.000       ,0.000       ,0.45973       ,7341          ,285.205         ,32.400        ,-0.113              ,0.000               ,-3777.584       ,0.00000           ,0.00000               
19:35:06.882403     ,0.051       ,0.000       ,0.853       ,5.190       ,0.000       ,0.000       ,0.46134       ,7362          ,287.051         ,32.400        ,-0.113              ,0.000               ,-3777.576       ,0.00000           ,0.00000               
19:35:06.902519     ,0.051       ,0.000       ,0.853       ,5.190       ,0.000       ,0.000       ,0.46296       ,7383          ,288.896         ,31.400        ,-0.110              ,0.000               ,-3777.569       ,0.00000           ,0.00000               
19:35:06.922493     ,0.051       ,0.000       ,0.836       ,5.190       ,0.000       ,0.000       ,0.46457       ,7404          ,290.742         ,30.000        ,-0.105              ,0.000               ,-3777.561       ,0.00000           ,0.00000               
19:35:06.942545     ,0.051       ,0.000       ,0.836       ,5.180       ,0.000       ,0.000       ,0.46618       ,7425          ,292.588         ,28.800        ,-0.101              ,0.000               ,-3777.551       ,0.00000           ,0.00000               
19:35:06.962431     ,0.051       ,0.000       ,0.836       ,5.180       ,0.000       ,0.000       ,0.46771       ,7445          ,294.346         ,28.600        ,-0.100              ,0.000               ,-3777.539       ,0.00000           ,0.00000               
19:35:06.982472     ,0.049       ,0.000       ,0.853       ,5.180       ,0.000       ,0.000       ,0.46932       ,7466          ,296.191         ,29.200        ,-0.102              ,0.000               ,-3777.527       ,0.00000           ,0.00000               
19:35:07.002551     ,0.051       ,0.000       ,0.853       ,5.180       ,0.000       ,0.000       ,0.47093       ,7487          ,298.037         ,30.200        ,-0.105              ,0.000               ,-3777.517       ,0.00000           ,0.00000               
19:35:07.022507     ,0.051       ,0.000       ,0.853       ,5.180       ,0.000       ,0.000       ,0.47247       ,7507          ,299.795         ,30.800        ,-0.108              ,0.000               ,-3777.508       ,0.00000           ,0.00000               
19:35:07.042585     ,0.051       ,0.000       ,0.836       ,5.180       ,0.000       ,0.000       ,0.47400       ,7527          ,301.553         ,30.600        ,-0.107              ,0.000               ,-3777.498       ,0.00000           ,0.00000               
19:35:07.062492     ,0.049       ,0.000       ,0.836       ,5.180       ,0.000       ,0.000       ,0.47561       ,7548          ,303.398         ,30.200        ,-0.105              ,0.000               ,-3777.487       ,0.00000           ,0.00000               
19:35:07.082410     ,0.049       ,0.000       ,0.836       ,5.180       ,0.000       ,0.000       ,0.47714       ,7568          ,305.156         ,30.400        ,-0.106              ,0.000               ,-3777.475       ,0.00000           ,0.00000               
19:35:07.102554     ,0.051       ,0.000       ,0.885       ,5.180       ,0.000       ,0.000       ,0.47868       ,7588          ,306.914         ,30.800        ,-0.108              ,0.000               ,-3777.466       ,0.00000           ,0.00000               
19:35:07.122493     ,0.049       ,0.000       ,0.885       ,5.180       ,0.000       ,0.000       ,0.48021       ,7608          ,308.672         ,30.600        ,-0.107              ,0.000               ,-3777.458       ,0.00000           ,0.00000               
19:35:07.142546     ,0.049       ,0.000       ,0.869       ,5.180       ,0.000       ,0.000       ,0.48182       ,7629          ,310.518         ,29.800        ,-0.104              ,0.000               ,-3777.450       ,0.00000           ,0.00000               
19:35:07.162488     ,0.051       ,0.000       ,0.869       ,5.180       ,0.000       ,0.000       ,0.48336       ,7649          ,312.275         ,28.800        ,-0.101              ,0.000               ,-3777.442       ,0.00000           ,0.00000               
19:35:07.182491     ,0.049       ,0.000       ,0.869       ,5.180       ,0.000       ,0.000       ,0.48489       ,7669          ,314.033         ,28.200        ,-0.098              ,0.000               ,-3777.431       ,0.00000           ,0.00000               
19:35:07.202566     ,0.049       ,0.000       ,0.853       ,5.180       ,0.000       ,0.000       ,0.48650       ,7690          ,315.879         ,28.200        ,-0.098              ,0.000               ,-3777.420       ,0.00000           ,0.00000               
19:35:07.222787     ,0.049       ,0.000       ,0.853       ,5.180       ,0.000       ,0.000       ,0.48804       ,7710          ,317.637         ,28.800        ,-0.101              ,0.000               ,-3777.407       ,0.00000           ,0.00000               
19:35:07.243312     ,0.051       ,0.000       ,0.853       ,5.180       ,0.000       ,0.000       ,0.48965       ,7731          ,319.482         ,29.800        ,-0.104              ,0.000               ,-3777.395       ,0.00000           ,0.00000               
19:35:07.263750     ,0.051       ,0.000       ,0.836       ,5.180       ,0.000       ,0.000       ,0.49118       ,7751          ,321.240         ,30.600        ,-0.107              ,0.000               ,-3777.381       ,0.00000           ,0.00000               
19:35:07.284406     ,0.051       ,0.000       ,0.836       ,5.180       ,0.000       ,0.000       ,0.49279       ,7772          ,323.086         ,31.000        ,-0.108              ,0.000               ,-3777.370       ,0.00000           ,0.00000               
19:35:07.304991     ,0.049       ,0.000       ,0.836       ,5.180       ,0.000       ,0.000       ,0.49440       ,7793          ,324.932         ,31.200        ,-0.109              ,0.000               ,-3777.358       ,0.00000           ,0.00000               
19:35:07.325569     ,0.049       ,0.000       ,0.836       ,5.180       ,0.000       ,0.000       ,0.49601       ,7814          ,326.777         ,31.600        ,-0.110              ,0.000               ,-3777.348       ,0.00000           ,0.00000               
19:35:07.346394     ,0.049       ,0.000       ,0.836       ,5.180       ,0.000       ,0.000       ,0.49762       ,7835          ,328.623         ,32.000        ,-0.112              ,0.000               ,-3777.339       ,0.00000           ,0.00000               
19:35:07.366246     ,0.049       ,0.000       ,0.836       ,5.180       ,0.000       ,0.000       ,0.49923       ,7856          ,330.469         ,31.800        ,-0.111              ,0.000               ,-3777.330       ,0.00000           ,0.00000               
19:35:07.386971     ,0.051       ,0.000       ,0.885       ,5.180       ,0.000       ,0.000       ,0.50084       ,7877          ,332.314         ,31.200        ,-0.109              ,0.000               ,-3777.321       ,0.00000           ,0.00000               
19:35:07.407699     ,0.051       ,0.000       ,0.853       ,5.180       ,0.000       ,0.000       ,0.50253       ,7899          ,334.248         ,30.400        ,-0.106              ,0.000               ,-3777.311       ,0.00000           ,0.00000               
19:35:07.427573     ,0.051       ,0.000       ,0.853       ,5.180       ,0.000       ,0.000       ,0.50414       ,7920          ,336.094         ,30.000        ,-0.105              ,0.000               ,-3777.302       ,0.00000           ,0.00000               
19:35:07.448402     ,0.051       ,0.000       ,0.836       ,5.180       ,0.000       ,0.000       ,0.50583       ,7942          ,338.027         ,29.800        ,-0.104              ,0.000               ,-3777.293       ,0.00000           ,0.00000               
19:35:07.468980     ,0.049       ,0.000       ,0.836       ,5.180       ,0.000       ,0.000       ,0.50752       ,7964          ,339.961         ,29.600        ,-0.103              ,0.000               ,-3777.281       ,0.00000           ,0.00000               
19:35:07.489492     ,0.049       ,0.000       ,0.836       ,5.180       ,0.000       ,0.000       ,0.50920       ,7986          ,341.895         ,29.800        ,-0.104              ,0.000               ,-3777.269       ,0.00000           ,0.00000               
19:35:07.510205     ,0.051       ,0.000       ,0.869       ,5.180       ,0.000       ,0.000       ,0.51089       ,8008          ,343.828         ,30.600        ,-0.107              ,0.000               ,-3777.259       ,0.00000           ,0.00000               
19:35:07.530877     ,0.049       ,0.000       ,0.836       ,5.180       ,0.000       ,0.000       ,0.51258       ,8030          ,345.762         ,31.000        ,-0.108              ,0.000               ,-3777.250       ,0.00000           ,0.00000               
19:35:07.542573     ,0.049       ,0.000       ,0.836       ,5.180       ,0.000       ,0.000       ,0.51434       ,8053          ,347.783         ,31.000        ,-0.108              ,0.000               ,-3777.244       ,0.00000           ,0.00000               
19:35:07.562479     ,0.049       ,0.000       ,0.885       ,5.180       ,0.000       ,0.000       ,0.51603       ,8075          ,349.717         ,31.000        ,-0.108              ,0.000               ,-3777.234       ,0.00000           ,0.00000               
19:35:07.582453     ,0.049       ,0.000       ,0.885       ,5.180       ,0.000       ,0.000       ,0.51780       ,8098          ,351.738         ,31.000        ,-0.108              ,0.000               ,-3777.224       ,0.00000           ,0.00000               
19:35:07.602432     ,0.049       ,0.000       ,0.885       ,5.180       ,0.000       ,0.000       ,0.51948       ,8120          ,353.672         ,30.600        ,-0.107              ,0.000               ,-3777.216       ,0.00000           ,0.00000               
19:35:07.622483     ,0.049       ,0.000       ,0.836       ,5.180       ,0.000       ,0.000       ,0.52125       ,8143          ,355.693         ,29.800        ,-0.104              ,0.000               ,-3777.207       ,0.00000           ,0.00000               
19:35:07.642407     ,0.049       ,0.000       ,0.836       ,5.180       ,0.000       ,0.000       ,0.52301       ,8166          ,357.715         ,29.200        ,-0.102              ,0.000               ,-3777.197       ,0.00000           ,0.00000               
19:35:07.662518     ,0.049       ,0.000       ,0.836       ,5.180       ,0.000       ,0.000       ,0.52477       ,8189          ,359.736         ,29.000        ,-0.101              ,0.000               ,-3777.188       ,0.00000           ,0.00000               
19:35:07.682540     ,0.051       ,0.000       ,0.853       ,5.180       ,0.000       ,0.000       ,0.52654       ,8212          ,1.758           ,28.600        ,-0.100              ,0.000               ,-3777.180       ,0.00000           ,0.00000               
19:35:07.702470     ,0.051       ,0.000       ,0.885       ,5.180       ,0.000       ,0.000       ,0.52830       ,8235          ,3.779           ,28.200        ,-0.098              ,0.000               ,-3777.170       ,0.00000           ,0.00000               
19:35:07.722613     ,0.051       ,0.000       ,0.885       ,5.180       ,0.000       ,0.000       ,0.53007       ,8258          ,5.801           ,28.400        ,-0.099              ,0.000               ,-3777.157       ,0.00000           ,0.00000               
19:35:07.742527     ,0.049       ,0.000       ,0.869       ,5.160       ,0.000       ,0.000       ,0.53183       ,8281          ,7.822           ,29.600        ,-0.103              ,0.000               ,-3777.144       ,0.00000           ,0.00000               
19:35:07.762530     ,0.051       ,0.000       ,0.853       ,5.160       ,0.000       ,0.000       ,0.53367       ,8305          ,9.932           ,31.000        ,-0.108              ,0.000               ,-3777.133       ,0.00000           ,0.00000               
19:35:07.782503     ,0.051       ,0.000       ,0.853       ,5.160       ,0.000       ,0.000       ,0.53544       ,8328          ,11.953          ,31.800        ,-0.111              ,0.000               ,-3777.123       ,0.00000           ,0.00000               
19:35:07.803325     ,0.051       ,0.000       ,0.820       ,5.160       ,0.000       ,0.000       ,0.53720       ,8351          ,13.975          ,32.000        ,-0.112              ,0.000               ,-3777.112       ,0.00000           ,0.00000               
19:35:07.822450     ,0.051       ,0.000       ,0.820       ,5.160       ,0.000       ,0.000       ,0.53904       ,8375          ,16.084          ,32.000        ,-0.112              ,0.000               ,-3777.102       ,0.00000           ,0.00000               
19:35:07.842397     ,0.051       ,0.000       ,0.853       ,5.180       ,0.000       ,0.000       ,0.54080       ,8398          ,18.105          ,31.600        ,-0.110              ,0.000               ,-3777.092       ,0.00000           ,0.00000               
19:35:07.862520     ,0.049       ,0.000       ,0.836       ,5.180       ,0.000       ,0.000       ,0.54265       ,8422          ,20.215          ,31.200        ,-0.109              ,0.000               ,-3777.083       ,0.00000           ,0.00000               
19:35:07.882540     ,0.051       ,0.000       ,0.836       ,5.180       ,0.000       ,0.000       ,0.54441       ,8445          ,22.236          ,31.000        ,-0.108              ,0.000               ,-3777.073       ,0.00000           ,0.00000               
19:35:07.902530     ,0.051       ,0.000       ,0.869       ,5.180       ,0.000       ,0.000       ,0.54625       ,8469          ,24.346          ,30.600        ,-0.107              ,0.000               ,-3777.065       ,0.00000           ,0.00000               
19:35:07.922437     ,0.051       ,0.000       ,0.885       ,5.180       ,0.000       ,0.000       ,0.54801       ,8492          ,26.367          ,29.800        ,-0.104              ,0.000               ,-3777.056       ,0.00000           ,0.00000               
19:35:07.942443     ,0.049       ,0.000       ,0.885       ,5.180       ,0.000       ,0.000       ,0.54986       ,8516          ,28.477          ,29.200        ,-0.102              ,0.000               ,-3777.046       ,0.00000           ,0.00000               
19:35:07.962583     ,0.049       ,0.000       ,0.869       ,5.180       ,0.000       ,0.000       ,0.55170       ,8540          ,30.586          ,29.400        ,-0.103              ,0.000               ,-3777.034       ,0.00000           ,0.00000               
19:35:07.982578     ,0.049       ,0.000       ,0.885       ,5.180       ,0.000       ,0.000       ,0.55354       ,8564          ,32.695          ,30.200        ,-0.105              ,0.000               ,-3777.022       ,0.00000           ,0.00000               
19:35:08.002541     ,0.051       ,0.000       ,0.885       ,5.180       ,0.000       ,0.000       ,0.55538       ,8588          ,34.805          ,30.800        ,-0.108              ,0.000               ,-3777.014       ,0.00000           ,0.00000               
19:35:08.022447     ,0.051       ,0.000       ,0.853       ,5.180       ,0.000       ,0.000       ,0.55730       ,8613          ,37.002          ,30.600        ,-0.107              ,0.000               ,-3777.005       ,0.00000           ,0.00000               
19:35:08.042488     ,0.047       ,0.000       ,0.836       ,5.190       ,0.000       ,0.000       ,0.55914       ,8637          ,39.111          ,29.800        ,-0.104              ,0.000               ,-3776.994       ,0.00000           ,0.00000               
19:35:08.062833     ,0.049       ,0.000       ,0.836       ,5.190       ,0.000       ,0.000       ,0.56105       ,8662          ,41.309          ,29.400        ,-0.103              ,0.000               ,-3776.983       ,0.00000           ,0.00000               
19:35:08.083312     ,0.049       ,0.000       ,0.853       ,5.190       ,0.000       ,0.000       ,0.56289       ,8686          ,43.418          ,29.600        ,-0.103              ,0.000               ,-3776.972       ,0.00000           ,0.00000               
19:35:08.104036     ,0.051       ,0.000       ,0.836       ,5.190       ,0.000       ,0.000       ,0.56481       ,8711          ,45.615          ,30.000        ,-0.105              ,0.000               ,-3776.960       ,0.00000           ,0.00000               
19:35:08.123578     ,0.051       ,0.000       ,0.836       ,5.190       ,0.000       ,0.000       ,0.56673       ,8736          ,47.812          ,29.800        ,-0.104              ,0.000               ,-3776.951       ,0.00000           ,0.00000               
19:35:08.144196     ,0.051       ,0.000       ,0.836       ,5.190       ,0.000       ,0.000       ,0.56865       ,8761          ,50.010          ,29.400        ,-0.103              ,0.000               ,-3776.943       ,0.00000           ,0.00000               
19:35:08.164895     ,0.051       ,0.000       ,0.853       ,5.190       ,0.000       ,0.000       ,0.57056       ,8786          ,52.207          ,28.800        ,-0.101              ,0.000               ,-3776.934       ,0.00000           ,0.00000               
19:35:08.185433     ,0.049       ,0.000       ,0.853       ,5.190       ,0.000       ,0.000       ,0.57256       ,8812          ,54.492          ,28.400        ,-0.099              ,0.000               ,-3776.923       ,0.00000           ,0.00000               
19:35:08.205874     ,0.049       ,0.000       ,0.836       ,5.190       ,0.000       ,0.000       ,0.57448       ,8837          ,56.689          ,28.200        ,-0.098              ,0.000               ,-3776.911       ,0.00000           ,0.00000               
19:35:08.226598     ,0.049       ,0.000       ,0.836       ,5.190       ,0.000       ,0.000       ,0.57639       ,8862          ,58.887          ,28.800        ,-0.101              ,0.000               ,-3776.900       ,0.00000           ,0.00000               
19:35:08.247247     ,0.051       ,0.000       ,0.836       ,5.190       ,0.000       ,0.000       ,0.57831       ,8887          ,61.084          ,29.600        ,-0.103              ,0.000               ,-3776.890       ,0.00000           ,0.00000               
19:35:08.267656     ,0.051       ,0.000       ,0.836       ,5.190       ,0.000       ,0.000       ,0.58023       ,8912          ,63.281          ,30.000        ,-0.105              ,0.000               ,-3776.880       ,0.00000           ,0.00000               
19:35:08.287300     ,0.051       ,0.000       ,0.836       ,5.190       ,0.000       ,0.000       ,0.58222       ,8938          ,65.566          ,30.200        ,-0.105              ,0.000               ,-3776.868       ,0.00000           ,0.00000               
19:35:08.307896     ,0.051       ,0.000       ,0.836       ,5.190       ,0.000       ,0.000       ,0.58414       ,8963          ,67.764          ,30.800        ,-0.108              ,0.000               ,-3776.857       ,0.00000           ,0.00000               
19:35:08.328770     ,0.049       ,0.000       ,0.836       ,5.190       ,0.000       ,0.000       ,0.58606       ,8988          ,69.961          ,31.600        ,-0.110              ,0.000               ,-3776.846       ,0.00000           ,0.00000               
19:35:08.349517     ,0.049       ,0.000       ,0.853       ,5.190       ,0.000       ,0.000       ,0.58797       ,9013          ,72.158          ,32.000        ,-0.112              ,0.000               ,-3776.836       ,0.00000           ,0.00000               
19:35:08.370084     ,0.049       ,0.000       ,0.853       ,5.190       ,0.000       ,0.000       ,0.58989       ,9038          ,74.355          ,31.800        ,-0.111              ,0.000               ,-3776.827       ,0.00000           ,0.00000               
19:35:08.389758     ,0.051       ,0.000       ,0.869       ,5.190       ,0.000       ,0.000       ,0.59181       ,9063          ,76.553          ,31.400        ,-0.110              ,0.000               ,-3776.818       ,0.00000           ,0.00000               
19:35:08.409213     ,0.049       ,0.000       ,0.836       ,5.190       ,0.000       ,0.000       ,0.59373       ,9088          ,78.750          ,30.800        ,-0.108              ,0.000               ,-3776.809       ,0.00000           ,0.00000               
19:35:08.429816     ,0.049       ,0.000       ,0.836       ,5.190       ,0.000       ,0.000       ,0.59572       ,9114          ,81.035          ,30.200        ,-0.105              ,0.000               ,-3776.800       ,0.00000           ,0.00000               
19:35:08.450588     ,0.051       ,0.000       ,0.836       ,5.200       ,0.000       ,0.000       ,0.59764       ,9139          ,83.232          ,29.400        ,-0.103              ,0.000               ,-3776.790       ,0.00000           ,0.00000               
19:35:08.462485     ,0.049       ,0.000       ,0.885       ,5.200       ,0.000       ,0.000       ,0.59956       ,9164          ,85.430          ,29.000        ,-0.101              ,0.000               ,-3776.785       ,0.00000           ,0.00000               
19:35:08.489753     ,0.049       ,0.000       ,0.885       ,5.200       ,0.000       ,0.000       ,0.60147       ,9189          ,87.627          ,29.200        ,-0.102              ,0.000               ,-3776.769       ,0.00000           ,0.00000               
19:35:08.509300     ,0.051       ,0.000       ,0.836       ,5.200       ,0.000       ,0.000       ,0.60331       ,9213          ,89.736          ,29.600        ,-0.103              ,0.000               ,-3776.758       ,0.00000           ,0.00000               
19:35:08.529832     ,0.049       ,0.000       ,0.836       ,5.200       ,0.000       ,0.000       ,0.60493       ,9234          ,91.582          ,30.000        ,-0.105              ,0.000               ,-3776.748       ,0.00000           ,0.00000               
19:35:08.550571     ,0.049       ,0.000       ,0.836       ,5.070       ,0.000       ,0.000       ,0.60654       ,9255          ,93.428          ,30.200        ,-0.105              ,0.000               ,-3776.737       ,0.00000           ,0.00000               
19:35:08.562516     ,0.051       ,0.000       ,0.885       ,5.070       ,0.000       ,0.000       ,0.60799       ,9274          ,95.098          ,30.600        ,-0.107              ,0.000               ,-3776.732       ,0.00000           ,0.00000               
19:35:08.582417     ,0.049       ,0.000       ,0.885       ,5.070       ,0.000       ,0.000       ,0.60930       ,9291          ,96.592          ,31.000        ,-0.108              ,0.000               ,-3776.723       ,0.00000           ,0.00000               
19:35:08.602539     ,0.049       ,0.000       ,0.885       ,5.070       ,0.000       ,0.000       ,0.61060       ,9308          ,98.086          ,30.600        ,-0.107              ,0.000               ,-3776.713       ,0.00000           ,0.00000               
19:35:08.622553     ,0.051       ,0.000       ,0.836       ,5.070       ,0.000       ,0.000       ,0.61175       ,9323          ,99.404          ,30.200        ,-0.105              ,0.000               ,-3776.703       ,0.00000           ,0.00000               
19:35:08.643361     ,0.051       ,0.000       ,0.836       ,5.040       ,0.000       ,0.000       ,0.61275       ,9336          ,100.547         ,30.000        ,-0.105              ,0.000               ,-3776.694       ,0.00000           ,0.00000               
19:35:08.662456     ,0.051       ,0.000       ,0.836       ,5.040       ,0.000       ,0.000       ,0.61375       ,9349          ,101.689         ,29.600        ,-0.103              ,0.000               ,-3776.687       ,0.00000           ,0.00000               
19:35:08.682417     ,0.049       ,0.000       ,0.869       ,5.040       ,0.000       ,0.000       ,0.61459       ,9360          ,102.656         ,28.800        ,-0.101              ,0.000               ,-3776.678       ,0.00000           ,0.00000               
19:35:08.702373     ,0.049       ,0.000       ,0.869       ,5.040       ,0.000       ,0.000       ,0.61528       ,9369          ,103.447         ,28.200        ,-0.098              ,0.000               ,-3776.667       ,0.00000           ,0.00000               
19:35:08.722505     ,0.049       ,0.000       ,0.869       ,5.040       ,0.000       ,0.000       ,0.61589       ,9377          ,104.150         ,28.400        ,-0.099              ,0.000               ,-3776.654       ,0.00000           ,0.00000               
19:35:08.742572     ,0.049       ,0.000       ,0.885       ,5.040       ,0.000       ,0.000       ,0.61643       ,9384          ,104.766         ,29.600        ,-0.103              ,0.000               ,-3776.642       ,0.00000           ,0.00000               
19:35:08.762452     ,0.049       ,0.000       ,0.885       ,5.040       ,0.000       ,0.000       ,0.61689       ,9390          ,105.293         ,31.000        ,-0.108              ,0.000               ,-3776.631       ,0.00000           ,0.00000               
19:35:08.782413     ,0.049       ,0.000       ,0.836       ,5.040       ,0.000       ,0.000       ,0.61727       ,9395          ,105.732         ,31.800        ,-0.111              ,0.000               ,-3776.620       ,0.00000           ,0.00000               
19:35:08.802456     ,0.049       ,0.000       ,0.853       ,5.040       ,0.000       ,0.000       ,0.61758       ,9399          ,106.084         ,32.000        ,-0.112              ,0.000               ,-3776.609       ,0.00000           ,0.00000               
19:35:08.822609     ,0.049       ,0.000       ,0.853       ,5.040       ,0.000       ,0.000       ,0.61773       ,9401          ,106.260         ,32.000        ,-0.112              ,0.000               ,-3776.598       ,0.00000           ,0.00000               
19:35:08.842518     ,0.049       ,0.000       ,0.836       ,5.080       ,0.000       ,0.000       ,0.61781       ,9402          ,106.348         ,32.000        ,-0.112              ,0.000               ,-3776.588       ,0.00000           ,0.00000               
19:35:08.862470     ,0.049       ,0.000       ,0.885       ,5.080       ,0.000       ,0.000       ,0.61789       ,9403          ,106.436         ,31.600        ,-0.110              ,0.000               ,-3776.579       ,0.00000           ,0.00000               
19:35:08.882521     ,0.049       ,0.000       ,0.885       ,5.080       ,0.000       ,0.000       ,0.61789       ,9403          ,106.436         ,30.800        ,-0.108              ,0.000               ,-3776.572       ,0.00000           ,0.00000               
19:35:08.902433     ,0.049       ,0.000       ,0.853       ,5.080       ,0.000       ,0.000       ,0.61789       ,9403          ,106.436         ,29.800        ,-0.104              ,0.000               ,-3776.563       ,0.00000           ,0.00000               
19:35:08.922557     ,0.051       ,0.000       ,0.885       ,5.080       ,0.000       ,0.000       ,0.61773       ,9401          ,106.260         ,29.200        ,-0.102              ,0.000               ,-3776.554       ,0.00000           ,0.00000               
19:35:08.942516     ,0.049       ,0.000       ,0.885       ,5.100       ,0.000       ,0.000       ,0.61758       ,9399          ,106.084         ,29.000        ,-0.101              ,0.000               ,-3776.543       ,0.00000           ,0.00000               
19:35:08.962468     ,0.049       ,0.000       ,0.869       ,5.100       ,0.000       ,0.000       ,0.61750       ,9398          ,105.996         ,29.400        ,-0.103              ,0.000               ,-3776.531       ,0.00000           ,0.00000               
19:35:08.982463     ,0.051       ,0.000       ,0.885       ,5.100       ,0.000       ,0.000       ,0.61735       ,9396          ,105.820         ,30.000        ,-0.105              ,0.000               ,-3776.519       ,0.00000           ,0.00000               
19:35:09.002650     ,0.051       ,0.000       ,0.885       ,5.100       ,0.000       ,0.000       ,0.61727       ,9395          ,105.732         ,30.600        ,-0.107              ,0.000               ,-3776.509       ,0.00000           ,0.00000               
19:35:09.023302     ,0.051       ,0.000       ,0.820       ,5.100       ,0.000       ,0.000       ,0.61712       ,9393          ,105.557         ,30.800        ,-0.108              ,0.000               ,-3776.495       ,0.00000           ,0.00000               
19:35:09.043998     ,0.051       ,0.000       ,0.836       ,5.130       ,0.000       ,0.000       ,0.61704       ,9392          ,105.469         ,30.600        ,-0.107              ,0.000               ,-3776.483       ,0.00000           ,0.00000               
19:35:09.064707     ,0.049       ,0.000       ,0.836       ,5.130       ,0.000       ,0.000       ,0.61697       ,9391          ,105.381         ,30.600        ,-0.107              ,0.000               ,-3776.473       ,0.00000           ,0.00000               
19:35:09.086473     ,0.049       ,0.000       ,0.869       ,5.130       ,0.000       ,0.000       ,0.61689       ,9390          ,105.293         ,31.000        ,-0.108              ,0.000               ,-3776.465       ,0.00000           ,0.00000               
19:35:09.107001     ,0.051       ,0.000       ,0.853       ,5.130       ,0.000       ,0.000       ,0.61681       ,9389          ,105.205         ,30.800        ,-0.108              ,0.000               ,-3776.457       ,0.00000           ,0.00000               
19:35:09.127713     ,0.051       ,0.000       ,0.853       ,5.130       ,0.000       ,0.000       ,0.61681       ,9389          ,105.205         ,30.200        ,-0.105              ,0.000               ,-3776.448       ,0.00000           ,0.00000               
19:35:09.147197     ,0.051       ,0.000       ,0.836       ,5.120       ,0.000       ,0.000       ,0.61681       ,9389          ,105.205         ,29.200        ,-0.102              ,0.000               ,-3776.439       ,0.00000           ,0.00000               
19:35:09.167874     ,0.051       ,0.000       ,0.869       ,5.120       ,0.000       ,0.000       ,0.61681       ,9389          ,105.205         ,28.400        ,-0.099              ,0.000               ,-3776.429       ,0.00000           ,0.00000               
19:35:09.188580     ,0.051       ,0.000       ,0.869       ,5.120       ,0.000       ,0.000       ,0.61681       ,9389          ,105.205         ,28.200        ,-0.098              ,0.000               ,-3776.418       ,0.00000           ,0.00000               
19:35:09.209186     ,0.051       ,0.000       ,0.836       ,5.120       ,0.000       ,0.000       ,0.61681       ,9389          ,105.205         ,28.800        ,-0.101              ,0.000               ,-3776.407       ,0.00000           ,0.00000               
19:35:09.230729     ,0.049       ,0.000       ,0.885       ,5.120       ,0.000       ,0.000       ,0.61681       ,9389          ,105.205         ,29.800        ,-0.104              ,0.000               ,-3776.396       ,0.00000           ,0.00000               
19:35:09.242381     ,0.049       ,0.000       ,0.885       ,5.100       ,0.000       ,0.000       ,0.61681       ,9389          ,105.205         ,30.600        ,-0.107              ,0.000               ,-3776.390       ,0.00000           ,0.00000               
19:35:09.262554     ,0.049       ,0.000       ,0.836       ,5.100       ,0.000       ,0.000       ,0.61681       ,9389          ,105.205         ,31.000        ,-0.108              ,0.000               ,-3776.380       ,0.00000           ,0.00000               
19:35:09.282522     ,0.051       ,0.000       ,0.836       ,5.100       ,0.000       ,0.000       ,0.61681       ,9389          ,105.205         ,31.000        ,-0.108              ,0.000               ,-3776.368       ,0.00000           ,0.00000               
19:35:09.302437     ,0.051       ,0.000       ,0.836       ,5.100       ,0.000       ,0.000       ,0.61674       ,9388          ,105.117         ,31.400        ,-0.110              ,0.000               ,-3776.357       ,0.00000           ,0.00000               
19:35:09.322428     ,0.049       ,0.000       ,0.885       ,5.100       ,0.000       ,0.000       ,0.61674       ,9388          ,105.117         ,31.800        ,-0.111              ,0.000               ,-3776.347       ,0.00000           ,0.00000               
19:35:09.342389     ,0.049       ,0.000       ,0.836       ,5.080       ,0.000       ,0.000       ,0.61666       ,9387          ,105.029         ,31.600        ,-0.110              ,0.000               ,-3776.338       ,0.00000           ,0.00000               
19:35:09.362407     ,0.049       ,0.000       ,0.836       ,5.080       ,0.000       ,0.000       ,0.61658       ,9386          ,104.941         ,31.200        ,-0.109              ,0.000               ,-3776.329       ,0.00000           ,0.00000               
19:35:09.382536     ,0.049       ,0.000       ,0.836       ,5.080       ,0.000       ,0.000       ,0.61651       ,9385          ,104.854         ,30.600        ,-0.107              ,0.000               ,-3776.320       ,0.00000           ,0.00000               
19:35:09.402496     ,0.051       ,0.000       ,0.869       ,5.080       ,0.000       ,0.000       ,0.61651       ,9385          ,104.854         ,29.800        ,-0.104              ,0.000               ,-3776.311       ,0.00000           ,0.00000               
19:35:09.422467     ,0.051       ,0.000       ,0.869       ,5.080       ,0.000       ,0.000       ,0.61643       ,9384          ,104.766         ,29.200        ,-0.102              ,0.000               ,-3776.302       ,0.00000           ,0.00000               
19:35:09.442392     ,0.051       ,0.000       ,0.885       ,5.070       ,0.000       ,0.000       ,0.61635       ,9383          ,104.678         ,29.000        ,-0.101              ,0.000               ,-3776.293       ,0.00000           ,0.00000               
19:35:09.462601     ,0.051       ,0.000       ,0.836       ,5.070       ,0.000       ,0.000       ,0.61620       ,9381          ,104.502         ,29.000        ,-0.101              ,0.000               ,-3776.281       ,0.00000           ,0.00000               
19:35:09.482545     ,0.051       ,0.000       ,0.836       ,5.070       ,0.000       ,0.000       ,0.61612       ,9380          ,104.414         ,29.400        ,-0.103              ,0.000               ,-3776.270       ,0.00000           ,0.00000               
19:35:09.502502     ,0.051       ,0.000       ,0.853       ,5.070       ,0.000       ,0.000       ,0.61597       ,9378          ,104.238         ,29.800        ,-0.104              ,0.000               ,-3776.260       ,0.00000           ,0.00000               
19:35:09.522452     ,0.051       ,0.000       ,0.869       ,5.070       ,0.000       ,0.000       ,0.61589       ,9377          ,104.150         ,30.000        ,-0.105              ,0.000               ,-3776.250       ,0.00000           ,0.00000               
19:35:09.542408     ,0.051       ,0.000       ,0.869       ,5.060       ,0.000       ,0.000       ,0.61582       ,9376          ,104.062         ,30.000        ,-0.105              ,0.000               ,-3776.240       ,0.00000           ,0.00000               
19:35:09.562434     ,0.051       ,0.000       ,0.836       ,5.060       ,0.000       ,0.000       ,0.61566       ,9374          ,103.887         ,30.000        ,-0.105              ,0.000               ,-3776.230       ,0.00000           ,0.00000               
19:35:09.582534     ,0.051       ,0.000       ,0.836       ,5.060       ,0.000       ,0.000       ,0.61551       ,9372          ,103.711         ,30.000        ,-0.105              ,0.000               ,-3776.221       ,0.00000           ,0.00000               
19:35:09.602491     ,0.051       ,0.000       ,0.836       ,5.060       ,0.000       ,0.000       ,0.61543       ,9371          ,103.623         ,30.000        ,-0.105              ,0.000               ,-3776.212       ,0.00000           ,0.00000               
19:35:09.622460     ,0.051       ,0.000       ,0.836       ,5.060       ,0.000       ,0.000       ,0.61536       ,9370          ,103.535         ,29.600        ,-0.103              ,0.000               ,-3776.202       ,0.00000           ,0.00000               
19:35:09.642508     ,0.049       ,0.000       ,0.836       ,5.040       ,0.000       ,0.000       ,0.61520       ,9368          ,103.359         ,29.200        ,-0.102              ,0.000               ,-3776.194       ,0.00000           ,0.00000               
19:35:09.662409     ,0.049       ,0.000       ,0.836       ,5.040       ,0.000       ,0.000       ,0.61513       ,9367          ,103.271         ,28.600        ,-0.100              ,0.000               ,-3776.186       ,0.00000           ,0.00000               
19:35:09.682366     ,0.049       ,0.000       ,0.836       ,5.040       ,0.000       ,0.000       ,0.61505       ,9366          ,103.184         ,28.200        ,-0.098              ,0.000               ,-3776.177       ,0.00000           ,0.00000               
19:35:09.702559     ,0.049       ,0.000       ,0.836       ,5.040       ,0.000       ,0.000       ,0.61497       ,9365          ,103.096         ,28.000        ,-0.098              ,0.000               ,-3776.165       ,0.00000           ,0.00000               
19:35:09.722550     ,0.049       ,0.000       ,0.869       ,5.040       ,0.000       ,0.000       ,0.61490       ,9364          ,103.008         ,28.800        ,-0.101              ,0.000               ,-3776.152       ,0.00000           ,0.00000               
19:35:09.742509     ,0.049       ,0.000       ,0.836       ,5.060       ,0.000       ,0.000       ,0.61482       ,9363          ,102.920         ,30.000        ,-0.105              ,0.000               ,-3776.141       ,0.00000           ,0.00000               
19:35:09.762449     ,0.051       ,0.000       ,0.836       ,5.060       ,0.000       ,0.000       ,0.61474       ,9362          ,102.832         ,30.800        ,-0.108              ,0.000               ,-3776.132       ,0.00000           ,0.00000               
19:35:09.782575     ,0.051       ,0.000       ,0.869       ,5.060       ,0.000       ,0.000       ,0.61474       ,9362          ,102.832         ,31.000        ,-0.108              ,0.000               ,-3776.122       ,0.00000           ,0.00000               
19:35:09.802567     ,0.049       ,0.000       ,0.836       ,5.060       ,0.000       ,0.000       ,0.61474       ,9362          ,102.832         ,31.000        ,-0.108              ,0.000               ,-3776.111       ,0.00000           ,0.00000               
19:35:09.822513     ,0.051       ,0.000       ,0.836       ,5.060       ,0.000       ,0.000       ,0.61474       ,9362          ,102.832         ,31.000        ,-0.108              ,0.000               ,-3776.100       ,0.00000           ,0.00000               
19:35:09.842500     ,0.051       ,0.000       ,0.853       ,5.040       ,0.000       ,0.000       ,0.61474       ,9362          ,102.832         ,31.000        ,-0.108              ,0.000               ,-3776.090       ,0.00000           ,0.00000               
19:35:09.862489     ,0.051       ,0.000       ,0.869       ,5.040       ,0.000       ,0.000       ,0.61467       ,9361          ,102.744         ,31.000        ,-0.108              ,0.000               ,-3776.080       ,0.00000           ,0.00000               
19:35:09.882611     ,0.051       ,0.000       ,0.869       ,5.040       ,0.000       ,0.000       ,0.61467       ,9361          ,102.744         ,30.600        ,-0.107              ,0.000               ,-3776.071       ,0.00000           ,0.00000               
19:35:09.902500     ,0.051       ,0.000       ,0.836       ,5.040       ,0.000       ,0.000       ,0.61467       ,9361          ,102.744         ,29.800        ,-0.104              ,0.000               ,-3776.063       ,0.00000           ,0.00000               
19:35:09.922501     ,0.051       ,0.000       ,0.836       ,5.040       ,0.000       ,0.000       ,0.61467       ,9361          ,102.744         ,29.200        ,-0.102              ,0.000               ,-3776.054       ,0.00000           ,0.00000               
19:35:09.942479     ,0.051       ,0.000       ,0.836       ,5.040       ,0.000       ,0.000       ,0.61467       ,9361          ,102.744         ,29.000        ,-0.101              ,0.000               ,-3776.043       ,0.00000           ,0.00000               
19:35:09.963186     ,0.051       ,0.000       ,0.885       ,5.040       ,0.000       ,0.000       ,0.61467       ,9361          ,102.744         ,29.200        ,-0.102              ,0.000               ,-3776.027       ,0.00000           ,0.00000               
19:35:09.983825     ,0.049       ,0.000       ,0.836       ,5.040       ,0.000       ,0.000       ,0.61474       ,9362          ,102.832         ,29.600        ,-0.103              ,0.000               ,-3776.018       ,0.00000           ,0.00000               
19:35:10.004563     ,0.051       ,0.000       ,0.836       ,5.040       ,0.000       ,0.000       ,0.61474       ,9362          ,102.832         ,30.000        ,-0.105              ,0.000               ,-3776.010       ,0.00000           ,0.00000               
19:35:10.025380     ,0.051       ,0.000       ,0.869       ,5.040       ,0.000       ,0.000       ,0.61474       ,9362          ,102.832         ,29.800        ,-0.104              ,0.000               ,-3776.000       ,0.00000           ,0.00000               
19:35:10.046204     ,0.051       ,0.000       ,0.885       ,5.070       ,0.000       ,0.000       ,0.61482       ,9363          ,102.920         ,29.400        ,-0.103              ,0.000               ,-3775.988       ,0.00000           ,0.00000               
19:35:10.066847     ,0.051       ,0.000       ,0.885       ,5.070       ,0.000       ,0.000       ,0.61482       ,9363          ,102.920         ,29.200        ,-0.102              ,0.000               ,-3775.977       ,0.00000           ,0.00000               
19:35:10.087578     ,0.051       ,0.000       ,0.836       ,5.070       ,0.000       ,0.000       ,0.61482       ,9363          ,102.920         ,29.600        ,-0.103              ,0.000               ,-3775.968       ,0.00000           ,0.00000               
19:35:10.108228     ,0.049       ,0.000       ,0.853       ,5.070       ,0.000       ,0.000       ,0.61490       ,9364          ,103.008         ,30.000        ,-0.105              ,0.000               ,-3775.959       ,0.00000           ,0.00000               
19:35:10.128767     ,0.049       ,0.000       ,0.853       ,5.070       ,0.000       ,0.000       ,0.61490       ,9364          ,103.008         ,29.800        ,-0.104              ,0.000               ,-3775.951       ,0.00000           ,0.00000               
19:35:10.149597     ,0.049       ,0.000       ,0.836       ,5.070       ,0.000       ,0.000       ,0.61490       ,9364          ,103.008         ,29.200        ,-0.102              ,0.000               ,-3775.942       ,0.00000           ,0.00000               
19:35:10.169305     ,0.051       ,0.000       ,0.836       ,5.070       ,0.000       ,0.000       ,0.61490       ,9364          ,103.008         ,28.400        ,-0.099              ,0.000               ,-3775.934       ,0.00000           ,0.00000               
19:35:10.190026     ,0.051       ,0.000       ,0.836       ,5.070       ,0.000       ,0.000       ,0.61490       ,9364          ,103.008         ,28.000        ,-0.098              ,0.000               ,-3775.923       ,0.00000           ,0.00000               
19:35:10.210733     ,0.049       ,0.000       ,0.836       ,5.070       ,0.000       ,0.000       ,0.61490       ,9364          ,103.008         ,28.200        ,-0.098              ,0.000               ,-3775.912       ,0.00000           ,0.00000               
19:35:10.222510     ,0.051       ,0.000       ,0.885       ,5.070       ,0.000       ,0.000       ,0.61490       ,9364          ,103.008         ,28.600        ,-0.100              ,0.000               ,-3775.906       ,0.00000           ,0.00000               
19:35:10.242516     ,0.051       ,0.000       ,0.885       ,5.060       ,0.000       ,0.000       ,0.61490       ,9364          ,103.008         ,29.400        ,-0.103              ,0.000               ,-3775.896       ,0.00000           ,0.00000               
19:35:10.262495     ,0.049       ,0.000       ,0.885       ,5.060       ,0.000       ,0.000       ,0.61490       ,9364          ,103.008         ,29.800        ,-0.104              ,0.000               ,-3775.886       ,0.00000           ,0.00000               
19:35:10.282455     ,0.051       ,0.000       ,0.836       ,5.060       ,0.000       ,0.000       ,0.61482       ,9363          ,102.920         ,30.000        ,-0.105              ,0.000               ,-3775.875       ,0.00000           ,0.00000               
19:35:10.302393     ,0.051       ,0.000       ,0.836       ,5.060       ,0.000       ,0.000       ,0.61482       ,9363          ,102.920         ,30.000        ,-0.105              ,0.000               ,-3775.864       ,0.00000           ,0.00000               
19:35:10.322442     ,0.049       ,0.000       ,0.869       ,5.060       ,0.000       ,0.000       ,0.61474       ,9362          ,102.832         ,30.400        ,-0.106              ,0.000               ,-3775.853       ,0.00000           ,0.00000               
19:35:10.342537     ,0.049       ,0.000       ,0.869       ,5.060       ,0.000       ,0.000       ,0.61474       ,9362          ,102.832         ,30.800        ,-0.108              ,0.000               ,-3775.843       ,0.00000           ,0.00000               
19:35:10.362481     ,0.049       ,0.000       ,0.869       ,5.060       ,0.000       ,0.000       ,0.61474       ,9362          ,102.832         ,31.000        ,-0.108              ,0.000               ,-3775.834       ,0.00000           ,0.00000               
19:35:10.382459     ,0.051       ,0.000       ,0.885       ,5.060       ,0.000       ,0.000       ,0.61474       ,9362          ,102.832         ,30.600        ,-0.107              ,0.000               ,-3775.825       ,0.00000           ,0.00000               
19:35:10.402438     ,0.049       ,0.000       ,0.853       ,5.060       ,0.000       ,0.000       ,0.61474       ,9362          ,102.832         ,30.200        ,-0.105              ,0.000               ,-3775.816       ,0.00000           ,0.00000               
19:35:10.422442     ,0.049       ,0.000       ,0.853       ,5.060       ,0.000       ,0.000       ,0.61474       ,9362          ,102.832         ,29.600        ,-0.103              ,0.000               ,-3775.807       ,0.00000           ,0.00000               
19:35:10.442589     ,0.051       ,0.000       ,0.836       ,5.060       ,0.000       ,0.000       ,0.61474       ,9362          ,102.832         ,29.200        ,-0.102              ,0.000               ,-3775.798       ,0.00000           ,0.00000               
19:35:10.462499     ,0.049       ,0.000       ,0.853       ,5.060       ,0.000       ,0.000       ,0.61474       ,9362          ,102.832         ,29.000        ,-0.101              ,0.000               ,-3775.788       ,0.00000           ,0.00000               
19:35:10.482529     ,0.049       ,0.000       ,0.853       ,5.060       ,0.000       ,0.000       ,0.61474       ,9362          ,102.832         ,29.000        ,-0.101              ,0.000               ,-3775.778       ,0.00000           ,0.00000               
19:35:10.502428     ,0.051       ,0.000       ,0.853       ,5.060       ,0.000       ,0.000       ,0.61474       ,9362          ,102.832         ,29.000        ,-0.101              ,0.000               ,-3775.768       ,0.00000           ,0.00000               
19:35:10.522447     ,0.051       ,0.000       ,0.885       ,5.060       ,0.000       ,0.000       ,0.61482       ,9363          ,102.920         ,29.000        ,-0.101              ,0.000               ,-3775.758       ,0.00000           ,0.00000               
19:35:10.542589     ,0.051       ,0.000       ,0.885       ,5.060       ,0.000       ,0.000       ,0.61482       ,9363          ,102.920         ,29.400        ,-0.103              ,0.000               ,-3775.747       ,0.00000           ,0.00000               
19:35:10.562479     ,0.049       ,0.000       ,0.836       ,5.060       ,0.000       ,0.000       ,0.61482       ,9363          ,102.920         ,29.800        ,-0.104              ,0.000               ,-3775.736       ,0.00000           ,0.00000               
19:35:10.582535     ,0.049       ,0.000       ,0.853       ,5.060       ,0.000       ,0.000       ,0.61482       ,9363          ,102.920         ,30.000        ,-0.105              ,0.000               ,-3775.727       ,0.00000           ,0.00000               
19:35:10.602448     ,0.049       ,0.000       ,0.853       ,5.060       ,0.000       ,0.000       ,0.61490       ,9364          ,103.008         ,30.000        ,-0.105              ,0.000               ,-3775.718       ,0.00000           ,0.00000               
19:35:10.622445     ,0.051       ,0.000       ,0.885       ,5.060       ,0.000       ,0.000       ,0.61490       ,9364          ,103.008         ,30.000        ,-0.105              ,0.000               ,-3775.707       ,0.00000           ,0.00000               
19:35:10.642384     ,0.051       ,0.000       ,0.885       ,5.070       ,0.000       ,0.000       ,0.61490       ,9364          ,103.008         ,29.600        ,-0.103              ,0.000               ,-3775.698       ,0.00000           ,0.00000               
19:35:10.662532     ,0.051       ,0.000       ,0.853       ,5.070       ,0.000       ,0.000       ,0.61490       ,9364          ,103.008         ,29.000        ,-0.101              ,0.000               ,-3775.690       ,0.00000           ,0.00000               
19:35:10.682932     ,0.051       ,0.000       ,0.836       ,5.070       ,0.000       ,0.000       ,0.61490       ,9364          ,103.008         ,28.400        ,-0.099              ,0.000               ,-3775.681       ,0.00000           ,0.00000               
19:35:10.703380     ,0.049       ,0.000       ,0.836       ,5.070       ,0.000       ,0.000       ,0.61490       ,9364          ,103.008         ,27.800        ,-0.097              ,0.000               ,-3775.668       ,0.00000           ,0.00000               
19:35:10.724898     ,0.049       ,0.000       ,0.869       ,5.070       ,0.000       ,0.000       ,0.61490       ,9364          ,103.008         ,27.800        ,-0.097              ,0.000               ,-3775.656       ,0.00000           ,0.00000               
19:35:10.745552     ,0.049       ,0.000       ,0.836       ,5.070       ,0.000       ,0.000       ,0.61490       ,9364          ,103.008         ,28.400        ,-0.099              ,0.000               ,-3775.644       ,0.00000           ,0.00000               
19:35:10.765109     ,0.049       ,0.000       ,0.836       ,5.070       ,0.000       ,0.000       ,0.61482       ,9363          ,102.920         ,29.800        ,-0.104              ,0.000               ,-3775.633       ,0.00000           ,0.00000               
19:35:10.785701     ,0.049       ,0.000       ,0.836       ,5.070       ,0.000       ,0.000       ,0.61482       ,9363          ,102.920         ,30.600        ,-0.107              ,0.000               ,-3775.623       ,0.00000           ,0.00000               
19:35:10.806246     ,0.051       ,0.000       ,0.853       ,5.070       ,0.000       ,0.000       ,0.61482       ,9363          ,102.920         ,31.000        ,-0.108              ,0.000               ,-3775.612       ,0.00000           ,0.00000               
19:35:10.826839     ,0.049       ,0.000       ,0.853       ,5.070       ,0.000       ,0.000       ,0.61482       ,9363          ,102.920         ,31.000        ,-0.108              ,0.000               ,-3775.601       ,0.00000           ,0.00000               
19:35:10.847426     ,0.049       ,0.000       ,0.820       ,5.060       ,0.000       ,0.000       ,0.61482       ,9363          ,102.920         ,31.200        ,-0.109              ,0.000               ,-3775.590       ,0.00000           ,0.00000               
19:35:10.867976     ,0.049       ,0.000       ,0.885       ,5.060       ,0.000       ,0.000       ,0.61482       ,9363          ,102.920         ,31.400        ,-0.110              ,0.000               ,-3775.581       ,0.00000           ,0.00000               
19:35:10.888589     ,0.049       ,0.000       ,0.885       ,5.060       ,0.000       ,0.000       ,0.61474       ,9362          ,102.832         ,31.200        ,-0.109              ,0.000               ,-3775.573       ,0.00000           ,0.00000               
19:35:10.909098     ,0.049       ,0.000       ,0.836       ,5.060       ,0.000       ,0.000       ,0.61474       ,9362          ,102.832         ,30.200        ,-0.105              ,0.000               ,-3775.565       ,0.00000           ,0.00000               
19:35:10.929765     ,0.051       ,0.000       ,0.836       ,5.060       ,0.000       ,0.000       ,0.61474       ,9362          ,102.832         ,29.200        ,-0.102              ,0.000               ,-3775.557       ,0.00000           ,0.00000               
19:35:10.950367     ,0.049       ,0.000       ,0.836       ,5.040       ,0.000       ,0.000       ,0.61474       ,9362          ,102.832         ,28.600        ,-0.100              ,0.000               ,-3775.546       ,0.00000           ,0.00000               
19:35:10.962408     ,0.049       ,0.000       ,0.885       ,5.040       ,0.000       ,0.000       ,0.61474       ,9362          ,102.832         ,28.600        ,-0.100              ,0.000               ,-3775.540       ,0.00000           ,0.00000               
19:35:10.982502     ,0.047       ,0.000       ,0.836       ,5.040       ,0.000       ,0.000       ,0.61474       ,9362          ,102.832         ,29.000        ,-0.101              ,0.000               ,-3775.528       ,0.00000           ,0.00000               
19:35:11.002503     ,0.051       ,0.000       ,0.836       ,5.040       ,0.000       ,0.000       ,0.61474       ,9362          ,102.832         ,29.400        ,-0.103              ,0.000               ,-3775.518       ,0.00000           ,0.00000               
19:35:11.022470     ,0.051       ,0.000       ,0.885       ,5.040       ,0.000       ,0.000       ,0.61474       ,9362          ,102.832         ,30.200        ,-0.105              ,0.000               ,-3775.508       ,0.00000           ,0.00000               
19:35:11.042446     ,0.049       ,0.000       ,0.853       ,5.060       ,0.000       ,0.000       ,0.61474       ,9362          ,102.832         ,30.400        ,-0.106              ,0.000               ,-3775.499       ,0.00000           ,0.00000               
19:35:11.062441     ,0.049       ,0.000       ,0.853       ,5.060       ,0.000       ,0.000       ,0.61474       ,9362          ,102.832         ,30.200        ,-0.105              ,0.000               ,-3775.488       ,0.00000           ,0.00000               
19:35:11.082536     ,0.049       ,0.000       ,0.853       ,5.060       ,0.000       ,0.000       ,0.61474       ,9362          ,102.832         ,30.400        ,-0.106              ,0.000               ,-3775.476       ,0.00000           ,0.00000               
19:35:11.102508     ,0.049       ,0.000       ,0.853       ,5.060       ,0.000       ,0.000       ,0.61482       ,9363          ,102.920         ,30.800        ,-0.108              ,0.000               ,-3775.468       ,0.00000           ,0.00000               
19:35:11.122469     ,0.049       ,0.000       ,0.853       ,5.060       ,0.000       ,0.000       ,0.61482       ,9363          ,102.920         ,30.600        ,-0.107              ,0.000               ,-3775.460       ,0.00000           ,0.00000               
19:35:11.142507     ,0.049       ,0.000       ,0.836       ,5.070       ,0.000       ,0.000       ,0.61482       ,9363          ,102.920         ,29.800        ,-0.104              ,0.000               ,-3775.452       ,0.00000           ,0.00000               
19:35:11.162458     ,0.049       ,0.000       ,0.885       ,5.070       ,0.000       ,0.000       ,0.61490       ,9364          ,103.008         ,28.800        ,-0.101              ,0.000               ,-3775.443       ,0.00000           ,0.00000               
19:35:11.182600     ,0.049       ,0.000       ,0.885       ,5.070       ,0.000       ,0.000       ,0.61490       ,9364          ,103.008         ,28.200        ,-0.098              ,0.000               ,-3775.433       ,0.00000           ,0.00000               
19:35:11.202511     ,0.049       ,0.000       ,0.869       ,5.070       ,0.000       ,0.000       ,0.61490       ,9364          ,103.008         ,28.000        ,-0.098              ,0.000               ,-3775.423       ,0.00000           ,0.00000               
19:35:11.222538     ,0.049       ,0.000       ,0.836       ,5.070       ,0.000       ,0.000       ,0.61490       ,9364          ,103.008         ,28.400        ,-0.099              ,0.000               ,-3775.411       ,0.00000           ,0.00000               
19:35:11.242526     ,0.049       ,0.000       ,0.836       ,5.070       ,0.000       ,0.000       ,0.61490       ,9364          ,103.008         ,29.200        ,-0.102              ,0.000               ,-3775.399       ,0.00000           ,0.00000               
19:35:11.262417     ,0.049       ,0.000       ,0.836       ,5.070       ,0.000       ,0.000       ,0.61490       ,9364          ,103.008         ,30.200        ,-0.105              ,0.000               ,-3775.388       ,0.00000           ,0.00000               
19:35:11.282466     ,0.049       ,0.000       ,0.853       ,5.070       ,0.000       ,0.000       ,0.61490       ,9364          ,103.008         ,30.800        ,-0.108              ,0.000               ,-3775.377       ,0.00000           ,0.00000               
19:35:11.302618     ,0.049       ,0.000       ,0.853       ,5.070       ,0.000       ,0.000       ,0.61490       ,9364          ,103.008         ,31.400        ,-0.110              ,0.000               ,-3775.365       ,0.00000           ,0.00000               
19:35:11.322461     ,0.051       ,0.000       ,0.836       ,5.070       ,0.000       ,0.000       ,0.61482       ,9363          ,102.920         ,31.800        ,-0.111              ,0.000               ,-3775.354       ,0.00000           ,0.00000               
19:35:11.342500     ,0.051       ,0.000       ,0.869       ,5.060       ,0.000       ,0.000       ,0.61482       ,9363          ,102.920         ,32.000        ,-0.112              ,0.000               ,-3775.345       ,0.00000           ,0.00000               
19:35:11.362462     ,0.051       ,0.000       ,0.869       ,5.060       ,0.000       ,0.000       ,0.61482       ,9363          ,102.920         ,31.800        ,-0.111              ,0.000               ,-3775.336       ,0.00000           ,0.00000               
19:35:11.382477     ,0.049       ,0.000       ,0.836       ,5.060       ,0.000       ,0.000       ,0.61474       ,9362          ,102.832         ,31.200        ,-0.109              ,0.000               ,-3775.326       ,0.00000           ,0.00000               
19:35:11.402604     ,0.051       ,0.000       ,0.869       ,5.060       ,0.000       ,0.000       ,0.61474       ,9362          ,102.832         ,30.400        ,-0.106              ,0.000               ,-3775.316       ,0.00000           ,0.00000               
19:35:11.423223     ,0.051       ,0.000       ,0.869       ,5.060       ,0.000       ,0.000       ,0.61474       ,9362          ,102.832         ,29.800        ,-0.104              ,0.000               ,-3775.304       ,0.00000           ,0.00000               
19:35:11.443730     ,0.049       ,0.000       ,0.885       ,5.060       ,0.000       ,0.000       ,0.61467       ,9361          ,102.744         ,29.400        ,-0.103              ,0.000               ,-3775.295       ,0.00000           ,0.00000               
19:35:11.463231     ,0.051       ,0.000       ,0.853       ,5.060       ,0.000       ,0.000       ,0.61467       ,9361          ,102.744         ,29.000        ,-0.101              ,0.000               ,-3775.284       ,0.00000           ,0.00000               
19:35:11.483844     ,0.051       ,0.000       ,0.853       ,5.060       ,0.000       ,0.000       ,0.61467       ,9361          ,102.744         ,29.200        ,-0.102              ,0.000               ,-3775.272       ,0.00000           ,0.00000               
19:35:11.504436     ,0.051       ,0.000       ,0.885       ,5.060       ,0.000       ,0.000       ,0.61467       ,9361          ,102.744         ,29.800        ,-0.104              ,0.000               ,-3775.262       ,0.00000           ,0.00000               
19:35:11.524957     ,0.051       ,0.000       ,0.853       ,5.060       ,0.000       ,0.000       ,0.61467       ,9361          ,102.744         ,30.600        ,-0.107              ,0.000               ,-3775.252       ,0.00000           ,0.00000               
19:35:11.545479     ,0.051       ,0.000       ,0.853       ,5.040       ,0.000       ,0.000       ,0.61467       ,9361          ,102.744         ,30.800        ,-0.108              ,0.000               ,-3775.242       ,0.00000           ,0.00000               
19:35:11.566285     ,0.049       ,0.000       ,0.885       ,5.040       ,0.000       ,0.000       ,0.61467       ,9361          ,102.744         ,30.400        ,-0.106              ,0.000               ,-3775.232       ,0.00000           ,0.00000               
19:35:11.586940     ,0.051       ,0.000       ,0.853       ,5.040       ,0.000       ,0.000       ,0.61467       ,9361          ,102.744         ,30.000        ,-0.105              ,0.000               ,-3775.223       ,0.00000           ,0.00000               
19:35:11.607485     ,0.051       ,0.000       ,0.853       ,5.040       ,0.000       ,0.000       ,0.61467       ,9361          ,102.744         ,29.800        ,-0.104              ,0.000               ,-3775.214       ,0.00000           ,0.00000               
19:35:11.628204     ,0.051       ,0.000       ,0.853       ,5.040       ,0.000       ,0.000       ,0.61467       ,9361          ,102.744         ,29.400        ,-0.103              ,0.000               ,-3775.205       ,0.00000           ,0.00000               
19:35:11.648761     ,0.049       ,0.000       ,0.885       ,5.060       ,0.000       ,0.000       ,0.61474       ,9362          ,102.832         ,29.000        ,-0.101              ,0.000               ,-3775.195       ,0.00000           ,0.00000               
19:35:11.669346     ,0.049       ,0.000       ,0.885       ,5.060       ,0.000       ,0.000       ,0.61474       ,9362          ,102.832         ,29.000        ,-0.101              ,0.000               ,-3775.187       ,0.00000           ,0.00000               
19:35:11.689984     ,0.051       ,0.000       ,0.836       ,5.060       ,0.000       ,0.000       ,0.61474       ,9362          ,102.832         ,28.800        ,-0.101              ,0.000               ,-3775.178       ,0.00000           ,0.00000               
19:35:11.710769     ,0.051       ,0.000       ,0.885       ,5.060       ,0.000       ,0.000       ,0.61474       ,9362          ,102.832         ,28.400        ,-0.099              ,0.000               ,-3775.167       ,0.00000           ,0.00000               
19:35:11.722353     ,0.051       ,0.000       ,0.885       ,5.060       ,0.000       ,0.000       ,0.61482       ,9363          ,102.920         ,28.000        ,-0.098              ,0.000               ,-3775.162       ,0.00000           ,0.00000               
19:35:11.742544     ,0.051       ,0.000       ,0.836       ,5.070       ,0.000       ,0.000       ,0.61482       ,9363          ,102.920         ,28.800        ,-0.101              ,0.000               ,-3775.149       ,0.00000           ,0.00000               
19:35:11.762454     ,0.049       ,0.000       ,0.836       ,5.070       ,0.000       ,0.000       ,0.61482       ,9363          ,102.920         ,30.000        ,-0.105              ,0.000               ,-3775.138       ,0.00000           ,0.00000               
19:35:11.782607     ,0.049       ,0.000       ,0.869       ,5.070       ,0.000       ,0.000       ,0.61482       ,9363          ,102.920         ,30.800        ,-0.108              ,0.000               ,-3775.129       ,0.00000           ,0.00000               
19:35:11.802526     ,0.049       ,0.000       ,0.836       ,5.070       ,0.000       ,0.000       ,0.61482       ,9363          ,102.920         ,30.600        ,-0.107              ,0.000               ,-3775.119       ,0.00000           ,0.00000               
19:35:11.822428     ,0.051       ,0.000       ,0.836       ,5.070       ,0.000       ,0.000       ,0.61482       ,9363          ,102.920         ,30.600        ,-0.107              ,0.000               ,-3775.108       ,0.00000           ,0.00000               
19:35:11.842519     ,0.051       ,0.000       ,0.836       ,5.070       ,0.000       ,0.000       ,0.61482       ,9363          ,102.920         ,30.800        ,-0.108              ,0.000               ,-3775.098       ,0.00000           ,0.00000               
19:35:11.862469     ,0.049       ,0.000       ,0.885       ,5.070       ,0.000       ,0.000       ,0.61482       ,9363          ,102.920         ,31.000        ,-0.108              ,0.000               ,-3775.087       ,0.00000           ,0.00000               
19:35:11.882427     ,0.051       ,0.000       ,0.885       ,5.070       ,0.000       ,0.000       ,0.61482       ,9363          ,102.920         ,31.000        ,-0.108              ,0.000               ,-3775.078       ,0.00000           ,0.00000               
19:35:11.902506     ,0.051       ,0.000       ,0.853       ,5.070       ,0.000       ,0.000       ,0.61482       ,9363          ,102.920         ,30.600        ,-0.107              ,0.000               ,-3775.070       ,0.00000           ,0.00000               
19:35:11.922448     ,0.049       ,0.000       ,0.836       ,5.070       ,0.000       ,0.000       ,0.61482       ,9363          ,102.920         ,29.800        ,-0.104              ,0.000               ,-3775.061       ,0.00000           ,0.00000               
19:35:11.942525     ,0.049       ,0.000       ,0.836       ,5.060       ,0.000       ,0.000       ,0.61482       ,9363          ,102.920         ,28.800        ,-0.101              ,0.000               ,-3775.052       ,0.00000           ,0.00000               
19:35:11.962475     ,0.049       ,0.000       ,0.853       ,5.060       ,0.000       ,0.000       ,0.61482       ,9363          ,102.920         ,28.600        ,-0.100              ,0.000               ,-3775.040       ,0.00000           ,0.00000               
19:35:11.982491     ,0.051       ,0.000       ,0.885       ,5.060       ,0.000       ,0.000       ,0.61474       ,9362          ,102.832         ,29.200        ,-0.102              ,0.000               ,-3775.028       ,0.00000           ,0.00000               
19:35:12.002465     ,0.049       ,0.000       ,0.885       ,5.060       ,0.000       ,0.000       ,0.61474       ,9362          ,102.832         ,30.200        ,-0.105              ,0.000               ,-3775.019       ,0.00000           ,0.00000               
19:35:12.022636     ,0.049       ,0.000       ,0.869       ,5.060       ,0.000       ,0.000       ,0.61474       ,9362          ,102.832         ,30.400        ,-0.106              ,0.000               ,-3775.011       ,0.00000           ,0.00000               
19:35:12.042502     ,0.051       ,0.000       ,0.836       ,5.040       ,0.000       ,0.000       ,0.61474       ,9362          ,102.832         ,29.800        ,-0.104              ,0.000               ,-3775.002       ,0.00000           ,0.00000               
19:35:12.062512     ,0.049       ,0.000       ,0.836       ,5.040       ,0.000       ,0.000       ,0.61467       ,9361          ,102.744         ,29.200        ,-0.102              ,0.000               ,-3774.990       ,0.00000           ,0.00000               
19:35:12.082486     ,0.049       ,0.000       ,0.885       ,5.040       ,0.000       ,0.000       ,0.61467       ,9361          ,102.744         ,29.400        ,-0.103              ,0.000               ,-3774.979       ,0.00000           ,0.00000               
19:35:12.102441     ,0.049       ,0.000       ,0.836       ,5.040       ,0.000       ,0.000       ,0.61467       ,9361          ,102.744         ,29.800        ,-0.104              ,0.000               ,-3774.969       ,0.00000           ,0.00000               
19:35:12.122446     ,0.051       ,0.000       ,0.836       ,5.040       ,0.000       ,0.000       ,0.61467       ,9361          ,102.744         ,30.000        ,-0.105              ,0.000               ,-3774.960       ,0.00000           ,0.00000               
19:35:12.142902     ,0.051       ,0.000       ,0.836       ,5.060       ,0.000       ,0.000       ,0.61467       ,9361          ,102.744         ,29.800        ,-0.104              ,0.000               ,-3774.951       ,0.00000           ,0.00000               
19:35:12.163441     ,0.049       ,0.000       ,0.869       ,5.060       ,0.000       ,0.000       ,0.61467       ,9361          ,102.744         ,29.200        ,-0.102              ,0.000               ,-3774.940       ,0.00000           ,0.00000               
19:35:12.184088     ,0.049       ,0.000       ,0.869       ,5.060       ,0.000       ,0.000       ,0.61467       ,9361          ,102.744         ,28.400        ,-0.099              ,0.000               ,-3774.930       ,0.00000           ,0.00000               
19:35:12.204619     ,0.049       ,0.000       ,0.885       ,5.060       ,0.000       ,0.000       ,0.61474       ,9362          ,102.832         ,28.000        ,-0.098              ,0.000               ,-3774.919       ,0.00000           ,0.00000               
19:35:12.225310     ,0.049       ,0.000       ,0.836       ,5.060       ,0.000       ,0.000       ,0.61474       ,9362          ,102.832         ,28.200        ,-0.098              ,0.000               ,-3774.907       ,0.00000           ,0.00000               
19:35:12.245862     ,0.051       ,0.000       ,0.836       ,5.070       ,0.000       ,0.000       ,0.61474       ,9362          ,102.832         ,28.800        ,-0.101              ,0.000               ,-3774.898       ,0.00000           ,0.00000               
19:35:12.266349     ,0.051       ,0.000       ,0.853       ,5.070       ,0.000       ,0.000       ,0.61474       ,9362          ,102.832         ,29.600        ,-0.103              ,0.000               ,-3774.887       ,0.00000           ,0.00000               
19:35:12.286904     ,0.049       ,0.000       ,0.869       ,5.070       ,0.000       ,0.000       ,0.61482       ,9363          ,102.920         ,30.000        ,-0.105              ,0.000               ,-3774.876       ,0.00000           ,0.00000               
19:35:12.307424     ,0.049       ,0.000       ,0.869       ,5.070       ,0.000       ,0.000       ,0.61482       ,9363          ,102.920         ,30.200        ,-0.105              ,0.000               ,-3774.865       ,0.00000           ,0.00000               
19:35:12.328085     ,0.049       ,0.000       ,0.836       ,5.070       ,0.000       ,0.000       ,0.61482       ,9363          ,102.920         ,30.800        ,-0.108              ,0.000               ,-3774.854       ,0.00000           ,0.00000               
19:35:12.348607     ,0.051       ,0.000       ,0.885       ,5.070       ,0.000       ,0.000       ,0.61482       ,9363          ,102.920         ,31.400        ,-0.110              ,0.000               ,-3774.844       ,0.00000           ,0.00000               
19:35:12.369302     ,0.051       ,0.000       ,0.885       ,5.070       ,0.000       ,0.000       ,0.61482       ,9363          ,102.920         ,31.400        ,-0.110              ,0.000               ,-3774.835       ,0.00000           ,0.00000               
19:35:12.389794     ,0.051       ,0.000       ,0.869       ,5.070       ,0.000       ,0.000       ,0.61482       ,9363          ,102.920         ,30.800        ,-0.108              ,0.000               ,-3774.825       ,0.00000           ,0.00000               
19:35:12.410397     ,0.049       ,0.000       ,0.836       ,5.070       ,0.000       ,0.000       ,0.61482       ,9363          ,102.920         ,30.400        ,-0.106              ,0.000               ,-3774.816       ,0.00000           ,0.00000               
19:35:12.422461     ,0.049       ,0.000       ,0.836       ,5.070       ,0.000       ,0.000       ,0.61482       ,9363          ,102.920         ,30.000        ,-0.105              ,0.000               ,-3774.812       ,0.00000           ,0.00000               
19:35:12.442448     ,0.051       ,0.000       ,0.869       ,5.070       ,0.000       ,0.000       ,0.61482       ,9363          ,102.920         ,29.600        ,-0.103              ,0.000               ,-3774.803       ,0.00000           ,0.00000               
19:35:12.462453     ,0.049       ,0.000       ,0.853       ,5.070       ,0.000       ,0.000       ,0.61482       ,9363          ,102.920         ,29.200        ,-0.102              ,0.000               ,-3774.793       ,0.00000           ,0.00000               
19:35:12.482559     ,0.049       ,0.000       ,0.853       ,5.070       ,0.000       ,0.000       ,0.61482       ,9363          ,102.920         ,29.000        ,-0.101              ,0.000               ,-3774.781       ,0.00000           ,0.00000               
