Time                ,Current(A)  ,TargetCurrent(A),Voltage(V)  ,Pressure(kg),F0(kg)      ,DeltaF      ,RopeLength(m) ,EncoderValue  ,EncoderAngle(deg),MotorSpeed(rpm),MotorLinearVel(m/s) ,MotorTheoryVel(m/s) ,MotorPosition(m),RopeVelocityRaw(m/s),RopeVelocityFiltered(m/s)
16:33:41.626202     ,0.051       ,0.000       ,0.885       ,16.100      ,0.000       ,0.000       ,0.00383       ,52            ,4.570           ,29.400        ,-0.103              ,0.000               ,-2278.276       ,0.00000           ,0.00000               
16:33:41.646134     ,0.051       ,0.000       ,0.836       ,16.090      ,0.000       ,0.000       ,0.00383       ,52            ,4.570           ,30.000        ,-0.105              ,0.000               ,-2278.265       ,0.00000           ,0.00000               
16:33:41.666712     ,0.051       ,0.000       ,0.853       ,16.090      ,0.000       ,0.000       ,0.00383       ,52            ,4.570           ,30.600        ,-0.107              ,0.000               ,-2278.255       ,0.00000           ,0.00000               
16:33:41.687566     ,0.051       ,0.000       ,0.853       ,16.090      ,0.000       ,0.000       ,0.00383       ,52            ,4.570           ,31.000        ,-0.108              ,0.000               ,-2278.246       ,0.00000           ,0.00000               
16:33:41.708232     ,0.049       ,0.000       ,0.885       ,16.080      ,0.000       ,0.000       ,0.00383       ,52            ,4.570           ,30.800        ,-0.108              ,0.000               ,-2278.236       ,0.00000           ,0.00000               
16:33:41.728884     ,0.051       ,0.000       ,0.853       ,16.080      ,0.000       ,0.000       ,0.00383       ,52            ,4.570           ,30.400        ,-0.106              ,0.000               ,-2278.226       ,0.00000           ,0.00000               
16:33:41.749692     ,0.051       ,0.000       ,0.853       ,16.080      ,0.000       ,0.000       ,0.00383       ,52            ,4.570           ,29.800        ,-0.104              ,0.000               ,-2278.217       ,0.00000           ,0.00000               
16:33:41.770444     ,0.051       ,0.000       ,0.853       ,16.070      ,0.000       ,0.000       ,0.00383       ,52            ,4.570           ,29.400        ,-0.103              ,0.000               ,-2278.207       ,0.00000           ,0.00000               
16:33:41.790997     ,0.051       ,0.000       ,0.853       ,16.070      ,0.000       ,0.000       ,0.00383       ,52            ,4.570           ,29.000        ,-0.101              ,0.000               ,-2278.197       ,0.00000           ,0.00000               
16:33:41.811588     ,0.051       ,0.000       ,0.853       ,16.080      ,0.000       ,0.000       ,0.00383       ,52            ,4.570           ,29.000        ,-0.101              ,0.000               ,-2278.186       ,0.00000           ,0.00000               
16:33:41.832302     ,0.049       ,0.000       ,0.853       ,16.070      ,0.000       ,0.000       ,0.00383       ,52            ,4.570           ,28.800        ,-0.101              ,0.000               ,-2278.177       ,0.00000           ,0.00000               
16:33:41.853143     ,0.049       ,0.000       ,0.885       ,16.070      ,0.000       ,0.000       ,0.00383       ,52            ,4.570           ,28.400        ,-0.099              ,0.000               ,-2278.166       ,0.00000           ,0.00000               
16:33:41.873937     ,0.049       ,0.000       ,0.885       ,16.060      ,0.000       ,0.000       ,0.00383       ,52            ,4.570           ,28.400        ,-0.099              ,0.000               ,-2278.153       ,0.00000           ,0.00000               
16:33:41.894545     ,0.051       ,0.000       ,0.853       ,16.060      ,0.000       ,0.000       ,0.00383       ,52            ,4.570           ,29.400        ,-0.103              ,0.000               ,-2278.141       ,0.00000           ,0.00000               
16:33:41.906191     ,0.049       ,0.000       ,0.885       ,16.040      ,0.000       ,0.000       ,0.00383       ,52            ,4.570           ,30.600        ,-0.107              ,0.000               ,-2278.136       ,0.00000           ,0.00000               
16:33:41.926181     ,0.049       ,0.000       ,0.885       ,16.060      ,0.000       ,0.000       ,0.00383       ,52            ,4.570           ,31.000        ,-0.108              ,0.000               ,-2278.127       ,0.00000           ,0.00000               
16:33:41.946142     ,0.049       ,0.000       ,0.853       ,16.060      ,0.000       ,0.000       ,0.00383       ,52            ,4.570           ,31.000        ,-0.108              ,0.000               ,-2278.117       ,0.00000           ,0.00000               
16:33:41.966279     ,0.051       ,0.000       ,0.853       ,16.040      ,0.000       ,0.000       ,0.00383       ,52            ,4.570           ,31.000        ,-0.108              ,0.000               ,-2278.106       ,0.00000           ,0.00000               
16:33:41.986209     ,0.051       ,0.000       ,0.836       ,16.040      ,0.000       ,0.000       ,0.00383       ,52            ,4.570           ,31.000        ,-0.108              ,0.000               ,-2278.095       ,0.00000           ,0.00000               
16:33:42.006186     ,0.049       ,0.000       ,0.885       ,16.040      ,0.000       ,0.000       ,0.00383       ,52            ,4.570           ,31.000        ,-0.108              ,0.000               ,-2278.085       ,0.00000           ,0.00000               
16:33:42.026201     ,0.049       ,0.000       ,0.885       ,16.030      ,0.000       ,0.000       ,0.00383       ,52            ,4.570           ,31.000        ,-0.108              ,0.000               ,-2278.075       ,0.00000           ,0.00000               
16:33:42.046146     ,0.049       ,0.000       ,0.853       ,16.040      ,0.000       ,0.000       ,0.00391       ,53            ,4.658           ,30.600        ,-0.107              ,0.000               ,-2278.067       ,0.00000           ,0.00000               
16:33:42.066260     ,0.049       ,0.000       ,0.885       ,16.040      ,0.000       ,0.000       ,0.00391       ,53            ,4.658           ,29.800        ,-0.104              ,0.000               ,-2278.059       ,0.00000           ,0.00000               
16:33:42.086199     ,0.049       ,0.000       ,0.885       ,16.060      ,0.000       ,0.000       ,0.00391       ,53            ,4.658           ,29.200        ,-0.102              ,0.000               ,-2278.050       ,0.00000           ,0.00000               
16:33:42.106153     ,0.049       ,0.000       ,0.853       ,16.040      ,0.000       ,0.000       ,0.00391       ,53            ,4.658           ,29.000        ,-0.101              ,0.000               ,-2278.037       ,0.00000           ,0.00000               
16:33:42.126161     ,0.051       ,0.000       ,0.853       ,16.040      ,0.000       ,0.000       ,0.00391       ,53            ,4.658           ,29.400        ,-0.103              ,0.000               ,-2278.026       ,0.00000           ,0.00000               
16:33:42.146111     ,0.051       ,0.000       ,0.853       ,16.060      ,0.000       ,0.000       ,0.00391       ,53            ,4.658           ,30.200        ,-0.105              ,0.000               ,-2278.016       ,0.00000           ,0.00000               
16:33:42.166676     ,0.051       ,0.000       ,0.885       ,16.040      ,0.000       ,0.000       ,0.00391       ,53            ,4.658           ,30.600        ,-0.107              ,0.000               ,-2278.008       ,0.00000           ,0.00000               
16:33:42.188544     ,0.049       ,0.000       ,0.836       ,16.060      ,0.000       ,0.000       ,0.00391       ,53            ,4.658           ,30.200        ,-0.105              ,0.000               ,-2277.999       ,0.00000           ,0.00000               
16:33:42.209545     ,0.051       ,0.000       ,0.836       ,16.060      ,0.000       ,0.000       ,0.00391       ,53            ,4.658           ,29.600        ,-0.103              ,0.000               ,-2277.987       ,0.00000           ,0.00000               
16:33:42.230449     ,0.051       ,0.000       ,0.885       ,16.060      ,0.000       ,0.000       ,0.00391       ,53            ,4.658           ,29.600        ,-0.103              ,0.000               ,-2277.976       ,0.00000           ,0.00000               
16:33:42.251072     ,0.051       ,0.000       ,0.853       ,16.060      ,0.000       ,0.000       ,0.00391       ,53            ,4.658           ,30.000        ,-0.105              ,0.000               ,-2277.967       ,0.00000           ,0.00000               
16:33:42.271829     ,0.049       ,0.000       ,0.853       ,16.080      ,0.000       ,0.000       ,0.00391       ,53            ,4.658           ,29.800        ,-0.104              ,0.000               ,-2277.955       ,0.00000           ,0.00000               
16:33:42.292467     ,0.049       ,0.000       ,0.853       ,16.070      ,0.000       ,0.000       ,0.00391       ,53            ,4.658           ,29.400        ,-0.103              ,0.000               ,-2277.947       ,0.00000           ,0.00000               
16:33:42.312027     ,0.051       ,0.000       ,0.853       ,16.070      ,0.000       ,0.000       ,0.00391       ,53            ,4.658           ,28.800        ,-0.101              ,0.000               ,-2277.938       ,0.00000           ,0.00000               
16:33:42.332706     ,0.051       ,0.000       ,0.853       ,16.080      ,0.000       ,0.000       ,0.00391       ,53            ,4.658           ,28.400        ,-0.099              ,0.000               ,-2277.928       ,0.00000           ,0.00000               
16:33:42.353427     ,0.051       ,0.000       ,0.853       ,16.080      ,0.000       ,0.000       ,0.00391       ,53            ,4.658           ,28.000        ,-0.098              ,0.000               ,-2277.917       ,0.00000           ,0.00000               
16:33:42.374161     ,0.051       ,0.000       ,0.853       ,16.100      ,0.000       ,0.000       ,0.00391       ,53            ,4.658           ,28.200        ,-0.098              ,0.000               ,-2277.906       ,0.00000           ,0.00000               
16:33:42.386217     ,0.051       ,0.000       ,0.853       ,16.090      ,0.000       ,0.000       ,0.00391       ,53            ,4.658           ,28.600        ,-0.100              ,0.000               ,-2277.901       ,0.00000           ,0.00000               
16:33:42.406153     ,0.051       ,0.000       ,0.853       ,16.100      ,0.000       ,0.000       ,0.00391       ,53            ,4.658           ,29.400        ,-0.103              ,0.000               ,-2277.891       ,0.00000           ,0.00000               
16:33:42.426166     ,0.049       ,0.000       ,0.853       ,16.100      ,0.000       ,0.000       ,0.00391       ,53            ,4.658           ,29.800        ,-0.104              ,0.000               ,-2277.881       ,0.00000           ,0.00000               
16:33:42.446120     ,0.049       ,0.000       ,0.853       ,16.120      ,0.000       ,0.000       ,0.00391       ,53            ,4.658           ,30.000        ,-0.105              ,0.000               ,-2277.869       ,0.00000           ,0.00000               
16:33:42.466261     ,0.053       ,0.000       ,0.853       ,16.120      ,0.000       ,0.000       ,0.00391       ,53            ,4.658           ,30.400        ,-0.106              ,0.000               ,-2277.858       ,0.00000           ,0.00000               
16:33:42.486202     ,0.051       ,0.000       ,0.836       ,16.130      ,0.000       ,0.000       ,0.00399       ,54            ,4.746           ,30.800        ,-0.108              ,0.000               ,-2277.848       ,0.00000           ,0.00000               
16:33:42.506142     ,0.051       ,0.000       ,0.836       ,16.130      ,0.000       ,0.000       ,0.00399       ,54            ,4.746           ,31.000        ,-0.108              ,0.000               ,-2277.838       ,0.00000           ,0.00000               
16:33:42.526145     ,0.051       ,0.000       ,0.885       ,16.140      ,0.000       ,0.000       ,0.00399       ,54            ,4.746           ,31.000        ,-0.108              ,0.000               ,-2277.828       ,0.00000           ,0.00000               
16:33:42.546115     ,0.049       ,0.000       ,0.853       ,16.150      ,0.000       ,0.000       ,0.00399       ,54            ,4.746           ,31.000        ,-0.108              ,0.000               ,-2277.818       ,0.00000           ,0.00000               
16:33:42.566277     ,0.049       ,0.000       ,0.853       ,16.150      ,0.000       ,0.000       ,0.00399       ,54            ,4.746           ,30.600        ,-0.107              ,0.000               ,-2277.810       ,0.00000           ,0.00000               
16:33:42.586204     ,0.051       ,0.000       ,0.885       ,16.160      ,0.000       ,0.000       ,0.00399       ,54            ,4.746           ,29.800        ,-0.104              ,0.000               ,-2277.801       ,0.00000           ,0.00000               
16:33:42.606187     ,0.049       ,0.000       ,0.853       ,16.160      ,0.000       ,0.000       ,0.00399       ,54            ,4.746           ,29.200        ,-0.102              ,0.000               ,-2277.791       ,0.00000           ,0.00000               
16:33:42.626143     ,0.049       ,0.000       ,0.853       ,16.160      ,0.000       ,0.000       ,0.00399       ,54            ,4.746           ,29.000        ,-0.101              ,0.000               ,-2277.781       ,0.00000           ,0.00000               
16:33:42.646101     ,0.049       ,0.000       ,0.836       ,16.180      ,0.000       ,0.000       ,0.00399       ,54            ,4.746           ,29.200        ,-0.102              ,0.000               ,-2277.771       ,0.00000           ,0.00000               
16:33:42.668039     ,0.051       ,0.000       ,0.853       ,16.200      ,0.000       ,0.000       ,0.00399       ,54            ,4.746           ,29.600        ,-0.103              ,0.000               ,-2277.761       ,0.00000           ,0.00000               
16:33:42.689032     ,0.051       ,0.000       ,0.853       ,16.190      ,0.000       ,0.000       ,0.00399       ,54            ,4.746           ,30.000        ,-0.105              ,0.000               ,-2277.750       ,0.00000           ,0.00000               
16:33:42.709671     ,0.051       ,0.000       ,0.853       ,16.210      ,0.000       ,0.000       ,0.00407       ,55            ,4.834           ,30.000        ,-0.105              ,0.000               ,-2277.739       ,0.00000           ,0.00000               
16:33:42.730379     ,0.051       ,0.000       ,0.853       ,16.200      ,0.000       ,0.000       ,0.00407       ,55            ,4.834           ,30.000        ,-0.105              ,0.000               ,-2277.729       ,0.00000           ,0.00000               
16:33:42.751167     ,0.051       ,0.000       ,0.853       ,16.220      ,0.000       ,0.000       ,0.00407       ,55            ,4.834           ,30.000        ,-0.105              ,0.000               ,-2277.714       ,0.00000           ,0.00000               
16:33:42.771995     ,0.051       ,0.000       ,0.836       ,16.240      ,0.000       ,0.000       ,0.00407       ,55            ,4.834           ,30.000        ,-0.105              ,0.000               ,-2277.704       ,0.00000           ,0.00000               
16:33:42.792769     ,0.051       ,0.000       ,0.836       ,16.240      ,0.000       ,0.000       ,0.00407       ,55            ,4.834           ,30.000        ,-0.105              ,0.000               ,-2277.697       ,0.00000           ,0.00000               
16:33:42.812387     ,0.051       ,0.000       ,0.885       ,16.180      ,0.000       ,0.000       ,0.00407       ,55            ,4.834           ,29.600        ,-0.103              ,0.000               ,-2277.693       ,0.00000           ,0.00000               
16:33:42.833208     ,0.542       ,0.000       ,23.941      ,15.970      ,0.000       ,0.000       ,0.00414       ,56            ,4.922           ,28.000        ,-0.098              ,0.000               ,-2277.693       ,0.00000           ,0.00000               
16:33:42.853993     ,0.506       ,0.000       ,23.941      ,16.140      ,0.000       ,0.000       ,0.00422       ,57            ,5.010           ,24.800        ,-0.087              ,0.000               ,-2277.692       ,0.00000           ,0.00000               
16:33:42.866180     ,0.506       ,0.000       ,10.710      ,16.040      ,0.000       ,0.000       ,0.00430       ,58            ,5.098           ,21.600        ,-0.075              ,0.000               ,-2277.692       ,0.00000           ,0.00000               
16:33:42.886180     ,0.514       ,0.000       ,10.727      ,16.160      ,0.000       ,0.000       ,0.00445       ,60            ,5.273           ,18.800        ,-0.066              ,0.000               ,-2277.691       ,0.00000           ,0.00000               
16:33:42.906148     ,0.510       ,0.000       ,10.727      ,16.000      ,0.000       ,0.000       ,0.00468       ,63            ,5.537           ,16.400        ,-0.057              ,0.000               ,-2277.690       ,0.00000           ,0.00000               
16:33:42.926091     ,0.510       ,0.000       ,10.628      ,16.060      ,0.000       ,0.000       ,0.00491       ,66            ,5.801           ,13.800        ,-0.048              ,0.000               ,-2277.688       ,0.00000           ,0.00000               
16:33:42.946233     ,0.508       ,0.000       ,10.530      ,15.950      ,0.000       ,0.000       ,0.00522       ,70            ,6.152           ,11.600        ,-0.040              ,0.000               ,-2277.687       ,0.00000           ,0.00000               
16:33:42.966242     ,0.512       ,0.000       ,10.530      ,15.950      ,0.000       ,0.000       ,0.00560       ,75            ,6.592           ,10.000        ,-0.035              ,0.000               ,-2277.685       ,0.00000           ,0.00000               
16:33:42.986230     ,0.512       ,0.000       ,10.514      ,15.900      ,0.000       ,0.000       ,0.00606       ,81            ,7.119           ,9.200         ,-0.032              ,0.000               ,-2277.683       ,0.00000           ,0.00000               
16:33:43.006280     ,0.506       ,0.000       ,10.530      ,15.890      ,0.000       ,0.000       ,0.00660       ,88            ,7.734           ,8.600         ,-0.030              ,0.000               ,-2277.680       ,0.00000           ,0.00000               
16:33:43.026255     ,0.510       ,0.000       ,10.530      ,15.840      ,0.000       ,0.000       ,0.00713       ,95            ,8.350           ,8.200         ,-0.029              ,0.000               ,-2277.677       ,0.00000           ,0.00000               
16:33:43.046225     ,0.510       ,0.000       ,10.547      ,15.830      ,0.000       ,0.000       ,0.00790       ,105           ,9.229           ,8.000         ,-0.028              ,0.000               ,-2277.673       ,0.00000           ,0.00000               
16:33:43.066240     ,0.512       ,0.000       ,10.530      ,15.780      ,0.000       ,0.000       ,0.00874       ,116           ,10.195          ,8.400         ,-0.029              ,0.000               ,-2277.669       ,0.00000           ,0.00000               
16:33:43.086192     ,0.512       ,0.000       ,10.530      ,15.790      ,0.000       ,0.000       ,0.00966       ,128           ,11.250          ,9.200         ,-0.032              ,0.000               ,-2277.665       ,0.00000           ,0.00000               
16:33:43.106105     ,0.512       ,0.000       ,10.497      ,15.780      ,0.000       ,0.000       ,0.01074       ,142           ,12.480          ,10.200        ,-0.036              ,0.000               ,-2277.660       ,0.00000           ,0.00000               
16:33:43.126104     ,0.510       ,0.000       ,10.563      ,15.730      ,0.000       ,0.000       ,0.01197       ,158           ,13.887          ,11.200        ,-0.039              ,0.000               ,-2277.653       ,0.00000           ,0.00000               
16:33:43.146241     ,0.510       ,0.000       ,10.563      ,15.740      ,0.000       ,0.000       ,0.01319       ,174           ,15.293          ,12.000        ,-0.042              ,0.000               ,-2277.647       ,0.00000           ,0.00000               
16:33:43.166306     ,0.510       ,0.000       ,10.514      ,15.790      ,0.000       ,0.000       ,0.01465       ,193           ,16.963          ,12.800        ,-0.045              ,0.000               ,-2277.640       ,0.00000           ,0.00000               
16:33:43.187063     ,0.512       ,0.000       ,10.514      ,15.770      ,0.000       ,0.000       ,0.01618       ,213           ,18.721          ,14.000        ,-0.049              ,0.000               ,-2277.633       ,0.00000           ,0.00000               
16:33:43.207875     ,0.512       ,0.000       ,10.514      ,15.740      ,0.000       ,0.000       ,0.01787       ,235           ,20.654          ,15.400        ,-0.054              ,0.000               ,-2277.625       ,0.00000           ,0.00000               
16:33:43.228501     ,0.510       ,0.000       ,10.563      ,15.690      ,0.000       ,0.000       ,0.01971       ,259           ,22.764          ,17.000        ,-0.059              ,0.000               ,-2277.614       ,0.00000           ,0.00000               
16:33:43.250271     ,0.510       ,0.000       ,10.547      ,15.800      ,0.000       ,0.000       ,0.02171       ,285           ,25.049          ,18.600        ,-0.065              ,0.000               ,-2277.604       ,0.00000           ,0.00000               
16:33:43.271271     ,0.510       ,0.000       ,10.547      ,15.810      ,0.000       ,0.000       ,0.02378       ,312           ,27.422          ,20.400        ,-0.071              ,0.000               ,-2277.591       ,0.00000           ,0.00000               
16:33:43.291917     ,0.508       ,0.000       ,10.514      ,15.890      ,0.000       ,0.000       ,0.02592       ,340           ,29.883          ,22.000        ,-0.077              ,0.000               ,-2277.581       ,0.00000           ,0.00000               
16:33:43.312627     ,0.510       ,0.000       ,10.497      ,15.970      ,0.000       ,0.000       ,0.02823       ,370           ,32.520          ,23.400        ,-0.082              ,0.000               ,-2277.570       ,0.00000           ,0.00000               
16:33:43.333535     ,0.510       ,0.000       ,10.497      ,15.960      ,0.000       ,0.000       ,0.03060       ,401           ,35.244          ,24.800        ,-0.087              ,0.000               ,-2277.560       ,0.00000           ,0.00000               
16:33:43.354250     ,0.510       ,0.000       ,10.514      ,16.010      ,0.000       ,0.000       ,0.03306       ,433           ,38.057          ,26.000        ,-0.091              ,0.000               ,-2277.548       ,0.00000           ,0.00000               
16:33:43.366149     ,0.512       ,0.000       ,10.497      ,16.000      ,0.000       ,0.000       ,0.03559       ,466           ,40.957          ,27.200        ,-0.095              ,0.000               ,-2277.542       ,0.00000           ,0.00000               
16:33:43.386298     ,0.512       ,0.000       ,10.497      ,16.060      ,0.000       ,0.000       ,0.03820       ,500           ,43.945          ,28.400        ,-0.099              ,0.000               ,-2277.531       ,0.00000           ,0.00000               
16:33:43.406117     ,0.510       ,0.000       ,10.497      ,16.160      ,0.000       ,0.000       ,0.04080       ,534           ,46.934          ,29.200        ,-0.102              ,0.000               ,-2277.518       ,0.00000           ,0.00000               
16:33:43.426101     ,0.512       ,0.000       ,10.497      ,16.210      ,0.000       ,0.000       ,0.04349       ,569           ,50.010          ,30.200        ,-0.105              ,0.000               ,-2277.506       ,0.00000           ,0.00000               
16:33:43.446246     ,0.512       ,0.000       ,10.497      ,16.180      ,0.000       ,0.000       ,0.04625       ,605           ,53.174          ,31.200        ,-0.109              ,0.000               ,-2277.494       ,0.00000           ,0.00000               
16:33:43.466222     ,0.508       ,0.000       ,10.514      ,16.200      ,0.000       ,0.000       ,0.04901       ,641           ,56.338          ,32.200        ,-0.112              ,0.000               ,-2277.482       ,0.00000           ,0.00000               
16:33:43.486194     ,0.512       ,0.000       ,10.514      ,16.280      ,0.000       ,0.000       ,0.05177       ,677           ,59.502          ,33.200        ,-0.116              ,0.000               ,-2277.469       ,0.00000           ,0.00000               
16:33:43.506163     ,0.512       ,0.000       ,10.514      ,16.440      ,0.000       ,0.000       ,0.05453       ,713           ,62.666          ,34.200        ,-0.119              ,0.000               ,-2277.457       ,0.00000           ,0.00000               
16:33:43.526283     ,0.510       ,0.000       ,10.497      ,16.540      ,0.000       ,0.000       ,0.05729       ,749           ,65.830          ,34.800        ,-0.121              ,0.000               ,-2277.445       ,0.00000           ,0.00000               
16:33:43.546134     ,0.512       ,0.000       ,10.497      ,16.370      ,0.000       ,0.000       ,0.05998       ,784           ,68.906          ,35.000        ,-0.122              ,0.000               ,-2277.432       ,0.00000           ,0.00000               
16:33:43.566275     ,0.512       ,0.000       ,10.497      ,16.400      ,0.000       ,0.000       ,0.06266       ,819           ,71.982          ,35.000        ,-0.122              ,0.000               ,-2277.420       ,0.00000           ,0.00000               
16:33:43.586207     ,0.510       ,0.000       ,10.497      ,16.430      ,0.000       ,0.000       ,0.06535       ,854           ,75.059          ,35.400        ,-0.124              ,0.000               ,-2277.408       ,0.00000           ,0.00000               
16:33:43.606162     ,0.510       ,0.000       ,10.497      ,16.380      ,0.000       ,0.000       ,0.06796       ,888           ,78.047          ,35.800        ,-0.125              ,0.000               ,-2277.396       ,0.00000           ,0.00000               
16:33:43.626211     ,0.510       ,0.000       ,10.530      ,16.570      ,0.000       ,0.000       ,0.07056       ,922           ,81.035          ,36.000        ,-0.126              ,0.000               ,-2277.385       ,0.00000           ,0.00000               
16:33:43.646162     ,0.512       ,0.000       ,10.514      ,16.450      ,0.000       ,0.000       ,0.07309       ,955           ,83.936          ,36.000        ,-0.126              ,0.000               ,-2277.373       ,0.00000           ,0.00000               
16:33:43.667069     ,0.512       ,0.000       ,10.514      ,16.670      ,0.000       ,0.000       ,0.07563       ,988           ,86.836          ,35.800        ,-0.125              ,0.000               ,-2277.362       ,0.00000           ,0.00000               
16:33:43.687840     ,0.512       ,0.000       ,10.497      ,16.740      ,0.000       ,0.000       ,0.07808       ,1020          ,89.648          ,35.400        ,-0.124              ,0.000               ,-2277.351       ,0.00000           ,0.00000               
16:33:43.708682     ,0.506       ,0.000       ,10.530      ,16.720      ,0.000       ,0.000       ,0.08038       ,1050          ,92.285          ,34.800        ,-0.121              ,0.000               ,-2277.340       ,0.00000           ,0.00000               
16:33:43.729448     ,0.512       ,0.000       ,10.530      ,16.600      ,0.000       ,0.000       ,0.08260       ,1079          ,94.834          ,34.400        ,-0.120              ,0.000               ,-2277.330       ,0.00000           ,0.00000               
16:33:43.750505     ,0.512       ,0.000       ,10.497      ,16.650      ,0.000       ,0.000       ,0.08483       ,1108          ,97.383          ,33.800        ,-0.118              ,0.000               ,-2277.320       ,0.00000           ,0.00000               
16:33:43.771252     ,0.510       ,0.000       ,10.497      ,16.720      ,0.000       ,0.000       ,0.08690       ,1135          ,99.756          ,33.200        ,-0.116              ,0.000               ,-2277.308       ,0.00000           ,0.00000               
16:33:43.791951     ,0.510       ,0.000       ,10.497      ,16.460      ,0.000       ,0.000       ,0.08889       ,1161          ,102.041         ,32.200        ,-0.112              ,0.000               ,-2277.299       ,0.00000           ,0.00000               
16:33:43.812647     ,0.510       ,0.000       ,10.497      ,16.430      ,0.000       ,0.000       ,0.09081       ,1186          ,104.238         ,31.200        ,-0.109              ,0.000               ,-2277.290       ,0.00000           ,0.00000               
16:33:43.833355     ,0.512       ,0.000       ,10.497      ,16.420      ,0.000       ,0.000       ,0.09265       ,1210          ,106.348         ,30.200        ,-0.105              ,0.000               ,-2277.282       ,0.00000           ,0.00000               
16:33:43.853911     ,0.510       ,0.000       ,10.497      ,16.440      ,0.000       ,0.000       ,0.09449       ,1234          ,108.457         ,29.200        ,-0.102              ,0.000               ,-2277.274       ,0.00000           ,0.00000               
16:33:43.873744     ,0.510       ,0.000       ,10.497      ,16.310      ,0.000       ,0.000       ,0.09633       ,1258          ,110.566         ,28.400        ,-0.099              ,0.000               ,-2277.265       ,0.00000           ,0.00000               
16:33:43.894416     ,0.510       ,0.000       ,10.497      ,16.260      ,0.000       ,0.000       ,0.09817       ,1282          ,112.676         ,27.800        ,-0.097              ,0.000               ,-2277.257       ,0.00000           ,0.00000               
16:33:43.906355     ,0.510       ,0.000       ,10.497      ,16.280      ,0.000       ,0.000       ,0.09994       ,1305          ,114.697         ,27.400        ,-0.096              ,0.000               ,-2277.253       ,0.00000           ,0.00000               
16:33:43.926524     ,0.512       ,0.000       ,10.497      ,16.240      ,0.000       ,0.000       ,0.10178       ,1329          ,116.807         ,27.000        ,-0.094              ,0.000               ,-2277.245       ,0.00000           ,0.00000               
16:33:43.946493     ,0.510       ,0.000       ,10.497      ,16.180      ,0.000       ,0.000       ,0.10362       ,1353          ,118.916         ,26.600        ,-0.093              ,0.000               ,-2277.236       ,0.00000           ,0.00000               
16:33:43.966542     ,0.510       ,0.000       ,10.497      ,16.310      ,0.000       ,0.000       ,0.10538       ,1376          ,120.938         ,26.200        ,-0.091              ,0.000               ,-2277.229       ,0.00000           ,0.00000               
16:33:43.986614     ,0.510       ,0.000       ,10.514      ,16.210      ,0.000       ,0.000       ,0.10723       ,1400          ,123.047         ,26.000        ,-0.091              ,0.000               ,-2277.220       ,0.00000           ,0.00000               
16:33:44.006610     ,0.512       ,0.000       ,10.514      ,16.300      ,0.000       ,0.000       ,0.10907       ,1424          ,125.156         ,26.000        ,-0.091              ,0.000               ,-2277.212       ,0.00000           ,0.00000               
16:33:44.026691     ,0.512       ,0.000       ,10.514      ,16.190      ,0.000       ,0.000       ,0.11098       ,1449          ,127.354         ,25.600        ,-0.089              ,0.000               ,-2277.203       ,0.00000           ,0.00000               
16:33:44.046824     ,0.510       ,0.000       ,10.497      ,16.250      ,0.000       ,0.000       ,0.11282       ,1473          ,129.463         ,25.200        ,-0.088              ,0.000               ,-2277.195       ,0.00000           ,0.00000               
16:33:44.066335     ,0.508       ,0.000       ,10.514      ,16.320      ,0.000       ,0.000       ,0.11467       ,1497          ,131.572         ,25.000        ,-0.087              ,0.000               ,-2277.187       ,0.00000           ,0.00000               
16:33:44.086266     ,0.508       ,0.000       ,10.514      ,16.210      ,0.000       ,0.000       ,0.11651       ,1521          ,133.682         ,25.000        ,-0.087              ,0.000               ,-2277.178       ,0.00000           ,0.00000               
16:33:44.106189     ,0.512       ,0.000       ,10.481      ,16.060      ,0.000       ,0.000       ,0.11835       ,1545          ,135.791         ,25.000        ,-0.087              ,0.000               ,-2277.170       ,0.00000           ,0.00000               
16:33:44.126265     ,0.512       ,0.000       ,10.514      ,16.140      ,0.000       ,0.000       ,0.12026       ,1570          ,137.988         ,25.000        ,-0.087              ,0.000               ,-2277.161       ,0.00000           ,0.00000               
16:33:44.146187     ,0.512       ,0.000       ,10.514      ,15.900      ,0.000       ,0.000       ,0.12226       ,1596          ,140.273         ,25.400        ,-0.089              ,0.000               ,-2277.152       ,0.00000           ,0.00000               
16:33:44.166320     ,0.510       ,0.000       ,10.514      ,15.720      ,0.000       ,0.000       ,0.12425       ,1622          ,142.559         ,25.800        ,-0.090              ,0.000               ,-2277.142       ,0.00000           ,0.00000               
16:33:44.186130     ,0.512       ,0.000       ,10.497      ,15.790      ,0.000       ,0.000       ,0.12640       ,1650          ,145.020         ,26.400        ,-0.092              ,0.000               ,-2277.132       ,0.00000           ,0.00000               
16:33:44.206310     ,0.512       ,0.000       ,10.497      ,15.670      ,0.000       ,0.000       ,0.12870       ,1680          ,147.656         ,26.800        ,-0.094              ,0.000               ,-2277.122       ,0.00000           ,0.00000               
16:33:44.226714     ,0.508       ,0.000       ,10.497      ,15.720      ,0.000       ,0.000       ,0.13108       ,1711          ,150.381         ,27.200        ,-0.095              ,0.000               ,-2277.111       ,0.00000           ,0.00000               
16:33:44.247423     ,0.508       ,0.000       ,10.514      ,15.830      ,0.000       ,0.000       ,0.13361       ,1744          ,153.281         ,27.800        ,-0.097              ,0.000               ,-2277.099       ,0.00000           ,0.00000               
16:33:44.268225     ,0.508       ,0.000       ,10.514      ,15.810      ,0.000       ,0.000       ,0.13629       ,1779          ,156.357         ,29.000        ,-0.101              ,0.000               ,-2277.087       ,0.00000           ,0.00000               
16:33:44.289165     ,0.512       ,0.000       ,10.497      ,15.810      ,0.000       ,0.000       ,0.13898       ,1814          ,159.434         ,30.400        ,-0.106              ,0.000               ,-2277.075       ,0.00000           ,0.00000               
16:33:44.310099     ,0.510       ,0.000       ,10.497      ,16.100      ,0.000       ,0.000       ,0.14166       ,1849          ,162.510         ,31.800        ,-0.111              ,0.000               ,-2277.061       ,0.00000           ,0.00000               
16:33:44.330880     ,0.510       ,0.000       ,10.497      ,16.100      ,0.000       ,0.000       ,0.14450       ,1886          ,165.762         ,32.800        ,-0.114              ,0.000               ,-2277.048       ,0.00000           ,0.00000               
16:33:44.351700     ,0.510       ,0.000       ,10.481      ,16.310      ,0.000       ,0.000       ,0.14734       ,1923          ,169.014         ,33.800        ,-0.118              ,0.000               ,-2277.035       ,0.00000           ,0.00000               
16:33:44.372666     ,0.512       ,0.000       ,10.481      ,16.460      ,0.000       ,0.000       ,0.15010       ,1959          ,172.178         ,34.600        ,-0.121              ,0.000               ,-2277.022       ,0.00000           ,0.00000               
16:33:44.393805     ,0.512       ,0.000       ,10.514      ,15.910      ,0.000       ,0.000       ,0.15286       ,1995          ,175.342         ,35.200        ,-0.123              ,0.000               ,-2277.005       ,0.00000           ,0.00000               
16:33:44.414686     ,0.510       ,0.000       ,10.514      ,16.000      ,0.000       ,0.000       ,0.15562       ,2031          ,178.506         ,35.600        ,-0.124              ,0.000               ,-2276.992       ,0.00000           ,0.00000               
16:33:44.434745     ,0.506       ,0.000       ,10.514      ,16.390      ,0.000       ,0.000       ,0.15838       ,2067          ,181.670         ,36.000        ,-0.126              ,0.000               ,-2276.980       ,0.00000           ,0.00000               
16:33:44.446266     ,0.506       ,0.000       ,10.514      ,16.450      ,0.000       ,0.000       ,0.16107       ,2102          ,184.746         ,36.000        ,-0.126              ,0.000               ,-2276.974       ,0.00000           ,0.00000               
16:33:44.466190     ,0.512       ,0.000       ,10.530      ,15.480      ,0.000       ,0.000       ,0.16383       ,2138          ,187.910         ,36.000        ,-0.126              ,0.000               ,-2276.962       ,0.00000           ,0.00000               
16:33:44.486298     ,0.510       ,0.000       ,10.530      ,16.380      ,0.000       ,0.000       ,0.16644       ,2172          ,190.898         ,36.400        ,-0.127              ,0.000               ,-2276.949       ,0.00000           ,0.00000               
16:33:44.506366     ,0.510       ,0.000       ,10.497      ,16.040      ,0.000       ,0.000       ,0.16912       ,2207          ,193.975         ,36.800        ,-0.128              ,0.000               ,-2276.937       ,0.00000           ,0.00000               
16:33:44.526264     ,0.508       ,0.000       ,10.497      ,16.370      ,0.000       ,0.000       ,0.17181       ,2242          ,197.051         ,37.000        ,-0.129              ,0.000               ,-2276.925       ,0.00000           ,0.00000               
16:33:44.546165     ,0.512       ,0.000       ,10.497      ,16.220      ,0.000       ,0.000       ,0.17449       ,2277          ,200.127         ,37.000        ,-0.129              ,0.000               ,-2276.913       ,0.00000           ,0.00000               
16:33:44.566309     ,0.512       ,0.000       ,10.514      ,16.070      ,0.000       ,0.000       ,0.17710       ,2311          ,203.115         ,37.000        ,-0.129              ,0.000               ,-2276.901       ,0.00000           ,0.00000               
16:33:44.586211     ,0.508       ,0.000       ,10.497      ,16.670      ,0.000       ,0.000       ,0.17963       ,2344          ,206.016         ,36.600        ,-0.128              ,0.000               ,-2276.890       ,0.00000           ,0.00000               
16:33:44.606214     ,0.512       ,0.000       ,10.497      ,16.430      ,0.000       ,0.000       ,0.18216       ,2377          ,208.916         ,36.200        ,-0.126              ,0.000               ,-2276.878       ,0.00000           ,0.00000               
16:33:44.626152     ,0.512       ,0.000       ,10.514      ,16.140      ,0.000       ,0.000       ,0.18454       ,2408          ,211.641         ,35.600        ,-0.124              ,0.000               ,-2276.868       ,0.00000           ,0.00000               
16:33:44.647704     ,0.512       ,0.000       ,10.514      ,16.140      ,0.000       ,0.000       ,0.18692       ,2439          ,214.365         ,35.200        ,-0.123              ,0.000               ,-2276.858       ,0.00000           ,0.00000               
16:33:44.666218     ,0.512       ,0.000       ,10.514      ,16.480      ,0.000       ,0.000       ,0.18899       ,2466          ,216.738         ,34.600        ,-0.121              ,0.000               ,-2276.848       ,0.00000           ,0.00000               
16:33:44.686378     ,0.510       ,0.000       ,10.497      ,16.300      ,0.000       ,0.000       ,0.19121       ,2495          ,219.287         ,33.800        ,-0.118              ,0.000               ,-2276.838       ,0.00000           ,0.00000               
16:33:44.706146     ,0.506       ,0.000       ,10.497      ,16.330      ,0.000       ,0.000       ,0.19336       ,2523          ,221.748         ,32.800        ,-0.114              ,0.000               ,-2276.829       ,0.00000           ,0.00000               
16:33:44.726235     ,0.506       ,0.000       ,10.497      ,16.450      ,0.000       ,0.000       ,0.19535       ,2549          ,224.033         ,32.200        ,-0.112              ,0.000               ,-2276.820       ,0.00000           ,0.00000               
16:33:44.746831     ,0.510       ,0.000       ,10.497      ,16.660      ,0.000       ,0.000       ,0.19535       ,2549          ,224.033         ,31.600        ,-0.110              ,0.000               ,-2276.812       ,0.00000           ,0.00000               
16:33:44.767669     ,0.510       ,0.000       ,10.497      ,16.190      ,0.000       ,0.000       ,0.19903       ,2597          ,228.252         ,30.600        ,-0.107              ,0.000               ,-2276.804       ,0.00000           ,0.00000               
16:33:44.788555     ,0.510       ,0.000       ,10.497      ,16.250      ,0.000       ,0.000       ,0.20072       ,2619          ,230.186         ,29.200        ,-0.102              ,0.000               ,-2276.796       ,0.00000           ,0.00000               
16:33:44.809329     ,0.510       ,0.000       ,10.497      ,16.250      ,0.000       ,0.000       ,0.20233       ,2640          ,232.031         ,28.200        ,-0.098              ,0.000               ,-2276.789       ,0.00000           ,0.00000               
16:33:44.830337     ,0.512       ,0.000       ,10.514      ,16.380      ,0.000       ,0.000       ,0.20379       ,2659          ,233.701         ,27.200        ,-0.095              ,0.000               ,-2276.782       ,0.00000           ,0.00000               
16:33:44.851426     ,0.512       ,0.000       ,10.514      ,16.100      ,0.000       ,0.000       ,0.20532       ,2679          ,235.459         ,26.200        ,-0.091              ,0.000               ,-2276.775       ,0.00000           ,0.00000               
16:33:44.872443     ,0.512       ,0.000       ,10.530      ,16.280      ,0.000       ,0.000       ,0.20670       ,2697          ,237.041         ,25.200        ,-0.088              ,0.000               ,-2276.769       ,0.00000           ,0.00000               
16:33:44.893424     ,0.512       ,0.000       ,10.497      ,16.240      ,0.000       ,0.000       ,0.20808       ,2715          ,238.623         ,24.200        ,-0.084              ,0.000               ,-2276.763       ,0.00000           ,0.00000               
16:33:44.914365     ,0.512       ,0.000       ,10.497      ,16.280      ,0.000       ,0.000       ,0.20931       ,2731          ,240.029         ,23.200        ,-0.081              ,0.000               ,-2276.757       ,0.00000           ,0.00000               
16:33:44.926390     ,0.512       ,0.000       ,10.481      ,16.000      ,0.000       ,0.000       ,0.21062       ,2748          ,241.523         ,22.400        ,-0.078              ,0.000               ,-2276.752       ,0.00000           ,0.00000               
16:33:44.946513     ,0.512       ,0.000       ,10.497      ,16.080      ,0.000       ,0.000       ,0.21177       ,2763          ,242.842         ,21.600        ,-0.075              ,0.000               ,-2276.746       ,0.00000           ,0.00000               
16:33:44.966758     ,0.512       ,0.000       ,10.497      ,16.060      ,0.000       ,0.000       ,0.21299       ,2779          ,244.248         ,20.800        ,-0.073              ,0.000               ,-2276.741       ,0.00000           ,0.00000               
16:33:44.986892     ,0.508       ,0.000       ,10.514      ,15.970      ,0.000       ,0.000       ,0.21414       ,2794          ,245.566         ,19.800        ,-0.069              ,0.000               ,-2276.738       ,0.00000           ,0.00000               
16:33:45.006245     ,0.510       ,0.000       ,10.514      ,15.930      ,0.000       ,0.000       ,0.21529       ,2809          ,246.885         ,19.200        ,-0.067              ,0.000               ,-2276.733       ,0.00000           ,0.00000               
16:33:45.026412     ,0.510       ,0.000       ,10.497      ,15.930      ,0.000       ,0.000       ,0.21644       ,2824          ,248.203         ,18.600        ,-0.065              ,0.000               ,-2276.728       ,0.00000           ,0.00000               
16:33:45.046262     ,0.512       ,0.000       ,10.530      ,15.920      ,0.000       ,0.000       ,0.21767       ,2840          ,249.609         ,18.200        ,-0.064              ,0.000               ,-2276.722       ,0.00000           ,0.00000               
16:33:45.066172     ,0.506       ,0.000       ,10.530      ,16.010      ,0.000       ,0.000       ,0.21890       ,2856          ,251.016         ,18.000        ,-0.063              ,0.000               ,-2276.714       ,0.00000           ,0.00000               
16:33:45.086247     ,0.506       ,0.000       ,10.628      ,15.930      ,0.000       ,0.000       ,0.22005       ,2871          ,252.334         ,18.800        ,-0.066              ,0.000               ,-2276.702       ,0.00000           ,0.00000               
16:33:45.106302     ,0.510       ,0.000       ,10.514      ,15.740      ,0.000       ,0.000       ,0.22128       ,2887          ,253.740         ,20.400        ,-0.071              ,0.000               ,-2276.695       ,0.00000           ,0.00000               
16:33:45.126454     ,0.510       ,0.000       ,10.514      ,15.800      ,0.000       ,0.000       ,0.22258       ,2904          ,255.234         ,21.200        ,-0.074              ,0.000               ,-2276.689       ,0.00000           ,0.00000               
16:33:45.146329     ,0.510       ,0.000       ,10.514      ,15.610      ,0.000       ,0.000       ,0.22396       ,2922          ,256.816         ,21.200        ,-0.074              ,0.000               ,-2276.683       ,0.00000           ,0.00000               
16:33:45.166200     ,0.512       ,0.000       ,10.514      ,15.720      ,0.000       ,0.000       ,0.22534       ,2940          ,258.398         ,20.600        ,-0.072              ,0.000               ,-2276.677       ,0.00000           ,0.00000               
16:33:45.186319     ,0.510       ,0.000       ,10.514      ,15.480      ,0.000       ,0.000       ,0.22688       ,2960          ,260.156         ,20.200        ,-0.071              ,0.000               ,-2276.670       ,0.00000           ,0.00000               
16:33:45.206216     ,0.510       ,0.000       ,10.530      ,15.810      ,0.000       ,0.000       ,0.22849       ,2981          ,262.002         ,20.800        ,-0.073              ,0.000               ,-2276.658       ,0.00000           ,0.00000               
16:33:45.226272     ,0.512       ,0.000       ,10.514      ,15.890      ,0.000       ,0.000       ,0.23017       ,3003          ,263.936         ,22.400        ,-0.078              ,0.000               ,-2276.642       ,0.00000           ,0.00000               
16:33:45.247151     ,0.510       ,0.000       ,10.514      ,15.830      ,0.000       ,0.000       ,0.23186       ,3025          ,265.869         ,25.000        ,-0.087              ,0.000               ,-2276.629       ,0.00000           ,0.00000               
16:33:45.268053     ,0.510       ,0.000       ,10.514      ,15.780      ,0.000       ,0.000       ,0.23370       ,3049          ,267.979         ,27.800        ,-0.097              ,0.000               ,-2276.617       ,0.00000           ,0.00000               
16:33:45.288846     ,0.508       ,0.000       ,10.497      ,15.930      ,0.000       ,0.000       ,0.23547       ,3072          ,270.000         ,28.800        ,-0.101              ,0.000               ,-2276.609       ,0.00000           ,0.00000               
16:33:45.310186     ,0.512       ,0.000       ,10.497      ,15.980      ,0.000       ,0.000       ,0.23731       ,3096          ,272.109         ,28.200        ,-0.098              ,0.000               ,-2276.601       ,0.00000           ,0.00000               
16:33:45.331204     ,0.512       ,0.000       ,10.514      ,15.950      ,0.000       ,0.000       ,0.23915       ,3120          ,274.219         ,27.400        ,-0.096              ,0.000               ,-2276.592       ,0.00000           ,0.00000               
16:33:45.352233     ,0.506       ,0.000       ,10.514      ,15.960      ,0.000       ,0.000       ,0.24099       ,3144          ,276.328         ,27.000        ,-0.094              ,0.000               ,-2276.584       ,0.00000           ,0.00000               
16:33:45.372902     ,0.506       ,0.000       ,10.514      ,16.010      ,0.000       ,0.000       ,0.24283       ,3168          ,278.438         ,27.000        ,-0.094              ,0.000               ,-2276.575       ,0.00000           ,0.00000               
16:33:45.394779     ,0.512       ,0.000       ,10.530      ,16.010      ,0.000       ,0.000       ,0.24283       ,3168          ,278.438         ,26.800        ,-0.094              ,0.000               ,-2276.566       ,0.00000           ,0.00000               
16:33:45.406164     ,0.506       ,0.000       ,10.530      ,15.770      ,0.000       ,0.000       ,0.24666       ,3218          ,282.832         ,26.400        ,-0.092              ,0.000               ,-2276.562       ,0.00000           ,0.00000               
16:33:45.426241     ,0.506       ,0.000       ,10.530      ,15.900      ,0.000       ,0.000       ,0.24866       ,3244          ,285.117         ,26.000        ,-0.091              ,0.000               ,-2276.553       ,0.00000           ,0.00000               
16:33:45.446141     ,0.510       ,0.000       ,10.497      ,15.960      ,0.000       ,0.000       ,0.25065       ,3270          ,287.402         ,26.400        ,-0.092              ,0.000               ,-2276.544       ,0.00000           ,0.00000               
16:33:45.466267     ,0.512       ,0.000       ,10.514      ,15.840      ,0.000       ,0.000       ,0.25272       ,3297          ,289.775         ,26.800        ,-0.094              ,0.000               ,-2276.534       ,0.00000           ,0.00000               
16:33:45.486144     ,0.512       ,0.000       ,10.514      ,15.900      ,0.000       ,0.000       ,0.25272       ,3297          ,289.775         ,27.000        ,-0.094              ,0.000               ,-2276.525       ,0.00000           ,0.00000               
16:33:45.506246     ,0.510       ,0.000       ,10.530      ,16.090      ,0.000       ,0.000       ,0.25272       ,3297          ,289.775         ,27.000        ,-0.094              ,0.000               ,-2276.515       ,0.00000           ,0.00000               
16:33:45.526302     ,0.512       ,0.000       ,10.514      ,16.140      ,0.000       ,0.000       ,0.25272       ,3297          ,289.775         ,27.400        ,-0.096              ,0.000               ,-2276.505       ,0.00000           ,0.00000               
16:33:45.546410     ,0.512       ,0.000       ,10.514      ,15.870      ,0.000       ,0.000       ,0.25272       ,3297          ,289.775         ,27.800        ,-0.097              ,0.000               ,-2276.495       ,0.00000           ,0.00000               
16:33:45.566110     ,0.510       ,0.000       ,10.514      ,15.910      ,0.000       ,0.000       ,0.25272       ,3297          ,289.775         ,28.000        ,-0.098              ,0.000               ,-2276.485       ,0.00000           ,0.00000               
16:33:45.586199     ,0.510       ,0.000       ,10.514      ,16.060      ,0.000       ,0.000       ,0.25272       ,3297          ,289.775         ,28.400        ,-0.099              ,0.000               ,-2276.475       ,0.00000           ,0.00000               
16:33:45.606305     ,0.510       ,0.000       ,10.514      ,15.970      ,0.000       ,0.000       ,0.25272       ,3297          ,289.775         ,28.800        ,-0.101              ,0.000               ,-2276.465       ,0.00000           ,0.00000               
16:33:45.626241     ,0.510       ,0.000       ,10.530      ,15.950      ,0.000       ,0.000       ,0.25272       ,3297          ,289.775         ,29.000        ,-0.101              ,0.000               ,-2276.455       ,0.00000           ,0.00000               
16:33:45.646287     ,0.508       ,0.000       ,10.514      ,15.950      ,0.000       ,0.000       ,0.25272       ,3297          ,289.775         ,29.400        ,-0.103              ,0.000               ,-2276.444       ,0.00000           ,0.00000               
16:33:45.666160     ,0.508       ,0.000       ,10.514      ,15.950      ,0.000       ,0.000       ,0.27474       ,3584          ,315.000         ,29.800        ,-0.104              ,0.000               ,-2276.433       ,0.00000           ,0.00000               
16:33:45.686902     ,0.506       ,0.000       ,10.530      ,15.250      ,0.000       ,0.000       ,0.27704       ,3614          ,317.637         ,30.200        ,-0.105              ,0.000               ,-2276.422       ,0.00000           ,0.00000               
16:33:45.707666     ,0.506       ,0.000       ,10.530      ,13.480      ,0.000       ,0.000       ,0.27865       ,3635          ,319.482         ,30.400        ,-0.106              ,0.000               ,-2276.414       ,0.00000           ,0.00000               
16:33:45.728446     ,0.506       ,0.000       ,10.514      ,16.090      ,0.000       ,0.000       ,0.27865       ,3635          ,319.482         ,30.600        ,-0.107              ,0.000               ,-2276.400       ,0.00000           ,0.00000               
16:33:45.749158     ,0.512       ,0.000       ,10.514      ,15.740      ,0.000       ,0.000       ,0.28072       ,3662          ,321.855         ,31.000        ,-0.108              ,0.000               ,-2276.385       ,0.00000           ,0.00000               
16:33:45.769914     ,0.508       ,0.000       ,10.514      ,15.730      ,0.000       ,0.000       ,0.28179       ,3676          ,323.086         ,32.400        ,-0.113              ,0.000               ,-2276.374       ,0.00000           ,0.00000               
16:33:45.790670     ,0.508       ,0.000       ,10.530      ,13.750      ,0.000       ,0.000       ,0.28287       ,3690          ,324.316         ,33.200        ,-0.116              ,0.000               ,-2276.368       ,0.00000           ,0.00000               
16:33:45.811607     ,0.508       ,0.000       ,10.514      ,14.830      ,0.000       ,0.000       ,0.28348       ,3698          ,325.020         ,32.000        ,-0.112              ,0.000               ,-2276.365       ,0.00000           ,0.00000               
16:33:45.832302     ,0.510       ,0.000       ,10.514      ,15.340      ,0.000       ,0.000       ,0.28394       ,3704          ,325.547         ,28.800        ,-0.101              ,0.000               ,-2276.363       ,0.00000           ,0.00000               
16:33:45.853263     ,0.510       ,0.000       ,10.530      ,14.590      ,0.000       ,0.000       ,0.28455       ,3712          ,326.250         ,25.000        ,-0.087              ,0.000               ,-2276.358       ,0.00000           ,0.00000               
16:33:45.874233     ,0.510       ,0.000       ,10.547      ,14.160      ,0.000       ,0.000       ,0.28494       ,3717          ,326.689         ,22.400        ,-0.078              ,0.000               ,-2276.342       ,0.00000           ,0.00000               
16:33:45.886396     ,0.510       ,0.000       ,10.547      ,14.660      ,0.000       ,0.000       ,0.28501       ,3718          ,326.777         ,21.600        ,-0.075              ,0.000               ,-2276.332       ,0.00000           ,0.00000               
16:33:45.906512     ,0.510       ,0.000       ,10.530      ,15.140      ,0.000       ,0.000       ,0.28501       ,3718          ,326.777         ,24.400        ,-0.085              ,0.000               ,-2276.315       ,0.00000           ,0.00000               
16:33:45.926787     ,0.508       ,0.000       ,10.530      ,14.220      ,0.000       ,0.000       ,0.28524       ,3721          ,327.041         ,28.400        ,-0.099              ,0.000               ,-2276.306       ,0.00000           ,0.00000               
16:33:45.946834     ,0.510       ,0.000       ,10.530      ,14.310      ,0.000       ,0.000       ,0.28540       ,3723          ,327.217         ,31.200        ,-0.109              ,0.000               ,-2276.299       ,0.00000           ,0.00000               
16:33:45.966228     ,0.510       ,0.000       ,10.530      ,14.900      ,0.000       ,0.000       ,0.28547       ,3724          ,327.305         ,31.200        ,-0.109              ,0.000               ,-2276.290       ,0.00000           ,0.00000               
16:33:45.986325     ,0.512       ,0.000       ,10.547      ,15.130      ,0.000       ,0.000       ,0.28563       ,3726          ,327.480         ,30.400        ,-0.106              ,0.000               ,-2276.278       ,0.00000           ,0.00000               
16:33:46.006262     ,0.512       ,0.000       ,10.547      ,14.930      ,0.000       ,0.000       ,0.28601       ,3731          ,327.920         ,30.000        ,-0.105              ,0.000               ,-2276.269       ,0.00000           ,0.00000               
16:33:46.026399     ,0.512       ,0.000       ,10.530      ,14.950      ,0.000       ,0.000       ,0.28639       ,3736          ,328.359         ,30.000        ,-0.105              ,0.000               ,-2276.262       ,0.00000           ,0.00000               
16:33:46.046220     ,0.512       ,0.000       ,10.530      ,15.710      ,0.000       ,0.000       ,0.28693       ,3743          ,328.975         ,28.800        ,-0.101              ,0.000               ,-2276.259       ,0.00000           ,0.00000               
16:33:46.066254     ,0.512       ,0.000       ,10.530      ,15.620      ,0.000       ,0.000       ,0.28777       ,3754          ,329.941         ,26.400        ,-0.092              ,0.000               ,-2276.255       ,0.00000           ,0.00000               
16:33:46.086207     ,0.506       ,0.000       ,10.530      ,15.200      ,0.000       ,0.000       ,0.28870       ,3766          ,330.996         ,23.800        ,-0.083              ,0.000               ,-2276.250       ,0.00000           ,0.00000               
16:33:46.106296     ,0.510       ,0.000       ,10.514      ,15.460      ,0.000       ,0.000       ,0.28977       ,3780          ,332.227         ,22.000        ,-0.077              ,0.000               ,-2276.245       ,0.00000           ,0.00000               
16:33:46.126175     ,0.510       ,0.000       ,10.514      ,15.920      ,0.000       ,0.000       ,0.29100       ,3796          ,333.633         ,20.800        ,-0.073              ,0.000               ,-2276.239       ,0.00000           ,0.00000               
16:33:46.146263     ,0.510       ,0.000       ,10.514      ,15.780      ,0.000       ,0.000       ,0.29245       ,3815          ,335.303         ,20.200        ,-0.071              ,0.000               ,-2276.232       ,0.00000           ,0.00000               
16:33:46.166283     ,0.510       ,0.000       ,10.514      ,15.430      ,0.000       ,0.000       ,0.29399       ,3835          ,337.061         ,20.000        ,-0.070              ,0.000               ,-2276.222       ,0.00000           ,0.00000               
16:33:46.186888     ,0.510       ,0.000       ,10.514      ,16.210      ,0.000       ,0.000       ,0.29560       ,3856          ,338.906         ,21.000        ,-0.073              ,0.000               ,-2276.201       ,0.00000           ,0.00000               
16:33:46.207628     ,0.510       ,0.000       ,10.530      ,16.020      ,0.000       ,0.000       ,0.29736       ,3879          ,340.928         ,24.400        ,-0.085              ,0.000               ,-2276.179       ,0.00000           ,0.00000               
16:33:46.228484     ,0.510       ,0.000       ,10.547      ,15.890      ,0.000       ,0.000       ,0.29920       ,3903          ,343.037         ,30.200        ,-0.105              ,0.000               ,-2276.164       ,0.00000           ,0.00000               
16:33:46.250351     ,0.510       ,0.000       ,10.547      ,15.600      ,0.000       ,0.000       ,0.30097       ,3926          ,345.059         ,35.000        ,-0.122              ,0.000               ,-2276.154       ,0.00000           ,0.00000               
16:33:46.271187     ,0.508       ,0.000       ,10.514      ,16.200      ,0.000       ,0.000       ,0.30288       ,3951          ,347.256         ,36.600        ,-0.128              ,0.000               ,-2276.145       ,0.00000           ,0.00000               
16:33:46.291879     ,0.510       ,0.000       ,10.530      ,15.980      ,0.000       ,0.000       ,0.30288       ,3951          ,347.256         ,35.600        ,-0.124              ,0.000               ,-2276.135       ,0.00000           ,0.00000               
16:33:46.312619     ,0.510       ,0.000       ,10.530      ,15.850      ,0.000       ,0.000       ,0.30695       ,4004          ,351.914         ,34.200        ,-0.119              ,0.000               ,-2276.125       ,0.00000           ,0.00000               
16:33:46.333529     ,0.510       ,0.000       ,10.530      ,15.870      ,0.000       ,0.000       ,0.30910       ,4032          ,354.375         ,33.200        ,-0.116              ,0.000               ,-2276.115       ,0.00000           ,0.00000               
16:33:46.346198     ,0.512       ,0.000       ,10.497      ,16.260      ,0.000       ,0.000       ,0.31132       ,4061          ,356.924         ,32.400        ,-0.113              ,0.000               ,-2276.107       ,0.00000           ,0.00000               
16:33:46.366231     ,0.512       ,0.000       ,10.497      ,16.160      ,0.000       ,0.000       ,0.31355       ,4090          ,359.473         ,31.600        ,-0.110              ,0.000               ,-2276.096       ,0.00000           ,0.00000               
16:33:46.386167     ,0.508       ,0.000       ,10.514      ,15.680      ,0.000       ,0.000       ,0.31585       ,4120          ,2.109           ,31.200        ,-0.109              ,0.000               ,-2276.086       ,0.00000           ,0.00000               
16:33:46.406243     ,0.508       ,0.000       ,10.514      ,16.030      ,0.000       ,0.000       ,0.31830       ,4152          ,4.922           ,31.400        ,-0.110              ,0.000               ,-2276.075       ,0.00000           ,0.00000               
16:33:46.426353     ,0.508       ,0.000       ,10.514      ,15.680      ,0.000       ,0.000       ,0.31830       ,4152          ,4.922           ,31.800        ,-0.111              ,0.000               ,-2276.063       ,0.00000           ,0.00000               
16:33:46.446301     ,0.510       ,0.000       ,10.530      ,15.740      ,0.000       ,0.000       ,0.32329       ,4217          ,10.635          ,32.000        ,-0.112              ,0.000               ,-2276.051       ,0.00000           ,0.00000               
16:33:46.466295     ,0.512       ,0.000       ,10.530      ,15.560      ,0.000       ,0.000       ,0.32605       ,4253          ,13.799          ,32.400        ,-0.113              ,0.000               ,-2276.038       ,0.00000           ,0.00000               
16:33:46.486210     ,0.512       ,0.000       ,10.514      ,15.790      ,0.000       ,0.000       ,0.32889       ,4290          ,17.051          ,33.200        ,-0.116              ,0.000               ,-2276.025       ,0.00000           ,0.00000               
16:33:46.506128     ,0.506       ,0.000       ,10.514      ,15.950      ,0.000       ,0.000       ,0.33172       ,4327          ,20.303          ,34.200        ,-0.119              ,0.000               ,-2276.012       ,0.00000           ,0.00000               
16:33:46.526391     ,0.506       ,0.000       ,10.514      ,15.830      ,0.000       ,0.000       ,0.33448       ,4363          ,23.467          ,35.200        ,-0.123              ,0.000               ,-2276.000       ,0.00000           ,0.00000               
16:33:46.546299     ,0.506       ,0.000       ,10.530      ,15.930      ,0.000       ,0.000       ,0.33725       ,4399          ,26.631          ,35.800        ,-0.125              ,0.000               ,-2275.987       ,0.00000           ,0.00000               
16:33:46.566161     ,0.512       ,0.000       ,10.514      ,16.220      ,0.000       ,0.000       ,0.33985       ,4433          ,29.619          ,36.000        ,-0.126              ,0.000               ,-2275.976       ,0.00000           ,0.00000               
16:33:46.586329     ,0.510       ,0.000       ,10.514      ,15.980      ,0.000       ,0.000       ,0.34238       ,4466          ,32.520          ,36.000        ,-0.126              ,0.000               ,-2275.964       ,0.00000           ,0.00000               
16:33:46.606205     ,0.510       ,0.000       ,10.547      ,16.020      ,0.000       ,0.000       ,0.34476       ,4497          ,35.244          ,36.000        ,-0.126              ,0.000               ,-2275.954       ,0.00000           ,0.00000               
16:33:46.626353     ,0.510       ,0.000       ,10.514      ,16.080      ,0.000       ,0.000       ,0.34706       ,4527          ,37.881          ,35.600        ,-0.124              ,0.000               ,-2275.943       ,0.00000           ,0.00000               
16:33:46.646210     ,0.510       ,0.000       ,10.514      ,16.030      ,0.000       ,0.000       ,0.34929       ,4556          ,40.430          ,35.000        ,-0.122              ,0.000               ,-2275.933       ,0.00000           ,0.00000               
16:33:46.666502     ,0.510       ,0.000       ,10.497      ,15.950      ,0.000       ,0.000       ,0.35151       ,4585          ,42.979          ,34.200        ,-0.119              ,0.000               ,-2275.923       ,0.00000           ,0.00000               
16:33:46.687251     ,0.510       ,0.000       ,10.497      ,15.900      ,0.000       ,0.000       ,0.35358       ,4612          ,45.352          ,33.400        ,-0.117              ,0.000               ,-2275.914       ,0.00000           ,0.00000               
16:33:46.708010     ,0.508       ,0.000       ,10.497      ,15.890      ,0.000       ,0.000       ,0.35558       ,4638          ,47.637          ,32.800        ,-0.114              ,0.000               ,-2275.905       ,0.00000           ,0.00000               
16:33:46.728961     ,0.508       ,0.000       ,10.514      ,16.040      ,0.000       ,0.000       ,0.35757       ,4664          ,49.922          ,32.200        ,-0.112              ,0.000               ,-2275.896       ,0.00000           ,0.00000               
16:33:46.749829     ,0.512       ,0.000       ,10.514      ,15.890      ,0.000       ,0.000       ,0.35941       ,4688          ,52.031          ,31.200        ,-0.109              ,0.000               ,-2275.888       ,0.00000           ,0.00000               
16:33:46.771676     ,0.512       ,0.000       ,10.514      ,15.920      ,0.000       ,0.000       ,0.36125       ,4712          ,54.141          ,30.200        ,-0.105              ,0.000               ,-2275.880       ,0.00000           ,0.00000               
16:33:46.792741     ,0.510       ,0.000       ,10.497      ,15.960      ,0.000       ,0.000       ,0.36286       ,4733          ,55.986          ,29.200        ,-0.102              ,0.000               ,-2275.872       ,0.00000           ,0.00000               
16:33:46.814007     ,0.510       ,0.000       ,10.530      ,16.030      ,0.000       ,0.000       ,0.36455       ,4755          ,57.920          ,28.200        ,-0.098              ,0.000               ,-2275.864       ,0.00000           ,0.00000               
16:33:46.826194     ,0.510       ,0.000       ,10.530      ,16.040      ,0.000       ,0.000       ,0.36624       ,4777          ,59.854          ,27.400        ,-0.096              ,0.000               ,-2275.860       ,0.00000           ,0.00000               
16:33:46.846552     ,0.510       ,0.000       ,10.497      ,15.810      ,0.000       ,0.000       ,0.36777       ,4797          ,61.611          ,26.600        ,-0.093              ,0.000               ,-2275.850       ,0.00000           ,0.00000               
16:33:46.866531     ,0.512       ,0.000       ,10.530      ,15.900      ,0.000       ,0.000       ,0.36938       ,4818          ,63.457          ,25.800        ,-0.090              ,0.000               ,-2275.846       ,0.00000           ,0.00000               
16:33:46.886617     ,0.512       ,0.000       ,10.530      ,15.830      ,0.000       ,0.000       ,0.37092       ,4838          ,65.215          ,24.800        ,-0.087              ,0.000               ,-2275.839       ,0.00000           ,0.00000               
16:33:46.906673     ,0.508       ,0.000       ,10.547      ,15.950      ,0.000       ,0.000       ,0.37237       ,4857          ,66.885          ,24.200        ,-0.084              ,0.000               ,-2275.833       ,0.00000           ,0.00000               
16:33:46.926785     ,0.508       ,0.000       ,10.530      ,15.800      ,0.000       ,0.000       ,0.37237       ,4857          ,66.885          ,23.600        ,-0.082              ,0.000               ,-2275.826       ,0.00000           ,0.00000               
16:33:46.946208     ,0.508       ,0.000       ,10.530      ,15.710      ,0.000       ,0.000       ,0.37537       ,4896          ,70.312          ,23.200        ,-0.081              ,0.000               ,-2275.819       ,0.00000           ,0.00000               
16:33:46.966226     ,0.510       ,0.000       ,10.514      ,15.800      ,0.000       ,0.000       ,0.37682       ,4915          ,71.982          ,22.600        ,-0.079              ,0.000               ,-2275.812       ,0.00000           ,0.00000               
16:33:46.986146     ,0.380       ,0.000       ,10.514      ,15.800      ,0.000       ,0.000       ,0.37836       ,4935          ,73.740          ,22.200        ,-0.077              ,0.000               ,-2275.805       ,0.00000           ,0.00000               
16:33:47.006312     ,0.380       ,0.000       ,0.427       ,15.790      ,0.000       ,0.000       ,0.37989       ,4955          ,75.498          ,22.000        ,-0.077              ,0.000               ,-2275.795       ,0.00000           ,0.00000               
16:33:47.026284     ,0.213       ,0.000       ,0.443       ,16.870      ,0.000       ,0.000       ,0.38127       ,4973          ,77.080          ,25.200        ,-0.088              ,0.000               ,-2275.754       ,0.00000           ,0.00000               
16:33:47.046195     ,0.146       ,0.000       ,0.443       ,16.890      ,0.000       ,0.000       ,0.38242       ,4988          ,78.398          ,38.000        ,-0.133              ,0.000               ,-2275.692       ,0.00000           ,0.00000               
16:33:47.066278     ,0.146       ,0.000       ,0.378       ,17.270      ,0.000       ,0.000       ,0.38334       ,5000          ,79.453          ,58.000        ,-0.202              ,0.000               ,-2275.636       ,0.00000           ,0.00000               
16:33:47.086176     ,0.110       ,0.000       ,0.378       ,16.850      ,0.000       ,0.000       ,0.38396       ,5008          ,80.156          ,76.400        ,-0.267              ,0.000               ,-2275.598       ,0.00000           ,0.00000               
16:33:47.106279     ,0.085       ,0.000       ,0.378       ,17.100      ,0.000       ,0.000       ,0.38419       ,5011          ,80.420          ,86.000        ,-0.300              ,0.000               ,-2275.577       ,0.00000           ,0.00000               
16:33:47.126168     ,0.085       ,0.000       ,0.607       ,16.750      ,0.000       ,0.000       ,0.38419       ,5011          ,80.420          ,85.600        ,-0.299              ,0.000               ,-2275.564       ,0.00000           ,0.00000               
16:33:47.146243     ,0.068       ,0.000       ,0.656       ,16.360      ,0.000       ,0.000       ,0.38403       ,5009          ,80.244          ,79.000        ,-0.276              ,0.000               ,-2275.554       ,0.00000           ,0.00000               
16:33:47.166334     ,0.068       ,0.000       ,0.656       ,15.890      ,0.000       ,0.000       ,0.38365       ,5004          ,79.805          ,71.400        ,-0.249              ,0.000               ,-2275.540       ,0.00000           ,0.00000               
16:33:47.186186     ,0.057       ,0.000       ,0.214       ,15.730      ,0.000       ,0.000       ,0.38319       ,4998          ,79.277          ,66.600        ,-0.232              ,0.000               ,-2275.522       ,0.00000           ,0.00000               
16:33:47.206942     ,0.049       ,0.000       ,0.509       ,15.530      ,0.000       ,0.000       ,0.38280       ,4993          ,78.838          ,63.600        ,-0.222              ,0.000               ,-2275.506       ,0.00000           ,0.00000               
16:33:47.227813     ,0.049       ,0.000       ,0.509       ,15.840      ,0.000       ,0.000       ,0.38265       ,4991          ,78.662          ,60.400        ,-0.211              ,0.000               ,-2275.493       ,0.00000           ,0.00000               
16:33:47.248554     ,0.049       ,0.000       ,0.705       ,16.280      ,0.000       ,0.000       ,0.38257       ,4990          ,78.574          ,57.000        ,-0.199              ,0.000               ,-2275.480       ,0.00000           ,0.00000               
16:33:47.268313     ,0.049       ,0.000       ,0.803       ,16.070      ,0.000       ,0.000       ,0.38265       ,4991          ,78.662          ,53.400        ,-0.186              ,0.000               ,-2275.470       ,0.00000           ,0.00000               
16:33:47.290413     ,0.049       ,0.000       ,0.803       ,15.680      ,0.000       ,0.000       ,0.38296       ,4995          ,79.014          ,49.800        ,-0.174              ,0.000               ,-2275.460       ,0.00000           ,0.00000               
16:33:47.311284     ,0.049       ,0.000       ,0.803       ,15.970      ,0.000       ,0.000       ,0.38327       ,4999          ,79.365          ,45.800        ,-0.160              ,0.000               ,-2275.451       ,0.00000           ,0.00000               
16:33:47.332089     ,0.049       ,0.000       ,0.820       ,16.330      ,0.000       ,0.000       ,0.38342       ,5001          ,79.541          ,42.000        ,-0.147              ,0.000               ,-2275.442       ,0.00000           ,0.00000               
16:33:47.352956     ,0.049       ,0.000       ,0.820       ,16.510      ,0.000       ,0.000       ,0.38350       ,5002          ,79.629          ,38.800        ,-0.135              ,0.000               ,-2275.432       ,0.00000           ,0.00000               
16:33:47.373922     ,0.051       ,0.000       ,0.836       ,16.220      ,0.000       ,0.000       ,0.38357       ,5003          ,79.717          ,36.600        ,-0.128              ,0.000               ,-2275.422       ,0.00000           ,0.00000               
16:33:47.394683     ,0.051       ,0.000       ,0.836       ,16.320      ,0.000       ,0.000       ,0.38357       ,5003          ,79.717          ,35.400        ,-0.124              ,0.000               ,-2275.410       ,0.00000           ,0.00000               
16:33:47.406140     ,0.051       ,0.000       ,0.836       ,16.220      ,0.000       ,0.000       ,0.38350       ,5002          ,79.629          ,35.000        ,-0.122              ,0.000               ,-2275.404       ,0.00000           ,0.00000               
16:33:47.426282     ,0.049       ,0.000       ,0.836       ,15.950      ,0.000       ,0.000       ,0.38342       ,5001          ,79.541          ,35.000        ,-0.122              ,0.000               ,-2275.393       ,0.00000           ,0.00000               
16:33:47.446356     ,0.051       ,0.000       ,0.869       ,15.970      ,0.000       ,0.000       ,0.38334       ,5000          ,79.453          ,35.000        ,-0.122              ,0.000               ,-2275.382       ,0.00000           ,0.00000               
16:33:47.466263     ,0.051       ,0.000       ,0.869       ,15.910      ,0.000       ,0.000       ,0.38334       ,5000          ,79.453          ,34.600        ,-0.121              ,0.000               ,-2275.371       ,0.00000           ,0.00000               
16:33:47.486363     ,0.051       ,0.000       ,0.853       ,16.070      ,0.000       ,0.000       ,0.38327       ,4999          ,79.365          ,34.200        ,-0.119              ,0.000               ,-2275.359       ,0.00000           ,0.00000               
16:33:47.506212     ,0.049       ,0.000       ,0.853       ,15.970      ,0.000       ,0.000       ,0.38327       ,4999          ,79.365          ,34.000        ,-0.119              ,0.000               ,-2275.348       ,0.00000           ,0.00000               
16:33:47.526348     ,0.049       ,0.000       ,0.853       ,16.060      ,0.000       ,0.000       ,0.38327       ,4999          ,79.365          ,34.000        ,-0.119              ,0.000               ,-2275.339       ,0.00000           ,0.00000               
16:33:47.546211     ,0.049       ,0.000       ,0.853       ,16.120      ,0.000       ,0.000       ,0.38327       ,4999          ,79.365          ,33.200        ,-0.116              ,0.000               ,-2275.330       ,0.00000           ,0.00000               
16:33:47.562623     ,0.049       ,0.000       ,0.853       ,16.120      ,0.000       ,0.000       ,0.38327       ,4999          ,79.365          ,32.400        ,-0.113              ,0.000               ,-2275.321       ,0.00000           ,0.00000               
16:33:47.586195     ,0.049       ,0.000       ,0.853       ,15.910      ,0.000       ,0.000       ,0.38327       ,4999          ,79.365          ,31.600        ,-0.110              ,0.000               ,-2275.312       ,0.00000           ,0.00000               
16:33:47.606219     ,0.051       ,0.000       ,0.836       ,15.870      ,0.000       ,0.000       ,0.38327       ,4999          ,79.365          ,30.800        ,-0.108              ,0.000               ,-2275.303       ,0.00000           ,0.00000               
16:33:47.626282     ,0.049       ,0.000       ,0.836       ,15.850      ,0.000       ,0.000       ,0.38327       ,4999          ,79.365          ,30.200        ,-0.105              ,0.000               ,-2275.293       ,0.00000           ,0.00000               
16:33:47.646190     ,0.049       ,0.000       ,0.853       ,16.060      ,0.000       ,0.000       ,0.38327       ,4999          ,79.365          ,30.000        ,-0.105              ,0.000               ,-2275.281       ,0.00000           ,0.00000               
16:33:47.667014     ,0.051       ,0.000       ,0.885       ,16.030      ,0.000       ,0.000       ,0.38327       ,4999          ,79.365          ,30.200        ,-0.105              ,0.000               ,-2275.269       ,0.00000           ,0.00000               
16:33:47.687865     ,0.051       ,0.000       ,0.885       ,16.280      ,0.000       ,0.000       ,0.38327       ,4999          ,79.365          ,30.800        ,-0.108              ,0.000               ,-2275.258       ,0.00000           ,0.00000               
16:33:47.708776     ,0.051       ,0.000       ,0.853       ,16.140      ,0.000       ,0.000       ,0.38334       ,5000          ,79.453          ,31.400        ,-0.110              ,0.000               ,-2275.248       ,0.00000           ,0.00000               
16:33:47.729448     ,0.051       ,0.000       ,0.869       ,16.260      ,0.000       ,0.000       ,0.38334       ,5000          ,79.453          ,31.400        ,-0.110              ,0.000               ,-2275.238       ,0.00000           ,0.00000               
16:33:47.750196     ,0.049       ,0.000       ,0.869       ,16.300      ,0.000       ,0.000       ,0.38334       ,5000          ,79.453          ,31.000        ,-0.108              ,0.000               ,-2275.228       ,0.00000           ,0.00000               
16:33:47.770990     ,0.049       ,0.000       ,0.853       ,16.210      ,0.000       ,0.000       ,0.38334       ,5000          ,79.453          ,30.800        ,-0.108              ,0.000               ,-2275.219       ,0.00000           ,0.00000               
16:33:47.791591     ,0.049       ,0.000       ,0.853       ,16.160      ,0.000       ,0.000       ,0.38334       ,5000          ,79.453          ,30.400        ,-0.106              ,0.000               ,-2275.206       ,0.00000           ,0.00000               
16:33:47.812315     ,0.049       ,0.000       ,0.853       ,16.100      ,0.000       ,0.000       ,0.38334       ,5000          ,79.453          ,30.000        ,-0.105              ,0.000               ,-2275.196       ,0.00000           ,0.00000               
16:33:47.833297     ,0.049       ,0.000       ,0.885       ,16.080      ,0.000       ,0.000       ,0.38334       ,5000          ,79.453          ,29.800        ,-0.104              ,0.000               ,-2275.188       ,0.00000           ,0.00000               
16:33:47.854034     ,0.051       ,0.000       ,0.853       ,16.150      ,0.000       ,0.000       ,0.38334       ,5000          ,79.453          ,29.400        ,-0.103              ,0.000               ,-2275.179       ,0.00000           ,0.00000               
16:33:47.874838     ,0.051       ,0.000       ,0.853       ,16.140      ,0.000       ,0.000       ,0.38334       ,5000          ,79.453          ,28.800        ,-0.101              ,0.000               ,-2275.168       ,0.00000           ,0.00000               
16:33:47.886660     ,0.051       ,0.000       ,0.836       ,16.240      ,0.000       ,0.000       ,0.38334       ,5000          ,79.453          ,28.400        ,-0.099              ,0.000               ,-2275.162       ,0.00000           ,0.00000               
16:33:47.906700     ,0.051       ,0.000       ,0.902       ,16.240      ,0.000       ,0.000       ,0.38334       ,5000          ,79.453          ,28.800        ,-0.101              ,0.000               ,-2275.149       ,0.00000           ,0.00000               
16:33:47.926771     ,0.051       ,0.000       ,0.902       ,16.190      ,0.000       ,0.000       ,0.38334       ,5000          ,79.453          ,30.000        ,-0.105              ,0.000               ,-2275.138       ,0.00000           ,0.00000               
16:33:47.946334     ,0.051       ,0.000       ,0.853       ,16.220      ,0.000       ,0.000       ,0.38334       ,5000          ,79.453          ,30.800        ,-0.108              ,0.000               ,-2275.129       ,0.00000           ,0.00000               
16:33:47.966282     ,0.051       ,0.000       ,0.853       ,16.180      ,0.000       ,0.000       ,0.38334       ,5000          ,79.453          ,31.000        ,-0.108              ,0.000               ,-2275.119       ,0.00000           ,0.00000               
16:33:47.986251     ,0.051       ,0.000       ,0.853       ,16.180      ,0.000       ,0.000       ,0.38334       ,5000          ,79.453          ,31.000        ,-0.108              ,0.000               ,-2275.108       ,0.00000           ,0.00000               
16:33:48.006226     ,0.049       ,0.000       ,0.853       ,16.220      ,0.000       ,0.000       ,0.38334       ,5000          ,79.453          ,31.000        ,-0.108              ,0.000               ,-2275.097       ,0.00000           ,0.00000               
16:33:48.026281     ,0.049       ,0.000       ,0.885       ,16.190      ,0.000       ,0.000       ,0.38334       ,5000          ,79.453          ,31.400        ,-0.110              ,0.000               ,-2275.086       ,0.00000           ,0.00000               
16:33:48.046224     ,0.049       ,0.000       ,0.885       ,16.280      ,0.000       ,0.000       ,0.38334       ,5000          ,79.453          ,31.400        ,-0.110              ,0.000               ,-2275.077       ,0.00000           ,0.00000               
16:33:48.066282     ,0.049       ,0.000       ,0.885       ,16.240      ,0.000       ,0.000       ,0.38334       ,5000          ,79.453          ,31.200        ,-0.109              ,0.000               ,-2275.068       ,0.00000           ,0.00000               
16:33:48.086120     ,0.049       ,0.000       ,0.853       ,16.220      ,0.000       ,0.000       ,0.38334       ,5000          ,79.453          ,30.600        ,-0.107              ,0.000               ,-2275.060       ,0.00000           ,0.00000               
16:33:48.106233     ,0.049       ,0.000       ,0.853       ,16.260      ,0.000       ,0.000       ,0.38334       ,5000          ,79.453          ,29.800        ,-0.104              ,0.000               ,-2275.051       ,0.00000           ,0.00000               
16:33:48.126126     ,0.051       ,0.000       ,0.885       ,16.220      ,0.000       ,0.000       ,0.38334       ,5000          ,79.453          ,29.200        ,-0.102              ,0.000               ,-2275.040       ,0.00000           ,0.00000               
16:33:48.146189     ,0.049       ,0.000       ,0.885       ,16.250      ,0.000       ,0.000       ,0.38334       ,5000          ,79.453          ,29.400        ,-0.103              ,0.000               ,-2275.028       ,0.00000           ,0.00000               
16:33:48.166317     ,0.049       ,0.000       ,0.885       ,16.240      ,0.000       ,0.000       ,0.38334       ,5000          ,79.453          ,30.000        ,-0.105              ,0.000               ,-2275.018       ,0.00000           ,0.00000               
16:33:48.186346     ,0.051       ,0.000       ,0.853       ,16.250      ,0.000       ,0.000       ,0.38334       ,5000          ,79.453          ,30.400        ,-0.106              ,0.000               ,-2275.010       ,0.00000           ,0.00000               
16:33:48.207117     ,0.049       ,0.000       ,0.853       ,16.280      ,0.000       ,0.000       ,0.38334       ,5000          ,79.453          ,30.200        ,-0.105              ,0.000               ,-2275.000       ,0.00000           ,0.00000               
16:33:48.227819     ,0.049       ,0.000       ,0.885       ,16.240      ,0.000       ,0.000       ,0.38334       ,5000          ,79.453          ,29.600        ,-0.103              ,0.000               ,-2274.988       ,0.00000           ,0.00000               
16:33:48.248631     ,0.049       ,0.000       ,0.853       ,16.260      ,0.000       ,0.000       ,0.38334       ,5000          ,79.453          ,29.800        ,-0.104              ,0.000               ,-2274.977       ,0.00000           ,0.00000               
16:33:48.269535     ,0.051       ,0.000       ,0.853       ,16.220      ,0.000       ,0.000       ,0.38334       ,5000          ,79.453          ,30.600        ,-0.107              ,0.000               ,-2274.968       ,0.00000           ,0.00000               
16:33:48.290563     ,0.051       ,0.000       ,0.885       ,16.210      ,0.000       ,0.000       ,0.38334       ,5000          ,79.453          ,30.800        ,-0.108              ,0.000               ,-2274.960       ,0.00000           ,0.00000               
16:33:48.311300     ,0.049       ,0.000       ,0.853       ,16.240      ,0.000       ,0.000       ,0.38334       ,5000          ,79.453          ,30.200        ,-0.105              ,0.000               ,-2274.951       ,0.00000           ,0.00000               
16:33:48.332091     ,0.051       ,0.000       ,0.853       ,16.240      ,0.000       ,0.000       ,0.38334       ,5000          ,79.453          ,29.200        ,-0.102              ,0.000               ,-2274.942       ,0.00000           ,0.00000               
16:33:48.353077     ,0.051       ,0.000       ,0.836       ,16.250      ,0.000       ,0.000       ,0.38334       ,5000          ,79.453          ,28.400        ,-0.099              ,0.000               ,-2274.932       ,0.00000           ,0.00000               
16:33:48.374096     ,0.049       ,0.000       ,0.885       ,16.250      ,0.000       ,0.000       ,0.38334       ,5000          ,79.453          ,28.000        ,-0.098              ,0.000               ,-2274.922       ,0.00000           ,0.00000               
16:33:48.386252     ,0.049       ,0.000       ,0.885       ,16.250      ,0.000       ,0.000       ,0.38334       ,5000          ,79.453          ,28.000        ,-0.098              ,0.000               ,-2274.912       ,0.00000           ,0.00000               
16:33:48.406319     ,0.049       ,0.000       ,0.853       ,16.270      ,0.000       ,0.000       ,0.38334       ,5000          ,79.453          ,28.400        ,-0.099              ,0.000               ,-2274.901       ,0.00000           ,0.00000               
16:33:48.426325     ,0.051       ,0.000       ,0.836       ,16.220      ,0.000       ,0.000       ,0.38334       ,5000          ,79.453          ,29.200        ,-0.102              ,0.000               ,-2274.892       ,0.00000           ,0.00000               
16:33:48.446248     ,0.049       ,0.000       ,0.836       ,16.260      ,0.000       ,0.000       ,0.38334       ,5000          ,79.453          ,29.800        ,-0.104              ,0.000               ,-2274.882       ,0.00000           ,0.00000               
16:33:48.466230     ,0.049       ,0.000       ,0.853       ,16.260      ,0.000       ,0.000       ,0.38334       ,5000          ,79.453          ,30.000        ,-0.105              ,0.000               ,-2274.870       ,0.00000           ,0.00000               
16:33:48.486252     ,0.051       ,0.000       ,0.853       ,16.240      ,0.000       ,0.000       ,0.38342       ,5001          ,79.541          ,30.400        ,-0.106              ,0.000               ,-2274.859       ,0.00000           ,0.00000               
16:33:48.506309     ,0.049       ,0.000       ,0.853       ,16.270      ,0.000       ,0.000       ,0.38342       ,5001          ,79.541          ,30.800        ,-0.108              ,0.000               ,-2274.849       ,0.00000           ,0.00000               
16:33:48.526191     ,0.049       ,0.000       ,0.885       ,16.250      ,0.000       ,0.000       ,0.38342       ,5001          ,79.541          ,31.000        ,-0.108              ,0.000               ,-2274.839       ,0.00000           ,0.00000               
16:33:48.546286     ,0.049       ,0.000       ,0.853       ,16.270      ,0.000       ,0.000       ,0.38342       ,5001          ,79.541          ,31.000        ,-0.108              ,0.000               ,-2274.829       ,0.00000           ,0.00000               
16:33:48.566207     ,0.049       ,0.000       ,0.853       ,16.250      ,0.000       ,0.000       ,0.38342       ,5001          ,79.541          ,30.600        ,-0.107              ,0.000               ,-2274.820       ,0.00000           ,0.00000               
16:33:48.586259     ,0.049       ,0.000       ,0.853       ,16.260      ,0.000       ,0.000       ,0.38342       ,5001          ,79.541          ,30.200        ,-0.105              ,0.000               ,-2274.810       ,0.00000           ,0.00000               
16:33:48.606207     ,0.051       ,0.000       ,0.853       ,16.280      ,0.000       ,0.000       ,0.38342       ,5001          ,79.541          ,30.000        ,-0.105              ,0.000               ,-2274.801       ,0.00000           ,0.00000               
16:33:48.626224     ,0.051       ,0.000       ,0.853       ,16.260      ,0.000       ,0.000       ,0.38342       ,5001          ,79.541          ,29.600        ,-0.103              ,0.000               ,-2274.795       ,0.00000           ,0.00000               
16:33:48.646280     ,0.049       ,0.000       ,0.885       ,16.270      ,0.000       ,0.000       ,0.38342       ,5001          ,79.541          ,29.400        ,-0.103              ,0.000               ,-2274.780       ,0.00000           ,0.00000               
16:33:48.666728     ,0.049       ,0.000       ,0.853       ,16.270      ,0.000       ,0.000       ,0.38342       ,5001          ,79.541          ,29.600        ,-0.103              ,0.000               ,-2274.769       ,0.00000           ,0.00000               
16:33:48.687531     ,0.049       ,0.000       ,0.853       ,16.270      ,0.000       ,0.000       ,0.38342       ,5001          ,79.541          ,30.000        ,-0.105              ,0.000               ,-2274.759       ,0.00000           ,0.00000               
16:33:48.708294     ,0.051       ,0.000       ,0.853       ,16.300      ,0.000       ,0.000       ,0.38342       ,5001          ,79.541          ,30.200        ,-0.105              ,0.000               ,-2274.749       ,0.00000           ,0.00000               
16:33:48.729122     ,0.049       ,0.000       ,0.853       ,16.260      ,0.000       ,0.000       ,0.38342       ,5001          ,79.541          ,30.600        ,-0.107              ,0.000               ,-2274.738       ,0.00000           ,0.00000               
16:33:48.749919     ,0.049       ,0.000       ,0.853       ,16.270      ,0.000       ,0.000       ,0.38342       ,5001          ,79.541          ,31.000        ,-0.108              ,0.000               ,-2274.728       ,0.00000           ,0.00000               
16:33:48.770742     ,0.051       ,0.000       ,0.836       ,16.260      ,0.000       ,0.000       ,0.38342       ,5001          ,79.541          ,30.800        ,-0.108              ,0.000               ,-2274.719       ,0.00000           ,0.00000               
16:33:48.791480     ,0.049       ,0.000       ,0.853       ,16.250      ,0.000       ,0.000       ,0.38342       ,5001          ,79.541          ,30.400        ,-0.106              ,0.000               ,-2274.708       ,0.00000           ,0.00000               
16:33:48.812251     ,0.049       ,0.000       ,0.853       ,16.250      ,0.000       ,0.000       ,0.38342       ,5001          ,79.541          ,30.000        ,-0.105              ,0.000               ,-2274.700       ,0.00000           ,0.00000               
16:33:48.832910     ,0.049       ,0.000       ,0.853       ,16.220      ,0.000       ,0.000       ,0.38342       ,5001          ,79.541          ,29.800        ,-0.104              ,0.000               ,-2274.692       ,0.00000           ,0.00000               
16:33:48.853637     ,0.051       ,0.000       ,0.853       ,16.270      ,0.000       ,0.000       ,0.38342       ,5001          ,79.541          ,29.200        ,-0.102              ,0.000               ,-2274.684       ,0.00000           ,0.00000               
16:33:48.874346     ,0.051       ,0.000       ,0.853       ,16.270      ,0.000       ,0.000       ,0.38342       ,5001          ,79.541          ,28.400        ,-0.099              ,0.000               ,-2274.674       ,0.00000           ,0.00000               
16:33:48.886498     ,0.049       ,0.000       ,0.853       ,16.270      ,0.000       ,0.000       ,0.38342       ,5001          ,79.541          ,28.000        ,-0.098              ,0.000               ,-2274.669       ,0.00000           ,0.00000               
16:33:48.906583     ,0.051       ,0.000       ,0.902       ,16.220      ,0.000       ,0.000       ,0.38342       ,5001          ,79.541          ,28.400        ,-0.099              ,0.000               ,-2274.657       ,0.00000           ,0.00000               
16:33:48.926632     ,0.051       ,0.000       ,0.902       ,16.180      ,0.000       ,0.000       ,0.38342       ,5001          ,79.541          ,29.200        ,-0.102              ,0.000               ,-2274.645       ,0.00000           ,0.00000               
16:33:48.946743     ,0.051       ,0.000       ,0.836       ,16.190      ,0.000       ,0.000       ,0.38342       ,5001          ,79.541          ,30.200        ,-0.105              ,0.000               ,-2274.634       ,0.00000           ,0.00000               
16:33:48.966243     ,0.051       ,0.000       ,0.836       ,16.180      ,0.000       ,0.000       ,0.38342       ,5001          ,79.541          ,30.800        ,-0.108              ,0.000               ,-2274.623       ,0.00000           ,0.00000               
16:33:48.986193     ,0.051       ,0.000       ,0.869       ,16.180      ,0.000       ,0.000       ,0.38342       ,5001          ,79.541          ,31.000        ,-0.108              ,0.000               ,-2274.612       ,0.00000           ,0.00000               
16:33:49.006271     ,0.051       ,0.000       ,0.853       ,16.210      ,0.000       ,0.000       ,0.38342       ,5001          ,79.541          ,31.400        ,-0.110              ,0.000               ,-2274.601       ,0.00000           ,0.00000               
16:33:49.026294     ,0.051       ,0.000       ,0.853       ,16.240      ,0.000       ,0.000       ,0.38342       ,5001          ,79.541          ,31.800        ,-0.111              ,0.000               ,-2274.590       ,0.00000           ,0.00000               
16:33:49.046225     ,0.051       ,0.000       ,0.869       ,16.240      ,0.000       ,0.000       ,0.38342       ,5001          ,79.541          ,32.000        ,-0.112              ,0.000               ,-2274.581       ,0.00000           ,0.00000               
16:33:49.066259     ,0.051       ,0.000       ,0.885       ,16.240      ,0.000       ,0.000       ,0.38342       ,5001          ,79.541          ,31.600        ,-0.110              ,0.000               ,-2274.573       ,0.00000           ,0.00000               
16:33:49.086152     ,0.049       ,0.000       ,0.885       ,16.210      ,0.000       ,0.000       ,0.38342       ,5001          ,79.541          ,30.800        ,-0.108              ,0.000               ,-2274.564       ,0.00000           ,0.00000               
16:33:49.106256     ,0.049       ,0.000       ,0.853       ,16.240      ,0.000       ,0.000       ,0.38342       ,5001          ,79.541          ,29.800        ,-0.104              ,0.000               ,-2274.555       ,0.00000           ,0.00000               
16:33:49.126361     ,0.049       ,0.000       ,0.836       ,16.240      ,0.000       ,0.000       ,0.38342       ,5001          ,79.541          ,29.200        ,-0.102              ,0.000               ,-2274.544       ,0.00000           ,0.00000               
16:33:49.146402     ,0.051       ,0.000       ,0.836       ,16.220      ,0.000       ,0.000       ,0.38342       ,5001          ,79.541          ,29.400        ,-0.103              ,0.000               ,-2274.533       ,0.00000           ,0.00000               
16:33:49.166250     ,0.051       ,0.000       ,0.853       ,16.250      ,0.000       ,0.000       ,0.38342       ,5001          ,79.541          ,30.000        ,-0.105              ,0.000               ,-2274.521       ,0.00000           ,0.00000               
16:33:49.186660     ,0.049       ,0.000       ,0.853       ,16.210      ,0.000       ,0.000       ,0.38342       ,5001          ,79.541          ,30.600        ,-0.107              ,0.000               ,-2274.511       ,0.00000           ,0.00000               
16:33:49.207531     ,0.051       ,0.000       ,0.853       ,16.220      ,0.000       ,0.000       ,0.38342       ,5001          ,79.541          ,30.800        ,-0.108              ,0.000               ,-2274.502       ,0.00000           ,0.00000               
16:33:49.227257     ,0.051       ,0.000       ,0.885       ,16.200      ,0.000       ,0.000       ,0.38342       ,5001          ,79.541          ,30.400        ,-0.106              ,0.000               ,-2274.490       ,0.00000           ,0.00000               
16:33:49.248044     ,0.053       ,0.000       ,0.853       ,16.210      ,0.000       ,0.000       ,0.38342       ,5001          ,79.541          ,30.200        ,-0.105              ,0.000               ,-2274.479       ,0.00000           ,0.00000               
16:33:49.268864     ,0.051       ,0.000       ,0.853       ,16.210      ,0.000       ,0.000       ,0.38342       ,5001          ,79.541          ,30.600        ,-0.107              ,0.000               ,-2274.466       ,0.00000           ,0.00000               
16:33:49.289536     ,0.051       ,0.000       ,0.853       ,16.210      ,0.000       ,0.000       ,0.38342       ,5001          ,79.541          ,30.800        ,-0.108              ,0.000               ,-2274.458       ,0.00000           ,0.00000               
16:33:49.310240     ,0.049       ,0.000       ,0.836       ,16.250      ,0.000       ,0.000       ,0.38342       ,5001          ,79.541          ,30.200        ,-0.105              ,0.000               ,-2274.450       ,0.00000           ,0.00000               
16:33:49.331109     ,0.049       ,0.000       ,0.836       ,16.240      ,0.000       ,0.000       ,0.38342       ,5001          ,79.541          ,29.200        ,-0.102              ,0.000               ,-2274.441       ,0.00000           ,0.00000               
16:33:49.351927     ,0.049       ,0.000       ,0.885       ,16.240      ,0.000       ,0.000       ,0.38342       ,5001          ,79.541          ,28.400        ,-0.099              ,0.000               ,-2274.431       ,0.00000           ,0.00000               
16:33:49.372513     ,0.049       ,0.000       ,0.853       ,16.240      ,0.000       ,0.000       ,0.38342       ,5001          ,79.541          ,28.200        ,-0.098              ,0.000               ,-2274.421       ,0.00000           ,0.00000               
16:33:49.393259     ,0.049       ,0.000       ,0.853       ,16.220      ,0.000       ,0.000       ,0.38342       ,5001          ,79.541          ,28.600        ,-0.100              ,0.000               ,-2274.409       ,0.00000           ,0.00000               
16:33:49.413944     ,0.051       ,0.000       ,0.853       ,16.240      ,0.000       ,0.000       ,0.38342       ,5001          ,79.541          ,29.400        ,-0.103              ,0.000               ,-2274.397       ,0.00000           ,0.00000               
16:33:49.434816     ,0.049       ,0.000       ,0.885       ,16.220      ,0.000       ,0.000       ,0.38342       ,5001          ,79.541          ,30.200        ,-0.105              ,0.000               ,-2274.386       ,0.00000           ,0.00000               
16:33:49.446322     ,0.049       ,0.000       ,0.885       ,16.220      ,0.000       ,0.000       ,0.38342       ,5001          ,79.541          ,31.000        ,-0.108              ,0.000               ,-2274.381       ,0.00000           ,0.00000               
16:33:49.466268     ,0.049       ,0.000       ,0.853       ,16.220      ,0.000       ,0.000       ,0.38342       ,5001          ,79.541          ,31.000        ,-0.108              ,0.000               ,-2274.369       ,0.00000           ,0.00000               
16:33:49.486178     ,0.051       ,0.000       ,0.885       ,16.200      ,0.000       ,0.000       ,0.38342       ,5001          ,79.541          ,31.400        ,-0.110              ,0.000               ,-2274.358       ,0.00000           ,0.00000               
16:33:49.506267     ,0.051       ,0.000       ,0.885       ,16.210      ,0.000       ,0.000       ,0.38342       ,5001          ,79.541          ,32.200        ,-0.112              ,0.000               ,-2274.348       ,0.00000           ,0.00000               
16:33:49.526355     ,0.049       ,0.000       ,0.853       ,16.200      ,0.000       ,0.000       ,0.38342       ,5001          ,79.541          ,32.400        ,-0.113              ,0.000               ,-2274.339       ,0.00000           ,0.00000               
16:33:49.546238     ,0.051       ,0.000       ,0.902       ,16.210      ,0.000       ,0.000       ,0.38342       ,5001          ,79.541          ,31.800        ,-0.111              ,0.000               ,-2274.329       ,0.00000           ,0.00000               
16:33:49.566120     ,0.051       ,0.000       ,0.902       ,16.210      ,0.000       ,0.000       ,0.38342       ,5001          ,79.541          ,31.200        ,-0.109              ,0.000               ,-2274.320       ,0.00000           ,0.00000               
16:33:49.642287     ,0.051       ,0.000       ,0.836       ,16.210      ,0.000       ,0.000       ,0.38342       ,5001          ,79.541          ,30.600        ,-0.107              ,0.000               ,-2274.280       ,0.00000           ,0.00000               
16:33:49.663008     ,0.049       ,0.000       ,0.885       ,16.190      ,0.000       ,0.000       ,0.38342       ,5001          ,79.541          ,30.400        ,-0.106              ,0.000               ,-2274.268       ,0.00000           ,0.00000               
16:33:49.683908     ,0.049       ,0.000       ,0.853       ,16.190      ,0.000       ,0.000       ,0.38342       ,5001          ,79.541          ,30.600        ,-0.107              ,0.000               ,-2274.258       ,0.00000           ,0.00000               
16:33:49.704692     ,0.049       ,0.000       ,0.836       ,16.190      ,0.000       ,0.000       ,0.38342       ,5001          ,79.541          ,31.000        ,-0.108              ,0.000               ,-2274.249       ,0.00000           ,0.00000               
16:33:49.724302     ,0.049       ,0.000       ,0.836       ,16.190      ,0.000       ,0.000       ,0.38342       ,5001          ,79.541          ,31.000        ,-0.108              ,0.000               ,-2274.238       ,0.00000           ,0.00000               
16:33:49.745072     ,0.049       ,0.000       ,0.836       ,16.190      ,0.000       ,0.000       ,0.38342       ,5001          ,79.541          ,31.000        ,-0.108              ,0.000               ,-2274.229       ,0.00000           ,0.00000               
16:33:49.765963     ,0.049       ,0.000       ,0.853       ,16.190      ,0.000       ,0.000       ,0.38342       ,5001          ,79.541          ,30.800        ,-0.108              ,0.000               ,-2274.219       ,0.00000           ,0.00000               
16:33:49.786715     ,0.049       ,0.000       ,0.853       ,16.180      ,0.000       ,0.000       ,0.38342       ,5001          ,79.541          ,30.400        ,-0.106              ,0.000               ,-2274.210       ,0.00000           ,0.00000               
16:33:49.807413     ,0.051       ,0.000       ,0.885       ,16.180      ,0.000       ,0.000       ,0.38342       ,5001          ,79.541          ,29.800        ,-0.104              ,0.000               ,-2274.201       ,0.00000           ,0.00000               
16:33:49.828449     ,0.049       ,0.000       ,0.853       ,16.190      ,0.000       ,0.000       ,0.38342       ,5001          ,79.541          ,29.400        ,-0.103              ,0.000               ,-2274.192       ,0.00000           ,0.00000               
16:33:49.849297     ,0.049       ,0.000       ,0.853       ,16.190      ,0.000       ,0.000       ,0.38342       ,5001          ,79.541          ,28.800        ,-0.101              ,0.000               ,-2274.184       ,0.00000           ,0.00000               
16:33:49.870130     ,0.049       ,0.000       ,0.885       ,16.180      ,0.000       ,0.000       ,0.38342       ,5001          ,79.541          ,28.400        ,-0.099              ,0.000               ,-2274.174       ,0.00000           ,0.00000               
16:33:49.891009     ,0.051       ,0.000       ,0.853       ,16.160      ,0.000       ,0.000       ,0.38342       ,5001          ,79.541          ,28.200        ,-0.098              ,0.000               ,-2274.162       ,0.00000           ,0.00000               
16:33:49.902378     ,0.051       ,0.000       ,0.853       ,16.160      ,0.000       ,0.000       ,0.38342       ,5001          ,79.541          ,28.600        ,-0.100              ,0.000               ,-2274.151       ,0.00000           ,0.00000               
16:33:49.922355     ,0.051       ,0.000       ,0.869       ,16.190      ,0.000       ,0.000       ,0.38342       ,5001          ,79.541          ,29.400        ,-0.103              ,0.000               ,-2274.140       ,0.00000           ,0.00000               
16:33:49.942364     ,0.051       ,0.000       ,0.902       ,16.200      ,0.000       ,0.000       ,0.38342       ,5001          ,79.541          ,30.200        ,-0.105              ,0.000               ,-2274.131       ,0.00000           ,0.00000               
16:33:49.962380     ,0.051       ,0.000       ,0.902       ,16.220      ,0.000       ,0.000       ,0.38342       ,5001          ,79.541          ,30.800        ,-0.108              ,0.000               ,-2274.120       ,0.00000           ,0.00000               
16:33:49.982365     ,0.051       ,0.000       ,0.853       ,16.200      ,0.000       ,0.000       ,0.38342       ,5001          ,79.541          ,31.000        ,-0.108              ,0.000               ,-2274.109       ,0.00000           ,0.00000               
16:33:50.002359     ,0.051       ,0.000       ,0.853       ,16.180      ,0.000       ,0.000       ,0.38342       ,5001          ,79.541          ,31.000        ,-0.108              ,0.000               ,-2274.099       ,0.00000           ,0.00000               
16:33:50.022364     ,0.051       ,0.000       ,0.853       ,16.190      ,0.000       ,0.000       ,0.38342       ,5001          ,79.541          ,31.000        ,-0.108              ,0.000               ,-2274.094       ,0.00000           ,0.00000               
16:33:50.042361     ,0.049       ,0.000       ,0.853       ,16.160      ,0.000       ,0.000       ,0.38342       ,5001          ,79.541          ,31.000        ,-0.108              ,0.000               ,-2274.083       ,0.00000           ,0.00000               
16:33:50.062355     ,0.049       ,0.000       ,0.853       ,16.180      ,0.000       ,0.000       ,0.38342       ,5001          ,79.541          ,31.000        ,-0.108              ,0.000               ,-2274.075       ,0.00000           ,0.00000               
16:33:50.082352     ,0.049       ,0.000       ,0.853       ,16.200      ,0.000       ,0.000       ,0.38342       ,5001          ,79.541          ,30.600        ,-0.107              ,0.000               ,-2274.067       ,0.00000           ,0.00000               
16:33:50.102347     ,0.049       ,0.000       ,0.885       ,16.180      ,0.000       ,0.000       ,0.38342       ,5001          ,79.541          ,29.800        ,-0.104              ,0.000               ,-2274.058       ,0.00000           ,0.00000               
16:33:50.122363     ,0.049       ,0.000       ,0.885       ,16.180      ,0.000       ,0.000       ,0.38342       ,5001          ,79.541          ,29.000        ,-0.101              ,0.000               ,-2274.048       ,0.00000           ,0.00000               
16:33:50.142377     ,0.049       ,0.000       ,0.853       ,16.160      ,0.000       ,0.000       ,0.38342       ,5001          ,79.541          ,28.800        ,-0.101              ,0.000               ,-2274.035       ,0.00000           ,0.00000               
16:33:50.162478     ,0.051       ,0.000       ,0.885       ,16.160      ,0.000       ,0.000       ,0.38342       ,5001          ,79.541          ,29.400        ,-0.103              ,0.000               ,-2274.023       ,0.00000           ,0.00000               
16:33:50.183870     ,0.049       ,0.000       ,0.885       ,16.150      ,0.000       ,0.000       ,0.38342       ,5001          ,79.541          ,30.400        ,-0.106              ,0.000               ,-2274.011       ,0.00000           ,0.00000               
16:33:50.205219     ,0.049       ,0.000       ,0.853       ,16.150      ,0.000       ,0.000       ,0.38342       ,5001          ,79.541          ,30.200        ,-0.105              ,0.000               ,-2274.002       ,0.00000           ,0.00000               
16:33:50.226458     ,0.049       ,0.000       ,0.885       ,16.150      ,0.000       ,0.000       ,0.38342       ,5001          ,79.541          ,29.600        ,-0.103              ,0.000               ,-2273.991       ,0.00000           ,0.00000               
16:33:50.247759     ,0.051       ,0.000       ,0.885       ,16.130      ,0.000       ,0.000       ,0.38342       ,5001          ,79.541          ,29.600        ,-0.103              ,0.000               ,-2273.980       ,0.00000           ,0.00000               
16:33:50.269128     ,0.051       ,0.000       ,0.853       ,16.130      ,0.000       ,0.000       ,0.38342       ,5001          ,79.541          ,30.200        ,-0.105              ,0.000               ,-2273.970       ,0.00000           ,0.00000               
16:33:50.290503     ,0.049       ,0.000       ,0.853       ,16.130      ,0.000       ,0.000       ,0.38342       ,5001          ,79.541          ,30.400        ,-0.106              ,0.000               ,-2273.961       ,0.00000           ,0.00000               
16:33:50.302371     ,0.049       ,0.000       ,0.853       ,16.130      ,0.000       ,0.000       ,0.38342       ,5001          ,79.541          ,30.400        ,-0.106              ,0.000               ,-2273.956       ,0.00000           ,0.00000               
16:33:50.322386     ,0.049       ,0.000       ,0.853       ,16.150      ,0.000       ,0.000       ,0.38342       ,5001          ,79.541          ,30.000        ,-0.105              ,0.000               ,-2273.948       ,0.00000           ,0.00000               
16:33:50.342370     ,0.051       ,0.000       ,0.836       ,16.150      ,0.000       ,0.000       ,0.38342       ,5001          ,79.541          ,29.600        ,-0.103              ,0.000               ,-2273.940       ,0.00000           ,0.00000               
16:33:50.362371     ,0.051       ,0.000       ,0.836       ,16.150      ,0.000       ,0.000       ,0.38342       ,5001          ,79.541          ,28.800        ,-0.101              ,0.000               ,-2273.931       ,0.00000           ,0.00000               
16:33:50.382387     ,0.051       ,0.000       ,0.853       ,16.150      ,0.000       ,0.000       ,0.38342       ,5001          ,79.541          ,28.200        ,-0.098              ,0.000               ,-2273.920       ,0.00000           ,0.00000               
16:33:50.402357     ,0.051       ,0.000       ,0.853       ,16.140      ,0.000       ,0.000       ,0.38342       ,5001          ,79.541          ,28.400        ,-0.099              ,0.000               ,-2273.908       ,0.00000           ,0.00000               
16:33:50.422365     ,0.051       ,0.000       ,0.853       ,16.160      ,0.000       ,0.000       ,0.38342       ,5001          ,79.541          ,29.200        ,-0.102              ,0.000               ,-2273.898       ,0.00000           ,0.00000               
16:33:50.442389     ,0.049       ,0.000       ,0.885       ,16.180      ,0.000       ,0.000       ,0.38342       ,5001          ,79.541          ,29.800        ,-0.104              ,0.000               ,-2273.888       ,0.00000           ,0.00000               
16:33:50.462385     ,0.049       ,0.000       ,0.853       ,16.190      ,0.000       ,0.000       ,0.38342       ,5001          ,79.541          ,30.000        ,-0.105              ,0.000               ,-2273.877       ,0.00000           ,0.00000               
16:33:50.482461     ,0.049       ,0.000       ,0.853       ,16.190      ,0.000       ,0.000       ,0.38342       ,5001          ,79.541          ,30.200        ,-0.105              ,0.000               ,-2273.864       ,0.00000           ,0.00000               
16:33:50.503118     ,0.051       ,0.000       ,0.885       ,16.190      ,0.000       ,0.000       ,0.38342       ,5001          ,79.541          ,30.800        ,-0.108              ,0.000               ,-2273.853       ,0.00000           ,0.00000               
16:33:50.523951     ,0.051       ,0.000       ,0.853       ,16.190      ,0.000       ,0.000       ,0.38342       ,5001          ,79.541          ,31.600        ,-0.110              ,0.000               ,-2273.843       ,0.00000           ,0.00000               
16:33:50.545090     ,0.051       ,0.000       ,0.853       ,16.190      ,0.000       ,0.000       ,0.38342       ,5001          ,79.541          ,31.800        ,-0.111              ,0.000               ,-2273.829       ,0.00000           ,0.00000               
16:33:50.566120     ,0.051       ,0.000       ,0.885       ,16.180      ,0.000       ,0.000       ,0.38342       ,5001          ,79.541          ,31.400        ,-0.110              ,0.000               ,-2273.820       ,0.00000           ,0.00000               
16:33:50.586964     ,0.051       ,0.000       ,0.853       ,16.180      ,0.000       ,0.000       ,0.38342       ,5001          ,79.541          ,30.800        ,-0.108              ,0.000               ,-2273.811       ,0.00000           ,0.00000               
16:33:50.606886     ,0.051       ,0.000       ,0.853       ,16.180      ,0.000       ,0.000       ,0.38342       ,5001          ,79.541          ,30.200        ,-0.105              ,0.000               ,-2273.802       ,0.00000           ,0.00000               
16:33:50.627749     ,0.051       ,0.000       ,0.836       ,16.190      ,0.000       ,0.000       ,0.38342       ,5001          ,79.541          ,29.400        ,-0.103              ,0.000               ,-2273.792       ,0.00000           ,0.00000               
16:33:50.648873     ,0.049       ,0.000       ,0.869       ,16.180      ,0.000       ,0.000       ,0.38342       ,5001          ,79.541          ,29.000        ,-0.101              ,0.000               ,-2273.782       ,0.00000           ,0.00000               
16:33:50.669728     ,0.049       ,0.000       ,0.869       ,16.200      ,0.000       ,0.000       ,0.38342       ,5001          ,79.541          ,29.200        ,-0.102              ,0.000               ,-2273.771       ,0.00000           ,0.00000               
16:33:50.690760     ,0.049       ,0.000       ,0.836       ,16.210      ,0.000       ,0.000       ,0.38342       ,5001          ,79.541          ,29.600        ,-0.103              ,0.000               ,-2273.761       ,0.00000           ,0.00000               
16:33:50.702354     ,0.051       ,0.000       ,0.836       ,16.200      ,0.000       ,0.000       ,0.38342       ,5001          ,79.541          ,30.000        ,-0.105              ,0.000               ,-2273.756       ,0.00000           ,0.00000               
16:33:50.722358     ,0.051       ,0.000       ,0.869       ,16.190      ,0.000       ,0.000       ,0.38342       ,5001          ,79.541          ,30.000        ,-0.105              ,0.000               ,-2273.746       ,0.00000           ,0.00000               
16:33:50.742365     ,0.051       ,0.000       ,0.853       ,16.180      ,0.000       ,0.000       ,0.38342       ,5001          ,79.541          ,30.000        ,-0.105              ,0.000               ,-2273.736       ,0.00000           ,0.00000               
16:33:50.762362     ,0.051       ,0.000       ,0.853       ,16.190      ,0.000       ,0.000       ,0.38342       ,5001          ,79.541          ,30.000        ,-0.105              ,0.000               ,-2273.726       ,0.00000           ,0.00000               
16:33:50.782387     ,0.051       ,0.000       ,0.853       ,16.190      ,0.000       ,0.000       ,0.38342       ,5001          ,79.541          ,30.000        ,-0.105              ,0.000               ,-2273.716       ,0.00000           ,0.00000               
16:33:50.802359     ,0.051       ,0.000       ,0.885       ,16.190      ,0.000       ,0.000       ,0.38342       ,5001          ,79.541          ,30.000        ,-0.105              ,0.000               ,-2273.706       ,0.00000           ,0.00000               
16:33:50.822357     ,0.049       ,0.000       ,0.885       ,16.190      ,0.000       ,0.000       ,0.38342       ,5001          ,79.541          ,30.000        ,-0.105              ,0.000               ,-2273.697       ,0.00000           ,0.00000               
16:33:50.842356     ,0.049       ,0.000       ,0.853       ,16.190      ,0.000       ,0.000       ,0.38342       ,5001          ,79.541          ,29.600        ,-0.103              ,0.000               ,-2273.690       ,0.00000           ,0.00000               
16:33:50.862376     ,0.051       ,0.000       ,0.853       ,16.200      ,0.000       ,0.000       ,0.38342       ,5001          ,79.541          ,28.800        ,-0.101              ,0.000               ,-2273.681       ,0.00000           ,0.00000               
16:33:50.882366     ,0.049       ,0.000       ,0.853       ,16.200      ,0.000       ,0.000       ,0.38342       ,5001          ,79.541          ,28.200        ,-0.098              ,0.000               ,-2273.671       ,0.00000           ,0.00000               
16:33:50.902357     ,0.049       ,0.000       ,0.885       ,16.190      ,0.000       ,0.000       ,0.38342       ,5001          ,79.541          ,28.400        ,-0.099              ,0.000               ,-2273.659       ,0.00000           ,0.00000               
16:33:50.922357     ,0.049       ,0.000       ,0.853       ,16.200      ,0.000       ,0.000       ,0.38342       ,5001          ,79.541          ,29.200        ,-0.102              ,0.000               ,-2273.647       ,0.00000           ,0.00000               
16:33:50.942363     ,0.049       ,0.000       ,0.853       ,16.210      ,0.000       ,0.000       ,0.38342       ,5001          ,79.541          ,30.000        ,-0.105              ,0.000               ,-2273.635       ,0.00000           ,0.00000               
16:33:50.962369     ,0.049       ,0.000       ,0.885       ,16.220      ,0.000       ,0.000       ,0.38342       ,5001          ,79.541          ,30.600        ,-0.107              ,0.000               ,-2273.625       ,0.00000           ,0.00000               
16:33:50.982360     ,0.051       ,0.000       ,0.853       ,16.220      ,0.000       ,0.000       ,0.38342       ,5001          ,79.541          ,31.000        ,-0.108              ,0.000               ,-2273.615       ,0.00000           ,0.00000               
16:33:51.003021     ,0.051       ,0.000       ,0.853       ,16.200      ,0.000       ,0.000       ,0.38342       ,5001          ,79.541          ,31.200        ,-0.109              ,0.000               ,-2273.603       ,0.00000           ,0.00000               
16:33:51.022849     ,0.051       ,0.000       ,0.853       ,16.200      ,0.000       ,0.000       ,0.38342       ,5001          ,79.541          ,31.600        ,-0.110              ,0.000               ,-2273.592       ,0.00000           ,0.00000               
16:33:51.043725     ,0.051       ,0.000       ,0.853       ,16.240      ,0.000       ,0.000       ,0.38342       ,5001          ,79.541          ,32.000        ,-0.112              ,0.000               ,-2273.583       ,0.00000           ,0.00000               
16:33:51.064581     ,0.051       ,0.000       ,0.853       ,16.260      ,0.000       ,0.000       ,0.38342       ,5001          ,79.541          ,31.800        ,-0.111              ,0.000               ,-2273.574       ,0.00000           ,0.00000               
16:33:51.085294     ,0.051       ,0.000       ,0.836       ,16.270      ,0.000       ,0.000       ,0.38342       ,5001          ,79.541          ,31.200        ,-0.109              ,0.000               ,-2273.566       ,0.00000           ,0.00000               
16:33:51.106086     ,0.051       ,0.000       ,0.885       ,16.250      ,0.000       ,0.000       ,0.38342       ,5001          ,79.541          ,30.200        ,-0.105              ,0.000               ,-2273.556       ,0.00000           ,0.00000               
16:33:51.128011     ,0.051       ,0.000       ,0.885       ,16.200      ,0.000       ,0.000       ,0.38342       ,5001          ,79.541          ,29.400        ,-0.103              ,0.000               ,-2273.542       ,0.00000           ,0.00000               
16:33:51.148713     ,0.049       ,0.000       ,0.853       ,16.180      ,0.000       ,0.000       ,0.38342       ,5001          ,79.541          ,29.200        ,-0.102              ,0.000               ,-2273.530       ,0.00000           ,0.00000               
16:33:51.168354     ,0.051       ,0.000       ,0.853       ,16.200      ,0.000       ,0.000       ,0.38342       ,5001          ,79.541          ,29.600        ,-0.103              ,0.000               ,-2273.520       ,0.00000           ,0.00000               
16:33:51.189079     ,0.051       ,0.000       ,0.853       ,16.260      ,0.000       ,0.000       ,0.38342       ,5001          ,79.541          ,30.200        ,-0.105              ,0.000               ,-2273.510       ,0.00000           ,0.00000               
16:33:51.209086     ,0.049       ,0.000       ,0.885       ,16.280      ,0.000       ,0.000       ,0.38342       ,5001          ,79.541          ,30.400        ,-0.106              ,0.000               ,-2273.501       ,0.00000           ,0.00000               
16:33:51.230035     ,0.049       ,0.000       ,0.885       ,16.300      ,0.000       ,0.000       ,0.38342       ,5001          ,79.541          ,30.400        ,-0.106              ,0.000               ,-2273.490       ,0.00000           ,0.00000               
16:33:51.250692     ,0.049       ,0.000       ,0.885       ,16.270      ,0.000       ,0.000       ,0.38342       ,5001          ,79.541          ,30.200        ,-0.105              ,0.000               ,-2273.479       ,0.00000           ,0.00000               
16:33:51.262358     ,0.051       ,0.000       ,0.853       ,16.220      ,0.000       ,0.000       ,0.38342       ,5001          ,79.541          ,30.600        ,-0.107              ,0.000               ,-2273.474       ,0.00000           ,0.00000               
16:33:51.282353     ,0.049       ,0.000       ,0.885       ,16.190      ,0.000       ,0.000       ,0.38342       ,5001          ,79.541          ,31.000        ,-0.108              ,0.000               ,-2273.465       ,0.00000           ,0.00000               
16:33:51.302369     ,0.049       ,0.000       ,0.885       ,16.160      ,0.000       ,0.000       ,0.38342       ,5001          ,79.541          ,30.600        ,-0.107              ,0.000               ,-2273.458       ,0.00000           ,0.00000               
16:33:51.322370     ,0.049       ,0.000       ,0.853       ,16.160      ,0.000       ,0.000       ,0.38342       ,5001          ,79.541          ,29.800        ,-0.104              ,0.000               ,-2273.450       ,0.00000           ,0.00000               
16:33:51.342368     ,0.051       ,0.000       ,0.836       ,16.190      ,0.000       ,0.000       ,0.38342       ,5001          ,79.541          ,28.800        ,-0.101              ,0.000               ,-2273.440       ,0.00000           ,0.00000               
16:33:51.362364     ,0.051       ,0.000       ,0.836       ,16.200      ,0.000       ,0.000       ,0.38342       ,5001          ,79.541          ,28.200        ,-0.098              ,0.000               ,-2273.430       ,0.00000           ,0.00000               
16:33:51.382367     ,0.051       ,0.000       ,0.853       ,16.210      ,0.000       ,0.000       ,0.38342       ,5001          ,79.541          ,28.000        ,-0.098              ,0.000               ,-2273.419       ,0.00000           ,0.00000               
16:33:51.402368     ,0.049       ,0.000       ,0.885       ,16.200      ,0.000       ,0.000       ,0.38342       ,5001          ,79.541          ,28.400        ,-0.099              ,0.000               ,-2273.408       ,0.00000           ,0.00000               
16:33:51.422375     ,0.049       ,0.000       ,0.885       ,16.190      ,0.000       ,0.000       ,0.38342       ,5001          ,79.541          ,29.200        ,-0.102              ,0.000               ,-2273.396       ,0.00000           ,0.00000               
16:33:51.442346     ,0.049       ,0.000       ,0.853       ,16.200      ,0.000       ,0.000       ,0.38342       ,5001          ,79.541          ,30.200        ,-0.105              ,0.000               ,-2273.386       ,0.00000           ,0.00000               
16:33:51.462346     ,0.051       ,0.000       ,0.853       ,16.210      ,0.000       ,0.000       ,0.38342       ,5001          ,79.541          ,30.800        ,-0.108              ,0.000               ,-2273.375       ,0.00000           ,0.00000               
16:33:51.482355     ,0.051       ,0.000       ,0.853       ,16.220      ,0.000       ,0.000       ,0.38342       ,5001          ,79.541          ,31.000        ,-0.108              ,0.000               ,-2273.364       ,0.00000           ,0.00000               
16:33:51.502368     ,0.051       ,0.000       ,0.869       ,16.250      ,0.000       ,0.000       ,0.38342       ,5001          ,79.541          ,31.200        ,-0.109              ,0.000               ,-2273.352       ,0.00000           ,0.00000               
16:33:51.522606     ,0.051       ,0.000       ,0.869       ,16.220      ,0.000       ,0.000       ,0.38342       ,5001          ,79.541          ,31.600        ,-0.110              ,0.000               ,-2273.343       ,0.00000           ,0.00000               
16:33:51.543760     ,0.051       ,0.000       ,0.853       ,16.210      ,0.000       ,0.000       ,0.38342       ,5001          ,79.541          ,31.800        ,-0.111              ,0.000               ,-2273.334       ,0.00000           ,0.00000               
16:33:51.563361     ,0.051       ,0.000       ,0.885       ,16.210      ,0.000       ,0.000       ,0.38342       ,5001          ,79.541          ,31.200        ,-0.109              ,0.000               ,-2273.325       ,0.00000           ,0.00000               
16:33:51.584412     ,0.051       ,0.000       ,0.885       ,16.210      ,0.000       ,0.000       ,0.38342       ,5001          ,79.541          ,30.400        ,-0.106              ,0.000               ,-2273.316       ,0.00000           ,0.00000               
16:33:51.605269     ,0.051       ,0.000       ,0.853       ,16.240      ,0.000       ,0.000       ,0.38342       ,5001          ,79.541          ,30.000        ,-0.105              ,0.000               ,-2273.306       ,0.00000           ,0.00000               
16:33:51.626045     ,0.049       ,0.000       ,0.853       ,16.260      ,0.000       ,0.000       ,0.38342       ,5001          ,79.541          ,29.800        ,-0.104              ,0.000               ,-2273.297       ,0.00000           ,0.00000               
16:33:51.646775     ,0.051       ,0.000       ,0.853       ,16.260      ,0.000       ,0.000       ,0.38342       ,5001          ,79.541          ,29.400        ,-0.103              ,0.000               ,-2273.286       ,0.00000           ,0.00000               
16:33:51.667444     ,0.051       ,0.000       ,0.853       ,16.240      ,0.000       ,0.000       ,0.38342       ,5001          ,79.541          ,29.200        ,-0.102              ,0.000               ,-2273.275       ,0.00000           ,0.00000               
16:33:51.688285     ,0.051       ,0.000       ,0.885       ,16.220      ,0.000       ,0.000       ,0.38342       ,5001          ,79.541          ,29.800        ,-0.104              ,0.000               ,-2273.264       ,0.00000           ,0.00000               
16:33:51.709172     ,0.049       ,0.000       ,0.885       ,16.250      ,0.000       ,0.000       ,0.38342       ,5001          ,79.541          ,30.400        ,-0.106              ,0.000               ,-2273.254       ,0.00000           ,0.00000               
16:33:51.730010     ,0.049       ,0.000       ,0.853       ,16.270      ,0.000       ,0.000       ,0.38342       ,5001          ,79.541          ,30.400        ,-0.106              ,0.000               ,-2273.243       ,0.00000           ,0.00000               
16:33:51.750808     ,0.051       ,0.000       ,0.853       ,16.270      ,0.000       ,0.000       ,0.38342       ,5001          ,79.541          ,30.000        ,-0.105              ,0.000               ,-2273.233       ,0.00000           ,0.00000               
16:33:51.762350     ,0.051       ,0.000       ,0.853       ,16.270      ,0.000       ,0.000       ,0.38342       ,5001          ,79.541          ,30.000        ,-0.105              ,0.000               ,-2273.225       ,0.00000           ,0.00000               
16:33:51.782357     ,0.051       ,0.000       ,0.885       ,16.250      ,0.000       ,0.000       ,0.38342       ,5001          ,79.541          ,30.000        ,-0.105              ,0.000               ,-2273.216       ,0.00000           ,0.00000               
16:33:51.802364     ,0.051       ,0.000       ,0.853       ,16.240      ,0.000       ,0.000       ,0.38342       ,5001          ,79.541          ,30.000        ,-0.105              ,0.000               ,-2273.207       ,0.00000           ,0.00000               
16:33:51.822354     ,0.051       ,0.000       ,0.853       ,16.210      ,0.000       ,0.000       ,0.38342       ,5001          ,79.541          ,29.600        ,-0.103              ,0.000               ,-2273.198       ,0.00000           ,0.00000               
16:33:51.842347     ,0.049       ,0.000       ,0.885       ,16.210      ,0.000       ,0.000       ,0.38342       ,5001          ,79.541          ,29.200        ,-0.102              ,0.000               ,-2273.190       ,0.00000           ,0.00000               
16:33:51.862350     ,0.049       ,0.000       ,0.853       ,16.210      ,0.000       ,0.000       ,0.38342       ,5001          ,79.541          ,28.600        ,-0.100              ,0.000               ,-2273.181       ,0.00000           ,0.00000               
16:33:51.882348     ,0.049       ,0.000       ,0.853       ,16.210      ,0.000       ,0.000       ,0.38342       ,5001          ,79.541          ,28.200        ,-0.098              ,0.000               ,-2273.171       ,0.00000           ,0.00000               
16:33:51.902355     ,0.051       ,0.000       ,0.853       ,16.200      ,0.000       ,0.000       ,0.38342       ,5001          ,79.541          ,28.000        ,-0.098              ,0.000               ,-2273.158       ,0.00000           ,0.00000               
16:33:51.922354     ,0.049       ,0.000       ,0.853       ,16.190      ,0.000       ,0.000       ,0.38342       ,5001          ,79.541          ,28.800        ,-0.101              ,0.000               ,-2273.146       ,0.00000           ,0.00000               
16:33:51.942346     ,0.049       ,0.000       ,0.853       ,16.190      ,0.000       ,0.000       ,0.38342       ,5001          ,79.541          ,30.000        ,-0.105              ,0.000               ,-2273.135       ,0.00000           ,0.00000               
16:33:51.962347     ,0.051       ,0.000       ,0.853       ,16.190      ,0.000       ,0.000       ,0.38342       ,5001          ,79.541          ,30.800        ,-0.108              ,0.000               ,-2273.126       ,0.00000           ,0.00000               
16:33:51.982348     ,0.051       ,0.000       ,0.836       ,16.190      ,0.000       ,0.000       ,0.38342       ,5001          ,79.541          ,31.000        ,-0.108              ,0.000               ,-2273.115       ,0.00000           ,0.00000               
