Time                ,Current(A)  ,TargetCurrent(A),Voltage(V)  ,PressureRaw(kg),PressureFiltered(kg),F0(kg)      ,DeltaF      ,PI_P(Nm)    ,PI_I(Nm)    ,PI_D(Nm)    ,PI_LastCurrent(mA),Feedforward(mA),AlgoDeltaF(kg),AlgoPressure(kg),RopeLength(m) ,EncoderValue  ,EncoderAngle(deg),MotorSpeed(rpm),MotorLinearVel(m/s) ,MotorTheoryVel(m/s) ,MotorPosition(m),RopeVelocityRaw(m/s),RopeVelocityFiltered(m/s),WeightRaw(kg) ,WeightFiltered(kg),TargetTorque(Nm),ActualTorque(Nm)
10:03:29.653094     ,0.799       ,0.880       ,17.080      ,16.150      ,16.141      ,16.160      ,-0.020      ,-0.010      ,0.001       ,0.000       ,-0.009      ,880.000     ,-0.020      ,16.140      ,0.00000       ,2147483646    ,359.824         ,0.000         ,-0.000              ,-0.000              ,23921.961       ,0.00000           ,0.00000               ,0.000         ,0.000         ,-0.000        ,-0.001        
10:03:29.662029     ,0.799       ,0.880       ,17.080      ,16.150      ,16.141      ,16.160      ,-0.019      ,-0.009      ,0.001       ,-0.000      ,-0.009      ,880.000     ,-0.019      ,16.141      ,0.00000       ,2147483646    ,359.824         ,0.000         ,-0.000              ,-0.000              ,23921.961       ,0.00000           ,0.00000               ,0.000         ,0.000         ,-0.000        ,-0.001        
10:03:29.672031     ,0.803       ,0.880       ,17.097      ,16.150      ,16.141      ,16.160      ,-0.019      ,-0.010      ,0.001       ,-0.000      ,-0.009      ,880.000     ,-0.019      ,16.141      ,0.00000       ,2147483646    ,359.824         ,0.000         ,-0.000              ,-0.000              ,23921.961       ,0.00000           ,0.00000               ,0.000         ,0.000         ,0.002         ,0.017         
10:03:29.682021     ,0.801       ,0.880       ,17.080      ,16.150      ,16.142      ,16.160      ,-0.019      ,-0.009      ,0.001       ,0.000       ,-0.008      ,880.000     ,-0.019      ,16.142      ,0.00000       ,2147483646    ,359.824         ,0.000         ,-0.000              ,-0.000              ,23921.961       ,0.00000           ,0.00000               ,0.000         ,0.000         ,0.002         ,0.017         
10:03:29.692022     ,0.801       ,0.880       ,17.080      ,16.160      ,16.142      ,16.160      ,-0.019      ,-0.009      ,0.001       ,0.000       ,-0.008      ,880.000     ,-0.019      ,16.142      ,0.00000       ,2147483646    ,359.824         ,0.000         ,-0.000              ,-0.000              ,23921.961       ,0.00000           ,0.00000               ,0.000         ,0.000         ,-0.001        ,-0.005        
10:03:29.707668     ,0.803       ,0.880       ,17.048      ,16.150      ,16.141      ,16.160      ,-0.019      ,-0.009      ,0.001       ,0.000       ,-0.008      ,880.000     ,-0.019      ,16.142      ,0.00000       ,2147483646    ,359.824         ,0.000         ,-0.000              ,-0.000              ,23921.961       ,0.00000           ,0.00000               ,0.000         ,0.000         ,-0.000        ,-0.003        
10:03:29.712015     ,0.803       ,0.880       ,17.048      ,16.150      ,16.142      ,16.160      ,-0.019      ,-0.009      ,0.001       ,-0.000      ,-0.009      ,880.000     ,-0.019      ,16.141      ,0.00000       ,2147483646    ,359.824         ,0.000         ,-0.000              ,-0.000              ,23921.961       ,0.00000           ,0.00000               ,0.000         ,0.000         ,-0.000        ,-0.003        
10:03:29.725207     ,0.799       ,0.880       ,17.048      ,16.150      ,16.142      ,16.160      ,-0.019      ,-0.009      ,0.001       ,0.000       ,-0.009      ,880.000     ,-0.019      ,16.142      ,0.00000       ,2147483646    ,359.824         ,0.000         ,-0.000              ,-0.000              ,23921.961       ,0.00000           ,0.00000               ,0.000         ,0.000         ,-0.000        ,-0.001        
10:03:29.732039     ,0.799       ,0.880       ,17.048      ,16.150      ,16.143      ,16.160      ,-0.019      ,-0.009      ,0.001       ,0.000       ,-0.009      ,880.000     ,-0.019      ,16.142      ,0.00000       ,2147483646    ,359.824         ,0.000         ,-0.000              ,-0.000              ,23921.961       ,0.00000           ,0.00000               ,0.000         ,0.000         ,-0.000        ,-0.001        
10:03:29.744849     ,0.799       ,0.880       ,17.097      ,16.140      ,16.141      ,16.160      ,-0.017      ,-0.008      ,0.001       ,0.000       ,-0.008      ,880.000     ,-0.017      ,16.143      ,0.00000       ,2147483646    ,359.824         ,0.000         ,-0.000              ,-0.000              ,23921.961       ,0.00000           ,0.00000               ,0.000         ,0.000         ,0.000         ,0.004         
10:03:29.752019     ,0.801       ,0.880       ,17.064      ,16.150      ,16.142      ,16.160      ,-0.019      ,-0.010      ,0.001       ,-0.000      ,-0.009      ,880.000     ,-0.019      ,16.141      ,0.00000       ,2147483646    ,359.824         ,0.000         ,-0.000              ,-0.000              ,23921.961       ,0.00000           ,0.00000               ,0.000         ,0.000         ,0.000         ,0.004         
10:03:29.763279     ,0.801       ,0.880       ,17.064      ,16.160      ,16.143      ,16.160      ,-0.018      ,-0.009      ,0.001       ,0.000       ,-0.008      ,880.000     ,-0.018      ,16.142      ,0.00000       ,2147483646    ,359.824         ,0.000         ,-0.000              ,-0.000              ,23921.961       ,0.00000           ,0.00000               ,0.000         ,0.000         ,-0.000        ,-0.004        
10:03:29.772042     ,0.801       ,0.880       ,17.064      ,16.160      ,16.144      ,16.160      ,-0.017      ,-0.008      ,0.001       ,0.000       ,-0.008      ,880.000     ,-0.017      ,16.143      ,0.00000       ,2147483646    ,359.824         ,0.000         ,-0.000              ,-0.000              ,23921.961       ,0.00000           ,0.00000               ,0.000         ,0.000         ,-0.000        ,-0.004        
10:03:29.782038     ,0.801       ,0.880       ,17.064      ,16.150      ,16.142      ,16.160      ,-0.017      ,-0.008      ,0.001       ,-0.000      ,-0.008      ,880.000     ,-0.017      ,16.144      ,0.00000       ,2147483646    ,359.824         ,0.000         ,-0.000              ,-0.000              ,23921.961       ,0.00000           ,0.00000               ,0.000         ,0.000         ,0.000         ,0.003         
10:03:29.792044     ,0.801       ,0.880       ,17.064      ,16.150      ,16.143      ,16.160      ,-0.017      ,-0.008      ,0.001       ,-0.000      ,-0.008      ,880.000     ,-0.017      ,16.143      ,0.00000       ,2147483646    ,359.824         ,0.000         ,-0.000              ,-0.000              ,23921.961       ,0.00000           ,0.00000               ,0.000         ,0.000         ,0.000         ,0.003         
10:03:29.802036     ,0.801       ,0.880       ,17.064      ,16.150      ,16.143      ,16.160      ,-0.017      ,-0.008      ,0.001       ,-0.000      ,-0.008      ,880.000     ,-0.017      ,16.143      ,0.00000       ,2147483646    ,359.824         ,0.000         ,-0.000              ,-0.000              ,23921.961       ,0.00000           ,0.00000               ,0.000         ,0.000         ,0.000         ,0.003         
10:03:29.818169     ,0.803       ,0.880       ,17.080      ,16.160      ,16.144      ,16.160      ,-0.017      ,-0.008      ,0.001       ,-0.000      ,-0.008      ,880.000     ,-0.017      ,16.143      ,0.00000       ,2147483646    ,359.824         ,0.000         ,-0.000              ,-0.000              ,23921.961       ,0.00000           ,0.00000               ,0.000         ,0.000         ,-0.000        ,-0.003        
10:03:29.822043     ,0.803       ,0.880       ,17.080      ,16.160      ,16.145      ,16.160      ,-0.016      ,-0.008      ,0.001       ,0.000       ,-0.007      ,880.000     ,-0.016      ,16.144      ,0.00000       ,2147483646    ,359.824         ,0.000         ,-0.000              ,-0.000              ,23921.961       ,0.00000           ,0.00000               ,0.000         ,0.000         ,-0.000        ,-0.003        
10:03:29.836881     ,0.799       ,0.880       ,17.048      ,16.150      ,16.146      ,16.160      ,-0.016      ,-0.008      ,0.001       ,0.000       ,-0.007      ,880.000     ,-0.016      ,16.144      ,0.00000       ,2147483646    ,359.824         ,0.000         ,-0.000              ,-0.000              ,23921.961       ,0.00000           ,0.00000               ,0.000         ,0.000         ,0.000         ,0.001         
10:03:29.842118     ,0.799       ,0.880       ,17.048      ,16.150      ,16.146      ,16.160      ,-0.014      ,-0.007      ,0.001       ,0.000       ,-0.006      ,880.000     ,-0.014      ,16.146      ,0.00000       ,2147483646    ,359.824         ,0.000         ,-0.000              ,-0.000              ,23921.961       ,0.00000           ,0.00000               ,0.000         ,0.000         ,0.000         ,0.001         
10:03:29.855611     ,0.799       ,0.880       ,17.064      ,16.150      ,16.146      ,16.160      ,-0.014      ,-0.007      ,0.001       ,-0.000      ,-0.006      ,880.000     ,-0.014      ,16.146      ,0.00000       ,2147483646    ,359.824         ,0.000         ,-0.000              ,-0.000              ,23921.961       ,0.00000           ,0.00000               ,0.000         ,0.000         ,-0.000        ,-0.003        
10:03:29.862051     ,0.799       ,0.880       ,17.064      ,16.150      ,16.144      ,16.160      ,-0.014      ,-0.007      ,0.001       ,-0.000      ,-0.006      ,880.000     ,-0.014      ,16.146      ,0.00000       ,2147483646    ,359.824         ,0.000         ,-0.000              ,-0.000              ,23921.961       ,0.00000           ,0.00000               ,0.000         ,0.000         ,-0.000        ,-0.003        
10:03:29.873351     ,0.801       ,0.880       ,17.113      ,16.160      ,16.144      ,16.160      ,-0.016      ,-0.008      ,0.001       ,-0.000      ,-0.008      ,880.000     ,-0.016      ,16.144      ,0.00000       ,2147483646    ,359.824         ,0.000         ,-0.000              ,-0.000              ,23921.961       ,0.00000           ,0.00000               ,0.000         ,0.000         ,-0.000        ,-0.001        
10:03:29.882046     ,0.801       ,0.880       ,17.048      ,16.150      ,16.144      ,16.160      ,-0.016      ,-0.008      ,0.001       ,0.000       ,-0.007      ,880.000     ,-0.016      ,16.144      ,0.00000       ,2147483646    ,359.824         ,0.000         ,-0.000              ,-0.000              ,23921.961       ,0.00000           ,0.00000               ,0.000         ,0.000         ,-0.000        ,-0.001        
10:03:29.893089     ,0.799       ,0.880       ,17.064      ,16.160      ,16.145      ,16.160      ,-0.016      ,-0.008      ,0.001       ,-0.000      ,-0.008      ,880.000     ,-0.016      ,16.144      ,0.00000       ,2147483646    ,359.824         ,0.000         ,-0.000              ,-0.000              ,23921.961       ,0.00000           ,0.00000               ,0.000         ,0.000         ,-0.000        ,-0.001        
10:03:29.902030     ,0.803       ,0.880       ,17.097      ,16.150      ,16.145      ,16.160      ,-0.015      ,-0.008      ,0.000       ,0.000       ,-0.007      ,880.000     ,-0.015      ,16.145      ,0.00000       ,2147483646    ,359.824         ,0.000         ,-0.000              ,-0.000              ,23921.961       ,0.00000           ,0.00000               ,0.000         ,0.000         ,-0.000        ,-0.001        
10:03:29.912791     ,0.803       ,0.880       ,17.113      ,16.150      ,16.144      ,16.160      ,-0.016      ,-0.008      ,0.000       ,-0.000      ,-0.007      ,880.000     ,-0.016      ,16.145      ,0.00000       ,2147483646    ,359.824         ,0.000         ,-0.000              ,-0.000              ,23921.961       ,0.00000           ,0.00000               ,0.000         ,0.000         ,-0.000        ,-0.003        
10:03:29.922123     ,0.803       ,0.880       ,17.097      ,16.160      ,16.145      ,16.160      ,-0.016      ,-0.008      ,0.000       ,0.000       ,-0.007      ,880.000     ,-0.016      ,16.144      ,0.00000       ,2147483646    ,359.824         ,0.000         ,-0.000              ,-0.000              ,23921.961       ,0.00000           ,0.00000               ,0.000         ,0.000         ,-0.000        ,-0.003        
10:03:29.935673     ,0.803       ,0.880       ,17.080      ,16.150      ,16.145      ,16.160      ,-0.016      ,-0.008      ,0.000       ,0.000       ,-0.007      ,880.000     ,-0.016      ,16.145      ,0.00000       ,2147483646    ,359.824         ,0.000         ,-0.000              ,-0.000              ,23921.961       ,0.00000           ,0.00000               ,0.000         ,0.000         ,-0.000        ,-0.001        
10:03:29.942124     ,0.803       ,0.880       ,17.080      ,16.160      ,16.146      ,16.160      ,-0.015      ,-0.008      ,0.000       ,0.000       ,-0.007      ,880.000     ,-0.015      ,16.145      ,0.00000       ,2147483646    ,359.824         ,0.000         ,-0.000              ,-0.000              ,23921.961       ,0.00000           ,0.00000               ,0.000         ,0.000         ,-0.000        ,-0.001        
10:03:29.954417     ,0.799       ,0.880       ,17.048      ,16.150      ,16.146      ,16.160      ,-0.015      ,-0.007      ,0.000       ,-0.000      ,-0.007      ,880.000     ,-0.015      ,16.146      ,0.00000       ,2147483646    ,359.824         ,0.000         ,-0.000              ,-0.000              ,23921.961       ,0.00000           ,0.00000               ,0.000         ,0.000         ,-0.000        ,-0.003        
10:03:29.962056     ,0.803       ,0.880       ,17.097      ,16.150      ,16.146      ,16.160      ,-0.014      ,-0.007      ,0.000       ,-0.000      ,-0.007      ,880.000     ,-0.014      ,16.146      ,0.00000       ,2147483646    ,359.824         ,0.000         ,-0.000              ,-0.000              ,23921.961       ,0.00000           ,0.00000               ,0.000         ,0.000         ,-0.000        ,-0.003        
10:03:29.973133     ,0.799       ,0.880       ,17.064      ,16.160      ,16.146      ,16.160      ,-0.014      ,-0.007      ,0.000       ,-0.000      ,-0.007      ,880.000     ,-0.014      ,16.146      ,0.00000       ,2147483646    ,359.824         ,0.000         ,-0.000              ,-0.000              ,23921.961       ,0.00000           ,0.00000               ,0.000         ,0.000         ,0.000         ,0.001         
10:03:29.982046     ,0.798       ,0.880       ,17.064      ,16.150      ,16.146      ,16.160      ,-0.015      ,-0.007      ,0.000       ,-0.000      ,-0.007      ,880.000     ,-0.015      ,16.146      ,0.00000       ,2147483646    ,359.824         ,0.000         ,-0.000              ,-0.000              ,23921.961       ,0.00000           ,0.00000               ,0.000         ,0.000         ,0.000         ,0.001         
10:03:29.993871     ,0.801       ,0.880       ,17.064      ,16.160      ,16.145      ,16.160      ,-0.015      ,-0.007      ,0.000       ,-0.000      ,-0.007      ,880.000     ,-0.015      ,16.146      ,0.00000       ,2147483646    ,359.824         ,0.000         ,-0.000              ,-0.000              ,23921.961       ,0.00000           ,0.00000               ,0.000         ,0.000         ,-0.000        ,-0.003        
10:03:30.002047     ,0.798       ,0.880       ,17.097      ,16.150      ,16.145      ,16.160      ,-0.015      ,-0.007      ,0.000       ,0.000       ,-0.007      ,880.000     ,-0.015      ,16.145      ,0.00000       ,2147483646    ,359.824         ,0.000         ,-0.000              ,-0.000              ,23921.961       ,0.00000           ,0.00000               ,0.000         ,0.000         ,-0.000        ,-0.003        
10:03:30.015785     ,0.801       ,0.880       ,17.048      ,16.160      ,16.147      ,16.160      ,-0.015      ,-0.007      ,0.000       ,0.000       ,-0.007      ,880.000     ,-0.015      ,16.145      ,0.00000       ,2147483646    ,359.824         ,0.000         ,-0.000              ,-0.000              ,23921.961       ,0.00000           ,0.00000               ,0.000         ,0.000         ,0.000         ,0.000         
10:03:30.022056     ,0.801       ,0.880       ,17.064      ,16.160      ,16.147      ,16.160      ,-0.013      ,-0.007      ,0.000       ,0.000       ,-0.006      ,880.000     ,-0.013      ,16.147      ,0.00000       ,2147483646    ,359.824         ,0.000         ,-0.000              ,-0.000              ,23921.961       ,0.00000           ,0.00000               ,0.000         ,0.000         ,0.000         ,0.000         
10:03:30.033502     ,0.803       ,0.880       ,17.097      ,16.140      ,16.145      ,16.160      ,-0.014      ,-0.007      ,0.000       ,-0.000      ,-0.007      ,880.000     ,-0.014      ,16.147      ,0.00000       ,2147483646    ,359.824         ,0.000         ,-0.000              ,-0.000              ,23921.961       ,0.00000           ,0.00000               ,0.000         ,0.000         ,-0.000        ,-0.001        
10:03:30.042042     ,0.798       ,0.880       ,17.064      ,16.150      ,16.144      ,16.160      ,-0.015      ,-0.008      ,0.000       ,-0.000      ,-0.007      ,880.000     ,-0.015      ,16.145      ,0.00000       ,2147483646    ,359.824         ,0.000         ,-0.000              ,-0.000              ,23921.961       ,0.00000           ,0.00000               ,0.000         ,0.000         ,-0.000        ,-0.001        
10:03:30.055224     ,0.799       ,0.880       ,17.097      ,16.160      ,16.147      ,16.160      ,-0.016      ,-0.008      ,0.000       ,0.000       ,-0.008      ,880.000     ,-0.016      ,16.144      ,0.00000       ,2147483646    ,359.824         ,0.000         ,-0.000              ,-0.000              ,23921.961       ,0.00000           ,0.00000               ,0.000         ,0.000         ,-0.000        ,-0.001        
10:03:30.062039     ,0.801       ,0.880       ,17.064      ,16.180      ,16.150      ,16.160      ,-0.014      ,-0.007      ,0.000       ,0.000       ,-0.006      ,880.000     ,-0.014      ,16.147      ,0.00000       ,2147483646    ,359.824         ,0.000         ,-0.000              ,-0.000              ,23921.961       ,0.00000           ,0.00000               ,0.000         ,0.000         ,-0.000        ,-0.001        
10:03:30.073849     ,0.799       ,0.880       ,17.097      ,16.150      ,16.147      ,16.160      ,-0.011      ,-0.005      ,0.000       ,0.000       ,-0.005      ,880.000     ,-0.011      ,16.150      ,0.00000       ,2147483646    ,359.824         ,0.000         ,-0.000              ,-0.000              ,23921.961       ,0.00000           ,0.00000               ,0.000         ,0.000         ,-0.000        ,-0.001        
10:03:30.082048     ,0.801       ,0.880       ,17.080      ,16.150      ,16.148      ,16.160      ,-0.014      ,-0.007      ,0.000       ,-0.000      ,-0.007      ,880.000     ,-0.014      ,16.147      ,0.00000       ,2147483646    ,359.824         ,0.000         ,-0.000              ,-0.000              ,23921.961       ,0.00000           ,0.00000               ,0.000         ,0.000         ,-0.000        ,-0.001        
10:03:30.094080     ,0.799       ,0.880       ,17.080      ,16.150      ,16.148      ,16.160      ,-0.012      ,-0.006      ,0.000       ,0.000       ,-0.006      ,880.000     ,-0.012      ,16.148      ,0.00000       ,2147483646    ,359.824         ,0.000         ,-0.000              ,-0.000              ,23921.961       ,0.00000           ,0.00000               ,0.000         ,0.000         ,0.000         ,0.003         
10:03:30.102033     ,0.799       ,0.880       ,17.080      ,16.150      ,16.147      ,16.160      ,-0.012      ,-0.006      ,0.000       ,-0.000      ,-0.006      ,880.000     ,-0.012      ,16.148      ,0.00000       ,2147483646    ,359.824         ,0.000         ,-0.000              ,-0.000              ,23921.961       ,0.00000           ,0.00000               ,0.000         ,0.000         ,0.000         ,0.003         
10:03:30.112912     ,0.799       ,0.880       ,17.064      ,16.150      ,16.143      ,16.160      ,-0.013      ,-0.007      ,0.000       ,-0.000      ,-0.007      ,880.000     ,-0.013      ,16.147      ,0.00000       ,2147483646    ,359.824         ,0.000         ,-0.000              ,-0.000              ,23921.961       ,0.00000           ,0.00000               ,0.000         ,0.000         ,-0.000        ,-0.004        
10:03:30.122048     ,0.796       ,0.880       ,17.097      ,16.160      ,16.146      ,16.160      ,-0.017      ,-0.009      ,0.000       ,-0.000      ,-0.009      ,880.000     ,-0.017      ,16.143      ,0.00000       ,2147483646    ,359.824         ,0.000         ,-0.000              ,-0.000              ,23921.961       ,0.00000           ,0.00000               ,0.000         ,0.000         ,-0.000        ,-0.004        
10:03:30.132834     ,0.801       ,0.880       ,17.080      ,16.160      ,16.148      ,16.160      ,-0.014      ,-0.007      ,0.000       ,0.000       ,-0.006      ,880.000     ,-0.014      ,16.146      ,0.00000       ,2147483646    ,359.824         ,0.000         ,-0.000              ,-0.000              ,23921.961       ,0.00000           ,0.00000               ,0.000         ,0.000         ,0.000         ,0.001         
10:03:30.142175     ,0.801       ,0.880       ,17.080      ,16.150      ,16.146      ,16.160      ,-0.013      ,-0.006      ,0.000       ,-0.000      ,-0.006      ,880.000     ,-0.013      ,16.148      ,0.00000       ,2147483646    ,359.824         ,0.000         ,-0.000              ,-0.000              ,23921.961       ,0.00000           ,0.00000               ,0.000         ,0.000         ,0.000         ,0.001         
10:03:30.154852     ,0.799       ,0.880       ,17.080      ,16.150      ,16.145      ,16.160      ,-0.014      ,-0.007      ,0.000       ,-0.000      ,-0.007      ,880.000     ,-0.014      ,16.146      ,0.00000       ,2147483646    ,359.824         ,0.000         ,-0.000              ,-0.000              ,23921.961       ,0.00000           ,0.00000               ,0.000         ,0.000         ,0.000         ,0.000         
10:03:30.162042     ,0.801       ,0.880       ,17.064      ,16.160      ,16.146      ,16.160      ,-0.016      ,-0.008      ,0.000       ,0.000       ,-0.008      ,880.000     ,-0.016      ,16.145      ,0.00000       ,2147483646    ,359.824         ,0.000         ,-0.000              ,-0.000              ,23921.961       ,0.00000           ,0.00000               ,0.000         ,0.000         ,0.000         ,0.000         
10:03:30.174667     ,0.801       ,0.880       ,17.080      ,16.160      ,16.145      ,16.160      ,-0.014      ,-0.007      ,0.000       ,-0.000      ,-0.007      ,880.000     ,-0.014      ,16.146      ,0.00000       ,2147483646    ,359.824         ,0.000         ,-0.000              ,-0.000              ,23921.961       ,0.00000           ,0.00000               ,0.000         ,0.000         ,-0.000        ,-0.003        
10:03:30.182056     ,0.799       ,0.880       ,17.080      ,16.160      ,16.146      ,16.160      ,-0.015      ,-0.007      ,0.000       ,-0.000      ,-0.007      ,880.000     ,-0.015      ,16.145      ,0.00000       ,2147483646    ,359.824         ,0.000         ,-0.000              ,-0.000              ,23921.961       ,0.00000           ,0.00000               ,0.000         ,0.000         ,-0.000        ,-0.003        
10:03:30.193235     ,0.803       ,0.880       ,17.097      ,16.160      ,16.149      ,16.160      ,-0.014      ,-0.007      ,0.000       ,0.000       ,-0.007      ,880.000     ,-0.014      ,16.146      ,0.00000       ,2147483646    ,359.824         ,0.000         ,-0.000              ,-0.000              ,23921.961       ,0.00000           ,0.00000               ,0.000         ,0.000         ,0.000         ,0.003         
10:03:30.202046     ,0.796       ,0.880       ,17.080      ,16.160      ,16.151      ,16.160      ,-0.012      ,-0.006      ,0.000       ,0.000       ,-0.006      ,880.000     ,-0.012      ,16.149      ,0.00000       ,2147483646    ,359.824         ,0.000         ,-0.000              ,-0.000              ,23921.961       ,0.00000           ,0.00000               ,0.000         ,0.000         ,0.000         ,0.003         
10:03:30.212041     ,0.799       ,0.880       ,17.080      ,16.160      ,16.151      ,16.160      ,-0.009      ,0.000       ,0.000       ,0.000       ,0.001       ,880.000     ,-0.009      ,16.151      ,0.00000       ,2147483646    ,359.824         ,0.000         ,-0.000              ,-0.000              ,23921.961       ,0.00000           ,0.00000               ,0.000         ,0.000         ,-0.000        ,-0.001        
10:03:30.222054     ,0.799       ,0.880       ,17.064      ,16.160      ,16.151      ,16.160      ,-0.009      ,0.000       ,0.000       ,0.000       ,0.000       ,880.000     ,-0.009      ,16.151      ,0.00000       ,2147483646    ,359.824         ,0.000         ,-0.000              ,-0.000              ,23921.961       ,0.00000           ,0.00000               ,0.000         ,0.000         ,-0.000        ,-0.001        
10:03:30.233204     ,0.799       ,0.880       ,17.064      ,16.150      ,16.150      ,16.160      ,-0.009      ,0.000       ,0.000       ,0.000       ,0.001       ,880.000     ,-0.009      ,16.151      ,0.00000       ,2147483646    ,359.824         ,0.000         ,-0.000              ,-0.000              ,23921.961       ,0.00000           ,0.00000               ,0.000         ,0.000         ,-0.000        ,-0.004        
10:03:30.242068     ,0.799       ,0.880       ,17.080      ,16.160      ,16.150      ,16.160      ,-0.009      ,0.000       ,0.000       ,0.000       ,0.001       ,880.000     ,-0.009      ,16.151      ,0.00000       ,2147483646    ,359.824         ,0.000         ,-0.000              ,-0.000              ,23921.961       ,0.00000           ,0.00000               ,0.000         ,0.000         ,-0.000        ,-0.004        
10:03:30.255605     ,0.799       ,0.880       ,17.097      ,16.160      ,16.151      ,16.160      ,-0.010      ,0.000       ,0.000       ,0.000       ,0.001       ,880.000     ,-0.010      ,16.150      ,0.00000       ,2147483646    ,359.824         ,0.000         ,-0.000              ,-0.000              ,23921.961       ,0.00000           ,0.00000               ,0.000         ,0.000         ,-0.000        ,-0.003        
10:03:30.262061     ,0.799       ,0.880       ,17.097      ,16.150      ,16.149      ,16.160      ,-0.010      ,0.000       ,0.000       ,0.000       ,0.001       ,880.000     ,-0.010      ,16.150      ,0.00000       ,2147483646    ,359.824         ,0.000         ,-0.000              ,-0.000              ,23921.961       ,0.00000           ,0.00000               ,0.000         ,0.000         ,-0.000        ,-0.003        
10:03:30.277026     ,0.801       ,0.880       ,17.080      ,16.150      ,16.147      ,16.160      ,-0.014      ,-0.007      ,0.000       ,0.000       ,-0.007      ,880.000     ,-0.014      ,16.147      ,0.00000       ,2147483646    ,359.824         ,0.000         ,-0.000              ,-0.000              ,23921.961       ,0.00000           ,0.00000               ,0.000         ,0.000         ,-0.000        ,-0.003        
10:03:30.282128     ,0.801       ,0.880       ,17.080      ,16.160      ,16.148      ,16.160      ,-0.014      ,-0.007      ,0.000       ,0.000       ,-0.007      ,880.000     ,-0.014      ,16.147      ,0.00000       ,2147483646    ,359.824         ,0.000         ,-0.000              ,-0.000              ,23921.961       ,0.00000           ,0.00000               ,0.000         ,0.000         ,-0.000        ,-0.003        
10:03:30.297609     ,0.801       ,0.880       ,17.097      ,16.160      ,16.148      ,16.160      ,-0.012      ,-0.006      ,0.000       ,0.000       ,-0.006      ,880.000     ,-0.012      ,16.148      ,0.00000       ,2147483646    ,359.824         ,0.000         ,-0.000              ,-0.000              ,23921.961       ,0.00000           ,0.00000               ,0.000         ,0.000         ,0.000         ,0.003         
10:03:30.302225     ,0.801       ,0.880       ,17.097      ,16.160      ,16.147      ,16.160      ,-0.013      ,-0.006      ,0.000       ,-0.000      ,-0.006      ,880.000     ,-0.013      ,16.148      ,0.00000       ,2147483646    ,359.824         ,0.000         ,-0.000              ,-0.000              ,23921.961       ,0.00000           ,0.00000               ,0.000         ,0.000         ,0.000         ,0.003         
10:03:30.317785     ,0.801       ,0.880       ,17.080      ,16.160      ,16.148      ,16.160      ,-0.013      ,-0.007      ,0.000       ,0.000       ,-0.007      ,880.000     ,-0.013      ,16.147      ,0.00000       ,2147483646    ,359.824         ,0.000         ,-0.000              ,-0.000              ,23921.961       ,0.00000           ,0.00000               ,0.000         ,0.000         ,-0.000        ,-0.001        
10:03:30.322068     ,0.801       ,0.880       ,17.080      ,16.160      ,16.150      ,16.160      ,-0.012      ,-0.006      ,-0.000      ,0.000       ,-0.006      ,880.000     ,-0.012      ,16.148      ,0.00000       ,2147483646    ,359.824         ,0.000         ,-0.000              ,-0.000              ,23921.961       ,0.00000           ,0.00000               ,0.000         ,0.000         ,-0.000        ,-0.001        
10:03:30.339192     ,0.796       ,0.880       ,17.064      ,16.160      ,16.150      ,16.160      ,-0.010      ,-0.005      ,-0.000      ,-0.000      ,-0.005      ,880.000     ,-0.010      ,16.150      ,0.00000       ,2147483646    ,359.824         ,0.000         ,-0.000              ,-0.000              ,23921.961       ,0.00000           ,0.00000               ,0.000         ,0.000         ,-0.000        ,-0.003        
10:03:30.342088     ,0.796       ,0.880       ,17.064      ,16.160      ,16.150      ,16.160      ,-0.011      ,-0.005      ,-0.000      ,-0.000      ,-0.005      ,880.000     ,-0.011      ,16.150      ,0.00000       ,2147483646    ,359.824         ,0.000         ,-0.000              ,-0.000              ,23921.961       ,0.00000           ,0.00000               ,0.000         ,0.000         ,-0.000        ,-0.003        
10:03:30.360367     ,0.799       ,0.880       ,17.097      ,16.160      ,16.151      ,16.160      ,-0.011      ,-0.005      ,-0.000      ,-0.000      ,-0.005      ,880.000     ,-0.011      ,16.150      ,0.00000       ,2147483646    ,359.824         ,0.000         ,-0.000              ,-0.000              ,23921.961       ,0.00000           ,0.00000               ,0.000         ,0.000         ,-0.000        ,-0.001        
10:03:30.362164     ,0.799       ,0.880       ,17.097      ,16.160      ,16.152      ,16.160      ,-0.009      ,0.000       ,-0.000      ,0.001       ,0.000       ,880.000     ,-0.009      ,16.151      ,0.00000       ,2147483646    ,359.824         ,0.000         ,-0.000              ,-0.000              ,23921.961       ,0.00000           ,0.00000               ,0.000         ,0.000         ,-0.000        ,-0.001        
10:03:30.372279     ,0.801       ,0.880       ,17.080      ,16.150      ,16.151      ,16.160      ,-0.009      ,0.000       ,-0.000      ,0.001       ,0.000       ,880.000     ,-0.009      ,16.151      ,0.00000       ,2147483646    ,359.824         ,0.000         ,-0.000              ,-0.000              ,23921.961       ,0.00000           ,0.00000               ,0.000         ,0.000         ,-0.000        ,-0.001        
10:03:30.382048     ,0.801       ,0.880       ,17.080      ,16.160      ,16.151      ,16.160      ,-0.010      ,0.000       ,-0.000      ,0.000       ,0.000       ,880.000     ,-0.010      ,16.151      ,0.00000       ,2147483646    ,359.824         ,0.000         ,-0.000              ,-0.000              ,23921.961       ,0.00000           ,0.00000               ,0.000         ,0.000         ,-0.000        ,-0.001        
10:03:30.392060     ,0.798       ,0.880       ,17.080      ,16.160      ,16.151      ,16.160      ,-0.010      ,0.000       ,-0.000      ,0.001       ,0.000       ,880.000     ,-0.010      ,16.151      ,0.00000       ,2147483646    ,359.824         ,0.000         ,-0.000              ,-0.000              ,23921.961       ,0.00000           ,0.00000               ,0.000         ,0.000         ,-0.000        ,-0.001        
10:03:30.402972     ,0.798       ,0.880       ,17.080      ,16.160      ,16.150      ,16.160      ,-0.010      ,0.000       ,-0.000      ,0.001       ,0.000       ,880.000     ,-0.010      ,16.151      ,0.00000       ,2147483646    ,359.824         ,0.000         ,-0.000              ,-0.000              ,23921.961       ,0.00000           ,0.00000               ,0.000         ,0.000         ,-0.000        ,-0.001        
10:03:30.412043     ,0.803       ,0.880       ,17.080      ,16.160      ,16.149      ,16.160      ,-0.011      ,-0.005      ,-0.000      ,-0.000      ,-0.006      ,880.000     ,-0.011      ,16.149      ,0.00000       ,2147483646    ,359.824         ,0.000         ,-0.000              ,-0.000              ,23921.961       ,0.00000           ,0.00000               ,0.000         ,0.000         ,-0.000        ,-0.001        
10:03:30.425004     ,0.799       ,0.880       ,17.097      ,16.180      ,16.154      ,16.160      ,-0.011      ,-0.005      ,-0.000      ,-0.000      ,-0.006      ,880.000     ,-0.011      ,16.149      ,0.00000       ,2147483646    ,359.824         ,0.000         ,-0.000              ,-0.000              ,23921.961       ,0.00000           ,0.00000               ,0.000         ,0.000         ,0.000         ,0.003         
10:03:30.432040     ,0.801       ,0.880       ,17.080      ,16.180      ,16.156      ,16.160      ,-0.004      ,0.000       ,-0.000      ,0.000       ,0.000       ,880.000     ,-0.004      ,16.156      ,0.00000       ,2147483646    ,359.824         ,0.000         ,-0.000              ,-0.000              ,23921.961       ,0.00000           ,0.00000               ,0.000         ,0.000         ,0.000         ,0.003         
10:03:30.444980     ,0.799       ,0.880       ,17.097      ,16.180      ,16.159      ,16.160      ,-0.004      ,0.000       ,-0.000      ,0.000       ,0.000       ,880.000     ,-0.004      ,16.156      ,0.00000       ,2147483646    ,359.824         ,0.000         ,-0.000              ,-0.000              ,23921.961       ,0.00000           ,0.00000               ,0.000         ,0.000         ,0.000         ,0.000         
10:03:30.452036     ,0.798       ,0.880       ,17.080      ,16.180      ,16.162      ,16.160      ,0.002       ,0.000       ,-0.000      ,-0.000      ,-0.000      ,880.000     ,0.002       ,16.162      ,0.00000       ,2147483646    ,359.824         ,0.000         ,-0.000              ,-0.000              ,23921.961       ,0.00000           ,0.00000               ,0.000         ,0.000         ,0.000         ,0.000         
10:03:30.465898     ,0.803       ,0.880       ,17.064      ,16.180      ,16.167      ,16.160      ,0.002       ,0.000       ,-0.000      ,-0.000      ,-0.000      ,880.000     ,0.002       ,16.162      ,0.00000       ,2147483646    ,359.824         ,0.000         ,-0.000              ,-0.000              ,23921.961       ,0.00000           ,0.00000               ,0.000         ,0.000         ,-0.000        ,-0.003        
10:03:30.472041     ,0.799       ,0.880       ,17.064      ,16.180      ,16.168      ,16.160      ,0.008       ,0.000       ,-0.000      ,-0.001      ,-0.001      ,880.000     ,0.008       ,16.168      ,0.00000       ,2147483646    ,359.824         ,0.000         ,-0.000              ,-0.000              ,23921.961       ,0.00000           ,0.00000               ,0.000         ,0.000         ,-0.000        ,-0.003        
10:03:30.486851     ,0.799       ,0.880       ,17.080      ,16.160      ,16.167      ,16.160      ,0.008       ,0.000       ,-0.000      ,-0.001      ,-0.001      ,880.000     ,0.008       ,16.168      ,0.00000       ,2147483646    ,359.824         ,0.000         ,-0.000              ,-0.000              ,23921.961       ,0.00000           ,0.00000               ,0.000         ,0.000         ,-0.000        ,-0.001        
10:03:30.492038     ,0.799       ,0.880       ,17.097      ,16.180      ,16.170      ,16.160      ,0.010       ,0.000       ,-0.000      ,-0.000      ,-0.000      ,880.000     ,0.010       ,16.170      ,0.00000       ,2147483646    ,359.824         ,0.000         ,-0.000              ,-0.000              ,23921.961       ,0.00000           ,0.00000               ,0.000         ,0.000         ,-0.000        ,-0.001        
10:03:30.505357     ,0.801       ,0.880       ,17.080      ,16.180      ,16.171      ,16.160      ,0.010       ,0.000       ,-0.000      ,-0.000      ,-0.000      ,880.000     ,0.010       ,16.170      ,0.00000       ,2147483646    ,359.824         ,0.000         ,-0.000              ,-0.000              ,23921.961       ,0.00000           ,0.00000               ,0.000         ,0.000         ,-0.000        ,-0.004        
10:03:30.512021     ,0.799       ,0.880       ,17.080      ,16.160      ,16.167      ,16.160      ,0.007       ,0.000       ,-0.000      ,-0.001      ,-0.001      ,880.000     ,0.007       ,16.167      ,0.00000       ,2147483646    ,359.824         ,0.000         ,-0.000              ,-0.000              ,23921.961       ,0.00000           ,0.00000               ,0.000         ,0.000         ,-0.000        ,-0.004        
10:03:30.523951     ,0.798       ,0.880       ,17.097      ,16.180      ,16.166      ,16.160      ,0.007       ,0.000       ,-0.000      ,-0.001      ,-0.001      ,880.000     ,0.007       ,16.167      ,0.00000       ,2147483646    ,359.824         ,0.000         ,-0.000              ,-0.000              ,23921.961       ,0.00000           ,0.00000               ,0.000         ,0.000         ,-0.000        ,-0.004        
10:03:30.532040     ,0.801       ,0.880       ,17.113      ,16.160      ,16.165      ,16.160      ,0.005       ,0.000       ,-0.000      ,-0.000      ,-0.000      ,880.000     ,0.005       ,16.165      ,0.00000       ,2147483646    ,359.824         ,0.000         ,-0.000              ,-0.000              ,23921.961       ,0.00000           ,0.00000               ,0.000         ,0.000         ,-0.000        ,-0.004        
10:03:30.545061     ,0.803       ,0.880       ,17.097      ,16.180      ,16.163      ,16.160      ,0.005       ,0.000       ,-0.000      ,-0.000      ,-0.000      ,880.000     ,0.005       ,16.165      ,0.00000       ,2147483646    ,359.824         ,0.000         ,-0.000              ,-0.000              ,23921.961       ,0.00000           ,0.00000               ,0.000         ,0.000         ,-0.000        ,-0.004        
10:03:30.552026     ,0.803       ,0.880       ,17.113      ,16.180      ,16.162      ,16.160      ,0.002       ,0.000       ,-0.000      ,-0.000      ,-0.000      ,880.000     ,0.002       ,16.162      ,0.00000       ,2147483646    ,359.824         ,0.000         ,-0.000              ,-0.000              ,23921.961       ,0.00000           ,0.00000               ,0.000         ,0.000         ,-0.000        ,-0.004        
10:03:30.563848     ,0.798       ,0.880       ,17.097      ,16.160      ,16.162      ,16.160      ,0.002       ,0.000       ,-0.000      ,-0.000      ,-0.000      ,880.000     ,0.002       ,16.162      ,0.00000       ,2147483646    ,359.824         ,0.000         ,-0.000              ,-0.000              ,23921.961       ,0.00000           ,0.00000               ,0.000         ,0.000         ,-0.000        ,-0.003        
10:03:30.572071     ,0.798       ,0.880       ,17.097      ,16.180      ,16.163      ,16.160      ,0.002       ,0.000       ,-0.000      ,-0.000      ,-0.000      ,880.000     ,0.002       ,16.162      ,0.00000       ,2147483646    ,359.824         ,0.000         ,-0.000              ,-0.000              ,23921.961       ,0.00000           ,0.00000               ,0.000         ,0.000         ,-0.000        ,-0.003        
10:03:30.583593     ,0.801       ,0.880       ,17.097      ,16.160      ,16.163      ,16.160      ,0.002       ,0.000       ,-0.000      ,-0.000      ,-0.000      ,880.000     ,0.002       ,16.163      ,0.00000       ,2147483646    ,359.824         ,0.000         ,-0.000              ,-0.000              ,23921.961       ,0.00000           ,0.00000               ,0.000         ,0.000         ,0.000         ,0.003         
10:03:30.592202     ,0.801       ,0.880       ,17.097      ,16.180      ,16.164      ,16.160      ,0.003       ,0.000       ,-0.000      ,-0.000      ,-0.000      ,880.000     ,0.003       ,16.163      ,0.00000       ,2147483646    ,359.824         ,0.000         ,-0.000              ,-0.000              ,23921.961       ,0.00000           ,0.00000               ,0.000         ,0.000         ,0.000         ,0.003         
10:03:30.602236     ,0.798       ,0.880       ,17.080      ,16.180      ,16.164      ,16.160      ,0.003       ,0.000       ,-0.000      ,-0.000      ,-0.000      ,880.000     ,0.003       ,16.164      ,0.00000       ,2147483646    ,359.824         ,0.000         ,-0.000              ,-0.000              ,23921.961       ,0.00000           ,0.00000               ,0.000         ,0.000         ,-0.000        ,-0.001        
10:03:30.612025     ,0.799       ,0.880       ,17.113      ,16.180      ,16.167      ,16.160      ,0.007       ,0.000       ,-0.000      ,-0.000      ,-0.000      ,880.000     ,0.007       ,16.167      ,0.00000       ,2147483646    ,359.824         ,0.000         ,-0.000              ,-0.000              ,23921.961       ,0.00000           ,0.00000               ,0.000         ,0.000         ,-0.000        ,-0.001        
10:03:30.623024     ,0.803       ,0.880       ,17.097      ,16.180      ,16.166      ,16.160      ,0.007       ,0.000       ,-0.000      ,-0.000      ,-0.000      ,880.000     ,0.007       ,16.167      ,0.00000       ,2147483646    ,359.824         ,0.000         ,-0.000              ,-0.000              ,23921.961       ,0.00000           ,0.00000               ,0.000         ,0.000         ,-0.001        ,-0.005        
10:03:30.632026     ,0.796       ,0.880       ,17.097      ,16.180      ,16.169      ,16.160      ,0.009       ,0.000       ,-0.000      ,-0.000      ,-0.000      ,880.000     ,0.009       ,16.169      ,0.00000       ,2147483646    ,359.824         ,0.000         ,-0.000              ,-0.000              ,23921.961       ,0.00000           ,0.00000               ,0.000         ,0.000         ,-0.001        ,-0.005        
10:03:30.643819     ,0.801       ,0.880       ,17.097      ,16.180      ,16.169      ,16.160      ,0.009       ,0.000       ,-0.000      ,-0.000      ,-0.000      ,880.000     ,0.009       ,16.169      ,0.00000       ,2147483646    ,359.824         ,0.000         ,-0.000              ,-0.000              ,23921.961       ,0.00000           ,0.00000               ,0.000         ,0.000         ,0.000         ,0.004         
10:03:30.652029     ,0.801       ,0.880       ,17.113      ,16.180      ,16.170      ,16.160      ,0.009       ,0.000       ,-0.000      ,-0.000      ,-0.000      ,880.000     ,0.009       ,16.170      ,0.00000       ,2147483646    ,359.824         ,0.000         ,-0.000              ,-0.000              ,23921.961       ,0.00000           ,0.00000               ,0.000         ,0.000         ,0.000         ,0.004         
10:03:30.664038     ,0.798       ,0.880       ,17.097      ,16.180      ,16.171      ,16.160      ,0.009       ,0.000       ,-0.000      ,-0.000      ,-0.000      ,880.000     ,0.009       ,16.170      ,0.00000       ,2147483646    ,359.824         ,0.000         ,-0.000              ,-0.000              ,23921.961       ,0.00000           ,0.00000               ,0.000         ,0.000         ,-0.000        ,-0.004        
10:03:30.672064     ,0.799       ,0.880       ,17.113      ,16.190      ,16.173      ,16.160      ,0.013       ,0.007       ,-0.000      ,0.000       ,0.007       ,880.000     ,0.013       ,16.173      ,0.00000       ,2147483646    ,359.824         ,0.000         ,-0.000              ,-0.000              ,23921.961       ,0.00000           ,0.00000               ,0.000         ,0.000         ,-0.000        ,-0.004        
10:03:30.685063     ,0.801       ,0.880       ,17.064      ,16.180      ,16.174      ,16.160      ,0.013       ,0.007       ,0.000       ,-0.000      ,0.007       ,880.000     ,0.013       ,16.173      ,0.00000       ,2147483646    ,359.824         ,0.000         ,-0.000              ,-0.000              ,23921.961       ,0.00000           ,0.00000               ,0.000         ,0.000         ,-0.000        ,-0.003        
10:03:30.692029     ,0.799       ,0.880       ,17.097      ,16.190      ,16.175      ,16.160      ,0.015       ,0.008       ,0.000       ,0.000       ,0.008       ,880.000     ,0.015       ,16.175      ,0.00000       ,2147483646    ,359.824         ,0.000         ,-0.000              ,-0.000              ,23921.961       ,0.00000           ,0.00000               ,0.000         ,0.000         ,-0.000        ,-0.003        
10:03:30.703880     ,0.799       ,0.880       ,17.097      ,16.180      ,16.175      ,16.160      ,0.015       ,0.008       ,0.000       ,0.000       ,0.008       ,880.000     ,0.015       ,16.175      ,0.00000       ,2147483646    ,359.824         ,0.000         ,-0.000              ,-0.000              ,23921.961       ,0.00000           ,0.00000               ,0.000         ,0.000         ,-0.000        ,-0.003        
10:03:30.712038     ,0.801       ,0.880       ,17.097      ,16.180      ,16.175      ,16.160      ,0.015       ,0.007       ,0.000       ,0.000       ,0.007       ,880.000     ,0.015       ,16.175      ,0.00000       ,2147483646    ,359.824         ,0.000         ,-0.000              ,-0.000              ,23921.961       ,0.00000           ,0.00000               ,0.000         ,0.000         ,-0.000        ,-0.003        
10:03:30.723753     ,0.799       ,0.880       ,17.080      ,16.180      ,16.173      ,16.160      ,0.015       ,0.007       ,0.000       ,0.000       ,0.007       ,880.000     ,0.015       ,16.175      ,0.00000       ,2147483646    ,359.824         ,0.000         ,-0.000              ,-0.000              ,23921.961       ,0.00000           ,0.00000               ,0.000         ,0.000         ,-0.000        ,-0.004        
10:03:30.732027     ,0.801       ,0.880       ,17.113      ,16.180      ,16.174      ,16.160      ,0.014       ,0.007       ,0.000       ,0.000       ,0.007       ,880.000     ,0.014       ,16.174      ,0.00000       ,2147483646    ,359.824         ,0.000         ,-0.000              ,-0.000              ,23921.961       ,0.00000           ,0.00000               ,0.000         ,0.000         ,-0.000        ,-0.004        
10:03:30.746023     ,0.801       ,0.880       ,17.080      ,16.180      ,16.173      ,16.160      ,0.014       ,0.007       ,0.000       ,0.000       ,0.007       ,880.000     ,0.014       ,16.174      ,0.00000       ,2147483646    ,359.824         ,0.000         ,-0.000              ,-0.000              ,23921.961       ,0.00000           ,0.00000               ,0.000         ,0.000         ,-0.000        ,-0.004        
10:03:30.752076     ,0.801       ,0.880       ,17.146      ,16.190      ,16.175      ,16.160      ,0.012       ,0.006       ,0.000       ,-0.000      ,0.006       ,880.000     ,0.012       ,16.173      ,0.00000       ,2147483646    ,359.824         ,0.000         ,-0.000              ,-0.000              ,23921.961       ,0.00000           ,0.00000               ,0.000         ,0.000         ,-0.000        ,-0.004        
10:03:30.764944     ,0.799       ,0.880       ,17.097      ,16.180      ,16.174      ,16.160      ,0.014       ,0.007       ,0.000       ,0.000       ,0.007       ,880.000     ,0.014       ,16.175      ,0.00000       ,2147483646    ,359.824         ,0.000         ,-0.000              ,-0.000              ,23921.961       ,0.00000           ,0.00000               ,0.000         ,0.000         ,-0.000        ,-0.003        
10:03:30.772050     ,0.798       ,0.880       ,17.048      ,16.190      ,16.175      ,16.160      ,0.015       ,0.007       ,0.000       ,0.000       ,0.008       ,880.000     ,0.015       ,16.175      ,0.00000       ,2147483646    ,359.824         ,0.000         ,-0.000              ,-0.000              ,23921.961       ,0.00000           ,0.00000               ,0.000         ,0.000         ,-0.000        ,-0.003        
10:03:30.783572     ,0.799       ,0.880       ,17.097      ,16.190      ,16.176      ,16.160      ,0.015       ,0.007       ,0.000       ,0.000       ,0.008       ,880.000     ,0.015       ,16.175      ,0.00000       ,2147483646    ,359.824         ,0.000         ,-0.000              ,-0.000              ,23921.961       ,0.00000           ,0.00000               ,0.000         ,0.000         ,-0.000        ,-0.001        
10:03:30.792024     ,0.799       ,0.880       ,17.097      ,16.180      ,16.175      ,16.160      ,0.015       ,0.008       ,0.000       ,-0.000      ,0.008       ,880.000     ,0.015       ,16.175      ,0.00000       ,2147483646    ,359.824         ,0.000         ,-0.000              ,-0.000              ,23921.961       ,0.00000           ,0.00000               ,0.000         ,0.000         ,-0.000        ,-0.001        
10:03:30.802158     ,0.803       ,0.880       ,17.097      ,16.190      ,16.176      ,16.160      ,0.015       ,0.008       ,0.000       ,-0.000      ,0.008       ,880.000     ,0.015       ,16.175      ,0.00000       ,2147483646    ,359.824         ,0.000         ,-0.000              ,-0.000              ,23921.961       ,0.00000           ,0.00000               ,0.000         ,0.000         ,-0.000        ,-0.003        
10:03:30.812051     ,0.801       ,0.880       ,17.113      ,16.180      ,16.177      ,16.160      ,0.017       ,0.008       ,0.000       ,0.000       ,0.009       ,880.000     ,0.017       ,16.177      ,0.00000       ,2147483646    ,359.824         ,0.000         ,-0.000              ,-0.000              ,23921.961       ,0.00000           ,0.00000               ,0.000         ,0.000         ,-0.000        ,-0.003        
10:03:30.822056     ,0.801       ,0.880       ,17.080      ,16.180      ,16.176      ,16.160      ,0.016       ,0.008       ,0.000       ,-0.000      ,0.008       ,880.000     ,0.016       ,16.176      ,0.00000       ,2147483646    ,359.824         ,0.000         ,-0.000              ,-0.000              ,23921.961       ,0.00000           ,0.00000               ,0.000         ,0.000         ,-0.000        ,-0.001        
10:03:30.832258     ,0.799       ,0.880       ,17.080      ,16.180      ,16.175      ,16.160      ,0.016       ,0.008       ,0.000       ,-0.000      ,0.008       ,880.000     ,0.016       ,16.176      ,0.00000       ,2147483646    ,359.824         ,0.000         ,-0.000              ,-0.000              ,23921.961       ,0.00000           ,0.00000               ,0.000         ,0.000         ,-0.000        ,-0.001        
10:03:30.842033     ,0.799       ,0.880       ,17.080      ,16.180      ,16.176      ,16.160      ,0.015       ,0.008       ,0.000       ,0.000       ,0.008       ,880.000     ,0.015       ,16.175      ,0.00000       ,2147483646    ,359.824         ,0.000         ,-0.000              ,-0.000              ,23921.961       ,0.00000           ,0.00000               ,0.000         ,0.000         ,-0.000        ,-0.001        
10:03:30.852023     ,0.803       ,0.880       ,17.080      ,16.190      ,16.175      ,16.160      ,0.015       ,0.007       ,0.000       ,0.000       ,0.008       ,880.000     ,0.015       ,16.175      ,0.00000       ,2147483646    ,359.824         ,0.000         ,-0.000              ,-0.000              ,23921.961       ,0.00000           ,0.00000               ,0.000         ,0.000         ,-0.000        ,-0.001        
10:03:30.862036     ,0.803       ,0.880       ,17.080      ,16.190      ,16.176      ,16.160      ,0.015       ,0.007       ,0.000       ,0.000       ,0.008       ,880.000     ,0.015       ,16.175      ,0.00000       ,2147483646    ,359.824         ,0.000         ,-0.000              ,-0.000              ,23921.961       ,0.00000           ,0.00000               ,0.000         ,0.000         ,-0.000        ,-0.001        
10:03:30.878279     ,0.799       ,0.880       ,17.097      ,16.190      ,16.176      ,16.160      ,0.015       ,0.007       ,0.000       ,0.000       ,0.008       ,880.000     ,0.015       ,16.175      ,0.00000       ,2147483646    ,359.824         ,0.000         ,-0.000              ,-0.000              ,23921.961       ,0.00000           ,0.00000               ,0.000         ,0.000         ,0.000         ,0.000         
10:03:30.882032     ,0.799       ,0.880       ,17.097      ,16.190      ,16.177      ,16.160      ,0.016       ,0.008       ,0.000       ,0.000       ,0.008       ,880.000     ,0.016       ,16.176      ,0.00000       ,2147483646    ,359.824         ,0.000         ,-0.000              ,-0.000              ,23921.961       ,0.00000           ,0.00000               ,0.000         ,0.000         ,0.000         ,0.000         
10:03:30.897090     ,0.801       ,0.880       ,17.080      ,16.180      ,16.177      ,16.160      ,0.016       ,0.008       ,0.000       ,0.000       ,0.008       ,880.000     ,0.016       ,16.176      ,0.00000       ,2147483646    ,359.824         ,0.000         ,-0.000              ,-0.000              ,23921.961       ,0.00000           ,0.00000               ,0.000         ,0.000         ,-0.000        ,-0.001        
10:03:30.902033     ,0.801       ,0.880       ,17.080      ,16.190      ,16.178      ,16.160      ,0.016       ,0.008       ,0.000       ,-0.000      ,0.008       ,880.000     ,0.016       ,16.177      ,0.00000       ,2147483646    ,359.824         ,0.000         ,-0.000              ,-0.000              ,23921.961       ,0.00000           ,0.00000               ,0.000         ,0.000         ,-0.000        ,-0.001        
10:03:30.917086     ,0.796       ,0.880       ,17.064      ,16.190      ,16.179      ,16.160      ,0.016       ,0.008       ,0.000       ,-0.000      ,0.008       ,880.000     ,0.016       ,16.177      ,0.00000       ,2147483646    ,359.824         ,0.000         ,-0.000              ,-0.000              ,23921.961       ,0.00000           ,0.00000               ,0.000         ,0.000         ,-0.000        ,-0.003        
10:03:30.922087     ,0.796       ,0.880       ,17.064      ,16.190      ,16.180      ,16.160      ,0.019       ,0.009       ,0.000       ,0.000       ,0.010       ,880.000     ,0.019       ,16.179      ,0.00000       ,2147483646    ,359.824         ,0.000         ,-0.000              ,-0.000              ,23921.961       ,0.00000           ,0.00000               ,0.000         ,0.000         ,-0.000        ,-0.003        
10:03:30.935780     ,0.796       ,0.880       ,17.080      ,16.190      ,16.181      ,16.160      ,0.020       ,0.010       ,0.000       ,-0.000      ,0.010       ,880.000     ,0.020       ,16.180      ,0.00000       ,2147483646    ,359.824         ,0.000         ,-0.000              ,-0.000              ,23921.961       ,0.00000           ,0.00000               ,0.000         ,0.000         ,-0.000        ,-0.003        
10:03:30.942043     ,0.796       ,0.880       ,17.080      ,16.180      ,16.181      ,16.160      ,0.020       ,0.010       ,0.000       ,-0.000      ,0.010       ,880.000     ,0.020       ,16.180      ,0.00000       ,2147483646    ,359.824         ,0.000         ,-0.000              ,-0.000              ,23921.961       ,0.00000           ,0.00000               ,0.000         ,0.000         ,-0.000        ,-0.003        
10:03:30.953374     ,0.803       ,0.880       ,17.097      ,16.180      ,16.178      ,16.160      ,0.020       ,0.010       ,0.000       ,-0.000      ,0.010       ,880.000     ,0.020       ,16.181      ,0.00000       ,2147483646    ,359.824         ,0.000         ,-0.000              ,-0.000              ,23921.961       ,0.00000           ,0.00000               ,0.000         ,0.000         ,-0.000        ,-0.001        
10:03:30.962035     ,0.801       ,0.880       ,17.097      ,16.190      ,16.178      ,16.160      ,0.018       ,0.009       ,0.000       ,-0.000      ,0.009       ,880.000     ,0.018       ,16.178      ,0.00000       ,2147483646    ,359.824         ,0.000         ,-0.000              ,-0.000              ,23921.961       ,0.00000           ,0.00000               ,0.000         ,0.000         ,-0.000        ,-0.001        
10:03:30.974340     ,0.798       ,0.880       ,17.113      ,16.180      ,16.176      ,16.160      ,0.018       ,0.009       ,0.000       ,0.000       ,0.009       ,880.000     ,0.018       ,16.178      ,0.00000       ,2147483646    ,359.824         ,0.000         ,-0.000              ,-0.000              ,23921.961       ,0.00000           ,0.00000               ,0.000         ,0.000         ,-0.000        ,-0.003        
10:03:30.982042     ,0.799       ,0.880       ,17.064      ,16.190      ,16.176      ,16.160      ,0.016       ,0.008       ,0.000       ,-0.000      ,0.008       ,880.000     ,0.016       ,16.176      ,0.00000       ,2147483646    ,359.824         ,0.000         ,-0.000              ,-0.000              ,23921.961       ,0.00000           ,0.00000               ,0.000         ,0.000         ,-0.000        ,-0.003        
10:03:30.993146     ,0.801       ,0.880       ,17.097      ,16.190      ,16.178      ,16.160      ,0.016       ,0.008       ,0.000       ,0.000       ,0.008       ,880.000     ,0.016       ,16.176      ,0.00000       ,2147483646    ,359.824         ,0.000         ,-0.000              ,-0.000              ,23921.961       ,0.00000           ,0.00000               ,0.000         ,0.000         ,-0.000        ,-0.003        
10:03:31.002038     ,0.799       ,0.880       ,17.097      ,16.180      ,16.177      ,16.160      ,0.017       ,0.009       ,0.000       ,0.000       ,0.009       ,880.000     ,0.017       ,16.178      ,0.00000       ,2147483646    ,359.824         ,0.000         ,-0.000              ,-0.000              ,23921.961       ,0.00000           ,0.00000               ,0.000         ,0.000         ,-0.000        ,-0.003        
10:03:31.012092     ,0.799       ,0.880       ,17.097      ,16.190      ,16.177      ,16.160      ,0.017       ,0.008       ,0.000       ,-0.000      ,0.009       ,880.000     ,0.017       ,16.177      ,0.00000       ,2147483646    ,359.824         ,0.000         ,-0.000              ,-0.000              ,23921.961       ,0.00000           ,0.00000               ,0.000         ,0.000         ,-0.000        ,-0.004        
10:03:31.022054     ,0.803       ,0.880       ,17.097      ,16.180      ,16.177      ,16.160      ,0.016       ,0.008       ,0.000       ,0.000       ,0.009       ,880.000     ,0.016       ,16.177      ,0.00000       ,2147483646    ,359.824         ,0.000         ,-0.000              ,-0.000              ,23921.961       ,0.00000           ,0.00000               ,0.000         ,0.000         ,-0.000        ,-0.004        
10:03:31.032850     ,0.801       ,0.880       ,17.097      ,16.190      ,16.177      ,16.160      ,0.016       ,0.008       ,0.000       ,0.000       ,0.009       ,880.000     ,0.016       ,16.177      ,0.00000       ,2147483646    ,359.824         ,0.000         ,-0.000              ,-0.000              ,23921.961       ,0.00000           ,0.00000               ,0.000         ,0.000         ,-0.000        ,-0.001        
10:03:31.042039     ,0.798       ,0.880       ,17.129      ,16.190      ,16.178      ,16.160      ,0.017       ,0.009       ,0.000       ,0.000       ,0.009       ,880.000     ,0.017       ,16.178      ,0.00000       ,2147483646    ,359.824         ,0.000         ,-0.000              ,-0.000              ,23921.961       ,0.00000           ,0.00000               ,0.000         ,0.000         ,-0.000        ,-0.001        
10:03:31.053536     ,0.803       ,0.880       ,17.113      ,16.190      ,16.179      ,16.160      ,0.017       ,0.009       ,0.000       ,0.000       ,0.009       ,880.000     ,0.017       ,16.178      ,0.00000       ,2147483646    ,359.824         ,0.000         ,-0.000              ,-0.000              ,23921.961       ,0.00000           ,0.00000               ,0.000         ,0.000         ,-0.000        ,-0.001        
10:03:31.062032     ,0.801       ,0.880       ,17.097      ,16.190      ,16.179      ,16.160      ,0.019       ,0.009       ,0.001       ,-0.000      ,0.010       ,880.000     ,0.019       ,16.179      ,0.00000       ,2147483646    ,359.824         ,0.000         ,-0.000              ,-0.000              ,23921.961       ,0.00000           ,0.00000               ,0.000         ,0.000         ,-0.000        ,-0.001        
10:03:31.072204     ,0.799       ,0.880       ,17.064      ,16.200      ,16.182      ,16.160      ,0.019       ,0.009       ,0.001       ,-0.000      ,0.010       ,880.000     ,0.019       ,16.179      ,0.00000       ,2147483646    ,359.824         ,0.000         ,-0.000              ,-0.000              ,23921.961       ,0.00000           ,0.00000               ,0.000         ,0.000         ,-0.000        ,-0.001        
10:03:31.082036     ,0.799       ,0.880       ,17.064      ,16.190      ,16.182      ,16.160      ,0.021       ,0.011       ,0.001       ,0.000       ,0.011       ,880.000     ,0.021       ,16.182      ,0.00000       ,2147483646    ,359.824         ,0.000         ,-0.000              ,-0.000              ,23921.961       ,0.00000           ,0.00000               ,0.000         ,0.000         ,-0.000        ,-0.001        
10:03:31.092975     ,0.803       ,0.880       ,17.113      ,16.180      ,16.180      ,16.160      ,0.021       ,0.011       ,0.001       ,0.000       ,0.011       ,880.000     ,0.021       ,16.182      ,0.00000       ,2147483646    ,359.824         ,0.000         ,-0.000              ,-0.000              ,23921.961       ,0.00000           ,0.00000               ,0.000         ,0.000         ,-0.000        ,-0.001        
10:03:31.102029     ,0.799       ,0.880       ,17.113      ,16.190      ,16.181      ,16.160      ,0.021       ,0.011       ,0.001       ,0.000       ,0.011       ,880.000     ,0.021       ,16.181      ,0.00000       ,2147483646    ,359.824         ,0.000         ,-0.000              ,-0.000              ,23921.961       ,0.00000           ,0.00000               ,0.000         ,0.000         ,-0.000        ,-0.001        
10:03:31.113821     ,0.799       ,0.880       ,17.080      ,16.180      ,16.180      ,16.160      ,0.021       ,0.011       ,0.001       ,0.000       ,0.011       ,880.000     ,0.021       ,16.181      ,0.00000       ,2147483646    ,359.824         ,0.000         ,-0.000              ,-0.000              ,23921.961       ,0.00000           ,0.00000               ,0.000         ,0.000         ,-0.000        ,-0.001        
10:03:31.122056     ,0.803       ,0.880       ,17.113      ,16.180      ,16.178      ,16.160      ,0.018       ,0.009       ,0.001       ,-0.000      ,0.009       ,880.000     ,0.018       ,16.178      ,0.00000       ,2147483646    ,359.824         ,0.000         ,-0.000              ,-0.000              ,23921.961       ,0.00000           ,0.00000               ,0.000         ,0.000         ,-0.000        ,-0.001        
10:03:31.132028     ,0.799       ,0.880       ,17.097      ,16.190      ,16.179      ,16.160      ,0.018       ,0.009       ,0.001       ,0.000       ,0.010       ,880.000     ,0.018       ,16.179      ,0.00000       ,2147483646    ,359.824         ,0.000         ,-0.000              ,-0.000              ,23921.961       ,0.00000           ,0.00000               ,0.000         ,0.000         ,-0.000        ,-0.001        
10:03:31.142035     ,0.798       ,0.880       ,17.113      ,16.190      ,16.179      ,16.160      ,0.019       ,0.010       ,0.001       ,0.000       ,0.010       ,880.000     ,0.019       ,16.179      ,0.00000       ,2147483646    ,359.824         ,0.000         ,-0.000              ,-0.000              ,23921.961       ,0.00000           ,0.00000               ,0.000         ,0.000         ,-0.000        ,-0.001        
10:03:31.152035     ,0.798       ,0.880       ,17.113      ,16.180      ,16.176      ,16.160      ,0.019       ,0.010       ,0.001       ,0.000       ,0.010       ,880.000     ,0.019       ,16.179      ,0.00000       ,2147483646    ,359.824         ,0.000         ,-0.000              ,-0.000              ,23921.961       ,0.00000           ,0.00000               ,0.000         ,0.000         ,-0.000        ,-0.003        
10:03:31.169479     ,0.803       ,0.880       ,17.097      ,16.190      ,16.177      ,16.160      ,0.019       ,0.010       ,0.001       ,0.000       ,0.010       ,880.000     ,0.019       ,16.179      ,0.00000       ,2147483646    ,359.824         ,0.000         ,-0.000              ,-0.000              ,23921.961       ,0.00000           ,0.00000               ,0.000         ,0.000         ,0.000         ,0.001         
10:03:31.172070     ,0.803       ,0.880       ,17.097      ,16.180      ,16.176      ,16.160      ,0.017       ,0.008       ,0.001       ,-0.000      ,0.009       ,880.000     ,0.017       ,16.177      ,0.00000       ,2147483646    ,359.824         ,0.000         ,-0.000              ,-0.000              ,23921.961       ,0.00000           ,0.00000               ,0.000         ,0.000         ,0.000         ,0.001         
10:03:31.188658     ,0.801       ,0.880       ,17.080      ,16.180      ,16.174      ,16.160      ,0.017       ,0.008       ,0.001       ,-0.000      ,0.009       ,880.000     ,0.017       ,16.177      ,0.00000       ,2147483646    ,359.824         ,0.000         ,-0.000              ,-0.000              ,23921.961       ,0.00000           ,0.00000               ,0.000         ,0.000         ,-0.000        ,-0.004        
10:03:31.192029     ,0.801       ,0.880       ,17.080      ,16.190      ,16.175      ,16.160      ,0.014       ,0.007       ,0.001       ,0.000       ,0.008       ,880.000     ,0.014       ,16.174      ,0.00000       ,2147483646    ,359.824         ,0.000         ,-0.000              ,-0.000              ,23921.961       ,0.00000           ,0.00000               ,0.000         ,0.000         ,-0.000        ,-0.004        
10:03:31.207581     ,0.798       ,0.880       ,17.080      ,16.190      ,16.178      ,16.160      ,0.014       ,0.007       ,0.001       ,0.000       ,0.008       ,880.000     ,0.014       ,16.174      ,0.00000       ,2147483646    ,359.824         ,0.000         ,-0.000              ,-0.000              ,23921.961       ,0.00000           ,0.00000               ,0.000         ,0.000         ,-0.000        ,-0.003        
10:03:31.212031     ,0.798       ,0.880       ,17.080      ,16.190      ,16.178      ,16.160      ,0.017       ,0.009       ,0.001       ,0.000       ,0.010       ,880.000     ,0.017       ,16.178      ,0.00000       ,2147483646    ,359.824         ,0.000         ,-0.000              ,-0.000              ,23921.961       ,0.00000           ,0.00000               ,0.000         ,0.000         ,-0.000        ,-0.003        
10:03:31.227602     ,0.803       ,0.880       ,17.113      ,16.190      ,16.179      ,16.160      ,0.017       ,0.009       ,0.001       ,0.000       ,0.010       ,880.000     ,0.017       ,16.178      ,0.00000       ,2147483646    ,359.824         ,0.000         ,-0.000              ,-0.000              ,23921.961       ,0.00000           ,0.00000               ,0.000         ,0.000         ,-0.000        ,-0.001        
10:03:31.232054     ,0.803       ,0.880       ,17.113      ,16.190      ,16.180      ,16.160      ,0.019       ,0.009       ,0.001       ,-0.000      ,0.010       ,880.000     ,0.019       ,16.179      ,0.00000       ,2147483646    ,359.824         ,0.000         ,-0.000              ,-0.000              ,23921.961       ,0.00000           ,0.00000               ,0.000         ,0.000         ,-0.000        ,-0.001        
10:03:31.246671     ,0.803       ,0.880       ,17.113      ,16.160      ,16.175      ,16.160      ,0.020       ,0.010       ,0.001       ,-0.000      ,0.011       ,880.000     ,0.020       ,16.180      ,0.00000       ,2147483646    ,359.824         ,0.000         ,-0.000              ,-0.000              ,23921.961       ,0.00000           ,0.00000               ,0.000         ,0.000         ,0.000         ,0.003         
10:03:31.252026     ,0.803       ,0.880       ,17.113      ,16.190      ,16.176      ,16.160      ,0.020       ,0.010       ,0.001       ,-0.000      ,0.011       ,880.000     ,0.020       ,16.180      ,0.00000       ,2147483646    ,359.824         ,0.000         ,-0.000              ,-0.000              ,23921.961       ,0.00000           ,0.00000               ,0.000         ,0.000         ,0.000         ,0.003         
10:03:31.265504     ,0.801       ,0.880       ,17.113      ,16.190      ,16.177      ,16.160      ,0.016       ,0.008       ,0.001       ,-0.000      ,0.009       ,880.000     ,0.016       ,16.176      ,0.00000       ,2147483646    ,359.824         ,0.000         ,-0.000              ,-0.000              ,23921.961       ,0.00000           ,0.00000               ,0.000         ,0.000         ,0.000         ,0.000         
10:03:31.272071     ,0.799       ,0.880       ,17.113      ,16.190      ,16.177      ,16.160      ,0.017       ,0.008       ,0.001       ,0.000       ,0.009       ,880.000     ,0.017       ,16.177      ,0.00000       ,2147483646    ,359.824         ,0.000         ,-0.000              ,-0.000              ,23921.961       ,0.00000           ,0.00000               ,0.000         ,0.000         ,0.000         ,0.000         
10:03:31.286256     ,0.801       ,0.880       ,17.080      ,16.190      ,16.176      ,16.160      ,0.017       ,0.008       ,0.001       ,-0.000      ,0.009       ,880.000     ,0.017       ,16.177      ,0.00000       ,2147483646    ,359.824         ,0.000         ,-0.000              ,-0.000              ,23921.961       ,0.00000           ,0.00000               ,0.000         ,0.000         ,-0.000        ,-0.003        
10:03:31.292059     ,0.801       ,0.880       ,17.080      ,16.190      ,16.181      ,16.160      ,0.016       ,0.008       ,0.001       ,-0.000      ,0.009       ,880.000     ,0.016       ,16.176      ,0.00000       ,2147483646    ,359.824         ,0.000         ,-0.000              ,-0.000              ,23921.961       ,0.00000           ,0.00000               ,0.000         ,0.000         ,-0.000        ,-0.003        
10:03:31.307292     ,0.803       ,0.880       ,17.097      ,16.190      ,16.179      ,16.160      ,0.020       ,0.010       ,0.001       ,0.000       ,0.011       ,880.000     ,0.020       ,16.181      ,0.00000       ,2147483646    ,359.824         ,0.000         ,-0.000              ,-0.000              ,23921.961       ,0.00000           ,0.00000               ,0.000         ,0.000         ,-0.000        ,-0.003        
10:03:31.312046     ,0.803       ,0.880       ,17.097      ,16.190      ,16.179      ,16.160      ,0.019       ,0.009       ,0.001       ,-0.000      ,0.010       ,880.000     ,0.019       ,16.179      ,0.00000       ,2147483646    ,359.824         ,0.000         ,-0.000              ,-0.000              ,23921.961       ,0.00000           ,0.00000               ,0.000         ,0.000         ,-0.000        ,-0.003        
10:03:31.327176     ,0.798       ,0.880       ,17.097      ,16.190      ,16.180      ,16.160      ,0.018       ,0.009       ,0.001       ,0.000       ,0.010       ,880.000     ,0.018       ,16.179      ,0.00000       ,2147483646    ,359.824         ,0.000         ,-0.000              ,-0.000              ,23921.961       ,0.00000           ,0.00000               ,0.000         ,0.000         ,0.000         ,0.000         
10:03:31.332057     ,0.798       ,0.880       ,17.097      ,16.190      ,16.181      ,16.160      ,0.019       ,0.010       ,0.001       ,0.000       ,0.011       ,880.000     ,0.019       ,16.180      ,0.00000       ,2147483646    ,359.824         ,0.000         ,-0.000              ,-0.000              ,23921.961       ,0.00000           ,0.00000               ,0.000         ,0.000         ,0.000         ,0.000         
10:03:31.347378     ,0.798       ,0.880       ,17.080      ,16.180      ,16.180      ,16.160      ,0.021       ,0.010       ,0.001       ,0.000       ,0.011       ,880.000     ,0.021       ,16.181      ,0.00000       ,2147483646    ,359.824         ,0.000         ,-0.000              ,-0.000              ,23921.961       ,0.00000           ,0.00000               ,0.000         ,0.000         ,0.000         ,0.003         
10:03:31.352030     ,0.798       ,0.880       ,17.080      ,16.190      ,16.181      ,16.160      ,0.020       ,0.010       ,0.001       ,-0.000      ,0.011       ,880.000     ,0.020       ,16.180      ,0.00000       ,2147483646    ,359.824         ,0.000         ,-0.000              ,-0.000              ,23921.961       ,0.00000           ,0.00000               ,0.000         ,0.000         ,0.000         ,0.003         
10:03:31.367452     ,0.801       ,0.880       ,17.097      ,16.190      ,16.181      ,16.160      ,0.021       ,0.011       ,0.001       ,0.000       ,0.012       ,880.000     ,0.021       ,16.181      ,0.00000       ,2147483646    ,359.824         ,0.000         ,-0.000              ,-0.000              ,23921.961       ,0.00000           ,0.00000               ,0.000         ,0.000         ,-0.000        ,-0.001        
10:03:31.372041     ,0.801       ,0.880       ,17.097      ,16.190      ,16.181      ,16.160      ,0.021       ,0.011       ,0.001       ,-0.000      ,0.011       ,880.000     ,0.021       ,16.181      ,0.00000       ,2147483646    ,359.824         ,0.000         ,-0.000              ,-0.000              ,23921.961       ,0.00000           ,0.00000               ,0.000         ,0.000         ,-0.000        ,-0.001        
10:03:31.386084     ,0.803       ,0.880       ,17.113      ,16.180      ,16.178      ,16.160      ,0.020       ,0.010       ,0.001       ,-0.000      ,0.011       ,880.000     ,0.020       ,16.181      ,0.00000       ,2147483646    ,359.824         ,0.000         ,-0.000              ,-0.000              ,23921.961       ,0.00000           ,0.00000               ,0.000         ,0.000         ,0.000         ,0.004         
10:03:31.392098     ,0.803       ,0.880       ,17.113      ,16.190      ,16.179      ,16.160      ,0.018       ,0.009       ,0.001       ,-0.000      ,0.010       ,880.000     ,0.018       ,16.178      ,0.00000       ,2147483646    ,359.824         ,0.000         ,-0.000              ,-0.000              ,23921.961       ,0.00000           ,0.00000               ,0.000         ,0.000         ,0.000         ,0.004         
10:03:31.405908     ,0.803       ,0.880       ,17.097      ,16.190      ,16.179      ,16.160      ,0.019       ,0.010       ,0.001       ,0.000       ,0.011       ,880.000     ,0.019       ,16.179      ,0.00000       ,2147483646    ,359.824         ,0.000         ,-0.000              ,-0.000              ,23921.961       ,0.00000           ,0.00000               ,0.000         ,0.000         ,-0.000        ,-0.003        
10:03:31.412215     ,0.799       ,0.880       ,17.080      ,16.190      ,16.179      ,16.160      ,0.018       ,0.009       ,0.001       ,-0.000      ,0.010       ,880.000     ,0.018       ,16.179      ,0.00000       ,2147483646    ,359.824         ,0.000         ,-0.000              ,-0.000              ,23921.961       ,0.00000           ,0.00000               ,0.000         ,0.000         ,-0.000        ,-0.003        
10:03:31.423588     ,0.799       ,0.880       ,17.097      ,16.180      ,16.177      ,16.160      ,0.018       ,0.009       ,0.001       ,0.000       ,0.010       ,880.000     ,0.018       ,16.179      ,0.00000       ,2147483646    ,359.824         ,0.000         ,-0.000              ,-0.000              ,23921.961       ,0.00000           ,0.00000               ,0.000         ,0.000         ,-0.000        ,-0.001        
10:03:31.432039     ,0.799       ,0.880       ,17.113      ,16.180      ,16.178      ,16.160      ,0.017       ,0.008       ,0.001       ,-0.000      ,0.009       ,880.000     ,0.017       ,16.177      ,0.00000       ,2147483646    ,359.824         ,0.000         ,-0.000              ,-0.000              ,23921.961       ,0.00000           ,0.00000               ,0.000         ,0.000         ,-0.000        ,-0.001        
10:03:31.446629     ,0.801       ,0.880       ,17.080      ,16.180      ,16.177      ,16.160      ,0.018       ,0.009       ,0.001       ,0.000       ,0.010       ,880.000     ,0.018       ,16.178      ,0.00000       ,2147483646    ,359.824         ,0.000         ,-0.000              ,-0.000              ,23921.961       ,0.00000           ,0.00000               ,0.000         ,0.000         ,0.000         ,0.001         
10:03:31.452034     ,0.801       ,0.880       ,17.080      ,16.180      ,16.175      ,16.160      ,0.016       ,0.008       ,0.001       ,-0.000      ,0.009       ,880.000     ,0.016       ,16.177      ,0.00000       ,2147483646    ,359.824         ,0.000         ,-0.000              ,-0.000              ,23921.961       ,0.00000           ,0.00000               ,0.000         ,0.000         ,0.000         ,0.001         
10:03:31.467458     ,0.801       ,0.880       ,17.113      ,16.180      ,16.174      ,16.160      ,0.015       ,0.008       ,0.001       ,-0.000      ,0.009       ,880.000     ,0.015       ,16.175      ,0.00000       ,2147483646    ,359.824         ,0.000         ,-0.000              ,-0.000              ,23921.961       ,0.00000           ,0.00000               ,0.000         ,0.000         ,0.000         ,0.000         
10:03:31.472034     ,0.801       ,0.880       ,17.113      ,16.190      ,16.175      ,16.160      ,0.013       ,0.007       ,0.001       ,-0.000      ,0.008       ,880.000     ,0.013       ,16.174      ,0.00000       ,2147483646    ,359.824         ,0.000         ,-0.000              ,-0.000              ,23921.961       ,0.00000           ,0.00000               ,0.000         ,0.000         ,0.000         ,0.000         
10:03:31.487368     ,0.801       ,0.880       ,17.113      ,16.180      ,16.174      ,16.160      ,0.015       ,0.007       ,0.001       ,0.000       ,0.009       ,880.000     ,0.015       ,16.175      ,0.00000       ,2147483646    ,359.824         ,0.000         ,-0.000              ,-0.000              ,23921.961       ,0.00000           ,0.00000               ,0.000         ,0.000         ,-0.000        ,-0.003        
10:03:31.492044     ,0.801       ,0.880       ,17.113      ,16.180      ,16.173      ,16.160      ,0.014       ,0.007       ,0.001       ,-0.000      ,0.008       ,880.000     ,0.014       ,16.174      ,0.00000       ,2147483646    ,359.824         ,0.000         ,-0.000              ,-0.000              ,23921.961       ,0.00000           ,0.00000               ,0.000         ,0.000         ,-0.000        ,-0.003        
10:03:31.507365     ,0.801       ,0.880       ,17.113      ,16.180      ,16.172      ,16.160      ,0.012       ,0.006       ,0.001       ,0.000       ,0.007       ,880.000     ,0.012       ,16.173      ,0.00000       ,2147483646    ,359.824         ,0.000         ,-0.000              ,-0.000              ,23921.961       ,0.00000           ,0.00000               ,0.000         ,0.000         ,0.000         ,0.000         
10:03:31.512037     ,0.801       ,0.880       ,17.113      ,16.190      ,16.174      ,16.160      ,0.012       ,0.006       ,0.001       ,0.000       ,0.007       ,880.000     ,0.012       ,16.172      ,0.00000       ,2147483646    ,359.824         ,0.000         ,-0.000              ,-0.000              ,23921.961       ,0.00000           ,0.00000               ,0.000         ,0.000         ,0.000         ,0.000         
10:03:31.526028     ,0.799       ,0.880       ,17.113      ,16.180      ,16.173      ,16.160      ,0.014       ,0.007       ,0.001       ,0.000       ,0.008       ,880.000     ,0.014       ,16.174      ,0.00000       ,2147483646    ,359.824         ,0.000         ,-0.000              ,-0.000              ,23921.961       ,0.00000           ,0.00000               ,0.000         ,0.000         ,-0.000        ,-0.004        
10:03:31.532038     ,0.801       ,0.880       ,17.113      ,16.180      ,16.173      ,16.160      ,0.012       ,0.006       ,0.001       ,-0.000      ,0.007       ,880.000     ,0.012       ,16.173      ,0.00000       ,2147483646    ,359.824         ,0.000         ,-0.000              ,-0.000              ,23921.961       ,0.00000           ,0.00000               ,0.000         ,0.000         ,-0.000        ,-0.004        
10:03:31.543751     ,0.801       ,0.880       ,17.113      ,16.180      ,16.174      ,16.160      ,0.013       ,0.007       ,0.001       ,0.000       ,0.008       ,880.000     ,0.013       ,16.173      ,0.00000       ,2147483646    ,359.824         ,0.000         ,-0.000              ,-0.000              ,23921.961       ,0.00000           ,0.00000               ,0.000         ,0.000         ,0.000         ,0.001         
10:03:31.552032     ,0.801       ,0.880       ,17.097      ,16.180      ,16.174      ,16.160      ,0.014       ,0.007       ,0.001       ,-0.000      ,0.008       ,880.000     ,0.014       ,16.174      ,0.00000       ,2147483646    ,359.824         ,0.000         ,-0.000              ,-0.000              ,23921.961       ,0.00000           ,0.00000               ,0.000         ,0.000         ,0.000         ,0.001         
10:03:31.566555     ,0.798       ,0.880       ,17.113      ,16.180      ,16.172      ,16.160      ,0.014       ,0.007       ,0.001       ,-0.000      ,0.008       ,880.000     ,0.014       ,16.174      ,0.00000       ,2147483646    ,359.824         ,0.000         ,-0.000              ,-0.000              ,23921.961       ,0.00000           ,0.00000               ,0.000         ,0.000         ,0.000         ,0.001         
10:03:31.572042     ,0.801       ,0.880       ,17.129      ,16.180      ,16.172      ,16.160      ,0.012       ,0.006       ,0.001       ,-0.000      ,0.007       ,880.000     ,0.012       ,16.172      ,0.00000       ,2147483646    ,359.824         ,0.000         ,-0.000              ,-0.000              ,23921.961       ,0.00000           ,0.00000               ,0.000         ,0.000         ,0.000         ,0.001         
10:03:31.584330     ,0.796       ,0.880       ,17.113      ,16.180      ,16.172      ,16.160      ,0.012       ,0.006       ,0.001       ,-0.000      ,0.007       ,880.000     ,0.012       ,16.172      ,0.00000       ,2147483646    ,359.824         ,0.000         ,-0.000              ,-0.000              ,23921.961       ,0.00000           ,0.00000               ,0.000         ,0.000         ,0.000         ,0.003         
10:03:31.592060     ,0.798       ,0.880       ,17.146      ,16.180      ,16.172      ,16.160      ,0.012       ,0.006       ,0.001       ,-0.000      ,0.007       ,880.000     ,0.012       ,16.172      ,0.00000       ,2147483646    ,359.824         ,0.000         ,-0.000              ,-0.000              ,23921.961       ,0.00000           ,0.00000               ,0.000         ,0.000         ,0.000         ,0.003         
10:03:31.605541     ,0.799       ,0.880       ,17.097      ,16.180      ,16.171      ,16.160      ,0.011       ,0.006       ,0.001       ,-0.000      ,0.007       ,880.000     ,0.011       ,16.172      ,0.00000       ,2147483646    ,359.824         ,0.000         ,-0.000              ,-0.000              ,23921.961       ,0.00000           ,0.00000               ,0.000         ,0.000         ,-0.000        ,-0.001        
10:03:31.612048     ,0.801       ,0.880       ,17.080      ,16.180      ,16.171      ,16.160      ,0.011       ,0.005       ,0.001       ,0.000       ,0.007       ,880.000     ,0.011       ,16.171      ,0.00000       ,2147483646    ,359.824         ,0.000         ,-0.000              ,-0.000              ,23921.961       ,0.00000           ,0.00000               ,0.000         ,0.000         ,-0.000        ,-0.001        
10:03:31.626636     ,0.801       ,0.880       ,17.113      ,16.180      ,16.171      ,16.160      ,0.011       ,0.005       ,0.001       ,0.000       ,0.007       ,880.000     ,0.011       ,16.171      ,0.00000       ,2147483646    ,359.824         ,0.000         ,-0.000              ,-0.000              ,23921.961       ,0.00000           ,0.00000               ,0.000         ,0.000         ,-0.000        ,-0.003        
10:03:31.632035     ,0.799       ,0.880       ,17.113      ,16.180      ,16.171      ,16.160      ,0.011       ,0.005       ,0.001       ,0.000       ,0.007       ,880.000     ,0.011       ,16.171      ,0.00000       ,2147483646    ,359.824         ,0.000         ,-0.000              ,-0.000              ,23921.961       ,0.00000           ,0.00000               ,0.000         ,0.000         ,-0.000        ,-0.003        
10:03:31.646749     ,0.801       ,0.880       ,17.097      ,16.160      ,16.168      ,16.160      ,0.011       ,0.006       ,0.001       ,0.000       ,0.007       ,880.000     ,0.011       ,16.171      ,0.00000       ,2147483646    ,359.824         ,0.000         ,-0.000              ,-0.000              ,23921.961       ,0.00000           ,0.00000               ,0.000         ,0.000         ,-0.000        ,-0.001        
10:03:31.652035     ,0.801       ,0.880       ,17.097      ,16.160      ,16.166      ,16.160      ,0.008       ,0.000       ,0.001       ,-0.001      ,0.001       ,880.000     ,0.008       ,16.168      ,0.00000       ,2147483646    ,359.824         ,0.000         ,-0.000              ,-0.000              ,23921.961       ,0.00000           ,0.00000               ,0.000         ,0.000         ,-0.000        ,-0.001        
10:03:31.665702     ,0.798       ,0.880       ,17.064      ,16.180      ,16.167      ,16.160      ,0.005       ,0.000       ,0.001       ,-0.000      ,0.001       ,880.000     ,0.005       ,16.166      ,0.00000       ,2147483646    ,359.824         ,0.000         ,-0.000              ,-0.000              ,23921.961       ,0.00000           ,0.00000               ,0.000         ,0.000         ,0.000         ,0.003         
10:03:31.672041     ,0.801       ,0.880       ,17.097      ,16.190      ,16.168      ,16.160      ,0.006       ,0.000       ,0.001       ,-0.000      ,0.001       ,880.000     ,0.006       ,16.167      ,0.00000       ,2147483646    ,359.824         ,0.000         ,-0.000              ,-0.000              ,23921.961       ,0.00000           ,0.00000               ,0.000         ,0.000         ,0.000         ,0.003         
10:03:31.685879     ,0.799       ,0.880       ,17.080      ,16.180      ,16.166      ,16.160      ,0.007       ,0.000       ,0.001       ,-0.000      ,0.001       ,880.000     ,0.007       ,16.168      ,0.00000       ,2147483646    ,359.824         ,0.000         ,-0.000              ,-0.000              ,23921.961       ,0.00000           ,0.00000               ,0.000         ,0.000         ,-0.000        ,-0.001        
10:03:31.692050     ,0.799       ,0.880       ,17.097      ,16.180      ,16.168      ,16.160      ,0.006       ,0.000       ,0.001       ,-0.000      ,0.001       ,880.000     ,0.006       ,16.166      ,0.00000       ,2147483646    ,359.824         ,0.000         ,-0.000              ,-0.000              ,23921.961       ,0.00000           ,0.00000               ,0.000         ,0.000         ,-0.000        ,-0.001        
10:03:31.706802     ,0.798       ,0.880       ,17.113      ,16.180      ,16.170      ,16.160      ,0.008       ,0.000       ,0.001       ,-0.000      ,0.001       ,880.000     ,0.008       ,16.168      ,0.00000       ,2147483646    ,359.824         ,0.000         ,-0.000              ,-0.000              ,23921.961       ,0.00000           ,0.00000               ,0.000         ,0.000         ,-0.000        ,-0.003        
10:03:31.712040     ,0.798       ,0.880       ,17.113      ,16.180      ,16.169      ,16.160      ,0.010       ,0.000       ,0.001       ,-0.000      ,0.001       ,880.000     ,0.010       ,16.170      ,0.00000       ,2147483646    ,359.824         ,0.000         ,-0.000              ,-0.000              ,23921.961       ,0.00000           ,0.00000               ,0.000         ,0.000         ,-0.000        ,-0.003        
10:03:31.727834     ,0.799       ,0.880       ,17.113      ,16.160      ,16.165      ,16.160      ,0.009       ,0.000       ,0.001       ,-0.001      ,0.001       ,880.000     ,0.009       ,16.169      ,0.00000       ,2147483646    ,359.824         ,0.000         ,-0.000              ,-0.000              ,23921.961       ,0.00000           ,0.00000               ,0.000         ,0.000         ,0.001         ,0.005         
10:03:31.732041     ,0.799       ,0.880       ,17.113      ,16.160      ,16.165      ,16.160      ,0.005       ,0.000       ,0.001       ,-0.000      ,0.001       ,880.000     ,0.005       ,16.165      ,0.00000       ,2147483646    ,359.824         ,0.000         ,-0.000              ,-0.000              ,23921.961       ,0.00000           ,0.00000               ,0.000         ,0.000         ,0.001         ,0.005         
10:03:31.748843     ,0.801       ,0.880       ,17.129      ,16.180      ,16.168      ,16.160      ,0.005       ,0.000       ,0.001       ,-0.000      ,0.001       ,880.000     ,0.005       ,16.165      ,0.00000       ,2147483646    ,359.824         ,0.000         ,-0.000              ,-0.000              ,23921.961       ,0.00000           ,0.00000               ,0.000         ,0.000         ,-0.000        ,-0.001        
10:03:31.752041     ,0.801       ,0.880       ,17.129      ,16.190      ,16.170      ,16.160      ,0.008       ,0.000       ,0.001       ,-0.000      ,0.001       ,880.000     ,0.008       ,16.168      ,0.00000       ,2147483646    ,359.824         ,0.000         ,-0.000              ,-0.000              ,23921.961       ,0.00000           ,0.00000               ,0.000         ,0.000         ,-0.000        ,-0.001        
10:03:31.768814     ,0.798       ,0.880       ,17.113      ,16.180      ,16.168      ,16.160      ,0.009       ,0.000       ,0.001       ,-0.001      ,0.001       ,880.000     ,0.009       ,16.170      ,0.00000       ,2147483646    ,359.824         ,0.000         ,-0.000              ,-0.000              ,23921.961       ,0.00000           ,0.00000               ,0.000         ,0.000         ,-0.000        ,-0.003        
10:03:31.772039     ,0.798       ,0.880       ,17.113      ,16.180      ,16.169      ,16.160      ,0.007       ,0.000       ,0.001       ,-0.001      ,0.001       ,880.000     ,0.007       ,16.168      ,0.00000       ,2147483646    ,359.824         ,0.000         ,-0.000              ,-0.000              ,23921.961       ,0.00000           ,0.00000               ,0.000         ,0.000         ,-0.000        ,-0.003        
10:03:31.789882     ,0.799       ,0.880       ,17.113      ,16.180      ,16.170      ,16.160      ,0.007       ,0.000       ,0.001       ,-0.001      ,0.001       ,880.000     ,0.007       ,16.168      ,0.00000       ,2147483646    ,359.824         ,0.000         ,-0.000              ,-0.000              ,23921.961       ,0.00000           ,0.00000               ,0.000         ,0.000         ,0.000         ,0.003         
10:03:31.792043     ,0.799       ,0.880       ,17.113      ,16.190      ,16.170      ,16.160      ,0.010       ,0.000       ,0.001       ,-0.000      ,0.001       ,880.000     ,0.010       ,16.170      ,0.00000       ,2147483646    ,359.824         ,0.000         ,-0.000              ,-0.000              ,23921.961       ,0.00000           ,0.00000               ,0.000         ,0.000         ,0.000         ,0.003         
10:03:31.810790     ,0.801       ,0.880       ,17.080      ,16.180      ,16.169      ,16.160      ,0.010       ,0.000       ,0.001       ,-0.000      ,0.001       ,880.000     ,0.010       ,16.170      ,0.00000       ,2147483646    ,359.824         ,0.000         ,-0.000              ,-0.000              ,23921.961       ,0.00000           ,0.00000               ,0.000         ,0.000         ,0.000         ,0.003         
10:03:31.812038     ,0.801       ,0.880       ,17.080      ,16.180      ,16.172      ,16.160      ,0.009       ,0.000       ,0.001       ,-0.001      ,0.001       ,880.000     ,0.009       ,16.169      ,0.00000       ,2147483646    ,359.824         ,0.000         ,-0.000              ,-0.000              ,23921.961       ,0.00000           ,0.00000               ,0.000         ,0.000         ,0.000         ,0.003         
10:03:31.822356     ,0.799       ,0.880       ,17.064      ,16.180      ,16.174      ,16.160      ,0.009       ,0.000       ,0.001       ,-0.001      ,0.001       ,880.000     ,0.009       ,16.169      ,0.00000       ,2147483646    ,359.824         ,0.000         ,-0.000              ,-0.000              ,23921.961       ,0.00000           ,0.00000               ,0.000         ,0.000         ,0.000         ,0.003         
10:03:31.832039     ,0.799       ,0.880       ,17.064      ,16.180      ,16.176      ,16.160      ,0.014       ,0.007       ,0.001       ,0.000       ,0.009       ,880.000     ,0.014       ,16.174      ,0.00000       ,2147483646    ,359.824         ,0.000         ,-0.000              ,-0.000              ,23921.961       ,0.00000           ,0.00000               ,0.000         ,0.000         ,-0.000        ,-0.001        
10:03:31.842315     ,0.803       ,0.880       ,17.113      ,16.180      ,16.174      ,16.160      ,0.014       ,0.007       ,0.001       ,0.000       ,0.009       ,880.000     ,0.014       ,16.174      ,0.00000       ,2147483646    ,359.824         ,0.000         ,-0.000              ,-0.000              ,23921.961       ,0.00000           ,0.00000               ,0.000         ,0.000         ,-0.000        ,-0.001        
10:03:31.852892     ,0.803       ,0.880       ,17.113      ,16.180      ,16.174      ,16.160      ,0.014       ,0.007       ,0.001       ,-0.000      ,0.008       ,880.000     ,0.014       ,16.174      ,0.00000       ,2147483646    ,359.824         ,0.000         ,-0.000              ,-0.000              ,23921.961       ,0.00000           ,0.00000               ,0.000         ,0.000         ,0.000         ,0.000         
10:03:31.862409     ,0.799       ,0.880       ,17.097      ,16.160      ,16.169      ,16.160      ,0.014       ,0.007       ,0.001       ,-0.000      ,0.008       ,880.000     ,0.014       ,16.174      ,0.00000       ,2147483646    ,359.824         ,0.000         ,-0.000              ,-0.000              ,23921.961       ,0.00000           ,0.00000               ,0.000         ,0.000         ,0.000         ,0.000         
10:03:31.872667     ,0.799       ,0.880       ,17.097      ,16.180      ,16.169      ,16.160      ,0.009       ,0.000       ,0.001       ,-0.001      ,0.001       ,880.000     ,0.009       ,16.169      ,0.00000       ,2147483646    ,359.824         ,0.000         ,-0.000              ,-0.000              ,23921.961       ,0.00000           ,0.00000               ,0.000         ,0.000         ,0.000         ,0.000         
10:03:31.882315     ,0.803       ,0.880       ,17.097      ,16.180      ,16.168      ,16.160      ,0.009       ,0.000       ,0.001       ,-0.000      ,0.001       ,880.000     ,0.009       ,16.169      ,0.00000       ,2147483646    ,359.824         ,0.000         ,-0.000              ,-0.000              ,23921.961       ,0.00000           ,0.00000               ,0.000         ,0.000         ,0.000         ,0.000         
10:03:31.892332     ,0.798       ,0.880       ,17.129      ,16.180      ,16.167      ,16.160      ,0.008       ,0.000       ,0.001       ,-0.000      ,0.001       ,880.000     ,0.008       ,16.168      ,0.00000       ,2147483646    ,359.824         ,0.000         ,-0.000              ,-0.000              ,23921.961       ,0.00000           ,0.00000               ,0.000         ,0.000         ,-0.000        ,-0.001        
10:03:31.902306     ,0.799       ,0.880       ,17.113      ,16.180      ,16.167      ,16.160      ,0.007       ,0.000       ,0.001       ,-0.000      ,0.001       ,880.000     ,0.007       ,16.167      ,0.00000       ,2147483646    ,359.824         ,0.000         ,-0.000              ,-0.000              ,23921.961       ,0.00000           ,0.00000               ,0.000         ,0.000         ,-0.000        ,-0.001        
10:03:31.913274     ,0.799       ,0.880       ,17.113      ,16.160      ,16.167      ,16.160      ,0.007       ,0.000       ,0.001       ,-0.000      ,0.001       ,880.000     ,0.007       ,16.167      ,0.00000       ,2147483646    ,359.824         ,0.000         ,-0.000              ,-0.000              ,23921.961       ,0.00000           ,0.00000               ,0.000         ,0.000         ,0.000         ,0.004         
10:03:31.922497     ,0.801       ,0.880       ,17.113      ,16.180      ,16.167      ,16.160      ,0.007       ,0.000       ,0.001       ,-0.000      ,0.001       ,880.000     ,0.007       ,16.167      ,0.00000       ,2147483646    ,359.824         ,0.000         ,-0.000              ,-0.000              ,23921.961       ,0.00000           ,0.00000               ,0.000         ,0.000         ,0.000         ,0.004         
10:03:31.936275     ,0.798       ,0.880       ,17.080      ,16.160      ,16.164      ,16.160      ,0.007       ,0.000       ,0.001       ,-0.000      ,0.001       ,880.000     ,0.007       ,16.167      ,0.00000       ,2147483646    ,359.824         ,0.000         ,-0.000              ,-0.000              ,23921.961       ,0.00000           ,0.00000               ,0.000         ,0.000         ,-0.000        ,-0.004        
10:03:31.942446     ,0.798       ,0.880       ,17.080      ,16.160      ,16.162      ,16.160      ,0.007       ,0.000       ,0.001       ,-0.000      ,0.001       ,880.000     ,0.007       ,16.167      ,0.00000       ,2147483646    ,359.824         ,0.000         ,-0.000              ,-0.000              ,23921.961       ,0.00000           ,0.00000               ,0.000         ,0.000         ,-0.000        ,-0.004        
10:03:31.953874     ,0.801       ,0.880       ,17.097      ,16.160      ,16.159      ,16.160      ,0.001       ,0.000       ,0.001       ,-0.000      ,0.001       ,880.000     ,0.001       ,16.162      ,0.00000       ,2147483646    ,359.824         ,0.000         ,-0.000              ,-0.000              ,23921.961       ,0.00000           ,0.00000               ,0.000         ,0.000         ,-0.000        ,-0.001        
10:03:31.962362     ,0.801       ,0.880       ,17.113      ,16.150      ,16.158      ,16.160      ,-0.001      ,0.000       ,0.001       ,0.000       ,0.002       ,880.000     ,-0.001      ,16.159      ,0.00000       ,2147483646    ,359.824         ,0.000         ,-0.000              ,-0.000              ,23921.961       ,0.00000           ,0.00000               ,0.000         ,0.000         ,-0.000        ,-0.001        
10:03:31.972307     ,0.801       ,0.880       ,17.097      ,16.160      ,16.154      ,16.160      ,-0.002      ,0.000       ,0.001       ,0.000       ,0.002       ,880.000     ,-0.002      ,16.158      ,0.00000       ,2147483646    ,359.824         ,0.000         ,-0.000              ,-0.000              ,23921.961       ,0.00000           ,0.00000               ,0.000         ,0.000         ,0.000         ,0.003         
10:03:31.982513     ,0.798       ,0.880       ,17.064      ,16.160      ,16.152      ,16.160      ,-0.007      ,0.000       ,0.001       ,0.000       ,0.002       ,880.000     ,-0.007      ,16.154      ,0.00000       ,2147483646    ,359.824         ,0.000         ,-0.000              ,-0.000              ,23921.961       ,0.00000           ,0.00000               ,0.000         ,0.000         ,0.000         ,0.003         
10:03:31.992033     ,0.798       ,0.880       ,17.064      ,16.160      ,16.151      ,16.160      ,-0.008      ,0.000       ,0.001       ,0.001       ,0.002       ,880.000     ,-0.008      ,16.152      ,0.00000       ,2147483646    ,359.824         ,0.000         ,-0.000              ,-0.000              ,23921.961       ,0.00000           ,0.00000               ,0.000         ,0.000         ,-0.001        ,-0.005        
10:03:32.009623     ,0.799       ,0.880       ,17.080      ,16.160      ,16.149      ,16.160      ,-0.008      ,0.000       ,0.001       ,0.001       ,0.002       ,880.000     ,-0.008      ,16.152      ,0.00000       ,2147483646    ,359.824         ,0.000         ,-0.000              ,-0.000              ,23921.961       ,0.00000           ,0.00000               ,0.000         ,0.000         ,-0.000        ,-0.003        
10:03:32.012019     ,0.799       ,0.880       ,17.080      ,16.160      ,16.150      ,16.160      ,-0.011      ,-0.006      ,0.001       ,-0.000      ,-0.004      ,880.000     ,-0.011      ,16.149      ,0.00000       ,2147483646    ,359.824         ,0.000         ,-0.000              ,-0.000              ,23921.961       ,0.00000           ,0.00000               ,0.000         ,0.000         ,-0.000        ,-0.003        
10:03:32.028361     ,0.799       ,0.880       ,17.064      ,16.160      ,16.149      ,16.160      ,-0.011      ,-0.006      ,0.001       ,-0.000      ,-0.004      ,880.000     ,-0.011      ,16.149      ,0.00000       ,2147483646    ,359.824         ,0.000         ,-0.000              ,-0.000              ,23921.961       ,0.00000           ,0.00000               ,0.000         ,0.000         ,-0.000        ,-0.001        
10:03:32.032018     ,0.799       ,0.880       ,17.064      ,16.160      ,16.150      ,16.160      ,-0.011      ,-0.006      ,0.001       ,0.000       ,-0.004      ,880.000     ,-0.011      ,16.149      ,0.00000       ,2147483646    ,359.824         ,0.000         ,-0.000              ,-0.000              ,23921.961       ,0.00000           ,0.00000               ,0.000         ,0.000         ,-0.000        ,-0.001        
10:03:32.047001     ,0.801       ,0.880       ,17.113      ,16.180      ,16.154      ,16.160      ,-0.011      ,-0.005      ,0.001       ,0.000       ,-0.004      ,880.000     ,-0.011      ,16.150      ,0.00000       ,2147483646    ,359.824         ,0.000         ,-0.000              ,-0.000              ,23921.961       ,0.00000           ,0.00000               ,0.000         ,0.000         ,-0.000        ,-0.003        
10:03:32.052016     ,0.801       ,0.880       ,17.113      ,16.160      ,16.154      ,16.160      ,-0.011      ,-0.005      ,0.001       ,0.000       ,-0.004      ,880.000     ,-0.011      ,16.150      ,0.00000       ,2147483646    ,359.824         ,0.000         ,-0.000              ,-0.000              ,23921.961       ,0.00000           ,0.00000               ,0.000         ,0.000         ,-0.000        ,-0.003        
10:03:32.065683     ,0.798       ,0.880       ,17.097      ,16.160      ,16.155      ,16.160      ,-0.006      ,0.000       ,0.001       ,0.000       ,0.002       ,880.000     ,-0.006      ,16.154      ,0.00000       ,2147483646    ,359.824         ,0.000         ,-0.000              ,-0.000              ,23921.961       ,0.00000           ,0.00000               ,0.000         ,0.000         ,-0.001        ,-0.005        
10:03:32.072033     ,0.803       ,0.880       ,17.129      ,16.160      ,16.156      ,16.160      ,-0.005      ,0.000       ,0.001       ,0.000       ,0.001       ,880.000     ,-0.005      ,16.155      ,0.00000       ,2147483646    ,359.824         ,0.000         ,-0.000              ,-0.000              ,23921.961       ,0.00000           ,0.00000               ,0.000         ,0.000         ,-0.001        ,-0.005        
10:03:32.083287     ,0.801       ,0.880       ,17.097      ,16.160      ,16.156      ,16.160      ,-0.005      ,0.000       ,0.001       ,0.000       ,0.002       ,880.000     ,-0.005      ,16.156      ,0.00000       ,2147483646    ,359.824         ,0.000         ,-0.000              ,-0.000              ,23921.961       ,0.00000           ,0.00000               ,0.000         ,0.000         ,-0.000        ,-0.003        
10:03:32.092050     ,0.798       ,0.880       ,17.064      ,16.160      ,16.153      ,16.160      ,-0.004      ,0.000       ,0.001       ,0.000       ,0.002       ,880.000     ,-0.004      ,16.156      ,0.00000       ,2147483646    ,359.824         ,0.000         ,-0.000              ,-0.000              ,23921.961       ,0.00000           ,0.00000               ,0.000         ,0.000         ,-0.000        ,-0.003        
10:03:32.102943     ,0.801       ,0.880       ,17.097      ,16.160      ,16.153      ,16.160      ,-0.008      ,0.000       ,0.001       ,0.000       ,0.002       ,880.000     ,-0.008      ,16.153      ,0.00000       ,2147483646    ,359.824         ,0.000         ,-0.000              ,-0.000              ,23921.961       ,0.00000           ,0.00000               ,0.000         ,0.000         ,-0.000        ,-0.001        
10:03:32.112018     ,0.799       ,0.880       ,17.113      ,16.160      ,16.153      ,16.160      ,-0.007      ,0.000       ,0.001       ,0.001       ,0.002       ,880.000     ,-0.007      ,16.153      ,0.00000       ,2147483646    ,359.824         ,0.000         ,-0.000              ,-0.000              ,23921.961       ,0.00000           ,0.00000               ,0.000         ,0.000         ,-0.000        ,-0.001        
10:03:32.122024     ,0.799       ,0.880       ,17.113      ,16.160      ,16.152      ,16.160      ,-0.007      ,0.000       ,0.001       ,0.000       ,0.002       ,880.000     ,-0.007      ,16.153      ,0.00000       ,2147483646    ,359.824         ,0.000         ,-0.000              ,-0.000              ,23921.961       ,0.00000           ,0.00000               ,0.000         ,0.000         ,-0.000        ,-0.003        
10:03:32.139176     ,0.799       ,0.880       ,17.146      ,16.160      ,16.151      ,16.160      ,-0.007      ,0.000       ,0.001       ,0.000       ,0.002       ,880.000     ,-0.007      ,16.153      ,0.00000       ,2147483646    ,359.824         ,0.000         ,-0.000              ,-0.000              ,23921.961       ,0.00000           ,0.00000               ,0.000         ,0.000         ,-0.000        ,-0.001        
10:03:32.142030     ,0.799       ,0.880       ,17.146      ,16.150      ,16.149      ,16.160      ,-0.009      ,0.000       ,0.001       ,0.000       ,0.002       ,880.000     ,-0.009      ,16.151      ,0.00000       ,2147483646    ,359.824         ,0.000         ,-0.000              ,-0.000              ,23921.961       ,0.00000           ,0.00000               ,0.000         ,0.000         ,-0.000        ,-0.001        
10:03:32.156704     ,0.798       ,0.880       ,17.080      ,16.160      ,16.149      ,16.160      ,-0.011      ,-0.006      ,0.001       ,-0.000      ,-0.004      ,880.000     ,-0.011      ,16.149      ,0.00000       ,2147483646    ,359.824         ,0.000         ,-0.000              ,-0.000              ,23921.961       ,0.00000           ,0.00000               ,0.000         ,0.000         ,-0.000        ,-0.001        
10:03:32.162023     ,0.798       ,0.880       ,17.080      ,16.160      ,16.150      ,16.160      ,-0.011      ,-0.006      ,0.001       ,-0.000      ,-0.004      ,880.000     ,-0.011      ,16.149      ,0.00000       ,2147483646    ,359.824         ,0.000         ,-0.000              ,-0.000              ,23921.961       ,0.00000           ,0.00000               ,0.000         ,0.000         ,-0.000        ,-0.001        
10:03:32.177480     ,0.801       ,0.880       ,17.113      ,16.150      ,16.148      ,16.160      ,-0.011      ,-0.005      ,0.001       ,0.000       ,-0.004      ,880.000     ,-0.011      ,16.150      ,0.00000       ,2147483646    ,359.824         ,0.000         ,-0.000              ,-0.000              ,23921.961       ,0.00000           ,0.00000               ,0.000         ,0.000         ,-0.000        ,-0.001        
10:03:32.182033     ,0.801       ,0.880       ,17.113      ,16.160      ,16.148      ,16.160      ,-0.012      ,-0.006      ,0.001       ,-0.000      ,-0.005      ,880.000     ,-0.012      ,16.148      ,0.00000       ,2147483646    ,359.824         ,0.000         ,-0.000              ,-0.000              ,23921.961       ,0.00000           ,0.00000               ,0.000         ,0.000         ,-0.000        ,-0.001        
10:03:32.196221     ,0.801       ,0.880       ,17.113      ,16.160      ,16.150      ,16.160      ,-0.012      ,-0.006      ,0.001       ,0.000       ,-0.005      ,880.000     ,-0.012      ,16.148      ,0.00000       ,2147483646    ,359.824         ,0.000         ,-0.000              ,-0.000              ,23921.961       ,0.00000           ,0.00000               ,0.000         ,0.000         ,-0.000        ,-0.004        
10:03:32.202030     ,0.803       ,0.880       ,17.113      ,16.160      ,16.149      ,16.160      ,-0.010      ,-0.005      ,0.001       ,0.000       ,-0.004      ,880.000     ,-0.010      ,16.150      ,0.00000       ,2147483646    ,359.824         ,0.000         ,-0.000              ,-0.000              ,23921.961       ,0.00000           ,0.00000               ,0.000         ,0.000         ,-0.000        ,-0.004        
10:03:32.214940     ,0.799       ,0.880       ,17.113      ,16.180      ,16.152      ,16.160      ,-0.011      ,-0.006      ,0.001       ,-0.000      ,-0.004      ,880.000     ,-0.011      ,16.149      ,0.00000       ,2147483646    ,359.824         ,0.000         ,-0.000              ,-0.000              ,23921.961       ,0.00000           ,0.00000               ,0.000         ,0.000         ,-0.000        ,-0.001        
10:03:32.222058     ,0.801       ,0.880       ,17.129      ,16.160      ,16.153      ,16.160      ,-0.008      ,0.000       ,0.001       ,0.001       ,0.002       ,880.000     ,-0.008      ,16.152      ,0.00000       ,2147483646    ,359.824         ,0.000         ,-0.000              ,-0.000              ,23921.961       ,0.00000           ,0.00000               ,0.000         ,0.000         ,-0.000        ,-0.001        
10:03:32.234429     ,0.803       ,0.880       ,17.113      ,16.150      ,16.151      ,16.160      ,-0.007      ,0.000       ,0.001       ,0.000       ,0.002       ,880.000     ,-0.007      ,16.153      ,0.00000       ,2147483646    ,359.824         ,0.000         ,-0.000              ,-0.000              ,23921.961       ,0.00000           ,0.00000               ,0.000         ,0.000         ,-0.000        ,-0.001        
10:03:32.242045     ,0.801       ,0.880       ,17.113      ,16.160      ,16.152      ,16.160      ,-0.009      ,0.000       ,0.001       ,0.000       ,0.002       ,880.000     ,-0.009      ,16.151      ,0.00000       ,2147483646    ,359.824         ,0.000         ,-0.000              ,-0.000              ,23921.961       ,0.00000           ,0.00000               ,0.000         ,0.000         ,-0.000        ,-0.001        
10:03:32.252983     ,0.799       ,0.880       ,17.113      ,16.150      ,16.152      ,16.160      ,-0.008      ,0.000       ,0.001       ,0.001       ,0.002       ,880.000     ,-0.008      ,16.152      ,0.00000       ,2147483646    ,359.824         ,0.000         ,-0.000              ,-0.000              ,23921.961       ,0.00000           ,0.00000               ,0.000         ,0.000         ,-0.000        ,-0.001        
10:03:32.262020     ,0.801       ,0.880       ,17.129      ,16.150      ,16.148      ,16.160      ,-0.008      ,0.000       ,0.001       ,0.000       ,0.002       ,880.000     ,-0.008      ,16.152      ,0.00000       ,2147483646    ,359.824         ,0.000         ,-0.000              ,-0.000              ,23921.961       ,0.00000           ,0.00000               ,0.000         ,0.000         ,-0.000        ,-0.001        
10:03:32.272019     ,0.801       ,0.880       ,17.129      ,16.160      ,16.150      ,16.160      ,-0.012      ,-0.006      ,0.001       ,-0.000      ,-0.005      ,880.000     ,-0.012      ,16.148      ,0.00000       ,2147483646    ,359.824         ,0.000         ,-0.000              ,-0.000              ,23921.961       ,0.00000           ,0.00000               ,0.000         ,0.000         ,0.000         ,0.004         
10:03:32.282016     ,0.796       ,0.880       ,17.097      ,16.160      ,16.151      ,16.160      ,-0.010      ,0.000       ,0.001       ,0.001       ,0.002       ,880.000     ,-0.010      ,16.151      ,0.00000       ,2147483646    ,359.824         ,0.000         ,-0.000              ,-0.000              ,23921.961       ,0.00000           ,0.00000               ,0.000         ,0.000         ,0.000         ,0.004         
10:03:32.292033     ,0.796       ,0.880       ,17.097      ,16.160      ,16.149      ,16.160      ,-0.010      ,0.000       ,0.001       ,0.001       ,0.002       ,880.000     ,-0.010      ,16.151      ,0.00000       ,2147483646    ,359.824         ,0.000         ,-0.000              ,-0.000              ,23921.961       ,0.00000           ,0.00000               ,0.000         ,0.000         ,0.000         ,0.001         
10:03:32.308742     ,0.801       ,0.880       ,17.113      ,16.160      ,16.148      ,16.160      ,-0.010      ,0.000       ,0.001       ,0.001       ,0.002       ,880.000     ,-0.010      ,16.151      ,0.00000       ,2147483646    ,359.824         ,0.000         ,-0.000              ,-0.000              ,23921.961       ,0.00000           ,0.00000               ,0.000         ,0.000         ,0.000         ,0.000         
10:03:32.312031     ,0.801       ,0.880       ,17.113      ,16.160      ,16.149      ,16.160      ,-0.012      ,-0.006      ,0.001       ,-0.000      ,-0.005      ,880.000     ,-0.012      ,16.148      ,0.00000       ,2147483646    ,359.824         ,0.000         ,-0.000              ,-0.000              ,23921.961       ,0.00000           ,0.00000               ,0.000         ,0.000         ,0.000         ,0.000         
10:03:32.327337     ,0.803       ,0.880       ,17.064      ,16.150      ,16.147      ,16.160      ,-0.012      ,-0.006      ,0.001       ,-0.000      ,-0.005      ,880.000     ,-0.012      ,16.148      ,0.00000       ,2147483646    ,359.824         ,0.000         ,-0.000              ,-0.000              ,23921.961       ,0.00000           ,0.00000               ,0.000         ,0.000         ,-0.000        ,-0.003        
10:03:32.332019     ,0.803       ,0.880       ,17.064      ,16.160      ,16.148      ,16.160      ,-0.014      ,-0.007      ,0.001       ,0.000       ,-0.006      ,880.000     ,-0.014      ,16.147      ,0.00000       ,2147483646    ,359.824         ,0.000         ,-0.000              ,-0.000              ,23921.961       ,0.00000           ,0.00000               ,0.000         ,0.000         ,-0.000        ,-0.003        
10:03:32.347007     ,0.803       ,0.880       ,17.113      ,16.160      ,16.149      ,16.160      ,-0.012      ,-0.006      ,0.001       ,0.000       ,-0.005      ,880.000     ,-0.012      ,16.148      ,0.00000       ,2147483646    ,359.824         ,0.000         ,-0.000              ,-0.000              ,23921.961       ,0.00000           ,0.00000               ,0.000         ,0.000         ,0.000         ,0.000         
10:03:32.352021     ,0.803       ,0.880       ,17.113      ,16.160      ,16.151      ,16.160      ,-0.012      ,-0.006      ,0.001       ,0.000       ,-0.005      ,880.000     ,-0.012      ,16.148      ,0.00000       ,2147483646    ,359.824         ,0.000         ,-0.000              ,-0.000              ,23921.961       ,0.00000           ,0.00000               ,0.000         ,0.000         ,0.000         ,0.000         
10:03:32.365691     ,0.799       ,0.880       ,17.129      ,16.150      ,16.149      ,16.160      ,-0.010      ,0.000       ,0.001       ,0.001       ,0.002       ,880.000     ,-0.010      ,16.151      ,0.00000       ,2147483646    ,359.824         ,0.000         ,-0.000              ,-0.000              ,23921.961       ,0.00000           ,0.00000               ,0.000         ,0.000         ,-0.000        ,-0.003        
10:03:32.372037     ,0.799       ,0.880       ,17.113      ,16.220      ,16.161      ,16.160      ,-0.011      ,-0.006      ,0.001       ,-0.000      ,-0.005      ,880.000     ,-0.011      ,16.149      ,0.00000       ,2147483646    ,359.824         ,0.000         ,-0.000              ,-0.000              ,23921.961       ,0.00000           ,0.00000               ,0.000         ,0.000         ,-0.000        ,-0.003        
10:03:32.383288     ,0.799       ,0.880       ,17.097      ,16.180      ,16.161      ,16.160      ,0.001       ,0.000       ,0.001       ,0.001       ,0.002       ,880.000     ,0.001       ,16.161      ,0.00000       ,2147483646    ,359.824         ,0.000         ,-0.000              ,-0.000              ,23921.961       ,0.00000           ,0.00000               ,0.000         ,0.000         ,-0.000        ,-0.001        
10:03:32.392049     ,0.801       ,0.880       ,17.146      ,16.210      ,16.168      ,16.160      ,0.001       ,0.000       ,0.001       ,-0.001      ,0.001       ,880.000     ,0.001       ,16.161      ,0.00000       ,2147483646    ,359.824         ,0.000         ,-0.000              ,-0.000              ,23921.961       ,0.00000           ,0.00000               ,0.000         ,0.000         ,-0.000        ,-0.001        
10:03:32.402859     ,0.801       ,0.880       ,17.113      ,16.240      ,16.180      ,16.160      ,0.007       ,0.000       ,0.001       ,-0.000      ,0.001       ,880.000     ,0.007       ,16.168      ,0.00000       ,2147483646    ,359.824         ,0.000         ,-0.000              ,-0.000              ,23921.961       ,0.00000           ,0.00000               ,0.000         ,0.000         ,-0.000        ,-0.003        
10:03:32.412027     ,0.803       ,0.880       ,17.113      ,16.190      ,16.186      ,16.160      ,0.020       ,0.010       ,0.001       ,0.000       ,0.012       ,880.000     ,0.020       ,16.180      ,0.00000       ,2147483646    ,359.824         ,0.000         ,-0.000              ,-0.000              ,23921.961       ,0.00000           ,0.00000               ,0.000         ,0.000         ,-0.000        ,-0.003        
10:03:32.422028     ,0.803       ,0.880       ,17.113      ,16.210      ,16.187      ,16.160      ,0.026       ,0.013       ,0.001       ,-0.000      ,0.014       ,880.000     ,0.026       ,16.186      ,0.00000       ,2147483646    ,359.824         ,0.000         ,-0.000              ,-0.000              ,23921.961       ,0.00000           ,0.00000               ,0.000         ,0.000         ,-0.000        ,-0.001        
10:03:32.432025     ,0.803       ,0.880       ,17.129      ,16.250      ,16.205      ,16.160      ,0.045       ,0.022       ,0.001       ,0.001       ,0.024       ,880.000     ,0.045       ,16.205      ,0.00000       ,2147483646    ,359.824         ,0.000         ,-0.000              ,-0.000              ,23921.961       ,0.00000           ,0.00000               ,0.000         ,0.000         ,-0.000        ,-0.001        
10:03:32.442048     ,0.803       ,0.880       ,17.129      ,16.250      ,16.215      ,16.160      ,0.045       ,0.022       ,0.001       ,0.001       ,0.024       ,880.000     ,0.045       ,16.205      ,0.00000       ,2147483646    ,359.824         ,0.000         ,-0.000              ,-0.000              ,23921.961       ,0.00000           ,0.00000               ,0.000         ,0.000         ,-0.000        ,-0.003        
10:03:32.452025     ,0.801       ,0.880       ,17.146      ,16.220      ,16.213      ,16.160      ,0.053       ,0.026       ,0.001       ,-0.001      ,0.027       ,880.000     ,0.053       ,16.213      ,0.00000       ,2147483646    ,359.824         ,0.000         ,-0.000              ,-0.000              ,23921.961       ,0.00000           ,0.00000               ,0.000         ,0.000         ,-0.000        ,-0.003        
10:03:32.462036     ,0.801       ,0.880       ,17.146      ,16.220      ,16.221      ,16.160      ,0.053       ,0.026       ,0.001       ,-0.001      ,0.027       ,880.000     ,0.053       ,16.213      ,0.00000       ,2147483646    ,359.824         ,0.000         ,-0.000              ,-0.000              ,23921.961       ,0.00000           ,0.00000               ,0.000         ,0.000         ,-0.000        ,-0.003        
10:03:32.479456     ,0.801       ,0.880       ,17.113      ,16.240      ,16.227      ,16.160      ,0.053       ,0.026       ,0.001       ,-0.001      ,0.027       ,880.000     ,0.053       ,16.213      ,0.00000       ,2147483646    ,359.824         ,0.000         ,-0.000              ,-0.000              ,23921.961       ,0.00000           ,0.00000               ,0.000         ,0.000         ,-0.000        ,-0.003        
10:03:32.482016     ,0.801       ,0.880       ,17.113      ,16.190      ,16.216      ,16.160      ,0.067       ,0.033       ,0.001       ,0.000       ,0.035       ,880.000     ,0.067       ,16.227      ,0.00000       ,2147483646    ,359.824         ,0.000         ,-0.000              ,-0.000              ,23921.961       ,0.00000           ,0.00000               ,0.000         ,0.000         ,-0.000        ,-0.003        
10:03:32.498220     ,0.803       ,0.880       ,17.113      ,16.190      ,16.208      ,16.160      ,0.067       ,0.033       ,0.001       ,0.000       ,0.035       ,880.000     ,0.067       ,16.227      ,0.00000       ,2147483646    ,359.824         ,0.000         ,-0.000              ,-0.000              ,23921.961       ,0.00000           ,0.00000               ,0.000         ,0.000         ,-0.000        ,-0.003        
10:03:32.502016     ,0.803       ,0.880       ,17.113      ,16.200      ,16.208      ,16.160      ,0.048       ,0.024       ,0.001       ,-0.002      ,0.024       ,880.000     ,0.048       ,16.208      ,0.00000       ,2147483646    ,359.824         ,0.000         ,-0.000              ,-0.000              ,23921.961       ,0.00000           ,0.00000               ,0.000         ,0.000         ,-0.000        ,-0.003        
10:03:32.516984     ,0.799       ,0.880       ,17.113      ,16.260      ,16.214      ,16.160      ,0.048       ,0.024       ,0.001       ,-0.002      ,0.024       ,880.000     ,0.048       ,16.208      ,0.00000       ,2147483646    ,359.824         ,0.000         ,-0.000              ,-0.000              ,23921.961       ,0.00000           ,0.00000               ,0.000         ,0.000         ,-0.000        ,-0.003        
10:03:32.522031     ,0.799       ,0.880       ,17.113      ,16.270      ,16.215      ,16.160      ,0.054       ,0.027       ,0.002       ,0.001       ,0.030       ,880.000     ,0.054       ,16.214      ,0.00000       ,2147483646    ,359.824         ,0.000         ,-0.000              ,-0.000              ,23921.961       ,0.00000           ,0.00000               ,0.000         ,0.000         ,-0.000        ,-0.003        
10:03:32.535661     ,0.801       ,0.880       ,17.113      ,16.330      ,16.233      ,16.160      ,0.054       ,0.027       ,0.002       ,-0.000      ,0.029       ,880.000     ,0.054       ,16.215      ,0.00015       ,0             ,0.000           ,0.000         ,-0.000              ,-0.000              ,23921.961       ,0.00000           ,0.00000               ,0.000         ,0.000         ,-0.000        ,-0.003        
10:03:32.542042     ,0.801       ,0.880       ,17.113      ,16.330      ,16.233      ,16.160      ,0.054       ,0.027       ,0.002       ,-0.000      ,0.029       ,880.000     ,0.054       ,16.215      ,0.00015       ,0             ,0.000           ,0.000         ,-0.000              ,-0.000              ,23921.961       ,0.00000           ,0.00000               ,0.000         ,0.000         ,-0.000        ,-0.003        
10:03:32.554325     ,0.801       ,0.880       ,17.146      ,16.320      ,16.247      ,16.160      ,0.073       ,0.036       ,0.002       ,0.001       ,0.039       ,880.000     ,0.073       ,16.233      ,0.00015       ,0             ,0.000           ,0.000         ,-0.000              ,-0.000              ,23921.961       ,0.00000           ,0.00000               ,0.000         ,0.000         ,-0.001        ,-0.006        
10:03:32.562041     ,0.801       ,0.880       ,17.113      ,16.360      ,16.270      ,16.160      ,0.087       ,0.043       ,0.002       ,-0.000      ,0.045       ,880.000     ,0.087       ,16.247      ,0.00015       ,0             ,0.000           ,0.000         ,-0.000              ,-0.000              ,23921.961       ,0.00000           ,0.00000               ,0.000         ,0.000         ,-0.001        ,-0.006        
10:03:32.572915     ,0.798       ,0.880       ,17.146      ,16.450      ,16.301      ,16.160      ,0.109       ,0.055       ,0.002       ,0.000       ,0.057       ,880.000     ,0.109       ,16.270      ,0.00015       ,0             ,0.000           ,0.000         ,-0.000              ,-0.000              ,23921.961       ,0.00000           ,0.00000               ,0.000         ,0.000         ,-0.000        ,-0.004        
10:03:32.582040     ,0.803       ,0.880       ,17.113      ,16.540      ,16.350      ,16.160      ,0.141       ,0.071       ,0.002       ,0.000       ,0.073       ,880.000     ,0.141       ,16.301      ,0.00023       ,1             ,0.088           ,0.000         ,-0.000              ,-0.000              ,23921.961       ,0.00000           ,0.00000               ,0.000         ,0.000         ,-0.000        ,-0.004        
10:03:32.592691     ,0.799       ,0.880       ,17.113      ,16.650      ,16.408      ,16.160      ,0.190       ,0.095       ,0.002       ,0.001       ,0.098       ,880.000     ,0.190       ,16.350      ,0.00031       ,2             ,0.176           ,0.000         ,-0.000              ,0.000               ,23921.961       ,-0.00766          ,-0.00011              ,0.000         ,0.000         ,-0.001        ,-0.008        
10:03:32.602028     ,0.803       ,0.880       ,17.146      ,16.690      ,16.474      ,16.160      ,0.248       ,0.124       ,0.002       ,0.000       ,0.127       ,880.000     ,0.248       ,16.408      ,0.00046       ,4             ,0.352           ,0.000         ,-0.000              ,0.001               ,23921.961       ,-0.00767          ,-0.00033              ,0.000         ,0.000         ,-0.001        ,-0.008        
10:03:32.615016     ,0.799       ,0.880       ,17.146      ,16.890      ,16.567      ,16.160      ,0.314       ,0.157       ,0.003       ,0.000       ,0.160       ,880.000     ,0.314       ,16.474      ,0.00054       ,5             ,0.439           ,0.200         ,-0.001              ,0.002               ,23921.961       ,-0.01532          ,-0.00074              ,0.000         ,0.000         ,-0.001        ,-0.011        
10:03:32.622031     ,0.801       ,0.880       ,17.113      ,16.960      ,16.654      ,16.160      ,0.407       ,0.204       ,0.003       ,0.001       ,0.208       ,880.000     ,0.407       ,16.567      ,0.00077       ,8             ,0.703           ,0.400         ,-0.001              ,0.004               ,23921.961       ,-0.00767          ,-0.00120              ,0.000         ,0.000         ,-0.001        ,-0.011        
10:03:32.633924     ,0.803       ,0.880       ,17.113      ,16.970      ,16.731      ,16.160      ,0.494       ,0.247       ,0.004       ,-0.000      ,0.250       ,880.000     ,0.494       ,16.654      ,0.00092       ,10            ,0.879           ,0.600         ,-0.002              ,0.006               ,23921.963       ,-0.02301          ,-0.00194              ,0.000         ,0.000         ,-0.002        ,-0.019        
10:03:32.642028     ,0.801       ,0.880       ,17.097      ,16.920      ,16.793      ,16.160      ,0.571       ,0.286       ,0.004       ,-0.000      ,0.289       ,880.000     ,0.571       ,16.731      ,0.00123       ,14            ,1.230           ,0.800         ,-0.003              ,0.008               ,23921.965       ,-0.01534          ,-0.00280              ,0.000         ,0.000         ,-0.002        ,-0.019        
10:03:32.654988     ,0.801       ,0.880       ,17.146      ,17.040      ,16.880      ,16.160      ,0.632       ,0.316       ,0.005       ,-0.001      ,0.320       ,880.000     ,0.632       ,16.793      ,0.00146       ,17            ,1.494           ,1.200         ,-0.004              ,0.012               ,23921.967       ,-0.03070          ,-0.00399              ,0.000         ,0.000         ,-0.003        ,-0.029        
10:03:32.662033     ,0.799       ,0.880       ,17.080      ,17.140      ,16.949      ,16.160      ,0.720       ,0.360       ,0.006       ,0.001       ,0.367       ,880.000     ,0.720       ,16.880      ,0.00176       ,21            ,1.846           ,1.400         ,-0.005              ,0.016               ,23921.967       ,-0.02297          ,-0.00535              ,0.000         ,0.000         ,-0.003        ,-0.029        
10:03:32.673745     ,0.803       ,0.880       ,17.113      ,17.240      ,17.019      ,16.160      ,0.789       ,0.394       ,0.006       ,-0.001      ,0.400       ,880.000     ,0.789       ,16.949      ,0.00215       ,26            ,2.285           ,1.800         ,-0.006              ,0.021               ,23921.969       ,-0.03070          ,-0.00696              ,0.000         ,0.000         ,-0.004        ,-0.042        
10:03:32.682027     ,0.801       ,0.880       ,17.113      ,17.240      ,17.079      ,16.160      ,0.859       ,0.430       ,0.007       ,0.000       ,0.437       ,880.000     ,0.859       ,17.019      ,0.00253       ,31            ,2.725           ,2.200         ,-0.008              ,0.027               ,23921.969       ,-0.03831          ,-0.00891              ,0.000         ,0.000         ,-0.004        ,-0.042        
10:03:32.694922     ,0.803       ,0.880       ,17.097      ,17.330      ,17.154      ,16.160      ,0.919       ,0.459       ,0.008       ,-0.001      ,0.467       ,880.000     ,0.919       ,17.079      ,0.00291       ,36            ,3.164           ,2.800         ,-0.010              ,0.033               ,23921.975       ,-0.03838          ,-0.01102              ,0.000         ,0.000         ,-0.006        ,-0.056        
10:03:32.702036     ,0.803       ,0.880       ,17.113      ,17.330      ,17.154      ,16.160      ,0.994       ,0.497       ,0.009       ,0.001       ,0.507       ,880.000     ,0.994       ,17.154      ,0.00345       ,43            ,3.779           ,3.200         ,-0.011              ,0.040               ,23921.975       ,-0.03838          ,-0.01328              ,0.000         ,0.000         ,-0.006        ,-0.056        
10:03:32.714918     ,0.798       ,0.880       ,17.129      ,17.490      ,17.269      ,16.160      ,1.054       ,0.527       ,0.010       ,-0.001      ,0.536       ,880.000     ,1.054       ,17.214      ,0.00391       ,49            ,4.307           ,4.000         ,-0.014              ,0.047               ,23921.979       ,-0.05366          ,-0.01578              ,0.000         ,0.000         ,-0.007        ,-0.072        
10:03:32.722027     ,0.801       ,0.880       ,17.146      ,17.540      ,17.324      ,16.160      ,1.109       ,0.555       ,0.011       ,-0.000      ,0.566       ,880.000     ,1.109       ,17.269      ,0.00445       ,56            ,4.922           ,4.600         ,-0.016              ,0.055               ,23921.979       ,-0.04601          ,-0.01847              ,0.000         ,0.000         ,-0.007        ,-0.072        
10:03:32.735770     ,0.801       ,0.880       ,17.129      ,17.650      ,17.407      ,16.160      ,1.164       ,0.582       ,0.012       ,-0.000      ,0.594       ,880.000     ,1.164       ,17.324      ,0.00499       ,63            ,5.537           ,5.400         ,-0.019              ,0.064               ,23921.984       ,-0.05372          ,-0.02122              ,0.000         ,0.000         ,-0.009        ,-0.090        
10:03:32.743484     ,0.803       ,0.880       ,17.129      ,17.650      ,17.407      ,16.160      ,1.247       ,0.623       ,0.014       ,0.001       ,0.638       ,880.000     ,1.247       ,17.407      ,0.00560       ,71            ,6.240           ,6.000         ,-0.021              ,0.072               ,23921.984       ,-0.05369          ,-0.02414              ,0.000         ,0.000         ,-0.009        ,-0.090        
10:03:32.753543     ,0.799       ,0.880       ,17.146      ,17.860      ,17.511      ,16.160      ,1.247       ,0.623       ,0.015       ,-0.004      ,0.634       ,880.000     ,1.247       ,17.407      ,0.00629       ,80            ,7.031           ,7.000         ,-0.024              ,0.081               ,23921.986       ,-0.06137          ,-0.02708              ,0.000         ,0.000         ,-0.011        ,-0.109        
10:03:32.762029     ,0.801       ,0.880       ,17.113      ,17.870      ,17.596      ,16.160      ,1.350       ,0.675       ,0.016       ,0.005       ,0.697       ,880.000     ,1.350       ,17.511      ,0.00690       ,88            ,7.734           ,7.600         ,-0.027              ,0.091               ,23921.988       ,-0.06907          ,-0.03026              ,0.000         ,0.000         ,-0.011        ,-0.109        
10:03:32.776520     ,0.801       ,0.880       ,17.129      ,17.950      ,17.685      ,16.160      ,1.436       ,0.718       ,0.018       ,-0.001      ,0.735       ,880.000     ,1.436       ,17.596      ,0.00767       ,98            ,8.613           ,8.600         ,-0.030              ,0.100               ,23921.996       ,-0.06134          ,-0.03343              ,0.000         ,0.000         ,-0.013        ,-0.133        
10:03:32.782028     ,0.796       ,0.880       ,17.113      ,18.000      ,17.777      ,16.160      ,1.525       ,0.763       ,0.019       ,0.000       ,0.782       ,880.000     ,1.525       ,17.685      ,0.00836       ,107           ,9.404           ,9.400         ,-0.033              ,0.110               ,23921.996       ,-0.07659          ,-0.03670              ,0.000         ,0.000         ,-0.013        ,-0.133        
10:03:32.795354     ,0.803       ,0.880       ,17.097      ,18.140      ,17.875      ,16.160      ,1.617       ,0.808       ,0.021       ,0.000       ,0.829       ,880.000     ,1.617       ,17.777      ,0.00913       ,117           ,10.283          ,10.400        ,-0.036              ,0.120               ,23922.002       ,-0.06910          ,-0.03994              ,0.000         ,0.000         ,-0.016        ,-0.156        
10:03:32.802022     ,0.799       ,0.880       ,17.162      ,18.200      ,17.948      ,16.160      ,1.715       ,0.857       ,0.023       ,0.000       ,0.880       ,880.000     ,1.715       ,17.875      ,0.00989       ,127           ,11.162          ,11.000        ,-0.038              ,0.130               ,23922.002       ,-0.07669          ,-0.04327              ,0.000         ,0.000         ,-0.016        ,-0.156        
10:03:32.814171     ,0.799       ,0.880       ,17.113      ,18.270      ,18.036      ,16.160      ,1.787       ,0.894       ,0.024       ,-0.001      ,0.917       ,880.000     ,1.787       ,17.948      ,0.01074       ,138           ,12.129          ,12.000        ,-0.042              ,0.139               ,23922.006       ,-0.07670          ,-0.04644              ,0.000         ,0.000         ,-0.018        ,-0.179        
10:03:32.822025     ,0.799       ,0.880       ,17.162      ,18.330      ,18.118      ,16.160      ,1.876       ,0.938       ,0.026       ,0.001       ,0.965       ,880.000     ,1.876       ,18.036      ,0.01150       ,148           ,13.008          ,12.600        ,-0.044              ,0.149               ,23922.010       ,-0.08435          ,-0.04971              ,0.000         ,0.000         ,-0.018        ,-0.179        
10:03:32.832805     ,0.799       ,0.880       ,17.113      ,18.420      ,18.205      ,16.160      ,1.958       ,0.979       ,0.028       ,-0.000      ,1.007       ,880.000     ,1.958       ,18.118      ,0.01243       ,160           ,14.062          ,13.400        ,-0.047              ,0.159               ,23922.014       ,-0.07645          ,-0.05284              ,0.000         ,0.000         ,-0.020        ,-0.204        
10:03:32.842041     ,0.801       ,0.880       ,17.080      ,18.440      ,18.266      ,16.160      ,2.045       ,1.022       ,0.030       ,0.000       ,1.053       ,880.000     ,2.045       ,18.205      ,0.01327       ,171           ,15.029          ,14.000        ,-0.049              ,0.168               ,23922.018       ,-0.09238          ,-0.05607              ,0.000         ,0.000         ,-0.020        ,-0.204        
10:03:32.854655     ,0.799       ,0.880       ,17.129      ,18.490      ,18.327      ,16.160      ,2.105       ,1.053       ,0.032       ,-0.001      ,1.084       ,880.000     ,2.105       ,18.266      ,0.01411       ,182           ,15.996          ,15.000        ,-0.052              ,0.178               ,23922.025       ,-0.08443          ,-0.05917              ,0.000         ,0.000         ,-0.023        ,-0.229        
10:03:32.862029     ,0.803       ,0.880       ,17.129      ,18.530      ,18.385      ,16.160      ,2.167       ,1.084       ,0.035       ,0.000       ,1.118       ,880.000     ,2.167       ,18.327      ,0.01496       ,193           ,16.963          ,15.600        ,-0.054              ,0.186               ,23922.025       ,-0.08432          ,-0.06203              ,0.000         ,0.000         ,-0.023        ,-0.229        
10:03:32.875406     ,0.801       ,0.880       ,17.113      ,18.680      ,18.458      ,16.160      ,2.225       ,1.112       ,0.037       ,-0.000      ,1.149       ,880.000     ,2.225       ,18.385      ,0.01580       ,204           ,17.930          ,16.400        ,-0.057              ,0.194               ,23922.031       ,-0.08434          ,-0.06480              ,0.000         ,0.000         ,-0.024        ,-0.243        
10:03:32.882042     ,0.803       ,0.880       ,17.113      ,18.740      ,18.519      ,16.160      ,2.297       ,1.149       ,0.039       ,0.001       ,1.188       ,880.000     ,2.297       ,18.458      ,0.01664       ,215           ,18.896          ,17.000        ,-0.059              ,0.202               ,23922.031       ,-0.08435          ,-0.06728              ,0.000         ,0.000         ,-0.024        ,-0.243        
10:03:32.894351     ,0.803       ,0.880       ,17.113      ,18.840      ,18.593      ,16.160      ,2.359       ,1.180       ,0.041       ,-0.001      ,1.220       ,880.000     ,2.359       ,18.519      ,0.01749       ,226           ,19.863          ,17.800        ,-0.062              ,0.209               ,23922.039       ,-0.08445          ,-0.06962              ,0.000         ,0.000         ,-0.027        ,-0.274        
10:03:32.902025     ,0.799       ,0.880       ,17.097      ,18.870      ,18.661      ,16.160      ,2.433       ,1.216       ,0.044       ,0.001       ,1.261       ,880.000     ,2.433       ,18.593      ,0.01833       ,237           ,20.830          ,18.200        ,-0.064              ,0.215               ,23922.039       ,-0.08433          ,-0.07171              ,0.000         ,0.000         ,-0.027        ,-0.274        
10:03:32.913209     ,0.798       ,0.880       ,17.129      ,18.970      ,18.740      ,16.160      ,2.500       ,1.250       ,0.046       ,-0.000      ,1.296       ,880.000     ,2.500       ,18.661      ,0.01910       ,247           ,21.709          ,18.600        ,-0.065              ,0.221               ,23922.045       ,-0.08441          ,-0.07361              ,0.000         ,0.000         ,-0.030        ,-0.297        
10:03:32.922027     ,0.798       ,0.880       ,17.113      ,19.000      ,18.802      ,16.160      ,2.580       ,1.290       ,0.049       ,0.001       ,1.340       ,880.000     ,2.580       ,18.740      ,0.01994       ,258           ,22.676          ,18.800        ,-0.066              ,0.225               ,23922.047       ,-0.07668          ,-0.07511              ,0.000         ,0.000         ,-0.030        ,-0.297        
10:03:32.932735     ,0.803       ,0.880       ,17.113      ,19.090      ,18.876      ,16.160      ,2.641       ,1.321       ,0.052       ,-0.001      ,1.371       ,880.000     ,2.641       ,18.802      ,0.02071       ,268           ,23.555          ,19.200        ,-0.067              ,0.230               ,23922.051       ,-0.08438          ,-0.07651              ,0.000         ,0.000         ,-0.031        ,-0.315        
10:03:32.942034     ,0.799       ,0.880       ,17.146      ,19.140      ,18.945      ,16.160      ,2.716       ,1.358       ,0.054       ,0.001       ,1.413       ,880.000     ,2.716       ,18.876      ,0.02148       ,278           ,24.434          ,19.400        ,-0.068              ,0.232               ,23922.055       ,-0.07674          ,-0.07746              ,0.000         ,0.000         ,-0.031        ,-0.315        
10:03:32.954324     ,0.799       ,0.880       ,17.113      ,19.260      ,19.030      ,16.160      ,2.784       ,1.392       ,0.057       ,-0.000      ,1.449       ,880.000     ,2.784       ,18.945      ,0.02217       ,287           ,25.225          ,19.600        ,-0.068              ,0.234               ,23922.059       ,-0.07670          ,-0.07815              ,0.000         ,0.000         ,-0.034        ,-0.338        
10:03:32.962017     ,0.799       ,0.880       ,17.129      ,19.280      ,19.094      ,16.160      ,2.869       ,1.435       ,0.060       ,0.001       ,1.495       ,880.000     ,2.869       ,19.030      ,0.02293       ,297           ,26.104          ,19.800        ,-0.069              ,0.236               ,23922.061       ,-0.06900          ,-0.07851              ,0.000         ,0.000         ,-0.034        ,-0.338        
10:03:32.972805     ,0.799       ,0.880       ,17.146      ,19.340      ,19.163      ,16.160      ,2.934       ,1.467       ,0.063       ,-0.001      ,1.529       ,880.000     ,2.934       ,19.094      ,0.02362       ,306           ,26.895          ,20.000        ,-0.070              ,0.236               ,23922.064       ,-0.07669          ,-0.07870              ,0.000         ,0.000         ,-0.036        ,-0.356        
10:03:32.982018     ,0.799       ,0.880       ,17.129      ,19.380      ,19.220      ,16.160      ,3.002       ,1.501       ,0.066       ,0.000       ,1.567       ,880.000     ,3.002       ,19.163      ,0.02431       ,315           ,27.686          ,20.000        ,-0.070              ,0.236               ,23922.066       ,-0.06906          ,-0.07863              ,0.000         ,0.000         ,-0.036        ,-0.356        
10:03:32.993455     ,0.798       ,0.880       ,17.129      ,19.480      ,19.287      ,16.160      ,3.060       ,1.530       ,0.069       ,-0.001      ,1.598       ,880.000     ,3.060       ,19.220      ,0.02500       ,324           ,28.477          ,19.800        ,-0.069              ,0.235               ,23922.070       ,-0.06901          ,-0.07834              ,0.000         ,0.000         ,-0.037        ,-0.372        
10:03:33.002018     ,0.799       ,0.880       ,17.113      ,19.500      ,19.335      ,16.160      ,3.126       ,1.563       ,0.072       ,0.000       ,1.636       ,880.000     ,3.126       ,19.287      ,0.02562       ,332           ,29.180          ,19.600        ,-0.068              ,0.234               ,23922.072       ,-0.06906          ,-0.07787              ,0.000         ,0.000         ,-0.037        ,-0.372        
10:03:33.013973     ,0.803       ,0.880       ,17.113      ,19.600      ,19.401      ,16.160      ,3.175       ,1.587       ,0.075       ,-0.001      ,1.662       ,880.000     ,3.175       ,19.335      ,0.02623       ,340           ,29.883          ,19.400        ,-0.068              ,0.231               ,23922.076       ,-0.06132          ,-0.07712              ,0.000         ,0.000         ,-0.039        ,-0.391        
10:03:33.022017     ,0.798       ,0.880       ,17.113      ,19.670      ,19.467      ,16.160      ,3.241       ,1.620       ,0.078       ,0.001       ,1.700       ,880.000     ,3.241       ,19.401      ,0.02684       ,348           ,30.586          ,19.200        ,-0.067              ,0.229               ,23922.078       ,-0.06138          ,-0.07625              ,0.000         ,0.000         ,-0.039        ,-0.391        
10:03:33.033474     ,0.801       ,0.880       ,17.129      ,19.780      ,19.542      ,16.160      ,3.306       ,1.653       ,0.082       ,-0.000      ,1.735       ,880.000     ,3.306       ,19.467      ,0.02738       ,355           ,31.201          ,18.800        ,-0.066              ,0.225               ,23922.082       ,-0.06137          ,-0.07517              ,0.000         ,0.000         ,-0.040        ,-0.403        
10:03:33.042020     ,0.799       ,0.880       ,17.113      ,19.800      ,19.601      ,16.160      ,3.382       ,1.691       ,0.085       ,0.000       ,1.777       ,880.000     ,3.382       ,19.542      ,0.02792       ,362           ,31.816          ,18.600        ,-0.065              ,0.222               ,23922.084       ,-0.05369          ,-0.07390              ,0.000         ,0.000         ,-0.040        ,-0.403        
10:03:33.054030     ,0.801       ,0.880       ,17.129      ,19.830      ,19.665      ,16.160      ,3.441       ,1.720       ,0.089       ,-0.001      ,1.808       ,880.000     ,3.441       ,19.601      ,0.02846       ,369           ,32.432          ,18.400        ,-0.064              ,0.217               ,23922.086       ,-0.05370          ,-0.07248              ,0.000         ,0.000         ,-0.042        ,-0.418        
10:03:33.062021     ,0.798       ,0.880       ,17.113      ,19.860      ,19.721      ,16.160      ,3.505       ,1.752       ,0.092       ,0.000       ,1.845       ,880.000     ,3.505       ,19.665      ,0.02899       ,376           ,33.047          ,18.200        ,-0.064              ,0.213               ,23922.086       ,-0.05367          ,-0.07104              ,0.000         ,0.000         ,-0.042        ,-0.418        
10:03:33.074770     ,0.801       ,0.880       ,17.113      ,19.960      ,19.785      ,16.160      ,3.560       ,1.780       ,0.096       ,-0.000      ,1.875       ,880.000     ,3.560       ,19.721      ,0.02945       ,382           ,33.574          ,17.800        ,-0.062              ,0.208               ,23922.092       ,-0.05368          ,-0.06947              ,0.000         ,0.000         ,-0.043        ,-0.432        
10:03:33.082018     ,0.799       ,0.880       ,17.113      ,20.000      ,19.837      ,16.160      ,3.625       ,1.813       ,0.099       ,0.000       ,1.912       ,880.000     ,3.625       ,19.785      ,0.02991       ,388           ,34.102          ,17.600        ,-0.061              ,0.203               ,23922.092       ,-0.04602          ,-0.06780              ,0.000         ,0.000         ,-0.043        ,-0.432        
10:03:33.092327     ,0.799       ,0.880       ,17.146      ,20.070      ,19.897      ,16.160      ,3.677       ,1.838       ,0.103       ,-0.001      ,1.941       ,880.000     ,3.677       ,19.837      ,0.03037       ,394           ,34.629          ,17.200        ,-0.060              ,0.198               ,23922.094       ,-0.04603          ,-0.06603              ,0.000         ,0.000         ,-0.044        ,-0.442        
10:03:33.102017     ,0.799       ,0.880       ,17.146      ,20.100      ,19.952      ,16.160      ,3.737       ,1.868       ,0.107       ,0.000       ,1.976       ,880.000     ,3.737       ,19.897      ,0.03083       ,400           ,35.156          ,16.800        ,-0.059              ,0.193               ,23922.096       ,-0.04602          ,-0.06418              ,0.000         ,0.000         ,-0.044        ,-0.442        
10:03:33.112021     ,0.799       ,0.880       ,17.146      ,20.140      ,20.005      ,16.160      ,3.792       ,1.896       ,0.111       ,-0.000      ,2.006       ,880.000     ,3.792       ,19.952      ,0.03122       ,405           ,35.596          ,16.200        ,-0.057              ,0.193               ,23922.098       ,-0.04602          ,-0.06418              ,0.000         ,0.000         ,-0.045        ,-0.451        
10:03:33.122036     ,0.799       ,0.880       ,17.146      ,20.140      ,20.039      ,16.160      ,3.879       ,1.939       ,0.114       ,0.002       ,2.055       ,880.000     ,3.879       ,20.039      ,0.03160       ,410           ,36.035          ,15.800        ,-0.055              ,0.187               ,23922.100       ,-0.04601          ,-0.06237              ,0.000         ,0.000         ,-0.045        ,-0.451        
10:03:33.132022     ,0.799       ,0.880       ,17.146      ,20.140      ,20.071      ,16.160      ,3.879       ,1.939       ,0.114       ,0.002       ,2.055       ,880.000     ,3.879       ,20.039      ,0.03198       ,415           ,36.475          ,15.400        ,-0.054              ,0.187               ,23922.102       ,-0.04601          ,-0.06237              ,0.000         ,0.000         ,-0.046        ,-0.457        
10:03:33.142028     ,0.801       ,0.880       ,17.129      ,20.130      ,20.093      ,16.160      ,3.933       ,1.967       ,0.118       ,-0.002      ,2.083       ,880.000     ,3.933       ,20.093      ,0.03237       ,420           ,36.914          ,15.200        ,-0.053              ,0.181               ,23922.102       ,-0.03835          ,-0.06050              ,0.000         ,0.000         ,-0.046        ,-0.457        
10:03:33.152035     ,0.801       ,0.880       ,17.129      ,20.200      ,20.125      ,16.160      ,3.933       ,1.967       ,0.118       ,-0.002      ,2.083       ,880.000     ,3.933       ,20.093      ,0.03267       ,424           ,37.266          ,14.800        ,-0.052              ,0.181               ,23922.104       ,-0.03835          ,-0.06050              ,0.000         ,0.000         ,-0.047        ,-0.467        
10:03:33.169024     ,0.799       ,0.880       ,17.097      ,20.250      ,20.154      ,16.160      ,3.933       ,1.967       ,0.118       ,-0.002      ,2.083       ,880.000     ,3.933       ,20.093      ,0.03298       ,428           ,37.617          ,14.400        ,-0.050              ,0.176               ,23922.105       ,-0.03839          ,-0.05855              ,0.000         ,0.000         ,-0.047        ,-0.472        
10:03:33.172018     ,0.799       ,0.880       ,17.097      ,20.150      ,20.160      ,16.160      ,3.994       ,1.997       ,0.122       ,0.000       ,2.120       ,880.000     ,3.994       ,20.154      ,0.03321       ,431           ,37.881          ,14.000        ,-0.049              ,0.176               ,23922.105       ,-0.03839          ,-0.05855              ,0.000         ,0.000         ,-0.047        ,-0.472        
10:03:33.187517     ,0.798       ,0.880       ,17.113      ,20.140      ,20.164      ,16.160      ,4.000       ,2.000       ,0.126       ,-0.003      ,2.123       ,880.000     ,4.000       ,20.160      ,0.03344       ,434           ,38.145          ,13.400        ,-0.047              ,0.163               ,23922.109       ,-0.02303          ,-0.05440              ,0.000         ,0.000         ,-0.048        ,-0.476        
10:03:33.192031     ,0.798       ,0.880       ,17.113      ,20.140      ,20.168      ,16.160      ,4.000       ,2.000       ,0.126       ,-0.003      ,2.123       ,880.000     ,4.000       ,20.160      ,0.03359       ,436           ,38.320          ,12.800        ,-0.045              ,0.163               ,23922.109       ,-0.02303          ,-0.05440              ,0.000         ,0.000         ,-0.048        ,-0.476        
10:03:33.205139     ,0.799       ,0.880       ,17.113      ,20.150      ,20.159      ,16.160      ,3.999       ,2.000       ,0.134       ,-0.001      ,2.133       ,880.000     ,3.999       ,20.159      ,0.03367       ,437           ,38.408          ,12.200        ,-0.043              ,0.156               ,23922.109       ,-0.01534          ,-0.05200              ,0.000         ,0.000         ,-0.048        ,-0.476        
10:03:33.212021     ,0.798       ,0.880       ,17.097      ,20.080      ,20.132      ,16.160      ,3.999       ,2.000       ,0.134       ,-0.001      ,2.133       ,880.000     ,3.999       ,20.159      ,0.03382       ,439           ,38.584          ,11.800        ,-0.041              ,0.148               ,23922.109       ,-0.00767          ,-0.04926              ,0.000         ,0.000         ,-0.048        ,-0.476        
10:03:33.223662     ,0.803       ,0.880       ,17.113      ,20.080      ,20.126      ,16.160      ,3.972       ,1.986       ,0.138       ,-0.001      ,2.123       ,880.000     ,3.972       ,20.132      ,0.03382       ,439           ,38.584          ,11.000        ,-0.038              ,0.139               ,23922.109       ,-0.01534          ,-0.04647              ,0.000         ,0.000         ,-0.048        ,-0.478        
10:03:33.232019     ,0.799       ,0.880       ,17.113      ,20.150      ,20.128      ,16.160      ,3.966       ,1.983       ,0.142       ,0.001       ,2.126       ,880.000     ,3.966       ,20.126      ,0.03382       ,439           ,38.584          ,10.400        ,-0.036              ,0.130               ,23922.109       ,0.00000           ,-0.04341              ,0.000         ,0.000         ,-0.048        ,-0.478        
10:03:33.242232     ,0.799       ,0.880       ,17.113      ,20.130      ,20.119      ,16.160      ,3.968       ,1.984       ,0.146       ,0.000       ,2.131       ,880.000     ,3.968       ,20.128      ,0.03382       ,439           ,38.584          ,9.600         ,-0.034              ,0.130               ,23922.109       ,0.00000           ,-0.04341              ,0.000         ,0.000         ,-0.048        ,-0.476        
10:03:33.252060     ,0.798       ,0.880       ,17.113      ,19.890      ,20.066      ,16.160      ,3.906       ,1.953       ,0.150       ,-0.003      ,2.100       ,880.000     ,3.906       ,20.066      ,0.03382       ,439           ,38.584          ,9.000         ,-0.031              ,0.120               ,23922.109       ,0.00000           ,-0.04012              ,0.000         ,0.000         ,-0.048        ,-0.476        
10:03:33.262026     ,0.799       ,0.880       ,17.129      ,19.780      ,20.019      ,16.160      ,3.859       ,1.929       ,0.154       ,0.001       ,2.084       ,880.000     ,3.859       ,20.019      ,0.03382       ,439           ,38.584          ,8.000         ,-0.028              ,0.110               ,23922.109       ,0.00000           ,-0.03664              ,0.000         ,0.000         ,-0.047        ,-0.474        
10:03:33.272019     ,0.796       ,0.880       ,17.113      ,19.650      ,19.956      ,16.160      ,3.796       ,1.898       ,0.158       ,-0.001      ,2.055       ,880.000     ,3.796       ,19.956      ,0.03375       ,438           ,38.496          ,7.400         ,-0.026              ,0.099               ,23922.109       ,0.00000           ,-0.03310              ,0.000         ,0.000         ,-0.047        ,-0.474        
10:03:33.282020     ,0.796       ,0.880       ,17.113      ,19.620      ,19.878      ,16.160      ,3.796       ,1.898       ,0.158       ,-0.001      ,2.055       ,880.000     ,3.796       ,19.956      ,0.03375       ,438           ,38.496          ,6.600         ,-0.023              ,0.099               ,23922.109       ,0.00000           ,-0.03310              ,0.000         ,0.000         ,-0.047        ,-0.474        
10:03:33.292034     ,0.803       ,0.880       ,17.146      ,19.660      ,19.806      ,16.160      ,3.646       ,1.823       ,0.161       ,-0.004      ,1.980       ,880.000     ,3.646       ,19.806      ,0.03367       ,437           ,38.408          ,6.000         ,-0.021              ,0.088               ,23922.109       ,0.00767           ,-0.02940              ,0.000         ,0.000         ,-0.047        ,-0.474        
10:03:33.302030     ,0.803       ,0.880       ,17.146      ,19.690      ,19.766      ,16.160      ,3.646       ,1.823       ,0.161       ,-0.004      ,1.980       ,880.000     ,3.646       ,19.806      ,0.03367       ,437           ,38.408          ,5.200         ,-0.018              ,0.088               ,23922.109       ,0.00767           ,-0.02940              ,0.000         ,0.000         ,-0.047        ,-0.472        
10:03:33.318604     ,0.801       ,0.880       ,17.113      ,19.720      ,19.725      ,16.160      ,3.646       ,1.823       ,0.161       ,-0.004      ,1.980       ,880.000     ,3.646       ,19.806      ,0.03359       ,436           ,38.320          ,4.600         ,-0.016              ,0.077               ,23922.109       ,0.00767           ,-0.02568              ,0.000         ,0.000         ,-0.047        ,-0.474        
10:03:33.322016     ,0.801       ,0.880       ,17.113      ,19.730      ,19.695      ,16.160      ,3.565       ,1.782       ,0.165       ,0.003       ,1.951       ,880.000     ,3.565       ,19.725      ,0.03359       ,436           ,38.320          ,4.000         ,-0.014              ,0.077               ,23922.109       ,0.00767           ,-0.02568              ,0.000         ,0.000         ,-0.047        ,-0.474        
10:03:33.337114     ,0.798       ,0.880       ,17.129      ,19.780      ,19.680      ,16.160      ,3.535       ,1.767       ,0.169       ,0.003       ,1.939       ,880.000     ,3.535       ,19.695      ,0.03359       ,436           ,38.320          ,3.600         ,-0.013              ,0.056               ,23922.109       ,0.00000           ,-0.01875              ,0.000         ,0.000         ,-0.047        ,-0.475        
10:03:33.342027     ,0.798       ,0.880       ,17.129      ,19.850      ,19.684      ,16.160      ,3.535       ,1.767       ,0.169       ,0.003       ,1.939       ,880.000     ,3.535       ,19.695      ,0.03359       ,436           ,38.320          ,3.200         ,-0.011              ,0.056               ,23922.109       ,0.00000           ,-0.01875              ,0.000         ,0.000         ,-0.047        ,-0.475        
10:03:33.355758     ,0.803       ,0.880       ,17.113      ,19.980      ,19.727      ,16.160      ,3.524       ,1.762       ,0.172       ,0.001       ,1.935       ,880.000     ,3.524       ,19.684      ,0.03359       ,436           ,38.320          ,2.800         ,-0.010              ,0.047               ,23922.109       ,0.00000           ,-0.01582              ,0.000         ,0.000         ,-0.047        ,-0.475        
10:03:33.362021     ,0.801       ,0.880       ,17.129      ,20.040      ,19.789      ,16.160      ,3.566       ,1.783       ,0.176       ,0.003       ,1.961       ,880.000     ,3.566       ,19.727      ,0.03367       ,437           ,38.408          ,2.600         ,-0.009              ,0.039               ,23922.109       ,0.00000           ,-0.01310              ,0.000         ,0.000         ,-0.047        ,-0.475        
10:03:33.373174     ,0.801       ,0.880       ,17.113      ,20.250      ,19.895      ,16.160      ,3.629       ,1.815       ,0.179       ,0.001       ,1.995       ,880.000     ,3.629       ,19.789      ,0.03367       ,437           ,38.408          ,2.400         ,-0.008              ,0.033               ,23922.109       ,-0.00767          ,-0.01091              ,0.000         ,0.000         ,-0.048        ,-0.478        
10:03:33.382025     ,0.796       ,0.880       ,17.113      ,20.340      ,20.003      ,16.160      ,3.735       ,1.867       ,0.183       ,0.002       ,2.053       ,880.000     ,3.735       ,19.895      ,0.03375       ,438           ,38.496          ,2.200         ,-0.008              ,0.027               ,23922.109       ,0.00000           ,-0.00904              ,0.000         ,0.000         ,-0.048        ,-0.478        
10:03:33.392042     ,0.796       ,0.880       ,17.113      ,20.390      ,20.103      ,16.160      ,3.842       ,1.921       ,0.187       ,0.000       ,2.108       ,880.000     ,3.842       ,20.003      ,0.03382       ,439           ,38.584          ,2.000         ,-0.007              ,0.027               ,23922.109       ,0.00000           ,-0.00904              ,0.000         ,0.000         ,-0.048        ,-0.483        
10:03:33.402031     ,0.803       ,0.880       ,17.129      ,20.360      ,20.178      ,16.160      ,4.018       ,2.009       ,0.191       ,0.003       ,2.203       ,880.000     ,4.018       ,20.178      ,0.03390       ,440           ,38.672          ,2.000         ,-0.007              ,0.023               ,23922.109       ,-0.00764          ,-0.00757              ,0.000         ,0.000         ,-0.048        ,-0.483        
10:03:33.412021     ,0.803       ,0.880       ,17.129      ,20.380      ,20.256      ,16.160      ,4.018       ,2.009       ,0.191       ,0.003       ,2.203       ,880.000     ,4.018       ,20.178      ,0.03398       ,441           ,38.760          ,2.000         ,-0.007              ,0.023               ,23922.111       ,-0.00764          ,-0.00757              ,0.000         ,0.000         ,-0.048        ,-0.481        
10:03:33.429054     ,0.803       ,0.880       ,17.129      ,20.400      ,20.307      ,16.160      ,4.018       ,2.009       ,0.191       ,0.003       ,2.203       ,880.000     ,4.018       ,20.178      ,0.03405       ,442           ,38.848          ,2.000         ,-0.007              ,0.019               ,23922.111       ,-0.00766          ,-0.00643              ,0.000         ,0.000         ,-0.049        ,-0.486        
10:03:33.432029     ,0.803       ,0.880       ,17.129      ,20.420      ,20.351      ,16.160      ,4.146       ,2.073       ,0.195       ,-0.002      ,2.266       ,880.000     ,4.146       ,20.307      ,0.03421       ,444           ,39.023          ,2.000         ,-0.007              ,0.019               ,23922.111       ,-0.00766          ,-0.00643              ,0.000         ,0.000         ,-0.049        ,-0.486        
10:03:33.448763     ,0.801       ,0.880       ,17.146      ,20.440      ,20.388      ,16.160      ,4.146       ,2.073       ,0.195       ,-0.002      ,2.266       ,880.000     ,4.146       ,20.307      ,0.03428       ,445           ,39.111          ,2.000         ,-0.007              ,0.017               ,23922.111       ,-0.00767          ,-0.00570              ,0.000         ,0.000         ,-0.049        ,-0.488        
10:03:33.452023     ,0.801       ,0.880       ,17.146      ,20.540      ,20.435      ,16.160      ,4.227       ,2.114       ,0.199       ,-0.002      ,2.310       ,880.000     ,4.227       ,20.388      ,0.03444       ,447           ,39.287          ,2.000         ,-0.007              ,0.017               ,23922.111       ,-0.00767          ,-0.00570              ,0.000         ,0.000         ,-0.049        ,-0.488        
10:03:33.467277     ,0.801       ,0.880       ,17.129      ,20.570      ,20.466      ,16.160      ,4.275       ,2.137       ,0.203       ,-0.002      ,2.339       ,880.000     ,4.275       ,20.435      ,0.03459       ,449           ,39.463          ,2.000         ,-0.007              ,0.016               ,23922.113       ,-0.01533          ,-0.00531              ,0.000         ,0.000         ,-0.049        ,-0.491        
10:03:33.472048     ,0.801       ,0.880       ,17.129      ,20.530      ,20.476      ,16.160      ,4.275       ,2.137       ,0.203       ,-0.002      ,2.339       ,880.000     ,4.275       ,20.435      ,0.03474       ,451           ,39.639          ,2.000         ,-0.007              ,0.016               ,23922.113       ,-0.01533          ,-0.00531              ,0.000         ,0.000         ,-0.049        ,-0.491        
10:03:33.485847     ,0.803       ,0.880       ,17.113      ,20.480      ,20.476      ,16.160      ,4.315       ,2.158       ,0.208       ,-0.000      ,2.365       ,880.000     ,4.315       ,20.476      ,0.03490       ,453           ,39.814          ,2.200         ,-0.008              ,0.017               ,23922.115       ,-0.01534          ,-0.00555              ,0.000         ,0.000         ,-0.050        ,-0.498        
10:03:33.492036     ,0.798       ,0.880       ,17.113      ,20.570      ,20.497      ,16.160      ,4.316       ,2.158       ,0.212       ,-0.002      ,2.368       ,880.000     ,4.316       ,20.476      ,0.03505       ,455           ,39.990          ,2.400         ,-0.008              ,0.018               ,23922.115       ,-0.01534          ,-0.00598              ,0.000         ,0.000         ,-0.050        ,-0.498        
10:03:33.505434     ,0.803       ,0.880       ,17.146      ,20.620      ,20.515      ,16.160      ,4.337       ,2.169       ,0.216       ,0.001       ,2.386       ,880.000     ,4.337       ,20.497      ,0.03520       ,457           ,40.166          ,2.600         ,-0.009              ,0.020               ,23922.117       ,-0.01534          ,-0.00658              ,0.000         ,0.000         ,-0.050        ,-0.502        
10:03:33.512026     ,0.796       ,0.880       ,17.113      ,20.680      ,20.543      ,16.160      ,4.355       ,2.177       ,0.221       ,-0.000      ,2.398       ,880.000     ,4.355       ,20.515      ,0.03543       ,460           ,40.430          ,2.800         ,-0.010              ,0.022               ,23922.117       ,-0.01534          ,-0.00720              ,0.000         ,0.000         ,-0.050        ,-0.502        
10:03:33.525093     ,0.801       ,0.880       ,17.113      ,20.690      ,20.579      ,16.160      ,4.383       ,2.191       ,0.225       ,0.001       ,2.417       ,880.000     ,4.383       ,20.543      ,0.03567       ,463           ,40.693          ,3.000         ,-0.010              ,0.024               ,23922.119       ,-0.02301          ,-0.00808              ,0.000         ,0.000         ,-0.051        ,-0.512        
10:03:33.532020     ,0.798       ,0.880       ,17.113      ,20.790      ,20.636      ,16.160      ,4.419       ,2.209       ,0.230       ,0.000       ,2.439       ,880.000     ,4.419       ,20.579      ,0.03590       ,466           ,40.957          ,3.000         ,-0.010              ,0.027               ,23922.119       ,-0.02301          ,-0.00905              ,0.000         ,0.000         ,-0.051        ,-0.512        
10:03:33.544756     ,0.799       ,0.880       ,17.162      ,20.810      ,20.672      ,16.160      ,4.476       ,2.238       ,0.234       ,0.001       ,2.473       ,880.000     ,4.476       ,20.636      ,0.03613       ,469           ,41.221          ,3.200         ,-0.011              ,0.030               ,23922.119       ,-0.02299          ,-0.01011              ,0.000         ,0.000         ,-0.052        ,-0.521        
10:03:33.552042     ,0.801       ,0.880       ,17.113      ,20.870      ,20.712      ,16.160      ,4.512       ,2.256       ,0.239       ,-0.001      ,2.493       ,880.000     ,4.512       ,20.672      ,0.03643       ,473           ,41.572          ,3.400         ,-0.012              ,0.034               ,23922.119       ,-0.02300          ,-0.01124              ,0.000         ,0.000         ,-0.052        ,-0.521        
10:03:33.565359     ,0.803       ,0.880       ,17.129      ,20.910      ,20.753      ,16.160      ,4.552       ,2.276       ,0.243       ,0.000       ,2.519       ,880.000     ,4.552       ,20.712      ,0.03682       ,478           ,42.012          ,3.800         ,-0.013              ,0.038               ,23922.123       ,-0.03069          ,-0.01255              ,0.000         ,0.000         ,-0.053        ,-0.531        
10:03:33.572017     ,0.799       ,0.880       ,17.129      ,21.000      ,20.814      ,16.160      ,4.593       ,2.296       ,0.248       ,0.000       ,2.544       ,880.000     ,4.593       ,20.753      ,0.03712       ,482           ,42.363          ,4.200         ,-0.015              ,0.042               ,23922.123       ,-0.03834          ,-0.01400              ,0.000         ,0.000         ,-0.053        ,-0.531        
10:03:33.583848     ,0.799       ,0.880       ,17.113      ,21.020      ,20.862      ,16.160      ,4.654       ,2.327       ,0.252       ,0.001       ,2.580       ,880.000     ,4.654       ,20.814      ,0.03751       ,487           ,42.803          ,4.600         ,-0.016              ,0.046               ,23922.127       ,-0.03059          ,-0.01546              ,0.000         ,0.000         ,-0.054        ,-0.542        
10:03:33.592036     ,0.801       ,0.880       ,17.097      ,21.010      ,20.908      ,16.160      ,4.701       ,2.351       ,0.257       ,-0.001      ,2.607       ,880.000     ,4.701       ,20.862      ,0.03797       ,493           ,43.330          ,4.800         ,-0.017              ,0.051               ,23922.127       ,-0.03851          ,-0.01706              ,0.000         ,0.000         ,-0.054        ,-0.542        
10:03:33.603356     ,0.801       ,0.880       ,17.113      ,20.980      ,20.941      ,16.160      ,4.748       ,2.374       ,0.262       ,-0.000      ,2.636       ,880.000     ,4.748       ,20.908      ,0.03843       ,499           ,43.857          ,5.200         ,-0.018              ,0.057               ,23922.129       ,-0.04600          ,-0.01887              ,0.000         ,0.000         ,-0.055        ,-0.552        
10:03:33.612022     ,0.803       ,0.880       ,17.113      ,20.890      ,20.954      ,16.160      ,4.781       ,2.390       ,0.267       ,-0.001      ,2.656       ,880.000     ,4.781       ,20.941      ,0.03881       ,504           ,44.297          ,5.400         ,-0.019              ,0.063               ,23922.131       ,-0.04598          ,-0.02087              ,0.000         ,0.000         ,-0.055        ,-0.552        
10:03:33.622922     ,0.803       ,0.880       ,17.113      ,20.830      ,20.943      ,16.160      ,4.794       ,2.397       ,0.271       ,-0.001      ,2.667       ,880.000     ,4.794       ,20.954      ,0.03927       ,510           ,44.824          ,5.800         ,-0.020              ,0.063               ,23922.133       ,-0.04598          ,-0.02087              ,0.000         ,0.000         ,-0.057        ,-0.565        
10:03:33.632018     ,0.798       ,0.880       ,17.162      ,20.780      ,20.921      ,16.160      ,4.761       ,2.380       ,0.276       ,-0.002      ,2.654       ,880.000     ,4.761       ,20.921      ,0.03965       ,515           ,45.264          ,6.200         ,-0.022              ,0.068               ,23922.135       ,-0.03837          ,-0.02280              ,0.000         ,0.000         ,-0.057        ,-0.565        
10:03:33.643563     ,0.801       ,0.880       ,17.146      ,20.780      ,20.894      ,16.160      ,4.761       ,2.380       ,0.276       ,-0.002      ,2.654       ,880.000     ,4.761       ,20.921      ,0.04004       ,520           ,45.703          ,6.800         ,-0.024              ,0.074               ,23922.137       ,-0.03834          ,-0.02468              ,0.000         ,0.000         ,-0.057        ,-0.574        
10:03:33.652023     ,0.803       ,0.880       ,17.146      ,20.780      ,20.861      ,16.160      ,4.701       ,2.350       ,0.286       ,-0.000      ,2.636       ,880.000     ,4.701       ,20.861      ,0.04034       ,524           ,46.055          ,7.200         ,-0.025              ,0.079               ,23922.137       ,-0.03835          ,-0.02650              ,0.000         ,0.000         ,-0.057        ,-0.574        
10:03:33.662035     ,0.799       ,0.880       ,17.113      ,20.750      ,20.825      ,16.160      ,4.701       ,2.350       ,0.286       ,-0.000      ,2.636       ,880.000     ,4.701       ,20.861      ,0.04065       ,528           ,46.406          ,7.600         ,-0.027              ,0.084               ,23922.139       ,-0.03067          ,-0.02816              ,0.000         ,0.000         ,-0.058        ,-0.579        
10:03:33.672029     ,0.799       ,0.880       ,17.113      ,20.690      ,20.781      ,16.160      ,4.621       ,2.310       ,0.290       ,-0.002      ,2.598       ,880.000     ,4.621       ,20.781      ,0.04088       ,531           ,46.670          ,7.800         ,-0.027              ,0.084               ,23922.141       ,-0.03067          ,-0.02816              ,0.000         ,0.000         ,-0.058        ,-0.579        
10:03:33.682034     ,0.799       ,0.880       ,17.113      ,20.650      ,20.739      ,16.160      ,4.621       ,2.310       ,0.290       ,-0.002      ,2.598       ,880.000     ,4.621       ,20.781      ,0.04103       ,533           ,46.846          ,8.000         ,-0.028              ,0.084               ,23922.141       ,-0.03067          ,-0.02816              ,0.000         ,0.000         ,-0.058        ,-0.580        
10:03:33.692069     ,0.801       ,0.880       ,17.129      ,20.650      ,20.739      ,16.160      ,4.621       ,2.310       ,0.290       ,-0.002      ,2.598       ,880.000     ,4.621       ,20.781      ,0.04111       ,534           ,46.934          ,8.000         ,-0.028              ,0.088               ,23922.141       ,-0.02290          ,-0.02946              ,0.000         ,0.000         ,-0.058        ,-0.580        
10:03:33.702045     ,0.801       ,0.880       ,17.129      ,20.530      ,20.642      ,16.160      ,4.527       ,2.263       ,0.295       ,-0.001      ,2.557       ,880.000     ,4.527       ,20.687      ,0.04111       ,534           ,46.934          ,7.800         ,-0.027              ,0.088               ,23922.141       ,-0.02290          ,-0.02946              ,0.000         ,0.000         ,-0.058        ,-0.580        
10:03:33.712033     ,0.799       ,0.880       ,17.146      ,20.390      ,20.586      ,16.160      ,4.426       ,2.213       ,0.299       ,-0.000      ,2.512       ,880.000     ,4.426       ,20.586      ,0.04111       ,534           ,46.934          ,7.600         ,-0.027              ,0.090               ,23922.141       ,-0.00767          ,-0.03010              ,0.000         ,0.000         ,-0.058        ,-0.580        
10:03:33.722028     ,0.799       ,0.880       ,17.146      ,20.200      ,20.513      ,16.160      ,4.426       ,2.213       ,0.299       ,-0.000      ,2.512       ,880.000     ,4.426       ,20.586      ,0.04103       ,533           ,46.846          ,7.200         ,-0.025              ,0.090               ,23922.141       ,-0.00767          ,-0.03010              ,0.000         ,0.000         ,-0.058        ,-0.575        
10:03:33.739820     ,0.799       ,0.880       ,17.162      ,19.900      ,20.397      ,16.160      ,4.426       ,2.213       ,0.299       ,-0.000      ,2.512       ,880.000     ,4.426       ,20.586      ,0.04088       ,531           ,46.670          ,6.400         ,-0.022              ,0.091               ,23922.139       ,0.00000           ,-0.03019              ,0.000         ,0.000         ,-0.057        ,-0.568        
10:03:33.742043     ,0.799       ,0.880       ,17.162      ,19.800      ,20.281      ,16.160      ,4.237       ,2.119       ,0.303       ,-0.004      ,2.418       ,880.000     ,4.237       ,20.397      ,0.04073       ,529           ,46.494          ,5.600         ,-0.020              ,0.091               ,23922.139       ,0.00000           ,-0.03019              ,0.000         ,0.000         ,-0.057        ,-0.568        
10:03:33.758356     ,0.801       ,0.880       ,17.129      ,19.670      ,20.136      ,16.160      ,4.237       ,2.119       ,0.303       ,-0.004      ,2.418       ,880.000     ,4.237       ,20.397      ,0.04073       ,529           ,46.494          ,4.800         ,-0.017              ,0.088               ,23922.137       ,0.01534           ,-0.02945              ,0.000         ,0.000         ,-0.056        ,-0.556        
10:03:33.762020     ,0.801       ,0.880       ,17.129      ,19.510      ,19.974      ,16.160      ,3.976       ,1.988       ,0.307       ,-0.004      ,2.292       ,880.000     ,3.976       ,20.136      ,0.04011       ,521           ,45.791          ,4.000         ,-0.014              ,0.088               ,23922.137       ,0.01534           ,-0.02945              ,0.000         ,0.000         ,-0.056        ,-0.556        
10:03:33.776859     ,0.798       ,0.880       ,17.129      ,19.270      ,19.790      ,16.160      ,3.976       ,1.988       ,0.307       ,-0.004      ,2.292       ,880.000     ,3.976       ,20.136      ,0.03973       ,516           ,45.352          ,3.000         ,-0.010              ,0.084               ,23922.135       ,0.01534           ,-0.02791              ,0.000         ,0.000         ,-0.054        ,-0.540        
10:03:33.782027     ,0.798       ,0.880       ,17.129      ,19.220      ,19.642      ,16.160      ,3.630       ,1.815       ,0.311       ,-0.004      ,2.122       ,880.000     ,3.630       ,19.790      ,0.03927       ,510           ,44.824          ,2.400         ,-0.008              ,0.084               ,23922.135       ,0.01534           ,-0.02791              ,0.000         ,0.000         ,-0.054        ,-0.540        
10:03:33.794382     ,0.803       ,0.880       ,17.113      ,19.190      ,19.491      ,16.160      ,3.630       ,1.815       ,0.311       ,-0.004      ,2.122       ,880.000     ,3.630       ,19.790      ,0.03873       ,503           ,44.209          ,1.400         ,-0.005              ,0.076               ,23922.129       ,0.03840           ,-0.02533              ,0.000         ,0.000         ,-0.053        ,-0.527        
10:03:33.802044     ,0.801       ,0.880       ,17.146      ,19.060      ,19.339      ,16.160      ,3.331       ,1.665       ,0.314       ,0.002       ,1.982       ,880.000     ,3.331       ,19.491      ,0.03820       ,496           ,43.594          ,0.600         ,-0.002              ,0.065               ,23922.129       ,0.05352           ,-0.02176              ,0.000         ,0.000         ,-0.053        ,-0.527        
10:03:33.814116     ,0.798       ,0.880       ,17.113      ,18.780      ,19.176      ,16.160      ,3.178       ,1.589       ,0.318       ,0.007       ,1.914       ,880.000     ,3.178       ,19.339      ,0.03758       ,488           ,42.891          ,-0.800        ,0.003               ,0.052               ,23922.125       ,0.05386           ,-0.01734              ,0.000         ,0.000         ,-0.051        ,-0.511        
10:03:33.822032     ,0.801       ,0.880       ,17.146      ,18.710      ,19.062      ,16.160      ,2.902       ,1.451       ,0.323       ,0.002       ,1.777       ,880.000     ,2.902       ,19.062      ,0.03697       ,480           ,42.188          ,-1.800        ,0.006               ,0.036               ,23922.125       ,0.06137           ,-0.01209              ,0.000         ,0.000         ,-0.051        ,-0.511        
10:03:33.833558     ,0.799       ,0.880       ,17.113      ,18.650      ,18.951      ,16.160      ,2.902       ,1.451       ,0.323       ,0.002       ,1.777       ,880.000     ,2.902       ,19.062      ,0.03628       ,471           ,41.396          ,-3.200        ,0.011               ,0.019               ,23922.119       ,0.06140           ,-0.00625              ,0.000         ,0.000         ,-0.049        ,-0.486        
10:03:33.842055     ,0.799       ,0.880       ,17.113      ,18.570      ,18.835      ,16.160      ,2.791       ,1.396       ,0.326       ,0.000       ,1.722       ,880.000     ,2.791       ,18.951      ,0.03551       ,461           ,40.518          ,-4.200        ,0.015               ,-0.000              ,23922.119       ,0.06903           ,0.00010               ,0.000         ,0.000         ,-0.049        ,-0.486        
10:03:33.852217     ,0.801       ,0.880       ,17.129      ,18.330      ,18.702      ,16.160      ,2.675       ,1.338       ,0.329       ,-0.000      ,1.666       ,880.000     ,2.675       ,18.835      ,0.03467       ,450           ,39.551          ,-5.600        ,0.020               ,-0.020              ,23922.113       ,0.07669           ,0.00676               ,0.000         ,0.000         ,-0.046        ,-0.462        
10:03:33.862070     ,0.799       ,0.880       ,17.129      ,18.220      ,18.600      ,16.160      ,2.542       ,1.271       ,0.331       ,-0.001      ,1.602       ,880.000     ,2.542       ,18.702      ,0.03390       ,440           ,38.672          ,-6.400        ,0.022               ,-0.041              ,23922.111       ,0.08398           ,0.01368               ,0.000         ,0.000         ,-0.046        ,-0.462        
10:03:33.872023     ,0.799       ,0.880       ,17.146      ,18.180      ,18.492      ,16.160      ,2.331       ,1.166       ,0.336       ,-0.000      ,1.502       ,880.000     ,2.331       ,18.492      ,0.03298       ,428           ,37.617          ,-7.800        ,0.027               ,-0.061              ,23922.105       ,0.07705           ,0.02049               ,0.000         ,0.000         ,-0.043        ,-0.433        
10:03:33.882022     ,0.801       ,0.880       ,17.146      ,18.150      ,18.380      ,16.160      ,2.220       ,1.110       ,0.338       ,-0.000      ,1.448       ,880.000     ,2.220       ,18.380      ,0.03206       ,416           ,36.562          ,-8.800        ,0.031               ,-0.082              ,23922.102       ,0.09173           ,0.02742               ,0.000         ,0.000         ,-0.043        ,-0.433        
10:03:33.892043     ,0.801       ,0.880       ,17.146      ,17.920      ,18.240      ,16.160      ,2.220       ,1.110       ,0.338       ,-0.000      ,1.448       ,880.000     ,2.220       ,18.380      ,0.03114       ,404           ,35.508          ,-10.200       ,0.036               ,-0.082              ,23922.098       ,0.09173           ,0.02742               ,0.000         ,0.000         ,-0.041        ,-0.406        
10:03:33.908840     ,0.799       ,0.880       ,17.162      ,17.920      ,18.240      ,16.160      ,2.220       ,1.110       ,0.338       ,-0.000      ,1.448       ,880.000     ,2.220       ,18.380      ,0.03007       ,390           ,34.277          ,-11.600       ,0.040               ,-0.102              ,23922.090       ,0.09238           ,0.03412               ,0.000         ,0.000         ,-0.038        ,-0.376        
10:03:33.912022     ,0.799       ,0.880       ,17.162      ,17.870      ,18.142      ,16.160      ,2.080       ,1.040       ,0.341       ,-0.001      ,1.379       ,880.000     ,2.080       ,18.240      ,0.02899       ,376           ,33.047          ,-13.000       ,0.045               ,-0.102              ,23922.090       ,0.09238           ,0.03412               ,0.000         ,0.000         ,-0.038        ,-0.376        
10:03:33.927520     ,0.801       ,0.880       ,17.113      ,17.890      ,18.065      ,16.160      ,2.080       ,1.040       ,0.341       ,-0.001      ,1.379       ,880.000     ,2.080       ,18.240      ,0.02784       ,361           ,31.729          ,-14.400       ,0.050               ,-0.122              ,23922.078       ,0.10733           ,0.04062               ,0.000         ,0.000         ,-0.035        ,-0.345        
10:03:33.932017     ,0.801       ,0.880       ,17.113      ,17.710      ,17.961      ,16.160      ,1.904       ,0.952       ,0.342       ,-0.002      ,1.293       ,880.000     ,1.904       ,18.065      ,0.02669       ,346           ,30.410          ,-15.800       ,0.055               ,-0.122              ,23922.078       ,0.10733           ,0.04062               ,0.000         ,0.000         ,-0.035        ,-0.345        
10:03:33.946269     ,0.803       ,0.880       ,17.113      ,17.550      ,17.844      ,16.160      ,1.800       ,0.900       ,0.344       ,0.004       ,1.248       ,880.000     ,1.800       ,17.961      ,0.02554       ,331           ,29.092          ,-17.200       ,0.060               ,-0.160              ,23922.068       ,0.11504           ,0.05336               ,0.000         ,0.000         ,-0.031        ,-0.314        
10:03:33.952030     ,0.803       ,0.880       ,17.113      ,17.340      ,17.742      ,16.160      ,1.800       ,0.900       ,0.344       ,0.004       ,1.248       ,880.000     ,1.800       ,17.961      ,0.02431       ,315           ,27.686          ,-18.200       ,0.064               ,-0.160              ,23922.068       ,0.11504           ,0.05336               ,0.000         ,0.000         ,-0.031        ,-0.314        
10:03:33.966001     ,0.798       ,0.880       ,17.129      ,17.250      ,17.635      ,16.160      ,1.582       ,0.791       ,0.346       ,-0.006      ,1.131       ,880.000     ,1.582       ,17.742      ,0.02301       ,298           ,26.191          ,-19.600       ,0.068               ,-0.179              ,23922.057       ,0.12259           ,0.05962               ,0.000         ,0.000         ,-0.028        ,-0.278        
10:03:33.972053     ,0.801       ,0.880       ,17.146      ,17.080      ,17.493      ,16.160      ,1.475       ,0.737       ,0.347       ,0.006       ,1.090       ,880.000     ,1.475       ,17.635      ,0.02171       ,281           ,24.697          ,-20.400       ,0.071               ,-0.198              ,23922.057       ,0.13044           ,0.06586               ,0.000         ,0.000         ,-0.028        ,-0.278        
10:03:33.984732     ,0.803       ,0.880       ,17.113      ,17.030      ,17.373      ,16.160      ,1.333       ,0.666       ,0.349       ,-0.002      ,1.013       ,880.000     ,1.333       ,17.493      ,0.02040       ,264           ,23.203          ,-21.600       ,0.075               ,-0.216              ,23922.045       ,0.13043           ,0.07197               ,0.000         ,0.000         ,-0.024        ,-0.239        
10:03:33.992036     ,0.803       ,0.880       ,17.146      ,16.980      ,17.259      ,16.160      ,1.213       ,0.607       ,0.350       ,0.001       ,0.957       ,880.000     ,1.213       ,17.373      ,0.01902       ,246           ,21.621          ,-22.400       ,0.078               ,-0.234              ,23922.045       ,0.13030           ,0.07786               ,0.000         ,0.000         ,-0.024        ,-0.239        
10:03:34.003324     ,0.803       ,0.880       ,17.146      ,16.950      ,17.161      ,16.160      ,1.099       ,0.549       ,0.351       ,0.000       ,0.901       ,880.000     ,1.099       ,17.259      ,0.01772       ,229           ,20.127          ,-23.600       ,0.082               ,-0.251              ,23922.037       ,0.13818           ,0.08379               ,0.000         ,0.000         ,-0.020        ,-0.202        
10:03:34.012032     ,0.801       ,0.880       ,17.146      ,16.790      ,17.039      ,16.160      ,1.001       ,0.500       ,0.352       ,0.001       ,0.853       ,880.000     ,1.001       ,17.161      ,0.01634       ,211           ,18.545          ,-24.400       ,0.085               ,-0.268              ,23922.031       ,0.13026           ,0.08940               ,0.000         ,0.000         ,-0.020        ,-0.202        
10:03:34.023128     ,0.803       ,0.880       ,17.146      ,16.660      ,16.931      ,16.160      ,0.879       ,0.439       ,0.353       ,-0.001      ,0.791       ,880.000     ,0.879       ,17.039      ,0.01496       ,193           ,16.963          ,-25.600       ,0.089               ,-0.285              ,23922.023       ,0.13814           ,0.09486               ,0.000         ,0.000         ,-0.016        ,-0.164        
10:03:34.032028     ,0.799       ,0.880       ,17.113      ,16.450      ,16.808      ,16.160      ,0.771       ,0.385       ,0.354       ,0.001       ,0.740       ,880.000     ,0.771       ,16.931      ,0.01358       ,175           ,15.381          ,-26.400       ,0.092               ,-0.300              ,23922.021       ,0.13812           ,0.09996               ,0.000         ,0.000         ,-0.016        ,-0.164        
10:03:34.044077     ,0.799       ,0.880       ,17.113      ,16.360      ,16.697      ,16.160      ,0.647       ,0.324       ,0.354       ,-0.001      ,0.677       ,880.000     ,0.647       ,16.808      ,0.01220       ,157           ,13.799          ,-27.600       ,0.096               ,-0.300              ,23922.008       ,0.13812           ,0.09996               ,0.000         ,0.000         ,-0.012        ,-0.124        
10:03:34.052074     ,0.796       ,0.880       ,17.113      ,16.240      ,16.582      ,16.160      ,0.647       ,0.324       ,0.354       ,-0.001      ,0.677       ,880.000     ,0.647       ,16.808      ,0.01081       ,139           ,12.217          ,-28.400       ,0.099               ,-0.314              ,23922.008       ,0.13800           ,0.10464               ,0.000         ,0.000         ,-0.012        ,-0.124        
10:03:34.062805     ,0.798       ,0.880       ,17.146      ,16.200      ,16.488      ,16.160      ,0.421       ,0.211       ,0.355       ,-0.005      ,0.560       ,880.000     ,0.421       ,16.582      ,0.00943       ,121           ,10.635          ,-29.400       ,0.103               ,-0.327              ,23922.000       ,0.13789           ,0.10896               ,0.000         ,0.000         ,-0.009        ,-0.088        
10:03:34.072028     ,0.801       ,0.880       ,17.162      ,16.130      ,16.391      ,16.160      ,0.230       ,0.115       ,0.355       ,-0.000      ,0.470       ,880.000     ,0.230       ,16.391      ,0.00813       ,104           ,9.141           ,-30.000       ,0.105               ,-0.339              ,23921.996       ,0.13800           ,0.11286               ,0.000         ,0.000         ,-0.009        ,-0.088        
10:03:34.082525     ,0.798       ,0.880       ,17.162      ,16.040      ,16.297      ,16.160      ,0.230       ,0.115       ,0.355       ,-0.000      ,0.470       ,880.000     ,0.230       ,16.391      ,0.00683       ,87            ,7.646           ,-30.800       ,0.108               ,-0.349              ,23921.988       ,0.13049           ,0.11618               ,0.000         ,0.000         ,-0.005        ,-0.053        
10:03:34.092044     ,0.798       ,0.880       ,17.162      ,15.790      ,16.163      ,16.160      ,0.003       ,0.000       ,0.355       ,-0.007      ,0.447       ,880.000     ,0.003       ,16.163      ,0.00552       ,70            ,6.152           ,-31.200       ,0.109               ,-0.349              ,23921.984       ,0.13049           ,0.11618               ,0.000         ,0.000         ,-0.005        ,-0.053        
10:03:34.103174     ,0.801       ,0.880       ,17.113      ,15.710      ,16.043      ,16.160      ,0.003       ,0.000       ,0.355       ,-0.007      ,0.447       ,880.000     ,0.003       ,16.163      ,0.00430       ,54            ,4.746           ,-31.600       ,0.110               ,-0.357              ,23921.979       ,0.13048           ,0.11900               ,0.000         ,0.000         ,-0.002        ,-0.023        
10:03:34.112025     ,0.799       ,0.880       ,17.113      ,15.570      ,15.915      ,16.160      ,-0.246      ,-0.123      ,0.355       ,-0.000      ,0.232       ,880.000     ,-0.246      ,15.915      ,0.00307       ,38            ,3.340           ,-31.800       ,0.111               ,-0.364              ,23921.975       ,0.12270           ,0.12128               ,0.000         ,0.000         ,-0.002        ,-0.023        
10:03:34.122058     ,0.799       ,0.880       ,17.146      ,15.510      ,15.799      ,16.160      ,-0.246      ,-0.123      ,0.355       ,-0.000      ,0.232       ,880.000     ,-0.246      ,15.915      ,0.00192       ,23            ,2.021           ,-32.000       ,0.112               ,-0.369              ,23921.969       ,0.12261           ,0.12299               ,0.000         ,0.000         ,0.001         ,0.005         
10:03:34.132034     ,0.799       ,0.880       ,17.146      ,15.360      ,15.678      ,16.160      ,-0.482      ,-0.241      ,0.354       ,-0.000      ,0.113       ,880.000     ,-0.482      ,15.678      ,0.00084       ,9             ,0.791           ,-32.000       ,0.112               ,-0.373              ,23921.965       ,0.11514           ,0.12422               ,0.000         ,0.000         ,0.001         ,0.005         
10:03:34.142044     ,0.799       ,0.880       ,17.146      ,15.280      ,15.586      ,16.160      ,-0.482      ,-0.241      ,0.354       ,-0.000      ,0.113       ,880.000     ,-0.482      ,15.678      ,-0.00038      ,2147483641    ,359.385         ,-32.000       ,0.112               ,-0.373              ,23921.959       ,0.11514           ,0.12422               ,0.000         ,0.000         ,0.003         ,0.033         
10:03:34.152025     ,0.803       ,0.880       ,17.146      ,15.120      ,15.469      ,16.160      ,-0.692      ,-0.346      ,0.353       ,-0.004      ,0.003       ,880.000     ,-0.692      ,15.469      ,-0.00138      ,2147483628    ,358.242         ,-32.000       ,0.112               ,-0.374              ,23921.955       ,0.10738           ,0.12480               ,0.000         ,0.000         ,0.003         ,0.033         
10:03:34.162032     ,0.803       ,0.880       ,17.146      ,15.020      ,15.353      ,16.160      ,-0.692      ,-0.346      ,0.353       ,-0.004      ,0.003       ,880.000     ,-0.692      ,15.469      ,-0.00238      ,2147483615    ,357.100         ,-31.800       ,0.111               ,-0.374              ,23921.951       ,0.10738           ,0.12480               ,0.000         ,0.000         ,0.006         ,0.056         
10:03:34.172027     ,0.801       ,0.880       ,17.146      ,14.870      ,15.219      ,16.160      ,-0.941      ,-0.470      ,0.352       ,-0.002      ,-0.120      ,880.000     ,-0.941      ,15.219      ,-0.00330      ,2147483603    ,356.045         ,-31.600       ,0.110               ,-0.374              ,23921.947       ,0.09970           ,0.12471               ,0.000         ,0.000         ,0.006         ,0.056         
10:03:34.182028     ,0.801       ,0.880       ,17.146      ,14.830      ,15.109      ,16.160      ,-0.941      ,-0.470      ,0.352       ,-0.002      ,-0.120      ,880.000     ,-0.941      ,15.219      ,-0.00414      ,2147483592    ,355.078         ,-31.200       ,0.109               ,-0.374              ,23921.943       ,0.09970           ,0.12471               ,0.000         ,0.000         ,0.006         ,0.065         
10:03:34.196468     ,0.803       ,0.880       ,17.113      ,14.850      ,15.015      ,16.160      ,-0.941      ,-0.470      ,0.352       ,-0.002      ,-0.120      ,880.000     ,-0.941      ,15.219      ,-0.00499      ,2147483581    ,354.111         ,-30.200       ,0.105               ,-0.372              ,23921.941       ,0.09209           ,0.12395               ,0.000         ,0.000         ,0.006         ,0.060         
10:03:34.202028     ,0.799       ,0.880       ,17.146      ,14.900      ,14.953      ,16.160      ,-1.145      ,-0.573      ,0.351       ,0.002       ,-0.219      ,880.000     ,-1.145      ,15.015      ,-0.00583      ,2147483570    ,353.145         ,-29.200       ,0.102               ,-0.368              ,23921.941       ,0.08443           ,0.12251               ,0.000         ,0.000         ,0.006         ,0.060         
10:03:34.216318     ,0.799       ,0.880       ,17.146      ,15.000      ,14.919      ,16.160      ,-1.145      ,-0.573      ,0.351       ,0.002       ,-0.219      ,880.000     ,-1.145      ,15.015      ,-0.00660      ,2147483560    ,352.266         ,-27.800       ,0.097               ,-0.368              ,23921.941       ,0.08443           ,0.12251               ,0.000         ,0.000         ,0.006         ,0.060         
10:03:34.222069     ,0.801       ,0.880       ,17.129      ,15.000      ,14.907      ,16.160      ,-1.241      ,-0.620      ,0.350       ,0.005       ,-0.265      ,880.000     ,-1.241      ,14.919      ,-0.00729      ,2147483551    ,351.475         ,-26.400       ,0.092               ,-0.361              ,23921.941       ,0.07667           ,0.12036               ,0.000         ,0.000         ,0.006         ,0.060         
10:03:34.233854     ,0.803       ,0.880       ,17.146      ,14.920      ,14.892      ,16.160      ,-1.253      ,-0.627      ,0.349       ,0.004       ,-0.274      ,880.000     ,-1.253      ,14.907      ,-0.00798      ,2147483542    ,350.684         ,-24.400       ,0.085               ,-0.353              ,23921.941       ,0.06884           ,0.11760               ,0.000         ,0.000         ,0.006         ,0.057         
10:03:34.242040     ,0.803       ,0.880       ,17.146      ,14.870      ,14.883      ,16.160      ,-1.277      ,-0.638      ,0.347       ,-0.001      ,-0.292      ,880.000     ,-1.277      ,14.883      ,-0.00867      ,2147483533    ,349.893         ,-23.000       ,0.080               ,-0.353              ,23921.941       ,0.06884           ,0.11760               ,0.000         ,0.000         ,0.006         ,0.057         
10:03:34.252392     ,0.803       ,0.880       ,17.162      ,14.860      ,14.885      ,16.160      ,-1.277      ,-0.638      ,0.347       ,-0.001      ,-0.292      ,880.000     ,-1.277      ,14.883      ,-0.00928      ,2147483525    ,349.189         ,-20.800       ,0.073               ,-0.343              ,23921.941       ,0.06911           ,0.11434               ,0.000         ,0.000         ,0.006         ,0.057         
10:03:34.262028     ,0.796       ,0.880       ,17.162      ,14.870      ,14.885      ,16.160      ,-1.276      ,-0.638      ,0.345       ,-0.000      ,-0.293      ,880.000     ,-1.276      ,14.885      ,-0.00989      ,2147483517    ,348.486         ,-19.200       ,0.067               ,-0.332              ,23921.941       ,0.06131           ,0.11065               ,0.000         ,0.000         ,0.006         ,0.057         
10:03:34.272052     ,0.801       ,0.880       ,17.129      ,14.910      ,14.896      ,16.160      ,-1.276      ,-0.638      ,0.345       ,-0.000      ,-0.293      ,880.000     ,-1.276      ,14.885      ,-0.01043      ,2147483510    ,347.871         ,-17.000       ,0.059               ,-0.320              ,23921.941       ,0.06129           ,0.10659               ,0.000         ,0.000         ,0.006         ,0.057         
10:03:34.282024     ,0.803       ,0.880       ,17.129      ,14.920      ,14.912      ,16.160      ,-1.248      ,-0.624      ,0.342       ,0.000       ,-0.282      ,880.000     ,-1.248      ,14.912      ,-0.01097      ,2147483503    ,347.256         ,-15.600       ,0.054               ,-0.307              ,23921.941       ,0.05372           ,0.10222               ,0.000         ,0.000         ,0.006         ,0.057         
10:03:34.292153     ,0.803       ,0.880       ,17.129      ,14.850      ,14.907      ,16.160      ,-1.248      ,-0.624      ,0.342       ,0.000       ,-0.282      ,880.000     ,-1.248      ,14.912      ,-0.01150      ,2147483496    ,346.641         ,-13.800       ,0.048               ,-0.307              ,23921.941       ,0.05372           ,0.10222               ,0.000         ,0.000         ,0.006         ,0.058         
10:03:34.308448     ,0.801       ,0.880       ,17.129      ,14.770      ,14.879      ,16.160      ,-1.248      ,-0.624      ,0.342       ,0.000       ,-0.282      ,880.000     ,-1.248      ,14.912      ,-0.01204      ,2147483489    ,346.025         ,-12.400       ,0.043               ,-0.293              ,23921.941       ,0.05375           ,0.09770               ,0.000         ,0.000         ,0.006         ,0.064         
10:03:34.312111     ,0.801       ,0.880       ,17.129      ,14.600      ,14.821      ,16.160      ,-1.281      ,-0.641      ,0.341       ,-0.002      ,-0.302      ,880.000     ,-1.281      ,14.879      ,-0.01250      ,2147483483    ,345.498         ,-11.000       ,0.038               ,-0.293              ,23921.941       ,0.05375           ,0.09770               ,0.000         ,0.000         ,0.006         ,0.064         
10:03:34.327397     ,0.803       ,0.880       ,17.146      ,14.510      ,14.752      ,16.160      ,-1.281      ,-0.641      ,0.341       ,-0.002      ,-0.302      ,880.000     ,-1.281      ,14.879      ,-0.01296      ,2147483477    ,344.971         ,-10.000       ,0.035               ,-0.280              ,23921.939       ,0.05386           ,0.09317               ,0.000         ,0.000         ,0.008         ,0.076         
10:03:34.332095     ,0.803       ,0.880       ,17.146      ,14.440      ,14.680      ,16.160      ,-1.408      ,-0.704      ,0.340       ,-0.005      ,-0.369      ,880.000     ,-1.408      ,14.752      ,-0.01342      ,2147483471    ,344.443         ,-9.000        ,0.031               ,-0.280              ,23921.938       ,0.05386           ,0.09317               ,0.000         ,0.000         ,0.008         ,0.076         
10:03:34.346386     ,0.801       ,0.880       ,17.146      ,14.460      ,14.625      ,16.160      ,-1.408      ,-0.704      ,0.340       ,-0.005      ,-0.369      ,880.000     ,-1.408      ,14.752      ,-0.01381      ,2147483466    ,344.004         ,-8.400        ,0.029               ,-0.266              ,23921.936       ,0.04604           ,0.08863               ,0.000         ,0.000         ,0.009         ,0.088         
10:03:34.352047     ,0.799       ,0.880       ,17.146      ,14.530      ,14.584      ,16.160      ,-1.535      ,-0.768      ,0.338       ,0.000       ,-0.429      ,880.000     ,-1.535      ,14.625      ,-0.01419      ,2147483461    ,343.564         ,-8.200        ,0.029               ,-0.252              ,23921.934       ,0.03837           ,0.08408               ,0.000         ,0.000         ,0.009         ,0.088         
10:03:34.366175     ,0.801       ,0.880       ,17.162      ,14.490      ,14.545      ,16.160      ,-1.577      ,-0.788      ,0.337       ,0.004       ,-0.447      ,880.000     ,-1.577      ,14.584      ,-0.01457      ,2147483456    ,343.125         ,-8.200        ,0.029               ,-0.239              ,23921.934       ,0.03833           ,0.07964               ,0.000         ,0.000         ,0.009         ,0.094         
10:03:34.372057     ,0.801       ,0.880       ,17.162      ,14.390      ,14.492      ,16.160      ,-1.577      ,-0.788      ,0.337       ,0.004       ,-0.447      ,880.000     ,-1.577      ,14.584      ,-0.01496      ,2147483451    ,342.686         ,-8.400        ,0.029               ,-0.239              ,23921.932       ,0.03833           ,0.07964               ,0.000         ,0.000         ,0.009         ,0.094         
10:03:34.383837     ,0.798       ,0.880       ,17.162      ,14.380      ,14.451      ,16.160      ,-1.668      ,-0.834      ,0.335       ,-0.003      ,-0.502      ,880.000     ,-1.668      ,14.492      ,-0.01534      ,2147483446    ,342.246         ,-8.400        ,0.029               ,-0.226              ,23921.930       ,0.03838           ,0.07540               ,0.000         ,0.000         ,0.011         ,0.107         
10:03:34.392210     ,0.801       ,0.880       ,17.179      ,14.310      ,14.405      ,16.160      ,-1.709      ,-0.855      ,0.333       ,0.003       ,-0.519      ,880.000     ,-1.709      ,14.451      ,-0.01572      ,2147483441    ,341.807         ,-8.400        ,0.029               ,-0.214              ,23921.930       ,0.03833           ,0.07134               ,0.000         ,0.000         ,0.011         ,0.107         
10:03:34.402541     ,0.798       ,0.880       ,17.129      ,14.260      ,14.355      ,16.160      ,-1.756      ,-0.878      ,0.331       ,-0.000      ,-0.547      ,880.000     ,-1.756      ,14.405      ,-0.01611      ,2147483436    ,341.367         ,-8.400        ,0.029               ,-0.203              ,23921.928       ,0.03838           ,0.06755               ,0.000         ,0.000         ,0.010         ,0.103         
10:03:34.412181     ,0.799       ,0.880       ,17.162      ,14.190      ,14.318      ,16.160      ,-1.805      ,-0.902      ,0.330       ,-0.000      ,-0.573      ,880.000     ,-1.805      ,14.355      ,-0.01641      ,2147483432    ,341.016         ,-8.200        ,0.029               ,-0.192              ,23921.926       ,0.03832           ,0.06398               ,0.000         ,0.000         ,0.010         ,0.103         
10:03:34.424396     ,0.798       ,0.880       ,17.146      ,14.220      ,14.306      ,16.160      ,-1.843      ,-0.921      ,0.328       ,0.001       ,-0.593      ,880.000     ,-1.843      ,14.318      ,-0.01680      ,2147483427    ,340.576         ,-8.000        ,0.028               ,-0.182              ,23921.924       ,0.03065           ,0.06060               ,0.000         ,0.000         ,0.012         ,0.116         
10:03:34.432134     ,0.801       ,0.880       ,17.146      ,14.260      ,14.291      ,16.160      ,-1.854      ,-0.927      ,0.326       ,0.001       ,-0.600      ,880.000     ,-1.854      ,14.306      ,-0.01718      ,2147483422    ,340.137         ,-8.000        ,0.028               ,-0.172              ,23921.924       ,0.03841           ,0.05749               ,0.000         ,0.000         ,0.012         ,0.116         
10:03:34.445303     ,0.803       ,0.880       ,17.129      ,14.260      ,14.291      ,16.160      ,-1.869      ,-0.935      ,0.324       ,-0.000      ,-0.611      ,880.000     ,-1.869      ,14.291      ,-0.01749      ,2147483418    ,339.785         ,-8.000        ,0.028               ,-0.164              ,23921.924       ,0.03831           ,0.05462               ,0.000         ,0.000         ,0.013         ,0.126         
10:03:34.452282     ,0.796       ,0.880       ,17.162      ,14.100      ,14.220      ,16.160      ,-1.895      ,-0.948      ,0.322       ,-0.001      ,-0.626      ,880.000     ,-1.895      ,14.265      ,-0.01787      ,2147483413    ,339.346         ,-8.000        ,0.028               ,-0.156              ,23921.922       ,0.03062           ,0.05195               ,0.000         ,0.000         ,0.013         ,0.126         
10:03:34.464192     ,0.803       ,0.880       ,17.146      ,14.100      ,14.189      ,16.160      ,-1.940      ,-0.970      ,0.320       ,-0.001      ,-0.651      ,880.000     ,-1.940      ,14.220      ,-0.01818      ,2147483409    ,338.994         ,-8.000        ,0.028               ,-0.149              ,23921.920       ,0.03844           ,0.04968               ,0.000         ,0.000         ,0.014         ,0.136         
10:03:34.472199     ,0.799       ,0.880       ,17.129      ,14.070      ,14.150      ,16.160      ,-1.971      ,-0.986      ,0.318       ,0.001       ,-0.667      ,880.000     ,-1.971      ,14.189      ,-0.01856      ,2147483404    ,338.555         ,-8.000        ,0.028               ,-0.143              ,23921.918       ,0.03065           ,0.04764               ,0.000         ,0.000         ,0.014         ,0.136         
10:03:34.482848     ,0.803       ,0.880       ,17.179      ,14.060      ,14.112      ,16.160      ,-2.010      ,-1.005      ,0.316       ,-0.000      ,-0.689      ,880.000     ,-2.010      ,14.150      ,-0.01894      ,2147483399    ,338.115         ,-8.000        ,0.028               ,-0.138              ,23921.916       ,0.03827           ,0.04590               ,0.000         ,0.000         ,0.014         ,0.144         
10:03:34.492207     ,0.799       ,0.880       ,17.146      ,14.030      ,14.084      ,16.160      ,-2.048      ,-1.024      ,0.314       ,-0.000      ,-0.710      ,880.000     ,-2.048      ,14.112      ,-0.01925      ,2147483395    ,337.764         ,-8.000        ,0.028               ,-0.133              ,23921.916       ,0.03846           ,0.04442               ,0.000         ,0.000         ,0.014         ,0.144         
10:03:34.502450     ,0.799       ,0.880       ,17.129      ,14.020      ,14.075      ,16.160      ,-2.076      ,-1.038      ,0.312       ,0.001       ,-0.725      ,880.000     ,-2.076      ,14.084      ,-0.01963      ,2147483390    ,337.324         ,-8.000        ,0.028               ,-0.129              ,23921.914       ,0.03072           ,0.04305               ,0.000         ,0.000         ,0.015         ,0.152         
10:03:34.512350     ,0.798       ,0.880       ,17.162      ,13.950      ,14.047      ,16.160      ,-2.085      ,-1.043      ,0.310       ,0.001       ,-0.732      ,880.000     ,-2.085      ,14.075      ,-0.02002      ,2147483385    ,336.885         ,-8.000        ,0.028               ,-0.126              ,23921.912       ,0.03833           ,0.04188               ,0.000         ,0.000         ,0.015         ,0.152         
10:03:34.522287     ,0.796       ,0.880       ,17.162      ,13.890      ,14.011      ,16.160      ,-2.114      ,-1.057      ,0.308       ,-0.001      ,-0.750      ,880.000     ,-2.114      ,14.047      ,-0.02040      ,2147483380    ,336.445         ,-8.000        ,0.028               ,-0.123              ,23921.910       ,0.03826           ,0.04101               ,0.000         ,0.000         ,0.016         ,0.161         
10:03:34.532268     ,0.798       ,0.880       ,17.146      ,13.830      ,13.968      ,16.160      ,-2.149      ,-1.074      ,0.306       ,-0.000      ,-0.769      ,880.000     ,-2.149      ,14.011      ,-0.02079      ,2147483375    ,336.006         ,-8.000        ,0.028               ,-0.121              ,23921.910       ,0.03845           ,0.04026               ,0.000         ,0.000         ,0.016         ,0.161         
10:03:34.542085     ,0.798       ,0.880       ,17.146      ,13.800      ,13.926      ,16.160      ,-2.192      ,-1.096      ,0.304       ,-0.000      ,-0.793      ,880.000     ,-2.192      ,13.968      ,-0.02125      ,2147483369    ,335.479         ,-8.000        ,0.028               ,-0.121              ,23921.908       ,0.03845           ,0.04026               ,0.000         ,0.000         ,0.017         ,0.173         
10:03:34.552235     ,0.801       ,0.880       ,17.146      ,13.800      ,13.886      ,16.160      ,-2.192      ,-1.096      ,0.304       ,-0.000      ,-0.793      ,880.000     ,-2.192      ,13.968      ,-0.02163      ,2147483364    ,335.039         ,-8.000        ,0.028               ,-0.119              ,23921.906       ,0.03833           ,0.03963               ,0.000         ,0.000         ,0.017         ,0.173         
10:03:34.562030     ,0.801       ,0.880       ,17.146      ,13.790      ,13.853      ,16.160      ,-2.275      ,-1.137      ,0.301       ,-0.002      ,-0.838      ,880.000     ,-2.275      ,13.886      ,-0.02209      ,2147483358    ,334.512         ,-8.200        ,0.029               ,-0.119              ,23921.904       ,0.03833           ,0.03963               ,0.000         ,0.000         ,0.018         ,0.183         
10:03:34.572416     ,0.801       ,0.880       ,17.162      ,13.750      ,13.820      ,16.160      ,-2.275      ,-1.137      ,0.301       ,-0.002      ,-0.838      ,880.000     ,-2.275      ,13.886      ,-0.02255      ,2147483352    ,333.984         ,-8.400        ,0.029               ,-0.118              ,23921.902       ,0.03840           ,0.03921               ,0.000         ,0.000         ,0.018         ,0.183         
10:03:34.583342     ,0.799       ,0.880       ,17.179      ,13.680      ,13.782      ,16.160      ,-2.341      ,-1.170      ,0.299       ,0.001       ,-0.871      ,880.000     ,-2.341      ,13.820      ,-0.02301      ,2147483346    ,333.457         ,-8.600        ,0.030               ,-0.117              ,23921.900       ,0.04610           ,0.03897               ,0.000         ,0.000         ,0.020         ,0.201         
10:03:34.592373     ,0.801       ,0.880       ,17.179      ,13.590      ,13.737      ,16.160      ,-2.378      ,-1.189      ,0.297       ,0.001       ,-0.891      ,880.000     ,-2.378      ,13.782      ,-0.02347      ,2147483340    ,332.930         ,-8.800        ,0.031               ,-0.117              ,23921.898       ,0.04598           ,0.03899               ,0.000         ,0.000         ,0.020         ,0.201         
10:03:34.603340     ,0.799       ,0.880       ,17.162      ,13.550      ,13.691      ,16.160      ,-2.423      ,-1.212      ,0.294       ,-0.000      ,-0.918      ,880.000     ,-2.423      ,13.737      ,-0.02401      ,2147483333    ,332.314         ,-9.200        ,0.032               ,-0.117              ,23921.896       ,0.04608           ,0.03913               ,0.000         ,0.000         ,0.021         ,0.210         
10:03:34.612348     ,0.799       ,0.880       ,17.146      ,13.510      ,13.644      ,16.160      ,-2.470      ,-1.235      ,0.292       ,-0.000      ,-0.943      ,880.000     ,-2.470      ,13.691      ,-0.02454      ,2147483326    ,331.699         ,-9.400        ,0.033               ,-0.118              ,23921.895       ,0.05366           ,0.03948               ,0.000         ,0.000         ,0.021         ,0.210         
10:03:34.623374     ,0.801       ,0.880       ,17.146      ,13.490      ,13.602      ,16.160      ,-2.516      ,-1.258      ,0.289       ,-0.000      ,-0.969      ,880.000     ,-2.516      ,13.644      ,-0.02508      ,2147483319    ,331.084         ,-9.600        ,0.034               ,-0.120              ,23921.893       ,0.05347           ,0.04011               ,0.000         ,0.000         ,0.023         ,0.227         
10:03:34.632272     ,0.801       ,0.880       ,17.162      ,13.530      ,13.574      ,16.160      ,-2.558      ,-1.279      ,0.287       ,0.000       ,-0.992      ,880.000     ,-2.558      ,13.602      ,-0.02569      ,2147483311    ,330.381         ,-9.800        ,0.034               ,-0.123              ,23921.889       ,0.05390           ,0.04088               ,0.000         ,0.000         ,0.023         ,0.227         
10:03:34.645550     ,0.799       ,0.880       ,17.162      ,13.540      ,13.554      ,16.160      ,-2.586      ,-1.293      ,0.284       ,0.001       ,-1.008      ,880.000     ,-2.586      ,13.574      ,-0.02569      ,2147483311    ,330.381         ,-10.200       ,0.036               ,-0.126              ,23921.889       ,0.06136           ,0.04189               ,0.000         ,0.000         ,0.024         ,0.244         
10:03:34.652424     ,0.801       ,0.880       ,17.146      ,13.460      ,13.520      ,16.160      ,-2.606      ,-1.303      ,0.281       ,0.000       ,-1.021      ,880.000     ,-2.606      ,13.554      ,-0.02684      ,2147483296    ,329.062         ,-10.400       ,0.036               ,-0.129              ,23921.885       ,0.06136           ,0.04308               ,0.000         ,0.000         ,0.024         ,0.244         
10:03:34.665424     ,0.799       ,0.880       ,17.162      ,13.380      ,13.481      ,16.160      ,-2.641      ,-1.320      ,0.279       ,-0.001      ,-1.042      ,880.000     ,-2.641      ,13.520      ,-0.02753      ,2147483287    ,328.271         ,-10.800       ,0.038               ,-0.133              ,23921.881       ,0.05753           ,0.04439               ,0.000         ,0.000         ,0.026         ,0.262         
10:03:34.672425     ,0.799       ,0.880       ,17.162      ,13.260      ,13.435      ,16.160      ,-2.641      ,-1.320      ,0.279       ,-0.001      ,-1.042      ,880.000     ,-2.641      ,13.520      ,-0.02815      ,2147483279    ,327.568         ,-11.200       ,0.039               ,-0.133              ,23921.881       ,0.05753           ,0.04439               ,0.000         ,0.000         ,0.026         ,0.262         
10:03:34.685254     ,0.803       ,0.880       ,17.162      ,13.220      ,13.386      ,16.160      ,-2.726      ,-1.363      ,0.276       ,-0.003      ,-1.089      ,880.000     ,-2.726      ,13.435      ,-0.02884      ,2147483270    ,326.777         ,-11.600       ,0.040               ,-0.138              ,23921.877       ,0.06136           ,0.04584               ,0.000         ,0.000         ,0.028         ,0.279         
10:03:34.692557     ,0.801       ,0.880       ,17.179      ,13.180      ,13.337      ,16.160      ,-2.774      ,-1.387      ,0.273       ,0.002       ,-1.112      ,880.000     ,-2.774      ,13.386      ,-0.02953      ,2147483261    ,325.986         ,-11.800       ,0.041               ,-0.142              ,23921.873       ,0.06904           ,0.04742               ,0.000         ,0.000         ,0.028         ,0.279         
10:03:34.704037     ,0.801       ,0.880       ,17.162      ,13.120      ,13.289      ,16.160      ,-2.824      ,-1.412      ,0.271       ,-0.000      ,-1.141      ,880.000     ,-2.824      ,13.337      ,-0.03022      ,2147483252    ,325.195         ,-12.200       ,0.043               ,-0.147              ,23921.871       ,0.06902           ,0.04911               ,0.000         ,0.000         ,0.030         ,0.298         
10:03:34.712542     ,0.801       ,0.880       ,17.179      ,13.070      ,13.237      ,16.160      ,-2.871      ,-1.436      ,0.268       ,0.000       ,-1.168      ,880.000     ,-2.871      ,13.289      ,-0.03091      ,2147483243    ,324.404         ,-12.400       ,0.043               ,-0.153              ,23921.869       ,0.06901           ,0.05089               ,0.000         ,0.000         ,0.030         ,0.298         
10:03:34.723811     ,0.801       ,0.880       ,17.162      ,13.070      ,13.194      ,16.160      ,-2.923      ,-1.461      ,0.265       ,-0.000      ,-1.197      ,880.000     ,-2.923      ,13.237      ,-0.03160      ,2147483234    ,323.613         ,-12.800       ,0.045               ,-0.158              ,23921.865       ,0.06899           ,0.05263               ,0.000         ,0.000         ,0.031         ,0.312         
10:03:34.732494     ,0.801       ,0.880       ,17.146      ,13.040      ,13.139      ,16.160      ,-2.967      ,-1.483      ,0.262       ,0.000       ,-1.221      ,880.000     ,-2.967      ,13.194      ,-0.03237      ,2147483224    ,322.734         ,-13.200       ,0.046               ,-0.163              ,23921.863       ,0.06915           ,0.05435               ,0.000         ,0.000         ,0.031         ,0.312         
10:03:34.744836     ,0.801       ,0.880       ,17.146      ,12.970      ,13.078      ,16.160      ,-3.021      ,-1.510      ,0.259       ,-0.001      ,-1.252      ,880.000     ,-3.021      ,13.139      ,-0.03313      ,2147483214    ,321.855         ,-13.800       ,0.048               ,-0.168              ,23921.859       ,0.07665           ,0.05615               ,0.000         ,0.000         ,0.034         ,0.338         
10:03:34.752441     ,0.798       ,0.880       ,17.129      ,12.850      ,13.014      ,16.160      ,-3.082      ,-1.541      ,0.256       ,-0.000      ,-1.286      ,880.000     ,-3.082      ,13.078      ,-0.03382      ,2147483205    ,321.064         ,-14.200       ,0.050               ,-0.174              ,23921.855       ,0.07675           ,0.05791               ,0.000         ,0.000         ,0.034         ,0.338         
10:03:34.763734     ,0.796       ,0.880       ,17.211      ,12.850      ,12.970      ,16.160      ,-3.146      ,-1.573      ,0.252       ,-0.000      ,-1.321      ,880.000     ,-3.146      ,13.014      ,-0.03459      ,2147483195    ,320.186         ,-14.600       ,0.051               ,-0.179              ,23921.854       ,0.06900           ,0.05952               ,0.000         ,0.000         ,0.035         ,0.354         
10:03:34.772037     ,0.798       ,0.880       ,17.162      ,12.830      ,12.929      ,16.160      ,-3.231      ,-1.616      ,0.246       ,0.000       ,-1.369      ,880.000     ,-3.231      ,12.929      ,-0.03536      ,2147483185    ,319.307         ,-14.800       ,0.052               ,-0.184              ,23921.850       ,0.07658           ,0.06117               ,0.000         ,0.000         ,0.035         ,0.354         
10:03:34.785448     ,0.799       ,0.880       ,17.129      ,12.720      ,12.877      ,16.160      ,-3.231      ,-1.616      ,0.246       ,0.000       ,-1.369      ,880.000     ,-3.231      ,12.929      ,-0.03613      ,2147483175    ,318.428         ,-15.200       ,0.053               ,-0.188              ,23921.846       ,0.07681           ,0.06281               ,0.000         ,0.000         ,0.038         ,0.378         
10:03:34.792028     ,0.799       ,0.880       ,17.146      ,12.670      ,12.829      ,16.160      ,-3.331      ,-1.666      ,0.239       ,0.000       ,-1.426      ,880.000     ,-3.331      ,12.829      ,-0.03689      ,2147483165    ,317.549         ,-15.400       ,0.054               ,-0.193              ,23921.844       ,0.07668           ,0.06432               ,0.000         ,0.000         ,0.038         ,0.378         
10:03:34.803079     ,0.796       ,0.880       ,17.179      ,12.600      ,12.785      ,16.160      ,-3.331      ,-1.666      ,0.239       ,0.000       ,-1.426      ,880.000     ,-3.331      ,12.829      ,-0.03766      ,2147483155    ,316.670         ,-15.600       ,0.054               ,-0.197              ,23921.840       ,0.07679           ,0.06572               ,0.000         ,0.000         ,0.040         ,0.396         
10:03:34.812681     ,0.803       ,0.880       ,17.162      ,12.490      ,12.714      ,16.160      ,-3.375      ,-1.688      ,0.236       ,0.000       ,-1.451      ,880.000     ,-3.375      ,12.785      ,-0.03835      ,2147483146    ,315.879         ,-15.800       ,0.055               ,-0.201              ,23921.836       ,0.07629           ,0.06702               ,0.000         ,0.000         ,0.040         ,0.396         
10:03:34.823763     ,0.799       ,0.880       ,17.146      ,12.450      ,12.640      ,16.160      ,-3.446      ,-1.723      ,0.233       ,-0.001      ,-1.492      ,880.000     ,-3.446      ,12.714      ,-0.03912      ,2147483136    ,315.000         ,-16.200       ,0.057               ,-0.204              ,23921.836       ,0.06930           ,0.06812               ,0.000         ,0.000         ,0.041         ,0.413         
10:03:34.832020     ,0.798       ,0.880       ,17.179      ,12.420      ,12.579      ,16.160      ,-3.581      ,-1.790      ,0.226       ,0.001       ,-1.564      ,880.000     ,-3.581      ,12.579      ,-0.03981      ,2147483127    ,314.209         ,-16.400       ,0.057               ,-0.208              ,23921.832       ,0.07681           ,0.06918               ,0.000         ,0.000         ,0.041         ,0.413         
10:03:34.842515     ,0.801       ,0.880       ,17.179      ,12.370      ,12.515      ,16.160      ,-3.581      ,-1.790      ,0.226       ,0.001       ,-1.564      ,880.000     ,-3.581      ,12.579      ,-0.04050      ,2147483118    ,313.418         ,-16.600       ,0.058               ,-0.210              ,23921.828       ,0.06900           ,0.06996               ,0.000         ,0.000         ,0.043         ,0.428         
10:03:34.852032     ,0.796       ,0.880       ,17.179      ,12.340      ,12.456      ,16.160      ,-3.704      ,-1.852      ,0.218       ,0.000       ,-1.633      ,880.000     ,-3.704      ,12.456      ,-0.04119      ,2147483109    ,312.627         ,-16.800       ,0.059               ,-0.212              ,23921.826       ,0.06907           ,0.07051               ,0.000         ,0.000         ,0.043         ,0.428         
10:03:34.863162     ,0.801       ,0.880       ,17.162      ,12.270      ,12.404      ,16.160      ,-3.704      ,-1.852      ,0.218       ,0.000       ,-1.633      ,880.000     ,-3.704      ,12.456      ,-0.04180      ,2147483101    ,311.924         ,-17.000       ,0.059               ,-0.213              ,23921.824       ,0.06895           ,0.07098               ,0.000         ,0.000         ,0.045         ,0.448         
10:03:34.872056     ,0.799       ,0.880       ,17.162      ,12.240      ,12.355      ,16.160      ,-3.806      ,-1.903      ,0.211       ,0.000       ,-1.692      ,880.000     ,-3.806      ,12.355      ,-0.04249      ,2147483092    ,311.133         ,-17.000       ,0.059               ,-0.213              ,23921.820       ,0.06132           ,0.07115               ,0.000         ,0.000         ,0.045         ,0.448         
10:03:34.882025     ,0.801       ,0.880       ,17.129      ,12.190      ,12.305      ,16.160      ,-3.856      ,-1.928      ,0.207       ,-0.000      ,-1.721      ,880.000     ,-3.856      ,12.305      ,-0.04310      ,2147483084    ,310.430         ,-17.000       ,0.059               ,-0.214              ,23921.818       ,0.06914           ,0.07118               ,0.000         ,0.000         ,0.047         ,0.475         
10:03:34.892030     ,0.799       ,0.880       ,17.179      ,12.190      ,12.268      ,16.160      ,-3.893      ,-1.946      ,0.203       ,0.001       ,-1.743      ,880.000     ,-3.893      ,12.268      ,-0.04364      ,2147483077    ,309.814         ,-17.000       ,0.059               ,-0.213              ,23921.816       ,0.06129           ,0.07097               ,0.000         ,0.000         ,0.047         ,0.475         
10:03:34.902031     ,0.799       ,0.880       ,17.179      ,12.140      ,12.228      ,16.160      ,-3.893      ,-1.946      ,0.203       ,0.001       ,-1.743      ,880.000     ,-3.893      ,12.268      ,-0.04426      ,2147483069    ,309.111         ,-17.000       ,0.059               ,-0.213              ,23921.812       ,0.06129           ,0.07097               ,0.000         ,0.000         ,0.048         ,0.478         
10:03:34.918408     ,0.799       ,0.880       ,17.162      ,12.090      ,12.194      ,16.160      ,-3.893      ,-1.946      ,0.203       ,0.001       ,-1.743      ,880.000     ,-3.893      ,12.268      ,-0.04479      ,2147483062    ,308.496         ,-16.800       ,0.059               ,-0.211              ,23921.811       ,0.05375           ,0.07045               ,0.000         ,0.000         ,0.049         ,0.489         
10:03:34.922036     ,0.799       ,0.880       ,17.162      ,12.040      ,12.155      ,16.160      ,-3.967      ,-1.983      ,0.199       ,-0.002      ,-1.786      ,880.000     ,-3.967      ,12.194      ,-0.04541      ,2147483054    ,307.793         ,-16.600       ,0.058               ,-0.211              ,23921.809       ,0.05375           ,0.07045               ,0.000         ,0.000         ,0.049         ,0.489         
10:03:34.938099     ,0.798       ,0.880       ,17.129      ,12.030      ,12.123      ,16.160      ,-3.967      ,-1.983      ,0.199       ,-0.002      ,-1.786      ,880.000     ,-3.967      ,12.194      ,-0.04594      ,2147483047    ,307.178         ,-16.400       ,0.057               ,-0.209              ,23921.807       ,0.05365           ,0.06967               ,0.000         ,0.000         ,0.050         ,0.500         
10:03:34.942038     ,0.798       ,0.880       ,17.129      ,12.000      ,12.084      ,16.160      ,-4.037      ,-2.018      ,0.195       ,0.000       ,-1.823      ,880.000     ,-4.037      ,12.123      ,-0.04640      ,2147483041    ,306.650         ,-16.200       ,0.057               ,-0.209              ,23921.803       ,0.05365           ,0.06967               ,0.000         ,0.000         ,0.050         ,0.500         
10:03:34.956684     ,0.801       ,0.880       ,17.179      ,11.930      ,12.043      ,16.160      ,-4.037      ,-2.018      ,0.195       ,0.000       ,-1.823      ,880.000     ,-4.037      ,12.123      ,-0.04694      ,2147483034    ,306.035         ,-16.000       ,0.056               ,-0.206              ,23921.801       ,0.05360           ,0.06876               ,0.000         ,0.000         ,0.052         ,0.516         
10:03:34.962023     ,0.799       ,0.880       ,17.129      ,11.890      ,12.004      ,16.160      ,-4.156      ,-2.078      ,0.187       ,0.002       ,-1.890      ,880.000     ,-4.156      ,12.004      ,-0.04748      ,2147483027    ,305.420         ,-16.000       ,0.056               ,-0.203              ,23921.801       ,0.05364           ,0.06765               ,0.000         ,0.000         ,0.052         ,0.516         
10:03:34.976325     ,0.803       ,0.880       ,17.179      ,11.890      ,11.973      ,16.160      ,-4.156      ,-2.078      ,0.187       ,0.002       ,-1.890      ,880.000     ,-4.156      ,12.004      ,-0.04794      ,2147483021    ,304.893         ,-15.800       ,0.055               ,-0.199              ,23921.799       ,0.05362           ,0.06647               ,0.000         ,0.000         ,0.052         ,0.517         
10:03:34.982028     ,0.803       ,0.880       ,17.179      ,11.930      ,11.949      ,16.160      ,-4.211      ,-2.106      ,0.182       ,-0.001      ,-1.924      ,880.000     ,-4.211      ,11.949      ,-0.04840      ,2147483015    ,304.365         ,-15.600       ,0.054               ,-0.199              ,23921.797       ,0.05362           ,0.06647               ,0.000         ,0.000         ,0.052         ,0.517         
10:03:34.994984     ,0.799       ,0.880       ,17.179      ,11.910      ,11.923      ,16.160      ,-4.211      ,-2.106      ,0.182       ,-0.001      ,-1.924      ,880.000     ,-4.211      ,11.949      ,-0.04886      ,2147483009    ,303.838         ,-15.200       ,0.053               ,-0.195              ,23921.795       ,0.04593           ,0.06513               ,0.000         ,0.000         ,0.053         ,0.531         
10:03:35.002029     ,0.799       ,0.880       ,17.146      ,11.740      ,11.882      ,16.160      ,-4.279      ,-2.139      ,0.174       ,-0.001      ,-1.966      ,880.000     ,-4.279      ,11.882      ,-0.04924      ,2147483004    ,303.398         ,-14.800       ,0.052               ,-0.191              ,23921.793       ,0.04610           ,0.06364               ,0.000         ,0.000         ,0.053         ,0.531         
10:03:35.013632     ,0.798       ,0.880       ,17.146      ,11.740      ,11.854      ,16.160      ,-4.279      ,-2.139      ,0.174       ,-0.001      ,-1.966      ,880.000     ,-4.279      ,11.882      ,-0.04970      ,2147482998    ,302.871         ,-14.200       ,0.050               ,-0.186              ,23921.793       ,0.03832           ,0.06203               ,0.000         ,0.000         ,0.054         ,0.542         
10:03:35.022040     ,0.801       ,0.880       ,17.162      ,11.740      ,11.828      ,16.160      ,-4.333      ,-2.166      ,0.165       ,0.000       ,-2.001      ,880.000     ,-4.333      ,11.828      ,-0.05008      ,2147482993    ,302.432         ,-13.800       ,0.048               ,-0.181              ,23921.791       ,0.04599           ,0.06031               ,0.000         ,0.000         ,0.054         ,0.542         
10:03:35.032026     ,0.801       ,0.880       ,17.162      ,11.720      ,11.791      ,16.160      ,-4.369      ,-2.184      ,0.161       ,-0.001      ,-2.024      ,880.000     ,-4.369      ,11.791      ,-0.05047      ,2147482988    ,301.992         ,-13.400       ,0.047               ,-0.176              ,23921.789       ,0.03841           ,0.05851               ,0.000         ,0.000         ,0.055         ,0.547         
10:03:35.042034     ,0.799       ,0.880       ,17.129      ,11.610      ,11.741      ,16.160      ,-4.419      ,-2.210      ,0.156       ,-0.001      ,-2.054      ,880.000     ,-4.419      ,11.741      ,-0.05077      ,2147482984    ,301.641         ,-13.200       ,0.046               ,-0.170              ,23921.787       ,0.03832           ,0.05675               ,0.000         ,0.000         ,0.055         ,0.547         
10:03:35.052041     ,0.799       ,0.880       ,17.129      ,11.610      ,11.721      ,16.160      ,-4.419      ,-2.210      ,0.156       ,-0.001      ,-2.054      ,880.000     ,-4.419      ,11.741      ,-0.05116      ,2147482979    ,301.201         ,-12.800       ,0.045               ,-0.170              ,23921.785       ,0.03832           ,0.05675               ,0.000         ,0.000         ,0.056         ,0.559         
10:03:35.068483     ,0.803       ,0.880       ,17.162      ,11.650      ,11.697      ,16.160      ,-4.419      ,-2.210      ,0.156       ,-0.001      ,-2.054      ,880.000     ,-4.419      ,11.741      ,-0.05147      ,2147482975    ,300.850         ,-12.600       ,0.044               ,-0.165              ,23921.783       ,0.03070           ,0.05491               ,0.000         ,0.000         ,0.057         ,0.565         
10:03:35.072033     ,0.803       ,0.880       ,17.162      ,11.660      ,11.669      ,16.160      ,-4.463      ,-2.231      ,0.152       ,0.000       ,-2.079      ,880.000     ,-4.463      ,11.697      ,-0.05177      ,2147482971    ,300.498         ,-12.200       ,0.043               ,-0.165              ,23921.783       ,0.03070           ,0.05491               ,0.000         ,0.000         ,0.057         ,0.565         
10:03:35.087208     ,0.803       ,0.880       ,17.146      ,11.590      ,11.631      ,16.160      ,-4.463      ,-2.231      ,0.152       ,0.000       ,-2.079      ,880.000     ,-4.463      ,11.697      ,-0.05208      ,2147482967    ,300.146         ,-11.800       ,0.041               ,-0.159              ,23921.783       ,0.03068           ,0.05300               ,0.000         ,0.000         ,0.057         ,0.572         
10:03:35.092035     ,0.803       ,0.880       ,17.146      ,11.530      ,11.609      ,16.160      ,-4.529      ,-2.265      ,0.147       ,-0.001      ,-2.118      ,880.000     ,-4.529      ,11.631      ,-0.05231      ,2147482964    ,299.883         ,-11.400       ,0.040               ,-0.159              ,23921.781       ,0.03068           ,0.05300               ,0.000         ,0.000         ,0.057         ,0.572         
10:03:35.105774     ,0.796       ,0.880       ,17.162      ,11.570      ,11.598      ,16.160      ,-4.529      ,-2.265      ,0.147       ,-0.001      ,-2.118      ,880.000     ,-4.529      ,11.631      ,-0.05254      ,2147482961    ,299.619         ,-11.000       ,0.038               ,-0.153              ,23921.781       ,0.03066           ,0.05103               ,0.000         ,0.000         ,0.058         ,0.583         
10:03:35.112033     ,0.799       ,0.880       ,17.146      ,11.630      ,11.592      ,16.160      ,-4.563      ,-2.281      ,0.143       ,0.002       ,-2.137      ,880.000     ,-4.563      ,11.598      ,-0.05277      ,2147482958    ,299.355         ,-10.600       ,0.037               ,-0.147              ,23921.779       ,0.02298           ,0.04889               ,0.000         ,0.000         ,0.058         ,0.583         
10:03:35.124429     ,0.799       ,0.880       ,17.129      ,11.610      ,11.582      ,16.160      ,-4.569      ,-2.284      ,0.138       ,0.001       ,-2.145      ,880.000     ,-4.569      ,11.592      ,-0.05300      ,2147482955    ,299.092         ,-10.200       ,0.036               ,-0.140              ,23921.779       ,0.02301           ,0.04674               ,0.000         ,0.000         ,0.058         ,0.577         
10:03:35.132106     ,0.799       ,0.880       ,17.129      ,11.590      ,11.583      ,16.160      ,-4.569      ,-2.284      ,0.138       ,0.001       ,-2.145      ,880.000     ,-4.569      ,11.592      ,-0.05308      ,2147482954    ,299.004         ,-9.800        ,0.034               ,-0.140              ,23921.777       ,0.02301           ,0.04674               ,0.000         ,0.000         ,0.058         ,0.577         
10:03:35.142030     ,0.799       ,0.880       ,17.179      ,11.610      ,11.596      ,16.160      ,-4.564      ,-2.282      ,0.129       ,0.001       ,-2.152      ,880.000     ,-4.564      ,11.596      ,-0.05323      ,2147482952    ,298.828         ,-9.200        ,0.032               ,-0.133              ,23921.777       ,0.00766           ,0.04433               ,0.000         ,0.000         ,0.058         ,0.580         
10:03:35.152029     ,0.801       ,0.880       ,17.146      ,11.670      ,11.608      ,16.160      ,-4.552      ,-2.276      ,0.125       ,-0.000      ,-2.151      ,880.000     ,-4.552      ,11.608      ,-0.05331      ,2147482951    ,298.740         ,-8.800        ,0.031               ,-0.126              ,23921.777       ,0.01537           ,0.04194               ,0.000         ,0.000         ,0.058         ,0.580         
10:03:35.163753     ,0.801       ,0.880       ,17.146      ,11.710      ,11.616      ,16.160      ,-4.552      ,-2.276      ,0.125       ,-0.000      ,-2.151      ,880.000     ,-4.552      ,11.608      ,-0.05331      ,2147482951    ,298.740         ,-8.200        ,0.029               ,-0.118              ,23921.777       ,0.00764           ,0.03933               ,0.000         ,0.000         ,0.058         ,0.578         
10:03:35.172034     ,0.803       ,0.880       ,17.146      ,11.710      ,11.631      ,16.160      ,-4.529      ,-2.265      ,0.116       ,0.000       ,-2.149      ,880.000     ,-4.529      ,11.631      ,-0.05331      ,2147482951    ,298.740         ,-7.800        ,0.027               ,-0.110              ,23921.777       ,0.00000           ,0.03653               ,0.000         ,0.000         ,0.058         ,0.578         
10:03:35.182286     ,0.801       ,0.880       ,17.162      ,11.950      ,11.693      ,16.160      ,-4.529      ,-2.265      ,0.116       ,0.000       ,-2.149      ,880.000     ,-4.529      ,11.631      ,-0.05331      ,2147482951    ,298.740         ,-7.200        ,0.025               ,-0.101              ,23921.777       ,0.00000           ,0.03358               ,0.000         ,0.000         ,0.058         ,0.577         
10:03:35.192034     ,0.796       ,0.880       ,17.179      ,12.130      ,11.774      ,16.160      ,-4.386      ,-2.193      ,0.107       ,0.001       ,-2.085      ,880.000     ,-4.386      ,11.774      ,-0.05331      ,2147482951    ,298.740         ,-6.800        ,0.024               ,-0.092              ,23921.777       ,0.00000           ,0.03062               ,0.000         ,0.000         ,0.058         ,0.577         
10:03:35.203040     ,0.799       ,0.880       ,17.162      ,12.340      ,11.876      ,16.160      ,-4.386      ,-2.193      ,0.107       ,0.001       ,-2.085      ,880.000     ,-4.386      ,11.774      ,-0.05315      ,2147482953    ,298.916         ,-6.200        ,0.022               ,-0.083              ,23921.777       ,0.00000           ,0.02763               ,0.000         ,0.000         ,0.057         ,0.569         
10:03:35.212029     ,0.803       ,0.880       ,17.162      ,12.400      ,11.981      ,16.160      ,-4.179      ,-2.089      ,0.098       ,0.000       ,-1.991      ,880.000     ,-4.179      ,11.981      ,-0.05308      ,2147482954    ,299.004         ,-5.800        ,0.020               ,-0.073              ,23921.779       ,-0.01532          ,0.02441               ,0.000         ,0.000         ,0.057         ,0.569         
10:03:35.223746     ,0.796       ,0.880       ,17.162      ,12.620      ,12.136      ,16.160      ,-4.179      ,-2.089      ,0.098       ,0.000       ,-1.991      ,880.000     ,-4.179      ,11.981      ,-0.05292      ,2147482956    ,299.180         ,-5.000        ,0.017               ,-0.064              ,23921.779       ,-0.00767          ,0.02121               ,0.000         ,0.000         ,0.057         ,0.566         
10:03:35.232036     ,0.798       ,0.880       ,17.146      ,12.720      ,12.274      ,16.160      ,-3.886      ,-1.943      ,0.090       ,-0.001      ,-1.854      ,880.000     ,-3.886      ,12.274      ,-0.05277      ,2147482958    ,299.355         ,-4.400        ,0.015               ,-0.054              ,23921.781       ,-0.01535          ,0.01791               ,0.000         ,0.000         ,0.057         ,0.566         
10:03:35.243382     ,0.803       ,0.880       ,17.146      ,12.740      ,12.403      ,16.160      ,-3.886      ,-1.943      ,0.090       ,-0.001      ,-1.854      ,880.000     ,-3.886      ,12.274      ,-0.05262      ,2147482960    ,299.531         ,-3.600        ,0.013               ,-0.044              ,23921.781       ,-0.01534          ,0.01476               ,0.000         ,0.000         ,0.056         ,0.560         
10:03:35.252029     ,0.803       ,0.880       ,17.146      ,12.740      ,12.515      ,16.160      ,-3.645      ,-1.823      ,0.083       ,-0.001      ,-1.741      ,880.000     ,-3.645      ,12.515      ,-0.05239      ,2147482963    ,299.795         ,-3.000        ,0.010               ,-0.035              ,23921.783       ,-0.01535          ,0.01163               ,0.000         ,0.000         ,0.056         ,0.560         
10:03:35.263193     ,0.801       ,0.880       ,17.129      ,12.890      ,12.654      ,16.160      ,-3.645      ,-1.823      ,0.083       ,-0.001      ,-1.741      ,880.000     ,-3.645      ,12.515      ,-0.05223      ,2147482965    ,299.971         ,-2.200        ,0.008               ,-0.026              ,23921.783       ,-0.02300          ,0.00850               ,0.000         ,0.000         ,0.056         ,0.556         
10:03:35.272034     ,0.799       ,0.880       ,17.179      ,12.960      ,12.754      ,16.160      ,-3.406      ,-1.703      ,0.076       ,-0.002      ,-1.629      ,880.000     ,-3.406      ,12.754      ,-0.05200      ,2147482968    ,300.234         ,-1.800        ,0.006               ,-0.017              ,23921.783       ,-0.01534          ,0.00562               ,0.000         ,0.000         ,0.056         ,0.556         
10:03:35.283968     ,0.803       ,0.880       ,17.162      ,12.950      ,12.824      ,16.160      ,-3.406      ,-1.703      ,0.076       ,-0.002      ,-1.629      ,880.000     ,-3.406      ,12.754      ,-0.05177      ,2147482971    ,300.498         ,-1.200        ,0.004               ,-0.008              ,23921.783       ,-0.02300          ,0.00282               ,0.000         ,0.000         ,0.055         ,0.551         
10:03:35.292033     ,0.799       ,0.880       ,17.129      ,12.960      ,12.879      ,16.160      ,-3.281      ,-1.640      ,0.069       ,-0.001      ,-1.572      ,880.000     ,-3.281      ,12.879      ,-0.05154      ,2147482974    ,300.762         ,-0.800        ,0.003               ,-0.000              ,23921.785       ,-0.02300          ,0.00010               ,0.000         ,0.000         ,0.055         ,0.551         
10:03:35.305762     ,0.803       ,0.880       ,17.179      ,13.060      ,12.940      ,16.160      ,-3.281      ,-1.640      ,0.069       ,-0.001      ,-1.572      ,880.000     ,-3.281      ,12.879      ,-0.05131      ,2147482977    ,301.025         ,-0.200        ,0.001               ,0.008               ,23921.785       ,-0.02304          ,-0.00256              ,0.000         ,0.000         ,0.054         ,0.544         
10:03:35.312033     ,0.796       ,0.880       ,17.146      ,13.090      ,12.968      ,16.160      ,-3.193      ,-1.596      ,0.063       ,-0.002      ,-1.535      ,880.000     ,-3.193      ,12.968      ,-0.05108      ,2147482980    ,301.289         ,0.200         ,-0.001              ,0.015               ,23921.787       ,-0.02301          ,-0.00494              ,0.000         ,0.000         ,0.054         ,0.544         
10:03:35.324405     ,0.801       ,0.880       ,17.146      ,13.120      ,12.991      ,16.160      ,-3.193      ,-1.596      ,0.063       ,-0.002      ,-1.535      ,880.000     ,-3.193      ,12.968      ,-0.05093      ,2147482982    ,301.465         ,0.800         ,-0.003              ,0.022               ,23921.789       ,-0.02299          ,-0.00719              ,0.000         ,0.000         ,0.054         ,0.537         
10:03:35.332027     ,0.799       ,0.880       ,17.179      ,13.120      ,12.991      ,16.160      ,-3.169      ,-1.585      ,0.057       ,-0.001      ,-1.529      ,880.000     ,-3.169      ,12.991      ,-0.05070      ,2147482985    ,301.729         ,1.200         ,-0.004              ,0.027               ,23921.789       ,-0.01536          ,-0.00910              ,0.000         ,0.000         ,0.054         ,0.537         
10:03:35.342157     ,0.801       ,0.880       ,17.162      ,13.250      ,13.045      ,16.160      ,-3.169      ,-1.585      ,0.057       ,-0.001      ,-1.529      ,880.000     ,-3.169      ,12.991      ,-0.05047      ,2147482988    ,301.992         ,1.800         ,-0.006              ,0.033               ,23921.791       ,-0.02297          ,-0.01084              ,0.000         ,0.000         ,0.053         ,0.530         
10:03:35.352035     ,0.801       ,0.880       ,17.146      ,13.280      ,13.103      ,16.160      ,-3.058      ,-1.529      ,0.050       ,0.000       ,-1.478      ,880.000     ,-3.058      ,13.103      ,-0.05016      ,2147482992    ,302.344         ,2.200         ,-0.008              ,0.037               ,23921.793       ,-0.02305          ,-0.01244              ,0.000         ,0.000         ,0.053         ,0.530         
10:03:35.362988     ,0.798       ,0.880       ,17.162      ,13.370      ,13.159      ,16.160      ,-3.058      ,-1.529      ,0.050       ,0.000       ,-1.478      ,880.000     ,-3.058      ,13.103      ,-0.04993      ,2147482995    ,302.607         ,2.600         ,-0.009              ,0.042               ,23921.793       ,-0.03065          ,-0.01391              ,0.000         ,0.000         ,0.052         ,0.521         
10:03:35.372044     ,0.803       ,0.880       ,17.162      ,13.370      ,13.215      ,16.160      ,-2.946      ,-1.473      ,0.045       ,-0.000      ,-1.428      ,880.000     ,-2.946      ,13.215      ,-0.04970      ,2147482998    ,302.871         ,2.800         ,-0.010              ,0.046               ,23921.793       ,-0.02299          ,-0.01527              ,0.000         ,0.000         ,0.052         ,0.521         
10:03:35.382809     ,0.799       ,0.880       ,17.162      ,13.380      ,13.270      ,16.160      ,-2.946      ,-1.473      ,0.045       ,-0.000      ,-1.428      ,880.000     ,-2.946      ,13.215      ,-0.04947      ,2147483001    ,303.135         ,3.200         ,-0.011              ,0.049               ,23921.795       ,-0.02304          ,-0.01643              ,0.000         ,0.000         ,0.052         ,0.517         
10:03:35.392038     ,0.801       ,0.880       ,17.179      ,13.400      ,13.310      ,16.160      ,-2.850      ,-1.425      ,0.039       ,-0.001      ,-1.387      ,880.000     ,-2.850      ,13.310      ,-0.04916      ,2147483005    ,303.486         ,3.400         ,-0.012              ,0.052               ,23921.795       ,-0.02299          ,-0.01742              ,0.000         ,0.000         ,0.052         ,0.517         
10:03:35.405641     ,0.801       ,0.880       ,17.113      ,13.480      ,13.362      ,16.160      ,-2.850      ,-1.425      ,0.039       ,-0.001      ,-1.387      ,880.000     ,-2.850      ,13.310      ,-0.04893      ,2147483008    ,303.750         ,3.600         ,-0.013              ,0.055               ,23921.797       ,-0.03071          ,-0.01837              ,0.000         ,0.000         ,0.051         ,0.508         
10:03:35.412029     ,0.803       ,0.880       ,17.179      ,13.500      ,13.398      ,16.160      ,-2.762      ,-1.381      ,0.033       ,-0.001      ,-1.349      ,880.000     ,-2.762      ,13.398      ,-0.04863      ,2147483012    ,304.102         ,3.800         ,-0.013              ,0.058               ,23921.799       ,-0.02299          ,-0.01918              ,0.000         ,0.000         ,0.051         ,0.508         
10:03:35.424366     ,0.798       ,0.880       ,17.162      ,13.560      ,13.440      ,16.160      ,-2.762      ,-1.381      ,0.033       ,-0.001      ,-1.349      ,880.000     ,-2.762      ,13.398      ,-0.04840      ,2147483015    ,304.365         ,4.200         ,-0.015              ,0.060               ,23921.801       ,-0.03068          ,-0.01999              ,0.000         ,0.000         ,0.050         ,0.500         
10:03:35.432023     ,0.799       ,0.880       ,17.146      ,13.620      ,13.484      ,16.160      ,-2.676      ,-1.338      ,0.028       ,0.000       ,-1.310      ,880.000     ,-2.676      ,13.484      ,-0.04809      ,2147483019    ,304.717         ,4.400         ,-0.015              ,0.062               ,23921.801       ,-0.02303          ,-0.02079              ,0.000         ,0.000         ,0.050         ,0.500         
10:03:35.444274     ,0.799       ,0.880       ,17.146      ,13.680      ,13.529      ,16.160      ,-2.676      ,-1.338      ,0.028       ,0.000       ,-1.310      ,880.000     ,-2.676      ,13.484      ,-0.04778      ,2147483023    ,305.068         ,4.600         ,-0.016              ,0.065               ,23921.801       ,-0.03064          ,-0.02158              ,0.000         ,0.000         ,0.049         ,0.489         
10:03:35.452023     ,0.796       ,0.880       ,17.179      ,13.690      ,13.560      ,16.160      ,-2.600      ,-1.300      ,0.023       ,-0.001      ,-1.278      ,880.000     ,-2.600      ,13.560      ,-0.04748      ,2147483027    ,305.420         ,4.800         ,-0.017              ,0.067               ,23921.803       ,-0.03071          ,-0.02237              ,0.000         ,0.000         ,0.049         ,0.489         
10:03:35.465077     ,0.801       ,0.880       ,17.162      ,13.740      ,13.603      ,16.160      ,-2.600      ,-1.300      ,0.023       ,-0.001      ,-1.278      ,880.000     ,-2.600      ,13.560      ,-0.04709      ,2147483032    ,305.859         ,5.200         ,-0.018              ,0.069               ,23921.805       ,-0.03067          ,-0.02304              ,0.000         ,0.000         ,0.048         ,0.480         
10:03:35.472029     ,0.799       ,0.880       ,17.179      ,13.780      ,13.647      ,16.160      ,-2.513      ,-1.257      ,0.018       ,0.000       ,-1.239      ,880.000     ,-2.513      ,13.647      ,-0.04679      ,2147483036    ,306.211         ,5.400         ,-0.019              ,0.072               ,23921.807       ,-0.03833          ,-0.02384              ,0.000         ,0.000         ,0.048         ,0.480         
10:03:35.483758     ,0.798       ,0.880       ,17.146      ,13.830      ,13.694      ,16.160      ,-2.513      ,-1.257      ,0.018       ,0.000       ,-1.239      ,880.000     ,-2.513      ,13.647      ,-0.04648      ,2147483040    ,306.562         ,5.600         ,-0.020              ,0.074               ,23921.809       ,-0.03071          ,-0.02464              ,0.000         ,0.000         ,0.047         ,0.470         
10:03:35.492035     ,0.799       ,0.880       ,17.146      ,13.850      ,13.736      ,16.160      ,-2.425      ,-1.212      ,0.013       ,-0.000      ,-1.200      ,880.000     ,-2.425      ,13.736      ,-0.04610      ,2147483045    ,307.002         ,5.800         ,-0.020              ,0.076               ,23921.811       ,-0.03066          ,-0.02543              ,0.000         ,0.000         ,0.047         ,0.470         
10:03:35.502033     ,0.801       ,0.880       ,17.146      ,13.900      ,13.784      ,16.160      ,-2.376      ,-1.188      ,0.010       ,0.000       ,-1.177      ,880.000     ,-2.376      ,13.784      ,-0.04571      ,2147483050    ,307.441         ,6.200         ,-0.022              ,0.079               ,23921.811       ,-0.03838          ,-0.02622              ,0.000         ,0.000         ,0.046         ,0.461         
10:03:35.512029     ,0.799       ,0.880       ,17.129      ,13.890      ,13.819      ,16.160      ,-2.342      ,-1.171      ,0.008       ,-0.001      ,-1.164      ,880.000     ,-2.342      ,13.819      ,-0.04533      ,2147483055    ,307.881         ,6.400         ,-0.022              ,0.081               ,23921.812       ,-0.03833          ,-0.02712              ,0.000         ,0.000         ,0.046         ,0.461         
10:03:35.522024     ,0.799       ,0.880       ,17.129      ,13.900      ,13.846      ,16.160      ,-2.342      ,-1.171      ,0.008       ,-0.001      ,-1.164      ,880.000     ,-2.342      ,13.819      ,-0.04495      ,2147483060    ,308.320         ,6.600         ,-0.023              ,0.081               ,23921.814       ,-0.03833          ,-0.02712              ,0.000         ,0.000         ,0.045         ,0.450         
10:03:35.532140     ,0.799       ,0.880       ,17.179      ,13.930      ,13.870      ,16.160      ,-2.342      ,-1.171      ,0.008       ,-0.001      ,-1.164      ,880.000     ,-2.342      ,13.819      ,-0.04456      ,2147483065    ,308.760         ,6.800         ,-0.024              ,0.084               ,23921.816       ,-0.03833          ,-0.02800              ,0.000         ,0.000         ,0.045         ,0.450         
10:03:35.542056     ,0.799       ,0.880       ,17.179      ,14.020      ,13.904      ,16.160      ,-2.291      ,-1.145      ,0.006       ,0.001       ,-1.139      ,880.000     ,-2.291      ,13.870      ,-0.04418      ,2147483070    ,309.199         ,7.200         ,-0.025              ,0.084               ,23921.818       ,-0.03833          ,-0.02800              ,0.000         ,0.000         ,0.044         ,0.441         
10:03:35.557052     ,0.798       ,0.880       ,17.162      ,14.010      ,13.924      ,16.160      ,-2.291      ,-1.145      ,0.006       ,0.001       ,-1.139      ,880.000     ,-2.291      ,13.870      ,-0.04380      ,2147483075    ,309.639         ,7.400         ,-0.026              ,0.087               ,23921.818       ,-0.03830          ,-0.02897              ,0.000         ,0.000         ,0.043         ,0.431         
10:03:35.562030     ,0.801       ,0.880       ,17.162      ,14.060      ,13.955      ,16.160      ,-2.206      ,-1.103      ,0.001       ,-0.001      ,-1.103      ,880.000     ,-2.206      ,13.955      ,-0.04341      ,2147483080    ,310.078         ,7.600         ,-0.027              ,0.090               ,23921.820       ,-0.03832          ,-0.02992              ,0.000         ,0.000         ,0.043         ,0.431         
10:03:35.576099     ,0.801       ,0.880       ,17.162      ,14.130      ,13.994      ,16.160      ,-2.206      ,-1.103      ,0.001       ,-0.001      ,-1.103      ,880.000     ,-2.206      ,13.955      ,-0.04295      ,2147483086    ,310.605         ,8.000         ,-0.028              ,0.093               ,23921.822       ,-0.03835          ,-0.03084              ,0.000         ,0.000         ,0.042         ,0.418         
10:03:35.582024     ,0.801       ,0.880       ,17.162      ,14.160      ,14.032      ,16.160      ,-2.128      ,-1.064      ,-0.001      ,0.002       ,-1.063      ,880.000     ,-2.128      ,14.032      ,-0.04257      ,2147483091    ,311.045         ,8.400         ,-0.029              ,0.093               ,23921.826       ,-0.03835          ,-0.03084              ,0.000         ,0.000         ,0.042         ,0.418         
10:03:35.596358     ,0.803       ,0.880       ,17.179      ,14.150      ,14.055      ,16.160      ,-2.128      ,-1.064      ,-0.001      ,0.002       ,-1.063      ,880.000     ,-2.128      ,14.032      ,-0.04211      ,2147483097    ,311.572         ,8.600         ,-0.030              ,0.095               ,23921.828       ,-0.03832          ,-0.03173              ,0.000         ,0.000         ,0.041         ,0.406         
10:03:35.602038     ,0.801       ,0.880       ,17.146      ,14.140      ,14.086      ,16.160      ,-2.074      ,-1.037      ,-0.005      ,0.000       ,-1.042      ,880.000     ,-2.074      ,14.086      ,-0.04172      ,2147483102    ,312.012         ,8.800         ,-0.031              ,0.098               ,23921.828       ,-0.04608          ,-0.03261              ,0.000         ,0.000         ,0.041         ,0.406         
10:03:35.614923     ,0.796       ,0.880       ,17.129      ,14.190      ,14.120      ,16.160      ,-2.074      ,-1.037      ,-0.005      ,0.000       ,-1.042      ,880.000     ,-2.074      ,14.086      ,-0.04126      ,2147483108    ,312.539         ,9.200         ,-0.032              ,0.100               ,23921.830       ,-0.03834          ,-0.03347              ,0.000         ,0.000         ,0.039         ,0.391         
10:03:35.622038     ,0.801       ,0.880       ,17.162      ,14.250      ,14.152      ,16.160      ,-2.008      ,-1.004      ,-0.009      ,-0.000      ,-1.013      ,880.000     ,-2.008      ,14.152      ,-0.04080      ,2147483114    ,313.066         ,9.400         ,-0.033              ,0.103               ,23921.834       ,-0.04597          ,-0.03443              ,0.000         ,0.000         ,0.039         ,0.391         
10:03:35.633492     ,0.798       ,0.880       ,17.162      ,14.260      ,14.178      ,16.160      ,-2.008      ,-1.004      ,-0.009      ,-0.000      ,-1.013      ,880.000     ,-2.008      ,14.152      ,-0.04034      ,2147483120    ,313.594         ,9.600         ,-0.034              ,0.106               ,23921.836       ,-0.04607          ,-0.03536              ,0.000         ,0.000         ,0.038         ,0.381         
10:03:35.643397     ,0.801       ,0.880       ,17.146      ,14.260      ,14.178      ,16.160      ,-1.983      ,-0.991      ,-0.013      ,-0.001      ,-1.006      ,880.000     ,-1.983      ,14.178      ,-0.03988      ,2147483126    ,314.121         ,9.800         ,-0.034              ,0.109               ,23921.836       ,-0.04598          ,-0.03627              ,0.000         ,0.000         ,0.038         ,0.381         
10:03:35.654330     ,0.798       ,0.880       ,17.129      ,14.300      ,14.208      ,16.160      ,-1.983      ,-0.991      ,-0.013      ,-0.001      ,-1.006      ,880.000     ,-1.983      ,14.178      ,-0.03942      ,2147483132    ,314.648         ,10.000        ,-0.035              ,0.111               ,23921.838       ,-0.04604          ,-0.03715              ,0.000         ,0.000         ,0.037         ,0.366         
10:03:35.662049     ,0.801       ,0.880       ,17.146      ,14.370      ,14.248      ,16.160      ,-1.913      ,-0.956      ,-0.017      ,0.000       ,-0.973      ,880.000     ,-1.913      ,14.248      ,-0.03896      ,2147483138    ,315.176         ,10.000        ,-0.035              ,0.114               ,23921.842       ,-0.04604          ,-0.03802              ,0.000         ,0.000         ,0.037         ,0.366         
10:03:35.674100     ,0.801       ,0.880       ,17.146      ,14.390      ,14.277      ,16.160      ,-1.913      ,-0.956      ,-0.017      ,0.000       ,-0.973      ,880.000     ,-1.913      ,14.248      ,-0.03850      ,2147483144    ,315.703         ,10.200        ,-0.036              ,0.117               ,23921.844       ,-0.04601          ,-0.03888              ,0.000         ,0.000         ,0.036         ,0.359         
10:03:35.682035     ,0.801       ,0.880       ,17.146      ,14.400      ,14.300      ,16.160      ,-1.861      ,-0.930      ,-0.021      ,-0.000      ,-0.951      ,880.000     ,-1.861      ,14.300      ,-0.03804      ,2147483150    ,316.230         ,10.400        ,-0.036              ,0.119               ,23921.846       ,-0.04605          ,-0.03972              ,0.000         ,0.000         ,0.036         ,0.359         
10:03:35.692806     ,0.799       ,0.880       ,17.146      ,14.440      ,14.334      ,16.160      ,-1.861      ,-0.930      ,-0.021      ,-0.000      ,-0.951      ,880.000     ,-1.861      ,14.300      ,-0.03758      ,2147483156    ,316.758         ,10.600        ,-0.037              ,0.122               ,23921.848       ,-0.04596          ,-0.04055              ,0.000         ,0.000         ,0.034         ,0.343         
10:03:35.702036     ,0.798       ,0.880       ,17.195      ,14.540      ,14.383      ,16.160      ,-1.777      ,-0.889      ,-0.024      ,0.001       ,-0.912      ,880.000     ,-1.777      ,14.383      ,-0.03705      ,2147483163    ,317.373         ,10.800        ,-0.038              ,0.124               ,23921.850       ,-0.04608          ,-0.04125              ,0.000         ,0.000         ,0.034         ,0.343         
10:03:35.714572     ,0.799       ,0.880       ,17.179      ,14.560      ,14.422      ,16.160      ,-1.777      ,-0.869      ,-0.026      ,-0.000      ,-0.912      ,880.000     ,-1.777      ,14.383      ,-0.03666      ,2147483168    ,317.812         ,11.000        ,-0.038              ,0.126               ,23921.852       ,-0.05360          ,-0.04208              ,0.000         ,0.000         ,0.033         ,0.331         
10:03:35.722039     ,0.801       ,0.880       ,17.179      ,14.550      ,14.458      ,16.160      ,-1.703      ,-0.851      ,-0.028      ,-0.000      ,-0.879      ,880.000     ,-1.703      ,14.458      ,-0.03620      ,2147483174    ,318.340         ,11.000        ,-0.038              ,0.128               ,23921.854       ,-0.03835          ,-0.04267              ,0.000         ,0.000         ,0.033         ,0.331         
10:03:35.733261     ,0.803       ,0.880       ,17.162      ,14.560      ,14.495      ,16.160      ,-1.703      ,-0.851      ,-0.028      ,-0.000      ,-0.879      ,880.000     ,-1.703      ,14.458      ,-0.03582      ,2147483179    ,318.779         ,11.000        ,-0.038              ,0.130               ,23921.854       ,-0.04610          ,-0.04318              ,0.000         ,0.000         ,0.033         ,0.328         
10:03:35.742650     ,0.799       ,0.880       ,17.129      ,14.650      ,14.539      ,16.160      ,-1.621      ,-0.811      ,-0.031      ,0.000       ,-0.841      ,880.000     ,-1.621      ,14.539      ,-0.03543      ,2147483184    ,319.219         ,11.000        ,-0.038              ,0.130               ,23921.855       ,-0.03828          ,-0.04349              ,0.000         ,0.000         ,0.033         ,0.328         
10:03:35.752041     ,0.799       ,0.880       ,17.179      ,14.660      ,14.564      ,16.160      ,-1.596      ,-0.798      ,-0.033      ,-0.001      ,-0.832      ,880.000     ,-1.596      ,14.564      ,-0.03505      ,2147483189    ,319.658         ,11.000        ,-0.038              ,0.131               ,23921.857       ,-0.03841          ,-0.04364              ,0.000         ,0.000         ,0.033         ,0.328         
10:03:35.762088     ,0.801       ,0.880       ,17.179      ,14.670      ,14.589      ,16.160      ,-1.596      ,-0.798      ,-0.033      ,-0.001      ,-0.832      ,880.000     ,-1.596      ,14.564      ,-0.03474      ,2147483193    ,320.010         ,11.000        ,-0.038              ,0.131               ,23921.859       ,-0.03831          ,-0.04365              ,0.000         ,0.000         ,0.033         ,0.328         
10:03:35.772030     ,0.803       ,0.880       ,17.179      ,14.710      ,14.622      ,16.160      ,-1.538      ,-0.769      ,-0.036      ,0.000       ,-0.804      ,880.000     ,-1.538      ,14.622      ,-0.03444      ,2147483197    ,320.361         ,11.000        ,-0.038              ,0.130               ,23921.861       ,-0.03066          ,-0.04343              ,0.000         ,0.000         ,0.033         ,0.328         
10:03:35.782195     ,0.799       ,0.880       ,17.162      ,14.770      ,14.661      ,16.160      ,-1.538      ,-0.769      ,-0.036      ,0.000       ,-0.804      ,880.000     ,-1.538      ,14.622      ,-0.03413      ,2147483201    ,320.713         ,11.000        ,-0.038              ,0.129               ,23921.863       ,-0.03069          ,-0.04301              ,0.000         ,0.000         ,0.033         ,0.328         
10:03:35.795954     ,0.798       ,0.880       ,17.162      ,14.780      ,14.684      ,16.160      ,-1.499      ,-0.749      ,-0.037      ,0.000       ,-0.786      ,880.000     ,-1.499      ,14.661      ,-0.03382      ,2147483205    ,321.064         ,10.800        ,-0.038              ,0.127               ,23921.863       ,-0.03070          ,-0.04243              ,0.000         ,0.000         ,0.030         ,0.297         
10:03:35.802029     ,0.801       ,0.880       ,17.162      ,14.780      ,14.707      ,16.160      ,-1.453      ,-0.727      ,-0.040      ,0.000       ,-0.767      ,880.000     ,-1.453      ,14.707      ,-0.03359      ,2147483208    ,321.328         ,10.600        ,-0.037              ,0.125               ,23921.863       ,-0.03070          ,-0.04170              ,0.000         ,0.000         ,0.030         ,0.297         
10:03:35.813869     ,0.801       ,0.880       ,17.195      ,14.790      ,14.734      ,16.160      ,-1.453      ,-0.727      ,-0.040      ,0.000       ,-0.767      ,880.000     ,-1.453      ,14.707      ,-0.03336      ,2147483211    ,321.592         ,10.400        ,-0.036              ,0.122               ,23921.865       ,-0.02301          ,-0.04062              ,0.000         ,0.000         ,0.029         ,0.291         
10:03:35.822024     ,0.799       ,0.880       ,17.195      ,14.810      ,14.758      ,16.160      ,-1.402      ,-0.701      ,-0.043      ,-0.000      ,-0.744      ,880.000     ,-1.402      ,14.758      ,-0.03313      ,2147483214    ,321.855         ,10.200        ,-0.036              ,0.118               ,23921.865       ,-0.02299          ,-0.03948              ,0.000         ,0.000         ,0.029         ,0.291         
10:03:35.832157     ,0.798       ,0.880       ,17.129      ,14.830      ,14.775      ,16.160      ,-1.402      ,-0.701      ,-0.043      ,-0.000      ,-0.744      ,880.000     ,-1.402      ,14.758      ,-0.03298      ,2147483216    ,322.031         ,9.800         ,-0.034              ,0.114               ,23921.867       ,-0.02304          ,-0.03816              ,0.000         ,0.000         ,0.029         ,0.288         
10:03:35.842023     ,0.796       ,0.880       ,17.179      ,14.850      ,14.795      ,16.160      ,-1.365      ,-0.683      ,-0.046      ,0.000       ,-0.728      ,880.000     ,-1.365      ,14.795      ,-0.03283      ,2147483218    ,322.207         ,9.600         ,-0.034              ,0.110               ,23921.867       ,-0.01533          ,-0.03669              ,0.000         ,0.000         ,0.029         ,0.288         
10:03:35.852029     ,0.796       ,0.880       ,17.179      ,14.860      ,14.813      ,16.160      ,-1.365      ,-0.683      ,-0.046      ,0.000       ,-0.728      ,880.000     ,-1.365      ,14.795      ,-0.03267      ,2147483220    ,322.383         ,9.200         ,-0.032              ,0.110               ,23921.869       ,-0.01533          ,-0.03669              ,0.000         ,0.000         ,0.028         ,0.276         
10:03:35.862021     ,0.796       ,0.880       ,17.195      ,14.860      ,14.827      ,16.160      ,-1.333      ,-0.667      ,-0.047      ,0.001       ,-0.713      ,880.000     ,-1.333      ,14.827      ,-0.03260      ,2147483221    ,322.471         ,8.800         ,-0.031              ,0.105               ,23921.869       ,-0.01536          ,-0.03510              ,0.000         ,0.000         ,0.028         ,0.276         
10:03:35.872030     ,0.796       ,0.880       ,17.195      ,14.850      ,14.834      ,16.160      ,-1.333      ,-0.667      ,-0.047      ,0.001       ,-0.713      ,880.000     ,-1.333      ,14.827      ,-0.03244      ,2147483223    ,322.646         ,8.200         ,-0.029              ,0.105               ,23921.869       ,-0.01536          ,-0.03510              ,0.000         ,0.000         ,0.028         ,0.281         
10:03:35.888944     ,0.801       ,0.880       ,17.146      ,14.810      ,14.832      ,16.160      ,-1.333      ,-0.667      ,-0.047      ,0.001       ,-0.713      ,880.000     ,-1.333      ,14.827      ,-0.03237      ,2147483224    ,322.734         ,7.800         ,-0.027              ,0.100               ,23921.869       ,-0.00767          ,-0.03329              ,0.000         ,0.000         ,0.028         ,0.283         
10:03:35.892037     ,0.801       ,0.880       ,17.146      ,14.830      ,14.833      ,16.160      ,-1.328      ,-0.664      ,-0.048      ,-0.001      ,-0.714      ,880.000     ,-1.328      ,14.832      ,-0.03237      ,2147483224    ,322.734         ,7.400         ,-0.026              ,0.100               ,23921.869       ,-0.00767          ,-0.03329              ,0.000         ,0.000         ,0.028         ,0.283         
10:03:35.906543     ,0.798       ,0.880       ,17.162      ,14.840      ,14.834      ,16.160      ,-1.326      ,-0.663      ,-0.050      ,-0.000      ,-0.713      ,880.000     ,-1.326      ,14.834      ,-0.03229      ,2147483225    ,322.822         ,7.000         ,-0.024              ,0.094               ,23921.871       ,-0.00767          ,-0.03140              ,0.000         ,0.000         ,0.028         ,0.277         
10:03:35.912017     ,0.798       ,0.880       ,17.162      ,14.840      ,14.833      ,16.160      ,-1.326      ,-0.663      ,-0.050      ,-0.000      ,-0.713      ,880.000     ,-1.326      ,14.834      ,-0.03229      ,2147483225    ,322.822         ,6.600         ,-0.023              ,0.094               ,23921.871       ,-0.00767          ,-0.03140              ,0.000         ,0.000         ,0.028         ,0.277         
10:03:35.925426     ,0.799       ,0.880       ,17.179      ,14.850      ,14.834      ,16.160      ,-1.327      ,-0.663      ,-0.051      ,-0.000      ,-0.715      ,880.000     ,-1.327      ,14.833      ,-0.03229      ,2147483225    ,322.822         ,6.200         ,-0.022              ,0.082               ,23921.871       ,0.00000           ,-0.02734              ,0.000         ,0.000         ,0.028         ,0.283         
10:03:35.932147     ,0.799       ,0.880       ,17.179      ,14.840      ,14.836      ,16.160      ,-1.327      ,-0.663      ,-0.051      ,-0.000      ,-0.715      ,880.000     ,-1.327      ,14.833      ,-0.03229      ,2147483225    ,322.822         ,5.800         ,-0.020              ,0.082               ,23921.871       ,0.00000           ,-0.02734              ,0.000         ,0.000         ,0.028         ,0.283         
10:03:35.944213     ,0.801       ,0.880       ,17.162      ,14.800      ,14.826      ,16.160      ,-1.324      ,-0.667      ,-0.054      ,-0.001      ,-0.714      ,880.000     ,-1.324      ,14.836      ,-0.03229      ,2147483225    ,322.822         ,5.200         ,-0.018              ,0.075               ,23921.871       ,0.00000           ,-0.02508              ,0.000         ,0.000         ,0.028         ,0.284         
10:03:35.952033     ,0.799       ,0.880       ,17.146      ,14.780      ,14.814      ,16.160      ,-1.334      ,-0.667      ,-0.054      ,-0.001      ,-0.721      ,880.000     ,-1.334      ,14.826      ,-0.03229      ,2147483225    ,322.822         ,4.800         ,-0.017              ,0.068               ,23921.871       ,0.00000           ,-0.02281              ,0.000         ,0.000         ,0.028         ,0.284         
10:03:35.963815     ,0.803       ,0.880       ,17.162      ,14.720      ,14.796      ,16.160      ,-1.346      ,-0.673      ,-0.055      ,-0.000      ,-0.728      ,880.000     ,-1.346      ,14.814      ,-0.03229      ,2147483225    ,322.822         ,4.200         ,-0.015              ,0.062               ,23921.871       ,0.00000           ,-0.02054              ,0.000         ,0.000         ,0.028         ,0.284         
10:03:35.972039     ,0.799       ,0.880       ,17.129      ,14.740      ,14.783      ,16.160      ,-1.364      ,-0.682      ,-0.056      ,-0.000      ,-0.739      ,880.000     ,-1.364      ,14.796      ,-0.03229      ,2147483225    ,322.822         ,3.800         ,-0.013              ,0.055               ,23921.871       ,0.00000           ,-0.01826              ,0.000         ,0.000         ,0.028         ,0.284         
10:03:35.982037     ,0.798       ,0.880       ,17.179      ,14.790      ,14.778      ,16.160      ,-1.377      ,-0.689      ,-0.058      ,0.000       ,-0.746      ,880.000     ,-1.377      ,14.783      ,-0.03229      ,2147483225    ,322.822         ,3.400         ,-0.012              ,0.048               ,23921.871       ,0.00000           ,-0.01610              ,0.000         ,0.000         ,0.028         ,0.283         
10:03:35.992072     ,0.799       ,0.880       ,17.129      ,14.800      ,14.776      ,16.160      ,-1.382      ,-0.691      ,-0.059      ,0.000       ,-0.750      ,880.000     ,-1.382      ,14.778      ,-0.03229      ,2147483225    ,322.822         ,3.200         ,-0.011              ,0.042               ,23921.871       ,0.00000           ,-0.01403              ,0.000         ,0.000         ,0.028         ,0.283         
10:03:36.002071     ,0.799       ,0.880       ,17.129      ,14.900      ,14.788      ,16.160      ,-1.384      ,-0.692      ,-0.061      ,0.000       ,-0.753      ,880.000     ,-1.384      ,14.776      ,-0.03229      ,2147483225    ,322.822         ,2.800         ,-0.010              ,0.042               ,23921.871       ,0.00000           ,-0.01403              ,0.000         ,0.000         ,0.028         ,0.283         
10:03:36.012048     ,0.796       ,0.880       ,17.129      ,14.920      ,14.807      ,16.160      ,-1.353      ,-0.676      ,-0.062      ,0.002       ,-0.737      ,880.000     ,-1.353      ,14.807      ,-0.03229      ,2147483225    ,322.822         ,2.600         ,-0.009              ,0.036               ,23921.871       ,0.00000           ,-0.01216              ,0.000         ,0.000         ,0.028         ,0.283         
10:03:36.022041     ,0.796       ,0.880       ,17.129      ,14.920      ,14.823      ,16.160      ,-1.353      ,-0.676      ,-0.062      ,0.002       ,-0.737      ,880.000     ,-1.353      ,14.807      ,-0.03221      ,2147483226    ,322.910         ,2.400         ,-0.008              ,0.036               ,23921.871       ,0.00000           ,-0.01216              ,0.000         ,0.000         ,0.028         ,0.281         
10:03:36.037459     ,0.801       ,0.880       ,17.179      ,14.910      ,14.837      ,16.160      ,-1.353      ,-0.662      ,-0.063      ,-0.000      ,-0.737      ,880.000     ,-1.353      ,14.807      ,-0.03221      ,2147483226    ,322.910         ,2.200         ,-0.008              ,0.031               ,23921.871       ,0.00000           ,-0.01045              ,0.000         ,0.000         ,0.028         ,0.283         
10:03:36.042046     ,0.801       ,0.880       ,17.179      ,14.910      ,14.862      ,16.160      ,-1.323      ,-0.662      ,-0.063      ,-0.000      ,-0.725      ,880.000     ,-1.323      ,14.837      ,-0.03221      ,2147483226    ,322.910         ,2.000         ,-0.007              ,0.031               ,23921.871       ,0.00000           ,-0.01045              ,0.000         ,0.000         ,0.028         ,0.283         
10:03:36.058359     ,0.799       ,0.880       ,17.146      ,14.950      ,14.885      ,16.160      ,-1.323      ,-0.662      ,-0.063      ,-0.000      ,-0.725      ,880.000     ,-1.323      ,14.837      ,-0.03221      ,2147483226    ,322.910         ,1.800         ,-0.006              ,0.027               ,23921.871       ,0.00000           ,-0.00888              ,0.000         ,0.000         ,0.028         ,0.283         
10:03:36.062040     ,0.799       ,0.880       ,17.146      ,14.970      ,14.912      ,16.160      ,-1.275      ,-0.638      ,-0.065      ,0.001       ,-0.701      ,880.000     ,-1.275      ,14.885      ,-0.03214      ,2147483227    ,322.998         ,1.600         ,-0.006              ,0.027               ,23921.871       ,0.00000           ,-0.00888              ,0.000         ,0.000         ,0.028         ,0.283         
10:03:36.078325     ,0.798       ,0.880       ,17.195      ,14.980      ,14.937      ,16.160      ,-1.248      ,-0.624      ,-0.066      ,-0.001      ,-0.691      ,880.000     ,-1.248      ,14.912      ,-0.03214      ,2147483227    ,322.998         ,1.400         ,-0.005              ,0.020               ,23921.871       ,-0.00767          ,-0.00653              ,0.000         ,0.000         ,0.028         ,0.279         
10:03:36.082040     ,0.798       ,0.880       ,17.195      ,15.020      ,14.962      ,16.160      ,-1.248      ,-0.624      ,-0.066      ,-0.001      ,-0.691      ,880.000     ,-1.248      ,14.912      ,-0.03214      ,2147483227    ,322.998         ,1.200         ,-0.004              ,0.020               ,23921.871       ,-0.00767          ,-0.00653              ,0.000         ,0.000         ,0.028         ,0.279         
10:03:36.097199     ,0.798       ,0.880       ,17.179      ,15.030      ,14.980      ,16.160      ,-1.198      ,-0.599      ,-0.067      ,0.001       ,-0.665      ,880.000     ,-1.198      ,14.962      ,-0.03206      ,2147483228    ,323.086         ,1.000         ,-0.003              ,0.017               ,23921.871       ,0.00000           ,-0.00567              ,0.000         ,0.000         ,0.028         ,0.279         
10:03:36.102174     ,0.798       ,0.880       ,17.179      ,15.020      ,14.984      ,16.160      ,-1.181      ,-0.590      ,-0.068      ,-0.002      ,-0.660      ,880.000     ,-1.181      ,14.980      ,-0.03198      ,2147483229    ,323.174         ,1.000         ,-0.003              ,0.017               ,23921.871       ,0.00000           ,-0.00567              ,0.000         ,0.000         ,0.028         ,0.279         
10:03:36.116860     ,0.799       ,0.880       ,17.129      ,15.010      ,14.987      ,16.160      ,-1.176      ,-0.588      ,-0.069      ,-0.001      ,-0.658      ,880.000     ,-1.176      ,14.984      ,-0.03191      ,2147483230    ,323.262         ,1.000         ,-0.003              ,0.014               ,23921.871       ,-0.00767          ,-0.00464              ,0.000         ,0.000         ,0.027         ,0.274         
10:03:36.122043     ,0.799       ,0.880       ,17.129      ,15.020      ,14.995      ,16.160      ,-1.174      ,-0.587      ,-0.071      ,-0.000      ,-0.657      ,880.000     ,-1.174      ,14.987      ,-0.03191      ,2147483230    ,323.262         ,1.000         ,-0.003              ,0.014               ,23921.871       ,-0.00767          ,-0.00464              ,0.000         ,0.000         ,0.027         ,0.274         
10:03:36.135511     ,0.799       ,0.880       ,17.162      ,15.040      ,15.004      ,16.160      ,-1.165      ,-0.583      ,-0.072      ,0.000       ,-0.654      ,880.000     ,-1.165      ,14.995      ,-0.03175      ,2147483232    ,323.438         ,1.000         ,-0.003              ,0.013               ,23921.871       ,0.00000           ,-0.00420              ,0.000         ,0.000         ,0.027         ,0.273         
10:03:36.142030     ,0.799       ,0.880       ,17.146      ,15.080      ,15.020      ,16.160      ,-1.156      ,-0.578      ,-0.073      ,0.000       ,-0.651      ,880.000     ,-1.156      ,15.004      ,-0.03168      ,2147483233    ,323.525         ,1.000         ,-0.003              ,0.013               ,23921.871       ,-0.01534          ,-0.00426              ,0.000         ,0.000         ,0.027         ,0.273         
10:03:36.153260     ,0.799       ,0.880       ,17.146      ,15.120      ,15.041      ,16.160      ,-1.141      ,-0.570      ,-0.074      ,0.000       ,-0.644      ,880.000     ,-1.141      ,15.020      ,-0.03160      ,2147483234    ,323.613         ,1.000         ,-0.003              ,0.013               ,23921.871       ,-0.00767          ,-0.00443              ,0.000         ,0.000         ,0.027         ,0.271         
10:03:36.162034     ,0.801       ,0.880       ,17.146      ,15.120      ,15.060      ,16.160      ,-1.119      ,-0.559      ,-0.075      ,0.000       ,-0.634      ,880.000     ,-1.119      ,15.041      ,-0.03152      ,2147483235    ,323.701         ,1.000         ,-0.003              ,0.014               ,23921.873       ,-0.00767          ,-0.00468              ,0.000         ,0.000         ,0.027         ,0.271         
10:03:36.175626     ,0.801       ,0.880       ,17.146      ,15.140      ,15.077      ,16.160      ,-1.101      ,-0.550      ,-0.076      ,-0.000      ,-0.627      ,880.000     ,-1.101      ,15.060      ,-0.03137      ,2147483237    ,323.877         ,1.200         ,-0.004              ,0.014               ,23921.873       ,-0.00767          ,-0.00468              ,0.000         ,0.000         ,0.027         ,0.267         
10:03:36.182024     ,0.801       ,0.880       ,17.162      ,15.140      ,15.091      ,16.160      ,-1.069      ,-0.534      ,-0.077      ,0.001       ,-0.611      ,880.000     ,-1.069      ,15.091      ,-0.03129      ,2147483238    ,323.965         ,1.400         ,-0.005              ,0.015               ,23921.875       ,-0.00763          ,-0.00502              ,0.000         ,0.000         ,0.027         ,0.267         
10:03:36.194367     ,0.799       ,0.880       ,17.179      ,15.150      ,15.104      ,16.160      ,-1.069      ,-0.534      ,-0.077      ,0.001       ,-0.611      ,880.000     ,-1.069      ,15.091      ,-0.03114      ,2147483240    ,324.141         ,1.600         ,-0.006              ,0.016               ,23921.875       ,-0.00767          ,-0.00530              ,0.000         ,0.000         ,0.026         ,0.262         
10:03:36.202029     ,0.803       ,0.880       ,17.179      ,15.190      ,15.121      ,16.160      ,-1.039      ,-0.520      ,-0.079      ,0.001       ,-0.598      ,880.000     ,-1.039      ,15.121      ,-0.03099      ,2147483242    ,324.316         ,1.800         ,-0.006              ,0.017               ,23921.875       ,-0.00767          ,-0.00565              ,0.000         ,0.000         ,0.026         ,0.262         
10:03:36.212117     ,0.799       ,0.880       ,17.179      ,15.200      ,15.142      ,16.160      ,-1.039      ,-0.520      ,-0.079      ,0.001       ,-0.598      ,880.000     ,-1.039      ,15.121      ,-0.03083      ,2147483244    ,324.492         ,2.000         ,-0.007              ,0.018               ,23921.877       ,-0.01534          ,-0.00607              ,0.000         ,0.000         ,0.026         ,0.257         
10:03:36.222039     ,0.799       ,0.880       ,17.179      ,15.240      ,15.165      ,16.160      ,-0.996      ,-0.498      ,-0.080      ,0.001       ,-0.578      ,880.000     ,-0.996      ,15.165      ,-0.03060      ,2147483247    ,324.756         ,2.000         ,-0.007              ,0.018               ,23921.877       ,-0.01534          ,-0.00607              ,0.000         ,0.000         ,0.026         ,0.257         
10:03:36.233993     ,0.801       ,0.880       ,17.179      ,15.250      ,15.186      ,16.160      ,-0.996      ,-0.498      ,-0.080      ,0.001       ,-0.578      ,880.000     ,-0.996      ,15.165      ,-0.03045      ,2147483249    ,324.932         ,2.200         ,-0.008              ,0.020               ,23921.879       ,-0.02301          ,-0.00665              ,0.000         ,0.000         ,0.025         ,0.251         
10:03:36.242028     ,0.799       ,0.880       ,17.179      ,15.270      ,15.207      ,16.160      ,-0.953      ,-0.476      ,-0.082      ,-0.000      ,-0.559      ,880.000     ,-0.953      ,15.207      ,-0.03022      ,2147483252    ,325.195         ,2.400         ,-0.008              ,0.022               ,23921.879       ,-0.01532          ,-0.00727              ,0.000         ,0.000         ,0.025         ,0.251         
10:03:36.252695     ,0.803       ,0.880       ,17.162      ,15.310      ,15.227      ,16.160      ,-0.953      ,-0.476      ,-0.082      ,-0.000      ,-0.559      ,880.000     ,-0.953      ,15.207      ,-0.02999      ,2147483255    ,325.459         ,2.600         ,-0.009              ,0.024               ,23921.881       ,-0.02302          ,-0.00813              ,0.000         ,0.000         ,0.025         ,0.246         
10:03:36.262038     ,0.801       ,0.880       ,17.129      ,15.320      ,15.248      ,16.160      ,-0.912      ,-0.456      ,-0.084      ,0.000       ,-0.540      ,880.000     ,-0.912      ,15.248      ,-0.02976      ,2147483258    ,325.723         ,2.800         ,-0.010              ,0.027               ,23921.881       ,-0.02301          ,-0.00898              ,0.000         ,0.000         ,0.025         ,0.246         
10:03:36.273573     ,0.798       ,0.880       ,17.179      ,15.340      ,15.267      ,16.160      ,-0.912      ,-0.456      ,-0.084      ,0.000       ,-0.540      ,880.000     ,-0.912      ,15.248      ,-0.02953      ,2147483261    ,325.986         ,3.200         ,-0.011              ,0.030               ,23921.881       ,-0.02301          ,-0.00994              ,0.000         ,0.000         ,0.023         ,0.234         
10:03:36.282024     ,0.799       ,0.880       ,17.195      ,15.390      ,15.296      ,16.160      ,-0.864      ,-0.432      ,-0.086      ,0.000       ,-0.518      ,880.000     ,-0.864      ,15.296      ,-0.02930      ,2147483264    ,326.250         ,3.400         ,-0.012              ,0.033               ,23921.883       ,-0.02300          ,-0.01098              ,0.000         ,0.000         ,0.023         ,0.234         
10:03:36.293240     ,0.801       ,0.880       ,17.179      ,15.400      ,15.322      ,16.160      ,-0.864      ,-0.432      ,-0.086      ,0.000       ,-0.518      ,880.000     ,-0.864      ,15.296      ,-0.02899      ,2147483268    ,326.602         ,3.600         ,-0.013              ,0.036               ,23921.885       ,-0.02302          ,-0.01209              ,0.000         ,0.000         ,0.023         ,0.231         
10:03:36.302043     ,0.801       ,0.880       ,17.195      ,15.440      ,15.348      ,16.160      ,-0.812      ,-0.406      ,-0.088      ,0.000       ,-0.493      ,880.000     ,-0.812      ,15.348      ,-0.02876      ,2147483271    ,326.865         ,3.800         ,-0.013              ,0.040               ,23921.887       ,-0.03069          ,-0.01338              ,0.000         ,0.000         ,0.023         ,0.231         
10:03:36.313939     ,0.801       ,0.880       ,17.179      ,15.450      ,15.375      ,16.160      ,-0.812      ,-0.393      ,-0.088      ,-0.000      ,-0.493      ,880.000     ,-0.812      ,15.348      ,-0.02846      ,2147483275    ,327.217         ,4.200         ,-0.015              ,0.044               ,23921.887       ,-0.02299          ,-0.01471              ,0.000         ,0.000         ,0.022         ,0.218         
10:03:36.322029     ,0.798       ,0.880       ,17.162      ,15.450      ,15.375      ,16.160      ,-0.786      ,-0.393      ,-0.089      ,-0.001      ,-0.483      ,880.000     ,-0.786      ,15.375      ,-0.02815      ,2147483279    ,327.568         ,4.400         ,-0.015              ,0.048               ,23921.889       ,-0.03071          ,-0.01607              ,0.000         ,0.000         ,0.022         ,0.218         
10:03:36.332061     ,0.799       ,0.880       ,17.162      ,15.530      ,15.411      ,16.160      ,-0.786      ,-0.393      ,-0.089      ,-0.001      ,-0.483      ,880.000     ,-0.786      ,15.375      ,-0.02784      ,2147483283    ,327.920         ,4.600         ,-0.016              ,0.052               ,23921.889       ,-0.03068          ,-0.01734              ,0.000         ,0.000         ,0.021         ,0.212         
10:03:36.342023     ,0.801       ,0.880       ,17.162      ,15.570      ,15.443      ,16.160      ,-0.717      ,-0.359      ,-0.091      ,-0.000      ,-0.450      ,880.000     ,-0.717      ,15.443      ,-0.02753      ,2147483287    ,328.271         ,4.800         ,-0.017              ,0.056               ,23921.891       ,-0.03068          ,-0.01865              ,0.000         ,0.000         ,0.021         ,0.212         
10:03:36.352146     ,0.801       ,0.880       ,17.162      ,15.590      ,15.477      ,16.160      ,-0.717      ,-0.359      ,-0.091      ,-0.000      ,-0.450      ,880.000     ,-0.717      ,15.443      ,-0.02715      ,2147483292    ,328.711         ,5.200         ,-0.018              ,0.056               ,23921.893       ,-0.03068          ,-0.01865              ,0.000         ,0.000         ,0.020         ,0.204         
10:03:36.362028     ,0.801       ,0.880       ,17.179      ,15.600      ,15.507      ,16.160      ,-0.654      ,-0.327      ,-0.091      ,0.002       ,-0.416      ,880.000     ,-0.654      ,15.507      ,-0.02684      ,2147483296    ,329.062         ,5.400         ,-0.019              ,0.060               ,23921.895       ,-0.03068          ,-0.01988              ,0.000         ,0.000         ,0.020         ,0.204         
10:03:36.372038     ,0.801       ,0.880       ,17.179      ,15.630      ,15.543      ,16.160      ,-0.654      ,-0.327      ,-0.091      ,0.002       ,-0.416      ,880.000     ,-0.654      ,15.507      ,-0.02654      ,2147483300    ,329.414         ,5.600         ,-0.020              ,0.060               ,23921.896       ,-0.03068          ,-0.01988              ,0.000         ,0.000         ,0.019         ,0.193         
10:03:36.387499     ,0.799       ,0.880       ,17.195      ,15.650      ,15.571      ,16.160      ,-0.654      ,-0.327      ,-0.091      ,0.002       ,-0.416      ,880.000     ,-0.654      ,15.507      ,-0.02615      ,2147483305    ,329.854         ,6.000         ,-0.021              ,0.063               ,23921.898       ,-0.03068          ,-0.02104              ,0.000         ,0.000         ,0.019         ,0.185         
10:03:36.392030     ,0.799       ,0.880       ,17.195      ,15.650      ,15.594      ,16.160      ,-0.590      ,-0.295      ,-0.092      ,-0.000      ,-0.387      ,880.000     ,-0.590      ,15.571      ,-0.02585      ,2147483309    ,330.205         ,6.400         ,-0.022              ,0.063               ,23921.898       ,-0.03068          ,-0.02104              ,0.000         ,0.000         ,0.019         ,0.185         
10:03:36.406313     ,0.801       ,0.880       ,17.179      ,15.660      ,15.616      ,16.160      ,-0.566      ,-0.283      ,-0.092      ,-0.002      ,-0.378      ,880.000     ,-0.566      ,15.594      ,-0.02546      ,2147483314    ,330.645         ,6.600         ,-0.023              ,0.070               ,23921.900       ,-0.03071          ,-0.02341              ,0.000         ,0.000         ,0.018         ,0.178         
10:03:36.413348     ,0.801       ,0.880       ,17.179      ,15.660      ,15.616      ,16.160      ,-0.566      ,-0.283      ,-0.092      ,-0.002      ,-0.378      ,880.000     ,-0.566      ,15.594      ,-0.02516      ,2147483318    ,330.996         ,6.800         ,-0.024              ,0.070               ,23921.900       ,-0.03071          ,-0.02341              ,0.000         ,0.000         ,0.018         ,0.178         
10:03:36.425305     ,0.799       ,0.880       ,17.179      ,15.750      ,15.650      ,16.160      ,-0.544      ,-0.272      ,-0.093      ,-0.000      ,-0.365      ,880.000     ,-0.544      ,15.616      ,-0.02477      ,2147483323    ,331.436         ,7.000         ,-0.024              ,0.074               ,23921.902       ,-0.03068          ,-0.02450              ,0.000         ,0.000         ,0.017         ,0.169         
10:03:36.432028     ,0.799       ,0.880       ,17.179      ,15.770      ,15.676      ,16.160      ,-0.510      ,-0.255      ,-0.093      ,0.001       ,-0.348      ,880.000     ,-0.510      ,15.650      ,-0.02447      ,2147483327    ,331.787         ,7.000         ,-0.024              ,0.077               ,23921.904       ,-0.03837          ,-0.02555              ,0.000         ,0.000         ,0.017         ,0.169         
10:03:36.445244     ,0.798       ,0.880       ,17.162      ,15.740      ,15.689      ,16.160      ,-0.485      ,-0.242      ,-0.094      ,-0.000      ,-0.337      ,880.000     ,-0.485      ,15.676      ,-0.02416      ,2147483331    ,332.139         ,7.200         ,-0.025              ,0.080               ,23921.906       ,-0.03065          ,-0.02655              ,0.000         ,0.000         ,0.016         ,0.159         
10:03:36.452040     ,0.801       ,0.880       ,17.195      ,15.780      ,15.712      ,16.160      ,-0.471      ,-0.236      ,-0.094      ,-0.001      ,-0.331      ,880.000     ,-0.471      ,15.689      ,-0.02378      ,2147483336    ,332.578         ,7.400         ,-0.026              ,0.082               ,23921.906       ,-0.03070          ,-0.02740              ,0.000         ,0.000         ,0.016         ,0.159         
10:03:36.464024     ,0.803       ,0.880       ,17.179      ,15.800      ,15.736      ,16.160      ,-0.449      ,-0.224      ,-0.095      ,0.000       ,-0.319      ,880.000     ,-0.449      ,15.712      ,-0.02347      ,2147483340    ,332.930         ,7.600         ,-0.027              ,0.085               ,23921.908       ,-0.03834          ,-0.02824              ,0.000         ,0.000         ,0.015         ,0.150         
10:03:36.472032     ,0.803       ,0.880       ,17.179      ,15.810      ,15.749      ,16.160      ,-0.424      ,-0.212      ,-0.095      ,0.000       ,-0.307      ,880.000     ,-0.424      ,15.736      ,-0.02316      ,2147483344    ,333.281         ,7.800         ,-0.027              ,0.087               ,23921.910       ,-0.03067          ,-0.02895              ,0.000         ,0.000         ,0.015         ,0.150         
10:03:36.485863     ,0.801       ,0.880       ,17.179      ,15.840      ,15.768      ,16.160      ,-0.412      ,-0.206      ,-0.096      ,-0.001      ,-0.302      ,880.000     ,-0.412      ,15.749      ,-0.02286      ,2147483348    ,333.633         ,8.000         ,-0.028              ,0.089               ,23921.912       ,-0.03069          ,-0.02956              ,0.000         ,0.000         ,0.014         ,0.144         
10:03:36.492027     ,0.798       ,0.880       ,17.179      ,15.870      ,15.798      ,16.160      ,-0.393      ,-0.196      ,-0.096      ,0.000       ,-0.292      ,880.000     ,-0.393      ,15.768      ,-0.02247      ,2147483353    ,334.072         ,8.000         ,-0.028              ,0.090               ,23921.914       ,-0.03067          ,-0.03007              ,0.000         ,0.000         ,0.014         ,0.144         
10:03:36.504697     ,0.798       ,0.880       ,17.179      ,15.930      ,15.827      ,16.160      ,-0.363      ,-0.181      ,-0.096      ,0.001       ,-0.277      ,880.000     ,-0.363      ,15.798      ,-0.02217      ,2147483357    ,334.424         ,8.000         ,-0.028              ,0.092               ,23921.916       ,-0.03837          ,-0.03051              ,0.000         ,0.000         ,0.013         ,0.133         
10:03:36.512032     ,0.798       ,0.880       ,17.179      ,15.930      ,15.849      ,16.160      ,-0.333      ,-0.167      ,-0.097      ,-0.000      ,-0.263      ,880.000     ,-0.333      ,15.827      ,-0.02186      ,2147483361    ,334.775         ,8.000         ,-0.028              ,0.093               ,23921.916       ,-0.03067          ,-0.03088              ,0.000         ,0.000         ,0.013         ,0.133         
10:03:36.525609     ,0.798       ,0.880       ,17.179      ,15.930      ,15.870      ,16.160      ,-0.311      ,-0.155      ,-0.097      ,-0.000      ,-0.253      ,880.000     ,-0.311      ,15.849      ,-0.02155      ,2147483365    ,335.127         ,8.000         ,-0.028              ,0.094               ,23921.916       ,-0.03067          ,-0.03120              ,0.000         ,0.000         ,0.013         ,0.126         
10:03:36.532033     ,0.803       ,0.880       ,17.162      ,15.950      ,15.891      ,16.160      ,-0.290      ,-0.145      ,-0.097      ,-0.000      ,-0.243      ,880.000     ,-0.290      ,15.870      ,-0.02125      ,2147483369    ,335.479         ,8.000         ,-0.028              ,0.094               ,23921.918       ,-0.03067          ,-0.03135              ,0.000         ,0.000         ,0.013         ,0.126         
10:03:36.544657     ,0.796       ,0.880       ,17.179      ,15.960      ,15.910      ,16.160      ,-0.270      ,-0.135      ,-0.098      ,0.000       ,-0.232      ,880.000     ,-0.270      ,15.891      ,-0.02094      ,2147483373    ,335.830         ,8.000         ,-0.028              ,0.094               ,23921.920       ,-0.03064          ,-0.03148              ,0.000         ,0.000         ,0.012         ,0.116         
10:03:36.552063     ,0.798       ,0.880       ,17.129      ,15.970      ,15.923      ,16.160      ,-0.250      ,-0.125      ,-0.098      ,-0.000      ,-0.223      ,880.000     ,-0.250      ,15.910      ,-0.02063      ,2147483377    ,336.182         ,8.000         ,-0.028              ,0.095               ,23921.922       ,-0.03073          ,-0.03159              ,0.000         ,0.000         ,0.012         ,0.116         
10:03:36.565487     ,0.798       ,0.880       ,17.162      ,16.000      ,15.944      ,16.160      ,-0.237      ,-0.118      ,-0.098      ,-0.000      ,-0.217      ,880.000     ,-0.237      ,15.923      ,-0.02040      ,2147483380    ,336.445         ,8.000         ,-0.028              ,0.095               ,23921.924       ,-0.03065          ,-0.03157              ,0.000         ,0.000         ,0.011         ,0.109         
10:03:36.572036     ,0.803       ,0.880       ,17.179      ,16.020      ,15.965      ,16.160      ,-0.217      ,-0.108      ,-0.098      ,0.000       ,-0.206      ,880.000     ,-0.217      ,15.944      ,-0.02010      ,2147483384    ,336.797         ,8.000         ,-0.028              ,0.094               ,23921.924       ,-0.02301          ,-0.03143              ,0.000         ,0.000         ,0.011         ,0.109         
10:03:36.584241     ,0.799       ,0.880       ,17.195      ,16.040      ,15.982      ,16.160      ,-0.196      ,-0.098      ,-0.099      ,0.000       ,-0.196      ,880.000     ,-0.196      ,15.965      ,-0.01987      ,2147483387    ,337.061         ,8.000         ,-0.028              ,0.094               ,23921.924       ,-0.03070          ,-0.03132              ,0.000         ,0.000         ,0.010         ,0.102         
10:03:36.592031     ,0.799       ,0.880       ,17.179      ,16.060      ,15.998      ,16.160      ,-0.178      ,-0.089      ,-0.099      ,-0.000      ,-0.188      ,880.000     ,-0.178      ,15.982      ,-0.01956      ,2147483391    ,337.412         ,8.000         ,-0.028              ,0.093               ,23921.926       ,-0.02298          ,-0.03111              ,0.000         ,0.000         ,0.010         ,0.102         
10:03:36.605163     ,0.799       ,0.880       ,17.179      ,16.080      ,16.015      ,16.160      ,-0.162      ,-0.081      ,-0.099      ,-0.000      ,-0.180      ,880.000     ,-0.162      ,15.998      ,-0.01933      ,2147483394    ,337.676         ,8.000         ,-0.028              ,0.092               ,23921.926       ,-0.03072          ,-0.03081              ,0.000         ,0.000         ,0.010         ,0.098         
10:03:36.612021     ,0.799       ,0.880       ,17.179      ,16.080      ,16.028      ,16.160      ,-0.145      ,-0.072      ,-0.099      ,0.000       ,-0.171      ,880.000     ,-0.145      ,16.015      ,-0.01910      ,2147483397    ,337.939         ,8.000         ,-0.028              ,0.091               ,23921.928       ,-0.02300          ,-0.03045              ,0.000         ,0.000         ,0.010         ,0.098         
10:03:36.625206     ,0.803       ,0.880       ,17.162      ,16.100      ,16.045      ,16.160      ,-0.132      ,-0.066      ,-0.099      ,-0.000      ,-0.165      ,880.000     ,-0.132      ,16.028      ,-0.01894      ,2147483399    ,338.115         ,7.800         ,-0.027              ,0.090               ,23921.928       ,-0.02302          ,-0.03002              ,0.000         ,0.000         ,0.009         ,0.091         
10:03:36.632025     ,0.801       ,0.880       ,17.162      ,16.100      ,16.059      ,16.160      ,-0.116      ,-0.058      ,-0.099      ,0.000       ,-0.157      ,880.000     ,-0.116      ,16.045      ,-0.01871      ,2147483402    ,338.379         ,7.600         ,-0.027              ,0.088               ,23921.930       ,-0.01534          ,-0.02943              ,0.000         ,0.000         ,0.009         ,0.091         
10:03:36.646330     ,0.799       ,0.880       ,17.179      ,16.130      ,16.078      ,16.160      ,-0.101      ,-0.050      ,-0.099      ,-0.000      ,-0.150      ,880.000     ,-0.101      ,16.059      ,-0.01871      ,2147483402    ,338.379         ,7.400         ,-0.026              ,0.086               ,23921.932       ,-0.02295          ,-0.02881              ,0.000         ,0.000         ,0.009         ,0.086         
10:03:36.652042     ,0.798       ,0.880       ,17.195      ,16.120      ,16.089      ,16.160      ,-0.083      ,-0.041      ,-0.099      ,0.000       ,-0.141      ,880.000     ,-0.083      ,16.078      ,-0.01833      ,2147483407    ,338.818         ,7.200         ,-0.025              ,0.085               ,23921.932       ,-0.02295          ,-0.02817              ,0.000         ,0.000         ,0.009         ,0.086         
10:03:36.665482     ,0.803       ,0.880       ,17.146      ,16.140      ,16.104      ,16.160      ,-0.071      ,-0.035      ,-0.100      ,-0.000      ,-0.135      ,880.000     ,-0.071      ,16.089      ,-0.01818      ,2147483409    ,338.994         ,7.000         ,-0.024              ,0.082               ,23921.932       ,-0.01919          ,-0.02745              ,0.000         ,0.000         ,0.008         ,0.084         
10:03:36.672146     ,0.799       ,0.880       ,17.195      ,16.150      ,16.114      ,16.160      ,-0.056      ,-0.028      ,-0.100      ,0.000       ,-0.128      ,880.000     ,-0.056      ,16.104      ,-0.01802      ,2147483411    ,339.170         ,7.000         ,-0.024              ,0.080               ,23921.934       ,-0.01534          ,-0.02673              ,0.000         ,0.000         ,0.008         ,0.084         
10:03:36.685655     ,0.799       ,0.880       ,17.179      ,16.160      ,16.125      ,16.160      ,-0.046      ,-0.023      ,-0.100      ,-0.000      ,-0.123      ,880.000     ,-0.046      ,16.114      ,-0.01787      ,2147483413    ,339.346         ,6.800         ,-0.024              ,0.078               ,23921.934       ,-0.01535          ,-0.02588              ,0.000         ,0.000         ,0.008         ,0.081         
10:03:36.692028     ,0.801       ,0.880       ,17.179      ,16.160      ,16.130      ,16.160      ,-0.035      ,-0.018      ,-0.100      ,0.000       ,-0.117      ,880.000     ,-0.035      ,16.125      ,-0.01779      ,2147483414    ,339.434         ,6.600         ,-0.023              ,0.075               ,23921.934       ,-0.01533          ,-0.02505              ,0.000         ,0.000         ,0.008         ,0.081         
10:03:36.704373     ,0.799       ,0.880       ,17.179      ,16.160      ,16.138      ,16.160      ,-0.030      ,-0.015      ,-0.100      ,-0.000      ,-0.115      ,880.000     ,-0.030      ,16.130      ,-0.01764      ,2147483416    ,339.609         ,6.400         ,-0.022              ,0.072               ,23921.934       ,-0.00767          ,-0.02399              ,0.000         ,0.000         ,0.008         ,0.077         
10:03:36.712021     ,0.799       ,0.880       ,17.162      ,16.160      ,16.143      ,16.160      ,-0.023      ,-0.011      ,-0.100      ,0.000       ,-0.111      ,880.000     ,-0.023      ,16.138      ,-0.01756      ,2147483417    ,339.697         ,6.200         ,-0.022              ,0.069               ,23921.934       ,-0.01534          ,-0.02298              ,0.000         ,0.000         ,0.008         ,0.077         
10:03:36.725968     ,0.801       ,0.880       ,17.162      ,16.180      ,16.150      ,16.160      ,-0.018      ,-0.009      ,-0.100      ,-0.000      ,-0.109      ,880.000     ,-0.018      ,16.143      ,-0.01749      ,2147483418    ,339.785         ,5.800         ,-0.020              ,0.066               ,23921.934       ,-0.00766          ,-0.02189              ,0.000         ,0.000         ,0.007         ,0.069         
10:03:36.732021     ,0.801       ,0.880       ,17.179      ,16.190      ,16.158      ,16.160      ,-0.010      ,0.000       ,-0.100      ,0.001       ,-0.103      ,880.000     ,-0.010      ,16.150      ,-0.01741      ,2147483419    ,339.873         ,5.600         ,-0.020              ,0.063               ,23921.936       ,-0.00768          ,-0.02085              ,0.000         ,0.000         ,0.007         ,0.069         
10:03:36.745836     ,0.798       ,0.880       ,17.195      ,16.180      ,16.162      ,16.160      ,-0.003      ,0.000       ,-0.100      ,0.000       ,-0.098      ,880.000     ,-0.003      ,16.158      ,-0.01733      ,2147483420    ,339.961         ,5.400         ,-0.019              ,0.059               ,23921.936       ,-0.00766          ,-0.01974              ,0.000         ,0.000         ,0.007         ,0.074         
10:03:36.752020     ,0.796       ,0.880       ,17.179      ,16.180      ,16.167      ,16.160      ,0.002       ,0.000       ,-0.100      ,-0.000      ,-0.093      ,880.000     ,0.002       ,16.162      ,-0.01726      ,2147483421    ,340.049         ,5.200         ,-0.018              ,0.056               ,23921.936       ,-0.00768          ,-0.01856              ,0.000         ,0.000         ,0.007         ,0.074         
10:03:36.764275     ,0.799       ,0.880       ,17.195      ,16.190      ,16.173      ,16.160      ,0.007       ,0.000       ,-0.100      ,-0.000      ,-0.089      ,880.000     ,0.007       ,16.167      ,-0.01726      ,2147483421    ,340.049         ,4.800         ,-0.017              ,0.052               ,23921.936       ,-0.00767          ,-0.01739              ,0.000         ,0.000         ,0.007         ,0.074         
10:03:36.772029     ,0.799       ,0.880       ,17.179      ,16.190      ,16.174      ,16.160      ,0.012       ,0.006       ,-0.100      ,0.000       ,-0.094      ,880.000     ,0.012       ,16.173      ,-0.01718      ,2147483422    ,340.137         ,4.600         ,-0.016              ,0.048               ,23921.936       ,0.00000           ,-0.01616              ,0.000         ,0.000         ,0.007         ,0.074         
10:03:36.783828     ,0.803       ,0.880       ,17.179      ,16.190      ,16.175      ,16.160      ,0.014       ,0.007       ,-0.100      ,-0.000      ,-0.093      ,880.000     ,0.014       ,16.174      ,-0.01718      ,2147483422    ,340.137         ,4.200         ,-0.015              ,0.045               ,23921.936       ,-0.00764          ,-0.01500              ,0.000         ,0.000         ,0.007         ,0.072         
10:03:36.792025     ,0.801       ,0.880       ,17.162      ,16.160      ,16.173      ,16.160      ,0.015       ,0.007       ,-0.100      ,-0.000      ,-0.092      ,880.000     ,0.015       ,16.175      ,-0.01718      ,2147483422    ,340.137         ,3.800         ,-0.013              ,0.041               ,23921.936       ,0.00000           ,-0.01379              ,0.000         ,0.000         ,0.007         ,0.072         
10:03:36.804600     ,0.801       ,0.880       ,17.195      ,16.160      ,16.172      ,16.160      ,0.013       ,0.006       ,-0.100      ,-0.000      ,-0.093      ,880.000     ,0.013       ,16.173      ,-0.01718      ,2147483422    ,340.137         ,3.400         ,-0.012              ,0.038               ,23921.936       ,0.00000           ,-0.01264              ,0.000         ,0.000         ,0.007         ,0.071         
10:03:36.812022     ,0.799       ,0.880       ,17.162      ,16.150      ,16.167      ,16.160      ,0.012       ,0.006       ,-0.100      ,0.000       ,-0.094      ,880.000     ,0.012       ,16.172      ,-0.01710      ,2147483423    ,340.225         ,3.200         ,-0.011              ,0.034               ,23921.936       ,0.00000           ,-0.01143              ,0.000         ,0.000         ,0.007         ,0.071         
10:03:36.825173     ,0.798       ,0.880       ,17.195      ,16.080      ,16.149      ,16.160      ,0.007       ,0.000       ,-0.100      ,-0.001      ,-0.089      ,880.000     ,0.007       ,16.167      ,-0.01710      ,2147483423    ,340.225         ,2.800         ,-0.010              ,0.031               ,23921.936       ,-0.00767          ,-0.01041              ,0.000         ,0.000         ,0.007         ,0.075         
10:03:36.832027     ,0.803       ,0.880       ,17.179      ,16.060      ,16.130      ,16.160      ,-0.011      ,-0.005      ,-0.100      ,-0.001      ,-0.106      ,880.000     ,-0.011      ,16.149      ,-0.01710      ,2147483423    ,340.225         ,2.600         ,-0.009              ,0.028               ,23921.936       ,0.00000           ,-0.00942              ,0.000         ,0.000         ,0.007         ,0.075         
10:03:36.845048     ,0.803       ,0.880       ,17.179      ,16.000      ,16.106      ,16.160      ,-0.030      ,-0.015      ,-0.100      ,-0.000      ,-0.115      ,880.000     ,-0.030      ,16.130      ,-0.01710      ,2147483423    ,340.225         ,2.400         ,-0.008              ,0.025               ,23921.936       ,0.00000           ,-0.00847              ,0.000         ,0.000         ,0.007         ,0.071         
10:03:36.852054     ,0.799       ,0.880       ,17.179      ,16.000      ,16.080      ,16.160      ,-0.054      ,-0.027      ,-0.100      ,-0.000      ,-0.127      ,880.000     ,-0.054      ,16.106      ,-0.01710      ,2147483423    ,340.225         ,2.200         ,-0.008              ,0.023               ,23921.936       ,0.00000           ,-0.00754              ,0.000         ,0.000         ,0.007         ,0.071         
10:03:36.864864     ,0.796       ,0.880       ,17.179      ,15.980      ,16.049      ,16.160      ,-0.081      ,-0.040      ,-0.100      ,-0.000      ,-0.140      ,880.000     ,-0.081      ,16.080      ,-0.01710      ,2147483423    ,340.225         ,2.000         ,-0.007              ,0.020               ,23921.936       ,0.00000           ,-0.00664              ,0.000         ,0.000         ,0.007         ,0.074         
10:03:36.872164     ,0.801       ,0.880       ,17.179      ,16.000      ,16.030      ,16.160      ,-0.112      ,-0.056      ,-0.100      ,-0.000      ,-0.156      ,880.000     ,-0.112      ,16.049      ,-0.01710      ,2147483423    ,340.225         ,2.000         ,-0.007              ,0.018               ,23921.936       ,0.00000           ,-0.00587              ,0.000         ,0.000         ,0.007         ,0.074         
10:03:36.884949     ,0.796       ,0.880       ,17.179      ,16.030      ,16.014      ,16.160      ,-0.130      ,-0.065      ,-0.100      ,0.001       ,-0.165      ,880.000     ,-0.130      ,16.030      ,-0.01710      ,2147483423    ,340.225         ,1.800         ,-0.006              ,0.015               ,23921.936       ,0.00000           ,-0.00511              ,0.000         ,0.000         ,0.007         ,0.072         
10:03:36.892034     ,0.803       ,0.880       ,17.162      ,16.040      ,16.007      ,16.160      ,-0.146      ,-0.073      ,-0.100      ,0.000       ,-0.173      ,880.000     ,-0.146      ,16.014      ,-0.01710      ,2147483423    ,340.225         ,1.600         ,-0.006              ,0.013               ,23921.936       ,0.00000           ,-0.00446              ,0.000         ,0.000         ,0.007         ,0.072         
10:03:36.905786     ,0.799       ,0.880       ,17.146      ,16.040      ,16.000      ,16.160      ,-0.153      ,-0.077      ,-0.100      ,0.000       ,-0.177      ,880.000     ,-0.153      ,16.007      ,-0.01710      ,2147483423    ,340.225         ,1.400         ,-0.005              ,0.012               ,23921.936       ,0.00000           ,-0.00390              ,0.000         ,0.000         ,0.006         ,0.065         
10:03:36.912029     ,0.799       ,0.880       ,17.129      ,16.060      ,16.006      ,16.160      ,-0.160      ,-0.080      ,-0.101      ,0.000       ,-0.181      ,880.000     ,-0.160      ,16.000      ,-0.01710      ,2147483423    ,340.225         ,1.200         ,-0.004              ,0.010               ,23921.936       ,0.00000           ,-0.00343              ,0.000         ,0.000         ,0.006         ,0.065         
10:03:36.923560     ,0.803       ,0.880       ,17.162      ,16.020      ,16.007      ,16.160      ,-0.154      ,-0.077      ,-0.101      ,0.001       ,-0.177      ,880.000     ,-0.154      ,16.006      ,-0.01710      ,2147483423    ,340.225         ,1.000         ,-0.003              ,0.009               ,23921.936       ,0.00000           ,-0.00292              ,0.000         ,0.000         ,0.007         ,0.074         
10:03:36.932021     ,0.803       ,0.880       ,17.179      ,16.010      ,16.010      ,16.160      ,-0.153      ,-0.077      ,-0.101      ,-0.000      ,-0.178      ,880.000     ,-0.153      ,16.007      ,-0.01710      ,2147483423    ,340.225         ,1.000         ,-0.003              ,0.007               ,23921.936       ,0.00000           ,-0.00248              ,0.000         ,0.000         ,0.007         ,0.074         
10:03:36.944077     ,0.798       ,0.880       ,17.211      ,15.970      ,16.009      ,16.160      ,-0.151      ,-0.075      ,-0.101      ,0.000       ,-0.176      ,880.000     ,-0.151      ,16.010      ,-0.01710      ,2147483423    ,340.225         ,1.000         ,-0.003              ,0.006               ,23921.936       ,0.00000           ,-0.00211              ,0.000         ,0.000         ,0.007         ,0.074         
10:03:36.952031     ,0.803       ,0.880       ,17.179      ,15.970      ,16.010      ,16.160      ,-0.151      ,-0.076      ,-0.101      ,-0.000      ,-0.177      ,880.000     ,-0.151      ,16.009      ,-0.01710      ,2147483423    ,340.225         ,1.000         ,-0.003              ,0.005               ,23921.936       ,0.00000           ,-0.00179              ,0.000         ,0.000         ,0.007         ,0.074         
10:03:36.964571     ,0.796       ,0.880       ,17.179      ,15.980      ,16.004      ,16.160      ,-0.151      ,-0.075      ,-0.101      ,0.000       ,-0.177      ,880.000     ,-0.151      ,16.010      ,-0.01710      ,2147483423    ,340.225         ,1.000         ,-0.003              ,0.005               ,23921.936       ,0.00000           ,-0.00152              ,0.000         ,0.000         ,0.007         ,0.072         
10:03:36.972019     ,0.796       ,0.880       ,17.195      ,16.000      ,16.001      ,16.160      ,-0.157      ,-0.078      ,-0.102      ,-0.000      ,-0.180      ,880.000     ,-0.157      ,16.004      ,-0.01710      ,2147483423    ,340.225         ,1.000         ,-0.003              ,0.004               ,23921.936       ,0.00000           ,-0.00129              ,0.000         ,0.000         ,0.007         ,0.072         
10:03:36.985209     ,0.803       ,0.880       ,17.179      ,16.040      ,15.999      ,16.160      ,-0.159      ,-0.079      ,-0.102      ,0.000       ,-0.181      ,880.000     ,-0.159      ,16.001      ,-0.01710      ,2147483423    ,340.225         ,0.800         ,-0.003              ,0.003               ,23921.936       ,0.00000           ,-0.00110              ,0.000         ,0.000         ,0.007         ,0.072         
10:03:36.992026     ,0.798       ,0.880       ,17.129      ,16.060      ,16.002      ,16.160      ,-0.161      ,-0.081      ,-0.102      ,0.000       ,-0.182      ,880.000     ,-0.161      ,15.999      ,-0.01710      ,2147483423    ,340.225         ,0.600         ,-0.002              ,0.003               ,23921.936       ,0.00000           ,-0.00094              ,0.000         ,0.000         ,0.007         ,0.072         
10:03:37.004797     ,0.798       ,0.880       ,17.211      ,16.080      ,16.007      ,16.160      ,-0.158      ,-0.079      ,-0.102      ,0.000       ,-0.181      ,880.000     ,-0.158      ,16.002      ,-0.01710      ,2147483423    ,340.225         ,0.400         ,-0.001              ,0.002               ,23921.936       ,0.00000           ,-0.00080              ,0.000         ,0.000         ,0.008         ,0.076         
10:03:37.012017     ,0.803       ,0.880       ,17.162      ,16.070      ,16.013      ,16.160      ,-0.153      ,-0.077      ,-0.102      ,0.000       ,-0.179      ,880.000     ,-0.153      ,16.007      ,-0.01710      ,2147483423    ,340.225         ,0.200         ,-0.001              ,0.002               ,23921.936       ,0.00000           ,-0.00068              ,0.000         ,0.000         ,0.008         ,0.076         
10:03:37.023196     ,0.801       ,0.880       ,17.162      ,16.060      ,16.023      ,16.160      ,-0.147      ,-0.073      ,-0.102      ,0.000       ,-0.176      ,880.000     ,-0.147      ,16.013      ,-0.01710      ,2147483423    ,340.225         ,0.000         ,-0.000              ,0.002               ,23921.936       ,0.00000           ,-0.00057              ,0.000         ,0.000         ,0.007         ,0.074         
10:03:37.032016     ,0.801       ,0.880       ,17.179      ,16.030      ,16.030      ,16.160      ,-0.137      ,-0.068      ,-0.102      ,0.000       ,-0.171      ,880.000     ,-0.137      ,16.023      ,-0.01710      ,2147483423    ,340.225         ,0.000         ,-0.000              ,0.001               ,23921.936       ,0.00000           ,-0.00049              ,0.000         ,0.000         ,0.007         ,0.074         
10:03:37.043885     ,0.801       ,0.880       ,17.179      ,16.000      ,16.034      ,16.160      ,-0.130      ,-0.065      ,-0.103      ,-0.000      ,-0.168      ,880.000     ,-0.130      ,16.030      ,-0.01710      ,2147483423    ,340.225         ,0.000         ,-0.000              ,0.001               ,23921.936       ,0.00000           ,-0.00049              ,0.000         ,0.000         ,0.007         ,0.074         
10:03:37.052019     ,0.803       ,0.880       ,17.179      ,16.010      ,16.038      ,16.160      ,-0.123      ,-0.061      ,-0.103      ,0.000       ,-0.164      ,880.000     ,-0.123      ,16.038      ,-0.01710      ,2147483423    ,340.225         ,0.000         ,-0.000              ,0.001               ,23921.936       ,0.00000           ,-0.00042              ,0.000         ,0.000         ,0.007         ,0.074         
10:03:37.063698     ,0.801       ,0.880       ,17.179      ,16.000      ,16.035      ,16.160      ,-0.123      ,-0.061      ,-0.103      ,0.000       ,-0.164      ,880.000     ,-0.123      ,16.038      ,-0.01710      ,2147483423    ,340.225         ,0.000         ,-0.000              ,0.001               ,23921.936       ,0.00000           ,-0.00035              ,0.000         ,0.000         ,0.007         ,0.074         
10:03:37.072020     ,0.801       ,0.880       ,17.179      ,16.000      ,16.026      ,16.160      ,-0.134      ,-0.067      ,-0.103      ,-0.001      ,-0.171      ,880.000     ,-0.134      ,16.026      ,-0.01710      ,2147483423    ,340.225         ,0.000         ,-0.000              ,0.001               ,23921.936       ,0.00000           ,-0.00035              ,0.000         ,0.000         ,0.007         ,0.074         
10:03:37.082118     ,0.799       ,0.880       ,17.195      ,16.010      ,16.017      ,16.160      ,-0.134      ,-0.067      ,-0.103      ,-0.001      ,-0.171      ,880.000     ,-0.134      ,16.026      ,-0.01710      ,2147483423    ,340.225         ,0.000         ,-0.000              ,0.001               ,23921.936       ,0.00000           ,-0.00030              ,0.000         ,0.000         ,0.007         ,0.072         
10:03:37.092023     ,0.803       ,0.880       ,17.179      ,16.010      ,16.007      ,16.160      ,-0.153      ,-0.077      ,-0.103      ,-0.000      ,-0.180      ,880.000     ,-0.153      ,16.007      ,-0.01710      ,2147483423    ,340.225         ,0.000         ,-0.000              ,0.001               ,23921.936       ,0.00000           ,-0.00025              ,0.000         ,0.000         ,0.007         ,0.072         
10:03:37.102149     ,0.803       ,0.880       ,17.179      ,16.070      ,16.005      ,16.160      ,-0.153      ,-0.077      ,-0.103      ,-0.000      ,-0.180      ,880.000     ,-0.153      ,16.007      ,-0.01710      ,2147483423    ,340.225         ,0.000         ,-0.000              ,0.001               ,23921.936       ,0.00000           ,-0.00025              ,0.000         ,0.000         ,0.007         ,0.074         
10:03:37.117374     ,0.799       ,0.880       ,17.179      ,16.080      ,16.009      ,16.160      ,-0.153      ,-0.077      ,-0.103      ,-0.000      ,-0.180      ,880.000     ,-0.153      ,16.007      ,-0.01710      ,2147483423    ,340.225         ,0.000         ,-0.000              ,0.001               ,23921.936       ,0.00000           ,-0.00022              ,0.000         ,0.000         ,0.007         ,0.074         
10:03:37.122134     ,0.799       ,0.880       ,17.179      ,16.080      ,16.018      ,16.160      ,-0.151      ,-0.076      ,-0.103      ,0.001       ,-0.178      ,880.000     ,-0.151      ,16.009      ,-0.01710      ,2147483423    ,340.225         ,0.000         ,-0.000              ,0.001               ,23921.936       ,0.00000           ,-0.00022              ,0.000         ,0.000         ,0.007         ,0.074         
10:03:37.137285     ,0.801       ,0.880       ,17.179      ,16.100      ,16.035      ,16.160      ,-0.142      ,-0.071      ,-0.103      ,0.000       ,-0.174      ,880.000     ,-0.142      ,16.018      ,-0.01710      ,2147483423    ,340.225         ,0.000         ,-0.000              ,0.000               ,23921.936       ,0.00000           ,-0.00016              ,0.000         ,0.000         ,0.007         ,0.074         
10:03:37.142303     ,0.801       ,0.880       ,17.179      ,16.100      ,16.056      ,16.160      ,-0.142      ,-0.071      ,-0.103      ,0.000       ,-0.174      ,880.000     ,-0.142      ,16.018      ,-0.01710      ,2147483423    ,340.225         ,0.000         ,-0.000              ,0.000               ,23921.936       ,0.00000           ,-0.00016              ,0.000         ,0.000         ,0.007         ,0.074         
10:03:37.156114     ,0.799       ,0.880       ,17.162      ,16.100      ,16.068      ,16.160      ,-0.105      ,-0.052      ,-0.103      ,0.001       ,-0.154      ,880.000     ,-0.105      ,16.056      ,-0.01710      ,2147483423    ,340.225         ,0.000         ,-0.000              ,0.000               ,23921.936       ,0.00000           ,-0.00013              ,0.000         ,0.000         ,0.007         ,0.074         
10:03:37.162260     ,0.803       ,0.880       ,17.179      ,16.090      ,16.079      ,16.160      ,-0.092      ,-0.046      ,-0.104      ,-0.001      ,-0.151      ,880.000     ,-0.092      ,16.068      ,-0.01710      ,2147483423    ,340.225         ,0.000         ,-0.000              ,0.000               ,23921.936       ,0.00000           ,-0.00011              ,0.000         ,0.000         ,0.007         ,0.074         
10:03:37.175721     ,0.796       ,0.880       ,17.195      ,16.100      ,16.091      ,16.160      ,-0.081      ,-0.035      ,-0.104      ,0.000       ,-0.144      ,880.000     ,-0.081      ,16.079      ,-0.01710      ,2147483423    ,340.225         ,0.000         ,-0.000              ,0.000               ,23921.936       ,0.00000           ,-0.00010              ,0.000         ,0.000         ,0.007         ,0.074         
10:03:37.182191     ,0.801       ,0.880       ,17.179      ,16.090      ,16.093      ,16.160      ,-0.069      ,-0.035      ,-0.104      ,0.000       ,-0.138      ,880.000     ,-0.069      ,16.091      ,-0.01710      ,2147483423    ,340.225         ,0.000         ,-0.000              ,0.000               ,23921.936       ,0.00000           ,-0.00008              ,0.000         ,0.000         ,0.007         ,0.074         
10:03:37.193669     ,0.801       ,0.880       ,17.179      ,16.090      ,16.093      ,16.160      ,-0.067      ,-0.033      ,-0.104      ,-0.000      ,-0.138      ,880.000     ,-0.067      ,16.093      ,-0.01710      ,2147483423    ,340.225         ,0.000         ,-0.000              ,0.000               ,23921.936       ,0.00000           ,-0.00007              ,0.000         ,0.000         ,0.007         ,0.074         
10:03:37.202237     ,0.798       ,0.880       ,17.179      ,16.130      ,16.096      ,16.160      ,-0.067      ,-0.034      ,-0.104      ,-0.000      ,-0.138      ,880.000     ,-0.067      ,16.093      ,-0.01710      ,2147483423    ,340.225         ,0.000         ,-0.000              ,0.000               ,23921.936       ,0.00000           ,-0.00006              ,0.000         ,0.000         ,0.007         ,0.074         
10:03:37.212377     ,0.799       ,0.880       ,17.195      ,16.100      ,16.094      ,16.160      ,-0.064      ,-0.032      ,-0.104      ,0.000       ,-0.136      ,880.000     ,-0.064      ,16.096      ,-0.01710      ,2147483423    ,340.225         ,0.000         ,-0.000              ,0.000               ,23921.936       ,0.00000           ,-0.00005              ,0.000         ,0.000         ,0.007         ,0.074         
10:03:37.222320     ,0.799       ,0.880       ,17.179      ,16.120      ,16.093      ,16.160      ,-0.067      ,-0.033      ,-0.104      ,-0.000      ,-0.138      ,880.000     ,-0.067      ,16.094      ,-0.01710      ,2147483423    ,340.225         ,0.000         ,-0.000              ,0.000               ,23921.936       ,0.00000           ,-0.00004              ,0.000         ,0.000         ,0.007         ,0.074         
10:03:37.232020     ,0.799       ,0.880       ,17.179      ,16.130      ,16.098      ,16.160      ,-0.067      ,-0.033      ,-0.104      ,0.000       ,-0.137      ,880.000     ,-0.067      ,16.093      ,-0.01710      ,2147483423    ,340.225         ,0.000         ,-0.000              ,0.000               ,23921.936       ,0.00000           ,-0.00004              ,0.000         ,0.000         ,0.007         ,0.072         
10:03:37.248367     ,0.801       ,0.880       ,17.179      ,16.140      ,16.106      ,16.160      ,-0.067      ,-0.027      ,-0.104      ,0.001       ,-0.137      ,880.000     ,-0.067      ,16.093      ,-0.01710      ,2147483423    ,340.225         ,0.000         ,-0.000              ,0.000               ,23921.936       ,0.00000           ,-0.00004              ,0.000         ,0.000         ,0.007         ,0.072         
10:03:37.252017     ,0.801       ,0.880       ,17.179      ,16.140      ,16.108      ,16.160      ,-0.054      ,-0.027      ,-0.104      ,0.001       ,-0.131      ,880.000     ,-0.054      ,16.106      ,-0.01710      ,2147483423    ,340.225         ,0.000         ,-0.000              ,0.000               ,23921.936       ,0.00000           ,-0.00004              ,0.000         ,0.000         ,0.007         ,0.072         
10:03:37.267123     ,0.801       ,0.880       ,17.211      ,16.160      ,16.122      ,16.160      ,-0.054      ,-0.027      ,-0.104      ,0.001       ,-0.131      ,880.000     ,-0.054      ,16.106      ,-0.01710      ,2147483423    ,340.225         ,0.000         ,-0.000              ,0.000               ,23921.936       ,0.00000           ,-0.00003              ,0.000         ,0.000         ,0.007         ,0.071         
10:03:37.272023     ,0.801       ,0.880       ,17.211      ,16.160      ,16.131      ,16.160      ,-0.039      ,-0.019      ,-0.104      ,0.000       ,-0.123      ,880.000     ,-0.039      ,16.122      ,-0.01710      ,2147483423    ,340.225         ,0.000         ,-0.000              ,0.000               ,23921.936       ,0.00000           ,-0.00003              ,0.000         ,0.000         ,0.007         ,0.071         
10:03:37.286018     ,0.796       ,0.880       ,17.195      ,16.160      ,16.138      ,16.160      ,-0.039      ,-0.019      ,-0.104      ,0.000       ,-0.123      ,880.000     ,-0.039      ,16.122      ,-0.01710      ,2147483423    ,340.225         ,0.000         ,-0.000              ,0.000               ,23921.936       ,0.00000           ,-0.00003              ,0.000         ,0.000         ,0.007         ,0.072         
10:03:37.292037     ,0.798       ,0.880       ,17.195      ,16.150      ,16.141      ,16.160      ,-0.019      ,-0.009      ,-0.104      ,-0.001      ,-0.114      ,880.000     ,-0.019      ,16.141      ,-0.01710      ,2147483423    ,340.225         ,0.000         ,-0.000              ,0.000               ,23921.936       ,0.00000           ,-0.00002              ,0.000         ,0.000         ,0.007         ,0.072         
10:03:37.304808     ,0.801       ,0.880       ,17.179      ,16.160      ,16.147      ,16.160      ,-0.019      ,-0.009      ,-0.104      ,-0.001      ,-0.114      ,880.000     ,-0.019      ,16.141      ,-0.01710      ,2147483423    ,340.225         ,0.000         ,-0.000              ,0.000               ,23921.936       ,0.00000           ,-0.00002              ,0.000         ,0.000         ,0.007         ,0.072         
10:03:37.312017     ,0.801       ,0.880       ,17.179      ,16.180      ,16.152      ,16.160      ,-0.008      ,0.000       ,-0.104      ,0.001       ,-0.109      ,880.000     ,-0.008      ,16.152      ,-0.01710      ,2147483423    ,340.225         ,0.000         ,-0.000              ,0.000               ,23921.936       ,0.00000           ,-0.00002              ,0.000         ,0.000         ,0.007         ,0.072         
10:03:37.323567     ,0.803       ,0.880       ,17.179      ,16.190      ,16.158      ,16.160      ,-0.008      ,0.000       ,-0.104      ,0.001       ,-0.109      ,880.000     ,-0.008      ,16.152      ,-0.01710      ,2147483423    ,340.225         ,0.000         ,-0.000              ,0.000               ,23921.936       ,0.00000           ,-0.00002              ,0.000         ,0.000         ,0.007         ,0.075         
10:03:37.332020     ,0.801       ,0.880       ,17.179      ,16.200      ,16.164      ,16.160      ,0.004       ,0.000       ,-0.104      ,-0.000      ,-0.098      ,880.000     ,0.004       ,16.164      ,-0.01710      ,2147483423    ,340.225         ,0.000         ,-0.000              ,0.000               ,23921.936       ,0.00000           ,-0.00001              ,0.000         ,0.000         ,0.007         ,0.075         
10:03:37.342312     ,0.801       ,0.880       ,17.179      ,16.200      ,16.171      ,16.160      ,0.004       ,0.000       ,-0.104      ,-0.000      ,-0.098      ,880.000     ,0.004       ,16.164      ,-0.01710      ,2147483423    ,340.225         ,0.000         ,-0.000              ,0.000               ,23921.936       ,0.00000           ,-0.00001              ,0.000         ,0.000         ,0.007         ,0.074         
10:03:37.352026     ,0.801       ,0.880       ,17.195      ,16.200      ,16.177      ,16.160      ,0.017       ,0.008       ,-0.104      ,-0.000      ,-0.096      ,880.000     ,0.017       ,16.177      ,-0.01710      ,2147483423    ,340.225         ,0.000         ,-0.000              ,0.000               ,23921.936       ,0.00000           ,-0.00001              ,0.000         ,0.000         ,0.007         ,0.074         
10:03:37.362417     ,0.801       ,0.880       ,17.195      ,16.200      ,16.181      ,16.160      ,0.017       ,0.008       ,-0.104      ,-0.000      ,-0.096      ,880.000     ,0.017       ,16.177      ,-0.01710      ,2147483423    ,340.225         ,0.000         ,-0.000              ,0.000               ,23921.936       ,0.00000           ,-0.00001              ,0.000         ,0.000         ,0.007         ,0.072         
10:03:37.372017     ,0.796       ,0.880       ,17.162      ,16.190      ,16.183      ,16.160      ,0.023       ,0.012       ,-0.104      ,0.000       ,-0.093      ,880.000     ,0.023       ,16.183      ,-0.01703      ,2147483424    ,340.312         ,0.000         ,-0.000              ,0.000               ,23921.936       ,0.00000           ,-0.00001              ,0.000         ,0.000         ,0.007         ,0.072         
10:03:37.382381     ,0.796       ,0.880       ,17.162      ,16.200      ,16.187      ,16.160      ,0.023       ,0.012       ,-0.104      ,0.000       ,-0.093      ,880.000     ,0.023       ,16.183      ,-0.01703      ,2147483424    ,340.312         ,0.000         ,-0.000              ,0.000               ,23921.936       ,0.00000           ,-0.00001              ,0.000         ,0.000         ,0.007         ,0.074         
10:03:37.397346     ,0.798       ,0.880       ,17.195      ,16.200      ,16.191      ,16.160      ,0.023       ,0.012       ,-0.104      ,0.000       ,-0.093      ,880.000     ,0.023       ,16.183      ,-0.01703      ,2147483424    ,340.312         ,0.000         ,-0.000              ,0.000               ,23921.936       ,-0.00768          ,-0.00012              ,0.000         ,0.000         ,0.007         ,0.072         
10:03:37.402392     ,0.798       ,0.880       ,17.179      ,16.200      ,16.193      ,16.160      ,0.031       ,0.015       ,-0.104      ,0.000       ,-0.089      ,880.000     ,0.031       ,16.191      ,-0.01703      ,2147483424    ,340.312         ,0.000         ,-0.000              ,0.001               ,23921.936       ,0.00000           ,-0.00022              ,0.000         ,0.000         ,0.007         ,0.072         
10:03:37.416101     ,0.798       ,0.880       ,17.179      ,16.220      ,16.196      ,16.160      ,0.031       ,0.018       ,-0.104      ,-0.000      ,-0.089      ,880.000     ,0.031       ,16.191      ,-0.01703      ,2147483424    ,340.312         ,0.000         ,-0.000              ,0.001               ,23921.936       ,0.00000           ,-0.00022              ,0.000         ,0.000         ,0.007         ,0.071         
10:03:37.422035     ,0.803       ,0.880       ,17.195      ,16.210      ,16.198      ,16.160      ,0.037       ,0.019       ,-0.104      ,-0.000      ,-0.086      ,880.000     ,0.037       ,16.198      ,-0.01703      ,2147483424    ,340.312         ,0.000         ,-0.000              ,0.001               ,23921.936       ,0.00000           ,-0.00030              ,0.000         ,0.000         ,0.007         ,0.071         
10:03:37.434688     ,0.799       ,0.880       ,17.179      ,16.200      ,16.195      ,16.160      ,0.037       ,0.019       ,-0.104      ,-0.000      ,-0.086      ,880.000     ,0.037       ,16.198      ,-0.01703      ,2147483424    ,340.312         ,0.000         ,-0.000              ,0.001               ,23921.936       ,0.00000           ,-0.00037              ,0.000         ,0.000         ,0.007         ,0.070         
10:03:37.442566     ,0.799       ,0.880       ,17.179      ,16.190      ,16.193      ,16.160      ,0.037       ,0.019       ,-0.104      ,-0.000      ,-0.086      ,880.000     ,0.037       ,16.198      ,-0.01703      ,2147483424    ,340.312         ,0.000         ,-0.000              ,0.001               ,23921.936       ,0.00000           ,-0.00037              ,0.000         ,0.000         ,0.007         ,0.070         
10:03:37.456636     ,0.796       ,0.880       ,17.179      ,16.190      ,16.192      ,16.160      ,0.032       ,0.016       ,-0.104      ,-0.000      ,-0.088      ,880.000     ,0.032       ,16.193      ,-0.01703      ,2147483424    ,340.312         ,0.000         ,-0.000              ,0.001               ,23921.936       ,0.00000           ,-0.00043              ,0.000         ,0.000         ,0.007         ,0.072         
10:03:37.462442     ,0.801       ,0.880       ,17.179      ,16.180      ,16.187      ,16.160      ,0.032       ,0.016       ,-0.104      ,0.000       ,-0.088      ,880.000     ,0.032       ,16.192      ,-0.01703      ,2147483424    ,340.312         ,0.000         ,-0.000              ,0.001               ,23921.936       ,0.00000           ,-0.00048              ,0.000         ,0.000         ,0.007         ,0.072         
10:03:37.474186     ,0.798       ,0.880       ,17.195      ,16.190      ,16.186      ,16.160      ,0.027       ,0.013       ,-0.104      ,-0.000      ,-0.091      ,880.000     ,0.027       ,16.187      ,-0.01703      ,2147483424    ,340.312         ,0.000         ,-0.000              ,0.002               ,23921.936       ,0.00000           ,-0.00052              ,0.000         ,0.000         ,0.007         ,0.072         
10:03:37.482024     ,0.798       ,0.880       ,17.179      ,16.190      ,16.186      ,16.160      ,0.026       ,0.013       ,-0.104      ,-0.000      ,-0.091      ,880.000     ,0.026       ,16.186      ,-0.01703      ,2147483424    ,340.312         ,0.000         ,-0.000              ,0.002               ,23921.936       ,0.00000           ,-0.00056              ,0.000         ,0.000         ,0.007         ,0.072         
10:03:37.492803     ,0.796       ,0.880       ,17.211      ,16.190      ,16.185      ,16.160      ,0.026       ,0.013       ,-0.104      ,-0.000      ,-0.091      ,880.000     ,0.026       ,16.186      ,-0.01703      ,2147483424    ,340.312         ,0.000         ,-0.000              ,0.002               ,23921.936       ,0.00000           ,-0.00059              ,0.000         ,0.000         ,0.007         ,0.071         
10:03:37.502019     ,0.801       ,0.880       ,17.195      ,16.160      ,16.177      ,16.160      ,0.017       ,0.008       ,-0.104      ,-0.000      ,-0.096      ,880.000     ,0.017       ,16.177      ,-0.01703      ,2147483424    ,340.312         ,0.000         ,-0.000              ,0.002               ,23921.936       ,0.00000           ,-0.00062              ,0.000         ,0.000         ,0.007         ,0.071         
10:03:37.512020     ,0.796       ,0.880       ,17.195      ,16.200      ,16.179      ,16.160      ,0.018       ,0.009       ,-0.104      ,0.000       ,-0.094      ,880.000     ,0.018       ,16.179      ,-0.01703      ,2147483424    ,340.312         ,0.000         ,-0.000              ,0.002               ,23921.936       ,0.00000           ,-0.00053              ,0.000         ,0.000         ,0.007         ,0.072         
10:03:37.522017     ,0.801       ,0.880       ,17.195      ,16.190      ,16.176      ,16.160      ,0.016       ,0.008       ,-0.104      ,-0.000      ,-0.096      ,880.000     ,0.016       ,16.176      ,-0.01703      ,2147483424    ,340.312         ,0.000         ,-0.000              ,0.001               ,23921.936       ,0.00000           ,-0.00045              ,0.000         ,0.000         ,0.007         ,0.072         
10:03:37.532015     ,0.801       ,0.880       ,17.195      ,16.210      ,16.178      ,16.160      ,0.016       ,0.008       ,-0.104      ,-0.000      ,-0.096      ,880.000     ,0.016       ,16.176      ,-0.01703      ,2147483424    ,340.312         ,0.000         ,-0.000              ,0.001               ,23921.936       ,0.00000           ,-0.00045              ,0.000         ,0.000         ,0.007         ,0.072         
10:03:37.548395     ,0.803       ,0.880       ,17.179      ,16.220      ,16.183      ,16.160      ,0.016       ,0.008       ,-0.104      ,-0.000      ,-0.096      ,880.000     ,0.016       ,16.176      ,-0.01703      ,2147483424    ,340.312         ,0.000         ,-0.000              ,0.001               ,23921.938       ,0.00000           ,-0.00038              ,0.000         ,0.000         ,0.007         ,0.071         
10:03:37.552017     ,0.803       ,0.880       ,17.179      ,16.240      ,16.196      ,16.160      ,0.022       ,0.011       ,-0.104      ,0.000       ,-0.092      ,880.000     ,0.022       ,16.183      ,-0.01695      ,2147483425    ,340.400         ,0.000         ,-0.000              ,0.001               ,23921.938       ,0.00000           ,-0.00038              ,0.000         ,0.000         ,0.007         ,0.071         
10:03:37.568072     ,0.799       ,0.880       ,17.211      ,16.240      ,16.201      ,16.160      ,0.022       ,0.011       ,-0.104      ,0.000       ,-0.092      ,880.000     ,0.022       ,16.183      ,-0.01695      ,2147483425    ,340.400         ,0.000         ,-0.000              ,0.001               ,23921.938       ,0.00000           ,-0.00032              ,0.000         ,0.000         ,0.007         ,0.072         
10:03:37.572036     ,0.799       ,0.880       ,17.211      ,16.250      ,16.212      ,16.160      ,0.041       ,0.020       ,-0.104      ,0.001       ,-0.083      ,880.000     ,0.041       ,16.201      ,-0.01695      ,2147483425    ,340.400         ,0.000         ,-0.000              ,0.001               ,23921.938       ,0.00000           ,-0.00032              ,0.000         ,0.000         ,0.007         ,0.072         
10:03:37.585549     ,0.803       ,0.880       ,17.195      ,16.240      ,16.219      ,16.160      ,0.041       ,0.020       ,-0.104      ,0.001       ,-0.083      ,880.000     ,0.041       ,16.201      ,-0.01695      ,2147483425    ,340.400         ,0.000         ,-0.000              ,0.001               ,23921.938       ,0.00000           ,-0.00027              ,0.000         ,0.000         ,0.007         ,0.069         
10:03:37.592020     ,0.796       ,0.880       ,17.211      ,16.240      ,16.226      ,16.160      ,0.066       ,0.033       ,-0.104      ,-0.001      ,-0.071      ,880.000     ,0.066       ,16.226      ,-0.01695      ,2147483425    ,340.400         ,0.000         ,-0.000              ,0.001               ,23921.938       ,0.00000           ,-0.00023              ,0.000         ,0.000         ,0.007         ,0.069         
10:03:37.602934     ,0.801       ,0.880       ,17.195      ,16.240      ,16.230      ,16.160      ,0.066       ,0.033       ,-0.104      ,-0.001      ,-0.071      ,880.000     ,0.066       ,16.226      ,-0.01695      ,2147483425    ,340.400         ,0.000         ,-0.000              ,0.001               ,23921.938       ,0.00000           ,-0.00020              ,0.000         ,0.000         ,0.007         ,0.070         
10:03:37.612020     ,0.801       ,0.880       ,17.195      ,16.250      ,16.236      ,16.160      ,0.076       ,0.038       ,-0.104      ,0.000       ,-0.066      ,880.000     ,0.076       ,16.236      ,-0.01687      ,2147483426    ,340.488         ,0.000         ,-0.000              ,0.001               ,23921.938       ,0.00000           ,-0.00020              ,0.000         ,0.000         ,0.007         ,0.070         
10:03:37.622024     ,0.801       ,0.880       ,17.179      ,16.260      ,16.240      ,16.160      ,0.080       ,0.040       ,-0.103      ,-0.000      ,-0.064      ,880.000     ,0.080       ,16.240      ,-0.01687      ,2147483426    ,340.488         ,0.000         ,-0.000              ,0.001               ,23921.938       ,-0.00768          ,-0.00028              ,0.000         ,0.000         ,0.007         ,0.067         
10:03:37.632019     ,0.798       ,0.880       ,17.179      ,16.270      ,16.245      ,16.160      ,0.085       ,0.042       ,-0.103      ,0.000       ,-0.061      ,880.000     ,0.085       ,16.245      ,-0.01687      ,2147483426    ,340.488         ,0.000         ,-0.000              ,0.001               ,23921.938       ,0.00000           ,-0.00036              ,0.000         ,0.000         ,0.007         ,0.067         
10:03:37.642023     ,0.798       ,0.880       ,17.179      ,16.280      ,16.250      ,16.160      ,0.085       ,0.042       ,-0.103      ,0.000       ,-0.061      ,880.000     ,0.085       ,16.245      ,-0.01687      ,2147483426    ,340.488         ,0.000         ,-0.000              ,0.001               ,23921.938       ,0.00000           ,-0.00036              ,0.000         ,0.000         ,0.007         ,0.069         
10:03:37.652018     ,0.803       ,0.880       ,17.195      ,16.300      ,16.257      ,16.160      ,0.097       ,0.048       ,-0.103      ,0.000       ,-0.055      ,880.000     ,0.097       ,16.257      ,-0.01687      ,2147483426    ,340.488         ,0.000         ,-0.000              ,0.001               ,23921.938       ,0.00000           ,-0.00042              ,0.000         ,0.000         ,0.007         ,0.069         
10:03:37.662029     ,0.803       ,0.880       ,17.195      ,16.300      ,16.263      ,16.160      ,0.097       ,0.048       ,-0.103      ,0.000       ,-0.055      ,880.000     ,0.097       ,16.257      ,-0.01680      ,2147483427    ,340.576         ,0.000         ,-0.000              ,0.001               ,23921.938       ,0.00000           ,-0.00042              ,0.000         ,0.000         ,0.006         ,0.056         
10:03:37.672022     ,0.803       ,0.880       ,17.195      ,16.310      ,16.271      ,16.160      ,0.110       ,0.055       ,-0.103      ,0.000       ,-0.048      ,880.000     ,0.110       ,16.271      ,-0.01680      ,2147483427    ,340.576         ,0.000         ,-0.000              ,0.001               ,23921.938       ,0.00000           ,-0.00047              ,0.000         ,0.000         ,0.006         ,0.056         
10:03:37.682018     ,0.803       ,0.880       ,17.195      ,16.310      ,16.271      ,16.160      ,0.110       ,0.055       ,-0.103      ,0.000       ,-0.048      ,880.000     ,0.110       ,16.271      ,-0.01672      ,2147483428    ,340.664         ,0.000         ,-0.000              ,0.001               ,23921.938       ,0.00000           ,-0.00047              ,0.000         ,0.000         ,0.007         ,0.066         
10:03:37.697947     ,0.796       ,0.880       ,17.179      ,16.360      ,16.288      ,16.160      ,0.110       ,0.055       ,-0.103      ,0.000       ,-0.048      ,880.000     ,0.110       ,16.271      ,-0.01672      ,2147483428    ,340.664         ,0.000         ,-0.000              ,0.002               ,23921.938       ,0.00000           ,-0.00052              ,0.000         ,0.000         ,0.007         ,0.066         
10:03:37.702020     ,0.796       ,0.880       ,17.179      ,16.370      ,16.305      ,16.160      ,0.128       ,0.064       ,-0.103      ,0.000       ,-0.039      ,880.000     ,0.128       ,16.288      ,-0.01664      ,2147483429    ,340.752         ,0.000         ,-0.000              ,0.002               ,23921.938       ,0.00000           ,-0.00052              ,0.000         ,0.000         ,0.007         ,0.066         
10:03:37.717502     ,0.803       ,0.880       ,17.179      ,16.380      ,16.320      ,16.160      ,0.145       ,0.072       ,-0.103      ,-0.000      ,-0.031      ,880.000     ,0.145       ,16.305      ,-0.01657      ,2147483430    ,340.840         ,0.200         ,-0.001              ,0.002               ,23921.939       ,-0.00767          ,-0.00070              ,0.000         ,0.000         ,0.006         ,0.065         
10:03:37.722024     ,0.803       ,0.880       ,17.179      ,16.400      ,16.340      ,16.160      ,0.145       ,0.072       ,-0.103      ,-0.000      ,-0.031      ,880.000     ,0.145       ,16.305      ,-0.01649      ,2147483431    ,340.928         ,0.400         ,-0.001              ,0.002               ,23921.939       ,-0.00767          ,-0.00070              ,0.000         ,0.000         ,0.006         ,0.065         
10:03:37.735068     ,0.799       ,0.880       ,17.195      ,16.420      ,16.361      ,16.160      ,0.180       ,0.090       ,-0.103      ,0.001       ,-0.012      ,880.000     ,0.180       ,16.340      ,-0.01641      ,2147483432    ,341.016         ,0.600         ,-0.002              ,0.003               ,23921.939       ,-0.00767          ,-0.00094              ,0.000         ,0.000         ,0.005         ,0.048         
10:03:37.742028     ,0.799       ,0.880       ,17.179      ,16.430      ,16.375      ,16.160      ,0.201       ,0.100       ,-0.103      ,-0.001      ,-0.003      ,880.000     ,0.201       ,16.361      ,-0.01634      ,2147483433    ,341.104         ,0.800         ,-0.003              ,0.004               ,23921.939       ,-0.00766          ,-0.00126              ,0.000         ,0.000         ,0.005         ,0.048         
10:03:37.753882     ,0.798       ,0.880       ,17.195      ,16.460      ,16.394      ,16.160      ,0.215       ,0.107       ,-0.102      ,-0.000      ,0.005       ,880.000     ,0.215       ,16.375      ,-0.01626      ,2147483434    ,341.191         ,1.000         ,-0.003              ,0.005               ,23921.941       ,-0.00768          ,-0.00165              ,0.000         ,0.000         ,0.006         ,0.057         
10:03:37.762025     ,0.798       ,0.880       ,17.195      ,16.490      ,16.416      ,16.160      ,0.234       ,0.117       ,-0.102      ,0.000       ,0.015       ,880.000     ,0.234       ,16.394      ,-0.01611      ,2147483436    ,341.367         ,1.000         ,-0.003              ,0.006               ,23921.941       ,-0.00766          ,-0.00197              ,0.000         ,0.000         ,0.006         ,0.057         
10:03:37.772754     ,0.798       ,0.880       ,17.195      ,16.500      ,16.436      ,16.160      ,0.256       ,0.128       ,-0.102      ,0.000       ,0.026       ,880.000     ,0.256       ,16.416      ,-0.01595      ,2147483438    ,341.543         ,1.000         ,-0.003              ,0.007               ,23921.941       ,-0.01534          ,-0.00248              ,0.000         ,0.000         ,0.005         ,0.052         
10:03:37.782024     ,0.801       ,0.880       ,17.195      ,16.530      ,16.457      ,16.160      ,0.275       ,0.138       ,-0.102      ,-0.000      ,0.036       ,880.000     ,0.275       ,16.436      ,-0.01580      ,2147483440    ,341.719         ,1.000         ,-0.003              ,0.009               ,23921.943       ,-0.01535          ,-0.00315              ,0.000         ,0.000         ,0.005         ,0.052         
10:03:37.792022     ,0.801       ,0.880       ,17.195      ,16.560      ,16.481      ,16.160      ,0.296       ,0.148       ,-0.101      ,0.000       ,0.047       ,880.000     ,0.296       ,16.457      ,-0.01565      ,2147483442    ,341.895         ,1.200         ,-0.004              ,0.009               ,23921.943       ,-0.01535          ,-0.00315              ,0.000         ,0.000         ,0.005         ,0.046         
10:03:37.802024     ,0.799       ,0.880       ,17.179      ,16.570      ,16.501      ,16.160      ,0.341       ,0.170       ,-0.101      ,0.001       ,0.071       ,880.000     ,0.341       ,16.501      ,-0.01549      ,2147483444    ,342.070         ,1.400         ,-0.005              ,0.012               ,23921.943       ,-0.01533          ,-0.00394              ,0.000         ,0.000         ,0.005         ,0.046         
10:03:37.812036     ,0.799       ,0.880       ,17.179      ,16.600      ,16.523      ,16.160      ,0.341       ,0.170       ,-0.101      ,0.001       ,0.071       ,880.000     ,0.341       ,16.501      ,-0.01526      ,2147483447    ,342.334         ,1.600         ,-0.006              ,0.012               ,23921.943       ,-0.01533          ,-0.00394              ,0.000         ,0.000         ,0.004         ,0.042         
10:03:37.822031     ,0.803       ,0.880       ,17.211      ,16.620      ,16.547      ,16.160      ,0.387       ,0.193       ,-0.101      ,0.000       ,0.093       ,880.000     ,0.387       ,16.547      ,-0.01503      ,2147483450    ,342.598         ,1.800         ,-0.006              ,0.015               ,23921.945       ,-0.01534          ,-0.00484              ,0.000         ,0.000         ,0.004         ,0.042         
10:03:37.832031     ,0.803       ,0.880       ,17.211      ,16.660      ,16.573      ,16.160      ,0.387       ,0.193       ,-0.101      ,0.000       ,0.093       ,880.000     ,0.387       ,16.547      ,-0.01480      ,2147483453    ,342.861         ,2.200         ,-0.008              ,0.015               ,23921.945       ,-0.01534          ,-0.00484              ,0.000         ,0.000         ,0.004         ,0.038         
10:03:37.842037     ,0.801       ,0.880       ,17.195      ,16.670      ,16.595      ,16.160      ,0.435       ,0.218       ,-0.100      ,0.000       ,0.118       ,880.000     ,0.435       ,16.595      ,-0.01450      ,2147483457    ,343.213         ,2.400         ,-0.008              ,0.018               ,23921.947       ,-0.02301          ,-0.00596              ,0.000         ,0.000         ,0.004         ,0.038         
10:03:37.852043     ,0.801       ,0.880       ,17.195      ,16.670      ,16.617      ,16.160      ,0.435       ,0.218       ,-0.100      ,0.000       ,0.118       ,880.000     ,0.435       ,16.595      ,-0.01427      ,2147483460    ,343.477         ,2.800         ,-0.010              ,0.018               ,23921.949       ,-0.02301          ,-0.00596              ,0.000         ,0.000         ,0.003         ,0.025         
10:03:37.868574     ,0.799       ,0.880       ,17.195      ,16.670      ,16.633      ,16.160      ,0.435       ,0.218       ,-0.100      ,0.000       ,0.118       ,880.000     ,0.435       ,16.595      ,-0.01388      ,2147483465    ,343.916         ,3.200         ,-0.011              ,0.022               ,23921.951       ,-0.03069          ,-0.00725              ,0.000         ,0.000         ,0.002         ,0.017         
10:03:37.872039     ,0.799       ,0.880       ,17.195      ,16.720      ,16.656      ,16.160      ,0.473       ,0.236       ,-0.100      ,-0.001      ,0.136       ,880.000     ,0.473       ,16.633      ,-0.01358      ,2147483469    ,344.268         ,3.600         ,-0.013              ,0.022               ,23921.951       ,-0.03069          ,-0.00725              ,0.000         ,0.000         ,0.002         ,0.017         
10:03:37.888493     ,0.799       ,0.880       ,17.179      ,16.740      ,16.673      ,16.160      ,0.473       ,0.236       ,-0.100      ,-0.001      ,0.136       ,880.000     ,0.473       ,16.633      ,-0.01327      ,2147483473    ,344.619         ,4.000         ,-0.014              ,0.026               ,23921.955       ,-0.03838          ,-0.00881              ,0.000         ,0.000         ,0.001         ,0.005         
10:03:37.892023     ,0.799       ,0.880       ,17.179      ,16.810      ,16.700      ,16.160      ,0.513       ,0.256       ,-0.099      ,0.000       ,0.157       ,880.000     ,0.513       ,16.673      ,-0.01289      ,2147483478    ,345.059         ,4.400         ,-0.015              ,0.026               ,23921.955       ,-0.03838          ,-0.00881              ,0.000         ,0.000         ,0.001         ,0.005         
10:03:37.907239     ,0.799       ,0.880       ,17.211      ,16.840      ,16.728      ,16.160      ,0.539       ,0.270       ,-0.099      ,-0.001      ,0.170       ,880.000     ,0.539       ,16.700      ,-0.01243      ,2147483484    ,345.586         ,4.800         ,-0.017              ,0.037               ,23921.959       ,-0.03836          ,-0.01236              ,0.000         ,0.000         ,-0.001        ,-0.008        
10:03:37.912018     ,0.799       ,0.880       ,17.211      ,16.910      ,16.767      ,16.160      ,0.539       ,0.270       ,-0.099      ,-0.001      ,0.170       ,880.000     ,0.539       ,16.700      ,-0.01204      ,2147483489    ,346.025         ,5.200         ,-0.018              ,0.037               ,23921.959       ,-0.03836          ,-0.01236              ,0.000         ,0.000         ,-0.001        ,-0.008        
10:03:37.926863     ,0.801       ,0.880       ,17.195      ,16.950      ,16.802      ,16.160      ,0.607       ,0.303       ,-0.098      ,0.002       ,0.207       ,880.000     ,0.607       ,16.767      ,-0.01158      ,2147483495    ,346.553         ,5.800         ,-0.020              ,0.043               ,23921.961       ,-0.03847          ,-0.01442              ,0.000         ,0.000         ,-0.002        ,-0.022        
10:03:37.932029     ,0.799       ,0.880       ,17.179      ,17.040      ,16.853      ,16.160      ,0.642       ,0.321       ,-0.097      ,-0.002      ,0.222       ,880.000     ,0.642       ,16.802      ,-0.01112      ,2147483501    ,347.080         ,6.200         ,-0.022              ,0.050               ,23921.961       ,-0.04606          ,-0.01663              ,0.000         ,0.000         ,-0.002        ,-0.022        
10:03:37.946595     ,0.799       ,0.880       ,17.195      ,17.080      ,16.902      ,16.160      ,0.693       ,0.347       ,-0.097      ,0.001       ,0.251       ,880.000     ,0.693       ,16.853      ,-0.01066      ,2147483507    ,347.607         ,6.800         ,-0.024              ,0.057               ,23921.967       ,-0.04596          ,-0.01897              ,0.000         ,0.000         ,-0.003        ,-0.033        
10:03:37.952050     ,0.798       ,0.880       ,17.211      ,17.120      ,16.957      ,16.160      ,0.741       ,0.371       ,-0.096      ,-0.000      ,0.275       ,880.000     ,0.741       ,16.902      ,-0.01012      ,2147483514    ,348.223         ,7.200         ,-0.025              ,0.064               ,23921.967       ,-0.04600          ,-0.02142              ,0.000         ,0.000         ,-0.003        ,-0.033        
10:03:37.967321     ,0.799       ,0.880       ,17.195      ,17.140      ,17.007      ,16.160      ,0.796       ,0.423       ,-0.094      ,-0.000      ,0.303       ,880.000     ,0.796       ,16.957      ,-0.00959      ,2147483521    ,348.838         ,7.800         ,-0.027              ,0.072               ,23921.971       ,-0.05369          ,-0.02408              ,0.000         ,0.000         ,-0.005        ,-0.050        
10:03:37.972040     ,0.799       ,0.880       ,17.195      ,17.250      ,17.072      ,16.160      ,0.846       ,0.423       ,-0.094      ,-0.000      ,0.329       ,880.000     ,0.846       ,17.007      ,-0.00913      ,2147483527    ,349.365         ,8.200         ,-0.029              ,0.072               ,23921.971       ,-0.05369          ,-0.02408              ,0.000         ,0.000         ,-0.005        ,-0.050        
10:03:37.986176     ,0.796       ,0.880       ,17.195      ,17.280      ,17.124      ,16.160      ,0.912       ,0.456       ,-0.093      ,0.001       ,0.363       ,880.000     ,0.912       ,17.072      ,-0.00859      ,2147483534    ,349.980         ,8.600         ,-0.030              ,0.088               ,23921.977       ,-0.04608          ,-0.02934              ,0.000         ,0.000         ,-0.006        ,-0.062        
10:03:37.992049     ,0.796       ,0.880       ,17.195      ,17.340      ,17.178      ,16.160      ,0.964       ,0.482       ,-0.092      ,-0.001      ,0.389       ,880.000     ,0.964       ,17.124      ,-0.00805      ,2147483541    ,350.596         ,8.800         ,-0.031              ,0.088               ,23921.977       ,-0.04608          ,-0.02934              ,0.000         ,0.000         ,-0.006        ,-0.062        
10:03:38.006006     ,0.798       ,0.880       ,17.179      ,17.370      ,17.229      ,16.160      ,1.018       ,0.509       ,-0.091      ,0.000       ,0.418       ,880.000     ,1.018       ,17.178      ,-0.00752      ,2147483548    ,351.211         ,9.200         ,-0.032              ,0.102               ,23921.980       ,-0.05368          ,-0.03410              ,0.000         ,0.000         ,-0.008        ,-0.077        
10:03:38.012101     ,0.801       ,0.880       ,17.195      ,17.460      ,17.290      ,16.160      ,1.069       ,0.534       ,-0.090      ,-0.000      ,0.444       ,880.000     ,1.069       ,17.229      ,-0.00690      ,2147483556    ,351.914         ,9.400         ,-0.033              ,0.109               ,23921.980       ,-0.05373          ,-0.03635              ,0.000         ,0.000         ,-0.008        ,-0.077        
10:03:38.027062     ,0.798       ,0.880       ,17.179      ,17.500      ,17.335      ,16.160      ,1.130       ,0.565       ,-0.089      ,0.001       ,0.476       ,880.000     ,1.130       ,17.290      ,-0.00637      ,2147483563    ,352.529         ,9.800         ,-0.034              ,0.116               ,23921.984       ,-0.06135          ,-0.03861              ,0.000         ,0.000         ,-0.009        ,-0.090        
10:03:38.032024     ,0.798       ,0.880       ,17.179      ,17.530      ,17.384      ,16.160      ,1.175       ,0.588       ,-0.088      ,-0.001      ,0.499       ,880.000     ,1.175       ,17.335      ,-0.00583      ,2147483570    ,353.145         ,10.200        ,-0.036              ,0.116               ,23921.984       ,-0.06135          ,-0.03861              ,0.000         ,0.000         ,-0.009        ,-0.090        
10:03:38.046819     ,0.798       ,0.880       ,17.211      ,17.540      ,17.427      ,16.160      ,1.224       ,0.612       ,-0.087      ,0.000       ,0.525       ,880.000     ,1.224       ,17.384      ,-0.00529      ,2147483577    ,353.760         ,10.600        ,-0.037              ,0.127               ,23921.986       ,-0.05371          ,-0.04248              ,0.000         ,0.000         ,-0.010        ,-0.097        
10:03:38.052069     ,0.798       ,0.880       ,17.211      ,17.550      ,17.469      ,16.160      ,1.267       ,0.633       ,-0.085      ,-0.000      ,0.547       ,880.000     ,1.267       ,17.427      ,-0.00468      ,2147483585    ,354.463         ,10.800        ,-0.038              ,0.127               ,23921.986       ,-0.05371          ,-0.04248              ,0.000         ,0.000         ,-0.010        ,-0.097        
10:03:38.068743     ,0.801       ,0.880       ,17.211      ,17.530      ,17.494      ,16.160      ,1.309       ,0.655       ,-0.084      ,-0.000      ,0.570       ,880.000     ,1.309       ,17.469      ,-0.00414      ,2147483592    ,355.078         ,10.800        ,-0.038              ,0.137               ,23921.986       ,-0.06145          ,-0.04571              ,0.000         ,0.000         ,-0.009        ,-0.085        
10:03:38.072038     ,0.801       ,0.880       ,17.211      ,17.360      ,17.486      ,16.160      ,1.334       ,0.667       ,-0.083      ,-0.001      ,0.583       ,880.000     ,1.334       ,17.494      ,-0.00353      ,2147483600    ,355.781         ,10.600        ,-0.037              ,0.137               ,23921.986       ,-0.06145          ,-0.04571              ,0.000         ,0.000         ,-0.009        ,-0.085        
10:03:38.087506     ,0.796       ,0.880       ,17.211      ,17.260      ,17.461      ,16.160      ,1.326       ,0.663       ,-0.082      ,-0.002      ,0.580       ,880.000     ,1.326       ,17.486      ,-0.00291      ,2147483608    ,356.484         ,10.000        ,-0.035              ,0.145               ,23921.986       ,-0.06136          ,-0.04837              ,0.000         ,0.000         ,-0.008        ,-0.084        
10:03:38.092027     ,0.796       ,0.880       ,17.211      ,17.260      ,17.434      ,16.160      ,1.301       ,0.650       ,-0.080      ,-0.001      ,0.569       ,880.000     ,1.301       ,17.461      ,-0.00230      ,2147483616    ,357.188         ,9.400         ,-0.033              ,0.145               ,23921.986       ,-0.06136          ,-0.04837              ,0.000         ,0.000         ,-0.008        ,-0.084        
10:03:38.106294     ,0.803       ,0.880       ,17.211      ,17.320      ,17.404      ,16.160      ,1.244       ,0.622       ,-0.078      ,-0.000      ,0.544       ,880.000     ,1.244       ,17.404      ,-0.00161      ,2147483625    ,357.979         ,8.400         ,-0.029              ,0.152               ,23921.986       ,-0.06138          ,-0.05081              ,0.000         ,0.000         ,-0.009        ,-0.088        
10:03:38.112030     ,0.799       ,0.880       ,17.195      ,17.340      ,17.365      ,16.160      ,1.244       ,0.622       ,-0.078      ,-0.000      ,0.544       ,880.000     ,1.244       ,17.404      ,-0.00092      ,2147483634    ,358.770         ,7.600         ,-0.027              ,0.156               ,23921.986       ,-0.06910          ,-0.05205              ,0.000         ,0.000         ,-0.009        ,-0.088        
10:03:38.124925     ,0.796       ,0.880       ,17.211      ,17.340      ,17.342      ,16.160      ,1.205       ,0.602       ,-0.077      ,-0.000      ,0.525       ,880.000     ,1.205       ,17.365      ,-0.00023      ,2147483643    ,359.561         ,6.600         ,-0.023              ,0.160               ,23921.986       ,-0.06903          ,-0.05322              ,0.000         ,0.000         ,-0.009        ,-0.085        
10:03:38.132033     ,0.799       ,0.880       ,17.195      ,17.430      ,17.340      ,16.160      ,1.181       ,0.591       ,-0.075      ,0.001       ,0.516       ,880.000     ,1.181       ,17.342      ,0.00054       ,5             ,0.439           ,6.000         ,-0.021              ,0.163               ,23921.986       ,-0.06897          ,-0.05444              ,0.000         ,0.000         ,-0.009        ,-0.085        
10:03:38.144793     ,0.798       ,0.880       ,17.195      ,17.480      ,17.343      ,16.160      ,1.180       ,0.590       ,-0.074      ,0.001       ,0.517       ,880.000     ,1.180       ,17.340      ,0.00130       ,15            ,1.318           ,5.200         ,-0.018              ,0.167               ,23921.986       ,-0.07675          ,-0.05582              ,0.000         ,0.000         ,-0.009        ,-0.086        
10:03:38.152050     ,0.803       ,0.880       ,17.211      ,17.490      ,17.348      ,16.160      ,1.183       ,0.591       ,-0.073      ,0.000       ,0.519       ,880.000     ,1.183       ,17.343      ,0.00207       ,25            ,2.197           ,4.800         ,-0.017              ,0.172               ,23921.986       ,-0.07637          ,-0.05734              ,0.000         ,0.000         ,-0.009        ,-0.086        
10:03:38.163391     ,0.801       ,0.880       ,17.195      ,17.510      ,17.374      ,16.160      ,1.188       ,0.594       ,-0.072      ,0.000       ,0.522       ,880.000     ,1.188       ,17.348      ,0.00284       ,35            ,3.076           ,4.400         ,-0.015              ,0.177               ,23921.986       ,-0.07702          ,-0.05887              ,0.000         ,0.000         ,-0.010        ,-0.095        
10:03:38.172024     ,0.803       ,0.880       ,17.211      ,17.610      ,17.434      ,16.160      ,1.214       ,0.607       ,-0.071      ,0.001       ,0.537       ,880.000     ,1.214       ,17.374      ,0.00360       ,45            ,3.955           ,4.200         ,-0.015              ,0.182               ,23921.988       ,-0.07671          ,-0.06051              ,0.000         ,0.000         ,-0.010        ,-0.095        
10:03:38.184903     ,0.798       ,0.880       ,17.211      ,17.690      ,17.497      ,16.160      ,1.274       ,0.637       ,-0.069      ,0.002       ,0.569       ,880.000     ,1.274       ,17.434      ,0.00437       ,55            ,4.834           ,4.000         ,-0.014              ,0.186               ,23921.990       ,-0.07668          ,-0.06213              ,0.000         ,0.000         ,-0.012        ,-0.118        
10:03:38.192062     ,0.801       ,0.880       ,17.228      ,17.900      ,17.586      ,16.160      ,1.336       ,0.668       ,-0.068      ,0.000       ,0.600       ,880.000     ,1.336       ,17.497      ,0.00514       ,65            ,5.713           ,4.000         ,-0.014              ,0.191               ,23921.990       ,-0.07639          ,-0.06374              ,0.000         ,0.000         ,-0.012        ,-0.118        
10:03:38.206124     ,0.803       ,0.880       ,17.195      ,17.950      ,17.671      ,16.160      ,1.425       ,0.713       ,-0.067      ,0.001       ,0.648       ,880.000     ,1.425       ,17.586      ,0.00591       ,75            ,6.592           ,4.400         ,-0.015              ,0.196               ,23921.996       ,-0.07702          ,-0.06534              ,0.000         ,0.000         ,-0.014        ,-0.138        
10:03:38.212172     ,0.799       ,0.880       ,17.179      ,17.950      ,17.746      ,16.160      ,1.511       ,0.755       ,-0.065      ,-0.000      ,0.690       ,880.000     ,1.511       ,17.671      ,0.00667       ,85            ,7.471           ,4.800         ,-0.017              ,0.200               ,23922.000       ,-0.07656          ,-0.06681              ,0.000         ,0.000         ,-0.014        ,-0.138        
10:03:38.227337     ,0.796       ,0.880       ,17.211      ,17.950      ,17.805      ,16.160      ,1.585       ,0.793       ,-0.063      ,-0.001      ,0.729       ,880.000     ,1.585       ,17.746      ,0.00744       ,95            ,8.350           ,5.600         ,-0.020              ,0.205               ,23922.004       ,-0.07668          ,-0.06817              ,0.000         ,0.000         ,-0.015        ,-0.155        
10:03:38.232137     ,0.796       ,0.880       ,17.211      ,18.070      ,17.880      ,16.160      ,1.645       ,0.822       ,-0.062      ,-0.001      ,0.760       ,880.000     ,1.645       ,17.805      ,0.00821       ,105           ,9.229           ,6.400         ,-0.022              ,0.205               ,23922.004       ,-0.07668          ,-0.06817              ,0.000         ,0.000         ,-0.015        ,-0.155        
10:03:38.246215     ,0.799       ,0.880       ,17.195      ,18.090      ,17.928      ,16.160      ,1.720       ,0.860       ,-0.060      ,0.001       ,0.801       ,880.000     ,1.720       ,17.880      ,0.00897       ,115           ,10.107          ,7.600         ,-0.027              ,0.212               ,23922.008       ,-0.07672          ,-0.07054              ,0.000         ,0.000         ,-0.018        ,-0.175        
10:03:38.252049     ,0.799       ,0.880       ,17.195      ,18.140      ,17.986      ,16.160      ,1.768       ,0.884       ,-0.058      ,-0.001      ,0.824       ,880.000     ,1.768       ,17.928      ,0.00966       ,124           ,10.898          ,8.400         ,-0.029              ,0.212               ,23922.008       ,-0.07672          ,-0.07054              ,0.000         ,0.000         ,-0.018        ,-0.175        
10:03:38.266163     ,0.799       ,0.880       ,17.211      ,18.180      ,18.049      ,16.160      ,1.825       ,0.913       ,-0.056      ,0.000       ,0.857       ,880.000     ,1.825       ,17.986      ,0.01043       ,134           ,11.777          ,9.400         ,-0.033              ,0.216               ,23922.014       ,-0.06905          ,-0.07213              ,0.000         ,0.000         ,-0.019        ,-0.194        
10:03:38.272050     ,0.799       ,0.880       ,17.211      ,18.310      ,18.125      ,16.160      ,1.889       ,0.944       ,-0.055      ,0.000       ,0.890       ,880.000     ,1.889       ,18.049      ,0.01112       ,143           ,12.568          ,10.000        ,-0.035              ,0.216               ,23922.014       ,-0.06905          ,-0.07213              ,0.000         ,0.000         ,-0.019        ,-0.194        
10:03:38.287559     ,0.798       ,0.880       ,17.195      ,18.320      ,18.167      ,16.160      ,1.964       ,0.982       ,-0.053      ,0.001       ,0.930       ,880.000     ,1.964       ,18.125      ,0.01189       ,153           ,13.447          ,11.000        ,-0.038              ,0.219               ,23922.021       ,-0.06906          ,-0.07307              ,0.000         ,0.000         ,-0.022        ,-0.220        
10:03:38.292060     ,0.798       ,0.880       ,17.195      ,18.330      ,18.207      ,16.160      ,2.007       ,1.004       ,-0.051      ,-0.002      ,0.951       ,880.000     ,2.007       ,18.167      ,0.01258       ,162           ,14.238          ,11.600        ,-0.040              ,0.219               ,23922.021       ,-0.06906          ,-0.07307              ,0.000         ,0.000         ,-0.022        ,-0.220        
10:03:38.308667     ,0.799       ,0.880       ,17.228      ,18.340      ,18.242      ,16.160      ,2.046       ,1.023       ,-0.049      ,-0.000      ,0.974       ,880.000     ,2.046       ,18.207      ,0.01319       ,170           ,14.941          ,12.200        ,-0.043              ,0.221               ,23922.025       ,-0.06902          ,-0.07354              ,0.000         ,0.000         ,-0.023        ,-0.229        
10:03:38.312038     ,0.799       ,0.880       ,17.228      ,18.440      ,18.293      ,16.160      ,2.082       ,1.041       ,-0.046      ,-0.000      ,0.994       ,880.000     ,2.082       ,18.242      ,0.01388       ,179           ,15.732          ,12.600        ,-0.044              ,0.221               ,23922.029       ,-0.06902          ,-0.07354              ,0.000         ,0.000         ,-0.023        ,-0.229        
10:03:38.328973     ,0.798       ,0.880       ,17.211      ,18.480      ,18.330      ,16.160      ,2.082       ,1.041       ,-0.046      ,-0.000      ,0.994       ,880.000     ,2.082       ,18.242      ,0.01450       ,187           ,16.436          ,13.200        ,-0.046              ,0.220               ,23922.031       ,-0.06141          ,-0.07344              ,0.000         ,0.000         ,-0.025        ,-0.245        
10:03:38.332145     ,0.798       ,0.880       ,17.211      ,18.590      ,18.389      ,16.160      ,2.170       ,1.085       ,-0.044      ,0.003       ,1.043       ,880.000     ,2.170       ,18.330      ,0.01511       ,195           ,17.139          ,13.400        ,-0.047              ,0.220               ,23922.033       ,-0.06141          ,-0.07344              ,0.000         ,0.000         ,-0.025        ,-0.245        
10:03:38.349041     ,0.799       ,0.880       ,17.211      ,18.630      ,18.448      ,16.160      ,2.229       ,1.114       ,-0.042      ,-0.002      ,1.071       ,880.000     ,2.229       ,18.389      ,0.01565       ,202           ,17.754          ,13.600        ,-0.047              ,0.218               ,23922.035       ,-0.06131          ,-0.07262              ,0.000         ,0.000         ,-0.026        ,-0.259        
10:03:38.352206     ,0.799       ,0.880       ,17.211      ,18.660      ,18.507      ,16.160      ,2.229       ,1.114       ,-0.042      ,-0.002      ,1.071       ,880.000     ,2.229       ,18.389      ,0.01618       ,209           ,18.369          ,13.800        ,-0.048              ,0.218               ,23922.039       ,-0.06131          ,-0.07262              ,0.000         ,0.000         ,-0.026        ,-0.259        
10:03:38.370247     ,0.803       ,0.880       ,17.211      ,18.670      ,18.548      ,16.160      ,2.347       ,1.173       ,-0.040      ,0.003       ,1.137       ,880.000     ,2.347       ,18.507      ,0.01672       ,216           ,18.984          ,14.000        ,-0.049              ,0.216               ,23922.039       ,-0.05366          ,-0.07185              ,0.000         ,0.000         ,-0.027        ,-0.274        
10:03:38.372154     ,0.803       ,0.880       ,17.211      ,18.670      ,18.588      ,16.160      ,2.388       ,1.194       ,-0.037      ,-0.004      ,1.153       ,880.000     ,2.388       ,18.548      ,0.01718       ,222           ,19.512          ,14.000        ,-0.049              ,0.216               ,23922.041       ,-0.05366          ,-0.07185              ,0.000         ,0.000         ,-0.027        ,-0.274        
10:03:38.382042     ,0.801       ,0.880       ,17.179      ,18.690      ,18.618      ,16.160      ,2.458       ,1.229       ,-0.035      ,0.001       ,1.195       ,880.000     ,2.458       ,18.618      ,0.01764       ,228           ,20.039          ,14.000        ,-0.049              ,0.213               ,23922.041       ,-0.05374          ,-0.07085              ,0.000         ,0.000         ,-0.027        ,-0.274        
10:03:38.392049     ,0.801       ,0.880       ,17.179      ,18.730      ,18.652      ,16.160      ,2.458       ,1.229       ,-0.035      ,0.001       ,1.195       ,880.000     ,2.458       ,18.618      ,0.01802       ,233           ,20.479          ,14.000        ,-0.049              ,0.213               ,23922.045       ,-0.05374          ,-0.07085              ,0.000         ,0.000         ,-0.028        ,-0.284        
10:03:38.402270     ,0.803       ,0.880       ,17.195      ,18.770      ,18.686      ,16.160      ,2.458       ,1.229       ,-0.035      ,0.001       ,1.195       ,880.000     ,2.458       ,18.618      ,0.01841       ,238           ,20.918          ,14.000        ,-0.049              ,0.209               ,23922.047       ,-0.04602          ,-0.06966              ,0.000         ,0.000         ,-0.028        ,-0.284        
10:03:38.412047     ,0.803       ,0.880       ,17.195      ,18.810      ,18.718      ,16.160      ,2.525       ,1.263       ,-0.032      ,-0.000      ,1.230       ,880.000     ,2.525       ,18.686      ,0.01879       ,243           ,21.357          ,13.800        ,-0.048              ,0.209               ,23922.049       ,-0.04602          ,-0.06966              ,0.000         ,0.000         ,-0.029        ,-0.288        
10:03:38.422041     ,0.798       ,0.880       ,17.179      ,18.830      ,18.746      ,16.160      ,2.585       ,1.293       ,-0.030      ,-0.000      ,1.262       ,880.000     ,2.585       ,18.746      ,0.01902       ,246           ,21.621          ,13.600        ,-0.047              ,0.204               ,23922.049       ,-0.03835          ,-0.06807              ,0.000         ,0.000         ,-0.029        ,-0.288        
10:03:38.432045     ,0.798       ,0.880       ,17.179      ,18.790      ,18.759      ,16.160      ,2.585       ,1.293       ,-0.030      ,-0.000      ,1.262       ,880.000     ,2.585       ,18.746      ,0.01933       ,250           ,21.973          ,13.200        ,-0.046              ,0.204               ,23922.049       ,-0.03835          ,-0.06807              ,0.000         ,0.000         ,-0.029        ,-0.293        
10:03:38.442056     ,0.798       ,0.880       ,17.195      ,18.790      ,18.759      ,16.160      ,2.585       ,1.293       ,-0.030      ,-0.000      ,1.262       ,880.000     ,2.585       ,18.746      ,0.01956       ,253           ,22.236          ,12.800        ,-0.045              ,0.198               ,23922.051       ,-0.02302          ,-0.06603              ,0.000         ,0.000         ,-0.029        ,-0.293        
10:03:38.453269     ,0.798       ,0.880       ,17.195      ,18.800      ,18.775      ,16.160      ,2.605       ,1.303       ,-0.027      ,-0.002      ,1.274       ,880.000     ,2.605       ,18.766      ,0.01971       ,255           ,22.412          ,12.200        ,-0.043              ,0.198               ,23922.051       ,-0.02302          ,-0.06603              ,0.000         ,0.000         ,-0.030        ,-0.296        
10:03:38.462058     ,0.799       ,0.880       ,17.195      ,18.810      ,18.783      ,16.160      ,2.623       ,1.311       ,-0.025      ,-0.000      ,1.287       ,880.000     ,2.623       ,18.783      ,0.01987       ,257           ,22.588          ,11.800        ,-0.041              ,0.190               ,23922.051       ,-0.02302          ,-0.06348              ,0.000         ,0.000         ,-0.030        ,-0.296        
10:03:38.473178     ,0.799       ,0.880       ,17.195      ,18.830      ,18.792      ,16.160      ,2.623       ,1.311       ,-0.025      ,-0.000      ,1.287       ,880.000     ,2.623       ,18.783      ,0.01994       ,258           ,22.676          ,11.200        ,-0.039              ,0.182               ,23922.053       ,-0.01534          ,-0.06052              ,0.000         ,0.000         ,-0.029        ,-0.288        
10:03:38.482044     ,0.799       ,0.880       ,17.179      ,18.830      ,18.805      ,16.160      ,2.644       ,1.322       ,-0.019      ,0.000       ,1.303       ,880.000     ,2.644       ,18.805      ,0.02002       ,259           ,22.764          ,10.800        ,-0.038              ,0.172               ,23922.053       ,-0.00768          ,-0.05719              ,0.000         ,0.000         ,-0.029        ,-0.288        
10:03:38.493974     ,0.798       ,0.880       ,17.244      ,18.810      ,18.810      ,16.160      ,2.644       ,1.322       ,-0.019      ,0.000       ,1.303       ,880.000     ,2.644       ,18.805      ,0.02002       ,259           ,22.764          ,10.000        ,-0.035              ,0.161               ,23922.053       ,-0.00767          ,-0.05356              ,0.000         ,0.000         ,-0.030        ,-0.297        
10:03:38.502040     ,0.803       ,0.880       ,17.228      ,18.770      ,18.802      ,16.160      ,2.642       ,1.321       ,-0.014      ,-0.001      ,1.306       ,880.000     ,2.642       ,18.802      ,0.02002       ,259           ,22.764          ,9.400         ,-0.033              ,0.149               ,23922.053       ,0.00000           ,-0.04956              ,0.000         ,0.000         ,-0.030        ,-0.297        
10:03:38.515990     ,0.801       ,0.880       ,17.211      ,18.510      ,18.750      ,16.160      ,2.642       ,1.321       ,-0.014      ,-0.001      ,1.306       ,880.000     ,2.642       ,18.802      ,0.02002       ,259           ,22.764          ,8.600         ,-0.030              ,0.136               ,23922.053       ,0.00000           ,-0.04534              ,0.000         ,0.000         ,-0.029        ,-0.293        
10:03:38.522087     ,0.799       ,0.880       ,17.179      ,18.390      ,18.687      ,16.160      ,2.590       ,1.264       ,-0.009      ,-0.001      ,1.282       ,880.000     ,2.590       ,18.750      ,0.01994       ,258           ,22.676          ,8.000         ,-0.028              ,0.123               ,23922.053       ,0.00000           ,-0.04096              ,0.000         ,0.000         ,-0.029        ,-0.293        
10:03:38.534900     ,0.798       ,0.880       ,17.228      ,18.420      ,18.636      ,16.160      ,2.527       ,1.264       ,-0.009      ,-0.001      ,1.254       ,880.000     ,2.527       ,18.687      ,0.01987       ,257           ,22.588          ,7.000         ,-0.024              ,0.109               ,23922.051       ,0.00766           ,-0.03643              ,0.000         ,0.000         ,-0.029        ,-0.295        
10:03:38.542025     ,0.801       ,0.880       ,17.211      ,18.430      ,18.580      ,16.160      ,2.420       ,1.210       ,-0.004      ,-0.000      ,1.206       ,880.000     ,2.420       ,18.580      ,0.01971       ,255           ,22.412          ,6.400         ,-0.022              ,0.096               ,23922.051       ,0.00767           ,-0.03188              ,0.000         ,0.000         ,-0.029        ,-0.295        
10:03:38.552531     ,0.799       ,0.880       ,17.228      ,18.310      ,18.496      ,16.160      ,2.420       ,1.210       ,-0.004      ,-0.000      ,1.206       ,880.000     ,2.420       ,18.580      ,0.01963       ,254           ,22.324          ,5.600         ,-0.020              ,0.082               ,23922.051       ,0.01534           ,-0.02745              ,0.000         ,0.000         ,-0.029        ,-0.287        
10:03:38.562028     ,0.799       ,0.880       ,17.195      ,18.240      ,18.435      ,16.160      ,2.274       ,1.137       ,0.001       ,0.001       ,1.139       ,880.000     ,2.274       ,18.435      ,0.01948       ,252           ,22.148          ,5.000         ,-0.017              ,0.070               ,23922.051       ,0.00768           ,-0.02321              ,0.000         ,0.000         ,-0.029        ,-0.287        
10:03:38.572473     ,0.801       ,0.880       ,17.211      ,18.220      ,18.377      ,16.160      ,2.216       ,1.108       ,0.003       ,0.000       ,1.111       ,880.000     ,2.216       ,18.377      ,0.01940       ,251           ,22.061          ,4.200         ,-0.015              ,0.057               ,23922.049       ,0.01531           ,-0.01916              ,0.000         ,0.000         ,-0.028        ,-0.283        
10:03:38.582040     ,0.799       ,0.880       ,17.195      ,18.210      ,18.306      ,16.160      ,2.146       ,1.073       ,0.005       ,-0.001      ,1.077       ,880.000     ,2.146       ,18.306      ,0.01925       ,249           ,21.885          ,3.800         ,-0.013              ,0.046               ,23922.049       ,0.00768           ,-0.01548              ,0.000         ,0.000         ,-0.028        ,-0.283        
10:03:38.593540     ,0.801       ,0.880       ,17.179      ,18.070      ,18.220      ,16.160      ,2.146       ,1.073       ,0.005       ,-0.001      ,1.077       ,880.000     ,2.146       ,18.306      ,0.01910       ,247           ,21.709          ,3.000         ,-0.010              ,0.036               ,23922.049       ,0.01533           ,-0.01201              ,0.000         ,0.000         ,-0.028        ,-0.279        
10:03:38.602056     ,0.798       ,0.880       ,17.195      ,18.010      ,18.163      ,16.160      ,2.003       ,1.001       ,0.009       ,0.001       ,1.012       ,880.000     ,2.003       ,18.163      ,0.01894       ,245           ,21.533          ,2.400         ,-0.008              ,0.026               ,23922.049       ,0.01534           ,-0.00883              ,0.000         ,0.000         ,-0.028        ,-0.279        
10:03:38.612331     ,0.801       ,0.880       ,17.228      ,17.980      ,18.122      ,16.160      ,2.003       ,1.001       ,0.009       ,0.001       ,1.012       ,880.000     ,2.003       ,18.163      ,0.01879       ,243           ,21.357          ,1.800         ,-0.006              ,0.018               ,23922.049       ,0.01535           ,-0.00589              ,0.000         ,0.000         ,-0.028        ,-0.279        
10:03:38.622023     ,0.798       ,0.880       ,17.211      ,18.000      ,18.088      ,16.160      ,1.928       ,0.964       ,0.013       ,0.000       ,0.977       ,880.000     ,1.928       ,18.088      ,0.01864       ,241           ,21.182          ,1.400         ,-0.005              ,0.010               ,23922.047       ,0.01533           ,-0.00317              ,0.000         ,0.000         ,-0.028        ,-0.279        
10:03:38.633004     ,0.801       ,0.880       ,17.228      ,17.950      ,18.041      ,16.160      ,1.928       ,0.964       ,0.013       ,0.000       ,0.977       ,880.000     ,1.928       ,18.088      ,0.01848       ,239           ,21.006          ,0.800         ,-0.003              ,0.002               ,23922.047       ,0.01535           ,-0.00074              ,0.000         ,0.000         ,-0.027        ,-0.272        
10:03:38.642035     ,0.801       ,0.880       ,17.179      ,17.890      ,18.004      ,16.160      ,1.844       ,0.922       ,0.017       ,0.000       ,0.939       ,880.000     ,1.844       ,18.004      ,0.01833       ,237           ,20.830          ,0.600         ,-0.002              ,-0.004              ,23922.047       ,0.01533           ,0.00144               ,0.000         ,0.000         ,-0.027        ,-0.272        
10:03:38.652851     ,0.801       ,0.880       ,17.211      ,17.810      ,17.957      ,16.160      ,1.844       ,0.922       ,0.017       ,0.000       ,0.939       ,880.000     ,1.844       ,18.004      ,0.01818       ,235           ,20.654          ,0.200         ,-0.001              ,-0.010              ,23922.045       ,0.01534           ,0.00330               ,0.000         ,0.000         ,-0.026        ,-0.257        
10:03:38.662035     ,0.801       ,0.880       ,17.195      ,17.790      ,17.911      ,16.160      ,1.797       ,0.898       ,0.018       ,-0.000      ,0.916       ,880.000     ,1.797       ,17.957      ,0.01802       ,233           ,20.479          ,-0.200        ,0.001               ,-0.015              ,23922.045       ,0.01534           ,0.00499               ,0.000         ,0.000         ,-0.026        ,-0.257        
10:03:38.672718     ,0.801       ,0.880       ,17.195      ,17.730      ,17.854      ,16.160      ,1.751       ,0.875       ,0.020       ,0.000       ,0.896       ,880.000     ,1.751       ,17.911      ,0.01787       ,231           ,20.303          ,-0.800        ,0.003               ,-0.019              ,23922.043       ,0.01535           ,0.00643               ,0.000         ,0.000         ,-0.026        ,-0.262        
10:03:38.682024     ,0.801       ,0.880       ,17.244      ,17.670      ,17.801      ,16.160      ,1.641       ,0.821       ,0.024       ,0.000       ,0.844       ,880.000     ,1.641       ,17.801      ,0.01772       ,229           ,20.127          ,-1.200        ,0.004               ,-0.023              ,23922.043       ,0.01535           ,0.00776               ,0.000         ,0.000         ,-0.026        ,-0.262        
10:03:38.693755     ,0.799       ,0.880       ,17.211      ,17.630      ,17.756      ,16.160      ,1.641       ,0.821       ,0.024       ,0.000       ,0.844       ,880.000     ,1.641       ,17.801      ,0.01749       ,226           ,19.863          ,-1.600        ,0.006               ,-0.027              ,23922.041       ,0.01534           ,0.00890               ,0.000         ,0.000         ,-0.026        ,-0.257        
10:03:38.702031     ,0.803       ,0.880       ,17.195      ,17.610      ,17.721      ,16.160      ,1.560       ,0.780       ,0.027       ,0.000       ,0.807       ,880.000     ,1.560       ,17.721      ,0.01733       ,224           ,19.688          ,-1.800        ,0.006               ,-0.030              ,23922.041       ,0.02301           ,0.00998               ,0.000         ,0.000         ,-0.026        ,-0.257        
10:03:38.715666     ,0.803       ,0.880       ,17.162      ,17.590      ,17.679      ,16.160      ,1.560       ,0.780       ,0.027       ,0.000       ,0.807       ,880.000     ,1.560       ,17.721      ,0.01710       ,221           ,19.424          ,-2.200        ,0.008               ,-0.033              ,23922.039       ,0.01534           ,0.01090               ,0.000         ,0.000         ,-0.025        ,-0.253        
10:03:38.722087     ,0.803       ,0.880       ,17.195      ,17.530      ,17.635      ,16.160      ,1.519       ,0.760       ,0.028       ,-0.000      ,0.787       ,880.000     ,1.519       ,17.679      ,0.01695       ,219           ,19.248          ,-2.400        ,0.008               ,-0.035              ,23922.039       ,0.02301           ,0.01180               ,0.000         ,0.000         ,-0.025        ,-0.253        
10:03:38.734263     ,0.796       ,0.880       ,17.211      ,17.430      ,17.583      ,16.160      ,1.474       ,0.737       ,0.030       ,-0.000      ,0.767       ,880.000     ,1.474       ,17.635      ,0.01672       ,216           ,18.984          ,-2.600        ,0.009               ,-0.038              ,23922.039       ,0.01535           ,0.01256               ,0.000         ,0.000         ,-0.024        ,-0.244        
10:03:38.742568     ,0.799       ,0.880       ,17.211      ,17.390      ,17.534      ,16.160      ,1.423       ,0.711       ,0.031       ,-0.000      ,0.742       ,880.000     ,1.423       ,17.583      ,0.01649       ,213           ,18.721          ,-2.800        ,0.010               ,-0.040              ,23922.039       ,0.02299           ,0.01332               ,0.000         ,0.000         ,-0.024        ,-0.244        
10:03:38.752909     ,0.803       ,0.880       ,17.228      ,17.360      ,17.487      ,16.160      ,1.374       ,0.687       ,0.033       ,0.000       ,0.720       ,880.000     ,1.374       ,17.534      ,0.01626       ,210           ,18.457          ,-3.000        ,0.010               ,-0.042              ,23922.037       ,0.02302           ,0.01408               ,0.000         ,0.000         ,-0.024        ,-0.236        
10:03:38.762024     ,0.796       ,0.880       ,17.244      ,17.340      ,17.440      ,16.160      ,1.280       ,0.640       ,0.035       ,0.000       ,0.675       ,880.000     ,1.280       ,17.440      ,0.01603       ,207           ,18.193          ,-3.000        ,0.010               ,-0.045              ,23922.035       ,0.02300           ,0.01485               ,0.000         ,0.000         ,-0.024        ,-0.236        
10:03:38.772769     ,0.799       ,0.880       ,17.211      ,17.270      ,17.392      ,16.160      ,1.280       ,0.640       ,0.035       ,0.000       ,0.675       ,880.000     ,1.280       ,17.440      ,0.01580       ,204           ,17.930          ,-3.200        ,0.011               ,-0.047              ,23922.033       ,0.02301           ,0.01561               ,0.000         ,0.000         ,-0.023        ,-0.231        
10:03:38.782028     ,0.798       ,0.880       ,17.195      ,17.240      ,17.354      ,16.160      ,1.194       ,0.597       ,0.038       ,0.001       ,0.635       ,880.000     ,1.194       ,17.354      ,0.01549       ,200           ,17.578          ,-3.400        ,0.012               ,-0.049              ,23922.033       ,0.02303           ,0.01638               ,0.000         ,0.000         ,-0.023        ,-0.231        
10:03:38.792022     ,0.799       ,0.880       ,17.179      ,17.190      ,17.310      ,16.160      ,1.150       ,0.575       ,0.039       ,-0.000      ,0.613       ,880.000     ,1.150       ,17.310      ,0.01519       ,196           ,17.227          ,-3.800        ,0.013               ,-0.052              ,23922.031       ,0.03066           ,0.01726               ,0.000         ,0.000         ,-0.022        ,-0.221        
10:03:38.802062     ,0.801       ,0.880       ,17.211      ,17.130      ,17.260      ,16.160      ,1.100       ,0.550       ,0.040       ,-0.000      ,0.589       ,880.000     ,1.100       ,17.260      ,0.01488       ,192           ,16.875          ,-4.200        ,0.015               ,-0.054              ,23922.031       ,0.03069           ,0.01812               ,0.000         ,0.000         ,-0.022        ,-0.221        
10:03:38.812571     ,0.801       ,0.880       ,17.211      ,17.030      ,17.199      ,16.160      ,1.100       ,0.550       ,0.040       ,-0.000      ,0.589       ,880.000     ,1.100       ,17.260      ,0.01457       ,188           ,16.523          ,-4.600        ,0.016               ,-0.054              ,23922.029       ,0.03069           ,0.01812               ,0.000         ,0.000         ,-0.021        ,-0.211        
10:03:38.822094     ,0.796       ,0.880       ,17.211      ,17.020      ,17.153      ,16.160      ,1.100       ,0.550       ,0.040       ,-0.000      ,0.589       ,880.000     ,1.100       ,17.260      ,0.01427       ,184           ,16.172          ,-4.800        ,0.017               ,-0.057              ,23922.027       ,0.03067           ,0.01908               ,0.000         ,0.000         ,-0.021        ,-0.211        
10:03:38.832383     ,0.798       ,0.880       ,17.228      ,16.980      ,17.105      ,16.160      ,0.993       ,0.496       ,0.041       ,-0.003      ,0.534       ,880.000     ,0.993       ,17.153      ,0.01388       ,179           ,15.732          ,-5.200        ,0.018               ,-0.060              ,23922.025       ,0.03062           ,0.02002               ,0.000         ,0.000         ,-0.020        ,-0.201        
10:03:38.842023     ,0.798       ,0.880       ,17.228      ,16.950      ,17.059      ,16.160      ,0.898       ,0.449       ,0.042       ,0.001       ,0.491       ,880.000     ,0.898       ,17.059      ,0.01358       ,175           ,15.381          ,-5.400        ,0.019               ,-0.060              ,23922.025       ,0.03062           ,0.02002               ,0.000         ,0.000         ,-0.020        ,-0.201        
10:03:38.854269     ,0.796       ,0.880       ,17.211      ,16.870      ,17.006      ,16.160      ,0.898       ,0.449       ,0.042       ,0.001       ,0.491       ,880.000     ,0.898       ,17.059      ,0.01319       ,170           ,14.941          ,-5.600        ,0.020               ,-0.063              ,23922.021       ,0.03068           ,0.02104               ,0.000         ,0.000         ,-0.019        ,-0.189        
10:03:38.862085     ,0.803       ,0.880       ,17.211      ,16.830      ,16.963      ,16.160      ,0.846       ,0.423       ,0.043       ,0.002       ,0.467       ,880.000     ,0.846       ,17.006      ,0.01281       ,165           ,14.502          ,-5.800        ,0.020               ,-0.066              ,23922.021       ,0.03830           ,0.02214               ,0.000         ,0.000         ,-0.019        ,-0.189        
10:03:38.874212     ,0.803       ,0.880       ,17.179      ,16.740      ,16.904      ,16.160      ,0.803       ,0.401       ,0.043       ,0.000       ,0.445       ,880.000     ,0.803       ,16.963      ,0.01235       ,159           ,13.975          ,-6.200        ,0.022               ,-0.070              ,23922.018       ,0.03838           ,0.02330               ,0.000         ,0.000         ,-0.018        ,-0.175        
10:03:38.882030     ,0.799       ,0.880       ,17.195      ,16.680      ,16.845      ,16.160      ,0.685       ,0.343       ,0.045       ,0.000       ,0.387       ,880.000     ,0.685       ,16.845      ,0.01197       ,154           ,13.535          ,-6.400        ,0.022               ,-0.074              ,23922.018       ,0.04604           ,0.02464               ,0.000         ,0.000         ,-0.018        ,-0.175        
10:03:38.893152     ,0.803       ,0.880       ,17.179      ,16.630      ,16.786      ,16.160      ,0.685       ,0.313       ,0.045       ,-0.000      ,0.387       ,880.000     ,0.685       ,16.845      ,0.01150       ,148           ,13.008          ,-6.800        ,0.024               ,-0.078              ,23922.016       ,0.03828           ,0.02600               ,0.000         ,0.000         ,-0.017        ,-0.165        
10:03:38.902063     ,0.799       ,0.880       ,17.195      ,16.600      ,16.737      ,16.160      ,0.577       ,0.288       ,0.046       ,0.000       ,0.335       ,880.000     ,0.577       ,16.737      ,0.01112       ,143           ,12.568          ,-7.200        ,0.025               ,-0.083              ,23922.014       ,0.04609           ,0.02751               ,0.000         ,0.000         ,-0.017        ,-0.165        
10:03:38.913875     ,0.799       ,0.880       ,17.179      ,16.510      ,16.676      ,16.160      ,0.577       ,0.288       ,0.046       ,0.000       ,0.335       ,880.000     ,0.577       ,16.737      ,0.01066       ,137           ,12.041          ,-7.800        ,0.027               ,-0.087              ,23922.010       ,0.03836           ,0.02890               ,0.000         ,0.000         ,-0.015        ,-0.150        
10:03:38.922030     ,0.799       ,0.880       ,17.195      ,16.460      ,16.621      ,16.160      ,0.460       ,0.230       ,0.047       ,0.000       ,0.277       ,880.000     ,0.460       ,16.621      ,0.01012       ,130           ,11.426          ,-8.200        ,0.029               ,-0.091              ,23922.010       ,0.04598           ,0.03032               ,0.000         ,0.000         ,-0.015        ,-0.150        
10:03:38.934737     ,0.801       ,0.880       ,17.211      ,16.420      ,16.566      ,16.160      ,0.460       ,0.230       ,0.047       ,0.000       ,0.277       ,880.000     ,0.460       ,16.621      ,0.00966       ,124           ,10.898          ,-8.600        ,0.030               ,-0.096              ,23922.004       ,0.05376           ,0.03187               ,0.000         ,0.000         ,-0.013        ,-0.133        
10:03:38.942027     ,0.799       ,0.880       ,17.228      ,16.380      ,16.511      ,16.160      ,0.350       ,0.175       ,0.048       ,-0.000      ,0.223       ,880.000     ,0.350       ,16.511      ,0.00913       ,117           ,10.283          ,-8.800        ,0.031               ,-0.100              ,23922.004       ,0.04600           ,0.03342               ,0.000         ,0.000         ,-0.013        ,-0.133        
10:03:38.952276     ,0.799       ,0.880       ,17.211      ,16.250      ,16.439      ,16.160      ,0.350       ,0.175       ,0.048       ,-0.000      ,0.223       ,880.000     ,0.350       ,16.511      ,0.00859       ,110           ,9.668           ,-9.200        ,0.032               ,-0.105              ,23922.002       ,0.05368           ,0.03508               ,0.000         ,0.000         ,-0.012        ,-0.118        
10:03:38.962031     ,0.803       ,0.880       ,17.244      ,16.190      ,16.378      ,16.160      ,0.218       ,0.109       ,0.048       ,0.001       ,0.157       ,880.000     ,0.218       ,16.378      ,0.00805       ,103           ,9.053           ,-9.400        ,0.033               ,-0.110              ,23922.000       ,0.05367           ,0.03672               ,0.000         ,0.000         ,-0.012        ,-0.118        
10:03:38.974123     ,0.799       ,0.880       ,17.195      ,16.150      ,16.320      ,16.160      ,0.160       ,0.080       ,0.048       ,0.000       ,0.128       ,880.000     ,0.160       ,16.320      ,0.00752       ,96            ,8.438           ,-9.800        ,0.034               ,-0.115              ,23921.996       ,0.05372           ,0.03835               ,0.000         ,0.000         ,-0.010        ,-0.100        
10:03:38.982024     ,0.799       ,0.880       ,17.211      ,16.100      ,16.260      ,16.160      ,0.099       ,0.050       ,0.048       ,-0.000      ,0.098       ,880.000     ,0.099       ,16.260      ,0.00690       ,88            ,7.734           ,-10.200       ,0.036               ,-0.120              ,23921.996       ,0.05360           ,0.03984               ,0.000         ,0.000         ,-0.010        ,-0.100        
10:03:38.995167     ,0.801       ,0.880       ,17.211      ,15.930      ,16.175      ,16.160      ,0.099       ,0.050       ,0.048       ,-0.000      ,0.098       ,880.000     ,0.099       ,16.260      ,0.00621       ,79            ,6.943           ,-10.800       ,0.038               ,-0.124              ,23921.990       ,0.06146           ,0.04146               ,0.000         ,0.000         ,-0.008        ,-0.079        
10:03:39.003401     ,0.801       ,0.880       ,17.244      ,15.930      ,16.175      ,16.160      ,0.015       ,0.008       ,0.048       ,-0.001      ,0.055       ,880.000     ,0.015       ,16.175      ,0.00560       ,71            ,6.240           ,-11.200       ,0.039               ,-0.130              ,23921.990       ,0.06900           ,0.04318               ,0.000         ,0.000         ,-0.008        ,-0.079        
10:03:39.014924     ,0.803       ,0.880       ,17.228      ,15.770      ,16.090      ,16.160      ,0.015       ,0.008       ,0.048       ,0.004       ,0.060       ,880.000     ,0.015       ,16.175      ,0.00491       ,62            ,5.449           ,-11.800       ,0.041               ,-0.135              ,23921.984       ,0.06138           ,0.04499               ,0.000         ,0.000         ,-0.006        ,-0.060        
10:03:39.022100     ,0.803       ,0.880       ,17.195      ,15.720      ,16.006      ,16.160      ,-0.070      ,-0.035      ,0.048       ,-0.004      ,0.009       ,880.000     ,-0.070      ,16.090      ,0.00422       ,53            ,4.658           ,-12.200       ,0.043               ,-0.141              ,23921.984       ,0.06903           ,0.04687               ,0.000         ,0.000         ,-0.006        ,-0.060        
10:03:39.033744     ,0.801       ,0.880       ,17.244      ,15.600      ,15.904      ,16.160      ,-0.154      ,-0.077      ,0.048       ,0.000       ,-0.029      ,880.000     ,-0.154      ,16.006      ,0.00353       ,44            ,3.867           ,-12.800       ,0.045               ,-0.146              ,23921.979       ,0.06909           ,0.04870               ,0.000         ,0.000         ,-0.004        ,-0.039        
10:03:39.042111     ,0.799       ,0.880       ,17.244      ,15.510      ,15.794      ,16.160      ,-0.256      ,-0.128      ,0.048       ,-0.001      ,-0.081      ,880.000     ,-0.256      ,15.904      ,0.00276       ,34            ,2.988           ,-13.200       ,0.046               ,-0.152              ,23921.979       ,0.06898           ,0.05060               ,0.000         ,0.000         ,-0.004        ,-0.039        
10:03:39.053530     ,0.798       ,0.880       ,17.244      ,15.450      ,15.700      ,16.160      ,-0.366      ,-0.183      ,0.048       ,-0.000      ,-0.136      ,880.000     ,-0.366      ,15.794      ,0.00199       ,24            ,2.109           ,-13.800       ,0.048               ,-0.158              ,23921.973       ,0.07670           ,0.05256               ,0.000         ,0.000         ,-0.002        ,-0.018        
10:03:39.062040     ,0.801       ,0.880       ,17.211      ,15.400      ,15.617      ,16.160      ,-0.460      ,-0.230      ,0.047       ,0.001       ,-0.182      ,880.000     ,-0.460      ,15.700      ,0.00123       ,14            ,1.230           ,-14.200       ,0.050               ,-0.164              ,23921.969       ,0.07675           ,0.05457               ,0.000         ,0.000         ,-0.002        ,-0.018        
10:03:39.072305     ,0.801       ,0.880       ,17.211      ,15.210      ,15.502      ,16.160      ,-0.543      ,-0.272      ,0.047       ,0.001       ,-0.225      ,880.000     ,-0.543      ,15.617      ,0.00046       ,4             ,0.352           ,-14.800       ,0.052               ,-0.170              ,23921.967       ,0.07668           ,0.05662               ,0.000         ,0.000         ,0.000         ,0.001         
10:03:39.082031     ,0.803       ,0.880       ,17.228      ,15.120      ,15.399      ,16.160      ,-0.761      ,-0.380      ,0.045       ,0.001       ,-0.335      ,880.000     ,-0.761      ,15.399      ,-0.00046      ,2147483640    ,359.297         ,-15.200       ,0.053               ,-0.176              ,23921.963       ,0.07669           ,0.05872               ,0.000         ,0.000         ,0.000         ,0.001         
10:03:39.092233     ,0.799       ,0.880       ,17.211      ,15.010      ,15.299      ,16.160      ,-0.761      ,-0.380      ,0.045       ,0.001       ,-0.335      ,880.000     ,-0.761      ,15.399      ,-0.00130      ,2147483629    ,358.330         ,-15.800       ,0.055               ,-0.183              ,23921.959       ,0.09202           ,0.06095               ,0.000         ,0.000         ,0.003         ,0.029         
10:03:39.102033     ,0.798       ,0.880       ,17.228      ,14.920      ,15.199      ,16.160      ,-0.961      ,-0.481      ,0.043       ,0.000       ,-0.437      ,880.000     ,-0.961      ,15.199      ,-0.00215      ,2147483618    ,357.363         ,-16.200       ,0.057               ,-0.189              ,23921.955       ,0.08435           ,0.06309               ,0.000         ,0.000         ,0.003         ,0.029         
10:03:39.114157     ,0.801       ,0.880       ,17.244      ,14.740      ,15.080      ,16.160      ,-0.961      ,-0.481      ,0.043       ,0.000       ,-0.437      ,880.000     ,-0.961      ,15.199      ,-0.00299      ,2147483607    ,356.396         ,-16.800       ,0.059               ,-0.196              ,23921.949       ,0.08434           ,0.06524               ,0.000         ,0.000         ,0.006         ,0.057         
10:03:39.122036     ,0.801       ,0.880       ,17.179      ,14.690      ,14.988      ,16.160      ,-1.172      ,-0.586      ,0.041       ,0.001       ,-0.544      ,880.000     ,-1.172      ,14.988      ,-0.00383      ,2147483596    ,355.430         ,-17.200       ,0.060               ,-0.202              ,23921.949       ,0.08436           ,0.06730               ,0.000         ,0.000         ,0.006         ,0.057         
10:03:39.132889     ,0.799       ,0.880       ,17.211      ,14.650      ,14.896      ,16.160      ,-1.172      ,-0.586      ,0.041       ,0.001       ,-0.544      ,880.000     ,-1.172      ,14.988      ,-0.00476      ,2147483584    ,354.375         ,-17.800       ,0.062               ,-0.208              ,23921.943       ,0.08450           ,0.06929               ,0.000         ,0.000         ,0.007         ,0.075         
10:03:39.142030     ,0.799       ,0.880       ,17.228      ,14.600      ,14.804      ,16.160      ,-1.357      ,-0.678      ,0.039       ,0.000       ,-0.640      ,880.000     ,-1.357      ,14.804      ,-0.00560      ,2147483573    ,353.408         ,-18.200       ,0.064               ,-0.214              ,23921.941       ,0.09197           ,0.07132               ,0.000         ,0.000         ,0.007         ,0.075         
10:03:39.154636     ,0.801       ,0.880       ,17.211      ,14.460      ,14.697      ,16.160      ,-1.357      ,-0.678      ,0.039       ,0.000       ,-0.640      ,880.000     ,-1.357      ,14.804      ,-0.00644      ,2147483562    ,352.441         ,-18.600       ,0.065               ,-0.219              ,23921.934       ,0.08442           ,0.07316               ,0.000         ,0.000         ,0.010         ,0.103         
10:03:39.162232     ,0.796       ,0.880       ,17.244      ,14.420      ,14.619      ,16.160      ,-1.463      ,-0.731      ,0.037       ,-0.001      ,-0.695      ,880.000     ,-1.463      ,14.697      ,-0.00729      ,2147483551    ,351.475         ,-18.800       ,0.066               ,-0.225              ,23921.934       ,0.08432           ,0.07484               ,0.000         ,0.000         ,0.010         ,0.103         
10:03:39.173413     ,0.801       ,0.880       ,17.179      ,14.460      ,14.556      ,16.160      ,-1.542      ,-0.771      ,0.036       ,0.001       ,-0.734      ,880.000     ,-1.542      ,14.619      ,-0.00821      ,2147483539    ,350.420         ,-19.000       ,0.066               ,-0.229              ,23921.932       ,0.08438           ,0.07639               ,0.000         ,0.000         ,0.009         ,0.093         
10:03:39.182048     ,0.801       ,0.880       ,17.228      ,14.550      ,14.518      ,16.160      ,-1.643      ,-0.821      ,0.032       ,0.001       ,-0.788      ,880.000     ,-1.643      ,14.518      ,-0.00905      ,2147483528    ,349.453         ,-19.000       ,0.066               ,-0.234              ,23921.932       ,0.09209           ,0.07793               ,0.000         ,0.000         ,0.009         ,0.093         
10:03:39.193417     ,0.796       ,0.880       ,17.244      ,14.680      ,14.511      ,16.160      ,-1.643      ,-0.821      ,0.032       ,0.001       ,-0.788      ,880.000     ,-1.643      ,14.518      ,-0.00997      ,2147483516    ,348.398         ,-18.600       ,0.065               ,-0.237              ,23921.932       ,0.08438           ,0.07913               ,0.000         ,0.000         ,0.008         ,0.081         
10:03:39.202026     ,0.798       ,0.880       ,17.179      ,14.670      ,14.527      ,16.160      ,-1.633      ,-0.817      ,0.029       ,0.001       ,-0.787      ,880.000     ,-1.633      ,14.527      ,-0.01097      ,2147483503    ,347.256         ,-18.200       ,0.064               ,-0.241              ,23921.934       ,0.09202           ,0.08026               ,0.000         ,0.000         ,0.008         ,0.081         
10:03:39.212025     ,0.799       ,0.880       ,17.228      ,14.560      ,14.534      ,16.160      ,-1.626      ,-0.813      ,0.027       ,-0.000      ,-0.786      ,880.000     ,-1.626      ,14.534      ,-0.01189      ,2147483491    ,346.201         ,-17.200       ,0.060               ,-0.244              ,23921.934       ,0.09973           ,0.08145               ,0.000         ,0.000         ,0.009         ,0.086         
10:03:39.222048     ,0.803       ,0.880       ,17.211      ,14.550      ,14.547      ,16.160      ,-1.614      ,-0.807      ,0.026       ,0.000       ,-0.781      ,880.000     ,-1.614      ,14.547      ,-0.01289      ,2147483478    ,345.059         ,-16.200       ,0.057               ,-0.248              ,23921.934       ,0.09204           ,0.08258               ,0.000         ,0.000         ,0.009         ,0.086         
10:03:39.232027     ,0.803       ,0.880       ,17.211      ,14.610      ,14.568      ,16.160      ,-1.614      ,-0.807      ,0.026       ,0.000       ,-0.781      ,880.000     ,-1.614      ,14.547      ,-0.01388      ,2147483465    ,343.916         ,-14.600       ,0.051               ,-0.248              ,23921.934       ,0.09204           ,0.08258               ,0.000         ,0.000         ,0.009         ,0.085         
10:03:39.247494     ,0.798       ,0.880       ,17.228      ,14.560      ,14.567      ,16.160      ,-1.614      ,-0.807      ,0.026       ,0.000       ,-0.781      ,880.000     ,-1.614      ,14.547      ,-0.01496      ,2147483451    ,342.686         ,-13.000       ,0.045               ,-0.251              ,23921.934       ,0.09973           ,0.08377               ,0.000         ,0.000         ,0.010         ,0.098         
10:03:39.252152     ,0.798       ,0.880       ,17.228      ,14.270      ,14.525      ,16.160      ,-1.593      ,-0.797      ,0.024       ,0.000       ,-0.772      ,880.000     ,-1.593      ,14.567      ,-0.01603      ,2147483437    ,341.455         ,-11.400       ,0.040               ,-0.251              ,23921.932       ,0.09973           ,0.08377               ,0.000         ,0.000         ,0.010         ,0.098         
10:03:39.266155     ,0.799       ,0.880       ,17.228      ,14.120      ,14.481      ,16.160      ,-1.593      ,-0.797      ,0.024       ,0.000       ,-0.772      ,880.000     ,-1.593      ,14.567      ,-0.01718      ,2147483422    ,340.137         ,-10.400       ,0.036               ,-0.255              ,23921.926       ,0.10735           ,0.08501               ,0.000         ,0.000         ,0.014         ,0.140         
10:03:39.272104     ,0.799       ,0.880       ,17.228      ,14.060      ,14.417      ,16.160      ,-1.680      ,-0.840      ,0.022       ,-0.005      ,-0.823      ,880.000     ,-1.680      ,14.481      ,-0.01825      ,2147483408    ,338.906         ,-9.400        ,0.033               ,-0.255              ,23921.922       ,0.10735           ,0.08501               ,0.000         ,0.000         ,0.014         ,0.140         
10:03:39.284920     ,0.798       ,0.880       ,17.195      ,14.090      ,14.329      ,16.160      ,-1.744      ,-0.872      ,0.021       ,0.001       ,-0.850      ,880.000     ,-1.744      ,14.417      ,-0.01940      ,2147483393    ,337.588         ,-9.600        ,0.034               ,-0.264              ,23921.916       ,0.10729           ,0.08816               ,0.000         ,0.000         ,0.016         ,0.164         
10:03:39.292021     ,0.798       ,0.880       ,17.195      ,14.080      ,14.232      ,16.160      ,-1.744      ,-0.872      ,0.021       ,0.001       ,-0.850      ,880.000     ,-1.744      ,14.417      ,-0.02056      ,2147483378    ,336.270         ,-10.200       ,0.036               ,-0.264              ,23921.912       ,0.10729           ,0.08816               ,0.000         ,0.000         ,0.016         ,0.164         
10:03:39.303539     ,0.801       ,0.880       ,17.195      ,13.910      ,14.141      ,16.160      ,-1.928      ,-0.964      ,0.019       ,-0.006      ,-0.951      ,880.000     ,-1.928      ,14.232      ,-0.02163      ,2147483364    ,335.039         ,-11.200       ,0.039               ,-0.270              ,23921.908       ,0.11500           ,0.09001               ,0.000         ,0.000         ,0.019         ,0.189         
10:03:39.312038     ,0.798       ,0.880       ,17.195      ,13.750      ,14.041      ,16.160      ,-2.019      ,-1.009      ,0.017       ,0.005       ,-0.988      ,880.000     ,-2.019      ,14.141      ,-0.02278      ,2147483349    ,333.721         ,-12.200       ,0.043               ,-0.275              ,23921.904       ,0.10744           ,0.09181               ,0.000         ,0.000         ,0.019         ,0.189         
10:03:39.323260     ,0.799       ,0.880       ,17.195      ,13.790      ,13.962      ,16.160      ,-2.120      ,-1.060      ,0.015       ,-0.001      ,-1.046      ,880.000     ,-2.120      ,14.041      ,-0.02393      ,2147483334    ,332.402         ,-13.800       ,0.048               ,-0.281              ,23921.898       ,0.11505           ,0.09380               ,0.000         ,0.000         ,0.022         ,0.221         
10:03:39.332037     ,0.801       ,0.880       ,17.211      ,13.800      ,13.887      ,16.160      ,-2.199      ,-1.099      ,0.012       ,0.001       ,-1.086      ,880.000     ,-2.199      ,13.962      ,-0.02508      ,2147483319    ,331.084         ,-14.800       ,0.052               ,-0.288              ,23921.895       ,0.11506           ,0.09583               ,0.000         ,0.000         ,0.022         ,0.221         
10:03:39.345158     ,0.798       ,0.880       ,17.179      ,13.710      ,13.811      ,16.160      ,-2.273      ,-1.137      ,0.010       ,0.000       ,-1.126      ,880.000     ,-2.273      ,13.887      ,-0.02623      ,2147483304    ,329.766         ,-16.200       ,0.057               ,-0.293              ,23921.889       ,0.11503           ,0.09780               ,0.000         ,0.000         ,0.026         ,0.255         
10:03:39.352030     ,0.801       ,0.880       ,17.244      ,13.540      ,13.749      ,16.160      ,-2.349      ,-1.174      ,0.008       ,-0.000      ,-1.167      ,880.000     ,-2.349      ,13.811      ,-0.02738      ,2147483289    ,328.447         ,-17.200       ,0.060               ,-0.299              ,23921.885       ,0.11498           ,0.09981               ,0.000         ,0.000         ,0.026         ,0.255         
10:03:39.363742     ,0.799       ,0.880       ,17.228      ,13.530      ,13.717      ,16.160      ,-2.411      ,-1.205      ,0.005       ,0.001       ,-1.199      ,880.000     ,-2.411      ,13.749      ,-0.02853      ,2147483274    ,327.129         ,-18.600       ,0.065               ,-0.305              ,23921.881       ,0.11468           ,0.10174               ,0.000         ,0.000         ,0.029         ,0.292         
10:03:39.372151     ,0.801       ,0.880       ,17.195      ,13.510      ,13.666      ,16.160      ,-2.443      ,-1.221      ,0.003       ,0.002       ,-1.217      ,880.000     ,-2.443      ,13.717      ,-0.02968      ,2147483259    ,325.811         ,-19.400       ,0.068               ,-0.311              ,23921.875       ,0.11545           ,0.10351               ,0.000         ,0.000         ,0.029         ,0.292         
10:03:39.383383     ,0.801       ,0.880       ,17.195      ,13.420      ,13.593      ,16.160      ,-2.494      ,-1.247      ,0.000       ,-0.001      ,-1.248      ,880.000     ,-2.494      ,13.666      ,-0.03076      ,2147483245    ,324.580         ,-20.400       ,0.071               ,-0.315              ,23921.871       ,0.11514           ,0.10501               ,0.000         ,0.000         ,0.031         ,0.310         
10:03:39.392063     ,0.799       ,0.880       ,17.195      ,13.250      ,13.507      ,16.160      ,-2.567      ,-1.284      ,-0.002      ,-0.001      ,-1.287      ,880.000     ,-2.567      ,13.593      ,-0.03183      ,2147483231    ,323.350         ,-21.000       ,0.073               ,-0.319              ,23921.865       ,0.10734           ,0.10628               ,0.000         ,0.000         ,0.031         ,0.310         
10:03:39.402042     ,0.799       ,0.880       ,17.211      ,13.220      ,13.447      ,16.160      ,-2.653      ,-1.327      ,-0.005      ,-0.001      ,-1.332      ,880.000     ,-2.653      ,13.507      ,-0.03290      ,2147483217    ,322.119         ,-21.800       ,0.076               ,-0.322              ,23921.861       ,0.10729           ,0.10725               ,0.000         ,0.000         ,0.033         ,0.334         
10:03:39.412032     ,0.801       ,0.880       ,17.228      ,13.210      ,13.380      ,16.160      ,-2.713      ,-1.356      ,-0.007      ,0.001       ,-1.363      ,880.000     ,-2.713      ,13.447      ,-0.03398      ,2147483203    ,320.889         ,-22.200       ,0.077               ,-0.324              ,23921.857       ,0.10741           ,0.10808               ,0.000         ,0.000         ,0.033         ,0.334         
10:03:39.422101     ,0.801       ,0.880       ,17.228      ,13.210      ,13.380      ,16.160      ,-2.780      ,-1.390      ,-0.010      ,-0.000      ,-1.401      ,880.000     ,-2.780      ,13.380      ,-0.03497      ,2147483190    ,319.746         ,-22.800       ,0.080               ,-0.324              ,23921.854       ,0.10741           ,0.10808               ,0.000         ,0.000         ,0.036         ,0.361         
10:03:39.432130     ,0.803       ,0.880       ,17.195      ,12.970      ,13.272      ,16.160      ,-2.780      ,-1.390      ,-0.010      ,-0.000      ,-1.401      ,880.000     ,-2.780      ,13.380      ,-0.03597      ,2147483177    ,318.604         ,-23.200       ,0.081               ,-0.326              ,23921.848       ,0.10740           ,0.10866               ,0.000         ,0.000         ,0.036         ,0.361         
10:03:39.442046     ,0.803       ,0.880       ,17.195      ,12.920      ,13.180      ,16.160      ,-2.888      ,-1.444      ,-0.013      ,-0.002      ,-1.459      ,880.000     ,-2.888      ,13.272      ,-0.03689      ,2147483165    ,317.549         ,-23.600       ,0.082               ,-0.326              ,23921.846       ,0.10740           ,0.10866               ,0.000         ,0.000         ,0.038         ,0.382         
10:03:39.452027     ,0.798       ,0.880       ,17.244      ,12.860      ,13.108      ,16.160      ,-3.053      ,-1.526      ,-0.016      ,-0.003      ,-1.545      ,880.000     ,-3.053      ,13.108      ,-0.03781      ,2147483153    ,316.494         ,-23.800       ,0.083               ,-0.327              ,23921.842       ,0.09971           ,0.10893               ,0.000         ,0.000         ,0.038         ,0.382         
10:03:39.462024     ,0.798       ,0.880       ,17.244      ,12.780      ,13.019      ,16.160      ,-3.053      ,-1.526      ,-0.016      ,-0.003      ,-1.545      ,880.000     ,-3.053      ,13.108      ,-0.03873      ,2147483141    ,315.439         ,-24.000       ,0.084               ,-0.327              ,23921.836       ,0.09971           ,0.10893               ,0.000         ,0.000         ,0.040         ,0.404         
10:03:39.478200     ,0.798       ,0.880       ,17.244      ,12.660      ,12.911      ,16.160      ,-3.053      ,-1.526      ,-0.016      ,-0.003      ,-1.545      ,880.000     ,-3.053      ,13.108      ,-0.03950      ,2147483131    ,314.561         ,-23.800       ,0.083               ,-0.326              ,23921.834       ,0.09199           ,0.10881               ,0.000         ,0.000         ,0.042         ,0.420         
10:03:39.482163     ,0.798       ,0.880       ,17.244      ,12.750      ,12.861      ,16.160      ,-3.250      ,-1.625      ,-0.019      ,-0.002      ,-1.646      ,880.000     ,-3.250      ,12.911      ,-0.04027      ,2147483121    ,313.682         ,-23.600       ,0.082               ,-0.326              ,23921.830       ,0.09199           ,0.10881               ,0.000         ,0.000         ,0.042         ,0.420         
10:03:39.496962     ,0.799       ,0.880       ,17.195      ,12.710      ,12.801      ,16.160      ,-3.250      ,-1.625      ,-0.019      ,-0.002      ,-1.646      ,880.000     ,-3.250      ,12.911      ,-0.04096      ,2147483112    ,312.891         ,-23.400       ,0.082               ,-0.324              ,23921.828       ,0.07672           ,0.10814               ,0.000         ,0.000         ,0.043         ,0.433         
10:03:39.502026     ,0.801       ,0.880       ,17.195      ,12.680      ,12.744      ,16.160      ,-3.417      ,-1.708      ,-0.026      ,0.003       ,-1.732      ,880.000     ,-3.417      ,12.744      ,-0.04165      ,2147483103    ,312.100         ,-23.200       ,0.081               ,-0.321              ,23921.826       ,0.06903           ,0.10688               ,0.000         ,0.000         ,0.043         ,0.433         
10:03:39.515753     ,0.799       ,0.880       ,17.228      ,12.810      ,12.726      ,16.160      ,-3.417      ,-1.708      ,-0.026      ,0.003       ,-1.732      ,880.000     ,-3.417      ,12.744      ,-0.04211      ,2147483097    ,311.572         ,-22.800       ,0.080               ,-0.315              ,23921.824       ,0.06902           ,0.10511               ,0.000         ,0.000         ,0.044         ,0.444         
10:03:39.522026     ,0.799       ,0.880       ,17.228      ,12.850      ,12.737      ,16.160      ,-3.423      ,-1.711      ,-0.030      ,0.003       ,-1.738      ,880.000     ,-3.423      ,12.737      ,-0.04257      ,2147483091    ,311.045         ,-22.600       ,0.079               ,-0.315              ,23921.822       ,0.06902           ,0.10511               ,0.000         ,0.000         ,0.044         ,0.444         
10:03:39.533406     ,0.803       ,0.880       ,17.244      ,12.740      ,12.717      ,16.160      ,-3.423      ,-1.722      ,-0.033      ,-0.001      ,-1.738      ,880.000     ,-3.423      ,12.737      ,-0.04295      ,2147483086    ,310.605         ,-22.000       ,0.077               ,-0.308              ,23921.820       ,0.04600           ,0.10257               ,0.000         ,0.000         ,0.045         ,0.450         
10:03:39.542020     ,0.803       ,0.880       ,17.244      ,12.670      ,12.711      ,16.160      ,-3.449      ,-1.724      ,-0.037      ,0.001       ,-1.760      ,880.000     ,-3.449      ,12.711      ,-0.04326      ,2147483082    ,310.254         ,-21.400       ,0.075               ,-0.298              ,23921.818       ,0.03838           ,0.09938               ,0.000         ,0.000         ,0.045         ,0.450         
10:03:39.553050     ,0.796       ,0.880       ,17.260      ,12.730      ,12.735      ,16.160      ,-3.449      ,-1.724      ,-0.037      ,0.001       ,-1.760      ,880.000     ,-3.449      ,12.711      ,-0.04341      ,2147483080    ,310.078         ,-20.400       ,0.071               ,-0.287              ,23921.818       ,0.03069           ,0.09552               ,0.000         ,0.000         ,0.045         ,0.448         
10:03:39.562026     ,0.803       ,0.880       ,17.244      ,12.770      ,12.742      ,16.160      ,-3.418      ,-1.709      ,-0.043      ,-0.001      ,-1.753      ,880.000     ,-3.418      ,12.742      ,-0.04349      ,2147483079    ,309.990         ,-19.600       ,0.068               ,-0.273              ,23921.818       ,0.01534           ,0.09086               ,0.000         ,0.000         ,0.045         ,0.448         
10:03:39.572016     ,0.798       ,0.880       ,17.211      ,12.840      ,12.754      ,16.160      ,-3.406      ,-1.703      ,-0.047      ,0.000       ,-1.750      ,880.000     ,-3.406      ,12.754      ,-0.04357      ,2147483078    ,309.902         ,-18.200       ,0.064               ,-0.256              ,23921.818       ,0.00767           ,0.08540               ,0.000         ,0.000         ,0.045         ,0.447         
10:03:39.582017     ,0.796       ,0.880       ,17.244      ,12.900      ,12.787      ,16.160      ,-3.374      ,-1.687      ,-0.050      ,0.001       ,-1.736      ,880.000     ,-3.374      ,12.787      ,-0.04357      ,2147483078    ,309.902         ,-17.200       ,0.060               ,-0.238              ,23921.818       ,0.00767           ,0.07937               ,0.000         ,0.000         ,0.045         ,0.447         
10:03:39.592022     ,0.796       ,0.880       ,17.244      ,13.380      ,12.897      ,16.160      ,-3.374      ,-1.687      ,-0.050      ,0.001       ,-1.736      ,880.000     ,-3.374      ,12.787      ,-0.04341      ,2147483080    ,310.078         ,-15.800       ,0.055               ,-0.238              ,23921.818       ,0.00767           ,0.07937               ,0.000         ,0.000         ,0.044         ,0.439         
10:03:39.607688     ,0.796       ,0.880       ,17.228      ,13.610      ,13.010      ,16.160      ,-3.374      ,-1.687      ,-0.050      ,0.001       ,-1.736      ,880.000     ,-3.374      ,12.787      ,-0.04326      ,2147483082    ,310.254         ,-14.200       ,0.050               ,-0.219              ,23921.820       ,0.00000           ,0.07288               ,0.000         ,0.000         ,0.043         ,0.431         
10:03:39.612018     ,0.796       ,0.880       ,17.228      ,13.790      ,13.142      ,16.160      ,-3.151      ,-1.575      ,-0.053      ,0.010       ,-1.619      ,880.000     ,-3.151      ,13.010      ,-0.04295      ,2147483086    ,310.605         ,-12.600       ,0.044               ,-0.219              ,23921.820       ,0.00000           ,0.07288               ,0.000         ,0.000         ,0.043         ,0.431         
10:03:39.627657     ,0.801       ,0.880       ,17.195      ,13.790      ,13.280      ,16.160      ,-3.018      ,-1.509      ,-0.056      ,-0.005      ,-1.570      ,880.000     ,-3.018      ,13.142      ,-0.04264      ,2147483090    ,310.957         ,-11.000       ,0.038               ,-0.176              ,23921.824       ,-0.03069          ,0.05861               ,0.000         ,0.000         ,0.042         ,0.418         
10:03:39.632024     ,0.801       ,0.880       ,17.195      ,13.950      ,13.470      ,16.160      ,-3.018      ,-1.509      ,-0.056      ,-0.005      ,-1.570      ,880.000     ,-3.018      ,13.142      ,-0.04218      ,2147483096    ,311.484         ,-9.400        ,0.033               ,-0.176              ,23921.824       ,-0.03069          ,0.05861               ,0.000         ,0.000         ,0.042         ,0.418         
10:03:39.646351     ,0.803       ,0.880       ,17.228      ,14.060      ,13.625      ,16.160      ,-2.690      ,-1.345      ,-0.059      ,0.010       ,-1.394      ,880.000     ,-2.690      ,13.470      ,-0.04172      ,2147483102    ,312.012         ,-7.600        ,0.027               ,-0.152              ,23921.828       ,-0.04601          ,0.05062               ,0.000         ,0.000         ,0.040         ,0.400         
10:03:39.652023     ,0.799       ,0.880       ,17.244      ,14.150      ,13.786      ,16.160      ,-2.536      ,-1.268      ,-0.062      ,-0.009      ,-1.338      ,880.000     ,-2.536      ,13.625      ,-0.04119      ,2147483109    ,312.627         ,-6.400        ,0.022               ,-0.127              ,23921.828       ,-0.04602          ,0.04245               ,0.000         ,0.000         ,0.040         ,0.400         
10:03:39.664812     ,0.799       ,0.880       ,17.211      ,14.140      ,13.924      ,16.160      ,-2.374      ,-1.187      ,-0.064      ,0.000       ,-1.251      ,880.000     ,-2.374      ,13.786      ,-0.04057      ,2147483117    ,313.330         ,-4.600        ,0.016               ,-0.102              ,23921.834       ,-0.05370          ,0.03413               ,0.000         ,0.000         ,0.038         ,0.385         
10:03:39.672043     ,0.799       ,0.880       ,17.244      ,14.320      ,14.082      ,16.160      ,-2.237      ,-1.118      ,-0.066      ,-0.001      ,-1.186      ,880.000     ,-2.237      ,13.924      ,-0.03996      ,2147483125    ,314.033         ,-3.400        ,0.012               ,-0.077              ,23921.834       ,-0.06137          ,0.02567               ,0.000         ,0.000         ,0.038         ,0.385         
10:03:39.682389     ,0.799       ,0.880       ,17.211      ,14.490      ,14.205      ,16.160      ,-2.079      ,-1.039      ,-0.068      ,0.001       ,-1.107      ,880.000     ,-2.079      ,14.082      ,-0.03919      ,2147483135    ,314.912         ,-1.600        ,0.006               ,-0.052              ,23921.838       ,-0.06137          ,0.01734               ,0.000         ,0.000         ,0.036         ,0.359         
10:03:39.692119     ,0.799       ,0.880       ,17.228      ,14.720      ,14.317      ,16.160      ,-1.955      ,-0.978      ,-0.070      ,-0.002      ,-1.050      ,880.000     ,-1.955      ,14.205      ,-0.03835      ,2147483146    ,315.879         ,-0.400        ,0.001               ,-0.027              ,23921.840       ,-0.07667          ,0.00898               ,0.000         ,0.000         ,0.036         ,0.359         
10:03:39.702142     ,0.799       ,0.880       ,17.228      ,14.720      ,14.394      ,16.160      ,-1.843      ,-0.921      ,-0.072      ,-0.001      ,-0.994      ,880.000     ,-1.843      ,14.317      ,-0.03751      ,2147483157    ,316.846         ,1.400         ,-0.005              ,-0.027              ,23921.846       ,-0.07667          ,0.00898               ,0.000         ,0.000         ,0.033         ,0.334         
10:03:39.712045     ,0.798       ,0.880       ,17.195      ,14.830      ,14.496      ,16.160      ,-1.664      ,-0.832      ,-0.074      ,0.003       ,-0.902      ,880.000     ,-1.664      ,14.496      ,-0.03651      ,2147483170    ,317.988         ,2.600         ,-0.009              ,-0.002              ,23921.848       ,-0.08435          ,0.00050               ,0.000         ,0.000         ,0.033         ,0.334         
10:03:39.722041     ,0.798       ,0.880       ,17.195      ,14.960      ,14.600      ,16.160      ,-1.664      ,-0.832      ,-0.074      ,0.003       ,-0.902      ,880.000     ,-1.664      ,14.496      ,-0.03551      ,2147483183    ,319.131         ,4.400         ,-0.015              ,-0.002              ,23921.854       ,-0.08435          ,0.00050               ,0.000         ,0.000         ,0.031         ,0.306         
10:03:39.739628     ,0.799       ,0.880       ,17.211      ,15.180      ,14.732      ,16.160      ,-1.664      ,-0.832      ,-0.074      ,0.003       ,-0.902      ,880.000     ,-1.664      ,14.496      ,-0.03444      ,2147483197    ,320.361         ,6.400         ,-0.022              ,0.025               ,23921.863       ,-0.09961          ,-0.00820              ,0.000         ,0.000         ,0.027         ,0.269         
10:03:39.742049     ,0.799       ,0.880       ,17.211      ,15.250      ,14.849      ,16.160      ,-1.428      ,-0.714      ,-0.075      ,0.003       ,-0.786      ,880.000     ,-1.428      ,14.732      ,-0.03329      ,2147483212    ,321.680         ,8.400         ,-0.029              ,0.025               ,23921.863       ,-0.09961          ,-0.00820              ,0.000         ,0.000         ,0.027         ,0.269         
10:03:39.759458     ,0.798       ,0.880       ,17.244      ,15.440      ,15.012      ,16.160      ,-1.148      ,-0.574      ,-0.076      ,0.002       ,-0.648      ,880.000     ,-1.148      ,15.012      ,-0.03206      ,2147483228    ,323.086         ,10.400        ,-0.036              ,0.051               ,23921.873       ,-0.10763          ,-0.01698              ,0.000         ,0.000         ,0.023         ,0.232         
10:03:39.762026     ,0.798       ,0.880       ,17.244      ,15.560      ,15.168      ,16.160      ,-1.148      ,-0.574      ,-0.076      ,0.002       ,-0.648      ,880.000     ,-1.148      ,15.012      ,-0.03076      ,2147483245    ,324.580         ,12.400        ,-0.043              ,0.051               ,23921.873       ,-0.10763          ,-0.01698              ,0.000         ,0.000         ,0.023         ,0.232         
10:03:39.779296     ,0.798       ,0.880       ,17.228      ,15.730      ,15.320      ,16.160      ,-1.148      ,-0.574      ,-0.076      ,0.002       ,-0.648      ,880.000     ,-1.148      ,15.012      ,-0.02938      ,2147483263    ,326.162         ,14.600        ,-0.051              ,0.077               ,23921.885       ,-0.12279          ,-0.02583              ,0.000         ,0.000         ,0.019         ,0.189         
10:03:39.782018     ,0.798       ,0.880       ,17.228      ,15.750      ,15.431      ,16.160      ,-0.840      ,-0.420      ,-0.077      ,0.001       ,-0.496      ,880.000     ,-0.840      ,15.320      ,-0.02800      ,2147483281    ,327.744         ,16.000        ,-0.056              ,0.077               ,23921.885       ,-0.12279          ,-0.02583              ,0.000         ,0.000         ,0.019         ,0.189         
10:03:39.800304     ,0.801       ,0.880       ,17.244      ,15.920      ,15.564      ,16.160      ,-0.840      ,-0.420      ,-0.077      ,0.001       ,-0.496      ,880.000     ,-0.840      ,15.320      ,-0.02654      ,2147483300    ,329.414         ,18.000        ,-0.063              ,0.104               ,23921.898       ,-0.13812          ,-0.03473              ,0.000         ,0.000         ,0.014         ,0.145         
10:03:39.802024     ,0.801       ,0.880       ,17.244      ,16.060      ,15.688      ,16.160      ,-0.596      ,-0.298      ,-0.078      ,-0.003      ,-0.379      ,880.000     ,-0.596      ,15.564      ,-0.02500      ,2147483320    ,331.172         ,19.400        ,-0.068              ,0.104               ,23921.898       ,-0.13812          ,-0.03473              ,0.000         ,0.000         ,0.014         ,0.145         
10:03:39.812232     ,0.799       ,0.880       ,17.244      ,16.270      ,15.830      ,16.160      ,-0.596      ,-0.298      ,-0.078      ,-0.003      ,-0.379      ,880.000     ,-0.596      ,15.564      ,-0.02347      ,2147483340    ,332.930         ,20.800        ,-0.073              ,0.131               ,23921.904       ,-0.14564          ,-0.04379              ,0.000         ,0.000         ,0.014         ,0.145         
10:03:39.822045     ,0.799       ,0.880       ,17.244      ,16.360      ,15.954      ,16.160      ,-0.331      ,-0.165      ,-0.078      ,0.001       ,-0.242      ,880.000     ,-0.331      ,15.830      ,-0.02186      ,2147483361    ,334.775         ,22.200        ,-0.077              ,0.131               ,23921.912       ,-0.14564          ,-0.04379              ,0.000         ,0.000         ,0.010         ,0.097         
10:03:39.837705     ,0.799       ,0.880       ,17.228      ,16.550      ,16.110      ,16.160      ,-0.331      ,-0.165      ,-0.078      ,0.001       ,-0.242      ,880.000     ,-0.331      ,15.830      ,-0.02017      ,2147483383    ,336.709         ,24.000        ,-0.084              ,0.159               ,23921.926       ,-0.15352          ,-0.05298              ,0.000         ,0.000         ,0.006         ,0.057         
10:03:39.842044     ,0.799       ,0.880       ,17.228      ,16.670      ,16.252      ,16.160      ,-0.050      ,-0.025      ,-0.078      ,0.001       ,-0.102      ,880.000     ,-0.050      ,16.110      ,-0.01841      ,2147483406    ,338.730         ,25.200        ,-0.088              ,0.159               ,23921.926       ,-0.15352          ,-0.05298              ,0.000         ,0.000         ,0.006         ,0.057         
10:03:39.857483     ,0.799       ,0.880       ,17.211      ,16.860      ,16.404      ,16.160      ,0.091       ,0.046       ,-0.078      ,-0.007      ,-0.039      ,880.000     ,0.091       ,16.252      ,-0.01664      ,2147483429    ,340.752         ,27.000        ,-0.094              ,0.216               ,23921.943       ,-0.17634          ,-0.07216              ,0.000         ,0.000         ,0.001         ,0.005         
10:03:39.862041     ,0.799       ,0.880       ,17.211      ,16.910      ,16.530      ,16.160      ,0.091       ,0.046       ,-0.078      ,-0.007      ,-0.039      ,880.000     ,0.091       ,16.252      ,-0.01480      ,2147483453    ,342.861         ,28.800        ,-0.101              ,0.216               ,23921.943       ,-0.17634          ,-0.07216              ,0.000         ,0.000         ,0.001         ,0.005         
10:03:39.878199     ,0.801       ,0.880       ,17.244      ,17.030      ,16.672      ,16.160      ,0.370       ,0.256       ,-0.077      ,-0.007      ,0.114       ,880.000     ,0.370       ,16.530      ,-0.01296      ,2147483477    ,344.971         ,30.600        ,-0.107              ,0.246               ,23921.959       ,-0.18401          ,-0.08206              ,0.000         ,0.000         ,-0.005        ,-0.051        
10:03:39.882024     ,0.801       ,0.880       ,17.244      ,17.190      ,16.811      ,16.160      ,0.512       ,0.256       ,-0.077      ,-0.007      ,0.172       ,880.000     ,0.512       ,16.672      ,-0.01104      ,2147483502    ,347.168         ,32.000        ,-0.112              ,0.246               ,23921.959       ,-0.18401          ,-0.08206              ,0.000         ,0.000         ,-0.005        ,-0.051        
10:03:39.897042     ,0.796       ,0.880       ,17.211      ,17.500      ,16.981      ,16.160      ,0.651       ,0.326       ,-0.076      ,-0.000      ,0.249       ,880.000     ,0.651       ,16.811      ,-0.00913      ,2147483527    ,349.365         ,33.800        ,-0.118              ,0.305               ,23921.975       ,-0.19171          ,-0.10177              ,0.000         ,0.000         ,-0.010        ,-0.102        
10:03:39.902042     ,0.799       ,0.880       ,17.228      ,17.600      ,17.124      ,16.160      ,0.821       ,0.411       ,-0.076      ,0.002       ,0.336       ,880.000     ,0.821       ,16.981      ,-0.00713      ,2147483553    ,351.650         ,35.000        ,-0.122              ,0.334               ,23921.975       ,-0.19171          ,-0.11136              ,0.000         ,0.000         ,-0.010        ,-0.102        
10:03:39.915661     ,0.801       ,0.880       ,17.211      ,17.650      ,17.265      ,16.160      ,0.964       ,0.482       ,-0.075      ,-0.001      ,0.406       ,880.000     ,0.964       ,17.124      ,-0.00514      ,2147483579    ,353.936         ,36.600        ,-0.128              ,0.362               ,23921.988       ,-0.19944          ,-0.12066              ,0.000         ,0.000         ,-0.011        ,-0.109        
10:03:39.922038     ,0.799       ,0.880       ,17.162      ,17.570      ,17.373      ,16.160      ,1.105       ,0.552       ,-0.074      ,-0.000      ,0.479       ,880.000     ,1.105       ,17.265      ,-0.00314      ,2147483605    ,356.221         ,37.400        ,-0.131              ,0.388               ,23921.988       ,-0.19950          ,-0.12949              ,0.000         ,0.000         ,-0.011        ,-0.109        
10:03:39.934490     ,0.799       ,0.880       ,17.195      ,17.420      ,17.441      ,16.160      ,1.213       ,0.607       ,-0.072      ,-0.002      ,0.533       ,880.000     ,1.213       ,17.373      ,-0.00107      ,2147483632    ,358.594         ,37.600        ,-0.131              ,0.413               ,23921.988       ,-0.19944          ,-0.13780              ,0.000         ,0.000         ,-0.009        ,-0.085        
10:03:39.942036     ,0.803       ,0.880       ,17.260      ,17.390      ,17.467      ,16.160      ,1.281       ,0.640       ,-0.071      ,-0.002      ,0.567       ,880.000     ,1.281       ,17.441      ,0.00107       ,12            ,1.055           ,37.400        ,-0.131              ,0.437               ,23921.988       ,-0.20682          ,-0.14567              ,0.000         ,0.000         ,-0.009        ,-0.085        
10:03:39.952341     ,0.799       ,0.880       ,17.244      ,17.650      ,17.531      ,16.160      ,1.307       ,0.654       ,-0.070      ,-0.002      ,0.582       ,880.000     ,1.307       ,17.467      ,0.00314       ,39            ,3.428           ,36.000        ,-0.126              ,0.459               ,23921.988       ,-0.21491          ,-0.15304              ,0.000         ,0.000         ,-0.011        ,-0.105        
10:03:39.962032     ,0.801       ,0.880       ,17.244      ,17.850      ,17.599      ,16.160      ,1.371       ,0.685       ,-0.068      ,0.002       ,0.619       ,880.000     ,1.371       ,17.531      ,0.00529       ,67            ,5.889           ,34.200        ,-0.119              ,0.479               ,23921.988       ,-0.20701          ,-0.15976              ,0.000         ,0.000         ,-0.011        ,-0.105        
10:03:39.972364     ,0.801       ,0.880       ,17.244      ,18.340      ,17.729      ,16.160      ,1.438       ,0.719       ,-0.067      ,0.000       ,0.652       ,880.000     ,1.438       ,17.599      ,0.00744       ,95            ,8.350           ,31.800        ,-0.111              ,0.479               ,23921.996       ,-0.20701          ,-0.15976              ,0.000         ,0.000         ,-0.018        ,-0.184        
10:03:39.991764     ,0.798       ,0.880       ,17.179      ,18.460      ,17.861      ,16.160      ,1.701       ,0.850       ,-0.065      ,0.010       ,0.795       ,880.000     ,1.701       ,17.861      ,0.00951       ,122           ,10.723          ,30.800        ,-0.108              ,0.498               ,23922.014       ,-0.21476          ,-0.16594              ,0.000         ,0.000         ,0.795         ,-0.249        
10:03:39.992259     ,0.798       ,0.880       ,17.179      ,18.430      ,17.977      ,16.160      ,1.701       ,0.850       ,-0.065      ,0.010       ,0.795       ,880.000     ,1.701       ,17.861      ,0.01166       ,150           ,13.184          ,29.800        ,-0.104              ,0.498               ,23922.014       ,-0.21476          ,-0.16594              ,0.000         ,0.000         ,-0.025        ,-0.249        
10:03:40.002153     ,0.803       ,0.880       ,17.244      ,18.420      ,18.072      ,16.160      ,1.701       ,0.850       ,-0.065      ,0.010       ,0.795       ,880.000     ,1.701       ,17.861      ,0.01373       ,177           ,15.557          ,30.000        ,-0.105              ,0.515               ,23922.021       ,-0.20763          ,-0.17154              ,0.000         ,0.000         ,-0.025        ,-0.249        
10:03:40.012370     ,0.803       ,0.880       ,17.244      ,18.660      ,18.227      ,16.160      ,1.912       ,0.956       ,-0.063      ,-0.003      ,0.890       ,880.000     ,1.912       ,18.072      ,0.01580       ,204           ,17.930          ,31.000        ,-0.108              ,0.515               ,23922.039       ,-0.20763          ,-0.17154              ,0.000         ,0.000         ,-0.030        ,-0.298        
10:03:40.022042     ,0.798       ,0.880       ,17.244      ,18.710      ,18.345      ,16.160      ,2.184       ,1.092       ,-0.061      ,0.003       ,1.034       ,880.000     ,2.184       ,18.345      ,0.01779       ,230           ,20.215          ,32.600        ,-0.114              ,0.530               ,23922.039       ,-0.20705          ,-0.17654              ,0.000         ,0.000         ,-0.030        ,-0.298        
10:03:40.032385     ,0.798       ,0.880       ,17.244      ,18.750      ,18.481      ,16.160      ,2.184       ,1.092       ,-0.061      ,0.003       ,1.034       ,880.000     ,2.184       ,18.345      ,0.01971       ,255           ,22.412          ,34.000        ,-0.119              ,0.530               ,23922.049       ,-0.20705          ,-0.17654              ,0.000         ,0.000         ,-0.035        ,-0.348        
10:03:40.049184     ,0.803       ,0.880       ,17.244      ,18.840      ,18.634      ,16.160      ,2.184       ,1.092       ,-0.061      ,0.003       ,1.034       ,880.000     ,2.184       ,18.345      ,0.02155       ,279           ,24.521          ,35.800        ,-0.125              ,0.543               ,23922.064       ,-0.19956          ,-0.18090              ,0.000         ,0.000         ,-0.039        ,-0.390        
10:03:40.052510     ,0.803       ,0.880       ,17.244      ,19.130      ,18.802      ,16.160      ,2.474       ,1.237       ,-0.059      ,0.001       ,1.179       ,880.000     ,2.474       ,18.634      ,0.02332       ,302           ,26.543          ,37.600        ,-0.131              ,0.543               ,23922.064       ,-0.19956          ,-0.18090              ,0.000         ,0.000         ,-0.039        ,-0.390        
10:03:40.067899     ,0.801       ,0.880       ,17.228      ,19.240      ,18.898      ,16.160      ,2.474       ,1.237       ,-0.059      ,0.001       ,1.179       ,880.000     ,2.474       ,18.634      ,0.02493       ,323           ,28.389          ,38.800        ,-0.135              ,0.553               ,23922.078       ,-0.18399          ,-0.18437              ,0.000         ,0.000         ,-0.042        ,-0.420        
10:03:40.072493     ,0.801       ,0.880       ,17.228      ,19.300      ,18.975      ,16.160      ,2.738       ,1.369       ,-0.056      ,-0.001      ,1.312       ,880.000     ,2.738       ,18.898      ,0.02654       ,344           ,30.234          ,40.000        ,-0.140              ,0.553               ,23922.078       ,-0.18399          ,-0.18437              ,0.000         ,0.000         ,-0.042        ,-0.420        
10:03:40.086745     ,0.803       ,0.880       ,17.211      ,19.250      ,19.039      ,16.160      ,2.815       ,1.407       ,-0.053      ,-0.009      ,1.345       ,880.000     ,2.815       ,18.975      ,0.02792       ,362           ,31.816          ,40.600        ,-0.142              ,0.565               ,23922.092       ,-0.16109          ,-0.18820              ,0.000         ,0.000         ,-0.045        ,-0.450        
10:03:40.092474     ,0.803       ,0.880       ,17.211      ,19.150      ,19.089      ,16.160      ,2.815       ,1.407       ,-0.053      ,-0.009      ,1.345       ,880.000     ,2.815       ,18.975      ,0.02922       ,379           ,33.311          ,40.800        ,-0.142              ,0.565               ,23922.092       ,-0.16109          ,-0.18820              ,0.000         ,0.000         ,-0.045        ,-0.450        
10:03:40.104401     ,0.801       ,0.880       ,17.211      ,19.200      ,19.127      ,16.160      ,2.929       ,1.465       ,-0.050      ,0.002       ,1.416       ,880.000     ,2.929       ,19.089      ,0.03037       ,394           ,34.629          ,40.600        ,-0.142              ,0.565               ,23922.102       ,-0.13017          ,-0.18828              ,0.000         ,0.000         ,-0.047        ,-0.474        
10:03:40.112470     ,0.801       ,0.880       ,17.228      ,19.440      ,19.210      ,16.160      ,2.967       ,1.483       ,-0.047      ,-0.004      ,1.432       ,880.000     ,2.967       ,19.127      ,0.03037       ,394           ,34.629          ,40.200        ,-0.140              ,0.561               ,23922.104       ,-0.11522          ,-0.18685              ,0.000         ,0.000         ,-0.047        ,-0.474        
10:03:40.122023     ,0.801       ,0.880       ,17.228      ,19.490      ,19.283      ,16.160      ,3.049       ,1.525       ,-0.044      ,0.002       ,1.483       ,880.000     ,3.049       ,19.210      ,0.03221       ,418           ,36.738          ,39.400        ,-0.138              ,0.553               ,23922.105       ,-0.11522          ,-0.18426              ,0.000         ,0.000         ,-0.049        ,-0.486        
10:03:40.132028     ,0.803       ,0.880       ,17.211      ,19.440      ,19.338      ,16.160      ,3.123       ,1.561       ,-0.041      ,-0.000      ,1.520       ,880.000     ,3.123       ,19.283      ,0.03290       ,427           ,37.529          ,38.600        ,-0.135              ,0.541               ,23922.107       ,-0.09204          ,-0.18021              ,0.000         ,0.000         ,-0.049        ,-0.486        
10:03:40.142037     ,0.803       ,0.880       ,17.211      ,19.370      ,19.380      ,16.160      ,3.178       ,1.589       ,-0.038      ,-0.001      ,1.550       ,880.000     ,3.178       ,19.338      ,0.03336       ,433           ,38.057          ,37.400        ,-0.131              ,0.541               ,23922.111       ,-0.09204          ,-0.18021              ,0.000         ,0.000         ,-0.049        ,-0.493        
10:03:40.158343     ,0.801       ,0.880       ,17.195      ,19.270      ,19.382      ,16.160      ,3.178       ,1.589       ,-0.038      ,-0.001      ,1.550       ,880.000     ,3.178       ,19.338      ,0.03375       ,438           ,38.496          ,35.800        ,-0.125              ,0.524               ,23922.113       ,-0.06904          ,-0.17470              ,0.000         ,0.000         ,-0.049        ,-0.490        
10:03:40.162031     ,0.801       ,0.880       ,17.195      ,19.180      ,19.332      ,16.160      ,3.222       ,1.611       ,-0.035      ,-0.001      ,1.576       ,880.000     ,3.222       ,19.382      ,0.03390       ,440           ,38.672          ,34.200        ,-0.119              ,0.524               ,23922.113       ,-0.06904          ,-0.17470              ,0.000         ,0.000         ,-0.049        ,-0.490        
10:03:40.175885     ,0.798       ,0.880       ,17.211      ,18.920      ,19.248      ,16.160      ,3.171       ,1.586       ,-0.031      ,-0.005      ,1.550       ,880.000     ,3.171       ,19.332      ,0.03390       ,440           ,38.672          ,32.000        ,-0.112              ,0.476               ,23922.111       ,-0.01535          ,-0.15858              ,0.000         ,0.000         ,-0.048        ,-0.479        
10:03:40.182018     ,0.798       ,0.880       ,17.211      ,18.730      ,19.158      ,16.160      ,3.171       ,1.586       ,-0.031      ,-0.005      ,1.550       ,880.000     ,3.171       ,19.332      ,0.03375       ,438           ,38.496          ,29.800        ,-0.104              ,0.476               ,23922.111       ,-0.01535          ,-0.15858              ,0.000         ,0.000         ,-0.048        ,-0.479        
10:03:40.195607     ,0.798       ,0.880       ,17.211      ,18.400      ,19.025      ,16.160      ,3.171       ,1.586       ,-0.031      ,-0.005      ,1.550       ,880.000     ,3.171       ,19.332      ,0.03336       ,433           ,38.057          ,27.000        ,-0.094              ,0.476               ,23922.109       ,-0.01535          ,-0.15858              ,0.000         ,0.000         ,-0.046        ,-0.465        
10:03:40.202034     ,0.799       ,0.880       ,17.244      ,18.320      ,18.885      ,16.160      ,2.725       ,1.362       ,-0.026      ,0.008       ,1.345       ,880.000     ,2.725       ,18.885      ,0.03290       ,427           ,37.529          ,25.000        ,-0.087              ,0.443               ,23922.109       ,0.03838           ,-0.14768              ,0.000         ,0.000         ,-0.046        ,-0.465        
10:03:40.215636     ,0.801       ,0.880       ,17.195      ,18.320      ,18.734      ,16.160      ,2.725       ,1.362       ,-0.026      ,0.008       ,1.345       ,880.000     ,2.725       ,18.885      ,0.03221       ,418           ,36.738          ,21.800        ,-0.076              ,0.406               ,23922.104       ,0.04600           ,-0.13531              ,0.000         ,0.000         ,-0.044        ,-0.437        
10:03:40.222137     ,0.801       ,0.880       ,17.195      ,18.090      ,18.557      ,16.160      ,2.725       ,1.362       ,-0.026      ,0.008       ,1.345       ,880.000     ,2.725       ,18.885      ,0.03152       ,409           ,35.947          ,19.600        ,-0.068              ,0.406               ,23922.104       ,0.04600           ,-0.13531              ,0.000         ,0.000         ,-0.044        ,-0.437        
10:03:40.234490     ,0.801       ,0.880       ,17.244      ,17.910      ,18.363      ,16.160      ,2.397       ,1.198       ,-0.024      ,-0.009      ,1.166       ,880.000     ,2.397       ,18.557      ,0.03060       ,397           ,34.893          ,16.200        ,-0.057              ,0.364               ,23922.096       ,0.06891           ,-0.12134              ,0.000         ,0.000         ,-0.041        ,-0.405        
10:03:40.242027     ,0.796       ,0.880       ,17.244      ,17.740      ,18.194      ,16.160      ,2.034       ,1.017       ,-0.019      ,0.001       ,0.999       ,880.000     ,2.034       ,18.194      ,0.02961       ,384           ,33.750          ,13.800        ,-0.048              ,0.318               ,23922.096       ,0.09217           ,-0.10614              ,0.000         ,0.000         ,-0.041        ,-0.405        
10:03:40.256716     ,0.803       ,0.880       ,17.195      ,17.900      ,18.070      ,16.160      ,2.034       ,1.017       ,-0.019      ,0.001       ,0.999       ,880.000     ,2.034       ,18.194      ,0.02853       ,370           ,32.520          ,10.000        ,-0.035              ,0.270               ,23922.086       ,0.09967           ,-0.08999              ,0.000         ,0.000         ,-0.037        ,-0.366        
10:03:40.262075     ,0.803       ,0.880       ,17.195      ,17.870      ,17.947      ,16.160      ,1.910       ,0.955       ,-0.017      ,0.002       ,0.940       ,880.000     ,1.910       ,18.070      ,0.02730       ,354           ,31.113          ,7.400         ,-0.026              ,0.270               ,23922.086       ,0.09967           ,-0.08999              ,0.000         ,0.000         ,-0.037        ,-0.366        
10:03:40.275336     ,0.798       ,0.880       ,17.244      ,17.720      ,17.855      ,16.160      ,1.786       ,0.893       ,-0.016      ,0.000       ,0.878       ,880.000     ,1.786       ,17.947      ,0.02608       ,338           ,29.707          ,3.600         ,-0.013              ,0.166               ,23922.074       ,0.12278           ,-0.05520              ,0.000         ,0.000         ,-0.033        ,-0.333        
10:03:40.282025     ,0.801       ,0.880       ,17.244      ,17.380      ,17.751      ,16.160      ,1.590       ,0.795       ,-0.012      ,-0.001      ,0.782       ,880.000     ,1.590       ,17.751      ,0.02470       ,320           ,28.125          ,1.000         ,-0.003              ,0.112               ,23922.074       ,0.12276           ,-0.03725              ,0.000         ,0.000         ,-0.033        ,-0.333        
10:03:40.294050     ,0.799       ,0.880       ,17.228      ,17.300      ,17.680      ,16.160      ,1.590       ,0.795       ,-0.012      ,-0.001      ,0.782       ,880.000     ,1.590       ,17.751      ,0.02332       ,302           ,26.543          ,-2.600        ,0.009               ,0.058               ,23922.061       ,0.13792           ,-0.01936              ,0.000         ,0.000         ,-0.029        ,-0.286        
10:03:40.302030     ,0.801       ,0.880       ,17.211      ,17.240      ,17.573      ,16.160      ,1.520       ,0.760       ,-0.011      ,0.002       ,0.751       ,880.000     ,1.520       ,17.680      ,0.02178       ,282           ,24.785          ,-4.800        ,0.017               ,0.006               ,23922.061       ,0.13805           ,-0.00184              ,0.000         ,0.000         ,-0.029        ,-0.286        
10:03:40.313738     ,0.803       ,0.880       ,17.244      ,17.120      ,17.454      ,16.160      ,1.413       ,0.647       ,-0.008      ,-0.001      ,0.695       ,880.000     ,1.413       ,17.573      ,0.02025       ,262           ,23.027          ,-8.200        ,0.029               ,-0.044              ,23922.049       ,0.15349           ,0.01477               ,0.000         ,0.000         ,-0.025        ,-0.245        
10:03:40.322203     ,0.796       ,0.880       ,17.244      ,16.910      ,17.320      ,16.160      ,1.294       ,0.647       ,-0.008      ,-0.001      ,0.638       ,880.000     ,1.294       ,17.454      ,0.01871       ,242           ,21.270          ,-10.400       ,0.036               ,-0.092              ,23922.039       ,0.15322           ,0.03050               ,0.000         ,0.000         ,-0.025        ,-0.245        
10:03:40.332280     ,0.801       ,0.880       ,17.162      ,16.920      ,17.234      ,16.160      ,1.160       ,0.580       ,-0.007      ,-0.001      ,0.572       ,880.000     ,1.160       ,17.320      ,0.01710       ,221           ,19.424          ,-13.400       ,0.047               ,-0.135              ,23922.033       ,0.15363           ,0.04514               ,0.000         ,0.000         ,-0.020        ,-0.196        
10:03:40.342038     ,0.799       ,0.880       ,17.244      ,16.900      ,17.130      ,16.160      ,0.970       ,0.485       ,-0.005      ,-0.001      ,0.479       ,880.000     ,0.970       ,17.130      ,0.01549       ,200           ,17.578          ,-15.400       ,0.054               ,-0.176              ,23922.033       ,0.16091           ,0.05862               ,0.000         ,0.000         ,-0.020        ,-0.196        
10:03:40.352029     ,0.798       ,0.880       ,17.195      ,16.740      ,16.996      ,16.160      ,0.970       ,0.485       ,-0.005      ,-0.001      ,0.479       ,880.000     ,0.970       ,17.130      ,0.01388       ,179           ,15.732          ,-18.200       ,0.064               ,-0.213              ,23922.023       ,0.16107           ,0.07099               ,0.000         ,0.000         ,-0.015        ,-0.155        
10:03:40.362026     ,0.803       ,0.880       ,17.195      ,16.310      ,16.818      ,16.160      ,0.658       ,0.329       ,-0.003      ,-0.002      ,0.323       ,880.000     ,0.658       ,16.818      ,0.01227       ,158           ,13.887          ,-19.800       ,0.069               ,-0.247              ,23922.020       ,0.16125           ,0.08232               ,0.000         ,0.000         ,-0.015        ,-0.155        
10:03:40.372971     ,0.799       ,0.880       ,17.260      ,16.210      ,16.688      ,16.160      ,0.658       ,0.329       ,-0.003      ,-0.002      ,0.323       ,880.000     ,0.658       ,16.818      ,0.01066       ,137           ,12.041          ,-22.200       ,0.077               ,-0.278              ,23922.004       ,0.16105           ,0.09252               ,0.000         ,0.000         ,-0.010        ,-0.104        
10:03:40.382033     ,0.798       ,0.880       ,17.244      ,16.210      ,16.566      ,16.160      ,0.406       ,0.203       ,-0.002      ,0.000       ,0.201       ,880.000     ,0.406       ,16.566      ,0.00897       ,115           ,10.107          ,-23.800       ,0.083               ,-0.305              ,23922.004       ,0.16112           ,0.10177               ,0.000         ,0.000         ,-0.010        ,-0.104        
10:03:40.392874     ,0.796       ,0.880       ,17.228      ,16.130      ,16.434      ,16.160      ,0.406       ,0.203       ,-0.002      ,0.000       ,0.201       ,880.000     ,0.406       ,16.566      ,0.00736       ,94            ,8.262           ,-26.000       ,0.091               ,-0.330              ,23921.990       ,0.16869           ,0.11009               ,0.000         ,0.000         ,-0.006        ,-0.061        
10:03:40.402027     ,0.799       ,0.880       ,17.228      ,15.870      ,16.280      ,16.160      ,0.120       ,0.060       ,-0.002      ,-0.001      ,0.057       ,880.000     ,0.120       ,16.280      ,0.00575       ,73            ,6.416           ,-27.400       ,0.096               ,-0.353              ,23921.990       ,0.16102           ,0.11751               ,0.000         ,0.000         ,-0.006        ,-0.061        
10:03:40.412790     ,0.803       ,0.880       ,17.211      ,15.810      ,16.182      ,16.160      ,0.120       ,0.060       ,-0.002      ,-0.001      ,0.057       ,880.000     ,0.120       ,16.280      ,0.00414       ,52            ,4.570           ,-29.400       ,0.103               ,-0.372              ,23921.977       ,0.16109           ,0.12393               ,0.000         ,0.000         ,-0.002        ,-0.022        
10:03:40.422218     ,0.799       ,0.880       ,17.211      ,15.720      ,16.062      ,16.160      ,0.022       ,0.011       ,-0.002      ,0.003       ,0.012       ,880.000     ,0.022       ,16.182      ,0.00261       ,32            ,2.812           ,-30.600       ,0.107               ,-0.389              ,23921.977       ,0.16107           ,0.12950               ,0.000         ,0.000         ,-0.002        ,-0.022        
10:03:40.433478     ,0.796       ,0.880       ,17.244      ,15.620      ,15.916      ,16.160      ,-0.098      ,-0.049      ,-0.002      ,-0.001      ,-0.052      ,880.000     ,-0.098      ,16.062      ,0.00261       ,32            ,2.812           ,-32.000       ,0.112               ,-0.403              ,23921.963       ,0.15348           ,0.13424               ,0.000         ,0.000         ,0.002         ,0.018         
10:03:40.442037     ,0.798       ,0.880       ,17.244      ,15.340      ,15.746      ,16.160      ,-0.414      ,-0.207      ,-0.003      ,-0.001      ,-0.211      ,880.000     ,-0.414      ,15.746      ,-0.00038      ,2147483641    ,359.385         ,-32.800       ,0.114               ,-0.414              ,23921.963       ,0.15348           ,0.13815               ,0.000         ,0.000         ,0.002         ,0.018         
10:03:40.454545     ,0.799       ,0.880       ,17.244      ,15.260      ,15.628      ,16.160      ,-0.414      ,-0.207      ,-0.003      ,-0.001      ,-0.211      ,880.000     ,-0.414      ,15.746      ,-0.00176      ,2147483623    ,357.803         ,-33.800       ,0.118               ,-0.424              ,23921.951       ,0.14950           ,0.14131               ,0.000         ,0.000         ,0.006         ,0.056         
10:03:40.462030     ,0.801       ,0.880       ,17.228      ,15.130      ,15.503      ,16.160      ,-0.657      ,-0.329      ,-0.004      ,-0.000      ,-0.333      ,880.000     ,-0.657      ,15.503      ,-0.00307      ,2147483606    ,356.309         ,-34.200       ,0.119               ,-0.431              ,23921.951       ,0.13817           ,0.14364               ,0.000         ,0.000         ,0.006         ,0.056         
10:03:40.474732     ,0.799       ,0.880       ,17.228      ,15.080      ,15.387      ,16.160      ,-0.657      ,-0.329      ,-0.004      ,-0.000      ,-0.333      ,880.000     ,-0.657      ,15.503      ,-0.00437      ,2147483589    ,354.814         ,-34.600       ,0.121               ,-0.435              ,23921.941       ,0.13032           ,0.14516               ,0.000         ,0.000         ,0.008         ,0.083         
10:03:40.482050     ,0.799       ,0.880       ,17.244      ,15.070      ,15.281      ,16.160      ,-0.880      ,-0.440      ,-0.006      ,0.001       ,-0.445      ,880.000     ,-0.880      ,15.281      ,-0.00552      ,2147483574    ,353.496         ,-34.800       ,0.121               ,-0.438              ,23921.941       ,0.13003           ,0.14599               ,0.000         ,0.000         ,0.008         ,0.083         
10:03:40.493713     ,0.801       ,0.880       ,17.260      ,15.080      ,15.214      ,16.160      ,-0.880      ,-0.473      ,-0.007      ,0.002       ,-0.445      ,880.000     ,-0.880      ,15.281      ,-0.00660      ,2147483560    ,352.266         ,-34.600       ,0.121               ,-0.438              ,23921.934       ,0.11533           ,0.14589               ,0.000         ,0.000         ,0.009         ,0.093         
10:03:40.502026     ,0.801       ,0.880       ,17.244      ,15.010      ,15.133      ,16.160      ,-1.028      ,-0.514      ,-0.008      ,-0.001      ,-0.522      ,880.000     ,-1.028      ,15.133      ,-0.00759      ,2147483547    ,351.123         ,-34.200       ,0.119               ,-0.435              ,23921.934       ,0.10735           ,0.14501               ,0.000         ,0.000         ,0.009         ,0.093         
10:03:40.513339     ,0.801       ,0.880       ,17.195      ,15.000      ,15.072      ,16.160      ,-1.028      ,-0.514      ,-0.008      ,-0.001      ,-0.522      ,880.000     ,-1.028      ,15.133      ,-0.00851      ,2147483535    ,350.068         ,-33.200       ,0.116               ,-0.430              ,23921.934       ,0.09972           ,0.14333               ,0.000         ,0.000         ,0.008         ,0.079         
10:03:40.522028     ,0.799       ,0.880       ,17.260      ,15.180      ,15.057      ,16.160      ,-1.104      ,-0.552      ,-0.010      ,0.002       ,-0.559      ,880.000     ,-1.104      ,15.057      ,-0.00936      ,2147483524    ,349.102         ,-32.200       ,0.112               ,-0.423              ,23921.934       ,0.09212           ,0.14088               ,0.000         ,0.000         ,0.008         ,0.079         
10:03:40.532034     ,0.799       ,0.880       ,17.211      ,15.250      ,15.061      ,16.160      ,-1.099      ,-0.550      ,-0.011      ,0.001       ,-0.559      ,880.000     ,-1.099      ,15.061      ,-0.01020      ,2147483513    ,348.135         ,-30.200       ,0.105               ,-0.413              ,23921.934       ,0.08440           ,0.13775               ,0.000         ,0.000         ,0.008         ,0.080         
10:03:40.542182     ,0.798       ,0.880       ,17.260      ,15.140      ,15.057      ,16.160      ,-1.099      ,-0.550      ,-0.011      ,0.001       ,-0.559      ,880.000     ,-1.099      ,15.061      ,-0.01089      ,2147483504    ,347.344         ,-28.600       ,0.100               ,-0.402              ,23921.934       ,0.08433           ,0.13406               ,0.000         ,0.000         ,0.008         ,0.080         
10:03:40.552029     ,0.798       ,0.880       ,17.260      ,15.100      ,15.079      ,16.160      ,-1.103      ,-0.552      ,-0.012      ,-0.000      ,-0.564      ,880.000     ,-1.103      ,15.057      ,-0.01158      ,2147483495    ,346.553         ,-26.200       ,0.091               ,-0.402              ,23921.934       ,0.08433           ,0.13406               ,0.000         ,0.000         ,0.008         ,0.077         
10:03:40.567840     ,0.799       ,0.880       ,17.244      ,15.260      ,15.140      ,16.160      ,-1.103      ,-0.552      ,-0.012      ,-0.000      ,-0.564      ,880.000     ,-1.103      ,15.057      ,-0.01212      ,2147483488    ,345.938         ,-23.800       ,0.083               ,-0.389              ,23921.934       ,0.06895           ,0.12971               ,0.000         ,0.000         ,0.008         ,0.080         
10:03:40.572027     ,0.799       ,0.880       ,17.244      ,15.300      ,15.173      ,16.160      ,-1.020      ,-0.510      ,-0.013      ,0.004       ,-0.519      ,880.000     ,-1.020      ,15.140      ,-0.01266      ,2147483481    ,345.322         ,-21.400       ,0.075               ,-0.389              ,23921.934       ,0.06895           ,0.12971               ,0.000         ,0.000         ,0.008         ,0.080         
10:03:40.586620     ,0.803       ,0.880       ,17.244      ,15.130      ,15.166      ,16.160      ,-1.020      ,-0.510      ,-0.013      ,0.004       ,-0.519      ,880.000     ,-1.020      ,15.140      ,-0.01312      ,2147483475    ,344.795         ,-19.200       ,0.067               ,-0.374              ,23921.934       ,0.05367           ,0.12475               ,0.000         ,0.000         ,0.008         ,0.077         
10:03:40.592141     ,0.803       ,0.880       ,17.244      ,15.090      ,15.178      ,16.160      ,-0.994      ,-0.497      ,-0.014      ,-0.003      ,-0.514      ,880.000     ,-0.994      ,15.166      ,-0.01350      ,2147483470    ,344.355         ,-17.000       ,0.059               ,-0.374              ,23921.934       ,0.05367           ,0.12475               ,0.000         ,0.000         ,0.008         ,0.077         
10:03:40.605364     ,0.801       ,0.880       ,17.244      ,15.250      ,15.216      ,16.160      ,-0.982      ,-0.491      ,-0.015      ,-0.001      ,-0.507      ,880.000     ,-0.982      ,15.178      ,-0.01381      ,2147483466    ,344.004         ,-15.200       ,0.053               ,-0.340              ,23921.934       ,0.03845           ,0.11322               ,0.000         ,0.000         ,0.008         ,0.080         
10:03:40.612038     ,0.801       ,0.880       ,17.244      ,15.270      ,15.211      ,16.160      ,-0.982      ,-0.491      ,-0.015      ,-0.001      ,-0.507      ,880.000     ,-0.982      ,15.178      ,-0.01404      ,2147483463    ,343.740         ,-14.000       ,0.049               ,-0.340              ,23921.934       ,0.03845           ,0.11322               ,0.000         ,0.000         ,0.008         ,0.080         
10:03:40.625124     ,0.803       ,0.880       ,17.244      ,15.100      ,15.169      ,16.160      ,-0.949      ,-0.474      ,-0.016      ,0.001       ,-0.489      ,880.000     ,-0.949      ,15.211      ,-0.01419      ,2147483461    ,343.564         ,-12.400       ,0.043               ,-0.320              ,23921.934       ,0.02301           ,0.10671               ,0.000         ,0.000         ,0.007         ,0.075         
10:03:40.632036     ,0.798       ,0.880       ,17.228      ,15.070      ,15.160      ,16.160      ,-0.992      ,-0.496      ,-0.017      ,-0.004      ,-0.517      ,880.000     ,-0.992      ,15.169      ,-0.01434      ,2147483459    ,343.389         ,-11.600       ,0.040               ,-0.299              ,23921.934       ,0.01534           ,0.09979               ,0.000         ,0.000         ,0.007         ,0.075         
10:03:40.647163     ,0.798       ,0.880       ,17.244      ,15.140      ,15.168      ,16.160      ,-1.001      ,-0.500      ,-0.018      ,0.002       ,-0.517      ,880.000     ,-1.001      ,15.160      ,-0.01434      ,2147483459    ,343.389         ,-10.400       ,0.036               ,-0.278              ,23921.934       ,0.01533           ,0.09264               ,0.000         ,0.000         ,0.007         ,0.072         
10:03:40.652132     ,0.798       ,0.880       ,17.244      ,15.190      ,15.151      ,16.160      ,-0.993      ,-0.496      ,-0.019      ,0.001       ,-0.514      ,880.000     ,-0.993      ,15.168      ,-0.01434      ,2147483459    ,343.389         ,-9.600        ,0.034               ,-0.278              ,23921.934       ,0.01533           ,0.09264               ,0.000         ,0.000         ,0.007         ,0.072         
10:03:40.665696     ,0.799       ,0.880       ,17.211      ,15.390      ,15.168      ,16.160      ,-1.009      ,-0.505      ,-0.020      ,-0.001      ,-0.526      ,880.000     ,-1.009      ,15.151      ,-0.01427      ,2147483460    ,343.477         ,-8.400        ,0.029               ,-0.233              ,23921.934       ,0.00000           ,0.07758               ,0.000         ,0.000         ,0.007         ,0.074         
10:03:40.672029     ,0.798       ,0.880       ,17.260      ,15.530      ,15.233      ,16.160      ,-0.992      ,-0.496      ,-0.021      ,0.002       ,-0.515      ,880.000     ,-0.992      ,15.168      ,-0.01419      ,2147483461    ,343.564         ,-7.600        ,0.027               ,-0.209              ,23921.934       ,-0.00767          ,0.06974               ,0.000         ,0.000         ,0.007         ,0.074         
10:03:40.685379     ,0.801       ,0.880       ,17.244      ,15.650      ,15.311      ,16.160      ,-0.928      ,-0.464      ,-0.022      ,0.002       ,-0.483      ,880.000     ,-0.928      ,15.233      ,-0.01396      ,2147483464    ,343.828         ,-6.600        ,0.023               ,-0.186              ,23921.936       ,-0.00768          ,0.06192               ,0.000         ,0.000         ,0.007         ,0.069         
10:03:40.692033     ,0.799       ,0.880       ,17.244      ,15.650      ,15.377      ,16.160      ,-0.849      ,-0.424      ,-0.023      ,0.001       ,-0.446      ,880.000     ,-0.849      ,15.311      ,-0.01373      ,2147483467    ,344.092         ,-6.000        ,0.021               ,-0.162              ,23921.936       ,-0.02300          ,0.05413               ,0.000         ,0.000         ,0.007         ,0.069         
10:03:40.705204     ,0.799       ,0.880       ,17.244      ,15.720      ,15.462      ,16.160      ,-0.784      ,-0.392      ,-0.023      ,-0.001      ,-0.416      ,880.000     ,-0.784      ,15.377      ,-0.01350      ,2147483470    ,344.355         ,-5.000        ,0.017               ,-0.139              ,23921.939       ,-0.02299          ,0.04647               ,0.000         ,0.000         ,0.006         ,0.058         
10:03:40.712024     ,0.799       ,0.880       ,17.244      ,15.780      ,15.541      ,16.160      ,-0.699      ,-0.349      ,-0.024      ,0.001       ,-0.372      ,880.000     ,-0.699      ,15.462      ,-0.01319      ,2147483474    ,344.707         ,-4.400        ,0.015               ,-0.117              ,23921.939       ,-0.02302          ,0.03904               ,0.000         ,0.000         ,0.006         ,0.058         
10:03:40.726270     ,0.801       ,0.880       ,17.244      ,15.810      ,15.622      ,16.160      ,-0.619      ,-0.309      ,-0.025      ,-0.000      ,-0.334      ,880.000     ,-0.619      ,15.541      ,-0.01289      ,2147483478    ,345.059         ,-3.400        ,0.012               ,-0.096              ,23921.943       ,-0.03068          ,0.03192               ,0.000         ,0.000         ,0.005         ,0.048         
10:03:40.732022     ,0.798       ,0.880       ,17.244      ,15.830      ,15.695      ,16.160      ,-0.538      ,-0.269      ,-0.025      ,0.000       ,-0.294      ,880.000     ,-0.538      ,15.622      ,-0.01258      ,2147483482    ,345.410         ,-2.600        ,0.009               ,-0.076              ,23921.943       ,-0.03068          ,0.02518               ,0.000         ,0.000         ,0.005         ,0.048         
10:03:40.744946     ,0.796       ,0.880       ,17.244      ,16.010      ,15.797      ,16.160      ,-0.465      ,-0.233      ,-0.026      ,-0.000      ,-0.259      ,880.000     ,-0.465      ,15.695      ,-0.01220      ,2147483487    ,345.850         ,-1.400        ,0.005               ,-0.056              ,23921.943       ,-0.03069          ,0.01875               ,0.000         ,0.000         ,0.004         ,0.037         
10:03:40.752028     ,0.796       ,0.880       ,17.244      ,16.140      ,15.886      ,16.160      ,-0.364      ,-0.182      ,-0.026      ,0.001       ,-0.207      ,880.000     ,-0.364      ,15.797      ,-0.01181      ,2147483492    ,346.289         ,-0.600        ,0.002               ,-0.038              ,23921.943       ,-0.03831          ,0.01272               ,0.000         ,0.000         ,0.004         ,0.037         
10:03:40.764832     ,0.801       ,0.880       ,17.244      ,16.160      ,15.948      ,16.160      ,-0.274      ,-0.137      ,-0.026      ,-0.001      ,-0.164      ,880.000     ,-0.274      ,15.886      ,-0.01150      ,2147483496    ,346.641         ,0.400         ,-0.001              ,-0.021              ,23921.947       ,-0.03840          ,0.00701               ,0.000         ,0.000         ,0.003         ,0.027         
10:03:40.772055     ,0.799       ,0.880       ,17.277      ,16.120      ,15.992      ,16.160      ,-0.212      ,-0.106      ,-0.027      ,-0.001      ,-0.134      ,880.000     ,-0.212      ,15.948      ,-0.01112      ,2147483501    ,347.080         ,1.000         ,-0.003              ,-0.005              ,23921.949       ,-0.03066          ,0.00182               ,0.000         ,0.000         ,0.003         ,0.027         
10:03:40.784541     ,0.799       ,0.880       ,17.244      ,16.080      ,16.031      ,16.160      ,-0.169      ,-0.084      ,-0.027      ,-0.001      ,-0.112      ,880.000     ,-0.169      ,15.992      ,-0.01074      ,2147483506    ,347.520         ,2.000         ,-0.007              ,0.009               ,23921.951       ,-0.03838          ,-0.00305              ,0.000         ,0.000         ,0.002         ,0.018         
10:03:40.793511     ,0.801       ,0.880       ,17.228      ,16.080      ,16.031      ,16.160      ,-0.129      ,-0.065      ,-0.027      ,-0.000      ,-0.092      ,880.000     ,-0.129      ,16.031      ,-0.01035      ,2147483511    ,347.959         ,2.600         ,-0.009              ,0.022               ,23921.951       ,-0.03834          ,-0.00743              ,0.000         ,0.000         ,0.002         ,0.018         
10:03:40.806379     ,0.799       ,0.880       ,17.260      ,16.190      ,16.070      ,16.160      ,-0.129      ,-0.065      ,-0.027      ,-0.002      ,-0.094      ,880.000     ,-0.129      ,16.031      ,-0.00997      ,2147483516    ,348.398         ,3.400         ,-0.012              ,0.034               ,23921.955       ,-0.03833          ,-0.01138              ,0.000         ,0.000         ,0.001         ,0.006         
10:03:40.812079     ,0.799       ,0.880       ,17.260      ,16.240      ,16.106      ,16.160      ,-0.090      ,-0.045      ,-0.027      ,0.002       ,-0.070      ,880.000     ,-0.090      ,16.070      ,-0.00959      ,2147483521    ,348.838         ,4.000         ,-0.014              ,0.034               ,23921.955       ,-0.03833          ,-0.01138              ,0.000         ,0.000         ,0.001         ,0.006         
10:03:40.827313     ,0.801       ,0.880       ,17.211      ,16.370      ,16.166      ,16.160      ,-0.054      ,-0.027      ,-0.027      ,-0.000      ,-0.054      ,880.000     ,-0.054      ,16.106      ,-0.00920      ,2147483526    ,349.277         ,4.800         ,-0.017              ,0.054               ,23921.959       ,-0.03835          ,-0.01813              ,0.000         ,0.000         ,0.000         ,0.001         
10:03:40.832025     ,0.801       ,0.880       ,17.211      ,16.400      ,16.228      ,16.160      ,0.006       ,0.000       ,-0.027      ,0.001       ,-0.052      ,880.000     ,0.006       ,16.166      ,-0.00890      ,2147483530    ,349.629         ,5.200         ,-0.018              ,0.054               ,23921.959       ,-0.03835          ,-0.01813              ,0.000         ,0.000         ,0.000         ,0.001         
10:03:40.846041     ,0.799       ,0.880       ,17.277      ,16.400      ,16.285      ,16.160      ,0.068       ,0.034       ,-0.027      ,0.000       ,0.007       ,880.000     ,0.068       ,16.228      ,-0.00851      ,2147483535    ,350.068         ,5.600         ,-0.020              ,0.070               ,23921.961       ,-0.03069          ,-0.02331              ,0.000         ,0.000         ,-0.001        ,-0.010        
10:03:40.852027     ,0.801       ,0.880       ,17.244      ,16.400      ,16.316      ,16.160      ,0.125       ,0.063       ,-0.027      ,-0.000      ,0.035       ,880.000     ,0.125       ,16.285      ,-0.00821      ,2147483539    ,350.420         ,5.800         ,-0.020              ,0.076               ,23921.961       ,-0.03830          ,-0.02534              ,0.000         ,0.000         ,-0.001        ,-0.010        
10:03:40.863645     ,0.799       ,0.880       ,17.244      ,16.480      ,16.356      ,16.160      ,0.156       ,0.078       ,-0.027      ,-0.001      ,0.050       ,880.000     ,0.156       ,16.316      ,-0.00790      ,2147483543    ,350.771         ,6.200         ,-0.022              ,0.081               ,23921.963       ,-0.03070          ,-0.02695              ,0.000         ,0.000         ,-0.002        ,-0.019        
10:03:40.872036     ,0.799       ,0.880       ,17.244      ,16.540      ,16.389      ,16.160      ,0.196       ,0.098       ,-0.027      ,0.000       ,0.072       ,880.000     ,0.196       ,16.356      ,-0.00767      ,2147483546    ,351.035         ,6.400         ,-0.022              ,0.085               ,23921.963       ,-0.03066          ,-0.02831              ,0.000         ,0.000         ,-0.002        ,-0.019        
10:03:40.882302     ,0.799       ,0.880       ,17.244      ,16.560      ,16.428      ,16.160      ,0.229       ,0.114       ,-0.026      ,-0.000      ,0.088       ,880.000     ,0.229       ,16.389      ,-0.00736      ,2147483550    ,351.387         ,6.600         ,-0.023              ,0.085               ,23921.965       ,-0.03066          ,-0.02831              ,0.000         ,0.000         ,-0.002        ,-0.024        
10:03:40.892029     ,0.801       ,0.880       ,17.244      ,16.600      ,16.476      ,16.160      ,0.316       ,0.158       ,-0.026      ,0.003       ,0.134       ,880.000     ,0.316       ,16.476      ,-0.00713      ,2147483553    ,351.650         ,6.800         ,-0.024              ,0.088               ,23921.965       ,-0.02303          ,-0.02924              ,0.000         ,0.000         ,-0.002        ,-0.024        
10:03:40.903103     ,0.801       ,0.880       ,17.211      ,16.660      ,16.531      ,16.160      ,0.316       ,0.158       ,-0.026      ,0.003       ,0.134       ,880.000     ,0.316       ,16.476      ,-0.00690      ,2147483556    ,351.914         ,7.000         ,-0.024              ,0.089               ,23921.967       ,-0.02298          ,-0.02980              ,0.000         ,0.000         ,-0.003        ,-0.030        
10:03:40.912021     ,0.796       ,0.880       ,17.244      ,16.670      ,16.568      ,16.160      ,0.408       ,0.204       ,-0.025      ,-0.001      ,0.178       ,880.000     ,0.408       ,16.568      ,-0.00675      ,2147483558    ,352.090         ,7.000         ,-0.024              ,0.090               ,23921.969       ,-0.02304          ,-0.03005              ,0.000         ,0.000         ,-0.003        ,-0.030        
10:03:40.924058     ,0.799       ,0.880       ,17.244      ,16.590      ,16.581      ,16.160      ,0.408       ,0.204       ,-0.025      ,-0.001      ,0.178       ,880.000     ,0.408       ,16.568      ,-0.00660      ,2147483560    ,352.266         ,6.800         ,-0.024              ,0.090               ,23921.969       ,-0.01534          ,-0.02991              ,0.000         ,0.000         ,-0.003        ,-0.032        
10:03:40.932031     ,0.799       ,0.880       ,17.244      ,16.560      ,16.591      ,16.160      ,0.431       ,0.215       ,-0.025      ,-0.001      ,0.190       ,880.000     ,0.431       ,16.591      ,-0.00644      ,2147483562    ,352.441         ,6.600         ,-0.023              ,0.090               ,23921.969       ,-0.01534          ,-0.02991              ,0.000         ,0.000         ,-0.003        ,-0.032        
10:03:40.943999     ,0.799       ,0.880       ,17.260      ,16.630      ,16.609      ,16.160      ,0.431       ,0.215       ,-0.025      ,-0.001      ,0.190       ,880.000     ,0.431       ,16.591      ,-0.00629      ,2147483564    ,352.617         ,6.400         ,-0.022              ,0.088               ,23921.969       ,-0.01539          ,-0.02945              ,0.000         ,0.000         ,-0.003        ,-0.034        
10:03:40.952026     ,0.799       ,0.880       ,17.244      ,16.670      ,16.620      ,16.160      ,0.460       ,0.230       ,-0.024      ,-0.000      ,0.206       ,880.000     ,0.460       ,16.620      ,-0.00629      ,2147483564    ,352.617         ,6.200         ,-0.022              ,0.086               ,23921.969       ,-0.01530          ,-0.02872              ,0.000         ,0.000         ,-0.003        ,-0.034        
10:03:40.963831     ,0.798       ,0.880       ,17.260      ,16.680      ,16.626      ,16.160      ,0.460       ,0.230       ,-0.024      ,-0.000      ,0.206       ,880.000     ,0.460       ,16.620      ,-0.00621      ,2147483565    ,352.705         ,5.800         ,-0.020              ,0.083               ,23921.969       ,0.00000           ,-0.02763              ,0.000         ,0.000         ,-0.003        ,-0.030        
10:03:40.972046     ,0.801       ,0.880       ,17.228      ,16.660      ,16.636      ,16.160      ,0.465       ,0.233       ,-0.024      ,-0.000      ,0.209       ,880.000     ,0.465       ,16.626      ,-0.00621      ,2147483565    ,352.705         ,5.600         ,-0.020              ,0.079               ,23921.969       ,-0.00767          ,-0.02625              ,0.000         ,0.000         ,-0.003        ,-0.030        
10:03:40.982322     ,0.803       ,0.880       ,17.244      ,16.630      ,16.642      ,16.160      ,0.476       ,0.238       ,-0.023      ,0.000       ,0.215       ,880.000     ,0.476       ,16.636      ,-0.00621      ,2147483565    ,352.705         ,5.400         ,-0.019              ,0.074               ,23921.969       ,0.00000           ,-0.02461              ,0.000         ,0.000         ,-0.003        ,-0.033        
10:03:40.992136     ,0.801       ,0.880       ,17.244      ,16.560      ,16.623      ,16.160      ,0.481       ,0.241       ,-0.023      ,-0.000      ,0.218       ,880.000     ,0.481       ,16.642      ,-0.00621      ,2147483565    ,352.705         ,5.200         ,-0.018              ,0.068               ,23921.969       ,0.00000           ,-0.02276              ,0.000         ,0.000         ,-0.003        ,-0.033        
10:03:41.002997     ,0.801       ,0.880       ,17.228      ,16.560      ,16.623      ,16.160      ,0.463       ,0.231       ,-0.022      ,-0.001      ,0.208       ,880.000     ,0.463       ,16.623      ,-0.00621      ,2147483565    ,352.705         ,4.800         ,-0.017              ,0.063               ,23921.969       ,0.00000           ,-0.02084              ,0.000         ,0.000         ,-0.003        ,-0.030        
10:03:41.012022     ,0.799       ,0.880       ,17.228      ,16.300      ,16.563      ,16.160      ,0.403       ,0.201       ,-0.021      ,-0.003      ,0.177       ,880.000     ,0.403       ,16.563      ,-0.00621      ,2147483565    ,352.705         ,4.600         ,-0.016              ,0.057               ,23921.969       ,0.00000           ,-0.01887              ,0.000         ,0.000         ,-0.003        ,-0.030        
10:03:41.022555     ,0.799       ,0.880       ,17.244      ,16.360      ,16.528      ,16.160      ,0.403       ,0.201       ,-0.021      ,-0.003      ,0.177       ,880.000     ,0.403       ,16.563      ,-0.00629      ,2147483564    ,352.617         ,4.200         ,-0.015              ,0.051               ,23921.969       ,0.00000           ,-0.01684              ,0.000         ,0.000         ,-0.003        ,-0.029        
10:03:41.032018     ,0.799       ,0.880       ,17.260      ,16.360      ,16.494      ,16.160      ,0.334       ,0.167       ,-0.021      ,0.000       ,0.146       ,880.000     ,0.334       ,16.494      ,-0.00629      ,2147483564    ,352.617         ,3.800         ,-0.013              ,0.044               ,23921.969       ,0.00767           ,-0.01478              ,0.000         ,0.000         ,-0.003        ,-0.029        
10:03:41.042262     ,0.798       ,0.880       ,17.244      ,16.250      ,16.434      ,16.160      ,0.334       ,0.167       ,-0.021      ,0.000       ,0.146       ,880.000     ,0.334       ,16.494      ,-0.00637      ,2147483563    ,352.529         ,3.200         ,-0.011              ,0.038               ,23921.969       ,0.00000           ,-0.01279              ,0.000         ,0.000         ,-0.003        ,-0.027        
10:03:41.052033     ,0.798       ,0.880       ,17.244      ,16.220      ,16.371      ,16.160      ,0.210       ,0.105       ,-0.020      ,-0.000      ,0.085       ,880.000     ,0.210       ,16.371      ,-0.00644      ,2147483562    ,352.441         ,2.800         ,-0.010              ,0.032               ,23921.969       ,0.00767           ,-0.01076              ,0.000         ,0.000         ,-0.003        ,-0.027        
10:03:41.064033     ,0.801       ,0.880       ,17.244      ,16.210      ,16.338      ,16.160      ,0.210       ,0.105       ,-0.020      ,-0.000      ,0.085       ,880.000     ,0.210       ,16.371      ,-0.00652      ,2147483561    ,352.354         ,2.200         ,-0.008              ,0.027               ,23921.969       ,0.00766           ,-0.00891              ,0.000         ,0.000         ,-0.003        ,-0.025        
10:03:41.072147     ,0.796       ,0.880       ,17.244      ,16.200      ,16.279      ,16.160      ,0.178       ,0.089       ,-0.020      ,0.002       ,0.071       ,880.000     ,0.178       ,16.338      ,-0.00660      ,2147483560    ,352.266         ,1.800         ,-0.006              ,0.021               ,23921.969       ,0.00767           ,-0.00712              ,0.000         ,0.000         ,-0.003        ,-0.025        
10:03:41.082635     ,0.799       ,0.880       ,17.195      ,16.100      ,16.206      ,16.160      ,0.119       ,0.059       ,-0.020      ,-0.001      ,0.038       ,880.000     ,0.119       ,16.279      ,-0.00667      ,2147483559    ,352.178         ,1.400         ,-0.005              ,0.016               ,23921.969       ,0.00767           ,-0.00547              ,0.000         ,0.000         ,-0.002        ,-0.024        
10:03:41.092169     ,0.799       ,0.880       ,17.228      ,16.100      ,16.168      ,16.160      ,0.046       ,0.023       ,-0.020      ,-0.001      ,0.003       ,880.000     ,0.046       ,16.206      ,-0.00667      ,2147483559    ,352.178         ,1.200         ,-0.004              ,0.012               ,23921.969       ,0.00767           ,-0.00396              ,0.000         ,0.000         ,-0.002        ,-0.024        
10:03:41.103481     ,0.796       ,0.880       ,17.228      ,16.180      ,16.156      ,16.160      ,0.007       ,0.000       ,-0.020      ,0.001       ,-0.018      ,880.000     ,0.007       ,16.168      ,-0.00675      ,2147483558    ,352.090         ,0.800         ,-0.003              ,0.008               ,23921.967       ,0.00000           ,-0.00268              ,0.000         ,0.000         ,-0.003        ,-0.025        
10:03:41.112143     ,0.801       ,0.880       ,17.260      ,16.200      ,16.150      ,16.160      ,-0.004      ,0.000       ,-0.020      ,0.001       ,-0.017      ,880.000     ,-0.004      ,16.156      ,-0.00675      ,2147483558    ,352.090         ,0.600         ,-0.002              ,0.004               ,23921.967       ,0.00768           ,-0.00147              ,0.000         ,0.000         ,-0.003        ,-0.025        
10:03:41.122112     ,0.801       ,0.880       ,17.244      ,16.140      ,16.137      ,16.160      ,-0.010      ,0.000       ,-0.020      ,0.001       ,-0.017      ,880.000     ,-0.010      ,16.150      ,-0.00683      ,2147483557    ,352.002         ,0.400         ,-0.001              ,0.001               ,23921.967       ,0.00000           ,-0.00044              ,0.000         ,0.000         ,-0.002        ,-0.023        
10:03:41.132019     ,0.801       ,0.880       ,17.244      ,16.120      ,16.141      ,16.160      ,-0.019      ,-0.010      ,-0.020      ,0.001       ,-0.029      ,880.000     ,-0.019      ,16.141      ,-0.00683      ,2147483557    ,352.002         ,0.200         ,-0.001              ,-0.001              ,23921.967       ,0.00767           ,0.00043               ,0.000         ,0.000         ,-0.002        ,-0.023        
10:03:41.142986     ,0.798       ,0.880       ,17.260      ,16.130      ,16.145      ,16.160      ,-0.019      ,-0.010      ,-0.020      ,0.001       ,-0.029      ,880.000     ,-0.019      ,16.141      ,-0.00683      ,2147483557    ,352.002         ,0.000         ,-0.000              ,-0.004              ,23921.967       ,0.00000           ,0.00117               ,0.000         ,0.000         ,-0.002        ,-0.023        
10:03:41.152023     ,0.803       ,0.880       ,17.244      ,16.130      ,16.134      ,16.160      ,-0.026      ,-0.013      ,-0.020      ,-0.001      ,-0.034      ,880.000     ,-0.026      ,16.134      ,-0.00683      ,2147483557    ,352.002         ,0.000         ,-0.000              ,-0.005              ,23921.967       ,0.00000           ,0.00168               ,0.000         ,0.000         ,-0.002        ,-0.023        
10:03:41.163872     ,0.803       ,0.880       ,17.228      ,16.130      ,16.124      ,16.160      ,-0.026      ,-0.013      ,-0.020      ,-0.001      ,-0.034      ,880.000     ,-0.026      ,16.134      ,-0.00683      ,2147483557    ,352.002         ,0.000         ,-0.000              ,-0.006              ,23921.967       ,0.00000           ,0.00201               ,0.000         ,0.000         ,-0.002        ,-0.023        
10:03:41.172023     ,0.799       ,0.880       ,17.244      ,16.160      ,16.131      ,16.160      ,-0.029      ,-0.014      ,-0.020      ,0.001       ,-0.034      ,880.000     ,-0.029      ,16.131      ,-0.00683      ,2147483557    ,352.002         ,0.000         ,-0.000              ,-0.006              ,23921.967       ,0.00000           ,0.00217               ,0.000         ,0.000         ,-0.002        ,-0.023        
10:03:41.183766     ,0.801       ,0.880       ,17.228      ,16.250      ,16.153      ,16.160      ,-0.029      ,-0.014      ,-0.020      ,0.001       ,-0.034      ,880.000     ,-0.029      ,16.131      ,-0.00683      ,2147483557    ,352.002         ,0.000         ,-0.000              ,-0.007              ,23921.967       ,0.00000           ,0.00219               ,0.000         ,0.000         ,-0.002        ,-0.022        
10:03:41.192026     ,0.801       ,0.880       ,17.244      ,16.250      ,16.165      ,16.160      ,0.005       ,0.000       ,-0.020      ,-0.001      ,-0.030      ,880.000     ,0.005       ,16.165      ,-0.00683      ,2147483557    ,352.002         ,0.000         ,-0.000              ,-0.006              ,23921.967       ,0.00000           ,0.00209               ,0.000         ,0.000         ,-0.002        ,-0.022        
10:03:41.202296     ,0.799       ,0.880       ,17.244      ,16.240      ,16.176      ,16.160      ,0.005       ,0.000       ,-0.020      ,-0.001      ,-0.030      ,880.000     ,0.005       ,16.165      ,-0.00683      ,2147483557    ,352.002         ,0.000         ,-0.000              ,-0.006              ,23921.967       ,0.00000           ,0.00201               ,0.000         ,0.000         ,-0.002        ,-0.024        
10:03:41.212026     ,0.803       ,0.880       ,17.244      ,16.220      ,16.188      ,16.160      ,0.028       ,0.014       ,-0.020      ,0.000       ,-0.006      ,880.000     ,0.028       ,16.188      ,-0.00683      ,2147483557    ,352.002         ,0.000         ,-0.000              ,-0.005              ,23921.967       ,0.00000           ,0.00182               ,0.000         ,0.000         ,-0.002        ,-0.024        
10:03:41.222962     ,0.801       ,0.880       ,17.228      ,16.180      ,16.195      ,16.160      ,0.028       ,0.014       ,-0.020      ,0.000       ,-0.006      ,880.000     ,0.028       ,16.188      ,-0.00683      ,2147483557    ,352.002         ,0.000         ,-0.000              ,-0.005              ,23921.967       ,0.00000           ,0.00166               ,0.000         ,0.000         ,-0.002        ,-0.023        
10:03:41.232019     ,0.801       ,0.880       ,17.244      ,16.150      ,16.189      ,16.160      ,0.029       ,0.014       ,-0.020      ,-0.001      ,-0.006      ,880.000     ,0.029       ,16.189      ,-0.00683      ,2147483557    ,352.002         ,0.000         ,-0.000              ,-0.004              ,23921.967       ,0.00000           ,0.00141               ,0.000         ,0.000         ,-0.002        ,-0.023        
10:03:41.244684     ,0.803       ,0.880       ,17.260      ,16.140      ,16.187      ,16.160      ,0.029       ,0.014       ,-0.020      ,-0.001      ,-0.006      ,880.000     ,0.029       ,16.189      ,-0.00683      ,2147483557    ,352.002         ,0.000         ,-0.000              ,-0.004              ,23921.967       ,0.00000           ,0.00120               ,0.000         ,0.000         ,-0.002        ,-0.022        
10:03:41.252038     ,0.803       ,0.880       ,17.260      ,16.150      ,16.185      ,16.160      ,0.025       ,0.013       ,-0.020      ,0.000       ,-0.007      ,880.000     ,0.025       ,16.185      ,-0.00683      ,2147483557    ,352.002         ,0.000         ,-0.000              ,-0.003              ,23921.967       ,0.00000           ,0.00102               ,0.000         ,0.000         ,-0.002        ,-0.022        
10:03:41.262320     ,0.801       ,0.880       ,17.244      ,16.160      ,16.179      ,16.160      ,0.025       ,0.013       ,-0.020      ,0.000       ,-0.007      ,880.000     ,0.025       ,16.185      ,-0.00683      ,2147483557    ,352.002         ,0.000         ,-0.000              ,-0.003              ,23921.967       ,0.00000           ,0.00087               ,0.000         ,0.000         ,-0.002        ,-0.023        
10:03:41.272038     ,0.799       ,0.880       ,17.244      ,16.190      ,16.175      ,16.160      ,0.015       ,0.007       ,-0.020      ,0.000       ,-0.012      ,880.000     ,0.015       ,16.175      ,-0.00683      ,2147483557    ,352.002         ,0.000         ,-0.000              ,-0.002              ,23921.967       ,0.00000           ,0.00074               ,0.000         ,0.000         ,-0.002        ,-0.023        
10:03:41.283869     ,0.801       ,0.880       ,17.244      ,16.250      ,16.178      ,16.160      ,0.015       ,0.007       ,-0.020      ,0.000       ,-0.012      ,880.000     ,0.015       ,16.175      ,-0.00683      ,2147483557    ,352.002         ,0.000         ,-0.000              ,-0.002              ,23921.967       ,0.00000           ,0.00063               ,0.000         ,0.000         ,-0.002        ,-0.024        
10:03:41.292029     ,0.801       ,0.880       ,17.244      ,16.260      ,16.180      ,16.160      ,0.019       ,0.010       ,-0.020      ,-0.000      ,-0.010      ,880.000     ,0.019       ,16.180      ,-0.00683      ,2147483557    ,352.002         ,0.000         ,-0.000              ,-0.002              ,23921.967       ,0.00000           ,0.00053               ,0.000         ,0.000         ,-0.002        ,-0.024        
10:03:41.302025     ,0.803       ,0.880       ,17.260      ,16.260      ,16.185      ,16.160      ,0.024       ,0.012       ,-0.020      ,0.000       ,-0.007      ,880.000     ,0.024       ,16.185      ,-0.00683      ,2147483557    ,352.002         ,0.000         ,-0.000              ,-0.001              ,23921.967       ,0.00000           ,0.00045               ,0.000         ,0.000         ,-0.002        ,-0.024        
10:03:41.312140     ,0.801       ,0.880       ,17.244      ,16.250      ,16.196      ,16.160      ,0.024       ,0.012       ,-0.020      ,0.000       ,-0.007      ,880.000     ,0.024       ,16.185      ,-0.00683      ,2147483557    ,352.002         ,0.000         ,-0.000              ,-0.001              ,23921.967       ,0.00000           ,0.00039               ,0.000         ,0.000         ,-0.002        ,-0.024        
10:03:41.322030     ,0.801       ,0.880       ,17.244      ,16.210      ,16.207      ,16.160      ,0.036       ,0.018       ,-0.020      ,0.000       ,-0.001      ,880.000     ,0.036       ,16.196      ,-0.00683      ,2147483557    ,352.002         ,0.000         ,-0.000              ,-0.001              ,23921.967       ,0.00000           ,0.00039               ,0.000         ,0.000         ,-0.003        ,-0.025        
10:03:41.338499     ,0.799       ,0.880       ,17.244      ,16.200      ,16.214      ,16.160      ,0.036       ,0.018       ,-0.020      ,0.000       ,-0.001      ,880.000     ,0.036       ,16.196      ,-0.00683      ,2147483557    ,352.002         ,0.000         ,-0.000              ,-0.001              ,23921.967       ,0.00000           ,0.00033               ,0.000         ,0.000         ,-0.002        ,-0.023        
10:03:41.342038     ,0.799       ,0.880       ,17.244      ,16.130      ,16.210      ,16.160      ,0.053       ,0.027       ,-0.020      ,0.000       ,0.007       ,880.000     ,0.053       ,16.214      ,-0.00683      ,2147483557    ,352.002         ,0.000         ,-0.000              ,-0.001              ,23921.967       ,0.00000           ,0.00033               ,0.000         ,0.000         ,-0.002        ,-0.023        
10:03:41.357638     ,0.799       ,0.880       ,17.244      ,16.130      ,16.205      ,16.160      ,0.053       ,0.027       ,-0.020      ,0.000       ,0.007       ,880.000     ,0.053       ,16.214      ,-0.00683      ,2147483557    ,352.002         ,0.000         ,-0.000              ,-0.001              ,23921.967       ,0.00000           ,0.00028               ,0.000         ,0.000         ,-0.002        ,-0.023        
10:03:41.362023     ,0.799       ,0.880       ,17.244      ,16.140      ,16.193      ,16.160      ,0.044       ,0.022       ,-0.019      ,-0.001      ,0.001       ,880.000     ,0.044       ,16.205      ,-0.00683      ,2147483557    ,352.002         ,0.000         ,-0.000              ,-0.001              ,23921.967       ,0.00000           ,0.00028               ,0.000         ,0.000         ,-0.002        ,-0.023        
10:03:41.375443     ,0.799       ,0.880       ,17.244      ,16.140      ,16.177      ,16.160      ,0.033       ,0.016       ,-0.019      ,-0.000      ,-0.003      ,880.000     ,0.033       ,16.193      ,-0.00683      ,2147483557    ,352.002         ,0.000         ,-0.000              ,-0.001              ,23921.967       ,0.00000           ,0.00020               ,0.000         ,0.000         ,-0.002        ,-0.023        
10:03:41.382067     ,0.799       ,0.880       ,17.244      ,16.200      ,16.163      ,16.160      ,0.033       ,0.016       ,-0.019      ,-0.000      ,-0.003      ,880.000     ,0.033       ,16.193      ,-0.00683      ,2147483557    ,352.002         ,0.000         ,-0.000              ,-0.001              ,23921.967       ,0.00000           ,0.00020               ,0.000         ,0.000         ,-0.002        ,-0.023        
10:03:41.393339     ,0.799       ,0.880       ,17.244      ,16.240      ,16.164      ,16.160      ,0.003       ,0.000       ,-0.019      ,-0.001      ,-0.021      ,880.000     ,0.003       ,16.163      ,-0.00683      ,2147483557    ,352.002         ,0.000         ,-0.000              ,-0.001              ,23921.967       ,0.00000           ,0.00017               ,0.000         ,0.000         ,-0.002        ,-0.024        
10:03:41.402035     ,0.801       ,0.880       ,17.244      ,16.280      ,16.170      ,16.160      ,0.003       ,0.000       ,-0.019      ,0.001       ,-0.019      ,880.000     ,0.003       ,16.164      ,-0.00683      ,2147483557    ,352.002         ,0.000         ,-0.000              ,-0.000              ,23921.967       ,0.00000           ,0.00015               ,0.000         ,0.000         ,-0.002        ,-0.024        
10:03:41.412990     ,0.803       ,0.880       ,17.244      ,16.300      ,16.184      ,16.160      ,0.009       ,0.000       ,-0.019      ,-0.000      ,-0.019      ,880.000     ,0.009       ,16.170      ,-0.00683      ,2147483557    ,352.002         ,0.000         ,-0.000              ,-0.000              ,23921.967       ,0.00000           ,0.00012               ,0.000         ,0.000         ,-0.002        ,-0.024        
10:03:41.422027     ,0.799       ,0.880       ,17.244      ,16.320      ,16.212      ,16.160      ,0.024       ,0.012       ,-0.019      ,0.000       ,-0.007      ,880.000     ,0.024       ,16.184      ,-0.00683      ,2147483557    ,352.002         ,0.000         ,-0.000              ,-0.000              ,23921.967       ,0.00000           ,0.00010               ,0.000         ,0.000         ,-0.002        ,-0.024        
10:03:41.432477     ,0.803       ,0.880       ,17.260      ,16.330      ,16.241      ,16.160      ,0.052       ,0.026       ,-0.019      ,0.001       ,0.007       ,880.000     ,0.052       ,16.212      ,-0.00683      ,2147483557    ,352.002         ,0.000         ,-0.000              ,-0.000              ,23921.967       ,0.00000           ,0.00009               ,0.000         ,0.000         ,-0.003        ,-0.025        
10:03:41.442046     ,0.799       ,0.880       ,17.244      ,16.320      ,16.269      ,16.160      ,0.081       ,0.040       ,-0.019      ,0.000       ,0.021       ,880.000     ,0.081       ,16.241      ,-0.00683      ,2147483557    ,352.002         ,0.000         ,-0.000              ,-0.000              ,23921.967       ,0.00000           ,0.00008               ,0.000         ,0.000         ,-0.003        ,-0.025        
10:03:41.455449     ,0.803       ,0.880       ,17.244      ,16.310      ,16.293      ,16.160      ,0.109       ,0.055       ,-0.019      ,-0.000      ,0.035       ,880.000     ,0.109       ,16.269      ,-0.00683      ,2147483557    ,352.002         ,0.000         ,-0.000              ,-0.000              ,23921.967       ,0.00000           ,0.00006               ,0.000         ,0.000         ,-0.002        ,-0.020        
10:03:41.462027     ,0.799       ,0.880       ,17.244      ,16.310      ,16.311      ,16.160      ,0.132       ,0.066       ,-0.019      ,-0.000      ,0.047       ,880.000     ,0.132       ,16.293      ,-0.00683      ,2147483557    ,352.002         ,0.000         ,-0.000              ,-0.000              ,23921.967       ,0.00000           ,0.00005               ,0.000         ,0.000         ,-0.002        ,-0.020        
10:03:41.474389     ,0.796       ,0.880       ,17.244      ,16.280      ,16.314      ,16.160      ,0.151       ,0.075       ,-0.019      ,-0.000      ,0.056       ,880.000     ,0.151       ,16.311      ,-0.00683      ,2147483557    ,352.002         ,0.000         ,-0.000              ,-0.000              ,23921.967       ,0.00000           ,0.00005               ,0.000         ,0.000         ,-0.002        ,-0.024        
10:03:41.482094     ,0.799       ,0.880       ,17.244      ,16.270      ,16.309      ,16.160      ,0.154       ,0.077       ,-0.019      ,-0.001      ,0.058       ,880.000     ,0.154       ,16.314      ,-0.00683      ,2147483557    ,352.002         ,0.000         ,-0.000              ,-0.000              ,23921.967       ,0.00000           ,0.00004               ,0.000         ,0.000         ,-0.002        ,-0.024        
10:03:41.493221     ,0.801       ,0.880       ,17.244      ,16.270      ,16.299      ,16.160      ,0.148       ,0.074       ,-0.019      ,-0.000      ,0.055       ,880.000     ,0.148       ,16.309      ,-0.00683      ,2147483557    ,352.002         ,0.000         ,-0.000              ,-0.000              ,23921.967       ,0.00000           ,0.00003               ,0.000         ,0.000         ,-0.002        ,-0.022        
10:03:41.502037     ,0.799       ,0.880       ,17.244      ,16.280      ,16.288      ,16.160      ,0.139       ,0.069       ,-0.018      ,-0.000      ,0.051       ,880.000     ,0.139       ,16.299      ,-0.00683      ,2147483557    ,352.002         ,0.000         ,-0.000              ,-0.000              ,23921.967       ,0.00000           ,0.00003               ,0.000         ,0.000         ,-0.002        ,-0.022        
10:03:41.512883     ,0.801       ,0.880       ,17.277      ,16.310      ,16.280      ,16.160      ,0.128       ,0.064       ,-0.018      ,-0.000      ,0.046       ,880.000     ,0.128       ,16.288      ,-0.00683      ,2147483557    ,352.002         ,0.000         ,-0.000              ,-0.000              ,23921.967       ,0.00000           ,0.00002               ,0.000         ,0.000         ,-0.002        ,-0.023        
10:03:41.522046     ,0.798       ,0.880       ,17.260      ,16.320      ,16.279      ,16.160      ,0.120       ,0.060       ,-0.018      ,0.000       ,0.042       ,880.000     ,0.120       ,16.280      ,-0.00683      ,2147483557    ,352.002         ,0.000         ,-0.000              ,-0.000              ,23921.967       ,0.00000           ,0.00002               ,0.000         ,0.000         ,-0.002        ,-0.023        
10:03:41.532736     ,0.801       ,0.880       ,17.260      ,16.330      ,16.282      ,16.160      ,0.119       ,0.059       ,-0.018      ,0.000       ,0.042       ,880.000     ,0.119       ,16.279      ,-0.00683      ,2147483557    ,352.002         ,0.000         ,-0.000              ,-0.000              ,23921.967       ,0.00000           ,0.00002               ,0.000         ,0.000         ,-0.002        ,-0.023        
10:03:41.542063     ,0.801       ,0.880       ,17.260      ,16.330      ,16.282      ,16.160      ,0.122       ,0.061       ,-0.018      ,0.000       ,0.043       ,880.000     ,0.122       ,16.282      ,-0.00683      ,2147483557    ,352.002         ,0.000         ,-0.000              ,-0.000              ,23921.967       ,0.00000           ,0.00001               ,0.000         ,0.000         ,-0.002        ,-0.023        
10:03:41.553483     ,0.798       ,0.880       ,17.244      ,16.360      ,16.294      ,16.160      ,0.122       ,0.061       ,-0.018      ,-0.000      ,0.043       ,880.000     ,0.122       ,16.282      ,-0.00683      ,2147483557    ,352.002         ,0.000         ,-0.000              ,-0.000              ,23921.967       ,0.00000           ,0.00001               ,0.000         ,0.000         ,-0.002        ,-0.024        
10:03:41.562026     ,0.798       ,0.880       ,17.244      ,16.370      ,16.309      ,16.160      ,0.134       ,0.067       ,-0.018      ,0.001       ,0.050       ,880.000     ,0.134       ,16.294      ,-0.00683      ,2147483557    ,352.002         ,0.000         ,-0.000              ,-0.000              ,23921.967       ,0.00000           ,0.00001               ,0.000         ,0.000         ,-0.002        ,-0.024        
10:03:41.572114     ,0.803       ,0.880       ,17.260      ,16.360      ,16.320      ,16.160      ,0.148       ,0.074       ,-0.018      ,0.000       ,0.057       ,880.000     ,0.148       ,16.309      ,-0.00683      ,2147483557    ,352.002         ,0.000         ,-0.000              ,-0.000              ,23921.967       ,0.00000           ,0.00001               ,0.000         ,0.000         ,-0.002        ,-0.023        
10:03:41.582026     ,0.798       ,0.880       ,17.260      ,16.360      ,16.320      ,16.160      ,0.159       ,0.080       ,-0.017      ,-0.000      ,0.062       ,880.000     ,0.159       ,16.320      ,-0.00683      ,2147483557    ,352.002         ,0.000         ,-0.000              ,-0.000              ,23921.967       ,0.00000           ,0.00001               ,0.000         ,0.000         ,-0.002        ,-0.023        
10:03:41.592046     ,0.798       ,0.880       ,17.260      ,16.360      ,16.333      ,16.160      ,0.159       ,0.080       ,-0.017      ,-0.001      ,0.062       ,880.000     ,0.159       ,16.320      ,-0.00683      ,2147483557    ,352.002         ,0.000         ,-0.000              ,-0.000              ,23921.967       ,0.00000           ,0.00001               ,0.000         ,0.000         ,-0.002        ,-0.024        
10:03:41.602028     ,0.801       ,0.880       ,17.244      ,16.330      ,16.341      ,16.160      ,0.181       ,0.090       ,-0.017      ,0.001       ,0.074       ,880.000     ,0.181       ,16.341      ,-0.00683      ,2147483557    ,352.002         ,0.000         ,-0.000              ,-0.000              ,23921.967       ,0.00000           ,0.00001               ,0.000         ,0.000         ,-0.002        ,-0.024        
10:03:41.612025     ,0.798       ,0.880       ,17.244      ,16.320      ,16.342      ,16.160      ,0.182       ,0.091       ,-0.017      ,-0.001      ,0.073       ,880.000     ,0.182       ,16.342      ,-0.00683      ,2147483557    ,352.002         ,0.000         ,-0.000              ,-0.000              ,23921.967       ,0.00000           ,0.00001               ,0.000         ,0.000         ,-0.003        ,-0.029        
10:03:41.622062     ,0.799       ,0.880       ,17.244      ,16.320      ,16.340      ,16.160      ,0.182       ,0.091       ,-0.017      ,-0.001      ,0.073       ,880.000     ,0.182       ,16.342      ,-0.00683      ,2147483557    ,352.002         ,0.000         ,-0.000              ,-0.000              ,23921.967       ,0.00000           ,0.00000               ,0.000         ,0.000         ,-0.003        ,-0.029        
10:03:41.632031     ,0.799       ,0.880       ,17.244      ,16.310      ,16.335      ,16.160      ,0.174       ,0.087       ,-0.017      ,-0.000      ,0.070       ,880.000     ,0.174       ,16.335      ,-0.00683      ,2147483557    ,352.002         ,0.000         ,-0.000              ,-0.000              ,23921.967       ,0.00000           ,0.00000               ,0.000         ,0.000         ,-0.003        ,-0.027        
10:03:41.648321     ,0.803       ,0.880       ,17.260      ,16.300      ,16.323      ,16.160      ,0.174       ,0.087       ,-0.017      ,-0.000      ,0.070       ,880.000     ,0.174       ,16.335      ,-0.00683      ,2147483557    ,352.002         ,0.000         ,-0.000              ,-0.000              ,23921.967       ,0.00000           ,0.00000               ,0.000         ,0.000         ,-0.002        ,-0.024        
10:03:41.652027     ,0.803       ,0.880       ,17.260      ,16.280      ,16.311      ,16.160      ,0.163       ,0.082       ,-0.017      ,-0.000      ,0.065       ,880.000     ,0.163       ,16.323      ,-0.00683      ,2147483557    ,352.002         ,0.000         ,-0.000              ,-0.000              ,23921.967       ,0.00000           ,0.00000               ,0.000         ,0.000         ,-0.002        ,-0.024        
10:03:41.668051     ,0.798       ,0.880       ,17.260      ,16.280      ,16.299      ,16.160      ,0.163       ,0.082       ,-0.017      ,-0.000      ,0.065       ,880.000     ,0.163       ,16.323      ,-0.00683      ,2147483557    ,352.002         ,0.000         ,-0.000              ,-0.000              ,23921.967       ,0.00000           ,0.00000               ,0.000         ,0.000         ,-0.002        ,-0.024        
10:03:41.672021     ,0.798       ,0.880       ,17.260      ,16.310      ,16.292      ,16.160      ,0.139       ,0.070       ,-0.016      ,-0.001      ,0.052       ,880.000     ,0.139       ,16.299      ,-0.00683      ,2147483557    ,352.002         ,0.000         ,-0.000              ,-0.000              ,23921.967       ,0.00000           ,0.00000               ,0.000         ,0.000         ,-0.002        ,-0.024        
10:03:41.685566     ,0.799       ,0.880       ,17.244      ,16.300      ,16.286      ,16.160      ,0.132       ,0.066       ,-0.016      ,0.001       ,0.051       ,880.000     ,0.132       ,16.292      ,-0.00683      ,2147483557    ,352.002         ,0.000         ,-0.000              ,-0.000              ,23921.967       ,0.00000           ,0.00000               ,0.000         ,0.000         ,-0.002        ,-0.024        
10:03:41.692138     ,0.799       ,0.880       ,17.244      ,16.300      ,16.283      ,16.160      ,0.132       ,0.066       ,-0.016      ,0.001       ,0.051       ,880.000     ,0.132       ,16.292      ,-0.00683      ,2147483557    ,352.002         ,0.000         ,-0.000              ,-0.000              ,23921.967       ,0.00000           ,0.00000               ,0.000         ,0.000         ,-0.002        ,-0.024        
10:03:41.706255     ,0.803       ,0.880       ,17.244      ,16.280      ,16.282      ,16.160      ,0.122       ,0.061       ,-0.016      ,-0.000      ,0.045       ,880.000     ,0.122       ,16.283      ,-0.00683      ,2147483557    ,352.002         ,0.000         ,-0.000              ,-0.000              ,23921.967       ,0.00000           ,0.00000               ,0.000         ,0.000         ,-0.002        ,-0.022        
10:03:41.712018     ,0.801       ,0.880       ,17.244      ,16.280      ,16.282      ,16.160      ,0.121       ,0.061       ,-0.016      ,0.000       ,0.045       ,880.000     ,0.121       ,16.282      ,-0.00683      ,2147483557    ,352.002         ,0.000         ,-0.000              ,-0.000              ,23921.967       ,0.00000           ,0.00000               ,0.000         ,0.000         ,-0.002        ,-0.022        
10:03:41.723814     ,0.801       ,0.880       ,17.260      ,16.250      ,16.274      ,16.160      ,0.122       ,0.061       ,-0.016      ,0.000       ,0.045       ,880.000     ,0.122       ,16.282      ,-0.00683      ,2147483557    ,352.002         ,0.000         ,-0.000              ,-0.000              ,23921.967       ,0.00000           ,0.00000               ,0.000         ,0.000         ,-0.002        ,-0.023        
10:03:41.732022     ,0.803       ,0.880       ,17.260      ,16.220      ,16.265      ,16.160      ,0.114       ,0.057       ,-0.016      ,-0.000      ,0.041       ,880.000     ,0.114       ,16.274      ,-0.00683      ,2147483557    ,352.002         ,0.000         ,-0.000              ,-0.000              ,23921.967       ,0.00000           ,0.00000               ,0.000         ,0.000         ,-0.002        ,-0.023        
10:03:41.742024     ,0.803       ,0.880       ,17.260      ,16.200      ,16.252      ,16.160      ,0.104       ,0.052       ,-0.016      ,-0.000      ,0.036       ,880.000     ,0.104       ,16.265      ,-0.00683      ,2147483557    ,352.002         ,0.000         ,-0.000              ,-0.000              ,23921.967       ,0.00000           ,0.00000               ,0.000         ,0.000         ,-0.002        ,-0.024        
10:03:41.752057     ,0.803       ,0.880       ,17.277      ,16.190      ,16.240      ,16.160      ,0.079       ,0.040       ,-0.016      ,-0.001      ,0.023       ,880.000     ,0.079       ,16.240      ,-0.00683      ,2147483557    ,352.002         ,0.000         ,-0.000              ,-0.000              ,23921.967       ,0.00000           ,0.00000               ,0.000         ,0.000         ,-0.002        ,-0.024        
10:03:41.762023     ,0.803       ,0.880       ,17.277      ,16.190      ,16.223      ,16.160      ,0.079       ,0.040       ,-0.016      ,-0.001      ,0.023       ,880.000     ,0.079       ,16.240      ,-0.00683      ,2147483557    ,352.002         ,0.000         ,-0.000              ,-0.000              ,23921.967       ,0.00000           ,0.00000               ,0.000         ,0.000         ,-0.002        ,-0.022        
10:03:41.778864     ,0.799       ,0.880       ,17.277      ,16.180      ,16.207      ,16.160      ,0.079       ,0.040       ,-0.016      ,-0.001      ,0.023       ,880.000     ,0.079       ,16.240      ,-0.00683      ,2147483557    ,352.002         ,0.000         ,-0.000              ,-0.000              ,23921.967       ,0.00000           ,0.00000               ,0.000         ,0.000         ,-0.002        ,-0.022        
10:03:41.782028     ,0.799       ,0.880       ,17.277      ,16.200      ,16.197      ,16.160      ,0.047       ,0.024       ,-0.016      ,-0.000      ,0.008       ,880.000     ,0.047       ,16.207      ,-0.00683      ,2147483557    ,352.002         ,0.000         ,-0.000              ,-0.000              ,23921.967       ,0.00000           ,0.00000               ,0.000         ,0.000         ,-0.002        ,-0.022        
10:03:41.797622     ,0.801       ,0.880       ,17.260      ,16.190      ,16.187      ,16.160      ,0.047       ,0.024       ,-0.016      ,-0.000      ,0.008       ,880.000     ,0.047       ,16.207      ,-0.00683      ,2147483557    ,352.002         ,0.000         ,-0.000              ,-0.000              ,23921.967       ,0.00000           ,0.00000               ,0.000         ,0.000         ,-0.002        ,-0.023        
10:03:41.802090     ,0.801       ,0.880       ,17.260      ,16.200      ,16.181      ,16.160      ,0.026       ,0.013       ,-0.016      ,0.001       ,-0.002      ,880.000     ,0.026       ,16.187      ,-0.00683      ,2147483557    ,352.002         ,0.000         ,-0.000              ,-0.000              ,23921.967       ,0.00000           ,0.00000               ,0.000         ,0.000         ,-0.002        ,-0.023        
10:03:41.816334     ,0.799       ,0.880       ,17.244      ,16.210      ,16.180      ,16.160      ,0.021       ,0.010       ,-0.016      ,0.001       ,-0.004      ,880.000     ,0.021       ,16.181      ,-0.00683      ,2147483557    ,352.002         ,0.000         ,-0.000              ,-0.000              ,23921.967       ,0.00000           ,0.00000               ,0.000         ,0.000         ,-0.002        ,-0.023        
10:03:41.822038     ,0.799       ,0.880       ,17.244      ,16.220      ,16.185      ,16.160      ,0.021       ,0.010       ,-0.016      ,0.001       ,-0.004      ,880.000     ,0.021       ,16.181      ,-0.00683      ,2147483557    ,352.002         ,0.000         ,-0.000              ,-0.000              ,23921.967       ,0.00000           ,0.00000               ,0.000         ,0.000         ,-0.002        ,-0.023        
10:03:41.834865     ,0.796       ,0.880       ,17.260      ,16.210      ,16.188      ,16.160      ,0.025       ,0.012       ,-0.016      ,0.000       ,-0.003      ,880.000     ,0.025       ,16.185      ,-0.00683      ,2147483557    ,352.002         ,0.000         ,-0.000              ,-0.000              ,23921.967       ,0.00000           ,0.00000               ,0.000         ,0.000         ,-0.002        ,-0.024        
10:03:41.842032     ,0.801       ,0.880       ,17.260      ,16.200      ,16.193      ,16.160      ,0.027       ,0.014       ,-0.015      ,-0.000      ,-0.002      ,880.000     ,0.027       ,16.188      ,-0.00683      ,2147483557    ,352.002         ,0.000         ,-0.000              ,-0.000              ,23921.967       ,0.00000           ,0.00000               ,0.000         ,0.000         ,-0.002        ,-0.024        
10:03:41.854513     ,0.799       ,0.880       ,17.260      ,16.190      ,16.196      ,16.160      ,0.033       ,0.016       ,-0.015      ,0.000       ,0.001       ,880.000     ,0.033       ,16.193      ,-0.00683      ,2147483557    ,352.002         ,0.000         ,-0.000              ,-0.000              ,23921.967       ,0.00000           ,0.00000               ,0.000         ,0.000         ,-0.002        ,-0.024        
10:03:41.862030     ,0.798       ,0.880       ,17.277      ,16.160      ,16.192      ,16.160      ,0.036       ,0.018       ,-0.015      ,-0.000      ,0.002       ,880.000     ,0.036       ,16.196      ,-0.00683      ,2147483557    ,352.002         ,0.000         ,-0.000              ,-0.000              ,23921.967       ,0.00000           ,0.00000               ,0.000         ,0.000         ,-0.002        ,-0.024        
10:03:41.874140     ,0.803       ,0.880       ,17.277      ,16.160      ,16.186      ,16.160      ,0.031       ,0.016       ,-0.015      ,-0.000      ,0.000       ,880.000     ,0.031       ,16.192      ,-0.00683      ,2147483557    ,352.002         ,0.000         ,-0.000              ,-0.000              ,23921.967       ,0.00000           ,0.00000               ,0.000         ,0.000         ,-0.002        ,-0.022        
10:03:41.882018     ,0.803       ,0.880       ,17.277      ,16.150      ,16.177      ,16.160      ,0.025       ,0.013       ,-0.015      ,-0.000      ,-0.003      ,880.000     ,0.025       ,16.186      ,-0.00683      ,2147483557    ,352.002         ,0.000         ,-0.000              ,-0.000              ,23921.967       ,0.00000           ,0.00000               ,0.000         ,0.000         ,-0.002        ,-0.022        
10:03:41.894718     ,0.799       ,0.880       ,17.244      ,16.140      ,16.167      ,16.160      ,0.017       ,0.009       ,-0.015      ,-0.000      ,-0.007      ,880.000     ,0.017       ,16.177      ,-0.00683      ,2147483557    ,352.002         ,0.000         ,-0.000              ,-0.000              ,23921.967       ,0.00000           ,0.00000               ,0.000         ,0.000         ,-0.002        ,-0.022        
10:03:41.902018     ,0.799       ,0.880       ,17.260      ,16.130      ,16.153      ,16.160      ,0.006       ,0.000       ,-0.015      ,-0.000      ,-0.016      ,880.000     ,0.006       ,16.167      ,-0.00683      ,2147483557    ,352.002         ,0.000         ,-0.000              ,-0.000              ,23921.967       ,0.00000           ,0.00000               ,0.000         ,0.000         ,-0.002        ,-0.022        
10:03:41.915423     ,0.803       ,0.880       ,17.260      ,16.140      ,16.146      ,16.160      ,-0.007      ,0.000       ,-0.015      ,0.000       ,-0.015      ,880.000     ,-0.007      ,16.153      ,-0.00683      ,2147483557    ,352.002         ,0.000         ,-0.000              ,-0.000              ,23921.967       ,0.00000           ,0.00000               ,0.000         ,0.000         ,-0.002        ,-0.023        
10:03:41.922033     ,0.801       ,0.880       ,17.260      ,16.140      ,16.137      ,16.160      ,-0.014      ,-0.007      ,-0.015      ,0.000       ,-0.022      ,880.000     ,-0.014      ,16.146      ,-0.00683      ,2147483557    ,352.002         ,0.000         ,-0.000              ,-0.000              ,23921.967       ,0.00000           ,0.00000               ,0.000         ,0.000         ,-0.002        ,-0.023        
10:03:41.934939     ,0.801       ,0.880       ,17.244      ,16.150      ,16.132      ,16.160      ,-0.024      ,-0.012      ,-0.015      ,-0.000      ,-0.027      ,880.000     ,-0.024      ,16.137      ,-0.00683      ,2147483557    ,352.002         ,0.000         ,-0.000              ,-0.000              ,23921.967       ,0.00000           ,0.00000               ,0.000         ,0.000         ,-0.002        ,-0.023        
10:03:41.942029     ,0.798       ,0.880       ,17.293      ,16.180      ,16.135      ,16.160      ,-0.028      ,-0.014      ,-0.015      ,0.000       ,-0.029      ,880.000     ,-0.028      ,16.132      ,-0.00683      ,2147483557    ,352.002         ,0.000         ,-0.000              ,-0.000              ,23921.967       ,0.00000           ,0.00000               ,0.000         ,0.000         ,-0.002        ,-0.023        
10:03:41.954485     ,0.798       ,0.880       ,17.277      ,16.180      ,16.141      ,16.160      ,-0.025      ,-0.013      ,-0.015      ,0.000       ,-0.028      ,880.000     ,-0.025      ,16.135      ,-0.00683      ,2147483557    ,352.002         ,0.000         ,-0.000              ,-0.000              ,23921.967       ,0.00000           ,0.00000               ,0.000         ,0.000         ,-0.002        ,-0.023        
10:03:41.962037     ,0.803       ,0.880       ,17.277      ,16.210      ,16.151      ,16.160      ,-0.020      ,-0.010      ,-0.015      ,0.000       ,-0.025      ,880.000     ,-0.020      ,16.141      ,-0.00683      ,2147483557    ,352.002         ,0.000         ,-0.000              ,-0.000              ,23921.967       ,0.00000           ,0.00000               ,0.000         ,0.000         ,-0.002        ,-0.023        
10:03:41.975232     ,0.801       ,0.880       ,17.244      ,16.210      ,16.163      ,16.160      ,-0.009      ,0.000       ,-0.015      ,0.001       ,-0.024      ,880.000     ,-0.009      ,16.151      ,-0.00683      ,2147483557    ,352.002         ,0.000         ,-0.000              ,-0.000              ,23921.967       ,0.00000           ,0.00000               ,0.000         ,0.000         ,-0.002        ,-0.024        
10:03:41.982017     ,0.803       ,0.880       ,17.244      ,16.210      ,16.175      ,16.160      ,0.003       ,0.000       ,-0.015      ,-0.000      ,-0.023      ,880.000     ,0.003       ,16.163      ,-0.00683      ,2147483557    ,352.002         ,0.000         ,-0.000              ,-0.000              ,23921.967       ,0.00000           ,0.00000               ,0.000         ,0.000         ,-0.002        ,-0.024        
10:03:41.997036     ,0.799       ,0.880       ,17.260      ,16.220      ,16.185      ,16.160      ,0.015       ,0.007       ,-0.015      ,0.000       ,-0.008      ,880.000     ,0.015       ,16.175      ,-0.00683      ,2147483557    ,352.002         ,0.000         ,-0.000              ,-0.000              ,23921.967       ,0.00000           ,0.00000               ,0.000         ,0.000         ,-0.003        ,-0.025        
10:03:42.002039     ,0.801       ,0.880       ,17.244      ,16.210      ,16.195      ,16.160      ,0.025       ,0.013       ,-0.015      ,-0.000      ,-0.003      ,880.000     ,0.025       ,16.185      ,-0.00683      ,2147483557    ,352.002         ,0.000         ,-0.000              ,-0.000              ,23921.967       ,0.00000           ,0.00000               ,0.000         ,0.000         ,-0.003        ,-0.025        
10:03:42.015821     ,0.801       ,0.880       ,17.244      ,16.210      ,16.200      ,16.160      ,0.035       ,0.018       ,-0.015      ,-0.000      ,0.002       ,880.000     ,0.035       ,16.195      ,-0.00683      ,2147483557    ,352.002         ,0.000         ,-0.000              ,-0.000              ,23921.967       ,0.00000           ,0.00000               ,0.000         ,0.000         ,-0.002        ,-0.022        
10:03:42.022031     ,0.803       ,0.880       ,17.260      ,16.190      ,16.201      ,16.160      ,0.040       ,0.020       ,-0.015      ,-0.000      ,0.004       ,880.000     ,0.040       ,16.200      ,-0.00683      ,2147483557    ,352.002         ,0.000         ,-0.000              ,-0.000              ,23921.967       ,0.00000           ,0.00000               ,0.000         ,0.000         ,-0.002        ,-0.022        
10:03:42.034297     ,0.799       ,0.880       ,17.244      ,16.190      ,16.202      ,16.160      ,0.041       ,0.021       ,-0.015      ,-0.000      ,0.005       ,880.000     ,0.041       ,16.201      ,-0.00683      ,2147483557    ,352.002         ,0.000         ,-0.000              ,-0.000              ,23921.967       ,0.00000           ,0.00000               ,0.000         ,0.000         ,-0.002        ,-0.023        
