Time                ,Current(A)  ,TargetCurrent(A),Voltage(V)  ,PressureRaw(kg),PressureFiltered(kg),F0(kg)      ,DeltaF      ,PI_P(Nm)    ,PI_I(Nm)    ,PI_D(Nm)    ,PI_LastCurrent(mA),Feedforward(mA),FeedforwardTorque(Nm),AlgoDeltaF(kg),AlgoPressure(kg),RopeLength(m) ,EncoderValue    ,EncoderAngle(deg),MotorSpeed(rpm)     ,MotorLinearVel(m/s) ,MotorTheoryVel(m/s),MotorPosition(m)  ,RopeVelocityRaw(m/s)  ,RopeVelocityFiltered(m/s),WeightRaw(kg) ,WeightFiltered(kg),TargetTorque(Nm),ActualTorque(Nm)
17:21:02.188786     ,0.881       ,0.880       ,19.176      ,16.160      ,16.145      ,16.158      ,-0.015      ,-0.010      ,0.001       ,0.000       ,-0.009      ,880.000     ,0.000       ,-0.015      ,16.143      ,0.00000       ,2147483646    ,359.824         ,0.000         ,-0.000              ,-0.000              ,23924.000       ,0.00000           ,0.00000               ,0.000         ,0.000         ,-0.009        ,0.001         
17:21:02.198764     ,0.881       ,0.880       ,19.176      ,16.150      ,16.141      ,16.158      ,-0.013      ,-0.008      ,0.001       ,0.000       ,-0.007      ,880.000     ,0.000       ,-0.013      ,16.145      ,0.00000       ,2147483646    ,359.824         ,0.000         ,-0.000              ,-0.000              ,23924.000       ,0.00000           ,0.00000               ,0.000         ,0.000         ,-0.007        ,-0.000        
17:21:02.208768     ,0.881       ,0.880       ,19.176      ,16.150      ,16.140      ,16.158      ,-0.017      ,-0.011      ,0.001       ,-0.000      ,-0.011      ,880.000     ,0.000       ,-0.017      ,16.141      ,0.00000       ,2147483646    ,359.824         ,0.000         ,-0.000              ,-0.000              ,23924.000       ,0.00000           ,0.00000               ,0.000         ,0.000         ,-0.011        ,-0.000        
17:21:02.218774     ,0.881       ,0.880       ,19.176      ,16.150      ,16.141      ,16.158      ,-0.018      ,-0.012      ,0.001       ,0.000       ,-0.011      ,880.000     ,0.000       ,-0.018      ,16.140      ,0.00000       ,2147483646    ,359.824         ,0.000         ,-0.000              ,-0.000              ,23924.000       ,0.00000           ,0.00000               ,0.000         ,0.000         ,-0.011        ,0.003         
17:21:02.234615     ,0.881       ,0.880       ,19.176      ,16.150      ,16.142      ,16.158      ,-0.016      ,-0.011      ,0.001       ,0.000       ,-0.010      ,880.000     ,0.000       ,-0.016      ,16.141      ,0.00000       ,2147483646    ,359.824         ,0.000         ,-0.000              ,-0.000              ,23924.000       ,0.00000           ,0.00000               ,0.000         ,0.000         ,-0.010        ,-0.010        
17:21:02.238779     ,0.881       ,0.880       ,19.176      ,16.140      ,16.139      ,16.158      ,-0.016      ,-0.011      ,0.001       ,-0.000      ,-0.010      ,880.000     ,0.000       ,-0.016      ,16.142      ,0.00000       ,2147483646    ,359.824         ,0.000         ,-0.000              ,-0.000              ,23924.000       ,0.00000           ,0.00000               ,0.000         ,0.000         ,-0.010        ,-0.010        
17:21:02.252287     ,0.881       ,0.880       ,19.144      ,16.150      ,16.141      ,16.158      ,-0.018      ,-0.012      ,0.001       ,-0.000      ,-0.012      ,880.000     ,0.000       ,-0.018      ,16.139      ,0.00000       ,2147483646    ,359.824         ,0.000         ,-0.000              ,-0.000              ,23924.000       ,0.00000           ,0.00000               ,0.000         ,0.000         ,-0.012        ,-0.000        
17:21:02.258759     ,0.881       ,0.880       ,19.144      ,16.150      ,16.142      ,16.158      ,-0.017      ,-0.011      ,0.001       ,0.000       ,-0.010      ,880.000     ,0.000       ,-0.017      ,16.141      ,0.00000       ,2147483646    ,359.824         ,0.000         ,-0.000              ,-0.000              ,23924.000       ,0.00000           ,0.00000               ,0.000         ,0.000         ,-0.010        ,-0.000        
17:21:02.273750     ,0.881       ,0.880       ,19.144      ,16.150      ,16.141      ,16.158      ,-0.016      ,-0.011      ,0.001       ,-0.000      ,-0.010      ,880.000     ,0.000       ,-0.016      ,16.142      ,0.00000       ,2147483646    ,359.824         ,0.000         ,-0.000              ,-0.000              ,23924.000       ,0.00000           ,0.00000               ,0.000         ,0.000         ,-0.010        ,-0.001        
17:21:02.278767     ,0.881       ,0.880       ,19.144      ,16.140      ,16.139      ,16.158      ,-0.016      ,-0.011      ,0.001       ,-0.000      ,-0.010      ,880.000     ,0.000       ,-0.016      ,16.141      ,0.00000       ,2147483646    ,359.824         ,0.000         ,-0.000              ,-0.000              ,23924.000       ,0.00000           ,0.00000               ,0.000         ,0.000         ,-0.010        ,-0.001        
17:21:02.296783     ,0.881       ,0.880       ,19.144      ,16.140      ,16.138      ,16.158      ,-0.019      ,-0.013      ,0.001       ,-0.000      ,-0.012      ,880.000     ,0.000       ,-0.019      ,16.139      ,0.00000       ,2147483646    ,359.824         ,0.000         ,-0.000              ,-0.000              ,23924.000       ,0.00000           ,0.00000               ,0.000         ,0.000         ,-0.012        ,-0.000        
17:21:02.298756     ,0.881       ,0.880       ,19.144      ,16.140      ,16.136      ,16.158      ,-0.020      ,-0.013      ,0.001       ,0.000       ,-0.012      ,880.000     ,0.000       ,-0.020      ,16.138      ,0.00000       ,2147483646    ,359.824         ,0.000         ,-0.000              ,-0.000              ,23924.000       ,0.00000           ,0.00000               ,0.000         ,0.000         ,-0.012        ,-0.000        
17:21:02.308759     ,0.881       ,0.880       ,19.144      ,16.160      ,16.138      ,16.158      ,-0.022      ,-0.015      ,0.001       ,-0.000      ,-0.014      ,880.000     ,0.000       ,-0.022      ,16.136      ,0.00000       ,2147483646    ,359.824         ,0.000         ,-0.000              ,-0.000              ,23924.000       ,0.00000           ,0.00000               ,0.000         ,0.000         ,-0.014        ,-0.000        
17:21:02.318762     ,0.881       ,0.880       ,19.144      ,16.140      ,16.135      ,16.158      ,-0.020      ,-0.013      ,0.001       ,0.000       ,-0.013      ,880.000     ,0.000       ,-0.020      ,16.138      ,0.00000       ,2147483646    ,359.824         ,0.000         ,-0.000              ,-0.000              ,23924.000       ,0.00000           ,0.00000               ,0.000         ,0.000         ,-0.013        ,0.003         
17:21:02.333760     ,0.881       ,0.880       ,19.144      ,16.150      ,16.137      ,16.158      ,-0.022      ,-0.015      ,0.000       ,-0.000      ,-0.015      ,880.000     ,0.000       ,-0.022      ,16.135      ,0.00000       ,2147483646    ,359.824         ,0.000         ,-0.000              ,-0.000              ,23924.000       ,0.00000           ,0.00000               ,0.000         ,0.000         ,-0.013        ,-0.000        
17:21:02.338768     ,0.881       ,0.880       ,19.144      ,16.140      ,16.137      ,16.158      ,-0.020      ,-0.014      ,0.000       ,0.000       ,-0.013      ,880.000     ,0.000       ,-0.020      ,16.137      ,0.00000       ,2147483646    ,359.824         ,0.000         ,-0.000              ,-0.000              ,23924.000       ,0.00000           ,0.00000               ,0.000         ,0.000         ,-0.013        ,-0.000        
17:21:02.356917     ,0.881       ,0.880       ,19.176      ,16.140      ,16.137      ,16.158      ,-0.021      ,-0.014      ,0.000       ,0.000       ,-0.013      ,880.000     ,0.000       ,-0.021      ,16.137      ,0.00000       ,2147483646    ,359.824         ,0.000         ,-0.000              ,-0.000              ,23924.000       ,0.00000           ,0.00000               ,0.000         ,0.000         ,-0.013        ,0.001         
17:21:02.358757     ,0.881       ,0.880       ,19.176      ,16.140      ,16.134      ,16.158      ,-0.021      ,-0.014      ,0.000       ,0.000       ,-0.013      ,880.000     ,0.000       ,-0.021      ,16.137      ,0.00000       ,2147483646    ,359.824         ,0.000         ,-0.000              ,-0.000              ,23924.000       ,0.00000           ,0.00000               ,0.000         ,0.000         ,-0.013        ,0.001         
17:21:02.372827     ,0.881       ,0.880       ,19.176      ,16.140      ,16.135      ,16.158      ,-0.024      ,-0.016      ,0.000       ,-0.000      ,-0.016      ,880.000     ,0.000       ,-0.024      ,16.134      ,0.00000       ,2147483646    ,359.824         ,0.000         ,-0.000              ,-0.000              ,23924.000       ,0.00000           ,0.00000               ,0.000         ,0.000         ,-0.015        ,-0.000        
17:21:02.378757     ,0.881       ,0.880       ,19.176      ,16.140      ,16.133      ,16.158      ,-0.023      ,-0.015      ,0.000       ,0.000       ,-0.015      ,880.000     ,0.000       ,-0.023      ,16.135      ,0.00000       ,2147483646    ,359.824         ,0.000         ,-0.000              ,-0.000              ,23924.000       ,0.00000           ,0.00000               ,0.000         ,0.000         ,-0.015        ,-0.000        
17:21:02.391262     ,0.881       ,0.880       ,19.176      ,16.140      ,16.133      ,16.158      ,-0.024      ,-0.016      ,0.000       ,-0.000      ,-0.016      ,880.000     ,0.000       ,-0.024      ,16.133      ,0.00000       ,2147483646    ,359.824         ,0.000         ,-0.000              ,-0.000              ,23924.000       ,0.00000           ,0.00000               ,0.000         ,0.000         ,-0.016        ,-0.003        
17:21:02.398804     ,0.881       ,0.880       ,19.176      ,16.140      ,16.133      ,16.158      ,-0.024      ,-0.016      ,0.000       ,0.000       ,-0.016      ,880.000     ,0.000       ,-0.024      ,16.133      ,0.00000       ,2147483646    ,359.824         ,0.000         ,-0.000              ,-0.000              ,23924.000       ,0.00000           ,0.00000               ,0.000         ,0.000         ,-0.016        ,-0.003        
17:21:02.409950     ,0.881       ,0.880       ,19.176      ,16.140      ,16.132      ,16.158      ,-0.025      ,-0.017      ,0.000       ,-0.000      ,-0.017      ,880.000     ,0.000       ,-0.025      ,16.133      ,0.00000       ,2147483646    ,359.824         ,0.000         ,-0.000              ,-0.000              ,23924.000       ,0.00000           ,0.00000               ,0.000         ,0.000         ,-0.017        ,0.001         
17:21:02.418759     ,0.881       ,0.880       ,19.176      ,16.150      ,16.133      ,16.158      ,-0.026      ,-0.017      ,0.000       ,-0.000      ,-0.017      ,880.000     ,0.000       ,-0.026      ,16.132      ,0.00000       ,2147483646    ,359.824         ,0.000         ,-0.000              ,-0.000              ,23924.000       ,0.00000           ,0.00000               ,0.000         ,0.000         ,-0.017        ,0.001         
17:21:02.429409     ,0.881       ,0.880       ,19.176      ,16.140      ,16.132      ,16.158      ,-0.025      ,-0.017      ,0.000       ,0.000       ,-0.016      ,880.000     ,0.000       ,-0.025      ,16.133      ,0.00000       ,2147483646    ,359.824         ,0.000         ,-0.000              ,-0.000              ,23924.000       ,0.00000           ,0.00000               ,0.000         ,0.000         ,-0.016        ,-0.003        
17:21:02.438770     ,0.881       ,0.880       ,19.176      ,16.130      ,16.130      ,16.158      ,-0.026      ,-0.017      ,0.000       ,-0.000      ,-0.017      ,880.000     ,0.000       ,-0.026      ,16.132      ,0.00000       ,2147483646    ,359.824         ,0.000         ,-0.000              ,-0.000              ,23924.000       ,0.00000           ,0.00000               ,0.000         ,0.000         ,-0.017        ,-0.003        
17:21:02.452323     ,0.879       ,0.880       ,19.160      ,16.140      ,16.131      ,16.158      ,-0.026      ,-0.018      ,-0.000      ,0.000       ,-0.017      ,880.000     ,0.000       ,-0.026      ,16.131      ,0.00000       ,2147483646    ,359.824         ,0.000         ,-0.000              ,-0.000              ,23924.000       ,0.00000           ,0.00000               ,0.000         ,0.000         ,-0.017        ,-0.001        
17:21:02.458762     ,0.879       ,0.880       ,19.160      ,16.130      ,16.130      ,16.158      ,-0.026      ,-0.018      ,-0.000      ,0.000       ,-0.017      ,880.000     ,0.000       ,-0.026      ,16.131      ,0.00000       ,2147483646    ,359.824         ,0.000         ,-0.000              ,-0.000              ,23924.000       ,0.00000           ,0.00000               ,0.000         ,0.000         ,-0.017        ,-0.001        
17:21:02.468758     ,0.879       ,0.880       ,19.160      ,16.140      ,16.129      ,16.158      ,-0.027      ,-0.018      ,-0.000      ,-0.000      ,-0.018      ,880.000     ,0.000       ,-0.027      ,16.130      ,0.00000       ,2147483646    ,359.824         ,0.000         ,-0.000              ,-0.000              ,23924.000       ,0.00000           ,0.00000               ,0.000         ,0.000         ,-0.018        ,0.001         
17:21:02.483721     ,0.879       ,0.880       ,19.160      ,16.140      ,16.130      ,16.158      ,-0.028      ,-0.019      ,-0.000      ,-0.000      ,-0.019      ,880.000     ,0.000       ,-0.028      ,16.129      ,0.00000       ,2147483646    ,359.824         ,0.000         ,-0.000              ,-0.000              ,23924.000       ,0.00000           ,0.00000               ,0.000         ,0.000         ,-0.019        ,0.001         
17:21:02.488778     ,0.879       ,0.880       ,19.160      ,16.140      ,16.131      ,16.158      ,-0.028      ,-0.019      ,-0.000      ,0.000       ,-0.019      ,880.000     ,0.000       ,-0.028      ,16.130      ,0.00000       ,2147483646    ,359.824         ,0.000         ,-0.000              ,-0.000              ,23924.000       ,0.00000           ,0.00000               ,0.000         ,0.000         ,-0.019        ,0.001         
17:21:02.502437     ,0.879       ,0.880       ,19.160      ,16.150      ,16.131      ,16.158      ,-0.027      ,-0.018      ,-0.000      ,-0.000      ,-0.018      ,880.000     ,0.000       ,-0.027      ,16.131      ,0.00000       ,2147483646    ,359.824         ,0.000         ,-0.000              ,-0.000              ,23924.000       ,0.00000           ,0.00000               ,0.000         ,0.000         ,-0.018        ,0.001         
17:21:02.508808     ,0.879       ,0.880       ,19.160      ,16.260      ,16.152      ,16.158      ,-0.027      ,-0.018      ,-0.000      ,-0.000      ,-0.018      ,880.000     ,0.000       ,-0.027      ,16.131      ,0.00000       ,2147483646    ,359.824         ,0.000         ,-0.000              ,-0.000              ,23924.000       ,0.00000           ,0.00000               ,0.000         ,0.000         ,-0.018        ,0.001         
17:21:02.520798     ,0.879       ,0.880       ,19.160      ,16.360      ,16.183      ,16.158      ,0.025       ,0.017       ,-0.000      ,0.001       ,0.018       ,880.000     ,0.000       ,0.025       ,16.183      ,0.00000       ,2147483646    ,359.824         ,0.000         ,-0.000              ,-0.000              ,23924.000       ,0.00000           ,0.00000               ,0.000         ,0.000         ,0.018         ,0.001         
17:21:02.528759     ,0.879       ,0.880       ,19.160      ,16.420      ,16.222      ,16.158      ,0.025       ,0.017       ,-0.000      ,0.001       ,0.018       ,880.000     ,0.000       ,0.025       ,16.183      ,0.00000       ,2147483646    ,359.824         ,0.000         ,-0.000              ,-0.000              ,23924.000       ,0.00000           ,0.00000               ,0.000         ,0.000         ,0.018         ,0.001         
17:21:02.539249     ,0.879       ,0.880       ,19.160      ,16.380      ,16.255      ,16.158      ,0.064       ,0.043       ,-0.000      ,0.000       ,0.043       ,880.000     ,0.000       ,0.064       ,16.222      ,0.00000       ,2147483646    ,359.824         ,0.000         ,-0.000              ,-0.000              ,23924.000       ,0.00000           ,0.00000               ,0.000         ,0.000         ,0.043         ,0.003         
17:21:02.552192     ,0.881       ,0.880       ,19.160      ,16.330      ,16.287      ,16.158      ,0.129       ,0.086       ,0.000       ,-0.000      ,0.087       ,880.000     ,0.000       ,0.129       ,16.287      ,0.00015       ,0             ,0.000           ,0.000         ,-0.000              ,-0.000              ,23924.000       ,0.00000           ,0.00000               ,0.000         ,0.000         ,0.087         ,0.003         
17:21:02.559814     ,0.881       ,0.880       ,19.160      ,16.310      ,16.308      ,16.158      ,0.129       ,0.086       ,0.000       ,-0.000      ,0.087       ,880.000     ,0.000       ,0.129       ,16.287      ,0.00015       ,0             ,0.000           ,0.000         ,-0.000              ,0.001               ,23924.000       ,-0.01534          ,-0.00023              ,0.000         ,0.000         ,0.087         ,0.003         
17:21:02.568758     ,0.881       ,0.880       ,19.160      ,16.250      ,16.311      ,16.158      ,0.150       ,0.100       ,0.001       ,-0.001      ,0.100       ,880.000     ,0.000       ,0.150       ,16.308      ,0.00015       ,0             ,0.000           ,0.000         ,-0.000              ,0.001               ,23924.000       ,0.00000           ,-0.00043              ,0.000         ,0.000         ,0.100         ,0.003         
17:21:02.582520     ,0.881       ,0.880       ,19.160      ,16.200      ,16.302      ,16.158      ,0.154       ,0.096       ,0.001       ,-0.001      ,0.102       ,880.000     ,0.000       ,0.154       ,16.311      ,0.00015       ,0             ,0.000           ,0.000         ,-0.000              ,0.002               ,23924.000       ,0.00000           ,-0.00059              ,0.000         ,0.000         ,0.097         ,0.001         
17:21:02.588839     ,0.881       ,0.880       ,19.160      ,16.160      ,16.290      ,16.158      ,0.145       ,0.096       ,0.001       ,-0.001      ,0.097       ,880.000     ,0.000       ,0.145       ,16.302      ,0.00015       ,0             ,0.000           ,0.000         ,-0.000              ,0.002               ,23924.000       ,0.00000           ,-0.00073              ,0.000         ,0.000         ,0.097         ,0.001         
17:21:02.602313     ,0.881       ,0.880       ,19.160      ,16.200      ,16.278      ,16.158      ,0.132       ,0.088       ,0.001       ,-0.000      ,0.089       ,880.000     ,0.000       ,0.132       ,16.290      ,0.00015       ,0             ,0.000           ,0.000         ,-0.000              ,0.003               ,23924.000       ,0.00000           ,-0.00085              ,0.000         ,0.000         ,0.089         ,0.004         
17:21:02.608760     ,0.881       ,0.880       ,19.160      ,16.240      ,16.256      ,16.158      ,0.120       ,0.080       ,0.001       ,0.000       ,0.082       ,880.000     ,0.000       ,0.120       ,16.278      ,0.00015       ,0             ,0.000           ,0.000         ,-0.000              ,0.003               ,23924.000       ,0.00000           ,-0.00096              ,0.000         ,0.000         ,0.082         ,0.004         
17:21:02.619716     ,0.881       ,0.880       ,19.160      ,16.260      ,16.234      ,16.158      ,0.098       ,0.066       ,0.002       ,-0.001      ,0.067       ,880.000     ,0.000       ,0.098       ,16.256      ,0.00015       ,0             ,0.000           ,0.000         ,-0.000              ,0.003               ,23924.000       ,0.00000           ,-0.00104              ,0.000         ,0.000         ,0.067         ,0.003         
17:21:02.628757     ,0.881       ,0.880       ,19.160      ,16.370      ,16.234      ,16.158      ,0.076       ,0.051       ,0.002       ,-0.000      ,0.053       ,880.000     ,0.000       ,0.076       ,16.234      ,0.00015       ,0             ,0.000           ,0.000         ,-0.000              ,0.003               ,23924.000       ,0.00000           ,-0.00112              ,0.000         ,0.000         ,0.053         ,0.003         
17:21:02.639389     ,0.881       ,0.880       ,19.160      ,16.400      ,16.247      ,16.158      ,0.076       ,0.051       ,0.002       ,0.001       ,0.054       ,880.000     ,0.000       ,0.076       ,16.234      ,0.00015       ,0             ,0.000           ,0.000         ,-0.000              ,0.004               ,23924.000       ,0.00000           ,-0.00118              ,0.000         ,0.000         ,0.054         ,0.001         
17:21:02.652200     ,0.881       ,0.880       ,19.225      ,16.460      ,16.274      ,16.158      ,0.117       ,0.078       ,0.002       ,0.001       ,0.081       ,880.000     ,0.000       ,0.117       ,16.274      ,0.00015       ,0             ,0.000           ,0.000         ,-0.000              ,0.004               ,23924.000       ,0.00000           ,-0.00123              ,0.000         ,0.000         ,0.081         ,0.001         
17:21:02.660037     ,0.881       ,0.880       ,19.225      ,16.530      ,16.322      ,16.158      ,0.117       ,0.078       ,0.002       ,0.001       ,0.081       ,880.000     ,0.000       ,0.117       ,16.274      ,0.00015       ,0             ,0.000           ,0.000         ,-0.000              ,0.003               ,23924.000       ,0.00000           ,-0.00105              ,0.000         ,0.000         ,0.113         ,0.004         
17:21:02.668859     ,0.881       ,0.880       ,19.225      ,16.630      ,16.396      ,16.158      ,0.164       ,0.109       ,0.002       ,0.001       ,0.113       ,880.000     ,0.000       ,0.164       ,16.322      ,0.00023       ,1             ,0.088           ,0.000         ,-0.000              ,0.003               ,23924.000       ,0.00000           ,-0.00089              ,0.000         ,0.000         ,0.113         ,0.004         
17:21:02.678774     ,0.881       ,0.880       ,19.225      ,16.560      ,16.444      ,16.158      ,0.238       ,0.159       ,0.003       ,0.002       ,0.163       ,880.000     ,0.000       ,0.238       ,16.396      ,0.00031       ,2             ,0.176           ,0.000         ,-0.000              ,0.003               ,23924.000       ,-0.00765          ,-0.00087              ,0.000         ,0.000         ,0.163         ,0.008         
17:21:02.688769     ,0.881       ,0.880       ,19.225      ,16.490      ,16.485      ,16.158      ,0.287       ,0.191       ,0.003       ,-0.002      ,0.193       ,880.000     ,0.000       ,0.287       ,16.444      ,0.00031       ,2             ,0.176           ,0.000         ,-0.000              ,0.003               ,23924.002       ,-0.00769          ,-0.00097              ,0.000         ,0.000         ,0.193         ,0.008         
17:21:02.698772     ,0.881       ,0.880       ,19.225      ,16.530      ,16.524      ,16.158      ,0.327       ,0.218       ,0.004       ,-0.001      ,0.221       ,880.000     ,0.000       ,0.327       ,16.485      ,0.00038       ,3             ,0.264           ,0.000         ,-0.000              ,0.003               ,23924.002       ,0.00000           ,-0.00106              ,0.000         ,0.000         ,0.221         ,0.011         
17:21:02.714786     ,0.881       ,0.880       ,19.225      ,16.600      ,16.557      ,16.158      ,0.367       ,0.245       ,0.005       ,-0.000      ,0.249       ,880.000     ,0.000       ,0.367       ,16.524      ,0.00046       ,4             ,0.352           ,0.000         ,-0.000              ,0.004               ,23924.002       ,-0.00767          ,-0.00124              ,0.000         ,0.000         ,0.249         ,0.014         
17:21:02.718791     ,0.881       ,0.880       ,19.225      ,16.560      ,16.555      ,16.158      ,0.400       ,0.266       ,0.005       ,-0.000      ,0.271       ,880.000     ,0.000       ,0.400       ,16.557      ,0.00046       ,4             ,0.352           ,0.000         ,-0.000              ,0.005               ,23924.002       ,-0.00767          ,-0.00152              ,0.000         ,0.000         ,0.271         ,0.014         
17:21:02.728767     ,0.881       ,0.880       ,19.225      ,16.600      ,16.566      ,16.158      ,0.397       ,0.265       ,0.006       ,-0.002      ,0.268       ,880.000     ,0.000       ,0.397       ,16.555      ,0.00054       ,5             ,0.439           ,0.000         ,-0.000              ,0.005               ,23924.002       ,0.00000           ,-0.00175              ,0.000         ,0.000         ,0.268         ,0.014         
17:21:02.738782     ,0.881       ,0.880       ,19.225      ,16.670      ,16.590      ,16.158      ,0.408       ,0.272       ,0.007       ,0.001       ,0.279       ,880.000     ,0.000       ,0.408       ,16.566      ,0.00061       ,6             ,0.527           ,0.200         ,-0.001              ,0.006               ,23924.002       ,-0.00767          ,-0.00206              ,0.000         ,0.000         ,0.279         ,0.011         
17:21:02.758694     ,0.883       ,0.880       ,19.144      ,16.730      ,16.607      ,16.158      ,0.450       ,0.300       ,0.008       ,-0.000      ,0.307       ,880.000     ,0.000       ,0.450       ,16.607      ,0.00069       ,7             ,0.615           ,0.400         ,-0.001              ,0.007               ,23924.004       ,-0.00767          ,-0.00244              ,0.000         ,0.000         ,0.307         ,0.004         
17:21:02.758760     ,0.883       ,0.880       ,19.144      ,16.660      ,16.602      ,16.158      ,0.450       ,0.300       ,0.008       ,-0.000      ,0.307       ,880.000     ,0.000       ,0.450       ,16.607      ,0.00077       ,8             ,0.703           ,0.600         ,-0.002              ,0.009               ,23924.004       ,-0.00767          ,-0.00288              ,0.000         ,0.000         ,0.307         ,0.004         
17:21:02.775121     ,0.883       ,0.880       ,19.144      ,16.620      ,16.611      ,16.158      ,0.444       ,0.296       ,0.009       ,-0.002      ,0.303       ,880.000     ,0.000       ,0.444       ,16.602      ,0.00084       ,9             ,0.791           ,0.800         ,-0.003              ,0.010               ,23924.004       ,-0.00766          ,-0.00337              ,0.000         ,0.000         ,0.303         ,0.014         
17:21:02.778769     ,0.883       ,0.880       ,19.144      ,16.680      ,16.634      ,16.158      ,0.453       ,0.302       ,0.009       ,0.001       ,0.312       ,880.000     ,0.000       ,0.453       ,16.611      ,0.00092       ,10            ,0.879           ,1.000         ,-0.003              ,0.011               ,23924.004       ,-0.00768          ,-0.00379              ,0.000         ,0.000         ,0.312         ,0.014         
17:21:02.794805     ,0.883       ,0.880       ,19.144      ,16.740      ,16.660      ,16.158      ,0.476       ,0.318       ,0.010       ,0.001       ,0.329       ,880.000     ,0.000       ,0.476       ,16.634      ,0.00100       ,11            ,0.967           ,1.000         ,-0.003              ,0.012               ,23924.004       ,-0.00766          ,-0.00414              ,0.000         ,0.000         ,0.329         ,0.015         
17:21:02.798765     ,0.883       ,0.880       ,19.144      ,16.730      ,16.672      ,16.158      ,0.502       ,0.335       ,0.011       ,0.000       ,0.346       ,880.000     ,0.000       ,0.502       ,16.660      ,0.00107       ,12            ,1.055           ,1.000         ,-0.003              ,0.014               ,23924.004       ,-0.00768          ,-0.00455              ,0.000         ,0.000         ,0.346         ,0.015         
17:21:02.808763     ,0.883       ,0.880       ,19.144      ,16.770      ,16.701      ,16.158      ,0.514       ,0.343       ,0.012       ,-0.001      ,0.354       ,880.000     ,0.000       ,0.514       ,16.672      ,0.00107       ,12            ,1.055           ,1.000         ,-0.003              ,0.015               ,23924.004       ,-0.00767          ,-0.00491              ,0.000         ,0.000         ,0.354         ,0.015         
17:21:02.818766     ,0.883       ,0.880       ,19.144      ,16.790      ,16.730      ,16.158      ,0.543       ,0.362       ,0.013       ,0.001       ,0.376       ,880.000     ,0.000       ,0.543       ,16.701      ,0.00123       ,14            ,1.230           ,1.000         ,-0.003              ,0.016               ,23924.004       ,-0.00767          ,-0.00520              ,0.000         ,0.000         ,0.376         ,0.018         
17:21:02.834882     ,0.883       ,0.880       ,19.144      ,16.790      ,16.742      ,16.158      ,0.573       ,0.382       ,0.014       ,0.000       ,0.396       ,880.000     ,0.000       ,0.573       ,16.730      ,0.00130       ,15            ,1.318           ,1.000         ,-0.003              ,0.017               ,23924.004       ,-0.00767          ,-0.00557              ,0.000         ,0.000         ,0.396         ,0.018         
17:21:02.838778     ,0.883       ,0.880       ,19.144      ,16.750      ,16.738      ,16.158      ,0.584       ,0.389       ,0.015       ,-0.001      ,0.403       ,880.000     ,0.000       ,0.584       ,16.742      ,0.00138       ,16            ,1.406           ,1.000         ,-0.003              ,0.018               ,23924.004       ,-0.00767          ,-0.00589              ,0.000         ,0.000         ,0.403         ,0.018         
17:21:02.852296     ,0.881       ,0.880       ,19.193      ,16.780      ,16.749      ,16.158      ,0.580       ,0.387       ,0.016       ,-0.001      ,0.401       ,880.000     ,0.000       ,0.580       ,16.738      ,0.00146       ,17            ,1.494           ,1.000         ,-0.003              ,0.018               ,23924.006       ,-0.00767          ,-0.00616              ,0.000         ,0.000         ,0.401         ,0.020         
17:21:02.858766     ,0.881       ,0.880       ,19.193      ,16.790      ,16.759      ,16.158      ,0.591       ,0.394       ,0.017       ,0.001       ,0.412       ,880.000     ,0.000       ,0.591       ,16.749      ,0.00153       ,18            ,1.582           ,1.200         ,-0.004              ,0.019               ,23924.006       ,-0.00767          ,-0.00638              ,0.000         ,0.000         ,0.412         ,0.020         
17:21:02.868787     ,0.881       ,0.880       ,19.193      ,16.830      ,16.773      ,16.158      ,0.601       ,0.401       ,0.018       ,-0.000      ,0.418       ,880.000     ,0.000       ,0.601       ,16.759      ,0.00161       ,19            ,1.670           ,1.400         ,-0.005              ,0.020               ,23924.006       ,-0.00767          ,-0.00658              ,0.000         ,0.000         ,0.418         ,0.020         
17:21:02.878765     ,0.881       ,0.880       ,19.193      ,16.840      ,16.787      ,16.158      ,0.616       ,0.411       ,0.019       ,0.000       ,0.430       ,880.000     ,0.000       ,0.616       ,16.773      ,0.00169       ,20            ,1.758           ,1.600         ,-0.006              ,0.020               ,23924.006       ,-0.00767          ,-0.00674              ,0.000         ,0.000         ,0.430         ,0.022         
17:21:02.896178     ,0.881       ,0.880       ,19.193      ,16.850      ,16.806      ,16.158      ,0.630       ,0.420       ,0.020       ,-0.000      ,0.440       ,880.000     ,0.000       ,0.630       ,16.787      ,0.00176       ,21            ,1.846           ,1.800         ,-0.006              ,0.021               ,23924.006       ,-0.00767          ,-0.00688              ,0.000         ,0.000         ,0.440         ,0.033         
17:21:02.898762     ,0.881       ,0.880       ,19.193      ,16.840      ,16.813      ,16.158      ,0.649       ,0.432       ,0.021       ,0.000       ,0.454       ,880.000     ,0.000       ,0.649       ,16.806      ,0.00176       ,21            ,1.846           ,2.000         ,-0.007              ,0.021               ,23924.006       ,-0.00767          ,-0.00700              ,0.000         ,0.000         ,0.454         ,0.033         
17:21:02.916032     ,0.881       ,0.880       ,19.193      ,16.800      ,16.813      ,16.158      ,0.656       ,0.437       ,0.022       ,-0.001      ,0.458       ,880.000     ,0.000       ,0.656       ,16.813      ,0.00184       ,22            ,1.934           ,2.000         ,-0.007              ,0.021               ,23924.008       ,0.00000           ,-0.00698              ,0.000         ,0.000         ,0.459         ,0.024         
17:21:02.918785     ,0.881       ,0.880       ,19.193      ,16.800      ,16.810      ,16.158      ,0.655       ,0.437       ,0.023       ,-0.001      ,0.459       ,880.000     ,0.000       ,0.655       ,16.813      ,0.00184       ,22            ,1.934           ,2.000         ,-0.007              ,0.021               ,23924.008       ,-0.00767          ,-0.00697              ,0.000         ,0.000         ,0.459         ,0.024         
17:21:02.934678     ,0.881       ,0.880       ,19.193      ,16.830      ,16.814      ,16.158      ,0.652       ,0.435       ,0.024       ,-0.000      ,0.459       ,880.000     ,0.000       ,0.652       ,16.810      ,0.00192       ,23            ,2.021           ,2.000         ,-0.007              ,0.021               ,23924.008       ,0.00000           ,-0.00685              ,0.000         ,0.000         ,0.463         ,0.027         
17:21:02.938789     ,0.881       ,0.880       ,19.193      ,16.840      ,16.817      ,16.158      ,0.656       ,0.437       ,0.025       ,0.000       ,0.463       ,880.000     ,0.000       ,0.656       ,16.814      ,0.00192       ,23            ,2.021           ,2.000         ,-0.007              ,0.020               ,23924.008       ,-0.00766          ,-0.00674              ,0.000         ,0.000         ,0.463         ,0.027         
17:21:02.958949     ,0.881       ,0.880       ,19.144      ,16.840      ,16.819      ,16.158      ,0.662       ,0.441       ,0.027       ,-0.000      ,0.469       ,880.000     ,0.000       ,0.662       ,16.819      ,0.00199       ,24            ,2.109           ,1.800         ,-0.006              ,0.020               ,23924.008       ,0.00000           ,-0.00653              ,0.000         ,0.000         ,0.469         ,0.027         
17:21:02.959007     ,0.881       ,0.880       ,19.144      ,16.840      ,16.826      ,16.158      ,0.662       ,0.441       ,0.027       ,-0.000      ,0.469       ,880.000     ,0.000       ,0.662       ,16.819      ,0.00199       ,24            ,2.109           ,1.600         ,-0.006              ,0.019               ,23924.008       ,-0.00767          ,-0.00636              ,0.000         ,0.000         ,0.469         ,0.027         
17:21:02.968780     ,0.881       ,0.880       ,19.144      ,16.850      ,16.830      ,16.158      ,0.668       ,0.445       ,0.029       ,0.000       ,0.474       ,880.000     ,0.000       ,0.668       ,16.826      ,0.00199       ,24            ,2.109           ,1.400         ,-0.005              ,0.018               ,23924.008       ,0.00000           ,-0.00610              ,0.000         ,0.000         ,0.474         ,0.028         
17:21:02.978768     ,0.881       ,0.880       ,19.144      ,16.830      ,16.825      ,16.158      ,0.672       ,0.448       ,0.030       ,-0.000      ,0.478       ,880.000     ,0.000       ,0.672       ,16.830      ,0.00207       ,25            ,2.197           ,1.200         ,-0.004              ,0.017               ,23924.008       ,0.00000           ,-0.00576              ,0.000         ,0.000         ,0.478         ,0.028         
17:21:02.994964     ,0.881       ,0.880       ,19.144      ,16.780      ,16.814      ,16.158      ,0.667       ,0.445       ,0.031       ,-0.001      ,0.475       ,880.000     ,0.000       ,0.667       ,16.825      ,0.00207       ,25            ,2.197           ,1.000         ,-0.003              ,0.016               ,23924.008       ,-0.00767          ,-0.00547              ,0.000         ,0.000         ,0.469         ,0.028         
17:21:02.998761     ,0.881       ,0.880       ,19.144      ,16.800      ,16.811      ,16.158      ,0.656       ,0.437       ,0.032       ,-0.000      ,0.469       ,880.000     ,0.000       ,0.656       ,16.814      ,0.00207       ,25            ,2.197           ,1.000         ,-0.003              ,0.015               ,23924.008       ,0.00000           ,-0.00511              ,0.000         ,0.000         ,0.469         ,0.028         
17:21:03.014597     ,0.881       ,0.880       ,19.144      ,16.810      ,16.812      ,16.158      ,0.654       ,0.436       ,0.033       ,0.001       ,0.469       ,880.000     ,0.000       ,0.654       ,16.811      ,0.00207       ,25            ,2.197           ,1.000         ,-0.003              ,0.014               ,23924.008       ,0.00000           ,-0.00480              ,0.000         ,0.000         ,0.470         ,0.028         
17:21:03.018775     ,0.881       ,0.880       ,19.144      ,16.800      ,16.806      ,16.158      ,0.654       ,0.436       ,0.034       ,0.000       ,0.470       ,880.000     ,0.000       ,0.654       ,16.812      ,0.00207       ,25            ,2.197           ,1.000         ,-0.003              ,0.013               ,23924.008       ,0.00000           ,-0.00443              ,0.000         ,0.000         ,0.470         ,0.028         
17:21:03.034534     ,0.881       ,0.880       ,19.144      ,16.770      ,16.796      ,16.158      ,0.648       ,0.432       ,0.035       ,-0.000      ,0.467       ,880.000     ,0.000       ,0.648       ,16.806      ,0.00207       ,25            ,2.197           ,1.000         ,-0.003              ,0.012               ,23924.008       ,0.00000           ,-0.00411              ,0.000         ,0.000         ,0.467         ,0.028         
17:21:03.038786     ,0.881       ,0.880       ,19.144      ,16.740      ,16.788      ,16.158      ,0.638       ,0.426       ,0.036       ,-0.000      ,0.462       ,880.000     ,0.000       ,0.638       ,16.796      ,0.00207       ,25            ,2.197           ,1.000         ,-0.003              ,0.011               ,23924.008       ,0.00000           ,-0.00372              ,0.000         ,0.000         ,0.462         ,0.028         
17:21:03.060180     ,0.883       ,0.880       ,19.193      ,16.720      ,16.771      ,16.158      ,0.613       ,0.409       ,0.038       ,-0.001      ,0.446       ,880.000     ,0.000       ,0.613       ,16.771      ,0.00207       ,25            ,2.197           ,1.000         ,-0.003              ,0.010               ,23924.008       ,0.00000           ,-0.00339              ,0.000         ,0.000         ,0.446         ,0.027         
17:21:03.060228     ,0.883       ,0.880       ,19.193      ,16.710      ,16.751      ,16.158      ,0.593       ,0.396       ,0.039       ,-0.000      ,0.435       ,880.000     ,0.000       ,0.593       ,16.751      ,0.00207       ,25            ,2.197           ,1.000         ,-0.003              ,0.008               ,23924.008       ,0.00000           ,-0.00266              ,0.000         ,0.000         ,0.435         ,0.027         
17:21:03.068774     ,0.883       ,0.880       ,19.193      ,16.720      ,16.736      ,16.158      ,0.593       ,0.396       ,0.039       ,-0.000      ,0.435       ,880.000     ,0.000       ,0.593       ,16.751      ,0.00207       ,25            ,2.197           ,1.000         ,-0.003              ,0.008               ,23924.008       ,0.00000           ,-0.00266              ,0.000         ,0.000         ,0.435         ,0.036         
17:21:03.078766     ,0.883       ,0.880       ,19.193      ,16.730      ,16.728      ,16.158      ,0.593       ,0.396       ,0.039       ,-0.000      ,0.435       ,880.000     ,0.000       ,0.593       ,16.751      ,0.00207       ,25            ,2.197           ,1.000         ,-0.003              ,0.008               ,23924.008       ,0.00000           ,-0.00266              ,0.000         ,0.000         ,0.435         ,0.036         
17:21:03.094825     ,0.883       ,0.880       ,19.193      ,16.780      ,16.731      ,16.158      ,0.570       ,0.380       ,0.040       ,-0.000      ,0.420       ,880.000     ,0.000       ,0.570       ,16.728      ,0.00207       ,25            ,2.197           ,0.800         ,-0.003              ,0.007               ,23924.008       ,0.00000           ,-0.00238              ,0.000         ,0.000         ,0.425         ,0.028         
17:21:03.098757     ,0.883       ,0.880       ,19.193      ,16.790      ,16.735      ,16.158      ,0.573       ,0.382       ,0.041       ,0.002       ,0.425       ,880.000     ,0.000       ,0.573       ,16.731      ,0.00207       ,25            ,2.197           ,0.600         ,-0.002              ,0.006               ,23924.008       ,0.00000           ,-0.00202              ,0.000         ,0.000         ,0.425         ,0.028         
17:21:03.108766     ,0.883       ,0.880       ,19.193      ,16.810      ,16.744      ,16.158      ,0.577       ,0.385       ,0.042       ,0.000       ,0.427       ,880.000     ,0.000       ,0.577       ,16.735      ,0.00207       ,25            ,2.197           ,0.400         ,-0.001              ,0.005               ,23924.008       ,0.00000           ,-0.00172              ,0.000         ,0.000         ,0.427         ,0.028         
17:21:03.118766     ,0.883       ,0.880       ,19.193      ,16.800      ,16.751      ,16.158      ,0.586       ,0.391       ,0.043       ,0.000       ,0.434       ,880.000     ,0.000       ,0.586       ,16.744      ,0.00207       ,25            ,2.197           ,0.200         ,-0.001              ,0.004               ,23924.008       ,0.00000           ,-0.00146              ,0.000         ,0.000         ,0.434         ,0.028         
17:21:03.128761     ,0.883       ,0.880       ,19.193      ,16.800      ,16.763      ,16.158      ,0.594       ,0.396       ,0.044       ,-0.000      ,0.440       ,880.000     ,0.000       ,0.594       ,16.751      ,0.00207       ,25            ,2.197           ,0.000         ,-0.000              ,0.004               ,23924.008       ,0.00000           ,-0.00124              ,0.000         ,0.000         ,0.440         ,0.028         
17:21:03.138787     ,0.883       ,0.880       ,19.193      ,16.780      ,16.769      ,16.158      ,0.606       ,0.404       ,0.045       ,0.000       ,0.449       ,880.000     ,0.000       ,0.606       ,16.763      ,0.00207       ,25            ,2.197           ,0.000         ,-0.000              ,0.003               ,23924.008       ,0.00000           ,-0.00106              ,0.000         ,0.000         ,0.449         ,0.028         
17:21:03.159220     ,0.879       ,0.880       ,19.160      ,16.750      ,16.773      ,16.158      ,0.615       ,0.410       ,0.047       ,-0.000      ,0.457       ,880.000     ,0.000       ,0.615       ,16.773      ,0.00207       ,25            ,2.197           ,0.000         ,-0.000              ,0.003               ,23924.008       ,0.00000           ,-0.00090              ,0.000         ,0.000         ,0.457         ,0.028         
17:21:03.159266     ,0.879       ,0.880       ,19.160      ,16.750      ,16.775      ,16.158      ,0.615       ,0.410       ,0.047       ,-0.000      ,0.457       ,880.000     ,0.000       ,0.615       ,16.773      ,0.00207       ,25            ,2.197           ,0.000         ,-0.000              ,0.002               ,23924.008       ,0.00000           ,-0.00076              ,0.000         ,0.000         ,0.457         ,0.028         
17:21:03.168762     ,0.879       ,0.880       ,19.160      ,16.730      ,16.771      ,16.158      ,0.617       ,0.411       ,0.048       ,-0.000      ,0.459       ,880.000     ,0.000       ,0.617       ,16.775      ,0.00207       ,25            ,2.197           ,0.000         ,-0.000              ,0.002               ,23924.008       ,0.00000           ,-0.00065              ,0.000         ,0.000         ,0.459         ,0.028         
17:21:03.178762     ,0.879       ,0.880       ,19.160      ,16.730      ,16.762      ,16.158      ,0.614       ,0.409       ,0.049       ,-0.000      ,0.458       ,880.000     ,0.000       ,0.614       ,16.771      ,0.00207       ,25            ,2.197           ,0.000         ,-0.000              ,0.002               ,23924.008       ,0.00000           ,-0.00055              ,0.000         ,0.000         ,0.458         ,0.027         
17:21:03.194789     ,0.879       ,0.880       ,19.160      ,16.720      ,16.749      ,16.158      ,0.605       ,0.403       ,0.050       ,-0.000      ,0.453       ,880.000     ,0.000       ,0.605       ,16.762      ,0.00207       ,25            ,2.197           ,0.000         ,-0.000              ,0.001               ,23924.008       ,0.00000           ,-0.00047              ,0.000         ,0.000         ,0.445         ,0.028         
17:21:03.198761     ,0.879       ,0.880       ,19.160      ,16.730      ,16.738      ,16.158      ,0.591       ,0.394       ,0.051       ,-0.000      ,0.445       ,880.000     ,0.000       ,0.591       ,16.749      ,0.00207       ,25            ,2.197           ,0.000         ,-0.000              ,0.001               ,23924.008       ,0.00000           ,-0.00040              ,0.000         ,0.000         ,0.445         ,0.028         
17:21:03.208762     ,0.879       ,0.880       ,19.160      ,16.750      ,16.729      ,16.158      ,0.581       ,0.387       ,0.052       ,0.000       ,0.439       ,880.000     ,0.000       ,0.581       ,16.738      ,0.00207       ,25            ,2.197           ,0.000         ,-0.000              ,0.001               ,23924.008       ,0.00000           ,-0.00034              ,0.000         ,0.000         ,0.439         ,0.028         
17:21:03.218764     ,0.879       ,0.880       ,19.160      ,16.740      ,16.722      ,16.158      ,0.571       ,0.381       ,0.053       ,0.000       ,0.434       ,880.000     ,0.000       ,0.571       ,16.729      ,0.00207       ,25            ,2.197           ,0.000         ,-0.000              ,0.001               ,23924.008       ,0.00000           ,-0.00029              ,0.000         ,0.000         ,0.434         ,0.028         
17:21:03.235034     ,0.879       ,0.880       ,19.160      ,16.770      ,16.723      ,16.158      ,0.564       ,0.376       ,0.054       ,0.000       ,0.430       ,880.000     ,0.000       ,0.564       ,16.722      ,0.00207       ,25            ,2.197           ,0.000         ,-0.000              ,0.001               ,23924.008       ,0.00000           ,-0.00024              ,0.000         ,0.000         ,0.433         ,0.028         
17:21:03.238772     ,0.879       ,0.880       ,19.160      ,16.780      ,16.731      ,16.158      ,0.566       ,0.377       ,0.055       ,0.001       ,0.433       ,880.000     ,0.000       ,0.566       ,16.723      ,0.00207       ,25            ,2.197           ,0.000         ,-0.000              ,0.001               ,23924.008       ,0.00000           ,-0.00021              ,0.000         ,0.000         ,0.433         ,0.028         
17:21:03.257978     ,0.878       ,0.880       ,19.209      ,16.790      ,16.742      ,16.158      ,0.585       ,0.390       ,0.057       ,0.000       ,0.447       ,880.000     ,0.000       ,0.585       ,16.742      ,0.00207       ,25            ,2.197           ,0.000         ,-0.000              ,0.001               ,23924.008       ,0.00000           ,-0.00018              ,0.000         ,0.000         ,0.447         ,0.029         
17:21:03.258760     ,0.878       ,0.880       ,19.209      ,16.790      ,16.752      ,16.158      ,0.585       ,0.390       ,0.057       ,0.000       ,0.447       ,880.000     ,0.000       ,0.585       ,16.742      ,0.00207       ,25            ,2.197           ,0.000         ,-0.000              ,0.000               ,23924.008       ,0.00000           ,-0.00015              ,0.000         ,0.000         ,0.447         ,0.029         
17:21:03.275270     ,0.878       ,0.880       ,19.209      ,16.770      ,16.762      ,16.158      ,0.594       ,0.396       ,0.058       ,-0.000      ,0.454       ,880.000     ,0.000       ,0.594       ,16.752      ,0.00207       ,25            ,2.197           ,0.000         ,-0.000              ,0.000               ,23924.008       ,0.00000           ,-0.00013              ,0.000         ,0.000         ,0.454         ,0.037         
17:21:03.278771     ,0.878       ,0.880       ,19.209      ,16.740      ,16.762      ,16.158      ,0.604       ,0.403       ,0.059       ,0.000       ,0.462       ,880.000     ,0.000       ,0.604       ,16.762      ,0.00207       ,25            ,2.197           ,0.000         ,-0.000              ,0.000               ,23924.008       ,0.00000           ,-0.00011              ,0.000         ,0.000         ,0.462         ,0.037         
17:21:03.293986     ,0.878       ,0.880       ,19.209      ,16.750      ,16.763      ,16.158      ,0.605       ,0.403       ,0.060       ,-0.001      ,0.462       ,880.000     ,0.000       ,0.605       ,16.762      ,0.00207       ,25            ,2.197           ,0.000         ,-0.000              ,0.000               ,23924.008       ,0.00000           ,-0.00009              ,0.000         ,0.000         ,0.462         ,0.028         
17:21:03.298771     ,0.878       ,0.880       ,19.209      ,16.740      ,16.759      ,16.158      ,0.606       ,0.404       ,0.061       ,0.000       ,0.465       ,880.000     ,0.000       ,0.606       ,16.763      ,0.00207       ,25            ,2.197           ,0.000         ,-0.000              ,0.000               ,23924.008       ,0.00000           ,-0.00008              ,0.000         ,0.000         ,0.465         ,0.028         
17:21:03.315630     ,0.878       ,0.880       ,19.209      ,16.740      ,16.753      ,16.158      ,0.602       ,0.401       ,0.062       ,-0.000      ,0.463       ,880.000     ,0.000       ,0.602       ,16.759      ,0.00207       ,25            ,2.197           ,0.000         ,-0.000              ,0.000               ,23924.008       ,0.00000           ,-0.00007              ,0.000         ,0.000         ,0.459         ,0.028         
17:21:03.318760     ,0.878       ,0.880       ,19.209      ,16.720      ,16.743      ,16.158      ,0.595       ,0.397       ,0.063       ,-0.000      ,0.459       ,880.000     ,0.000       ,0.595       ,16.753      ,0.00207       ,25            ,2.197           ,0.000         ,-0.000              ,0.000               ,23924.008       ,0.00000           ,-0.00006              ,0.000         ,0.000         ,0.459         ,0.028         
17:21:03.328760     ,0.878       ,0.880       ,19.209      ,16.740      ,16.739      ,16.158      ,0.585       ,0.390       ,0.064       ,-0.000      ,0.454       ,880.000     ,0.000       ,0.585       ,16.743      ,0.00207       ,25            ,2.197           ,0.000         ,-0.000              ,0.000               ,23924.008       ,0.00000           ,-0.00005              ,0.000         ,0.000         ,0.454         ,0.028         
17:21:03.338768     ,0.878       ,0.880       ,19.209      ,16.750      ,16.733      ,16.158      ,0.582       ,0.388       ,0.065       ,0.000       ,0.453       ,880.000     ,0.000       ,0.582       ,16.739      ,0.00207       ,25            ,2.197           ,0.000         ,-0.000              ,0.000               ,23924.008       ,0.00000           ,-0.00004              ,0.000         ,0.000         ,0.453         ,0.028         
17:21:03.358200     ,0.883       ,0.880       ,19.160      ,16.750      ,16.729      ,16.158      ,0.571       ,0.381       ,0.067       ,0.000       ,0.448       ,880.000     ,0.000       ,0.571       ,16.729      ,0.00207       ,25            ,2.197           ,0.000         ,-0.000              ,0.000               ,23924.008       ,0.00000           ,-0.00003              ,0.000         ,0.000         ,0.448         ,0.029         
17:21:03.358757     ,0.883       ,0.880       ,19.160      ,16.770      ,16.730      ,16.158      ,0.571       ,0.381       ,0.067       ,0.000       ,0.448       ,880.000     ,0.000       ,0.571       ,16.729      ,0.00207       ,25            ,2.197           ,0.000         ,-0.000              ,0.000               ,23924.008       ,0.00000           ,-0.00003              ,0.000         ,0.000         ,0.448         ,0.029         
17:21:03.368764     ,0.883       ,0.880       ,19.160      ,16.790      ,16.741      ,16.158      ,0.573       ,0.382       ,0.068       ,0.000       ,0.450       ,880.000     ,0.000       ,0.573       ,16.730      ,0.00207       ,25            ,2.197           ,0.000         ,-0.000              ,0.000               ,23924.008       ,0.00000           ,-0.00003              ,0.000         ,0.000         ,0.450         ,0.029         
17:21:03.378766     ,0.883       ,0.880       ,19.160      ,16.780      ,16.747      ,16.158      ,0.583       ,0.389       ,0.069       ,0.001       ,0.458       ,880.000     ,0.000       ,0.583       ,16.741      ,0.00207       ,25            ,2.197           ,0.000         ,-0.000              ,0.000               ,23924.008       ,0.00000           ,-0.00002              ,0.000         ,0.000         ,0.458         ,0.028         
17:21:03.394851     ,0.883       ,0.880       ,19.160      ,16.800      ,16.757      ,16.158      ,0.589       ,0.393       ,0.070       ,-0.000      ,0.462       ,880.000     ,0.000       ,0.589       ,16.747      ,0.00207       ,25            ,2.197           ,0.000         ,-0.000              ,0.000               ,23924.008       ,0.00000           ,-0.00002              ,0.000         ,0.000         ,0.471         ,0.028         
17:21:03.398767     ,0.883       ,0.880       ,19.160      ,16.800      ,16.769      ,16.158      ,0.600       ,0.400       ,0.071       ,0.000       ,0.471       ,880.000     ,0.000       ,0.600       ,16.757      ,0.00207       ,25            ,2.197           ,0.000         ,-0.000              ,0.000               ,23924.008       ,0.00000           ,-0.00002              ,0.000         ,0.000         ,0.471         ,0.028         
17:21:03.408776     ,0.883       ,0.880       ,19.160      ,16.810      ,16.779      ,16.158      ,0.611       ,0.408       ,0.072       ,0.000       ,0.479       ,880.000     ,0.000       ,0.611       ,16.769      ,0.00207       ,25            ,2.197           ,0.000         ,-0.000              ,0.000               ,23924.008       ,0.00000           ,-0.00001              ,0.000         ,0.000         ,0.479         ,0.028         
17:21:03.418782     ,0.883       ,0.880       ,19.160      ,16.800      ,16.784      ,16.158      ,0.622       ,0.414       ,0.073       ,-0.000      ,0.487       ,880.000     ,0.000       ,0.622       ,16.779      ,0.00207       ,25            ,2.197           ,0.000         ,-0.000              ,0.000               ,23924.008       ,0.00000           ,-0.00001              ,0.000         ,0.000         ,0.487         ,0.025         
17:21:03.435060     ,0.883       ,0.880       ,19.160      ,16.790      ,16.790      ,16.158      ,0.627       ,0.418       ,0.074       ,-0.000      ,0.491       ,880.000     ,0.000       ,0.627       ,16.784      ,0.00207       ,25            ,2.197           ,0.000         ,-0.000              ,0.000               ,23924.008       ,0.00000           ,-0.00001              ,0.000         ,0.000         ,0.496         ,0.029         
17:21:03.438774     ,0.883       ,0.880       ,19.160      ,16.790      ,16.790      ,16.158      ,0.632       ,0.421       ,0.075       ,0.000       ,0.496       ,880.000     ,0.000       ,0.632       ,16.790      ,0.00207       ,25            ,2.197           ,0.000         ,-0.000              ,0.000               ,23924.008       ,0.00000           ,-0.00001              ,0.000         ,0.000         ,0.496         ,0.029         
17:21:03.456208     ,0.883       ,0.880       ,19.193      ,16.770      ,16.787      ,16.158      ,0.629       ,0.420       ,0.077       ,-0.000      ,0.496       ,880.000     ,0.000       ,0.629       ,16.787      ,0.00207       ,25            ,2.197           ,0.000         ,-0.000              ,0.000               ,23924.008       ,0.00000           ,-0.00001              ,0.000         ,0.000         ,0.496         ,0.028         
17:21:03.458762     ,0.883       ,0.880       ,19.193      ,16.770      ,16.782      ,16.158      ,0.629       ,0.420       ,0.077       ,-0.000      ,0.496       ,880.000     ,0.000       ,0.629       ,16.787      ,0.00207       ,25            ,2.197           ,0.000         ,-0.000              ,0.000               ,23924.008       ,0.00000           ,-0.00001              ,0.000         ,0.000         ,0.496         ,0.028         
17:21:03.471114     ,0.883       ,0.880       ,19.193      ,16.770      ,16.777      ,16.158      ,0.624       ,0.416       ,0.078       ,-0.000      ,0.494       ,880.000     ,0.000       ,0.624       ,16.782      ,0.00207       ,25            ,2.197           ,0.000         ,-0.000              ,0.000               ,23924.008       ,0.00000           ,-0.00000              ,0.000         ,0.000         ,0.492         ,0.028         
17:21:03.478758     ,0.883       ,0.880       ,19.193      ,16.780      ,16.774      ,16.158      ,0.619       ,0.413       ,0.079       ,0.000       ,0.492       ,880.000     ,0.000       ,0.619       ,16.777      ,0.00207       ,25            ,2.197           ,0.000         ,-0.000              ,0.000               ,23924.008       ,0.00000           ,-0.00000              ,0.000         ,0.000         ,0.492         ,0.028         
17:21:03.489792     ,0.883       ,0.880       ,19.193      ,16.780      ,16.770      ,16.158      ,0.617       ,0.411       ,0.080       ,0.000       ,0.491       ,880.000     ,0.000       ,0.617       ,16.774      ,0.00207       ,25            ,2.197           ,0.000         ,-0.000              ,0.000               ,23924.008       ,0.00000           ,-0.00000              ,0.000         ,0.000         ,0.491         ,0.027         
17:21:03.498776     ,0.883       ,0.880       ,19.193      ,16.780      ,16.768      ,16.158      ,0.612       ,0.408       ,0.081       ,-0.000      ,0.489       ,880.000     ,0.000       ,0.612       ,16.770      ,0.00207       ,25            ,2.197           ,0.000         ,-0.000              ,0.000               ,23924.008       ,0.00000           ,-0.00000              ,0.000         ,0.000         ,0.489         ,0.027         
17:21:03.509276     ,0.883       ,0.880       ,19.193      ,16.790      ,16.768      ,16.158      ,0.610       ,0.407       ,0.082       ,0.000       ,0.489       ,880.000     ,0.000       ,0.610       ,16.768      ,0.00207       ,25            ,2.197           ,0.000         ,-0.000              ,0.000               ,23924.008       ,0.00000           ,-0.00000              ,0.000         ,0.000         ,0.489         ,0.029         
17:21:03.518765     ,0.883       ,0.880       ,19.193      ,16.800      ,16.771      ,16.158      ,0.611       ,0.407       ,0.083       ,0.000       ,0.490       ,880.000     ,0.000       ,0.611       ,16.768      ,0.00207       ,25            ,2.197           ,0.000         ,-0.000              ,0.000               ,23924.008       ,0.00000           ,-0.00000              ,0.000         ,0.000         ,0.490         ,0.029         
17:21:03.529797     ,0.883       ,0.880       ,19.193      ,16.830      ,16.779      ,16.158      ,0.614       ,0.409       ,0.084       ,0.000       ,0.493       ,880.000     ,0.000       ,0.614       ,16.771      ,0.00207       ,25            ,2.197           ,0.000         ,-0.000              ,0.000               ,23924.008       ,0.00000           ,-0.00000              ,0.000         ,0.000         ,0.493         ,0.029         
17:21:03.538777     ,0.883       ,0.880       ,19.193      ,16.810      ,16.784      ,16.158      ,0.621       ,0.414       ,0.085       ,0.000       ,0.500       ,880.000     ,0.000       ,0.621       ,16.779      ,0.00207       ,25            ,2.197           ,0.000         ,-0.000              ,0.000               ,23924.008       ,0.00000           ,-0.00000              ,0.000         ,0.000         ,0.500         ,0.029         
17:21:03.552901     ,0.883       ,0.880       ,19.193      ,16.810      ,16.791      ,16.158      ,0.633       ,0.422       ,0.087       ,0.000       ,0.510       ,880.000     ,0.000       ,0.633       ,16.791      ,0.00207       ,25            ,2.197           ,0.000         ,-0.000              ,0.000               ,23924.008       ,0.00000           ,-0.00000              ,0.000         ,0.000         ,0.510         ,0.028         
17:21:03.558760     ,0.883       ,0.880       ,19.193      ,16.830      ,16.800      ,16.158      ,0.633       ,0.422       ,0.087       ,0.000       ,0.510       ,880.000     ,0.000       ,0.633       ,16.791      ,0.00207       ,25            ,2.197           ,0.000         ,-0.000              ,0.000               ,23924.008       ,0.00000           ,-0.00000              ,0.000         ,0.000         ,0.510         ,0.028         
17:21:03.569940     ,0.883       ,0.880       ,19.193      ,16.800      ,16.803      ,16.158      ,0.643       ,0.429       ,0.088       ,0.000       ,0.517       ,880.000     ,0.000       ,0.643       ,16.800      ,0.00207       ,25            ,2.197           ,0.000         ,-0.000              ,0.000               ,23924.008       ,0.00000           ,-0.00000              ,0.000         ,0.000         ,0.517         ,0.028         
17:21:03.578763     ,0.883       ,0.880       ,19.193      ,16.810      ,16.803      ,16.158      ,0.645       ,0.430       ,0.089       ,-0.000      ,0.519       ,880.000     ,0.000       ,0.645       ,16.803      ,0.00207       ,25            ,2.197           ,0.000         ,-0.000              ,0.000               ,23924.008       ,0.00000           ,-0.00000              ,0.000         ,0.000         ,0.519         ,0.028         
17:21:03.589508     ,0.883       ,0.880       ,19.193      ,16.810      ,16.806      ,16.158      ,0.645       ,0.430       ,0.091       ,-0.000      ,0.520       ,880.000     ,0.000       ,0.645       ,16.803      ,0.00207       ,25            ,2.197           ,0.000         ,-0.000              ,0.000               ,23924.008       ,0.00000           ,-0.00000              ,0.000         ,0.000         ,0.520         ,0.027         
17:21:03.598774     ,0.883       ,0.880       ,19.193      ,16.800      ,16.806      ,16.158      ,0.649       ,0.432       ,0.092       ,0.000       ,0.524       ,880.000     ,0.000       ,0.649       ,16.806      ,0.00207       ,25            ,2.197           ,0.000         ,-0.000              ,0.000               ,23924.008       ,0.00000           ,-0.00000              ,0.000         ,0.000         ,0.524         ,0.027         
17:21:03.609316     ,0.883       ,0.880       ,19.193      ,16.800      ,16.800      ,16.158      ,0.648       ,0.432       ,0.093       ,-0.000      ,0.524       ,880.000     ,0.000       ,0.648       ,16.806      ,0.00207       ,25            ,2.197           ,0.000         ,-0.000              ,0.000               ,23924.008       ,0.00000           ,-0.00000              ,0.000         ,0.000         ,0.524         ,0.027         
17:21:03.618787     ,0.883       ,0.880       ,19.193      ,16.790      ,16.798      ,16.158      ,0.643       ,0.428       ,0.094       ,-0.000      ,0.522       ,880.000     ,0.000       ,0.643       ,16.800      ,0.00207       ,25            ,2.197           ,0.000         ,-0.000              ,0.000               ,23924.008       ,0.00000           ,-0.00000              ,0.000         ,0.000         ,0.522         ,0.027         
17:21:03.629791     ,0.883       ,0.880       ,19.193      ,16.790      ,16.793      ,16.158      ,0.640       ,0.427       ,0.095       ,0.000       ,0.522       ,880.000     ,0.000       ,0.640       ,16.798      ,0.00207       ,25            ,2.197           ,0.000         ,-0.000              ,0.000               ,23924.008       ,0.00000           ,-0.00000              ,0.000         ,0.000         ,0.522         ,0.028         
17:21:03.638787     ,0.883       ,0.880       ,19.193      ,16.790      ,16.788      ,16.158      ,0.635       ,0.423       ,0.096       ,-0.000      ,0.519       ,880.000     ,0.000       ,0.635       ,16.793      ,0.00207       ,25            ,2.197           ,0.000         ,-0.000              ,0.000               ,23924.008       ,0.00000           ,-0.00000              ,0.000         ,0.000         ,0.519         ,0.028         
17:21:03.652427     ,0.878       ,0.880       ,19.193      ,16.790      ,16.785      ,16.158      ,0.628       ,0.418       ,0.098       ,0.000       ,0.516       ,880.000     ,0.000       ,0.628       ,16.785      ,0.00207       ,25            ,2.197           ,0.000         ,-0.000              ,0.000               ,23924.008       ,0.00000           ,-0.00000              ,0.000         ,0.000         ,0.516         ,0.028         
17:21:03.658767     ,0.878       ,0.880       ,19.193      ,16.800      ,16.784      ,16.158      ,0.628       ,0.418       ,0.098       ,0.000       ,0.516       ,880.000     ,0.000       ,0.628       ,16.785      ,0.00207       ,25            ,2.197           ,0.000         ,-0.000              ,0.000               ,23924.008       ,0.00000           ,-0.00000              ,0.000         ,0.000         ,0.516         ,0.028         
17:21:03.668885     ,0.878       ,0.880       ,19.193      ,16.800      ,16.785      ,16.158      ,0.627       ,0.418       ,0.099       ,0.000       ,0.517       ,880.000     ,0.000       ,0.627       ,16.784      ,0.00207       ,25            ,2.197           ,0.000         ,-0.000              ,0.000               ,23924.008       ,0.00000           ,-0.00000              ,0.000         ,0.000         ,0.517         ,0.028         
17:21:03.678759     ,0.878       ,0.880       ,19.193      ,16.800      ,16.785      ,16.158      ,0.627       ,0.418       ,0.100       ,0.000       ,0.518       ,880.000     ,0.000       ,0.627       ,16.785      ,0.00207       ,25            ,2.197           ,0.000         ,-0.000              ,0.000               ,23924.008       ,0.00000           ,-0.00000              ,0.000         ,0.000         ,0.518         ,0.028         
17:21:03.689034     ,0.878       ,0.880       ,19.193      ,16.800      ,16.786      ,16.158      ,0.628       ,0.418       ,0.101       ,-0.000      ,0.520       ,880.000     ,0.000       ,0.628       ,16.785      ,0.00207       ,25            ,2.197           ,0.000         ,-0.000              ,0.000               ,23924.008       ,0.00000           ,-0.00000              ,0.000         ,0.000         ,0.520         ,0.028         
17:21:03.704864     ,0.878       ,0.880       ,19.193      ,16.800      ,16.788      ,16.158      ,0.629       ,0.419       ,0.102       ,0.000       ,0.521       ,880.000     ,0.000       ,0.629       ,16.786      ,0.00207       ,25            ,2.197           ,0.000         ,-0.000              ,0.000               ,23924.008       ,0.00000           ,-0.00000              ,0.000         ,0.000         ,0.521         ,0.028         
17:21:03.708960     ,0.878       ,0.880       ,19.193      ,16.800      ,16.789      ,16.158      ,0.631       ,0.420       ,0.103       ,0.000       ,0.524       ,880.000     ,0.000       ,0.631       ,16.788      ,0.00207       ,25            ,2.197           ,0.000         ,-0.000              ,0.000               ,23924.008       ,0.00000           ,-0.00000              ,0.000         ,0.000         ,0.524         ,0.028         
17:21:03.718768     ,0.878       ,0.880       ,19.193      ,16.800      ,16.790      ,16.158      ,0.631       ,0.421       ,0.104       ,-0.000      ,0.525       ,880.000     ,0.000       ,0.631       ,16.789      ,0.00207       ,25            ,2.197           ,0.000         ,-0.000              ,0.000               ,23924.008       ,0.00000           ,-0.00000              ,0.000         ,0.000         ,0.525         ,0.028         
17:21:03.728903     ,0.878       ,0.880       ,19.193      ,16.800      ,16.791      ,16.158      ,0.632       ,0.422       ,0.105       ,0.000       ,0.527       ,880.000     ,0.000       ,0.632       ,16.790      ,0.00207       ,25            ,2.197           ,0.000         ,-0.000              ,0.000               ,23924.008       ,0.00000           ,-0.00000              ,0.000         ,0.000         ,0.527         ,0.027         
17:21:03.745196     ,0.878       ,0.880       ,19.193      ,16.780      ,16.789      ,16.158      ,0.634       ,0.423       ,0.106       ,-0.000      ,0.529       ,880.000     ,0.000       ,0.634       ,16.791      ,0.00207       ,25            ,2.197           ,0.000         ,-0.000              ,0.000               ,23924.008       ,0.00000           ,-0.00000              ,0.000         ,0.000         ,0.529         ,0.028         
17:21:03.752635     ,0.883       ,0.880       ,19.209      ,16.780      ,16.786      ,16.158      ,0.629       ,0.419       ,0.108       ,0.000       ,0.528       ,880.000     ,0.000       ,0.629       ,16.786      ,0.00207       ,25            ,2.197           ,0.000         ,-0.000              ,0.000               ,23924.008       ,0.00000           ,-0.00000              ,0.000         ,0.000         ,0.528         ,0.028         
17:21:03.763786     ,0.883       ,0.880       ,19.209      ,16.790      ,16.785      ,16.158      ,0.629       ,0.419       ,0.108       ,0.000       ,0.528       ,880.000     ,0.000       ,0.629       ,16.786      ,0.00207       ,25            ,2.197           ,0.000         ,-0.000              ,0.000               ,23924.008       ,0.00000           ,-0.00000              ,0.000         ,0.000         ,0.528         ,0.028         
17:21:03.769104     ,0.883       ,0.880       ,19.209      ,16.790      ,16.783      ,16.158      ,0.628       ,0.418       ,0.110       ,0.000       ,0.528       ,880.000     ,0.000       ,0.628       ,16.785      ,0.00207       ,25            ,2.197           ,0.000         ,-0.000              ,0.000               ,23924.008       ,0.00000           ,-0.00000              ,0.000         ,0.000         ,0.528         ,0.028         
17:21:03.784704     ,0.883       ,0.880       ,19.209      ,16.800      ,16.781      ,16.158      ,0.625       ,0.417       ,0.111       ,-0.000      ,0.527       ,880.000     ,0.000       ,0.625       ,16.783      ,0.00207       ,25            ,2.197           ,0.000         ,-0.000              ,0.000               ,23924.008       ,0.00000           ,-0.00000              ,0.000         ,0.000         ,0.527         ,0.028         
17:21:03.789211     ,0.883       ,0.880       ,19.209      ,16.800      ,16.783      ,16.158      ,0.624       ,0.416       ,0.112       ,0.000       ,0.528       ,880.000     ,0.000       ,0.624       ,16.781      ,0.00207       ,25            ,2.197           ,0.000         ,-0.000              ,0.000               ,23924.008       ,0.00000           ,-0.00000              ,0.000         ,0.000         ,0.528         ,0.028         
17:21:03.804585     ,0.883       ,0.880       ,19.209      ,16.800      ,16.784      ,16.158      ,0.625       ,0.417       ,0.113       ,0.000       ,0.530       ,880.000     ,0.000       ,0.625       ,16.783      ,0.00207       ,25            ,2.197           ,0.000         ,-0.000              ,0.000               ,23924.008       ,0.00000           ,-0.00000              ,0.000         ,0.000         ,0.531         ,0.028         
17:21:03.809192     ,0.883       ,0.880       ,19.209      ,16.800      ,16.784      ,16.158      ,0.626       ,0.418       ,0.114       ,-0.000      ,0.531       ,880.000     ,0.000       ,0.626       ,16.784      ,0.00207       ,25            ,2.197           ,0.000         ,-0.000              ,0.000               ,23924.008       ,0.00000           ,-0.00000              ,0.000         ,0.000         ,0.531         ,0.028         
17:21:03.818778     ,0.883       ,0.880       ,19.209      ,16.800      ,16.786      ,16.158      ,0.627       ,0.418       ,0.115       ,-0.000      ,0.532       ,880.000     ,0.000       ,0.627       ,16.784      ,0.00207       ,25            ,2.197           ,0.000         ,-0.000              ,0.000               ,23924.008       ,0.00000           ,-0.00000              ,0.000         ,0.000         ,0.532         ,0.028         
17:21:03.829157     ,0.883       ,0.880       ,19.209      ,16.800      ,16.788      ,16.158      ,0.629       ,0.419       ,0.116       ,0.000       ,0.535       ,880.000     ,0.000       ,0.629       ,16.786      ,0.00207       ,25            ,2.197           ,0.000         ,-0.000              ,0.000               ,23924.008       ,0.00000           ,-0.00000              ,0.000         ,0.000         ,0.535         ,0.028         
17:21:03.838781     ,0.883       ,0.880       ,19.209      ,16.780      ,16.787      ,16.158      ,0.630       ,0.420       ,0.117       ,-0.000      ,0.537       ,880.000     ,0.000       ,0.630       ,16.788      ,0.00207       ,25            ,2.197           ,0.000         ,-0.000              ,0.000               ,23924.008       ,0.00000           ,-0.00000              ,0.000         ,0.000         ,0.537         ,0.028         
17:21:03.852833     ,0.881       ,0.880       ,19.209      ,16.780      ,16.786      ,16.158      ,0.628       ,0.419       ,0.119       ,0.000       ,0.538       ,880.000     ,0.000       ,0.628       ,16.786      ,0.00207       ,25            ,2.197           ,0.000         ,-0.000              ,0.000               ,23924.008       ,0.00000           ,-0.00000              ,0.000         ,0.000         ,0.538         ,0.032         
17:21:03.858767     ,0.881       ,0.880       ,19.209      ,16.770      ,16.783      ,16.158      ,0.628       ,0.419       ,0.119       ,0.000       ,0.538       ,880.000     ,0.000       ,0.628       ,16.786      ,0.00207       ,25            ,2.197           ,0.000         ,-0.000              ,0.000               ,23924.008       ,0.00000           ,-0.00000              ,0.000         ,0.000         ,0.538         ,0.032         
17:21:03.868776     ,0.881       ,0.880       ,19.209      ,16.790      ,16.782      ,16.158      ,0.625       ,0.417       ,0.120       ,-0.000      ,0.537       ,880.000     ,0.000       ,0.625       ,16.783      ,0.00207       ,25            ,2.197           ,0.000         ,-0.000              ,0.000               ,23924.008       ,0.00000           ,-0.00000              ,0.000         ,0.000         ,0.537         ,0.033         
17:21:03.884326     ,0.881       ,0.880       ,19.209      ,16.790      ,16.779      ,16.158      ,0.624       ,0.416       ,0.121       ,0.000       ,0.537       ,880.000     ,0.000       ,0.624       ,16.782      ,0.00207       ,25            ,2.197           ,0.000         ,-0.000              ,0.000               ,23924.008       ,0.00000           ,-0.00000              ,0.000         ,0.000         ,0.537         ,0.029         
17:21:03.889439     ,0.881       ,0.880       ,19.209      ,16.790      ,16.778      ,16.158      ,0.621       ,0.414       ,0.122       ,-0.000      ,0.536       ,880.000     ,0.000       ,0.621       ,16.779      ,0.00207       ,25            ,2.197           ,0.000         ,-0.000              ,0.000               ,23924.008       ,0.00000           ,-0.00000              ,0.000         ,0.000         ,0.536         ,0.029         
17:21:03.905216     ,0.881       ,0.880       ,19.209      ,16.790      ,16.776      ,16.158      ,0.620       ,0.413       ,0.123       ,0.000       ,0.537       ,880.000     ,0.000       ,0.620       ,16.778      ,0.00207       ,25            ,2.197           ,0.000         ,-0.000              ,0.000               ,23924.008       ,0.00000           ,-0.00000              ,0.000         ,0.000         ,0.536         ,0.028         
17:21:03.909204     ,0.881       ,0.880       ,19.209      ,16.800      ,16.779      ,16.158      ,0.618       ,0.412       ,0.124       ,-0.000      ,0.536       ,880.000     ,0.000       ,0.618       ,16.776      ,0.00207       ,25            ,2.197           ,0.000         ,-0.000              ,0.000               ,23924.008       ,0.00000           ,-0.00000              ,0.000         ,0.000         ,0.536         ,0.028         
17:21:03.925085     ,0.881       ,0.880       ,19.209      ,16.810      ,16.781      ,16.158      ,0.621       ,0.414       ,0.125       ,0.000       ,0.539       ,880.000     ,0.000       ,0.621       ,16.779      ,0.00207       ,25            ,2.197           ,0.000         ,-0.000              ,0.000               ,23924.008       ,0.00000           ,-0.00000              ,0.000         ,0.000         ,0.541         ,0.029         
17:21:03.929372     ,0.881       ,0.880       ,19.209      ,16.810      ,16.784      ,16.158      ,0.623       ,0.415       ,0.126       ,-0.000      ,0.541       ,880.000     ,0.000       ,0.623       ,16.781      ,0.00207       ,25            ,2.197           ,0.000         ,-0.000              ,0.000               ,23924.008       ,0.00000           ,-0.00000              ,0.000         ,0.000         ,0.541         ,0.029         
17:21:03.944833     ,0.881       ,0.880       ,19.209      ,16.810      ,16.790      ,16.158      ,0.627       ,0.418       ,0.127       ,0.000       ,0.545       ,880.000     ,0.000       ,0.627       ,16.784      ,0.00207       ,25            ,2.197           ,0.000         ,-0.000              ,0.000               ,23924.008       ,0.00000           ,-0.00000              ,0.000         ,0.000         ,0.550         ,0.027         
17:21:03.952360     ,0.881       ,0.880       ,19.209      ,16.810      ,16.795      ,16.158      ,0.638       ,0.425       ,0.129       ,0.000       ,0.554       ,880.000     ,0.000       ,0.638       ,16.795      ,0.00207       ,25            ,2.197           ,0.000         ,-0.000              ,0.000               ,23924.008       ,0.00000           ,-0.00000              ,0.000         ,0.000         ,0.554         ,0.027         
17:21:03.964355     ,0.881       ,0.880       ,19.209      ,16.800      ,16.797      ,16.158      ,0.638       ,0.425       ,0.129       ,0.000       ,0.554       ,880.000     ,0.000       ,0.638       ,16.795      ,0.00207       ,25            ,2.197           ,0.000         ,-0.000              ,0.000               ,23924.008       ,0.00000           ,-0.00000              ,0.000         ,0.000         ,0.557         ,0.028         
17:21:03.968788     ,0.881       ,0.880       ,19.209      ,16.800      ,16.798      ,16.158      ,0.640       ,0.426       ,0.130       ,-0.000      ,0.557       ,880.000     ,0.000       ,0.640       ,16.797      ,0.00207       ,25            ,2.197           ,0.000         ,-0.000              ,0.000               ,23924.008       ,0.00000           ,-0.00000              ,0.000         ,0.000         ,0.557         ,0.028         
17:21:03.984230     ,0.881       ,0.880       ,19.209      ,16.800      ,16.798      ,16.158      ,0.640       ,0.427       ,0.131       ,-0.000      ,0.558       ,880.000     ,0.000       ,0.640       ,16.798      ,0.00207       ,25            ,2.197           ,0.000         ,-0.000              ,0.000               ,23924.008       ,0.00000           ,-0.00000              ,0.000         ,0.000         ,0.558         ,0.030         
17:21:03.989396     ,0.881       ,0.880       ,19.209      ,16.790      ,16.795      ,16.158      ,0.640       ,0.427       ,0.133       ,-0.000      ,0.559       ,880.000     ,0.000       ,0.640       ,16.798      ,0.00207       ,25            ,2.197           ,0.000         ,-0.000              ,0.000               ,23924.008       ,0.00000           ,-0.00000              ,0.000         ,0.000         ,0.559         ,0.030         
17:21:04.002827     ,0.881       ,0.880       ,19.209      ,16.790      ,16.792      ,16.158      ,0.637       ,0.425       ,0.134       ,-0.000      ,0.558       ,880.000     ,0.000       ,0.637       ,16.795      ,0.00207       ,25            ,2.197           ,0.000         ,-0.000              ,0.000               ,23924.008       ,0.00000           ,-0.00000              ,0.000         ,0.000         ,0.558         ,0.029         
17:21:04.008877     ,0.881       ,0.880       ,19.209      ,16.790      ,16.789      ,16.158      ,0.634       ,0.423       ,0.135       ,-0.000      ,0.557       ,880.000     ,0.000       ,0.634       ,16.792      ,0.00207       ,25            ,2.197           ,0.000         ,-0.000              ,0.000               ,23924.008       ,0.00000           ,-0.00000              ,0.000         ,0.000         ,0.557         ,0.029         
17:21:04.021469     ,0.881       ,0.880       ,19.209      ,16.790      ,16.786      ,16.158      ,0.632       ,0.421       ,0.136       ,0.000       ,0.557       ,880.000     ,0.000       ,0.632       ,16.789      ,0.00207       ,25            ,2.197           ,0.000         ,-0.000              ,-0.000              ,23924.008       ,0.00000           ,0.00000               ,0.000         ,0.000         ,0.557         ,0.028         
17:21:04.028782     ,0.881       ,0.880       ,19.209      ,16.780      ,16.781      ,16.158      ,0.629       ,0.419       ,0.137       ,-0.000      ,0.556       ,880.000     ,0.000       ,0.629       ,16.786      ,0.00207       ,25            ,2.197           ,0.000         ,-0.000              ,-0.000              ,23924.008       ,0.00000           ,0.00000               ,0.000         ,0.000         ,0.556         ,0.028         
17:21:04.041370     ,0.881       ,0.880       ,19.209      ,16.790      ,16.780      ,16.158      ,0.623       ,0.416       ,0.138       ,-0.000      ,0.553       ,880.000     ,0.000       ,0.623       ,16.781      ,0.00207       ,25            ,2.197           ,0.000         ,-0.000              ,-0.000              ,23924.008       ,0.00000           ,0.00000               ,0.000         ,0.000         ,0.553         ,0.028         
17:21:04.052389     ,0.879       ,0.880       ,19.209      ,16.800      ,16.781      ,16.158      ,0.623       ,0.415       ,0.140       ,0.000       ,0.555       ,880.000     ,0.000       ,0.623       ,16.781      ,0.00207       ,25            ,2.197           ,0.000         ,-0.000              ,-0.000              ,23924.008       ,0.00000           ,0.00000               ,0.000         ,0.000         ,0.555         ,0.028         
17:21:04.061035     ,0.879       ,0.880       ,19.209      ,16.810      ,16.783      ,16.158      ,0.623       ,0.415       ,0.140       ,0.000       ,0.555       ,880.000     ,0.000       ,0.623       ,16.781      ,0.00207       ,25            ,2.197           ,0.000         ,-0.000              ,-0.000              ,23924.008       ,0.00000           ,0.00000               ,0.000         ,0.000         ,0.555         ,0.028         
17:21:04.068773     ,0.879       ,0.880       ,19.209      ,16.800      ,16.784      ,16.158      ,0.625       ,0.417       ,0.141       ,0.000       ,0.558       ,880.000     ,0.000       ,0.625       ,16.783      ,0.00215       ,26            ,2.285           ,0.000         ,-0.000              ,-0.000              ,23924.008       ,0.00000           ,0.00000               ,0.000         ,0.000         ,0.558         ,0.028         
17:21:04.079645     ,0.879       ,0.880       ,19.209      ,16.810      ,16.789      ,16.158      ,0.626       ,0.417       ,0.142       ,-0.000      ,0.559       ,880.000     ,0.000       ,0.626       ,16.784      ,0.00215       ,26            ,2.285           ,0.000         ,-0.000              ,0.000               ,23924.008       ,-0.00767          ,-0.00012              ,0.000         ,0.000         ,0.559         ,0.028         
17:21:04.088859     ,0.879       ,0.880       ,19.209      ,16.810      ,16.792      ,16.158      ,0.631       ,0.421       ,0.143       ,0.000       ,0.564       ,880.000     ,0.000       ,0.631       ,16.789      ,0.00215       ,26            ,2.285           ,0.000         ,-0.000              ,0.001               ,23924.008       ,0.00000           ,-0.00021              ,0.000         ,0.000         ,0.564         ,0.028         
17:21:04.099554     ,0.879       ,0.880       ,19.209      ,16.830      ,16.798      ,16.158      ,0.635       ,0.423       ,0.144       ,-0.000      ,0.567       ,880.000     ,0.000       ,0.635       ,16.792      ,0.00215       ,26            ,2.285           ,0.000         ,-0.000              ,0.001               ,23924.008       ,0.00000           ,-0.00030              ,0.000         ,0.000         ,0.567         ,0.030         
17:21:04.108870     ,0.879       ,0.880       ,19.209      ,16.830      ,16.802      ,16.158      ,0.640       ,0.427       ,0.145       ,0.000       ,0.572       ,880.000     ,0.000       ,0.640       ,16.798      ,0.00215       ,26            ,2.285           ,0.000         ,-0.000              ,0.001               ,23924.008       ,0.00000           ,-0.00037              ,0.000         ,0.000         ,0.572         ,0.030         
17:21:04.119267     ,0.879       ,0.880       ,19.209      ,16.810      ,16.805      ,16.158      ,0.645       ,0.430       ,0.146       ,-0.000      ,0.576       ,880.000     ,0.000       ,0.645       ,16.802      ,0.00215       ,26            ,2.285           ,0.000         ,-0.000              ,0.001               ,23924.008       ,0.00000           ,-0.00043              ,0.000         ,0.000         ,0.576         ,0.028         
17:21:04.128767     ,0.879       ,0.880       ,19.209      ,16.810      ,16.807      ,16.158      ,0.648       ,0.432       ,0.147       ,-0.000      ,0.579       ,880.000     ,0.000       ,0.648       ,16.805      ,0.00215       ,26            ,2.285           ,0.000         ,-0.000              ,0.001               ,23924.008       ,0.00000           ,-0.00048              ,0.000         ,0.000         ,0.579         ,0.028         
17:21:04.138971     ,0.879       ,0.880       ,19.209      ,16.800      ,16.808      ,16.158      ,0.650       ,0.433       ,0.148       ,-0.000      ,0.581       ,880.000     ,0.000       ,0.650       ,16.807      ,0.00215       ,26            ,2.285           ,0.000         ,-0.000              ,0.002               ,23924.008       ,0.00000           ,-0.00052              ,0.000         ,0.000         ,0.581         ,0.028         
17:21:04.152266     ,0.883       ,0.880       ,19.225      ,16.800      ,16.804      ,16.158      ,0.646       ,0.431       ,0.151       ,-0.000      ,0.581       ,880.000     ,0.000       ,0.646       ,16.804      ,0.00215       ,26            ,2.285           ,0.000         ,-0.000              ,0.002               ,23924.008       ,0.00000           ,-0.00056              ,0.000         ,0.000         ,0.581         ,0.028         
17:21:04.159535     ,0.883       ,0.880       ,19.225      ,16.800      ,16.801      ,16.158      ,0.646       ,0.431       ,0.151       ,-0.000      ,0.581       ,880.000     ,0.000       ,0.646       ,16.804      ,0.00215       ,26            ,2.285           ,0.000         ,-0.000              ,0.002               ,23924.008       ,0.00000           ,-0.00059              ,0.000         ,0.000         ,0.581         ,0.028         
17:21:04.168763     ,0.883       ,0.880       ,19.225      ,16.810      ,16.801      ,16.158      ,0.643       ,0.429       ,0.152       ,-0.000      ,0.580       ,880.000     ,0.000       ,0.643       ,16.801      ,0.00215       ,26            ,2.285           ,0.000         ,-0.000              ,0.002               ,23924.008       ,0.00000           ,-0.00062              ,0.000         ,0.000         ,0.580         ,0.028         
17:21:04.179059     ,0.883       ,0.880       ,19.225      ,16.800      ,16.798      ,16.158      ,0.644       ,0.429       ,0.153       ,0.000       ,0.582       ,880.000     ,0.000       ,0.644       ,16.801      ,0.00215       ,26            ,2.285           ,0.000         ,-0.000              ,0.002               ,23924.008       ,0.00000           ,-0.00052              ,0.000         ,0.000         ,0.582         ,0.029         
17:21:04.188896     ,0.883       ,0.880       ,19.225      ,16.800      ,16.795      ,16.158      ,0.640       ,0.427       ,0.154       ,-0.000      ,0.580       ,880.000     ,0.000       ,0.640       ,16.798      ,0.00215       ,26            ,2.285           ,0.000         ,-0.000              ,0.001               ,23924.008       ,0.00000           ,-0.00045              ,0.000         ,0.000         ,0.580         ,0.029         
17:21:04.198766     ,0.883       ,0.880       ,19.225      ,16.810      ,16.794      ,16.158      ,0.637       ,0.425       ,0.155       ,0.000       ,0.580       ,880.000     ,0.000       ,0.637       ,16.795      ,0.00215       ,26            ,2.285           ,0.000         ,-0.000              ,0.001               ,23924.008       ,0.00000           ,-0.00038              ,0.000         ,0.000         ,0.580         ,0.028         
17:21:04.208763     ,0.883       ,0.880       ,19.225      ,16.810      ,16.794      ,16.158      ,0.637       ,0.424       ,0.156       ,0.000       ,0.580       ,880.000     ,0.000       ,0.637       ,16.794      ,0.00215       ,26            ,2.285           ,0.000         ,-0.000              ,0.001               ,23924.008       ,0.00000           ,-0.00032              ,0.000         ,0.000         ,0.580         ,0.028         
17:21:04.218766     ,0.883       ,0.880       ,19.225      ,16.810      ,16.793      ,16.158      ,0.636       ,0.424       ,0.157       ,0.000       ,0.581       ,880.000     ,0.000       ,0.636       ,16.794      ,0.00215       ,26            ,2.285           ,0.000         ,-0.000              ,0.001               ,23924.008       ,0.00000           ,-0.00027              ,0.000         ,0.000         ,0.581         ,0.028         
17:21:04.234543     ,0.883       ,0.880       ,19.225      ,16.810      ,16.796      ,16.158      ,0.636       ,0.424       ,0.158       ,-0.000      ,0.582       ,880.000     ,0.000       ,0.636       ,16.793      ,0.00215       ,26            ,2.285           ,0.000         ,-0.000              ,0.001               ,23924.008       ,0.00000           ,-0.00023              ,0.000         ,0.000         ,0.582         ,0.029         
17:21:04.238779     ,0.883       ,0.880       ,19.225      ,16.810      ,16.799      ,16.158      ,0.638       ,0.426       ,0.159       ,0.000       ,0.585       ,880.000     ,0.000       ,0.638       ,16.796      ,0.00215       ,26            ,2.285           ,0.000         ,-0.000              ,0.001               ,23924.008       ,0.00000           ,-0.00020              ,0.000         ,0.000         ,0.585         ,0.029         
17:21:04.257514     ,0.881       ,0.880       ,19.193      ,16.810      ,16.800      ,16.158      ,0.643       ,0.428       ,0.161       ,-0.000      ,0.589       ,880.000     ,0.000       ,0.643       ,16.800      ,0.00215       ,26            ,2.285           ,0.000         ,-0.000              ,0.001               ,23924.008       ,0.00000           ,-0.00017              ,0.000         ,0.000         ,0.589         ,0.028         
17:21:04.258759     ,0.881       ,0.880       ,19.193      ,16.800      ,16.800      ,16.158      ,0.643       ,0.428       ,0.161       ,-0.000      ,0.589       ,880.000     ,0.000       ,0.643       ,16.800      ,0.00215       ,26            ,2.285           ,0.000         ,-0.000              ,0.000               ,23924.008       ,0.00000           ,-0.00014              ,0.000         ,0.000         ,0.589         ,0.028         
17:21:04.273518     ,0.881       ,0.880       ,19.193      ,16.800      ,16.799      ,16.158      ,0.642       ,0.428       ,0.162       ,-0.000      ,0.590       ,880.000     ,0.000       ,0.642       ,16.800      ,0.00215       ,26            ,2.285           ,0.000         ,-0.000              ,0.000               ,23924.008       ,0.00000           ,-0.00012              ,0.000         ,0.000         ,0.591         ,0.029         
17:21:04.278764     ,0.881       ,0.880       ,19.193      ,16.790      ,16.796      ,16.158      ,0.641       ,0.428       ,0.163       ,-0.000      ,0.591       ,880.000     ,0.000       ,0.641       ,16.799      ,0.00215       ,26            ,2.285           ,0.000         ,-0.000              ,0.000               ,23924.008       ,0.00000           ,-0.00010              ,0.000         ,0.000         ,0.591         ,0.029         
17:21:04.292069     ,0.881       ,0.880       ,19.193      ,16.800      ,16.795      ,16.158      ,0.639       ,0.426       ,0.164       ,-0.000      ,0.590       ,880.000     ,0.000       ,0.639       ,16.796      ,0.00215       ,26            ,2.285           ,0.000         ,-0.000              ,0.000               ,23924.008       ,0.00000           ,-0.00009              ,0.000         ,0.000         ,0.590         ,0.030         
17:21:04.298767     ,0.881       ,0.880       ,19.193      ,16.790      ,16.791      ,16.158      ,0.637       ,0.425       ,0.165       ,0.000       ,0.590       ,880.000     ,0.000       ,0.637       ,16.795      ,0.00215       ,26            ,2.285           ,0.000         ,-0.000              ,0.000               ,23924.008       ,0.00000           ,-0.00007              ,0.000         ,0.000         ,0.590         ,0.030         
17:21:04.310529     ,0.881       ,0.880       ,19.193      ,16.790      ,16.788      ,16.158      ,0.633       ,0.422       ,0.167       ,-0.000      ,0.588       ,880.000     ,0.000       ,0.633       ,16.791      ,0.00215       ,26            ,2.285           ,0.000         ,-0.000              ,0.000               ,23924.008       ,0.00000           ,-0.00006              ,0.000         ,0.000         ,0.588         ,0.029         
17:21:04.318769     ,0.881       ,0.880       ,19.193      ,16.790      ,16.785      ,16.158      ,0.631       ,0.420       ,0.168       ,0.000       ,0.588       ,880.000     ,0.000       ,0.631       ,16.788      ,0.00215       ,26            ,2.285           ,0.000         ,-0.000              ,0.000               ,23924.008       ,0.00000           ,-0.00005              ,0.000         ,0.000         ,0.588         ,0.029         
17:21:04.331226     ,0.881       ,0.880       ,19.193      ,16.790      ,16.784      ,16.158      ,0.628       ,0.418       ,0.169       ,-0.000      ,0.587       ,880.000     ,0.000       ,0.628       ,16.785      ,0.00215       ,26            ,2.285           ,0.000         ,-0.000              ,0.000               ,23924.008       ,0.00000           ,-0.00005              ,0.000         ,0.000         ,0.587         ,0.028         
17:21:04.338775     ,0.881       ,0.880       ,19.193      ,16.780      ,16.780      ,16.158      ,0.627       ,0.418       ,0.170       ,0.000       ,0.587       ,880.000     ,0.000       ,0.627       ,16.784      ,0.00215       ,26            ,2.285           ,0.000         ,-0.000              ,0.000               ,23924.008       ,0.00000           ,-0.00004              ,0.000         ,0.000         ,0.587         ,0.028         
17:21:04.353323     ,0.876       ,0.880       ,19.176      ,16.790      ,16.780      ,16.158      ,0.622       ,0.415       ,0.172       ,0.000       ,0.587       ,880.000     ,0.000       ,0.622       ,16.780      ,0.00215       ,26            ,2.285           ,0.000         ,-0.000              ,0.000               ,23924.008       ,0.00000           ,-0.00003              ,0.000         ,0.000         ,0.587         ,0.029         
17:21:04.358767     ,0.876       ,0.880       ,19.176      ,16.800      ,16.781      ,16.158      ,0.622       ,0.415       ,0.172       ,0.000       ,0.587       ,880.000     ,0.000       ,0.622       ,16.780      ,0.00215       ,26            ,2.285           ,0.000         ,-0.000              ,0.000               ,23924.008       ,0.00000           ,-0.00003              ,0.000         ,0.000         ,0.587         ,0.029         
17:21:04.368760     ,0.876       ,0.880       ,19.176      ,16.790      ,16.781      ,16.158      ,0.624       ,0.416       ,0.173       ,0.000       ,0.589       ,880.000     ,0.000       ,0.624       ,16.781      ,0.00215       ,26            ,2.285           ,0.000         ,-0.000              ,0.000               ,23924.008       ,0.00000           ,-0.00002              ,0.000         ,0.000         ,0.589         ,0.028         
17:21:04.378760     ,0.876       ,0.880       ,19.176      ,16.790      ,16.780      ,16.158      ,0.623       ,0.415       ,0.174       ,-0.000      ,0.589       ,880.000     ,0.000       ,0.623       ,16.781      ,0.00215       ,26            ,2.285           ,0.000         ,-0.000              ,0.000               ,23924.008       ,0.00000           ,-0.00002              ,0.000         ,0.000         ,0.589         ,0.028         
17:21:04.388772     ,0.876       ,0.880       ,19.176      ,16.790      ,16.782      ,16.158      ,0.623       ,0.415       ,0.175       ,0.000       ,0.590       ,880.000     ,0.000       ,0.623       ,16.780      ,0.00215       ,26            ,2.285           ,0.000         ,-0.000              ,0.000               ,23924.008       ,0.00000           ,-0.00002              ,0.000         ,0.000         ,0.590         ,0.028         
17:21:04.398766     ,0.876       ,0.880       ,19.176      ,16.780      ,16.780      ,16.158      ,0.624       ,0.416       ,0.176       ,0.000       ,0.592       ,880.000     ,0.000       ,0.624       ,16.782      ,0.00215       ,26            ,2.285           ,0.000         ,-0.000              ,0.000               ,23924.008       ,0.00000           ,-0.00001              ,0.000         ,0.000         ,0.592         ,0.028         
17:21:04.408770     ,0.876       ,0.880       ,19.176      ,16.780      ,16.778      ,16.158      ,0.623       ,0.415       ,0.177       ,-0.000      ,0.592       ,880.000     ,0.000       ,0.623       ,16.780      ,0.00215       ,26            ,2.285           ,0.000         ,-0.000              ,0.000               ,23924.008       ,0.00000           ,-0.00001              ,0.000         ,0.000         ,0.592         ,0.028         
17:21:04.424795     ,0.876       ,0.880       ,19.176      ,16.750      ,16.772      ,16.158      ,0.620       ,0.413       ,0.178       ,-0.000      ,0.591       ,880.000     ,0.000       ,0.620       ,16.778      ,0.00215       ,26            ,2.285           ,0.000         ,-0.000              ,0.000               ,23924.008       ,0.00000           ,-0.00001              ,0.000         ,0.000         ,0.591         ,0.029         
17:21:04.428758     ,0.876       ,0.880       ,19.176      ,16.770      ,16.771      ,16.158      ,0.615       ,0.410       ,0.179       ,-0.000      ,0.589       ,880.000     ,0.000       ,0.615       ,16.772      ,0.00215       ,26            ,2.285           ,0.000         ,-0.000              ,0.000               ,23924.008       ,0.00000           ,-0.00001              ,0.000         ,0.000         ,0.589         ,0.029         
17:21:04.443481     ,0.876       ,0.880       ,19.176      ,16.770      ,16.768      ,16.158      ,0.613       ,0.409       ,0.180       ,0.000       ,0.589       ,880.000     ,0.000       ,0.613       ,16.771      ,0.00215       ,26            ,2.285           ,0.000         ,-0.000              ,0.000               ,23924.008       ,0.00000           ,-0.00001              ,0.000         ,0.000         ,0.588         ,0.029         
17:21:04.452322     ,0.876       ,0.880       ,19.193      ,16.770      ,16.765      ,16.158      ,0.607       ,0.405       ,0.182       ,0.000       ,0.587       ,880.000     ,0.000       ,0.607       ,16.765      ,0.00215       ,26            ,2.285           ,0.000         ,-0.000              ,0.000               ,23924.008       ,0.00000           ,-0.00001              ,0.000         ,0.000         ,0.587         ,0.029         
17:21:04.461922     ,0.876       ,0.880       ,19.193      ,16.780      ,16.762      ,16.158      ,0.607       ,0.405       ,0.182       ,0.000       ,0.587       ,880.000     ,0.000       ,0.607       ,16.765      ,0.00215       ,26            ,2.285           ,0.000         ,-0.000              ,0.000               ,23924.008       ,0.00000           ,-0.00001              ,0.000         ,0.000         ,0.587         ,0.037         
17:21:04.468771     ,0.876       ,0.880       ,19.193      ,16.780      ,16.764      ,16.158      ,0.604       ,0.403       ,0.183       ,0.000       ,0.586       ,880.000     ,0.000       ,0.604       ,16.762      ,0.00215       ,26            ,2.285           ,0.000         ,-0.000              ,0.000               ,23924.008       ,0.00000           ,-0.00000              ,0.000         ,0.000         ,0.586         ,0.037         
17:21:04.479343     ,0.876       ,0.880       ,19.193      ,16.770      ,16.761      ,16.158      ,0.607       ,0.404       ,0.184       ,0.000       ,0.589       ,880.000     ,0.000       ,0.607       ,16.764      ,0.00215       ,26            ,2.285           ,0.000         ,-0.000              ,0.000               ,23924.008       ,0.00000           ,-0.00000              ,0.000         ,0.000         ,0.589         ,0.029         
17:21:04.488779     ,0.876       ,0.880       ,19.193      ,16.780      ,16.762      ,16.158      ,0.604       ,0.402       ,0.185       ,-0.000      ,0.587       ,880.000     ,0.000       ,0.604       ,16.761      ,0.00215       ,26            ,2.285           ,0.000         ,-0.000              ,0.000               ,23924.008       ,0.00000           ,-0.00000              ,0.000         ,0.000         ,0.587         ,0.029         
17:21:04.498939     ,0.876       ,0.880       ,19.193      ,16.780      ,16.765      ,16.158      ,0.604       ,0.403       ,0.186       ,0.000       ,0.589       ,880.000     ,0.000       ,0.604       ,16.762      ,0.00215       ,26            ,2.285           ,0.000         ,-0.000              ,0.000               ,23924.008       ,0.00000           ,-0.00000              ,0.000         ,0.000         ,0.589         ,0.028         
17:21:04.508773     ,0.876       ,0.880       ,19.193      ,16.790      ,16.768      ,16.158      ,0.607       ,0.405       ,0.187       ,0.000       ,0.592       ,880.000     ,0.000       ,0.607       ,16.765      ,0.00215       ,26            ,2.285           ,0.000         ,-0.000              ,0.000               ,23924.008       ,0.00000           ,-0.00000              ,0.000         ,0.000         ,0.592         ,0.028         
17:21:04.519504     ,0.876       ,0.880       ,19.193      ,16.780      ,16.770      ,16.158      ,0.611       ,0.407       ,0.188       ,0.000       ,0.595       ,880.000     ,0.000       ,0.611       ,16.768      ,0.00215       ,26            ,2.285           ,0.000         ,-0.000              ,0.000               ,23924.008       ,0.00000           ,-0.00000              ,0.000         ,0.000         ,0.595         ,0.028         
17:21:04.528770     ,0.876       ,0.880       ,19.193      ,16.780      ,16.773      ,16.158      ,0.612       ,0.408       ,0.189       ,-0.000      ,0.597       ,880.000     ,0.000       ,0.612       ,16.770      ,0.00215       ,26            ,2.285           ,0.000         ,-0.000              ,0.000               ,23924.008       ,0.00000           ,-0.00000              ,0.000         ,0.000         ,0.597         ,0.028         
17:21:04.538969     ,0.876       ,0.880       ,19.193      ,16.770      ,16.772      ,16.158      ,0.616       ,0.410       ,0.190       ,0.000       ,0.601       ,880.000     ,0.000       ,0.616       ,16.773      ,0.00215       ,26            ,2.285           ,0.000         ,-0.000              ,0.000               ,23924.008       ,0.00000           ,-0.00000              ,0.000         ,0.000         ,0.601         ,0.028         
17:21:04.552290     ,0.879       ,0.880       ,19.225      ,16.770      ,16.771      ,16.158      ,0.613       ,0.409       ,0.192       ,-0.000      ,0.601       ,880.000     ,0.000       ,0.613       ,16.771      ,0.00215       ,26            ,2.285           ,0.000         ,-0.000              ,0.000               ,23924.008       ,0.00000           ,-0.00000              ,0.000         ,0.000         ,0.601         ,0.028         
17:21:04.558757     ,0.879       ,0.880       ,19.225      ,16.770      ,16.768      ,16.158      ,0.613       ,0.409       ,0.192       ,-0.000      ,0.601       ,880.000     ,0.000       ,0.613       ,16.771      ,0.00215       ,26            ,2.285           ,0.000         ,-0.000              ,0.000               ,23924.008       ,0.00000           ,-0.00000              ,0.000         ,0.000         ,0.601         ,0.028         
17:21:04.568773     ,0.879       ,0.880       ,19.225      ,16.770      ,16.766      ,16.158      ,0.610       ,0.407       ,0.193       ,-0.000      ,0.600       ,880.000     ,0.000       ,0.610       ,16.768      ,0.00215       ,26            ,2.285           ,0.000         ,-0.000              ,0.000               ,23924.008       ,0.00000           ,-0.00000              ,0.000         ,0.000         ,0.600         ,0.028         
17:21:04.578777     ,0.879       ,0.880       ,19.225      ,16.780      ,16.766      ,16.158      ,0.609       ,0.406       ,0.194       ,0.000       ,0.600       ,880.000     ,0.000       ,0.609       ,16.766      ,0.00215       ,26            ,2.285           ,0.000         ,-0.000              ,0.000               ,23924.008       ,0.00000           ,-0.00000              ,0.000         ,0.000         ,0.600         ,0.029         
17:21:04.588783     ,0.879       ,0.880       ,19.225      ,16.780      ,16.766      ,16.158      ,0.608       ,0.405       ,0.195       ,0.000       ,0.601       ,880.000     ,0.000       ,0.608       ,16.766      ,0.00215       ,26            ,2.285           ,0.000         ,-0.000              ,0.000               ,23924.008       ,0.00000           ,-0.00000              ,0.000         ,0.000         ,0.601         ,0.029         
17:21:04.598790     ,0.879       ,0.880       ,19.225      ,16.780      ,16.766      ,16.158      ,0.608       ,0.406       ,0.196       ,0.000       ,0.602       ,880.000     ,0.000       ,0.608       ,16.766      ,0.00215       ,26            ,2.285           ,0.000         ,-0.000              ,0.000               ,23924.008       ,0.00000           ,-0.00000              ,0.000         ,0.000         ,0.602         ,0.028         
17:21:04.614793     ,0.879       ,0.880       ,19.225      ,16.790      ,16.768      ,16.158      ,0.608       ,0.406       ,0.197       ,-0.000      ,0.603       ,880.000     ,0.000       ,0.608       ,16.766      ,0.00215       ,26            ,2.285           ,0.000         ,-0.000              ,0.000               ,23924.008       ,0.00000           ,-0.00000              ,0.000         ,0.000         ,0.605         ,0.029         
17:21:04.618786     ,0.879       ,0.880       ,19.225      ,16.790      ,16.771      ,16.158      ,0.610       ,0.407       ,0.198       ,0.000       ,0.605       ,880.000     ,0.000       ,0.610       ,16.768      ,0.00215       ,26            ,2.285           ,0.000         ,-0.000              ,0.000               ,23924.008       ,0.00000           ,-0.00000              ,0.000         ,0.000         ,0.605         ,0.029         
17:21:04.628766     ,0.879       ,0.880       ,19.225      ,16.790      ,16.772      ,16.158      ,0.613       ,0.409       ,0.199       ,0.000       ,0.608       ,880.000     ,0.000       ,0.613       ,16.771      ,0.00215       ,26            ,2.285           ,0.000         ,-0.000              ,0.000               ,23924.008       ,0.00000           ,-0.00000              ,0.000         ,0.000         ,0.608         ,0.029         
17:21:04.638782     ,0.879       ,0.880       ,19.225      ,16.790      ,16.776      ,16.158      ,0.615       ,0.410       ,0.200       ,-0.000      ,0.610       ,880.000     ,0.000       ,0.615       ,16.772      ,0.00215       ,26            ,2.285           ,0.000         ,-0.000              ,0.000               ,23924.008       ,0.00000           ,-0.00000              ,0.000         ,0.000         ,0.610         ,0.028         
17:21:04.658965     ,0.881       ,0.880       ,19.193      ,16.790      ,16.779      ,16.158      ,0.621       ,0.414       ,0.202       ,0.000       ,0.617       ,880.000     ,0.000       ,0.621       ,16.779      ,0.00215       ,26            ,2.285           ,0.000         ,-0.000              ,0.000               ,23924.008       ,0.00000           ,-0.00000              ,0.000         ,0.000         ,0.617         ,0.030         
17:21:04.659090     ,0.881       ,0.880       ,19.193      ,16.780      ,16.779      ,16.158      ,0.621       ,0.414       ,0.202       ,0.000       ,0.617       ,880.000     ,0.000       ,0.621       ,16.779      ,0.00215       ,26            ,2.285           ,0.000         ,-0.000              ,0.000               ,23924.008       ,0.00000           ,-0.00000              ,0.000         ,0.000         ,0.617         ,0.030         
17:21:04.674216     ,0.881       ,0.880       ,19.193      ,16.780      ,16.779      ,16.158      ,0.621       ,0.414       ,0.203       ,-0.000      ,0.617       ,880.000     ,0.000       ,0.621       ,16.779      ,0.00215       ,26            ,2.285           ,0.000         ,-0.000              ,0.000               ,23924.008       ,0.00000           ,-0.00000              ,0.000         ,0.000         ,0.617         ,0.029         
17:21:04.678772     ,0.881       ,0.880       ,19.193      ,16.780      ,16.778      ,16.158      ,0.621       ,0.414       ,0.204       ,0.000       ,0.619       ,880.000     ,0.000       ,0.621       ,16.779      ,0.00215       ,26            ,2.285           ,0.000         ,-0.000              ,0.000               ,23924.008       ,0.00000           ,-0.00000              ,0.000         ,0.000         ,0.619         ,0.029         
17:21:04.695102     ,0.881       ,0.880       ,19.193      ,16.780      ,16.777      ,16.158      ,0.621       ,0.414       ,0.206       ,-0.000      ,0.619       ,880.000     ,0.000       ,0.621       ,16.778      ,0.00215       ,26            ,2.285           ,0.000         ,-0.000              ,0.000               ,23924.008       ,0.00000           ,-0.00000              ,0.000         ,0.000         ,0.619         ,0.028         
17:21:04.698774     ,0.881       ,0.880       ,19.193      ,16.780      ,16.774      ,16.158      ,0.619       ,0.413       ,0.207       ,-0.000      ,0.619       ,880.000     ,0.000       ,0.619       ,16.777      ,0.00215       ,26            ,2.285           ,0.000         ,-0.000              ,0.000               ,23924.008       ,0.00000           ,-0.00000              ,0.000         ,0.000         ,0.619         ,0.028         
17:21:04.714778     ,0.881       ,0.880       ,19.193      ,16.780      ,16.773      ,16.158      ,0.617       ,0.411       ,0.208       ,-0.000      ,0.619       ,880.000     ,0.000       ,0.617       ,16.774      ,0.00215       ,26            ,2.285           ,0.000         ,-0.000              ,0.000               ,23924.008       ,0.00000           ,-0.00000              ,0.000         ,0.000         ,0.619         ,0.030         
17:21:04.718778     ,0.881       ,0.880       ,19.193      ,16.770      ,16.770      ,16.158      ,0.615       ,0.410       ,0.209       ,0.000       ,0.619       ,880.000     ,0.000       ,0.615       ,16.773      ,0.00215       ,26            ,2.285           ,0.000         ,-0.000              ,0.000               ,23924.008       ,0.00000           ,-0.00000              ,0.000         ,0.000         ,0.619         ,0.030         
17:21:04.734395     ,0.881       ,0.880       ,19.193      ,16.780      ,16.769      ,16.158      ,0.612       ,0.408       ,0.210       ,-0.000      ,0.618       ,880.000     ,0.000       ,0.612       ,16.770      ,0.00215       ,26            ,2.285           ,0.000         ,-0.000              ,0.000               ,23924.008       ,0.00000           ,-0.00000              ,0.000         ,0.000         ,0.618         ,0.029         
17:21:04.738784     ,0.881       ,0.880       ,19.193      ,16.780      ,16.769      ,16.158      ,0.611       ,0.408       ,0.211       ,0.000       ,0.618       ,880.000     ,0.000       ,0.611       ,16.769      ,0.00215       ,26            ,2.285           ,0.000         ,-0.000              ,0.000               ,23924.008       ,0.00000           ,-0.00000              ,0.000         ,0.000         ,0.618         ,0.029         
17:21:04.758820     ,0.879       ,0.880       ,19.193      ,16.790      ,16.770      ,16.158      ,0.612       ,0.408       ,0.213       ,0.000       ,0.621       ,880.000     ,0.000       ,0.612       ,16.770      ,0.00215       ,26            ,2.285           ,0.000         ,-0.000              ,0.000               ,23924.008       ,0.00000           ,-0.00000              ,0.000         ,0.000         ,0.621         ,0.029         
17:21:04.758866     ,0.879       ,0.880       ,19.193      ,16.780      ,16.770      ,16.158      ,0.612       ,0.408       ,0.213       ,0.000       ,0.621       ,880.000     ,0.000       ,0.612       ,16.770      ,0.00215       ,26            ,2.285           ,0.000         ,-0.000              ,0.000               ,23924.008       ,0.00000           ,-0.00000              ,0.000         ,0.000         ,0.621         ,0.029         
17:21:04.773783     ,0.879       ,0.880       ,19.193      ,16.790      ,16.774      ,16.158      ,0.612       ,0.408       ,0.214       ,-0.000      ,0.622       ,880.000     ,0.000       ,0.612       ,16.770      ,0.00215       ,26            ,2.285           ,0.000         ,-0.000              ,0.000               ,23924.008       ,0.00000           ,-0.00000              ,0.000         ,0.000         ,0.622         ,0.028         
17:21:04.778758     ,0.879       ,0.880       ,19.193      ,16.790      ,16.775      ,16.158      ,0.616       ,0.411       ,0.215       ,0.000       ,0.626       ,880.000     ,0.000       ,0.616       ,16.774      ,0.00215       ,26            ,2.285           ,0.000         ,-0.000              ,0.000               ,23924.008       ,0.00000           ,-0.00000              ,0.000         ,0.000         ,0.626         ,0.028         
17:21:04.791519     ,0.879       ,0.880       ,19.193      ,16.780      ,16.775      ,16.158      ,0.617       ,0.412       ,0.216       ,-0.000      ,0.627       ,880.000     ,0.000       ,0.617       ,16.775      ,0.00215       ,26            ,2.285           ,0.000         ,-0.000              ,0.000               ,23924.008       ,0.00000           ,-0.00000              ,0.000         ,0.000         ,0.628         ,0.028         
17:21:04.798767     ,0.879       ,0.880       ,19.193      ,16.770      ,16.773      ,16.158      ,0.617       ,0.412       ,0.217       ,-0.000      ,0.628       ,880.000     ,0.000       ,0.617       ,16.775      ,0.00215       ,26            ,2.285           ,0.000         ,-0.000              ,0.000               ,23924.008       ,0.00000           ,-0.00000              ,0.000         ,0.000         ,0.628         ,0.028         
17:21:04.809292     ,0.879       ,0.880       ,19.193      ,16.780      ,16.774      ,16.158      ,0.615       ,0.410       ,0.218       ,-0.000      ,0.628       ,880.000     ,0.000       ,0.615       ,16.773      ,0.00215       ,26            ,2.285           ,0.000         ,-0.000              ,0.000               ,23924.008       ,0.00000           ,-0.00000              ,0.000         ,0.000         ,0.628         ,0.028         
17:21:04.818767     ,0.879       ,0.880       ,19.193      ,16.770      ,16.772      ,16.158      ,0.617       ,0.411       ,0.219       ,0.000       ,0.630       ,880.000     ,0.000       ,0.617       ,16.774      ,0.00215       ,26            ,2.285           ,0.000         ,-0.000              ,0.000               ,23924.008       ,0.00000           ,-0.00000              ,0.000         ,0.000         ,0.630         ,0.028         
17:21:04.828933     ,0.879       ,0.880       ,19.193      ,16.750      ,16.766      ,16.158      ,0.614       ,0.409       ,0.220       ,-0.000      ,0.629       ,880.000     ,0.000       ,0.614       ,16.772      ,0.00215       ,26            ,2.285           ,0.000         ,-0.000              ,0.000               ,23924.008       ,0.00000           ,-0.00000              ,0.000         ,0.000         ,0.629         ,0.028         
17:21:04.838778     ,0.879       ,0.880       ,19.193      ,16.740      ,16.760      ,16.158      ,0.608       ,0.405       ,0.221       ,-0.000      ,0.626       ,880.000     ,0.000       ,0.608       ,16.766      ,0.00215       ,26            ,2.285           ,0.000         ,-0.000              ,0.000               ,23924.008       ,0.00000           ,-0.00000              ,0.000         ,0.000         ,0.626         ,0.028         
17:21:04.852366     ,0.881       ,0.880       ,19.176      ,16.750      ,16.757      ,16.158      ,0.599       ,0.399       ,0.223       ,0.000       ,0.622       ,880.000     ,0.000       ,0.599       ,16.757      ,0.00215       ,26            ,2.285           ,0.000         ,-0.000              ,0.000               ,23924.008       ,0.00000           ,-0.00000              ,0.000         ,0.000         ,0.622         ,0.028         
17:21:04.858766     ,0.881       ,0.880       ,19.176      ,16.750      ,16.750      ,16.158      ,0.599       ,0.399       ,0.223       ,0.000       ,0.622       ,880.000     ,0.000       ,0.599       ,16.757      ,0.00215       ,26            ,2.285           ,0.000         ,-0.000              ,0.000               ,23924.008       ,0.00000           ,-0.00000              ,0.000         ,0.000         ,0.622         ,0.028         
17:21:04.868772     ,0.881       ,0.880       ,19.176      ,16.750      ,16.744      ,16.158      ,0.592       ,0.395       ,0.224       ,-0.000      ,0.618       ,880.000     ,0.000       ,0.592       ,16.750      ,0.00215       ,26            ,2.285           ,0.000         ,-0.000              ,0.000               ,23924.008       ,0.00000           ,-0.00000              ,0.000         ,0.000         ,0.618         ,0.028         
17:21:04.878764     ,0.881       ,0.880       ,19.176      ,16.750      ,16.742      ,16.158      ,0.587       ,0.391       ,0.225       ,0.000       ,0.616       ,880.000     ,0.000       ,0.587       ,16.744      ,0.00215       ,26            ,2.285           ,0.000         ,-0.000              ,0.000               ,23924.008       ,0.00000           ,-0.00000              ,0.000         ,0.000         ,0.616         ,0.028         
17:21:04.890550     ,0.881       ,0.880       ,19.176      ,16.770      ,16.744      ,16.158      ,0.584       ,0.390       ,0.226       ,0.000       ,0.616       ,880.000     ,0.000       ,0.584       ,16.742      ,0.00215       ,26            ,2.285           ,0.000         ,-0.000              ,0.000               ,23924.008       ,0.00000           ,-0.00000              ,0.000         ,0.000         ,0.618         ,0.028         
17:21:04.898772     ,0.881       ,0.880       ,19.176      ,16.750      ,16.741      ,16.158      ,0.587       ,0.391       ,0.227       ,0.000       ,0.618       ,880.000     ,0.000       ,0.587       ,16.744      ,0.00215       ,26            ,2.285           ,0.000         ,-0.000              ,0.000               ,23924.008       ,0.00000           ,-0.00000              ,0.000         ,0.000         ,0.618         ,0.028         
17:21:04.909341     ,0.881       ,0.880       ,19.176      ,16.750      ,16.741      ,16.158      ,0.584       ,0.389       ,0.228       ,-0.000      ,0.616       ,880.000     ,0.000       ,0.584       ,16.741      ,0.00215       ,26            ,2.285           ,0.000         ,-0.000              ,0.000               ,23924.008       ,0.00000           ,-0.00000              ,0.000         ,0.000         ,0.616         ,0.027         
17:21:04.918780     ,0.881       ,0.880       ,19.176      ,16.750      ,16.742      ,16.158      ,0.583       ,0.389       ,0.229       ,0.000       ,0.618       ,880.000     ,0.000       ,0.583       ,16.741      ,0.00215       ,26            ,2.285           ,0.000         ,-0.000              ,0.000               ,23924.008       ,0.00000           ,-0.00000              ,0.000         ,0.000         ,0.618         ,0.027         
17:21:04.928765     ,0.881       ,0.880       ,19.176      ,16.770      ,16.747      ,16.158      ,0.584       ,0.389       ,0.230       ,0.000       ,0.619       ,880.000     ,0.000       ,0.584       ,16.742      ,0.00215       ,26            ,2.285           ,0.000         ,-0.000              ,0.000               ,23924.008       ,0.00000           ,-0.00000              ,0.000         ,0.000         ,0.619         ,0.030         
17:21:04.938779     ,0.881       ,0.880       ,19.176      ,16.740      ,16.743      ,16.158      ,0.590       ,0.393       ,0.231       ,0.000       ,0.624       ,880.000     ,0.000       ,0.590       ,16.747      ,0.00215       ,26            ,2.285           ,0.000         ,-0.000              ,0.000               ,23924.008       ,0.00000           ,-0.00000              ,0.000         ,0.000         ,0.624         ,0.030         
17:21:04.952216     ,0.883       ,0.880       ,19.225      ,16.750      ,16.746      ,16.158      ,0.588       ,0.392       ,0.233       ,0.000       ,0.625       ,880.000     ,0.000       ,0.588       ,16.746      ,0.00215       ,26            ,2.285           ,0.000         ,-0.000              ,0.000               ,23924.008       ,0.00000           ,-0.00000              ,0.000         ,0.000         ,0.625         ,0.028         
17:21:04.963828     ,0.883       ,0.880       ,19.225      ,16.740      ,16.745      ,16.158      ,0.588       ,0.392       ,0.233       ,0.000       ,0.625       ,880.000     ,0.000       ,0.588       ,16.746      ,0.00215       ,26            ,2.285           ,0.000         ,-0.000              ,0.000               ,23924.008       ,0.00000           ,-0.00000              ,0.000         ,0.000         ,0.625         ,0.029         
17:21:04.968765     ,0.883       ,0.880       ,19.225      ,16.740      ,16.743      ,16.158      ,0.587       ,0.391       ,0.234       ,-0.000      ,0.625       ,880.000     ,0.000       ,0.587       ,16.745      ,0.00215       ,26            ,2.285           ,0.000         ,-0.000              ,0.000               ,23924.008       ,0.00000           ,-0.00000              ,0.000         ,0.000         ,0.625         ,0.029         
17:21:04.983468     ,0.883       ,0.880       ,19.225      ,16.750      ,16.738      ,16.158      ,0.585       ,0.390       ,0.235       ,-0.000      ,0.624       ,880.000     ,0.000       ,0.585       ,16.743      ,0.00215       ,26            ,2.285           ,0.000         ,-0.000              ,0.000               ,23924.008       ,0.00000           ,-0.00000              ,0.000         ,0.000         ,0.624         ,0.028         
17:21:04.988782     ,0.883       ,0.880       ,19.225      ,16.740      ,16.737      ,16.158      ,0.580       ,0.387       ,0.236       ,-0.000      ,0.622       ,880.000     ,0.000       ,0.580       ,16.738      ,0.00215       ,26            ,2.285           ,0.000         ,-0.000              ,0.000               ,23924.008       ,0.00000           ,-0.00000              ,0.000         ,0.000         ,0.622         ,0.028         
17:21:05.002995     ,0.883       ,0.880       ,19.225      ,16.740      ,16.734      ,16.158      ,0.580       ,0.386       ,0.237       ,0.000       ,0.623       ,880.000     ,0.000       ,0.580       ,16.737      ,0.00215       ,26            ,2.285           ,0.000         ,-0.000              ,0.000               ,23924.008       ,0.00000           ,-0.00000              ,0.000         ,0.000         ,0.622         ,0.029         
17:21:05.008765     ,0.883       ,0.880       ,19.225      ,16.740      ,16.734      ,16.158      ,0.577       ,0.384       ,0.237       ,-0.000      ,0.622       ,880.000     ,0.000       ,0.577       ,16.734      ,0.00215       ,26            ,2.285           ,0.000         ,-0.000              ,0.000               ,23924.008       ,0.00000           ,-0.00000              ,0.000         ,0.000         ,0.622         ,0.029         
17:21:05.021435     ,0.883       ,0.880       ,19.225      ,16.740      ,16.733      ,16.158      ,0.576       ,0.384       ,0.238       ,0.000       ,0.622       ,880.000     ,0.000       ,0.576       ,16.734      ,0.00215       ,26            ,2.285           ,0.000         ,-0.000              ,-0.000              ,23924.008       ,0.00000           ,0.00000               ,0.000         ,0.000         ,0.623         ,0.028         
17:21:05.028774     ,0.883       ,0.880       ,19.225      ,16.740      ,16.731      ,16.158      ,0.575       ,0.383       ,0.239       ,0.000       ,0.623       ,880.000     ,0.000       ,0.575       ,16.733      ,0.00215       ,26            ,2.285           ,0.000         ,-0.000              ,-0.000              ,23924.008       ,0.00000           ,0.00000               ,0.000         ,0.000         ,0.623         ,0.028         
17:21:05.040131     ,0.883       ,0.880       ,19.225      ,16.740      ,16.731      ,16.158      ,0.573       ,0.382       ,0.240       ,-0.000      ,0.622       ,880.000     ,0.000       ,0.573       ,16.731      ,0.00215       ,26            ,2.285           ,0.000         ,-0.000              ,-0.000              ,23924.008       ,0.00000           ,0.00000               ,0.000         ,0.000         ,0.622         ,0.032         
17:21:05.052250     ,0.878       ,0.880       ,19.225      ,16.750      ,16.733      ,16.158      ,0.576       ,0.384       ,0.242       ,0.000       ,0.626       ,880.000     ,0.000       ,0.576       ,16.733      ,0.00215       ,26            ,2.285           ,0.000         ,-0.000              ,-0.000              ,23924.008       ,0.00000           ,0.00000               ,0.000         ,0.000         ,0.626         ,0.032         
17:21:05.058797     ,0.878       ,0.880       ,19.225      ,16.740      ,16.733      ,16.158      ,0.576       ,0.384       ,0.242       ,0.000       ,0.626       ,880.000     ,0.000       ,0.576       ,16.733      ,0.00215       ,26            ,2.285           ,0.000         ,-0.000              ,-0.000              ,23924.008       ,0.00000           ,0.00000               ,0.000         ,0.000         ,0.626         ,0.030         
17:21:05.068775     ,0.878       ,0.880       ,19.225      ,16.740      ,16.733      ,16.158      ,0.575       ,0.383       ,0.243       ,-0.000      ,0.627       ,880.000     ,0.000       ,0.575       ,16.733      ,0.00215       ,26            ,2.285           ,0.000         ,-0.000              ,-0.000              ,23924.008       ,0.00000           ,0.00000               ,0.000         ,0.000         ,0.627         ,0.030         
17:21:05.078761     ,0.878       ,0.880       ,19.225      ,16.730      ,16.731      ,16.158      ,0.575       ,0.383       ,0.244       ,0.000       ,0.628       ,880.000     ,0.000       ,0.575       ,16.733      ,0.00215       ,26            ,2.285           ,0.000         ,-0.000              ,-0.000              ,23924.008       ,0.00000           ,0.00000               ,0.000         ,0.000         ,0.628         ,0.029         
17:21:05.088782     ,0.878       ,0.880       ,19.225      ,16.740      ,16.732      ,16.158      ,0.573       ,0.382       ,0.245       ,-0.000      ,0.627       ,880.000     ,0.000       ,0.573       ,16.731      ,0.00215       ,26            ,2.285           ,0.000         ,-0.000              ,-0.000              ,23924.008       ,0.00000           ,0.00000               ,0.000         ,0.000         ,0.627         ,0.029         
17:21:05.098777     ,0.878       ,0.880       ,19.225      ,16.730      ,16.729      ,16.158      ,0.574       ,0.383       ,0.246       ,0.000       ,0.629       ,880.000     ,0.000       ,0.574       ,16.732      ,0.00215       ,26            ,2.285           ,0.000         ,-0.000              ,-0.000              ,23924.008       ,0.00000           ,0.00000               ,0.000         ,0.000         ,0.629         ,0.028         
17:21:05.114524     ,0.878       ,0.880       ,19.225      ,16.730      ,16.728      ,16.158      ,0.571       ,0.381       ,0.247       ,-0.000      ,0.627       ,880.000     ,0.000       ,0.571       ,16.729      ,0.00215       ,26            ,2.285           ,0.000         ,-0.000              ,-0.000              ,23924.008       ,0.00000           ,0.00000               ,0.000         ,0.000         ,0.628         ,0.027         
17:21:05.118757     ,0.878       ,0.880       ,19.225      ,16.740      ,16.728      ,16.158      ,0.570       ,0.380       ,0.248       ,0.000       ,0.628       ,880.000     ,0.000       ,0.570       ,16.728      ,0.00215       ,26            ,2.285           ,0.000         ,-0.000              ,-0.000              ,23924.008       ,0.00000           ,0.00000               ,0.000         ,0.000         ,0.628         ,0.027         
17:21:05.135036     ,0.878       ,0.880       ,19.225      ,16.730      ,16.727      ,16.158      ,0.570       ,0.380       ,0.249       ,0.000       ,0.629       ,880.000     ,0.000       ,0.570       ,16.728      ,0.00215       ,26            ,2.285           ,0.000         ,-0.000              ,-0.000              ,23924.008       ,0.00000           ,0.00000               ,0.000         ,0.000         ,0.629         ,0.027         
17:21:05.138773     ,0.878       ,0.880       ,19.225      ,16.730      ,16.724      ,16.158      ,0.569       ,0.379       ,0.250       ,-0.000      ,0.629       ,880.000     ,0.000       ,0.569       ,16.727      ,0.00215       ,26            ,2.285           ,0.000         ,-0.000              ,-0.000              ,23924.008       ,0.00000           ,0.00000               ,0.000         ,0.000         ,0.629         ,0.027         
17:21:05.158248     ,0.879       ,0.880       ,19.225      ,16.750      ,16.727      ,16.158      ,0.569       ,0.379       ,0.252       ,0.000       ,0.632       ,880.000     ,0.000       ,0.569       ,16.727      ,0.00215       ,26            ,2.285           ,0.000         ,-0.000              ,-0.000              ,23924.008       ,0.00000           ,0.00000               ,0.000         ,0.000         ,0.632         ,0.029         
17:21:05.158761     ,0.879       ,0.880       ,19.225      ,16.750      ,16.729      ,16.158      ,0.569       ,0.379       ,0.252       ,0.000       ,0.632       ,880.000     ,0.000       ,0.569       ,16.727      ,0.00215       ,26            ,2.285           ,0.000         ,-0.000              ,-0.000              ,23924.008       ,0.00000           ,0.00000               ,0.000         ,0.000         ,0.632         ,0.029         
17:21:05.174228     ,0.879       ,0.880       ,19.225      ,16.740      ,16.728      ,16.158      ,0.571       ,0.381       ,0.253       ,-0.000      ,0.633       ,880.000     ,0.000       ,0.571       ,16.729      ,0.00215       ,26            ,2.285           ,0.000         ,-0.000              ,-0.000              ,23924.008       ,0.00000           ,0.00000               ,0.000         ,0.000         ,0.634         ,0.029         
17:21:05.178769     ,0.879       ,0.880       ,19.225      ,16.750      ,16.732      ,16.158      ,0.570       ,0.380       ,0.254       ,-0.000      ,0.634       ,880.000     ,0.000       ,0.570       ,16.728      ,0.00215       ,26            ,2.285           ,0.000         ,-0.000              ,-0.000              ,23924.008       ,0.00000           ,0.00000               ,0.000         ,0.000         ,0.634         ,0.029         
17:21:05.193889     ,0.879       ,0.880       ,19.225      ,16.740      ,16.734      ,16.158      ,0.574       ,0.383       ,0.255       ,0.000       ,0.638       ,880.000     ,0.000       ,0.574       ,16.732      ,0.00215       ,26            ,2.285           ,0.000         ,-0.000              ,-0.000              ,23924.008       ,0.00000           ,0.00000               ,0.000         ,0.000         ,0.638         ,0.029         
17:21:05.198769     ,0.879       ,0.880       ,19.225      ,16.740      ,16.734      ,16.158      ,0.576       ,0.384       ,0.256       ,-0.000      ,0.640       ,880.000     ,0.000       ,0.576       ,16.734      ,0.00215       ,26            ,2.285           ,0.000         ,-0.000              ,-0.000              ,23924.008       ,0.00000           ,0.00000               ,0.000         ,0.000         ,0.640         ,0.029         
17:21:05.211456     ,0.879       ,0.880       ,19.225      ,16.750      ,16.735      ,16.158      ,0.576       ,0.384       ,0.257       ,-0.000      ,0.640       ,880.000     ,0.000       ,0.576       ,16.734      ,0.00215       ,26            ,2.285           ,0.000         ,-0.000              ,-0.000              ,23924.008       ,0.00000           ,0.00000               ,0.000         ,0.000         ,0.643         ,0.028         
17:21:05.218763     ,0.879       ,0.880       ,19.225      ,16.740      ,16.737      ,16.158      ,0.578       ,0.385       ,0.258       ,0.000       ,0.643       ,880.000     ,0.000       ,0.578       ,16.735      ,0.00215       ,26            ,2.285           ,0.000         ,-0.000              ,-0.000              ,23924.008       ,0.00000           ,0.00000               ,0.000         ,0.000         ,0.643         ,0.028         
17:21:05.228907     ,0.879       ,0.880       ,19.225      ,16.740      ,16.735      ,16.158      ,0.579       ,0.386       ,0.259       ,-0.000      ,0.644       ,880.000     ,0.000       ,0.579       ,16.737      ,0.00215       ,26            ,2.285           ,0.000         ,-0.000              ,-0.000              ,23924.008       ,0.00000           ,0.00000               ,0.000         ,0.000         ,0.644         ,0.029         
17:21:05.238774     ,0.879       ,0.880       ,19.225      ,16.740      ,16.735      ,16.158      ,0.578       ,0.385       ,0.259       ,-0.000      ,0.644       ,880.000     ,0.000       ,0.578       ,16.735      ,0.00215       ,26            ,2.285           ,0.000         ,-0.000              ,-0.000              ,23924.008       ,0.00000           ,0.00000               ,0.000         ,0.000         ,0.644         ,0.029         
17:21:05.252343     ,0.876       ,0.880       ,19.225      ,16.740      ,16.734      ,16.158      ,0.577       ,0.384       ,0.261       ,-0.000      ,0.646       ,880.000     ,0.000       ,0.577       ,16.734      ,0.00215       ,26            ,2.285           ,0.000         ,-0.000              ,-0.000              ,23924.008       ,0.00000           ,0.00000               ,0.000         ,0.000         ,0.646         ,0.028         
17:21:05.258764     ,0.876       ,0.880       ,19.225      ,16.740      ,16.732      ,16.158      ,0.577       ,0.384       ,0.261       ,-0.000      ,0.646       ,880.000     ,0.000       ,0.577       ,16.734      ,0.00215       ,26            ,2.285           ,0.000         ,-0.000              ,-0.000              ,23924.008       ,0.00000           ,0.00000               ,0.000         ,0.000         ,0.646         ,0.028         
17:21:05.268759     ,0.876       ,0.880       ,19.225      ,16.740      ,16.731      ,16.158      ,0.574       ,0.383       ,0.262       ,-0.000      ,0.645       ,880.000     ,0.000       ,0.574       ,16.732      ,0.00215       ,26            ,2.285           ,0.000         ,-0.000              ,-0.000              ,23924.008       ,0.00000           ,0.00000               ,0.000         ,0.000         ,0.645         ,0.028         
17:21:05.284767     ,0.876       ,0.880       ,19.225      ,16.750      ,16.733      ,16.158      ,0.574       ,0.382       ,0.263       ,0.000       ,0.646       ,880.000     ,0.000       ,0.574       ,16.731      ,0.00215       ,26            ,2.285           ,0.000         ,-0.000              ,-0.000              ,23924.008       ,0.00000           ,0.00000               ,0.000         ,0.000         ,0.646         ,0.033         
17:21:05.288766     ,0.876       ,0.880       ,19.225      ,16.750      ,16.734      ,16.158      ,0.575       ,0.383       ,0.264       ,0.000       ,0.648       ,880.000     ,0.000       ,0.575       ,16.733      ,0.00215       ,26            ,2.285           ,0.000         ,-0.000              ,-0.000              ,23924.008       ,0.00000           ,0.00000               ,0.000         ,0.000         ,0.648         ,0.033         
17:21:05.298761     ,0.876       ,0.880       ,19.225      ,16.750      ,16.735      ,16.158      ,0.576       ,0.384       ,0.265       ,-0.000      ,0.649       ,880.000     ,0.000       ,0.576       ,16.734      ,0.00215       ,26            ,2.285           ,0.000         ,-0.000              ,-0.000              ,23924.008       ,0.00000           ,0.00000               ,0.000         ,0.000         ,0.649         ,0.033         
17:21:05.308757     ,0.876       ,0.880       ,19.225      ,16.750      ,16.737      ,16.158      ,0.577       ,0.385       ,0.266       ,0.000       ,0.651       ,880.000     ,0.000       ,0.577       ,16.735      ,0.00215       ,26            ,2.285           ,0.000         ,-0.000              ,-0.000              ,23924.008       ,0.00000           ,0.00000               ,0.000         ,0.000         ,0.651         ,0.036         
17:21:05.323886     ,0.876       ,0.880       ,19.225      ,16.750      ,16.739      ,16.158      ,0.579       ,0.386       ,0.267       ,0.000       ,0.653       ,880.000     ,0.000       ,0.579       ,16.737      ,0.00215       ,26            ,2.285           ,0.000         ,-0.000              ,-0.000              ,23924.008       ,0.00000           ,0.00000               ,0.000         ,0.000         ,0.656         ,0.027         
17:21:05.328765     ,0.876       ,0.880       ,19.225      ,16.770      ,16.743      ,16.158      ,0.581       ,0.387       ,0.268       ,0.000       ,0.656       ,880.000     ,0.000       ,0.581       ,16.739      ,0.00215       ,26            ,2.285           ,0.000         ,-0.000              ,-0.000              ,23924.008       ,0.00000           ,0.00000               ,0.000         ,0.000         ,0.656         ,0.027         
17:21:05.341346     ,0.876       ,0.880       ,19.225      ,16.750      ,16.743      ,16.158      ,0.585       ,0.390       ,0.269       ,0.000       ,0.659       ,880.000     ,0.000       ,0.585       ,16.743      ,0.00215       ,26            ,2.285           ,0.000         ,-0.000              ,-0.000              ,23924.008       ,0.00000           ,0.00000               ,0.000         ,0.000         ,0.660         ,0.025         
17:21:05.352350     ,0.881       ,0.880       ,19.225      ,16.750      ,16.744      ,16.158      ,0.586       ,0.391       ,0.271       ,0.000       ,0.662       ,880.000     ,0.000       ,0.586       ,16.744      ,0.00215       ,26            ,2.285           ,0.000         ,-0.000              ,-0.000              ,23924.008       ,0.00000           ,0.00000               ,0.000         ,0.000         ,0.662         ,0.025         
17:21:05.359968     ,0.881       ,0.880       ,19.225      ,16.750      ,16.745      ,16.158      ,0.586       ,0.391       ,0.271       ,0.000       ,0.662       ,880.000     ,0.000       ,0.586       ,16.744      ,0.00215       ,26            ,2.285           ,0.000         ,-0.000              ,-0.000              ,23924.008       ,0.00000           ,0.00000               ,0.000         ,0.000         ,0.662         ,0.029         
17:21:05.368757     ,0.881       ,0.880       ,19.225      ,16.770      ,16.749      ,16.158      ,0.587       ,0.392       ,0.272       ,0.000       ,0.664       ,880.000     ,0.000       ,0.587       ,16.745      ,0.00215       ,26            ,2.285           ,0.000         ,-0.000              ,-0.000              ,23924.008       ,0.00000           ,0.00000               ,0.000         ,0.000         ,0.664         ,0.029         
17:21:05.378760     ,0.881       ,0.880       ,19.225      ,16.740      ,16.744      ,16.158      ,0.592       ,0.394       ,0.273       ,0.000       ,0.668       ,880.000     ,0.000       ,0.592       ,16.749      ,0.00215       ,26            ,2.285           ,0.000         ,-0.000              ,-0.000              ,23924.008       ,0.00000           ,0.00000               ,0.000         ,0.000         ,0.668         ,0.029         
17:21:05.388764     ,0.881       ,0.880       ,19.225      ,16.750      ,16.745      ,16.158      ,0.586       ,0.391       ,0.274       ,-0.001      ,0.664       ,880.000     ,0.000       ,0.586       ,16.744      ,0.00215       ,26            ,2.285           ,0.000         ,-0.000              ,-0.000              ,23924.008       ,0.00000           ,0.00000               ,0.000         ,0.000         ,0.664         ,0.029         
17:21:05.398765     ,0.881       ,0.880       ,19.225      ,16.750      ,16.745      ,16.158      ,0.587       ,0.391       ,0.275       ,0.000       ,0.667       ,880.000     ,0.000       ,0.587       ,16.745      ,0.00215       ,26            ,2.285           ,0.000         ,-0.000              ,-0.000              ,23924.008       ,0.00000           ,0.00000               ,0.000         ,0.000         ,0.667         ,0.027         
17:21:05.414313     ,0.881       ,0.880       ,19.225      ,16.740      ,16.743      ,16.158      ,0.587       ,0.391       ,0.276       ,-0.000      ,0.667       ,880.000     ,0.000       ,0.587       ,16.745      ,0.00215       ,26            ,2.285           ,0.000         ,-0.000              ,-0.000              ,23924.008       ,0.00000           ,0.00000               ,0.000         ,0.000         ,0.667         ,0.029         
17:21:05.418762     ,0.881       ,0.880       ,19.225      ,16.750      ,16.739      ,16.158      ,0.585       ,0.390       ,0.277       ,-0.000      ,0.667       ,880.000     ,0.000       ,0.585       ,16.743      ,0.00215       ,26            ,2.285           ,0.000         ,-0.000              ,-0.000              ,23924.008       ,0.00000           ,0.00000               ,0.000         ,0.000         ,0.667         ,0.029         
17:21:05.433978     ,0.881       ,0.880       ,19.225      ,16.750      ,16.741      ,16.158      ,0.581       ,0.387       ,0.278       ,-0.000      ,0.665       ,880.000     ,0.000       ,0.581       ,16.739      ,0.00215       ,26            ,2.285           ,0.000         ,-0.000              ,-0.000              ,23924.008       ,0.00000           ,0.00000               ,0.000         ,0.000         ,0.665         ,0.032         
17:21:05.438767     ,0.881       ,0.880       ,19.225      ,16.750      ,16.740      ,16.158      ,0.583       ,0.389       ,0.279       ,0.000       ,0.668       ,880.000     ,0.000       ,0.583       ,16.741      ,0.00215       ,26            ,2.285           ,0.000         ,-0.000              ,-0.000              ,23924.008       ,0.00000           ,0.00000               ,0.000         ,0.000         ,0.668         ,0.032         
17:21:05.456915     ,0.881       ,0.880       ,19.258      ,16.750      ,16.739      ,16.158      ,0.581       ,0.387       ,0.281       ,0.000       ,0.668       ,880.000     ,0.000       ,0.581       ,16.739      ,0.00215       ,26            ,2.285           ,0.000         ,-0.000              ,-0.000              ,23924.008       ,0.00000           ,0.00000               ,0.000         ,0.000         ,0.668         ,0.028         
17:21:05.458758     ,0.881       ,0.880       ,19.258      ,16.750      ,16.740      ,16.158      ,0.581       ,0.387       ,0.281       ,0.000       ,0.668       ,880.000     ,0.000       ,0.581       ,16.739      ,0.00215       ,26            ,2.285           ,0.000         ,-0.000              ,-0.000              ,23924.008       ,0.00000           ,0.00000               ,0.000         ,0.000         ,0.668         ,0.028         
17:21:05.471004     ,0.881       ,0.880       ,19.258      ,16.750      ,16.740      ,16.158      ,0.582       ,0.388       ,0.282       ,0.000       ,0.670       ,880.000     ,0.000       ,0.582       ,16.740      ,0.00215       ,26            ,2.285           ,0.000         ,-0.000              ,-0.000              ,23924.008       ,0.00000           ,0.00000               ,0.000         ,0.000         ,0.671         ,0.028         
17:21:05.478756     ,0.881       ,0.880       ,19.258      ,16.750      ,16.740      ,16.158      ,0.582       ,0.388       ,0.283       ,-0.000      ,0.671       ,880.000     ,0.000       ,0.582       ,16.740      ,0.00215       ,26            ,2.285           ,0.000         ,-0.000              ,-0.000              ,23924.008       ,0.00000           ,0.00000               ,0.000         ,0.000         ,0.671         ,0.028         
17:21:05.489564     ,0.881       ,0.880       ,19.258      ,16.740      ,16.739      ,16.158      ,0.582       ,0.388       ,0.284       ,0.000       ,0.672       ,880.000     ,0.000       ,0.582       ,16.740      ,0.00215       ,26            ,2.285           ,0.000         ,-0.000              ,-0.000              ,23924.008       ,0.00000           ,0.00000               ,0.000         ,0.000         ,0.672         ,0.029         
17:21:05.498770     ,0.881       ,0.880       ,19.258      ,16.740      ,16.738      ,16.158      ,0.581       ,0.387       ,0.285       ,-0.000      ,0.672       ,880.000     ,0.000       ,0.581       ,16.739      ,0.00215       ,26            ,2.285           ,0.000         ,-0.000              ,-0.000              ,23924.008       ,0.00000           ,0.00000               ,0.000         ,0.000         ,0.672         ,0.029         
17:21:05.510066     ,0.881       ,0.880       ,19.258      ,16.740      ,16.737      ,16.158      ,0.581       ,0.387       ,0.286       ,0.000       ,0.673       ,880.000     ,0.000       ,0.581       ,16.738      ,0.00215       ,26            ,2.285           ,0.000         ,-0.000              ,-0.000              ,23924.008       ,0.00000           ,0.00000               ,0.000         ,0.000         ,0.673         ,0.029         
17:21:05.518760     ,0.881       ,0.880       ,19.258      ,16.730      ,16.734      ,16.158      ,0.580       ,0.387       ,0.287       ,-0.000      ,0.673       ,880.000     ,0.000       ,0.580       ,16.737      ,0.00215       ,26            ,2.285           ,0.000         ,-0.000              ,-0.000              ,23924.008       ,0.00000           ,0.00000               ,0.000         ,0.000         ,0.673         ,0.029         
17:21:05.529632     ,0.881       ,0.880       ,19.258      ,16.730      ,16.731      ,16.158      ,0.577       ,0.384       ,0.288       ,-0.000      ,0.672       ,880.000     ,0.000       ,0.577       ,16.734      ,0.00215       ,26            ,2.285           ,0.000         ,-0.000              ,-0.000              ,23924.008       ,0.00000           ,0.00000               ,0.000         ,0.000         ,0.672         ,0.029         
17:21:05.538776     ,0.881       ,0.880       ,19.258      ,16.730      ,16.729      ,16.158      ,0.573       ,0.382       ,0.289       ,-0.000      ,0.671       ,880.000     ,0.000       ,0.573       ,16.731      ,0.00215       ,26            ,2.285           ,0.000         ,-0.000              ,-0.000              ,23924.008       ,0.00000           ,0.00000               ,0.000         ,0.000         ,0.671         ,0.029         
17:21:05.552845     ,0.881       ,0.880       ,19.225      ,16.740      ,16.728      ,16.158      ,0.570       ,0.380       ,0.290       ,0.000       ,0.671       ,880.000     ,0.000       ,0.570       ,16.728      ,0.00215       ,26            ,2.285           ,0.000         ,-0.000              ,-0.000              ,23924.008       ,0.00000           ,0.00000               ,0.000         ,0.000         ,0.671         ,0.029         
17:21:05.558759     ,0.881       ,0.880       ,19.225      ,16.740      ,16.726      ,16.158      ,0.570       ,0.380       ,0.290       ,0.000       ,0.671       ,880.000     ,0.000       ,0.570       ,16.728      ,0.00215       ,26            ,2.285           ,0.000         ,-0.000              ,-0.000              ,23924.008       ,0.00000           ,0.00000               ,0.000         ,0.000         ,0.671         ,0.029         
17:21:05.569775     ,0.881       ,0.880       ,19.225      ,16.740      ,16.726      ,16.158      ,0.568       ,0.379       ,0.291       ,-0.000      ,0.670       ,880.000     ,0.000       ,0.568       ,16.726      ,0.00215       ,26            ,2.285           ,0.000         ,-0.000              ,-0.000              ,23924.008       ,0.00000           ,0.00000               ,0.000         ,0.000         ,0.670         ,0.029         
17:21:05.578758     ,0.881       ,0.880       ,19.225      ,16.730      ,16.725      ,16.158      ,0.568       ,0.379       ,0.292       ,0.000       ,0.671       ,880.000     ,0.000       ,0.568       ,16.726      ,0.00215       ,26            ,2.285           ,0.000         ,-0.000              ,-0.000              ,23924.008       ,0.00000           ,0.00000               ,0.000         ,0.000         ,0.671         ,0.029         
17:21:05.589412     ,0.881       ,0.880       ,19.225      ,16.750      ,16.728      ,16.158      ,0.567       ,0.378       ,0.293       ,-0.000      ,0.671       ,880.000     ,0.000       ,0.567       ,16.725      ,0.00215       ,26            ,2.285           ,0.000         ,-0.000              ,-0.000              ,23924.008       ,0.00000           ,0.00000               ,0.000         ,0.000         ,0.671         ,0.029         
17:21:05.598768     ,0.881       ,0.880       ,19.225      ,16.730      ,16.727      ,16.158      ,0.571       ,0.380       ,0.294       ,0.000       ,0.675       ,880.000     ,0.000       ,0.571       ,16.728      ,0.00215       ,26            ,2.285           ,0.000         ,-0.000              ,-0.000              ,23924.008       ,0.00000           ,0.00000               ,0.000         ,0.000         ,0.675         ,0.029         
17:21:05.608760     ,0.881       ,0.880       ,19.225      ,16.730      ,16.727      ,16.158      ,0.569       ,0.379       ,0.295       ,-0.000      ,0.674       ,880.000     ,0.000       ,0.569       ,16.727      ,0.00215       ,26            ,2.285           ,0.000         ,-0.000              ,-0.000              ,23924.008       ,0.00000           ,0.00000               ,0.000         ,0.000         ,0.674         ,0.029         
17:21:05.618769     ,0.881       ,0.880       ,19.225      ,16.730      ,16.727      ,16.158      ,0.569       ,0.379       ,0.296       ,0.000       ,0.675       ,880.000     ,0.000       ,0.569       ,16.727      ,0.00215       ,26            ,2.285           ,0.000         ,-0.000              ,-0.000              ,23924.008       ,0.00000           ,0.00000               ,0.000         ,0.000         ,0.675         ,0.029         
17:21:05.628762     ,0.881       ,0.880       ,19.225      ,16.730      ,16.728      ,16.158      ,0.569       ,0.379       ,0.297       ,0.000       ,0.676       ,880.000     ,0.000       ,0.569       ,16.727      ,0.00215       ,26            ,2.285           ,0.000         ,-0.000              ,-0.000              ,23924.008       ,0.00000           ,0.00000               ,0.000         ,0.000         ,0.676         ,0.028         
17:21:05.644014     ,0.881       ,0.880       ,19.225      ,16.720      ,16.723      ,16.158      ,0.570       ,0.380       ,0.298       ,0.000       ,0.678       ,880.000     ,0.000       ,0.570       ,16.728      ,0.00215       ,26            ,2.285           ,0.000         ,-0.000              ,-0.000              ,23924.008       ,0.00000           ,0.00000               ,0.000         ,0.000         ,0.675         ,0.028         
17:21:05.652184     ,0.881       ,0.880       ,19.242      ,16.730      ,16.723      ,16.158      ,0.565       ,0.377       ,0.300       ,0.000       ,0.677       ,880.000     ,0.000       ,0.565       ,16.723      ,0.00215       ,26            ,2.285           ,0.000         ,-0.000              ,-0.000              ,23924.008       ,0.00000           ,0.00000               ,0.000         ,0.000         ,0.677         ,0.028         
17:21:05.663638     ,0.881       ,0.880       ,19.242      ,16.740      ,16.723      ,16.158      ,0.565       ,0.377       ,0.300       ,0.000       ,0.677       ,880.000     ,0.000       ,0.565       ,16.723      ,0.00215       ,26            ,2.285           ,0.000         ,-0.000              ,-0.000              ,23924.008       ,0.00000           ,0.00000               ,0.000         ,0.000         ,0.678         ,0.028         
17:21:05.668766     ,0.881       ,0.880       ,19.242      ,16.740      ,16.723      ,16.158      ,0.566       ,0.377       ,0.301       ,0.000       ,0.678       ,880.000     ,0.000       ,0.566       ,16.723      ,0.00215       ,26            ,2.285           ,0.000         ,-0.000              ,-0.000              ,23924.008       ,0.00000           ,0.00000               ,0.000         ,0.000         ,0.678         ,0.028         
17:21:05.685282     ,0.881       ,0.880       ,19.242      ,16.740      ,16.723      ,16.158      ,0.565       ,0.377       ,0.302       ,-0.000      ,0.678       ,880.000     ,0.000       ,0.565       ,16.723      ,0.00215       ,26            ,2.285           ,0.000         ,-0.000              ,-0.000              ,23924.008       ,0.00000           ,0.00000               ,0.000         ,0.000         ,0.678         ,0.028         
17:21:05.688770     ,0.881       ,0.880       ,19.242      ,16.740      ,16.725      ,16.158      ,0.565       ,0.377       ,0.303       ,0.000       ,0.679       ,880.000     ,0.000       ,0.565       ,16.723      ,0.00215       ,26            ,2.285           ,0.000         ,-0.000              ,-0.000              ,23924.008       ,0.00000           ,0.00000               ,0.000         ,0.000         ,0.679         ,0.028         
17:21:05.703854     ,0.881       ,0.880       ,19.242      ,16.740      ,16.727      ,16.158      ,0.567       ,0.378       ,0.304       ,0.000       ,0.682       ,880.000     ,0.000       ,0.567       ,16.725      ,0.00215       ,26            ,2.285           ,0.000         ,-0.000              ,-0.000              ,23924.008       ,0.00000           ,0.00000               ,0.000         ,0.000         ,0.684         ,0.029         
17:21:05.708757     ,0.881       ,0.880       ,19.242      ,16.750      ,16.730      ,16.158      ,0.569       ,0.379       ,0.305       ,-0.000      ,0.684       ,880.000     ,0.000       ,0.569       ,16.727      ,0.00215       ,26            ,2.285           ,0.000         ,-0.000              ,-0.000              ,23924.008       ,0.00000           ,0.00000               ,0.000         ,0.000         ,0.684         ,0.029         
17:21:05.725651     ,0.881       ,0.880       ,19.242      ,16.750      ,16.733      ,16.158      ,0.572       ,0.381       ,0.306       ,0.000       ,0.687       ,880.000     ,0.000       ,0.572       ,16.730      ,0.00215       ,26            ,2.285           ,0.000         ,-0.000              ,-0.000              ,23924.008       ,0.00000           ,0.00000               ,0.000         ,0.000         ,0.690         ,0.029         
17:21:05.728759     ,0.881       ,0.880       ,19.242      ,16.750      ,16.736      ,16.158      ,0.575       ,0.383       ,0.307       ,0.000       ,0.690       ,880.000     ,0.000       ,0.575       ,16.733      ,0.00215       ,26            ,2.285           ,0.000         ,-0.000              ,-0.000              ,23924.008       ,0.00000           ,0.00000               ,0.000         ,0.000         ,0.690         ,0.029         
17:21:05.738769     ,0.881       ,0.880       ,19.242      ,16.750      ,16.739      ,16.158      ,0.578       ,0.386       ,0.307       ,-0.000      ,0.693       ,880.000     ,0.000       ,0.578       ,16.736      ,0.00215       ,26            ,2.285           ,0.000         ,-0.000              ,-0.000              ,23924.008       ,0.00000           ,0.00000               ,0.000         ,0.000         ,0.693         ,0.029         
17:21:05.752214     ,0.879       ,0.880       ,19.225      ,16.750      ,16.741      ,16.158      ,0.583       ,0.389       ,0.309       ,-0.000      ,0.698       ,880.000     ,0.000       ,0.583       ,16.741      ,0.00215       ,26            ,2.285           ,0.000         ,-0.000              ,-0.000              ,23924.008       ,0.00000           ,0.00000               ,0.000         ,0.000         ,0.698         ,0.028         
17:21:05.763491     ,0.879       ,0.880       ,19.225      ,16.750      ,16.741      ,16.158      ,0.583       ,0.389       ,0.309       ,-0.000      ,0.698       ,880.000     ,0.000       ,0.583       ,16.741      ,0.00215       ,26            ,2.285           ,0.000         ,-0.000              ,-0.000              ,23924.008       ,0.00000           ,0.00000               ,0.000         ,0.000         ,0.698         ,0.027         
17:21:05.768765     ,0.879       ,0.880       ,19.225      ,16.770      ,16.744      ,16.158      ,0.583       ,0.389       ,0.310       ,-0.000      ,0.699       ,880.000     ,0.000       ,0.583       ,16.741      ,0.00215       ,26            ,2.285           ,0.000         ,-0.000              ,-0.000              ,23924.008       ,0.00000           ,0.00000               ,0.000         ,0.000         ,0.699         ,0.027         
17:21:05.782968     ,0.879       ,0.880       ,19.225      ,16.770      ,16.747      ,16.158      ,0.586       ,0.391       ,0.311       ,0.000       ,0.703       ,880.000     ,0.000       ,0.586       ,16.744      ,0.00215       ,26            ,2.285           ,0.000         ,-0.000              ,-0.000              ,23924.008       ,0.00000           ,0.00000               ,0.000         ,0.000         ,0.705         ,0.028         
17:21:05.788772     ,0.879       ,0.880       ,19.225      ,16.770      ,16.750      ,16.158      ,0.589       ,0.393       ,0.312       ,-0.000      ,0.705       ,880.000     ,0.000       ,0.589       ,16.747      ,0.00215       ,26            ,2.285           ,0.000         ,-0.000              ,-0.000              ,23924.008       ,0.00000           ,0.00000               ,0.000         ,0.000         ,0.705         ,0.028         
17:21:05.801405     ,0.879       ,0.880       ,19.225      ,16.750      ,16.750      ,16.158      ,0.592       ,0.395       ,0.313       ,-0.000      ,0.708       ,880.000     ,0.000       ,0.592       ,16.750      ,0.00215       ,26            ,2.285           ,0.000         ,-0.000              ,-0.000              ,23924.008       ,0.00000           ,0.00000               ,0.000         ,0.000         ,0.709         ,0.028         
17:21:05.808762     ,0.879       ,0.880       ,19.225      ,16.750      ,16.751      ,16.158      ,0.592       ,0.395       ,0.314       ,-0.000      ,0.709       ,880.000     ,0.000       ,0.592       ,16.750      ,0.00215       ,26            ,2.285           ,0.000         ,-0.000              ,-0.000              ,23924.008       ,0.00000           ,0.00000               ,0.000         ,0.000         ,0.709         ,0.028         
17:21:05.819986     ,0.879       ,0.880       ,19.225      ,16.770      ,16.753      ,16.158      ,0.593       ,0.395       ,0.315       ,0.000       ,0.711       ,880.000     ,0.000       ,0.593       ,16.751      ,0.00215       ,26            ,2.285           ,0.000         ,-0.000              ,-0.000              ,23924.008       ,0.00000           ,0.00000               ,0.000         ,0.000         ,0.711         ,0.030         
17:21:05.828758     ,0.879       ,0.880       ,19.225      ,16.780      ,16.756      ,16.158      ,0.595       ,0.397       ,0.316       ,0.000       ,0.713       ,880.000     ,0.000       ,0.595       ,16.753      ,0.00215       ,26            ,2.285           ,0.000         ,-0.000              ,-0.000              ,23924.008       ,0.00000           ,0.00000               ,0.000         ,0.000         ,0.713         ,0.030         
17:21:05.838811     ,0.879       ,0.880       ,19.225      ,16.770      ,16.756      ,16.158      ,0.598       ,0.399       ,0.317       ,0.000       ,0.716       ,880.000     ,0.000       ,0.598       ,16.756      ,0.00215       ,26            ,2.285           ,0.000         ,-0.000              ,-0.000              ,23924.008       ,0.00000           ,0.00000               ,0.000         ,0.000         ,0.716         ,0.029         
17:21:05.852218     ,0.883       ,0.880       ,19.225      ,16.780      ,16.761      ,16.158      ,0.598       ,0.399       ,0.318       ,-0.000      ,0.717       ,880.000     ,0.000       ,0.598       ,16.756      ,0.00215       ,26            ,2.285           ,0.000         ,-0.000              ,-0.000              ,23924.008       ,0.00000           ,0.00000               ,0.000         ,0.000         ,0.717         ,0.030         
17:21:05.858759     ,0.883       ,0.880       ,19.225      ,16.780      ,16.764      ,16.158      ,0.603       ,0.402       ,0.319       ,0.000       ,0.722       ,880.000     ,0.000       ,0.603       ,16.761      ,0.00215       ,26            ,2.285           ,0.000         ,-0.000              ,-0.000              ,23924.008       ,0.00000           ,0.00000               ,0.000         ,0.000         ,0.722         ,0.030         
17:21:05.868760     ,0.883       ,0.880       ,19.225      ,16.780      ,16.764      ,16.158      ,0.607       ,0.404       ,0.320       ,-0.000      ,0.725       ,880.000     ,0.000       ,0.607       ,16.764      ,0.00215       ,26            ,2.285           ,0.000         ,-0.000              ,-0.000              ,23924.008       ,0.00000           ,0.00000               ,0.000         ,0.000         ,0.725         ,0.030         
17:21:05.878759     ,0.883       ,0.880       ,19.225      ,16.780      ,16.765      ,16.158      ,0.607       ,0.405       ,0.321       ,-0.000      ,0.726       ,880.000     ,0.000       ,0.607       ,16.764      ,0.00215       ,26            ,2.285           ,0.000         ,-0.000              ,-0.000              ,23924.008       ,0.00000           ,0.00000               ,0.000         ,0.000         ,0.726         ,0.029         
17:21:05.888768     ,0.883       ,0.880       ,19.225      ,16.780      ,16.768      ,16.158      ,0.607       ,0.405       ,0.322       ,0.000       ,0.727       ,880.000     ,0.000       ,0.607       ,16.765      ,0.00215       ,26            ,2.285           ,0.000         ,-0.000              ,-0.000              ,23924.008       ,0.00000           ,0.00000               ,0.000         ,0.000         ,0.727         ,0.029         
17:21:05.898899     ,0.883       ,0.880       ,19.225      ,16.780      ,16.770      ,16.158      ,0.610       ,0.407       ,0.323       ,0.000       ,0.731       ,880.000     ,0.000       ,0.610       ,16.768      ,0.00215       ,26            ,2.285           ,0.000         ,-0.000              ,-0.000              ,23924.008       ,0.00000           ,0.00000               ,0.000         ,0.000         ,0.731         ,0.028         
17:21:05.915031     ,0.883       ,0.880       ,19.225      ,16.790      ,16.773      ,16.158      ,0.612       ,0.408       ,0.324       ,-0.000      ,0.733       ,880.000     ,0.000       ,0.612       ,16.770      ,0.00215       ,26            ,2.285           ,0.000         ,-0.000              ,-0.000              ,23924.008       ,0.00000           ,0.00000               ,0.000         ,0.000         ,0.733         ,0.032         
17:21:05.918860     ,0.883       ,0.880       ,19.225      ,16.780      ,16.774      ,16.158      ,0.616       ,0.411       ,0.325       ,0.000       ,0.736       ,880.000     ,0.000       ,0.616       ,16.773      ,0.00215       ,26            ,2.285           ,0.000         ,-0.000              ,-0.000              ,23924.008       ,0.00000           ,0.00000               ,0.000         ,0.000         ,0.736         ,0.032         
17:21:05.933532     ,0.883       ,0.880       ,19.225      ,16.770      ,16.772      ,16.158      ,0.616       ,0.411       ,0.326       ,-0.000      ,0.737       ,880.000     ,0.000       ,0.616       ,16.774      ,0.00215       ,26            ,2.285           ,0.000         ,-0.000              ,-0.000              ,23924.008       ,0.00000           ,0.00000               ,0.000         ,0.000         ,0.737         ,0.030         
17:21:05.938826     ,0.883       ,0.880       ,19.225      ,16.780      ,16.772      ,16.158      ,0.615       ,0.410       ,0.327       ,-0.000      ,0.737       ,880.000     ,0.000       ,0.615       ,16.772      ,0.00215       ,26            ,2.285           ,0.000         ,-0.000              ,-0.000              ,23924.008       ,0.00000           ,0.00000               ,0.000         ,0.000         ,0.737         ,0.030         
17:21:05.954635     ,0.883       ,0.880       ,19.258      ,16.780      ,16.772      ,16.158      ,0.614       ,0.410       ,0.330       ,-0.000      ,0.739       ,880.000     ,0.000       ,0.614       ,16.772      ,0.00215       ,26            ,2.285           ,0.000         ,-0.000              ,-0.000              ,23924.008       ,0.00000           ,0.00000               ,0.000         ,0.000         ,0.739         ,0.029         
17:21:05.958815     ,0.883       ,0.880       ,19.258      ,16.780      ,16.770      ,16.158      ,0.614       ,0.410       ,0.330       ,-0.000      ,0.739       ,880.000     ,0.000       ,0.614       ,16.772      ,0.00215       ,26            ,2.285           ,0.000         ,-0.000              ,-0.000              ,23924.008       ,0.00000           ,0.00000               ,0.000         ,0.000         ,0.739         ,0.029         
17:21:05.969646     ,0.883       ,0.880       ,19.258      ,16.780      ,16.770      ,16.158      ,0.612       ,0.408       ,0.331       ,-0.000      ,0.738       ,880.000     ,0.000       ,0.612       ,16.770      ,0.00215       ,26            ,2.285           ,0.000         ,-0.000              ,-0.000              ,23924.008       ,0.00000           ,0.00000               ,0.000         ,0.000         ,0.738         ,0.028         
17:21:05.978946     ,0.883       ,0.880       ,19.258      ,16.780      ,16.771      ,16.158      ,0.612       ,0.408       ,0.332       ,0.000       ,0.740       ,880.000     ,0.000       ,0.612       ,16.770      ,0.00215       ,26            ,2.285           ,0.000         ,-0.000              ,-0.000              ,23924.008       ,0.00000           ,0.00000               ,0.000         ,0.000         ,0.740         ,0.028         
17:21:05.989377     ,0.883       ,0.880       ,19.258      ,16.790      ,16.772      ,16.158      ,0.613       ,0.409       ,0.333       ,0.000       ,0.742       ,880.000     ,0.000       ,0.613       ,16.771      ,0.00215       ,26            ,2.285           ,0.000         ,-0.000              ,-0.000              ,23924.008       ,0.00000           ,0.00000               ,0.000         ,0.000         ,0.742         ,0.029         
17:21:05.998966     ,0.883       ,0.880       ,19.258      ,16.780      ,16.772      ,16.158      ,0.614       ,0.410       ,0.334       ,-0.000      ,0.743       ,880.000     ,0.000       ,0.614       ,16.772      ,0.00215       ,26            ,2.285           ,0.000         ,-0.000              ,-0.000              ,23924.008       ,0.00000           ,0.00000               ,0.000         ,0.000         ,0.743         ,0.029         
17:21:06.008865     ,0.883       ,0.880       ,19.258      ,16.780      ,16.772      ,16.158      ,0.614       ,0.409       ,0.335       ,-0.000      ,0.744       ,880.000     ,0.000       ,0.614       ,16.772      ,0.00215       ,26            ,2.285           ,0.000         ,-0.000              ,-0.000              ,23924.008       ,0.00000           ,0.00000               ,0.000         ,0.000         ,0.744         ,0.025         
17:21:06.018871     ,0.883       ,0.880       ,19.258      ,16.780      ,16.772      ,16.158      ,0.614       ,0.409       ,0.336       ,0.000       ,0.745       ,880.000     ,0.000       ,0.614       ,16.772      ,0.00215       ,26            ,2.285           ,0.000         ,-0.000              ,-0.000              ,23924.008       ,0.00000           ,0.00000               ,0.000         ,0.000         ,0.745         ,0.025         
17:21:06.028762     ,0.883       ,0.880       ,19.258      ,16.780      ,16.773      ,16.158      ,0.615       ,0.410       ,0.337       ,0.000       ,0.747       ,880.000     ,0.000       ,0.615       ,16.772      ,0.00215       ,26            ,2.285           ,0.000         ,-0.000              ,-0.000              ,23924.008       ,0.00000           ,0.00000               ,0.000         ,0.000         ,0.747         ,0.032         
17:21:06.039022     ,0.883       ,0.880       ,19.258      ,16.780      ,16.772      ,16.158      ,0.616       ,0.410       ,0.338       ,0.000       ,0.748       ,880.000     ,0.000       ,0.616       ,16.773      ,0.00215       ,26            ,2.285           ,0.000         ,-0.000              ,-0.000              ,23924.008       ,0.00000           ,0.00000               ,0.000         ,0.000         ,0.748         ,0.032         
17:21:06.052306     ,0.881       ,0.880       ,19.242      ,16.790      ,16.774      ,16.158      ,0.617       ,0.411       ,0.340       ,0.000       ,0.751       ,880.000     ,0.000       ,0.617       ,16.774      ,0.00215       ,26            ,2.285           ,0.000         ,-0.000              ,-0.000              ,23924.008       ,0.00000           ,0.00000               ,0.000         ,0.000         ,0.751         ,0.030         
17:21:06.065694     ,0.881       ,0.880       ,19.242      ,16.780      ,16.774      ,16.158      ,0.617       ,0.411       ,0.340       ,0.000       ,0.751       ,880.000     ,0.000       ,0.617       ,16.774      ,0.00215       ,26            ,2.285           ,0.000         ,-0.000              ,-0.000              ,23924.008       ,0.00000           ,0.00000               ,0.000         ,0.000         ,0.751         ,0.028         
17:21:06.068769     ,0.881       ,0.880       ,19.242      ,16.780      ,16.773      ,16.158      ,0.616       ,0.411       ,0.341       ,-0.000      ,0.751       ,880.000     ,0.000       ,0.616       ,16.774      ,0.00215       ,26            ,2.285           ,0.000         ,-0.000              ,-0.000              ,23924.008       ,0.00000           ,0.00000               ,0.000         ,0.000         ,0.751         ,0.028         
17:21:06.084148     ,0.881       ,0.880       ,19.242      ,16.770      ,16.771      ,16.158      ,0.615       ,0.410       ,0.342       ,-0.000      ,0.752       ,880.000     ,0.000       ,0.615       ,16.773      ,0.00215       ,26            ,2.285           ,0.000         ,-0.000              ,-0.000              ,23924.008       ,0.00000           ,0.00000               ,0.000         ,0.000         ,0.752         ,0.028         
17:21:06.088774     ,0.881       ,0.880       ,19.242      ,16.780      ,16.771      ,16.158      ,0.613       ,0.409       ,0.343       ,-0.000      ,0.752       ,880.000     ,0.000       ,0.613       ,16.771      ,0.00215       ,26            ,2.285           ,0.000         ,-0.000              ,-0.000              ,23924.008       ,0.00000           ,0.00000               ,0.000         ,0.000         ,0.752         ,0.028         
17:21:06.103729     ,0.881       ,0.880       ,19.242      ,16.770      ,16.768      ,16.158      ,0.614       ,0.409       ,0.344       ,0.000       ,0.753       ,880.000     ,0.000       ,0.614       ,16.771      ,0.00215       ,26            ,2.285           ,0.000         ,-0.000              ,-0.000              ,23924.008       ,0.00000           ,0.00000               ,0.000         ,0.000         ,0.753         ,0.030         
17:21:06.108759     ,0.881       ,0.880       ,19.242      ,16.790      ,16.771      ,16.158      ,0.610       ,0.407       ,0.345       ,-0.000      ,0.752       ,880.000     ,0.000       ,0.610       ,16.768      ,0.00215       ,26            ,2.285           ,0.000         ,-0.000              ,-0.000              ,23924.008       ,0.00000           ,0.00000               ,0.000         ,0.000         ,0.752         ,0.030         
17:21:06.122302     ,0.881       ,0.880       ,19.242      ,16.780      ,16.770      ,16.158      ,0.613       ,0.409       ,0.346       ,0.000       ,0.755       ,880.000     ,0.000       ,0.613       ,16.771      ,0.00215       ,26            ,2.285           ,0.000         ,-0.000              ,-0.000              ,23924.008       ,0.00000           ,0.00000               ,0.000         ,0.000         ,0.755         ,0.028         
17:21:06.128759     ,0.881       ,0.880       ,19.242      ,16.790      ,16.773      ,16.158      ,0.612       ,0.408       ,0.347       ,-0.000      ,0.755       ,880.000     ,0.000       ,0.612       ,16.770      ,0.00215       ,26            ,2.285           ,0.000         ,-0.000              ,-0.000              ,23924.008       ,0.00000           ,0.00000               ,0.000         ,0.000         ,0.755         ,0.028         
17:21:06.140798     ,0.881       ,0.880       ,19.242      ,16.790      ,16.773      ,16.158      ,0.615       ,0.410       ,0.348       ,0.000       ,0.758       ,880.000     ,0.000       ,0.615       ,16.773      ,0.00215       ,26            ,2.285           ,0.000         ,-0.000              ,-0.000              ,23924.008       ,0.00000           ,0.00000               ,0.000         ,0.000         ,0.759         ,0.030         
17:21:06.152299     ,0.883       ,0.880       ,19.258      ,16.800      ,16.777      ,16.158      ,0.620       ,0.413       ,0.350       ,0.000       ,0.763       ,880.000     ,0.000       ,0.620       ,16.777      ,0.00215       ,26            ,2.285           ,0.000         ,-0.000              ,-0.000              ,23924.008       ,0.00000           ,0.00000               ,0.000         ,0.000         ,0.763         ,0.030         
17:21:06.159401     ,0.883       ,0.880       ,19.258      ,16.790      ,16.777      ,16.158      ,0.620       ,0.413       ,0.350       ,0.000       ,0.763       ,880.000     ,0.000       ,0.620       ,16.777      ,0.00215       ,26            ,2.285           ,0.000         ,-0.000              ,-0.000              ,23924.008       ,0.00000           ,0.00000               ,0.000         ,0.000         ,0.763         ,0.028         
17:21:06.168758     ,0.883       ,0.880       ,19.258      ,16.800      ,16.781      ,16.158      ,0.619       ,0.413       ,0.351       ,-0.000      ,0.763       ,880.000     ,0.000       ,0.619       ,16.777      ,0.00215       ,26            ,2.285           ,0.000         ,-0.000              ,-0.000              ,23924.008       ,0.00000           ,0.00000               ,0.000         ,0.000         ,0.763         ,0.028         
17:21:06.179136     ,0.883       ,0.880       ,19.258      ,16.780      ,16.781      ,16.158      ,0.624       ,0.416       ,0.352       ,0.000       ,0.768       ,880.000     ,0.000       ,0.624       ,16.781      ,0.00215       ,26            ,2.285           ,0.000         ,-0.000              ,-0.000              ,23924.008       ,0.00000           ,0.00000               ,0.000         ,0.000         ,0.768         ,0.028         
17:21:06.188773     ,0.883       ,0.880       ,19.258      ,16.780      ,16.781      ,16.158      ,0.623       ,0.415       ,0.353       ,-0.000      ,0.768       ,880.000     ,0.000       ,0.623       ,16.781      ,0.00215       ,26            ,2.285           ,0.000         ,-0.000              ,-0.000              ,23924.008       ,0.00000           ,0.00000               ,0.000         ,0.000         ,0.768         ,0.028         
17:21:06.199708     ,0.883       ,0.880       ,19.258      ,16.780      ,16.780      ,16.158      ,0.624       ,0.416       ,0.354       ,0.000       ,0.770       ,880.000     ,0.000       ,0.624       ,16.781      ,0.00215       ,26            ,2.285           ,0.000         ,-0.000              ,-0.000              ,23924.008       ,0.00000           ,0.00000               ,0.000         ,0.000         ,0.770         ,0.029         
17:21:06.208759     ,0.883       ,0.880       ,19.258      ,16.780      ,16.780      ,16.158      ,0.622       ,0.415       ,0.355       ,-0.000      ,0.770       ,880.000     ,0.000       ,0.622       ,16.780      ,0.00215       ,26            ,2.285           ,0.000         ,-0.000              ,-0.000              ,23924.008       ,0.00000           ,0.00000               ,0.000         ,0.000         ,0.770         ,0.029         
17:21:06.219243     ,0.883       ,0.880       ,19.258      ,16.790      ,16.778      ,16.158      ,0.622       ,0.415       ,0.356       ,0.000       ,0.771       ,880.000     ,0.000       ,0.622       ,16.780      ,0.00215       ,26            ,2.285           ,0.000         ,-0.000              ,-0.000              ,23924.008       ,0.00000           ,0.00000               ,0.000         ,0.000         ,0.771         ,0.029         
17:21:06.228760     ,0.883       ,0.880       ,19.258      ,16.780      ,16.776      ,16.158      ,0.620       ,0.413       ,0.357       ,-0.000      ,0.770       ,880.000     ,0.000       ,0.620       ,16.778      ,0.00215       ,26            ,2.285           ,0.000         ,-0.000              ,-0.000              ,23924.008       ,0.00000           ,0.00000               ,0.000         ,0.000         ,0.770         ,0.029         
17:21:06.238929     ,0.883       ,0.880       ,19.258      ,16.780      ,16.774      ,16.158      ,0.619       ,0.412       ,0.358       ,0.000       ,0.771       ,880.000     ,0.000       ,0.619       ,16.776      ,0.00215       ,26            ,2.285           ,0.000         ,-0.000              ,-0.000              ,23924.008       ,0.00000           ,0.00000               ,0.000         ,0.000         ,0.771         ,0.030         
17:21:06.252307     ,0.881       ,0.880       ,19.225      ,16.790      ,16.774      ,16.158      ,0.616       ,0.411       ,0.359       ,-0.000      ,0.770       ,880.000     ,0.000       ,0.616       ,16.774      ,0.00215       ,26            ,2.285           ,0.000         ,-0.000              ,-0.000              ,23924.008       ,0.00000           ,0.00000               ,0.000         ,0.000         ,0.770         ,0.028         
17:21:06.259176     ,0.881       ,0.880       ,19.225      ,16.790      ,16.774      ,16.158      ,0.616       ,0.411       ,0.360       ,0.000       ,0.771       ,880.000     ,0.000       ,0.616       ,16.774      ,0.00215       ,26            ,2.285           ,0.000         ,-0.000              ,-0.000              ,23924.008       ,0.00000           ,0.00000               ,0.000         ,0.000         ,0.771         ,0.028         
17:21:06.268770     ,0.881       ,0.880       ,19.225      ,16.800      ,16.776      ,16.158      ,0.617       ,0.411       ,0.361       ,0.000       ,0.773       ,880.000     ,0.000       ,0.617       ,16.774      ,0.00215       ,26            ,2.285           ,0.000         ,-0.000              ,-0.000              ,23924.008       ,0.00000           ,0.00000               ,0.000         ,0.000         ,0.773         ,0.028         
17:21:06.280500     ,0.881       ,0.880       ,19.225      ,16.790      ,16.778      ,16.158      ,0.618       ,0.412       ,0.362       ,0.000       ,0.774       ,880.000     ,0.000       ,0.618       ,16.776      ,0.00215       ,26            ,2.285           ,0.000         ,-0.000              ,-0.000              ,23924.008       ,0.00000           ,0.00000               ,0.000         ,0.000         ,0.777         ,0.027         
17:21:06.288779     ,0.881       ,0.880       ,19.225      ,16.790      ,16.781      ,16.158      ,0.620       ,0.413       ,0.363       ,0.000       ,0.777       ,880.000     ,0.000       ,0.620       ,16.778      ,0.00215       ,26            ,2.285           ,0.000         ,-0.000              ,-0.000              ,23924.008       ,0.00000           ,0.00000               ,0.000         ,0.000         ,0.777         ,0.027         
17:21:06.298772     ,0.881       ,0.880       ,19.225      ,16.790      ,16.782      ,16.158      ,0.623       ,0.415       ,0.364       ,0.000       ,0.780       ,880.000     ,0.000       ,0.623       ,16.781      ,0.00215       ,26            ,2.285           ,0.000         ,-0.000              ,-0.000              ,23924.008       ,0.00000           ,0.00000               ,0.000         ,0.000         ,0.780         ,0.030         
17:21:06.308772     ,0.881       ,0.880       ,19.225      ,16.800      ,16.785      ,16.158      ,0.624       ,0.416       ,0.366       ,-0.000      ,0.781       ,880.000     ,0.000       ,0.624       ,16.782      ,0.00215       ,26            ,2.285           ,0.000         ,-0.000              ,-0.000              ,23924.008       ,0.00000           ,0.00000               ,0.000         ,0.000         ,0.781         ,0.030         
17:21:06.318773     ,0.881       ,0.880       ,19.225      ,16.800      ,16.785      ,16.158      ,0.627       ,0.418       ,0.367       ,0.000       ,0.785       ,880.000     ,0.000       ,0.627       ,16.785      ,0.00215       ,26            ,2.285           ,0.000         ,-0.000              ,-0.000              ,23924.008       ,0.00000           ,0.00000               ,0.000         ,0.000         ,0.785         ,0.029         
17:21:06.335181     ,0.881       ,0.880       ,19.225      ,16.790      ,16.786      ,16.158      ,0.628       ,0.418       ,0.368       ,-0.000      ,0.786       ,880.000     ,0.000       ,0.628       ,16.785      ,0.00215       ,26            ,2.285           ,0.000         ,-0.000              ,-0.000              ,23924.008       ,0.00000           ,0.00000               ,0.000         ,0.000         ,0.786         ,0.029         
17:21:06.338780     ,0.881       ,0.880       ,19.225      ,16.790      ,16.786      ,16.158      ,0.628       ,0.419       ,0.369       ,-0.000      ,0.787       ,880.000     ,0.000       ,0.628       ,16.786      ,0.00215       ,26            ,2.285           ,0.000         ,-0.000              ,-0.000              ,23924.008       ,0.00000           ,0.00000               ,0.000         ,0.000         ,0.787         ,0.029         
17:21:06.357111     ,0.878       ,0.880       ,19.242      ,16.790      ,16.785      ,16.158      ,0.628       ,0.419       ,0.371       ,-0.000      ,0.789       ,880.000     ,0.000       ,0.628       ,16.785      ,0.00215       ,26            ,2.285           ,0.000         ,-0.000              ,-0.000              ,23924.008       ,0.00000           ,0.00000               ,0.000         ,0.000         ,0.789         ,0.029         
17:21:06.358759     ,0.878       ,0.880       ,19.242      ,16.800      ,16.785      ,16.158      ,0.628       ,0.419       ,0.371       ,-0.000      ,0.789       ,880.000     ,0.000       ,0.628       ,16.785      ,0.00215       ,26            ,2.285           ,0.000         ,-0.000              ,-0.000              ,23924.008       ,0.00000           ,0.00000               ,0.000         ,0.000         ,0.789         ,0.029         
17:21:06.373457     ,0.878       ,0.880       ,19.242      ,16.800      ,16.785      ,16.158      ,0.628       ,0.418       ,0.372       ,-0.000      ,0.790       ,880.000     ,0.000       ,0.628       ,16.785      ,0.00215       ,26            ,2.285           ,0.000         ,-0.000              ,-0.000              ,23924.008       ,0.00000           ,0.00000               ,0.000         ,0.000         ,0.790         ,0.028         
17:21:06.378761     ,0.878       ,0.880       ,19.242      ,16.800      ,16.787      ,16.158      ,0.627       ,0.418       ,0.373       ,0.000       ,0.791       ,880.000     ,0.000       ,0.627       ,16.785      ,0.00215       ,26            ,2.285           ,0.000         ,-0.000              ,-0.000              ,23924.008       ,0.00000           ,0.00000               ,0.000         ,0.000         ,0.791         ,0.028         
17:21:06.391952     ,0.878       ,0.880       ,19.242      ,16.800      ,16.788      ,16.158      ,0.629       ,0.419       ,0.374       ,0.000       ,0.793       ,880.000     ,0.000       ,0.629       ,16.787      ,0.00215       ,26            ,2.285           ,0.000         ,-0.000              ,-0.000              ,23924.008       ,0.00000           ,0.00000               ,0.000         ,0.000         ,0.795         ,0.030         
17:21:06.398761     ,0.878       ,0.880       ,19.242      ,16.810      ,16.791      ,16.158      ,0.630       ,0.420       ,0.375       ,-0.000      ,0.795       ,880.000     ,0.000       ,0.630       ,16.788      ,0.00215       ,26            ,2.285           ,0.000         ,-0.000              ,-0.000              ,23924.008       ,0.00000           ,0.00000               ,0.000         ,0.000         ,0.795         ,0.030         
17:21:06.410353     ,0.878       ,0.880       ,19.242      ,16.800      ,16.791      ,16.158      ,0.633       ,0.422       ,0.376       ,0.000       ,0.798       ,880.000     ,0.000       ,0.633       ,16.791      ,0.00215       ,26            ,2.285           ,0.000         ,-0.000              ,-0.000              ,23924.008       ,0.00000           ,0.00000               ,0.000         ,0.000         ,0.799         ,0.028         
17:21:06.418758     ,0.878       ,0.880       ,19.242      ,16.800      ,16.791      ,16.158      ,0.633       ,0.422       ,0.377       ,-0.000      ,0.799       ,880.000     ,0.000       ,0.633       ,16.791      ,0.00215       ,26            ,2.285           ,0.000         ,-0.000              ,-0.000              ,23924.008       ,0.00000           ,0.00000               ,0.000         ,0.000         ,0.799         ,0.028         
17:21:06.430034     ,0.878       ,0.880       ,19.242      ,16.800      ,16.792      ,16.158      ,0.634       ,0.422       ,0.378       ,0.000       ,0.801       ,880.000     ,0.000       ,0.634       ,16.791      ,0.00215       ,26            ,2.285           ,0.000         ,-0.000              ,-0.000              ,23924.008       ,0.00000           ,0.00000               ,0.000         ,0.000         ,0.801         ,0.029         
17:21:06.438767     ,0.878       ,0.880       ,19.242      ,16.810      ,16.795      ,16.158      ,0.635       ,0.423       ,0.379       ,0.000       ,0.802       ,880.000     ,0.000       ,0.635       ,16.792      ,0.00215       ,26            ,2.285           ,0.000         ,-0.000              ,-0.000              ,23924.008       ,0.00000           ,0.00000               ,0.000         ,0.000         ,0.802         ,0.029         
17:21:06.453040     ,0.881       ,0.880       ,19.225      ,16.810      ,16.795      ,16.158      ,0.638       ,0.425       ,0.381       ,-0.000      ,0.806       ,880.000     ,0.000       ,0.638       ,16.795      ,0.00215       ,26            ,2.285           ,0.000         ,-0.000              ,-0.000              ,23924.008       ,0.00000           ,0.00000               ,0.000         ,0.000         ,0.806         ,0.028         
17:21:06.458762     ,0.881       ,0.880       ,19.225      ,16.800      ,16.795      ,16.158      ,0.638       ,0.425       ,0.381       ,-0.000      ,0.806       ,880.000     ,0.000       ,0.638       ,16.795      ,0.00215       ,26            ,2.285           ,0.000         ,-0.000              ,-0.000              ,23924.008       ,0.00000           ,0.00000               ,0.000         ,0.000         ,0.806         ,0.028         
17:21:06.471433     ,0.881       ,0.880       ,19.225      ,16.810      ,16.797      ,16.158      ,0.638       ,0.425       ,0.382       ,-0.000      ,0.808       ,880.000     ,0.000       ,0.638       ,16.795      ,0.00215       ,26            ,2.285           ,0.000         ,-0.000              ,-0.000              ,23924.008       ,0.00000           ,0.00000               ,0.000         ,0.000         ,0.808         ,0.024         
17:21:06.478760     ,0.881       ,0.880       ,19.225      ,16.810      ,16.798      ,16.158      ,0.639       ,0.426       ,0.383       ,0.000       ,0.810       ,880.000     ,0.000       ,0.639       ,16.797      ,0.00215       ,26            ,2.285           ,0.000         ,-0.000              ,-0.000              ,23924.008       ,0.00000           ,0.00000               ,0.000         ,0.000         ,0.810         ,0.024         
17:21:06.489917     ,0.881       ,0.880       ,19.225      ,16.810      ,16.798      ,16.158      ,0.641       ,0.427       ,0.384       ,-0.000      ,0.811       ,880.000     ,0.000       ,0.641       ,16.798      ,0.00215       ,26            ,2.285           ,0.000         ,-0.000              ,-0.000              ,23924.008       ,0.00000           ,0.00000               ,0.000         ,0.000         ,0.811         ,0.030         
17:21:06.498776     ,0.881       ,0.880       ,19.225      ,16.810      ,16.798      ,16.158      ,0.640       ,0.427       ,0.386       ,-0.000      ,0.812       ,880.000     ,0.000       ,0.640       ,16.798      ,0.00215       ,26            ,2.285           ,0.000         ,-0.000              ,-0.000              ,23924.008       ,0.00000           ,0.00000               ,0.000         ,0.000         ,0.812         ,0.030         
17:21:06.509412     ,0.881       ,0.880       ,19.225      ,16.810      ,16.800      ,16.158      ,0.640       ,0.427       ,0.387       ,0.000       ,0.813       ,880.000     ,0.000       ,0.640       ,16.798      ,0.00215       ,26            ,2.285           ,0.000         ,-0.000              ,-0.000              ,23924.008       ,0.00000           ,0.00000               ,0.000         ,0.000         ,0.813         ,0.029         
17:21:06.518759     ,0.881       ,0.880       ,19.225      ,16.830      ,16.804      ,16.158      ,0.642       ,0.428       ,0.388       ,0.000       ,0.816       ,880.000     ,0.000       ,0.642       ,16.800      ,0.00215       ,26            ,2.285           ,0.000         ,-0.000              ,-0.000              ,23924.008       ,0.00000           ,0.00000               ,0.000         ,0.000         ,0.816         ,0.029         
17:21:06.529126     ,0.881       ,0.880       ,19.225      ,16.810      ,16.803      ,16.158      ,0.646       ,0.431       ,0.389       ,0.000       ,0.820       ,880.000     ,0.000       ,0.646       ,16.804      ,0.00215       ,26            ,2.285           ,0.000         ,-0.000              ,-0.000              ,23924.008       ,0.00000           ,0.00000               ,0.000         ,0.000         ,0.820         ,0.024         
17:21:06.538768     ,0.881       ,0.880       ,19.225      ,16.810      ,16.804      ,16.158      ,0.646       ,0.431       ,0.390       ,-0.000      ,0.820       ,880.000     ,0.000       ,0.646       ,16.803      ,0.00215       ,26            ,2.285           ,0.000         ,-0.000              ,-0.000              ,23924.008       ,0.00000           ,0.00000               ,0.000         ,0.000         ,0.820         ,0.024         
17:21:06.554444     ,0.878       ,0.880       ,19.242      ,16.830      ,16.808      ,16.158      ,0.650       ,0.434       ,0.392       ,0.000       ,0.826       ,880.000     ,0.000       ,0.650       ,16.808      ,0.00215       ,26            ,2.285           ,0.000         ,-0.000              ,-0.000              ,23924.008       ,0.00000           ,0.00000               ,0.000         ,0.000         ,0.826         ,0.028         
17:21:06.558760     ,0.878       ,0.880       ,19.242      ,16.810      ,16.808      ,16.158      ,0.650       ,0.434       ,0.392       ,0.000       ,0.826       ,880.000     ,0.000       ,0.650       ,16.808      ,0.00215       ,26            ,2.285           ,0.000         ,-0.000              ,-0.000              ,23924.008       ,0.00000           ,0.00000               ,0.000         ,0.000         ,0.826         ,0.028         
17:21:06.568759     ,0.878       ,0.880       ,19.242      ,16.830      ,16.808      ,16.158      ,0.650       ,0.433       ,0.393       ,-0.000      ,0.826       ,880.000     ,0.000       ,0.650       ,16.808      ,0.00215       ,26            ,2.285           ,0.000         ,-0.000              ,-0.000              ,23924.008       ,0.00000           ,0.00000               ,0.000         ,0.000         ,0.826         ,0.028         
17:21:06.578762     ,0.878       ,0.880       ,19.242      ,16.830      ,16.812      ,16.158      ,0.651       ,0.434       ,0.394       ,0.000       ,0.828       ,880.000     ,0.000       ,0.651       ,16.808      ,0.00215       ,26            ,2.285           ,0.000         ,-0.000              ,-0.000              ,23924.008       ,0.00000           ,0.00000               ,0.000         ,0.000         ,0.828         ,0.028         
17:21:06.588781     ,0.878       ,0.880       ,19.242      ,16.810      ,16.812      ,16.158      ,0.655       ,0.436       ,0.395       ,0.000       ,0.832       ,880.000     ,0.000       ,0.655       ,16.812      ,0.00215       ,26            ,2.285           ,0.000         ,-0.000              ,-0.000              ,23924.008       ,0.00000           ,0.00000               ,0.000         ,0.000         ,0.832         ,0.029         
17:21:06.605535     ,0.878       ,0.880       ,19.242      ,16.810      ,16.809      ,16.158      ,0.654       ,0.436       ,0.396       ,-0.000      ,0.832       ,880.000     ,0.000       ,0.654       ,16.812      ,0.00215       ,26            ,2.285           ,0.000         ,-0.000              ,-0.000              ,23924.008       ,0.00000           ,0.00000               ,0.000         ,0.000         ,0.832         ,0.029         
17:21:06.608762     ,0.878       ,0.880       ,19.242      ,16.810      ,16.810      ,16.158      ,0.651       ,0.434       ,0.397       ,-0.000      ,0.831       ,880.000     ,0.000       ,0.651       ,16.809      ,0.00215       ,26            ,2.285           ,0.000         ,-0.000              ,-0.000              ,23924.008       ,0.00000           ,0.00000               ,0.000         ,0.000         ,0.831         ,0.029         
17:21:06.624163     ,0.878       ,0.880       ,19.242      ,16.810      ,16.807      ,16.158      ,0.652       ,0.435       ,0.399       ,0.000       ,0.834       ,880.000     ,0.000       ,0.652       ,16.810      ,0.00215       ,26            ,2.285           ,0.000         ,-0.000              ,-0.000              ,23924.008       ,0.00000           ,0.00000               ,0.000         ,0.000         ,0.832         ,0.028         
17:21:06.628761     ,0.878       ,0.880       ,19.242      ,16.810      ,16.805      ,16.158      ,0.650       ,0.433       ,0.400       ,-0.000      ,0.832       ,880.000     ,0.000       ,0.650       ,16.807      ,0.00215       ,26            ,2.285           ,0.000         ,-0.000              ,-0.000              ,23924.008       ,0.00000           ,0.00000               ,0.000         ,0.000         ,0.832         ,0.028         
17:21:06.643783     ,0.878       ,0.880       ,19.242      ,16.810      ,16.805      ,16.158      ,0.647       ,0.431       ,0.401       ,0.000       ,0.832       ,880.000     ,0.000       ,0.647       ,16.805      ,0.00215       ,26            ,2.285           ,0.000         ,-0.000              ,-0.000              ,23924.008       ,0.00000           ,0.00000               ,0.000         ,0.000         ,0.833         ,0.030         
17:21:06.652278     ,0.879       ,0.880       ,19.209      ,16.800      ,16.802      ,16.158      ,0.644       ,0.429       ,0.403       ,-0.000      ,0.832       ,880.000     ,0.000       ,0.644       ,16.802      ,0.00215       ,26            ,2.285           ,0.000         ,-0.000              ,-0.000              ,23924.008       ,0.00000           ,0.00000               ,0.000         ,0.000         ,0.832         ,0.030         
17:21:06.662381     ,0.879       ,0.880       ,19.209      ,16.810      ,16.800      ,16.158      ,0.644       ,0.429       ,0.403       ,-0.000      ,0.832       ,880.000     ,0.000       ,0.644       ,16.802      ,0.00215       ,26            ,2.285           ,0.000         ,-0.000              ,-0.000              ,23924.008       ,0.00000           ,0.00000               ,0.000         ,0.000         ,0.833         ,0.028         
17:21:06.668766     ,0.879       ,0.880       ,19.209      ,16.800      ,16.797      ,16.158      ,0.643       ,0.429       ,0.404       ,0.000       ,0.833       ,880.000     ,0.000       ,0.643       ,16.800      ,0.00215       ,26            ,2.285           ,0.000         ,-0.000              ,-0.000              ,23924.008       ,0.00000           ,0.00000               ,0.000         ,0.000         ,0.833         ,0.028         
17:21:06.679788     ,0.879       ,0.880       ,19.209      ,16.810      ,16.797      ,16.158      ,0.640       ,0.426       ,0.405       ,-0.000      ,0.831       ,880.000     ,0.000       ,0.640       ,16.797      ,0.00215       ,26            ,2.285           ,0.000         ,-0.000              ,-0.000              ,23924.008       ,0.00000           ,0.00000               ,0.000         ,0.000         ,0.831         ,0.029         
17:21:06.688783     ,0.879       ,0.880       ,19.209      ,16.800      ,16.795      ,16.158      ,0.639       ,0.426       ,0.406       ,0.000       ,0.832       ,880.000     ,0.000       ,0.639       ,16.797      ,0.00215       ,26            ,2.285           ,0.000         ,-0.000              ,-0.000              ,23924.008       ,0.00000           ,0.00000               ,0.000         ,0.000         ,0.832         ,0.029         
17:21:06.699348     ,0.879       ,0.880       ,19.209      ,16.810      ,16.797      ,16.158      ,0.637       ,0.425       ,0.407       ,-0.000      ,0.832       ,880.000     ,0.000       ,0.637       ,16.795      ,0.00215       ,26            ,2.285           ,0.000         ,-0.000              ,-0.000              ,23924.008       ,0.00000           ,0.00000               ,0.000         ,0.000         ,0.832         ,0.029         
17:21:06.708769     ,0.879       ,0.880       ,19.209      ,16.810      ,16.797      ,16.158      ,0.639       ,0.426       ,0.408       ,0.000       ,0.835       ,880.000     ,0.000       ,0.639       ,16.797      ,0.00215       ,26            ,2.285           ,0.000         ,-0.000              ,-0.000              ,23924.008       ,0.00000           ,0.00000               ,0.000         ,0.000         ,0.835         ,0.029         
17:21:06.719071     ,0.879       ,0.880       ,19.209      ,16.800      ,16.797      ,16.158      ,0.639       ,0.426       ,0.409       ,-0.000      ,0.835       ,880.000     ,0.000       ,0.639       ,16.797      ,0.00215       ,26            ,2.285           ,0.000         ,-0.000              ,-0.000              ,23924.008       ,0.00000           ,0.00000               ,0.000         ,0.000         ,0.835         ,0.029         
17:21:06.728763     ,0.879       ,0.880       ,19.209      ,16.800      ,16.795      ,16.158      ,0.639       ,0.426       ,0.410       ,0.000       ,0.836       ,880.000     ,0.000       ,0.639       ,16.797      ,0.00215       ,26            ,2.285           ,0.000         ,-0.000              ,-0.000              ,23924.010       ,0.00000           ,0.00000               ,0.000         ,0.000         ,0.836         ,0.029         
17:21:06.739848     ,0.879       ,0.880       ,19.209      ,16.800      ,16.796      ,16.158      ,0.638       ,0.425       ,0.411       ,-0.000      ,0.836       ,880.000     ,0.000       ,0.638       ,16.795      ,0.00215       ,26            ,2.285           ,0.000         ,-0.000              ,-0.000              ,23924.008       ,0.00000           ,0.00000               ,0.000         ,0.000         ,0.836         ,0.030         
17:21:06.752300     ,0.881       ,0.880       ,19.258      ,16.800      ,16.794      ,16.158      ,0.637       ,0.424       ,0.413       ,-0.000      ,0.838       ,880.000     ,0.000       ,0.637       ,16.794      ,0.00215       ,26            ,2.285           ,0.000         ,-0.000              ,-0.000              ,23924.008       ,0.00000           ,0.00000               ,0.000         ,0.000         ,0.838         ,0.030         
17:21:06.759515     ,0.881       ,0.880       ,19.258      ,16.800      ,16.793      ,16.158      ,0.637       ,0.424       ,0.413       ,-0.000      ,0.838       ,880.000     ,0.000       ,0.637       ,16.794      ,0.00215       ,26            ,2.285           ,0.000         ,-0.000              ,-0.000              ,23924.008       ,0.00000           ,0.00000               ,0.000         ,0.000         ,0.838         ,0.030         
17:21:06.768771     ,0.881       ,0.880       ,19.258      ,16.790      ,16.791      ,16.158      ,0.635       ,0.423       ,0.415       ,0.000       ,0.838       ,880.000     ,0.000       ,0.635       ,16.793      ,0.00215       ,26            ,2.285           ,0.000         ,-0.000              ,-0.000              ,23924.010       ,0.00000           ,0.00000               ,0.000         ,0.000         ,0.838         ,0.030         
17:21:06.778761     ,0.881       ,0.880       ,19.258      ,16.790      ,16.789      ,16.158      ,0.633       ,0.422       ,0.416       ,-0.000      ,0.838       ,880.000     ,0.000       ,0.633       ,16.791      ,0.00215       ,26            ,2.285           ,0.000         ,-0.000              ,-0.000              ,23924.010       ,0.00000           ,0.00000               ,0.000         ,0.000         ,0.838         ,0.029         
17:21:06.788779     ,0.881       ,0.880       ,19.258      ,16.800      ,16.789      ,16.158      ,0.632       ,0.421       ,0.417       ,-0.000      ,0.838       ,880.000     ,0.000       ,0.632       ,16.789      ,0.00215       ,26            ,2.285           ,0.000         ,-0.000              ,-0.000              ,23924.010       ,0.00000           ,0.00000               ,0.000         ,0.000         ,0.838         ,0.029         
17:21:06.798773     ,0.881       ,0.880       ,19.258      ,16.790      ,16.786      ,16.158      ,0.631       ,0.421       ,0.418       ,0.000       ,0.839       ,880.000     ,0.000       ,0.631       ,16.789      ,0.00215       ,26            ,2.285           ,0.000         ,-0.000              ,-0.000              ,23924.010       ,0.00000           ,0.00000               ,0.000         ,0.000         ,0.839         ,0.030         
17:21:06.808766     ,0.881       ,0.880       ,19.258      ,16.800      ,16.786      ,16.158      ,0.629       ,0.419       ,0.419       ,-0.000      ,0.838       ,880.000     ,0.000       ,0.629       ,16.786      ,0.00215       ,26            ,2.285           ,0.000         ,-0.000              ,-0.000              ,23924.010       ,0.00000           ,0.00000               ,0.000         ,0.000         ,0.838         ,0.030         
17:21:06.818765     ,0.881       ,0.880       ,19.258      ,16.800      ,16.787      ,16.158      ,0.628       ,0.419       ,0.420       ,0.000       ,0.839       ,880.000     ,0.000       ,0.628       ,16.786      ,0.00215       ,26            ,2.285           ,0.000         ,-0.000              ,-0.000              ,23924.010       ,0.00000           ,0.00000               ,0.000         ,0.000         ,0.839         ,0.028         
17:21:06.834994     ,0.881       ,0.880       ,19.258      ,16.800      ,16.788      ,16.158      ,0.629       ,0.419       ,0.421       ,0.000       ,0.840       ,880.000     ,0.000       ,0.629       ,16.787      ,0.00215       ,26            ,2.285           ,0.000         ,-0.000              ,-0.000              ,23924.010       ,0.00000           ,0.00000               ,0.000         ,0.000         ,0.840         ,0.028         
17:21:06.838779     ,0.881       ,0.880       ,19.258      ,16.790      ,16.786      ,16.158      ,0.630       ,0.420       ,0.422       ,-0.000      ,0.842       ,880.000     ,0.000       ,0.630       ,16.788      ,0.00215       ,26            ,2.285           ,0.000         ,-0.000              ,-0.000              ,23924.010       ,0.00000           ,0.00000               ,0.000         ,0.000         ,0.842         ,0.028         
17:21:06.857104     ,0.883       ,0.880       ,19.258      ,16.790      ,16.786      ,16.158      ,0.629       ,0.419       ,0.424       ,0.000       ,0.843       ,880.000     ,0.000       ,0.629       ,16.786      ,0.00215       ,26            ,2.285           ,0.000         ,-0.000              ,-0.000              ,23924.010       ,0.00000           ,0.00000               ,0.000         ,0.000         ,0.843         ,0.030         
17:21:06.858762     ,0.883       ,0.880       ,19.258      ,16.790      ,16.785      ,16.158      ,0.629       ,0.419       ,0.424       ,0.000       ,0.843       ,880.000     ,0.000       ,0.629       ,16.786      ,0.00215       ,26            ,2.285           ,0.000         ,-0.000              ,-0.000              ,23924.010       ,0.00000           ,0.00000               ,0.000         ,0.000         ,0.843         ,0.030         
17:21:06.871320     ,0.883       ,0.880       ,19.258      ,16.800      ,16.786      ,16.158      ,0.628       ,0.419       ,0.425       ,-0.000      ,0.843       ,880.000     ,0.000       ,0.628       ,16.785      ,0.00215       ,26            ,2.285           ,0.000         ,-0.000              ,-0.000              ,23924.010       ,0.00000           ,0.00000               ,0.000         ,0.000         ,0.845         ,0.028         
17:21:06.878767     ,0.883       ,0.880       ,19.258      ,16.790      ,16.785      ,16.158      ,0.629       ,0.419       ,0.426       ,0.000       ,0.845       ,880.000     ,0.000       ,0.629       ,16.786      ,0.00215       ,26            ,2.285           ,0.000         ,-0.000              ,-0.000              ,23924.010       ,0.00000           ,0.00000               ,0.000         ,0.000         ,0.845         ,0.028         
17:21:06.889875     ,0.883       ,0.880       ,19.258      ,16.800      ,16.787      ,16.158      ,0.627       ,0.418       ,0.427       ,-0.000      ,0.845       ,880.000     ,0.000       ,0.627       ,16.785      ,0.00215       ,26            ,2.285           ,0.000         ,-0.000              ,-0.000              ,23924.010       ,0.00000           ,0.00000               ,0.000         ,0.000         ,0.845         ,0.029         
17:21:06.898790     ,0.883       ,0.880       ,19.258      ,16.800      ,16.787      ,16.158      ,0.629       ,0.419       ,0.428       ,0.000       ,0.848       ,880.000     ,0.000       ,0.629       ,16.787      ,0.00215       ,26            ,2.285           ,0.000         ,-0.000              ,-0.000              ,23924.010       ,0.00000           ,0.00000               ,0.000         ,0.000         ,0.848         ,0.029         
