Time                ,Current(A)  ,TargetCurrent(A),Voltage(V)  ,PressureRaw(kg),PressureFiltered(kg),F0(kg)      ,DeltaF      ,PI_P(Nm)    ,PI_P_Raw(Nm),PI_I(Nm)    ,PI_D(Nm)    ,PI_LastTorque(Nm),Feedforward(mA),FeedforwardTorque(Nm),AlgoDeltaF(kg),AlgoPressure(kg),RopeLength(m) ,EncoderValue    ,EncoderAngle(deg),MotorSpeed(rpm)     ,MotorLinearVel(m/s) ,MotorTheoryVel(m/s),MotorPosition(m)  ,RopeVelocityRaw(m/s)  ,RopeVelocityFiltered(m/s),WeightRaw(kg) ,WeightFiltered(kg),TargetTorque(Nm),ActualTorque(Nm)
08:38:03.238266     ,0.000       ,0.880       ,0.000       ,15.330      ,15.330      ,15.327      ,0.003       ,0.001       ,0.001       ,0.013       ,0.000       ,0.014       ,880.000     ,0.000       ,0.003       ,15.330      ,0.00000       ,0             ,0.000           ,0.000         ,-0.000              ,-0.000              ,24776.254       ,0.00000           ,0.00000               ,0.000         ,0.000         ,0.014         ,0.011         
08:38:03.248253     ,0.000       ,0.880       ,0.000       ,15.330      ,15.330      ,15.327      ,0.003       ,0.001       ,0.001       ,0.013       ,0.000       ,0.014       ,880.000     ,0.000       ,0.003       ,15.330      ,0.00000       ,0             ,0.000           ,0.000         ,-0.000              ,-0.000              ,24776.254       ,0.00000           ,0.00000               ,0.000         ,0.000         ,0.014         ,0.011         
08:38:03.263788     ,0.000       ,0.880       ,0.000       ,15.330      ,15.330      ,15.327      ,0.003       ,0.001       ,0.001       ,0.013       ,0.000       ,0.014       ,880.000     ,0.000       ,0.003       ,15.330      ,0.00000       ,0             ,0.000           ,0.000         ,-0.000              ,-0.000              ,24776.254       ,0.00000           ,0.00000               ,0.000         ,0.000         ,0.014         ,0.011         
08:38:03.268246     ,0.000       ,0.880       ,0.000       ,15.320      ,15.320      ,15.327      ,-0.007      ,-0.000      ,-0.002      ,0.013       ,-0.000      ,0.013       ,880.000     ,0.000       ,-0.007      ,15.320      ,0.00000       ,0             ,0.000           ,0.000         ,-0.000              ,-0.000              ,24776.254       ,0.00000           ,0.00000               ,0.000         ,0.000         ,0.013         ,0.011         
08:38:03.278240     ,0.000       ,0.880       ,0.000       ,15.330      ,15.330      ,15.327      ,0.003       ,0.000       ,0.001       ,0.013       ,0.000       ,0.013       ,880.000     ,0.000       ,0.003       ,15.330      ,0.00000       ,0             ,0.000           ,0.000         ,-0.000              ,-0.000              ,24776.254       ,0.00000           ,0.00000               ,0.000         ,0.000         ,0.013         ,0.010         
08:38:03.288255     ,0.000       ,0.880       ,0.000       ,15.320      ,15.320      ,15.327      ,-0.007      ,-0.001      ,-0.002      ,0.013       ,-0.000      ,0.012       ,880.000     ,0.000       ,-0.007      ,15.320      ,0.00000       ,0             ,0.000           ,0.000         ,-0.000              ,-0.000              ,24776.254       ,0.00000           ,0.00000               ,0.000         ,0.000         ,0.012         ,0.011         
08:38:03.298241     ,0.000       ,0.880       ,0.000       ,15.330      ,15.330      ,15.327      ,0.003       ,-0.000      ,0.001       ,0.013       ,0.000       ,0.013       ,880.000     ,0.000       ,0.003       ,15.330      ,0.00000       ,0             ,0.000           ,0.000         ,-0.000              ,-0.000              ,24776.254       ,0.00000           ,0.00000               ,0.000         ,0.000         ,0.013         ,0.011         
08:38:03.308257     ,0.000       ,0.880       ,0.000       ,15.330      ,15.330      ,15.327      ,0.003       ,0.000       ,0.001       ,0.013       ,-0.000      ,0.013       ,880.000     ,0.000       ,0.003       ,15.330      ,0.00000       ,0             ,0.000           ,0.000         ,-0.000              ,-0.000              ,24776.254       ,0.00000           ,0.00000               ,0.000         ,0.000         ,0.013         ,0.013         
08:38:03.318262     ,0.000       ,0.880       ,0.000       ,15.330      ,15.330      ,15.327      ,0.003       ,0.000       ,0.001       ,0.013       ,0.000       ,0.013       ,880.000     ,0.000       ,0.003       ,15.330      ,0.00000       ,0             ,0.000           ,0.000         ,-0.000              ,-0.000              ,24776.254       ,0.00000           ,0.00000               ,0.000         ,0.000         ,0.013         ,0.011         
08:38:03.328257     ,0.000       ,0.880       ,0.000       ,15.340      ,15.340      ,15.327      ,0.013       ,0.002       ,0.004       ,0.013       ,0.000       ,0.015       ,880.000     ,0.000       ,0.013       ,15.340      ,0.00000       ,0             ,0.000           ,0.000         ,-0.000              ,-0.000              ,24776.254       ,0.00000           ,0.00000               ,0.000         ,0.000         ,0.015         ,0.011         
08:38:03.338250     ,0.000       ,0.880       ,0.000       ,15.330      ,15.330      ,15.327      ,0.003       ,0.001       ,0.001       ,0.013       ,-0.000      ,0.015       ,880.000     ,0.000       ,0.003       ,15.330      ,0.00000       ,0             ,0.000           ,0.000         ,-0.000              ,-0.000              ,24776.254       ,0.00000           ,0.00000               ,0.000         ,0.000         ,0.015         ,0.010         
08:38:03.348260     ,0.000       ,0.880       ,0.000       ,15.320      ,15.320      ,15.327      ,-0.007      ,0.000       ,-0.002      ,0.013       ,0.000       ,0.013       ,880.000     ,0.000       ,-0.007      ,15.320      ,0.00000       ,0             ,0.000           ,0.000         ,-0.000              ,-0.000              ,24776.254       ,0.00000           ,0.00000               ,0.000         ,0.000         ,0.013         ,0.013         
08:38:03.363880     ,0.000       ,0.880       ,0.000       ,15.330      ,15.330      ,15.327      ,0.003       ,0.000       ,0.001       ,0.013       ,0.000       ,0.014       ,880.000     ,0.000       ,0.003       ,15.330      ,0.00000       ,0             ,0.000           ,0.000         ,-0.000              ,-0.000              ,24776.254       ,0.00000           ,0.00000               ,0.000         ,0.000         ,0.014         ,0.011         
08:38:03.368261     ,0.000       ,0.880       ,0.000       ,15.330      ,15.330      ,15.327      ,0.003       ,0.001       ,0.001       ,0.013       ,-0.000      ,0.014       ,880.000     ,0.000       ,0.003       ,15.330      ,0.00000       ,0             ,0.000           ,0.000         ,-0.000              ,-0.000              ,24776.254       ,0.00000           ,0.00000               ,0.000         ,0.000         ,0.014         ,0.011         
08:38:03.378241     ,0.000       ,0.880       ,0.000       ,15.330      ,15.330      ,15.327      ,0.003       ,0.001       ,0.001       ,0.013       ,0.000       ,0.014       ,880.000     ,0.000       ,0.003       ,15.330      ,0.00000       ,0             ,0.000           ,0.000         ,-0.000              ,-0.000              ,24776.254       ,0.00000           ,0.00000               ,0.000         ,0.000         ,0.014         ,0.006         
08:38:03.388285     ,0.000       ,0.880       ,0.000       ,15.320      ,15.320      ,15.327      ,-0.007      ,-0.000      ,-0.002      ,0.013       ,-0.000      ,0.013       ,880.000     ,0.000       ,-0.007      ,15.320      ,0.00000       ,0             ,0.000           ,0.000         ,-0.000              ,-0.000              ,24776.254       ,0.00000           ,0.00000               ,0.000         ,0.000         ,0.013         ,0.010         
08:38:03.398250     ,0.000       ,0.880       ,0.000       ,15.330      ,15.330      ,15.327      ,0.003       ,0.000       ,0.001       ,0.013       ,0.000       ,0.013       ,880.000     ,0.000       ,0.003       ,15.330      ,0.00000       ,0             ,0.000           ,0.000         ,-0.000              ,-0.000              ,24776.254       ,0.00000           ,0.00000               ,0.000         ,0.000         ,0.013         ,0.010         
08:38:03.408250     ,0.000       ,0.880       ,0.000       ,15.330      ,15.330      ,15.327      ,0.003       ,0.000       ,0.001       ,0.013       ,-0.000      ,0.014       ,880.000     ,0.000       ,0.003       ,15.330      ,0.00000       ,0             ,0.000           ,0.000         ,-0.000              ,-0.000              ,24776.254       ,0.00000           ,0.00000               ,0.000         ,0.000         ,0.014         ,0.011         
08:38:03.428163     ,0.000       ,0.880       ,0.000       ,15.330      ,15.330      ,15.327      ,0.013       ,0.001       ,0.004       ,0.014       ,0.000       ,0.015       ,880.000     ,0.000       ,0.013       ,15.340      ,0.00000       ,0             ,0.000           ,0.000         ,-0.000              ,-0.000              ,24776.254       ,0.00000           ,0.00000               ,0.000         ,0.000         ,0.015         ,0.013         
08:38:03.428239     ,0.000       ,0.880       ,0.000       ,15.330      ,15.330      ,15.327      ,0.003       ,0.001       ,0.001       ,0.014       ,-0.000      ,0.015       ,880.000     ,0.000       ,0.003       ,15.330      ,0.00000       ,0             ,0.000           ,0.000         ,-0.000              ,-0.000              ,24776.254       ,0.00000           ,0.00000               ,0.000         ,0.000         ,0.015         ,0.013         
08:38:03.438263     ,0.000       ,0.880       ,0.000       ,15.330      ,15.330      ,15.327      ,0.003       ,0.001       ,0.001       ,0.014       ,0.000       ,0.015       ,880.000     ,0.000       ,0.003       ,15.330      ,0.00000       ,0             ,0.000           ,0.000         ,-0.000              ,-0.000              ,24776.254       ,0.00000           ,0.00000               ,0.000         ,0.000         ,0.015         ,0.010         
08:38:03.448255     ,0.000       ,0.880       ,0.000       ,15.320      ,15.320      ,15.327      ,-0.007      ,0.000       ,-0.002      ,0.014       ,-0.000      ,0.014       ,880.000     ,0.000       ,-0.007      ,15.320      ,0.00000       ,0             ,0.000           ,0.000         ,-0.000              ,-0.000              ,24776.254       ,0.00000           ,0.00000               ,0.000         ,0.000         ,0.014         ,0.010         
08:38:03.474006     ,0.000       ,0.880       ,0.000       ,15.330      ,15.330      ,15.327      ,0.003       ,0.000       ,0.001       ,0.014       ,-0.000      ,0.014       ,880.000     ,0.000       ,0.003       ,15.330      ,0.00000       ,0             ,0.000           ,0.000         ,-0.000              ,-0.000              ,24776.254       ,0.00000           ,0.00000               ,0.000         ,0.000         ,0.014         ,0.011         
08:38:03.478206     ,0.000       ,0.880       ,0.000       ,15.330      ,15.330      ,15.327      ,0.003       ,0.000       ,0.001       ,0.014       ,-0.000      ,0.014       ,880.000     ,0.000       ,0.003       ,15.330      ,0.00000       ,0             ,0.000           ,0.000         ,-0.000              ,-0.000              ,24776.254       ,0.00000           ,0.00000               ,0.000         ,0.000         ,0.014         ,0.011         
08:38:03.478271     ,0.000       ,0.880       ,0.000       ,15.330      ,15.330      ,15.327      ,0.003       ,0.001       ,0.001       ,0.014       ,0.000       ,0.014       ,880.000     ,0.000       ,0.003       ,15.330      ,0.00000       ,0             ,0.000           ,0.000         ,-0.000              ,-0.000              ,24776.254       ,0.00000           ,0.00000               ,0.000         ,0.000         ,0.014         ,0.011         
08:38:03.488251     ,0.000       ,0.880       ,0.000       ,15.330      ,15.330      ,15.327      ,0.003       ,0.001       ,0.001       ,0.014       ,0.000       ,0.014       ,880.000     ,0.000       ,0.003       ,15.330      ,0.00000       ,0             ,0.000           ,0.000         ,-0.000              ,-0.000              ,24776.254       ,0.00000           ,0.00000               ,0.000         ,0.000         ,0.014         ,0.010         
08:38:03.498252     ,0.000       ,0.880       ,0.000       ,15.330      ,15.330      ,15.327      ,0.003       ,0.001       ,0.001       ,0.014       ,0.000       ,0.014       ,880.000     ,0.000       ,0.003       ,15.330      ,0.00000       ,0             ,0.000           ,0.000         ,-0.000              ,-0.000              ,24776.254       ,0.00000           ,0.00000               ,0.000         ,0.000         ,0.014         ,0.011         
08:38:03.508248     ,0.000       ,0.880       ,0.000       ,15.330      ,15.330      ,15.327      ,0.003       ,0.001       ,0.001       ,0.014       ,0.000       ,0.015       ,880.000     ,0.000       ,0.003       ,15.330      ,0.00000       ,0             ,0.000           ,0.000         ,-0.000              ,-0.000              ,24776.254       ,0.00000           ,0.00000               ,0.000         ,0.000         ,0.015         ,0.009         
08:38:03.518264     ,0.000       ,0.880       ,0.000       ,15.330      ,15.330      ,15.327      ,0.003       ,0.001       ,0.001       ,0.014       ,0.000       ,0.015       ,880.000     ,0.000       ,0.003       ,15.330      ,0.00000       ,0             ,0.000           ,0.000         ,-0.000              ,-0.000              ,24776.254       ,0.00000           ,0.00000               ,0.000         ,0.000         ,0.015         ,0.013         
08:38:03.528291     ,0.000       ,0.880       ,0.000       ,15.330      ,15.330      ,15.327      ,0.003       ,0.001       ,0.001       ,0.014       ,0.000       ,0.015       ,880.000     ,0.000       ,0.003       ,15.330      ,0.00000       ,0             ,0.000           ,0.000         ,-0.000              ,-0.000              ,24776.254       ,0.00000           ,0.00000               ,0.000         ,0.000         ,0.015         ,0.010         
08:38:03.538280     ,0.000       ,0.880       ,0.000       ,15.330      ,15.330      ,15.327      ,0.003       ,0.001       ,0.001       ,0.014       ,0.000       ,0.015       ,880.000     ,0.000       ,0.003       ,15.330      ,0.00000       ,0             ,0.000           ,0.000         ,-0.000              ,-0.000              ,24776.254       ,0.00000           ,0.00000               ,0.000         ,0.000         ,0.015         ,0.010         
08:38:03.548254     ,0.000       ,0.880       ,0.000       ,15.330      ,15.330      ,15.327      ,0.003       ,0.001       ,0.001       ,0.014       ,0.000       ,0.015       ,880.000     ,0.000       ,0.003       ,15.330      ,0.00000       ,0             ,0.000           ,0.000         ,-0.000              ,-0.000              ,24776.254       ,0.00000           ,0.00000               ,0.000         ,0.000         ,0.015         ,0.010         
08:38:03.563751     ,0.000       ,0.880       ,0.000       ,15.340      ,15.340      ,15.327      ,0.013       ,0.002       ,0.004       ,0.014       ,0.000       ,0.016       ,880.000     ,0.000       ,0.013       ,15.340      ,0.00000       ,0             ,0.000           ,0.000         ,-0.000              ,-0.000              ,24776.254       ,0.00000           ,0.00000               ,0.000         ,0.000         ,0.016         ,0.006         
08:38:03.568246     ,0.000       ,0.880       ,0.000       ,15.330      ,15.330      ,15.327      ,0.003       ,0.002       ,0.001       ,0.014       ,-0.000      ,0.016       ,880.000     ,0.000       ,0.003       ,15.330      ,0.00000       ,0             ,0.000           ,0.000         ,-0.000              ,-0.000              ,24776.254       ,0.00000           ,0.00000               ,0.000         ,0.000         ,0.016         ,0.006         
08:38:03.578256     ,0.000       ,0.880       ,0.000       ,15.330      ,15.330      ,15.327      ,0.003       ,0.001       ,0.001       ,0.014       ,0.000       ,0.016       ,880.000     ,0.000       ,0.003       ,15.330      ,0.00000       ,0             ,0.000           ,0.000         ,-0.000              ,-0.000              ,24776.254       ,0.00000           ,0.00000               ,0.000         ,0.000         ,0.016         ,0.011         
08:38:03.588258     ,0.000       ,0.880       ,0.000       ,15.330      ,15.330      ,15.327      ,0.003       ,0.001       ,0.001       ,0.014       ,0.000       ,0.016       ,880.000     ,0.000       ,0.003       ,15.330      ,0.00000       ,0             ,0.000           ,0.000         ,-0.000              ,-0.000              ,24776.254       ,0.00000           ,0.00000               ,0.000         ,0.000         ,0.016         ,0.014         
08:38:03.598254     ,0.000       ,0.880       ,0.000       ,15.330      ,15.330      ,15.327      ,0.003       ,0.001       ,0.001       ,0.014       ,0.000       ,0.015       ,880.000     ,0.000       ,0.003       ,15.330      ,0.00000       ,0             ,0.000           ,0.000         ,-0.000              ,-0.000              ,24776.254       ,0.00000           ,0.00000               ,0.000         ,0.000         ,0.015         ,0.015         
08:38:03.608243     ,0.000       ,0.880       ,0.000       ,15.330      ,15.330      ,15.327      ,0.003       ,0.001       ,0.001       ,0.014       ,0.000       ,0.015       ,880.000     ,0.000       ,0.003       ,15.330      ,0.00000       ,0             ,0.000           ,0.000         ,-0.000              ,-0.000              ,24776.254       ,0.00000           ,0.00000               ,0.000         ,0.000         ,0.015         ,0.005         
08:38:03.618245     ,0.000       ,0.880       ,0.000       ,15.330      ,15.330      ,15.327      ,0.003       ,0.001       ,0.001       ,0.014       ,0.000       ,0.015       ,880.000     ,0.000       ,0.003       ,15.330      ,0.00000       ,0             ,0.000           ,0.000         ,-0.000              ,-0.000              ,24776.254       ,0.00000           ,0.00000               ,0.000         ,0.000         ,0.015         ,0.015         
08:38:03.628251     ,0.000       ,0.880       ,0.000       ,15.320      ,15.320      ,15.327      ,-0.007      ,-0.000      ,-0.002      ,0.014       ,-0.000      ,0.014       ,880.000     ,0.000       ,-0.007      ,15.320      ,0.00000       ,0             ,0.000           ,0.000         ,-0.000              ,-0.000              ,24776.254       ,0.00000           ,0.00000               ,0.000         ,0.000         ,0.014         ,0.014         
08:38:03.638258     ,0.000       ,0.880       ,0.000       ,15.320      ,15.320      ,15.327      ,-0.007      ,-0.001      ,-0.002      ,0.014       ,0.000       ,0.013       ,880.000     ,0.000       ,-0.007      ,15.320      ,0.00000       ,0             ,0.000           ,0.000         ,-0.000              ,-0.000              ,24776.254       ,0.00000           ,0.00000               ,0.000         ,0.000         ,0.013         ,0.019         
08:38:03.648254     ,0.000       ,0.880       ,0.000       ,15.330      ,15.330      ,15.327      ,0.003       ,-0.000      ,0.001       ,0.014       ,0.000       ,0.014       ,880.000     ,0.000       ,0.003       ,15.330      ,0.00000       ,0             ,0.000           ,0.000         ,-0.000              ,-0.000              ,24776.254       ,0.00000           ,0.00000               ,0.000         ,0.000         ,0.014         ,0.014         
08:38:03.664006     ,0.000       ,0.880       ,0.000       ,15.330      ,15.330      ,15.327      ,0.003       ,0.000       ,0.001       ,0.014       ,-0.000      ,0.014       ,880.000     ,0.000       ,0.003       ,15.330      ,0.00000       ,0             ,0.000           ,0.000         ,-0.000              ,-0.000              ,24776.254       ,0.00000           ,0.00000               ,0.000         ,0.000         ,0.014         ,0.015         
08:38:03.668245     ,0.000       ,0.880       ,0.000       ,15.330      ,15.330      ,15.327      ,0.003       ,0.000       ,0.001       ,0.014       ,0.000       ,0.015       ,880.000     ,0.000       ,0.003       ,15.330      ,0.00000       ,0             ,0.000           ,0.000         ,-0.000              ,-0.000              ,24776.254       ,0.00000           ,0.00000               ,0.000         ,0.000         ,0.015         ,0.015         
08:38:03.678258     ,0.000       ,0.880       ,0.000       ,15.330      ,15.330      ,15.327      ,0.003       ,0.000       ,0.001       ,0.014       ,0.000       ,0.015       ,880.000     ,0.000       ,0.003       ,15.330      ,0.00000       ,0             ,0.000           ,0.000         ,-0.000              ,-0.000              ,24776.254       ,0.00000           ,0.00000               ,0.000         ,0.000         ,0.015         ,0.015         
08:38:03.688251     ,0.000       ,0.880       ,0.000       ,15.330      ,15.330      ,15.327      ,0.003       ,0.001       ,0.001       ,0.014       ,0.000       ,0.015       ,880.000     ,0.000       ,0.003       ,15.330      ,0.00000       ,0             ,0.000           ,0.000         ,-0.000              ,-0.000              ,24776.254       ,0.00000           ,0.00000               ,0.000         ,0.000         ,0.015         ,0.015         
08:38:03.698265     ,0.000       ,0.880       ,0.000       ,15.330      ,15.330      ,15.327      ,0.003       ,0.001       ,0.001       ,0.014       ,0.000       ,0.015       ,880.000     ,0.000       ,0.003       ,15.330      ,0.00000       ,0             ,0.000           ,0.000         ,-0.000              ,-0.000              ,24776.254       ,0.00000           ,0.00000               ,0.000         ,0.000         ,0.015         ,0.009         
08:38:03.708244     ,0.000       ,0.880       ,0.000       ,15.330      ,15.330      ,15.327      ,0.003       ,0.001       ,0.001       ,0.014       ,0.000       ,0.015       ,880.000     ,0.000       ,0.003       ,15.330      ,0.00000       ,0             ,0.000           ,0.000         ,-0.000              ,-0.000              ,24776.254       ,0.00000           ,0.00000               ,0.000         ,0.000         ,0.015         ,0.009         
08:38:03.718267     ,0.000       ,0.880       ,0.000       ,15.320      ,15.320      ,15.327      ,-0.007      ,-0.000      ,-0.002      ,0.014       ,-0.000      ,0.014       ,880.000     ,0.000       ,-0.007      ,15.320      ,0.00000       ,0             ,0.000           ,0.000         ,-0.000              ,-0.000              ,24776.254       ,0.00000           ,0.00000               ,0.000         ,0.000         ,0.014         ,0.015         
08:38:03.728249     ,0.000       ,0.880       ,0.000       ,15.330      ,15.330      ,15.327      ,0.003       ,0.000       ,0.001       ,0.014       ,0.000       ,0.015       ,880.000     ,0.000       ,0.003       ,15.330      ,0.00000       ,0             ,0.000           ,0.000         ,-0.000              ,-0.000              ,24776.254       ,0.00000           ,0.00000               ,0.000         ,0.000         ,0.015         ,0.015         
08:38:03.738257     ,0.000       ,0.880       ,0.000       ,15.340      ,15.340      ,15.327      ,0.013       ,0.001       ,0.004       ,0.015       ,0.000       ,0.016       ,880.000     ,0.000       ,0.013       ,15.340      ,0.00000       ,0             ,0.000           ,0.000         ,-0.000              ,-0.000              ,24776.254       ,0.00000           ,0.00000               ,0.000         ,0.000         ,0.016         ,0.015         
08:38:03.748258     ,0.000       ,0.880       ,0.000       ,15.340      ,15.340      ,15.327      ,0.013       ,0.002       ,0.004       ,0.015       ,-0.000      ,0.017       ,880.000     ,0.000       ,0.013       ,15.340      ,0.00000       ,0             ,0.000           ,0.000         ,-0.000              ,-0.000              ,24776.254       ,0.00000           ,0.00000               ,0.000         ,0.000         ,0.017         ,0.014         
08:38:03.763798     ,0.000       ,0.880       ,0.000       ,15.340      ,15.340      ,15.327      ,0.013       ,0.003       ,0.004       ,0.015       ,0.000       ,0.018       ,880.000     ,0.000       ,0.013       ,15.340      ,0.00000       ,0             ,0.000           ,0.000         ,-0.000              ,-0.000              ,24776.254       ,0.00000           ,0.00000               ,0.000         ,0.000         ,0.018         ,0.014         
08:38:03.768245     ,0.000       ,0.880       ,0.000       ,15.560      ,15.560      ,15.327      ,0.233       ,0.025       ,0.078       ,0.019       ,0.000       ,0.028       ,880.000     ,0.000       ,0.233       ,15.560      ,0.00000       ,0             ,0.000           ,0.000         ,-0.000              ,-0.000              ,24776.254       ,0.00000           ,0.00000               ,0.000         ,0.000         ,0.028         ,0.014         
08:38:03.778253     ,0.000       ,0.880       ,0.000       ,16.070      ,16.070      ,15.327      ,0.743       ,0.166       ,0.495       ,0.031       ,0.000       ,0.038       ,880.000     ,0.000       ,0.743       ,16.070      ,0.00008       ,1             ,0.088           ,0.000         ,-0.000              ,0.000               ,24776.256       ,-0.00761          ,-0.00011              ,0.000         ,0.000         ,0.038         ,0.014         
08:38:03.788253     ,0.000       ,0.880       ,0.000       ,15.530      ,15.530      ,15.327      ,0.203       ,0.137       ,0.068       ,0.035       ,-0.000      ,0.048       ,880.000     ,0.000       ,0.203       ,15.530      ,0.00015       ,2             ,0.176           ,0.000         ,-0.000              ,0.001               ,24776.256       ,-0.00771          ,-0.00033              ,0.000         ,0.000         ,0.048         ,0.024         
08:38:03.798258     ,0.000       ,0.880       ,0.000       ,15.190      ,15.190      ,15.327      ,-0.137      ,0.082       ,-0.046      ,0.032       ,0.000       ,0.058       ,880.000     ,0.000       ,-0.137      ,15.190      ,0.00023       ,3             ,0.264           ,0.000         ,-0.000              ,0.002               ,24776.256       ,-0.00768          ,-0.00062              ,0.000         ,0.000         ,0.058         ,0.037         
08:38:03.808266     ,0.000       ,0.880       ,0.000       ,15.740      ,15.740      ,15.327      ,0.413       ,0.140       ,0.275       ,0.039       ,0.000       ,0.068       ,880.000     ,0.000       ,0.413       ,15.740      ,0.00038       ,5             ,0.439           ,0.400         ,-0.001              ,0.003               ,24776.258       ,-0.01534          ,-0.00110              ,0.000         ,0.000         ,0.068         ,0.056         
08:38:03.818244     ,0.000       ,0.880       ,0.000       ,16.000      ,16.000      ,15.327      ,0.673       ,0.232       ,0.448       ,0.050       ,-0.000      ,0.078       ,880.000     ,0.000       ,0.673       ,16.000      ,0.00046       ,6             ,0.527           ,0.800         ,-0.003              ,0.005               ,24776.258       ,-0.00767          ,-0.00163              ,0.000         ,0.000         ,0.078         ,0.056         
08:38:03.828253     ,0.000       ,0.880       ,0.000       ,15.190      ,15.190      ,15.327      ,-0.137      ,0.149       ,-0.046      ,0.048       ,-0.000      ,0.088       ,880.000     ,0.000       ,-0.137      ,15.190      ,0.00061       ,8             ,0.703           ,1.000         ,-0.003              ,0.007               ,24776.260       ,-0.01534          ,-0.00230              ,0.000         ,0.000         ,0.088         ,0.067         
08:38:03.848232     ,0.000       ,0.880       ,0.000       ,15.790      ,15.790      ,15.327      ,-0.227      ,0.082       ,-0.076      ,0.044       ,0.000       ,0.098       ,880.000     ,0.000       ,-0.227      ,15.100      ,0.00092       ,12            ,1.055           ,1.400         ,-0.005              ,0.009               ,24776.260       ,-0.01533          ,-0.00311              ,0.000         ,0.000         ,0.108         ,0.076         
08:38:03.859271     ,0.000       ,0.880       ,0.000       ,15.790      ,15.790      ,15.327      ,0.463       ,0.150       ,0.308       ,0.052       ,0.000       ,0.108       ,880.000     ,0.000       ,0.463       ,15.790      ,0.00092       ,12            ,1.055           ,1.600         ,-0.006              ,0.012               ,24776.262       ,-0.01536          ,-0.00402              ,0.000         ,0.000         ,0.118         ,0.107         
08:38:03.884439     ,0.000       ,0.880       ,0.000       ,15.280      ,15.280      ,15.327      ,-0.027      ,0.093       ,-0.009      ,0.059       ,0.000       ,0.138       ,880.000     ,0.000       ,-0.027      ,15.300      ,0.00138       ,18            ,1.582           ,2.400         ,-0.008              ,0.019               ,24776.264       ,-0.03070          ,-0.00635              ,0.000         ,0.000         ,0.138         ,0.133         
08:38:03.888111     ,0.000       ,0.880       ,0.000       ,15.460      ,15.460      ,15.327      ,-0.027      ,0.093       ,-0.009      ,0.059       ,0.000       ,0.138       ,880.000     ,0.000       ,-0.027      ,15.300      ,0.00192       ,25            ,2.197           ,2.800         ,-0.010              ,0.023               ,24776.266       ,-0.02300          ,-0.00770              ,0.000         ,0.000         ,0.139         ,0.133         
08:38:03.888173     ,0.000       ,0.880       ,0.000       ,15.460      ,15.460      ,15.327      ,0.133       ,0.078       ,0.044       ,0.061       ,0.000       ,0.139       ,880.000     ,0.000       ,0.133       ,15.460      ,0.00192       ,25            ,2.197           ,3.000         ,-0.010              ,0.028               ,24776.266       ,-0.03069          ,-0.00919              ,0.000         ,0.000         ,0.139         ,0.133         
08:38:03.898299     ,0.000       ,0.880       ,0.000       ,15.310      ,15.310      ,15.327      ,-0.017      ,0.053       ,-0.006      ,0.061       ,-0.000      ,0.129       ,880.000     ,0.000       ,-0.017      ,15.310      ,0.00222       ,29            ,2.549           ,3.400         ,-0.012              ,0.032               ,24776.268       ,-0.03069          ,-0.01080              ,0.000         ,0.000         ,0.129         ,0.137         
08:38:03.908122     ,0.000       ,0.880       ,0.000       ,15.220      ,15.220      ,15.327      ,-0.107      ,0.026       ,-0.036      ,0.059       ,0.000       ,0.119       ,880.000     ,0.000       ,-0.107      ,15.220      ,0.00253       ,33            ,2.900           ,3.800         ,-0.013              ,0.037               ,24776.270       ,-0.03063          ,-0.01240              ,0.000         ,0.000         ,0.119         ,0.137         
08:38:03.918155     ,0.000       ,0.880       ,0.000       ,15.400      ,15.400      ,15.327      ,0.073       ,0.026       ,0.024       ,0.060       ,0.000       ,0.109       ,880.000     ,0.000       ,0.073       ,15.400      ,0.00291       ,38            ,3.340           ,4.400         ,-0.015              ,0.043               ,24776.270       ,-0.03841          ,-0.01422              ,0.000         ,0.000         ,0.109         ,0.117         
08:38:03.928083     ,0.000       ,0.880       ,0.000       ,15.460      ,15.460      ,15.327      ,0.133       ,0.031       ,0.044       ,0.062       ,-0.000      ,0.099       ,880.000     ,0.000       ,0.133       ,15.460      ,0.00337       ,44            ,3.867           ,4.800         ,-0.017              ,0.049               ,24776.271       ,-0.04599          ,-0.01623              ,0.000         ,0.000         ,0.099         ,0.118         
08:38:03.938164     ,0.000       ,0.880       ,0.000       ,15.360      ,15.360      ,15.327      ,0.033       ,0.025       ,0.011       ,0.063       ,-0.000      ,0.089       ,880.000     ,0.000       ,0.033       ,15.360      ,0.00383       ,50            ,4.395           ,5.400         ,-0.019              ,0.055               ,24776.273       ,-0.04601          ,-0.01840              ,0.000         ,0.000         ,0.089         ,0.108         
08:38:03.948306     ,0.000       ,0.880       ,0.000       ,15.560      ,15.560      ,15.327      ,0.233       ,0.041       ,0.078       ,0.067       ,0.000       ,0.099       ,880.000     ,0.000       ,0.233       ,15.560      ,0.00430       ,56            ,4.922           ,5.800         ,-0.020              ,0.062               ,24776.275       ,-0.04606          ,-0.02070              ,0.000         ,0.000         ,0.099         ,0.086         
08:38:03.958111     ,0.000       ,0.880       ,0.000       ,15.680      ,15.680      ,15.327      ,0.353       ,0.099       ,0.235       ,0.073       ,-0.000      ,0.109       ,880.000     ,0.000       ,0.353       ,15.680      ,0.00483       ,63            ,5.537           ,6.400         ,-0.022              ,0.070               ,24776.279       ,-0.05362          ,-0.02324              ,0.000         ,0.000         ,0.109         ,0.086         
08:38:03.973865     ,0.000       ,0.880       ,0.000       ,15.430      ,15.430      ,15.327      ,0.103       ,0.080       ,0.034       ,0.074       ,-0.000      ,0.119       ,880.000     ,0.000       ,0.103       ,15.430      ,0.00529       ,69            ,6.064           ,7.200         ,-0.025              ,0.077               ,24776.279       ,-0.04608          ,-0.02562              ,0.000         ,0.000         ,0.119         ,0.108         
08:38:03.978272     ,0.000       ,0.880       ,0.000       ,15.320      ,15.320      ,15.327      ,-0.007      ,0.055       ,-0.002      ,0.074       ,0.000       ,0.129       ,880.000     ,0.000       ,-0.007      ,15.320      ,0.00591       ,77            ,6.768           ,7.800         ,-0.027              ,0.085               ,24776.283       ,-0.06130          ,-0.02822              ,0.000         ,0.000         ,0.129         ,0.128         
08:38:03.988181     ,0.000       ,0.880       ,0.000       ,15.690      ,15.690      ,15.327      ,0.363       ,0.111       ,0.242       ,0.080       ,0.000       ,0.139       ,880.000     ,0.000       ,0.363       ,15.690      ,0.00644       ,84            ,7.383           ,8.400         ,-0.029              ,0.092               ,24776.287       ,-0.05367          ,-0.03077              ,0.000         ,0.000         ,0.139         ,0.128         
08:38:03.998255     ,0.000       ,0.880       ,0.000       ,15.680      ,15.680      ,15.327      ,0.353       ,0.113       ,0.118       ,0.086       ,-0.000      ,0.149       ,880.000     ,0.000       ,0.353       ,15.680      ,0.00706       ,92            ,8.086           ,8.800         ,-0.031              ,0.100               ,24776.287       ,-0.06139          ,-0.03340              ,0.000         ,0.000         ,0.149         ,0.138         
08:38:04.008112     ,0.000       ,0.880       ,0.000       ,15.220      ,15.220      ,15.327      ,-0.107      ,0.068       ,-0.036      ,0.084       ,-0.000      ,0.153       ,880.000     ,0.000       ,-0.107      ,15.220      ,0.00767       ,100           ,8.789           ,9.400         ,-0.033              ,0.108               ,24776.291       ,-0.06131          ,-0.03610              ,0.000         ,0.000         ,0.153         ,0.137         
08:38:04.018174     ,0.000       ,0.880       ,0.000       ,15.190      ,15.190      ,15.327      ,-0.137      ,0.034       ,-0.046      ,0.082       ,0.000       ,0.143       ,880.000     ,0.000       ,-0.137      ,15.190      ,0.00836       ,109           ,9.580           ,10.200        ,-0.036              ,0.117               ,24776.295       ,-0.06902          ,-0.03885              ,0.000         ,0.000         ,0.143         ,0.150         
08:38:04.028082     ,0.000       ,0.880       ,0.000       ,15.610      ,15.610      ,15.327      ,0.283       ,0.052       ,0.094       ,0.087       ,0.000       ,0.139       ,880.000     ,0.000       ,0.283       ,15.610      ,0.00905       ,118           ,10.371          ,10.800        ,-0.038              ,0.125               ,24776.297       ,-0.06906          ,-0.04154              ,0.000         ,0.000         ,0.139         ,0.151         
08:38:04.038124     ,0.000       ,0.880       ,0.000       ,15.570      ,15.570      ,15.327      ,0.243       ,0.061       ,0.081       ,0.091       ,-0.000      ,0.149       ,880.000     ,0.000       ,0.243       ,15.570      ,0.00982       ,128           ,11.250          ,11.400        ,-0.040              ,0.133               ,24776.301       ,-0.07678          ,-0.04428              ,0.000         ,0.000         ,0.149         ,0.142         
08:38:04.048249     ,0.000       ,0.880       ,0.000       ,15.240      ,15.240      ,15.327      ,-0.087      ,0.034       ,-0.029      ,0.089       ,-0.000      ,0.139       ,880.000     ,0.000       ,-0.087      ,15.240      ,0.01058       ,138           ,12.129          ,12.200        ,-0.043              ,0.141               ,24776.305       ,-0.07668          ,-0.04707              ,0.000         ,0.000         ,0.139         ,0.147         
08:38:04.058158     ,0.000       ,0.880       ,0.000       ,15.370      ,15.370      ,15.327      ,0.043       ,0.028       ,0.014       ,0.090       ,0.000       ,0.129       ,880.000     ,0.000       ,0.043       ,15.370      ,0.01135       ,148           ,13.008          ,13.200        ,-0.046              ,0.149               ,24776.307       ,-0.07663          ,-0.04979              ,0.000         ,0.000         ,0.129         ,0.149         
08:38:04.073966     ,0.000       ,0.880       ,0.000       ,15.790      ,15.790      ,15.327      ,0.463       ,0.112       ,0.308       ,0.098       ,0.000       ,0.139       ,880.000     ,0.000       ,0.463       ,15.790      ,0.01220       ,159           ,13.975          ,13.800        ,-0.048              ,0.158               ,24776.312       ,-0.08445          ,-0.05268              ,0.000         ,0.000         ,0.139         ,0.137         
08:38:04.098220     ,0.000       ,0.880       ,0.000       ,15.480      ,15.480      ,15.327      ,0.363       ,0.115       ,0.121       ,0.104       ,-0.000      ,0.149       ,880.000     ,0.000       ,0.363       ,15.690      ,0.01473       ,192           ,16.875          ,15.400        ,-0.054              ,0.166               ,24776.322       ,-0.08440          ,-0.05548              ,0.000         ,0.000         ,0.159         ,0.137         
08:38:04.106925     ,0.000       ,0.880       ,0.000       ,15.480      ,15.480      ,15.327      ,0.153       ,0.096       ,0.051       ,0.106       ,-0.000      ,0.159       ,880.000     ,0.000       ,0.153       ,15.480      ,0.01473       ,192           ,16.875          ,16.000        ,-0.056              ,0.175               ,24776.328       ,-0.08436          ,-0.05832              ,0.000         ,0.000         ,0.159         ,0.150         
08:38:04.118190     ,0.000       ,0.880       ,0.000       ,15.510      ,15.510      ,15.327      ,0.183       ,0.085       ,0.061       ,0.110       ,0.000       ,0.169       ,880.000     ,0.000       ,0.183       ,15.510      ,0.01657       ,216           ,18.984          ,17.200        ,-0.060              ,0.184               ,24776.332       ,-0.09213          ,-0.06119              ,0.000         ,0.000         ,0.169         ,0.157         
08:38:04.128085     ,0.000       ,0.880       ,0.000       ,15.310      ,15.310      ,15.327      ,-0.017      ,0.058       ,-0.006      ,0.109       ,-0.000      ,0.167       ,880.000     ,0.000       ,-0.017      ,15.310      ,0.01749       ,228           ,20.039          ,17.800        ,-0.062              ,0.192               ,24776.336       ,-0.09191          ,-0.06409              ,0.000         ,0.000         ,0.167         ,0.157         
08:38:04.138203     ,0.000       ,0.880       ,0.000       ,15.460      ,15.460      ,15.327      ,0.133       ,0.054       ,0.044       ,0.111       ,0.000       ,0.165       ,880.000     ,0.000       ,0.133       ,15.460      ,0.01848       ,241           ,21.182          ,18.400        ,-0.064              ,0.201               ,24776.340       ,-0.09983          ,-0.06702              ,0.000         ,0.000         ,0.165         ,0.166         
08:38:04.148268     ,0.000       ,0.880       ,0.000       ,15.590      ,15.590      ,15.327      ,0.263       ,0.064       ,0.088       ,0.116       ,-0.000      ,0.175       ,880.000     ,0.000       ,0.263       ,15.590      ,0.01956       ,255           ,22.412          ,19.200        ,-0.067              ,0.210               ,24776.346       ,-0.10694          ,-0.07008              ,0.000         ,0.000         ,0.175         ,0.165         
08:38:04.167041     ,0.000       ,0.880       ,0.000       ,15.430      ,15.430      ,15.327      ,0.103       ,0.055       ,0.034       ,0.118       ,-0.000      ,0.173       ,880.000     ,0.000       ,0.103       ,15.430      ,0.02056       ,268           ,23.555          ,20.400        ,-0.071              ,0.219               ,24776.355       ,-0.09995          ,-0.07303              ,0.000         ,0.000         ,0.173         ,0.173         
08:38:04.178242     ,0.000       ,0.880       ,0.000       ,15.420      ,15.420      ,15.327      ,-0.017      ,0.035       ,0.031       ,0.119       ,0.000       ,0.163       ,880.000     ,0.000       ,-0.017      ,15.310      ,0.02278       ,297           ,26.104          ,21.800        ,-0.076              ,0.228               ,24776.359       ,-0.10736          ,-0.07599              ,0.000         ,0.000         ,0.154         ,0.173         
08:38:04.184992     ,0.000       ,0.880       ,0.000       ,15.420      ,15.420      ,15.327      ,0.093       ,0.035       ,0.031       ,0.119       ,0.000       ,0.154       ,880.000     ,0.000       ,0.093       ,15.420      ,0.02278       ,297           ,26.104          ,22.200        ,-0.077              ,0.237               ,24776.361       ,-0.11519          ,-0.07909              ,0.000         ,0.000         ,0.154         ,0.160         
08:38:04.193877     ,0.000       ,0.880       ,0.000       ,15.450      ,15.450      ,15.327      ,0.123       ,0.037       ,0.041       ,0.121       ,-0.000      ,0.158       ,880.000     ,0.000       ,0.123       ,15.450      ,0.02393       ,312           ,27.422          ,22.600        ,-0.079              ,0.247               ,24776.367       ,-0.11426          ,-0.08217              ,0.000         ,0.000         ,0.158         ,0.152         
08:38:04.198254     ,0.000       ,0.880       ,0.000       ,15.430      ,15.430      ,15.327      ,0.103       ,0.036       ,0.034       ,0.123       ,-0.000      ,0.159       ,880.000     ,0.000       ,0.103       ,15.430      ,0.02508       ,327           ,28.740          ,23.400        ,-0.082              ,0.256               ,24776.371       ,-0.11587          ,-0.08526              ,0.000         ,0.000         ,0.159         ,0.152         
08:38:04.208193     ,0.000       ,0.880       ,0.000       ,15.450      ,15.450      ,15.327      ,0.123       ,0.037       ,0.041       ,0.125       ,0.000       ,0.162       ,880.000     ,0.000       ,0.123       ,15.450      ,0.02631       ,343           ,30.146          ,23.800        ,-0.083              ,0.265               ,24776.377       ,-0.12260          ,-0.08847              ,0.000         ,0.000         ,0.162         ,0.156         
08:38:04.218198     ,0.000       ,0.880       ,0.000       ,15.480      ,15.480      ,15.327      ,0.153       ,0.041       ,0.051       ,0.127       ,0.000       ,0.169       ,880.000     ,0.000       ,0.153       ,15.480      ,0.02753       ,359           ,31.553          ,24.400        ,-0.085              ,0.275               ,24776.383       ,-0.12267          ,-0.09164              ,0.000         ,0.000         ,0.169         ,0.161         
08:38:04.228088     ,0.000       ,0.880       ,0.000       ,15.340      ,15.340      ,15.327      ,0.013       ,0.030       ,0.004       ,0.127       ,-0.000      ,0.159       ,880.000     ,0.000       ,0.013       ,15.340      ,0.02884       ,376           ,33.047          ,25.200        ,-0.088              ,0.285               ,24776.389       ,-0.13048          ,-0.09493              ,0.000         ,0.000         ,0.159         ,0.160         
08:38:04.238167     ,0.000       ,0.880       ,0.000       ,15.330      ,15.330      ,15.327      ,0.003       ,0.021       ,0.001       ,0.127       ,0.000       ,0.149       ,880.000     ,0.000       ,0.003       ,15.330      ,0.03014       ,393           ,34.541          ,26.200        ,-0.091              ,0.295               ,24776.395       ,-0.13006          ,-0.09817              ,0.000         ,0.000         ,0.149         ,0.169         
08:38:04.248264     ,0.000       ,0.880       ,0.000       ,15.360      ,15.360      ,15.327      ,0.033       ,0.018       ,0.011       ,0.128       ,0.000       ,0.146       ,880.000     ,0.000       ,0.033       ,15.360      ,0.03152       ,411           ,36.123          ,27.200        ,-0.095              ,0.304               ,24776.400       ,-0.13767          ,-0.10138              ,0.000         ,0.000         ,0.146         ,0.149         
08:38:04.266940     ,0.000       ,0.880       ,0.000       ,15.340      ,15.340      ,15.327      ,0.013       ,0.014       ,0.004       ,0.128       ,-0.000      ,0.142       ,880.000     ,0.000       ,0.013       ,15.340      ,0.03290       ,429           ,37.705          ,28.200        ,-0.098              ,0.314               ,24776.412       ,-0.13873          ,-0.10470              ,0.000         ,0.000         ,0.142         ,0.147         
08:38:04.268239     ,0.000       ,0.880       ,0.000       ,15.390      ,15.390      ,15.327      ,0.063       ,0.016       ,0.021       ,0.129       ,0.000       ,0.145       ,880.000     ,0.000       ,0.063       ,15.390      ,0.03428       ,447           ,39.287          ,28.800        ,-0.101              ,0.324               ,24776.412       ,-0.13818          ,-0.10798              ,0.000         ,0.000         ,0.145         ,0.147         
08:38:04.278066     ,0.000       ,0.880       ,0.000       ,15.500      ,15.500      ,15.327      ,0.173       ,0.029       ,0.058       ,0.132       ,0.000       ,0.155       ,880.000     ,0.000       ,0.173       ,15.500      ,0.03574       ,466           ,40.957          ,29.400        ,-0.103              ,0.334               ,24776.420       ,-0.14567          ,-0.11123              ,0.000         ,0.000         ,0.155         ,0.141         
08:38:04.293895     ,0.000       ,0.880       ,0.000       ,15.540      ,15.540      ,15.327      ,0.213       ,0.041       ,0.071       ,0.136       ,-0.000      ,0.165       ,880.000     ,0.000       ,0.213       ,15.540      ,0.03720       ,485           ,42.627          ,30.200        ,-0.105              ,0.343               ,24776.426       ,-0.14580          ,-0.11446              ,0.000         ,0.000         ,0.165         ,0.155         
08:38:04.298228     ,0.000       ,0.880       ,0.000       ,15.440      ,15.440      ,15.327      ,0.113       ,0.040       ,0.038       ,0.137       ,-0.000      ,0.175       ,880.000     ,0.000       ,0.113       ,15.440      ,0.03873       ,505           ,44.385          ,31.200        ,-0.109              ,0.353               ,24776.434       ,-0.15342          ,-0.11777              ,0.000         ,0.000         ,0.175         ,0.155         
08:38:04.308102     ,0.000       ,0.880       ,0.000       ,15.400      ,15.400      ,15.327      ,0.073       ,0.035       ,0.024       ,0.139       ,0.000       ,0.174       ,880.000     ,0.000       ,0.073       ,15.400      ,0.03873       ,505           ,44.385          ,32.200        ,-0.112              ,0.363               ,24776.439       ,-0.15342          ,-0.12105              ,0.000         ,0.000         ,0.174         ,0.165         
08:38:04.318228     ,0.000       ,0.880       ,0.000       ,15.390      ,15.390      ,15.327      ,0.063       ,0.031       ,0.021       ,0.140       ,0.000       ,0.171       ,880.000     ,0.000       ,0.063       ,15.390      ,0.04188       ,546           ,47.988          ,32.800        ,-0.114              ,0.373               ,24776.447       ,-0.15728          ,-0.12435              ,0.000         ,0.000         ,0.171         ,0.173         
08:38:04.328074     ,0.000       ,0.880       ,0.000       ,15.320      ,15.320      ,15.327      ,-0.007      ,0.021       ,-0.002      ,0.140       ,-0.000      ,0.161       ,880.000     ,0.000       ,-0.007      ,15.320      ,0.04349       ,567           ,49.834          ,33.400        ,-0.117              ,0.383               ,24776.455       ,-0.16102          ,-0.12762              ,0.000         ,0.000         ,0.161         ,0.177         
08:38:04.338188     ,0.000       ,0.880       ,0.000       ,15.220      ,15.220      ,15.327      ,-0.107      ,0.004       ,-0.036      ,0.138       ,-0.000      ,0.151       ,880.000     ,0.000       ,-0.107      ,15.220      ,0.04510       ,588           ,51.680          ,34.200        ,-0.119              ,0.393               ,24776.463       ,-0.16101          ,-0.13086              ,0.000         ,0.000         ,0.151         ,0.157         
08:38:04.348086     ,0.000       ,0.880       ,0.000       ,15.300      ,15.300      ,15.327      ,-0.027      ,0.000       ,-0.009      ,0.137       ,0.000       ,0.141       ,880.000     ,0.000       ,-0.027      ,15.300      ,0.04679       ,610           ,53.613          ,35.200        ,-0.123              ,0.402               ,24776.471       ,-0.16866          ,-0.13408              ,0.000         ,0.000         ,0.141         ,0.160         
08:38:04.358157     ,0.000       ,0.880       ,0.000       ,15.420      ,15.420      ,15.327      ,0.093       ,0.009       ,0.031       ,0.139       ,0.000       ,0.148       ,880.000     ,0.000       ,0.093       ,15.420      ,0.04855       ,633           ,55.635          ,36.200        ,-0.126              ,0.412               ,24776.479       ,-0.17652          ,-0.13738              ,0.000         ,0.000         ,0.148         ,0.150         
08:38:04.368199     ,0.000       ,0.880       ,0.000       ,15.510      ,15.510      ,15.327      ,0.183       ,0.025       ,0.061       ,0.142       ,-0.000      ,0.158       ,880.000     ,0.000       ,0.183       ,15.510      ,0.05031       ,656           ,57.656          ,37.200        ,-0.130              ,0.422               ,24776.486       ,-0.17646          ,-0.14076              ,0.000         ,0.000         ,0.158         ,0.141         
08:38:04.388173     ,0.000       ,0.880       ,0.000       ,15.390      ,15.390      ,15.327      ,0.133       ,0.028       ,0.021       ,0.145       ,-0.000      ,0.168       ,880.000     ,0.000       ,0.133       ,15.460      ,0.05392       ,703           ,61.787          ,39.000        ,-0.136              ,0.432               ,24776.502       ,-0.17630          ,-0.14409              ,0.000         ,0.000         ,0.173         ,0.144         
08:38:04.393958     ,0.000       ,0.880       ,0.000       ,15.390      ,15.390      ,15.327      ,0.063       ,0.028       ,0.021       ,0.145       ,-0.000      ,0.173       ,880.000     ,0.000       ,0.063       ,15.390      ,0.05392       ,703           ,61.787          ,39.400        ,-0.138              ,0.443               ,24776.502       ,-0.18401          ,-0.14750              ,0.000         ,0.000         ,0.173         ,0.163         
08:38:04.398124     ,0.000       ,0.880       ,0.000       ,15.400      ,15.400      ,15.327      ,0.073       ,0.027       ,0.024       ,0.146       ,0.000       ,0.173       ,880.000     ,0.000       ,0.073       ,15.400      ,0.05392       ,703           ,61.787          ,40.400        ,-0.141              ,0.453               ,24776.512       ,-0.18401          ,-0.15086              ,0.000         ,0.000         ,0.173         ,0.163         
08:38:04.408173     ,0.000       ,0.880       ,0.000       ,15.270      ,15.270      ,15.327      ,-0.057      ,0.013       ,-0.019      ,0.145       ,-0.000      ,0.163       ,880.000     ,0.000       ,-0.057      ,15.270      ,0.05768       ,752           ,66.094          ,41.200        ,-0.144              ,0.463               ,24776.520       ,-0.18792          ,-0.15423              ,0.000         ,0.000         ,0.163         ,0.171         
08:38:04.418256     ,0.000       ,0.880       ,0.000       ,15.190      ,15.190      ,15.327      ,-0.137      ,-0.005      ,-0.046      ,0.143       ,0.000       ,0.153       ,880.000     ,0.000       ,-0.137      ,15.190      ,0.05967       ,778           ,68.379          ,42.200        ,-0.147              ,0.473               ,24776.529       ,-0.19932          ,-0.15772              ,0.000         ,0.000         ,0.153         ,0.170         
08:38:04.428132     ,0.000       ,0.880       ,0.000       ,15.240      ,15.240      ,15.327      ,-0.087      ,-0.012      ,-0.029      ,0.142       ,0.000       ,0.143       ,880.000     ,0.000       ,-0.087      ,15.240      ,0.06167       ,804           ,70.664          ,43.200        ,-0.151              ,0.484               ,24776.539       ,-0.19952          ,-0.16127              ,0.000         ,0.000         ,0.143         ,0.159         
08:38:04.438176     ,0.000       ,0.880       ,0.000       ,15.400      ,15.400      ,15.327      ,0.073       ,-0.001      ,0.024       ,0.143       ,0.000       ,0.142       ,880.000     ,0.000       ,0.073       ,15.400      ,0.06366       ,830           ,72.949          ,44.200        ,-0.154              ,0.495               ,24776.547       ,-0.19962          ,-0.16486              ,0.000         ,0.000         ,0.142         ,0.151         
08:38:04.448132     ,0.000       ,0.880       ,0.000       ,15.530      ,15.530      ,15.327      ,0.203       ,0.019       ,0.068       ,0.146       ,-0.000      ,0.152       ,880.000     ,0.000       ,0.203       ,15.530      ,0.06573       ,857           ,75.322          ,45.200        ,-0.158              ,0.505               ,24776.557       ,-0.20684          ,-0.16849              ,0.000         ,0.000         ,0.152         ,0.140         
08:38:04.476000     ,0.000       ,0.880       ,0.000       ,15.540      ,15.540      ,15.327      ,0.123       ,0.026       ,0.041       ,0.148       ,-0.000      ,0.162       ,880.000     ,0.000       ,0.123       ,15.450      ,0.06987       ,911           ,80.068          ,47.200        ,-0.165              ,0.516               ,24776.580       ,-0.20707          ,-0.17203              ,0.000         ,0.000         ,0.172         ,0.147         
08:38:04.478129     ,0.000       ,0.880       ,0.000       ,15.390      ,15.390      ,15.327      ,0.213       ,0.039       ,0.071       ,0.152       ,0.000       ,0.172       ,880.000     ,0.000       ,0.213       ,15.540      ,0.07202       ,939           ,82.529          ,48.400        ,-0.169              ,0.527               ,24776.586       ,-0.20715          ,-0.17550              ,0.000         ,0.000         ,0.182         ,0.147         
08:38:04.478187     ,0.000       ,0.880       ,0.000       ,15.390      ,15.390      ,15.327      ,0.063       ,0.034       ,0.021       ,0.153       ,-0.000      ,0.182       ,880.000     ,0.000       ,0.063       ,15.390      ,0.07202       ,939           ,82.529          ,48.800        ,-0.170              ,0.537               ,24776.586       ,-0.21480          ,-0.17903              ,0.000         ,0.000         ,0.182         ,0.147         
08:38:04.493831     ,0.000       ,0.880       ,0.000       ,15.530      ,15.530      ,15.327      ,0.203       ,0.044       ,0.068       ,0.156       ,0.000       ,0.192       ,880.000     ,0.000       ,0.203       ,15.530      ,0.07424       ,968           ,85.078          ,49.000        ,-0.171              ,0.548               ,24776.596       ,-0.22236          ,-0.18261              ,0.000         ,0.000         ,0.192         ,0.182         
08:38:04.508134     ,0.000       ,0.880       ,0.000       ,15.300      ,15.300      ,15.327      ,0.093       ,0.040       ,0.031       ,0.158       ,-0.000      ,0.198       ,880.000     ,0.000       ,0.093       ,15.420      ,0.07869       ,1026          ,90.176          ,50.000        ,-0.175              ,0.558               ,24776.615       ,-0.21482          ,-0.18611              ,0.000         ,0.000         ,0.188         ,0.191         
08:38:04.508192     ,0.000       ,0.880       ,0.000       ,15.300      ,15.300      ,15.327      ,-0.027      ,0.025       ,-0.009      ,0.157       ,-0.000      ,0.188       ,880.000     ,0.000       ,-0.027      ,15.300      ,0.07869       ,1026          ,90.176          ,50.400        ,-0.176              ,0.569               ,24776.615       ,-0.23010          ,-0.18972              ,0.000         ,0.000         ,0.188         ,0.191         
08:38:04.518232     ,0.000       ,0.880       ,0.000       ,15.190      ,15.190      ,15.327      ,-0.137      ,0.004       ,-0.046      ,0.155       ,0.000       ,0.178       ,880.000     ,0.000       ,-0.137      ,15.190      ,0.08099       ,1056          ,92.812          ,51.400        ,-0.179              ,0.580               ,24776.627       ,-0.23008          ,-0.19324              ,0.000         ,0.000         ,0.178         ,0.194         
08:38:04.538189     ,0.000       ,0.880       ,0.000       ,15.370      ,15.370      ,15.327      ,-0.047      ,-0.002      ,-0.016      ,0.154       ,0.000       ,0.168       ,880.000     ,0.000       ,-0.047      ,15.280      ,0.08567       ,1117          ,98.174          ,53.000        ,-0.185              ,0.590               ,24776.648       ,-0.22941          ,-0.19669              ,0.000         ,0.000         ,0.158         ,0.171         
08:38:04.538252     ,0.000       ,0.880       ,0.000       ,15.370      ,15.370      ,15.327      ,0.043       ,0.003       ,0.014       ,0.155       ,0.000       ,0.158       ,880.000     ,0.000       ,0.043       ,15.370      ,0.08567       ,1117          ,98.174          ,53.400        ,-0.186              ,0.601               ,24776.648       ,-0.23839          ,-0.20020              ,0.000         ,0.000         ,0.158         ,0.171         
08:38:04.568224     ,0.000       ,0.880       ,0.000       ,15.500      ,15.500      ,15.327      ,-0.047      ,-0.003      ,-0.016      ,0.154       ,-0.000      ,0.152       ,880.000     ,0.000       ,-0.047      ,15.280      ,0.09304       ,1213          ,106.611         ,56.200        ,-0.196              ,0.611               ,24776.682       ,-0.24549          ,-0.20377              ,0.000         ,0.000         ,0.162         ,0.159         
08:38:04.568284     ,0.000       ,0.880       ,0.000       ,15.500      ,15.500      ,15.327      ,0.173       ,0.015       ,0.058       ,0.157       ,0.000       ,0.162       ,880.000     ,0.000       ,0.173       ,15.500      ,0.09304       ,1213          ,106.611         ,56.800        ,-0.198              ,0.622               ,24776.682       ,-0.24556          ,-0.20738              ,0.000         ,0.000         ,0.162         ,0.163         
08:38:04.598082     ,0.000       ,0.880       ,0.000       ,15.690      ,15.690      ,15.327      ,0.413       ,0.093       ,0.275       ,0.164       ,0.000       ,0.172       ,880.000     ,0.000       ,0.413       ,15.740      ,0.10063       ,1312          ,115.312         ,58.800        ,-0.205              ,0.633               ,24776.715       ,-0.25281          ,-0.21113              ,0.000         ,0.000         ,0.172         ,0.160         
08:38:04.598261     ,0.000       ,0.880       ,0.000       ,15.690      ,15.690      ,15.327      ,0.363       ,0.102       ,0.121       ,0.170       ,-0.000      ,0.182       ,880.000     ,0.000       ,0.363       ,15.690      ,0.10063       ,1312          ,115.312         ,59.400        ,-0.207              ,0.645               ,24776.715       ,-0.25346          ,-0.21489              ,0.000         ,0.000         ,0.182         ,0.160         
08:38:04.613889     ,0.000       ,0.880       ,0.000       ,15.730      ,15.730      ,15.327      ,0.403       ,0.152       ,0.268       ,0.177       ,0.000       ,0.192       ,880.000     ,0.000       ,0.403       ,15.730      ,0.10316       ,1345          ,118.213         ,60.400        ,-0.211              ,0.656               ,24776.729       ,-0.25303          ,-0.21856              ,0.000         ,0.000         ,0.192         ,0.183         
08:38:04.618279     ,0.000       ,0.880       ,0.000       ,15.720      ,15.720      ,15.327      ,0.393       ,0.145       ,0.131       ,0.183       ,-0.000      ,0.202       ,880.000     ,0.000       ,0.393       ,15.720      ,0.10577       ,1379          ,121.201         ,61.200        ,-0.214              ,0.667               ,24776.738       ,-0.26088          ,-0.22236              ,0.000         ,0.000         ,0.202         ,0.189         
08:38:04.628223     ,0.000       ,0.880       ,0.000       ,15.650      ,15.650      ,15.327      ,0.323       ,0.134       ,0.108       ,0.189       ,-0.000      ,0.212       ,880.000     ,0.000       ,0.323       ,15.650      ,0.10830       ,1412          ,124.102         ,62.200        ,-0.217              ,0.678               ,24776.752       ,-0.25306          ,-0.22594              ,0.000         ,0.000         ,0.212         ,0.189         
08:38:04.638265     ,0.000       ,0.880       ,0.000       ,15.540      ,15.540      ,15.327      ,0.213       ,0.115       ,0.071       ,0.192       ,-0.000      ,0.222       ,880.000     ,0.000       ,0.213       ,15.540      ,0.11098       ,1447          ,127.178         ,63.200        ,-0.221              ,0.689               ,24776.764       ,-0.26853          ,-0.22956              ,0.000         ,0.000         ,0.222         ,0.202         
08:38:04.658999     ,0.000       ,0.880       ,0.000       ,15.540      ,15.540      ,15.327      ,0.213       ,0.102       ,0.071       ,0.196       ,0.000       ,0.232       ,880.000     ,0.000       ,0.213       ,15.540      ,0.11359       ,1481          ,130.166         ,64.000        ,-0.223              ,0.699               ,24776.787       ,-0.26070          ,-0.23310              ,0.000         ,0.000         ,0.242         ,0.220         
08:38:04.665565     ,0.000       ,0.880       ,0.000       ,15.540      ,15.540      ,15.327      ,0.213       ,0.093       ,0.071       ,0.199       ,0.000       ,0.242       ,880.000     ,0.000       ,0.213       ,15.540      ,0.11628       ,1516          ,133.242         ,64.800        ,-0.226              ,0.710               ,24776.793       ,-0.26832          ,-0.23657              ,0.000         ,0.000         ,0.242         ,0.220         
08:38:04.668253     ,0.000       ,0.880       ,0.000       ,15.390      ,15.390      ,15.327      ,0.063       ,0.071       ,0.021       ,0.200       ,-0.000      ,0.252       ,880.000     ,0.000       ,0.063       ,15.390      ,0.11904       ,1552          ,136.406         ,65.600        ,-0.229              ,0.720               ,24776.801       ,-0.27645          ,-0.23997              ,0.000         ,0.000         ,0.252         ,0.220         
08:38:04.678291     ,0.000       ,0.880       ,0.000       ,15.370      ,15.370      ,15.327      ,0.043       ,0.054       ,0.014       ,0.201       ,0.000       ,0.255       ,880.000     ,0.000       ,0.043       ,15.370      ,0.12180       ,1588          ,139.570         ,66.400        ,-0.232              ,0.730               ,24776.812       ,-0.27629          ,-0.24333              ,0.000         ,0.000         ,0.255         ,0.244         
08:38:04.688281     ,0.000       ,0.880       ,0.000       ,15.130      ,15.130      ,15.327      ,-0.197      ,0.018       ,-0.066      ,0.198       ,-0.000      ,0.245       ,880.000     ,0.000       ,-0.197      ,15.130      ,0.12464       ,1625          ,142.822         ,67.200        ,-0.235              ,0.740               ,24776.826       ,-0.28348          ,-0.24664              ,0.000         ,0.000         ,0.245         ,0.248         
08:38:04.698306     ,0.000       ,0.880       ,0.000       ,15.080      ,15.080      ,15.327      ,-0.247      ,-0.012      ,-0.082      ,0.194       ,0.000       ,0.235       ,880.000     ,0.000       ,-0.247      ,15.080      ,0.12747       ,1662          ,146.074         ,68.200        ,-0.238              ,0.750               ,24776.840       ,-0.28388          ,-0.24992              ,0.000         ,0.000         ,0.235         ,0.243         
08:38:04.714068     ,0.000       ,0.880       ,0.000       ,15.120      ,15.120      ,15.327      ,-0.207      ,-0.029      ,-0.069      ,0.190       ,0.000       ,0.225       ,880.000     ,0.000       ,-0.207      ,15.120      ,0.13047       ,1701          ,149.502         ,68.800        ,-0.240              ,0.760               ,24776.854       ,-0.29916          ,-0.25339              ,0.000         ,0.000         ,0.225         ,0.236         
08:38:04.718286     ,0.000       ,0.880       ,0.000       ,15.120      ,15.120      ,15.327      ,-0.207      ,-0.041      ,-0.069      ,0.187       ,-0.000      ,0.215       ,880.000     ,0.000       ,-0.207      ,15.120      ,0.13338       ,1739          ,152.842         ,69.400        ,-0.242              ,0.770               ,24776.867       ,-0.29158          ,-0.25680              ,0.000         ,0.000         ,0.215         ,0.222         
08:38:04.728261     ,0.000       ,0.880       ,0.000       ,15.130      ,15.130      ,15.327      ,-0.197      ,-0.049      ,-0.066      ,0.183       ,0.000       ,0.205       ,880.000     ,0.000       ,-0.197      ,15.130      ,0.13645       ,1779          ,156.357         ,70.600        ,-0.246              ,0.782               ,24776.881       ,-0.30646          ,-0.26051              ,0.000         ,0.000         ,0.205         ,0.222         
08:38:04.738279     ,0.000       ,0.880       ,0.000       ,15.220      ,15.220      ,15.327      ,-0.107      ,-0.045      ,-0.036      ,0.182       ,0.000       ,0.195       ,880.000     ,0.000       ,-0.107      ,15.220      ,0.13952       ,1819          ,159.873         ,72.000        ,-0.251              ,0.793               ,24776.895       ,-0.30692          ,-0.26423              ,0.000         ,0.000         ,0.195         ,0.208         
08:38:04.748286     ,0.000       ,0.880       ,0.000       ,15.370      ,15.370      ,15.327      ,0.043       ,-0.027      ,0.014       ,0.182       ,0.000       ,0.185       ,880.000     ,0.000       ,0.043       ,15.370      ,0.14258       ,1859          ,163.389         ,72.800        ,-0.254              ,0.804               ,24776.908       ,-0.30659          ,-0.26808              ,0.000         ,0.000         ,0.185         ,0.191         
08:38:04.758288     ,0.000       ,0.880       ,0.000       ,15.390      ,15.390      ,15.327      ,0.063       ,-0.013      ,0.021       ,0.183       ,-0.000      ,0.175       ,880.000     ,0.000       ,0.063       ,15.390      ,0.14573       ,1900          ,166.992         ,73.800        ,-0.258              ,0.816               ,24776.922       ,-0.31475          ,-0.27205              ,0.000         ,0.000         ,0.175         ,0.175         
08:38:04.775965     ,0.000       ,0.880       ,0.000       ,15.440      ,15.440      ,15.327      ,0.113       ,0.002       ,0.038       ,0.185       ,0.000       ,0.185       ,880.000     ,0.000       ,0.113       ,15.440      ,0.14895       ,1942          ,170.684         ,75.000        ,-0.262              ,0.828               ,24776.943       ,-0.32230          ,-0.27612              ,0.000         ,0.000         ,0.185         ,0.168         
08:38:04.778271     ,0.000       ,0.880       ,0.000       ,15.500      ,15.500      ,15.327      ,0.173       ,0.019       ,0.058       ,0.188       ,0.000       ,0.195       ,880.000     ,0.000       ,0.173       ,15.500      ,0.15217       ,1984          ,174.375         ,75.800        ,-0.265              ,0.841               ,24776.951       ,-0.32166          ,-0.28025              ,0.000         ,0.000         ,0.195         ,0.168         
08:38:04.788277     ,0.000       ,0.880       ,0.000       ,15.480      ,15.480      ,15.327      ,0.153       ,0.029       ,0.051       ,0.191       ,-0.000      ,0.205       ,880.000     ,0.000       ,0.153       ,15.480      ,0.15539       ,2026          ,178.066         ,76.400        ,-0.267              ,0.853               ,24776.967       ,-0.32243          ,-0.28435              ,0.000         ,0.000         ,0.205         ,0.196         
08:38:04.798284     ,0.000       ,0.880       ,0.000       ,15.370      ,15.370      ,15.327      ,0.043       ,0.024       ,0.014       ,0.191       ,-0.000      ,0.215       ,880.000     ,0.000       ,0.043       ,15.370      ,0.15869       ,2069          ,181.846         ,77.200        ,-0.269              ,0.866               ,24776.980       ,-0.32945          ,-0.28852              ,0.000         ,0.000         ,0.215         ,0.199         
08:38:04.814031     ,0.000       ,0.880       ,0.000       ,15.310      ,15.310      ,15.327      ,-0.017      ,0.015       ,-0.006      ,0.191       ,0.000       ,0.206       ,880.000     ,0.000       ,-0.017      ,15.310      ,0.16207       ,2113          ,185.713         ,78.200        ,-0.273              ,0.878               ,24776.996       ,-0.33789          ,-0.29264              ,0.000         ,0.000         ,0.206         ,0.213         
08:38:04.818275     ,0.000       ,0.880       ,0.000       ,15.400      ,15.400      ,15.327      ,0.073       ,0.018       ,0.024       ,0.192       ,0.000       ,0.210       ,880.000     ,0.000       ,0.073       ,15.400      ,0.16536       ,2156          ,189.492         ,79.600        ,-0.278              ,0.890               ,24777.014       ,-0.32974          ,-0.29672              ,0.000         ,0.000         ,0.210         ,0.203         
08:38:04.828265     ,0.000       ,0.880       ,0.000       ,15.450      ,15.450      ,15.327      ,0.123       ,0.025       ,0.041       ,0.194       ,-0.000      ,0.219       ,880.000     ,0.000       ,0.123       ,15.450      ,0.16881       ,2201          ,193.447         ,81.000        ,-0.283              ,0.902               ,24777.027       ,-0.34498          ,-0.30076              ,0.000         ,0.000         ,0.219         ,0.203         
08:38:04.838272     ,0.000       ,0.880       ,0.000       ,15.420      ,15.420      ,15.327      ,0.093       ,0.027       ,0.031       ,0.196       ,-0.000      ,0.223       ,880.000     ,0.000       ,0.093       ,15.420      ,0.17227       ,2246          ,197.402         ,82.200        ,-0.287              ,0.914               ,24777.043       ,-0.34536          ,-0.30477              ,0.000         ,0.000         ,0.223         ,0.225         
08:38:04.848279     ,0.000       ,0.880       ,0.000       ,15.420      ,15.420      ,15.327      ,0.093       ,0.028       ,0.031       ,0.197       ,0.000       ,0.225       ,880.000     ,0.000       ,0.093       ,15.420      ,0.17572       ,2291          ,201.357         ,83.200        ,-0.290              ,0.926               ,24777.059       ,-0.34481          ,-0.30876              ,0.000         ,0.000         ,0.225         ,0.221         
08:38:04.858279     ,0.000       ,0.880       ,0.000       ,15.540      ,15.540      ,15.327      ,0.213       ,0.041       ,0.071       ,0.201       ,0.000       ,0.235       ,880.000     ,0.000       ,0.213       ,15.540      ,0.17925       ,2337          ,205.400         ,84.200        ,-0.294              ,0.938               ,24777.076       ,-0.35317          ,-0.31272              ,0.000         ,0.000         ,0.235         ,0.222         
08:38:04.868278     ,0.000       ,0.880       ,0.000       ,15.390      ,15.390      ,15.327      ,0.063       ,0.035       ,0.021       ,0.202       ,-0.000      ,0.237       ,880.000     ,0.000       ,0.063       ,15.390      ,0.18277       ,2383          ,209.443         ,85.200        ,-0.297              ,0.950               ,24777.092       ,-0.35205          ,-0.31653              ,0.000         ,0.000         ,0.237         ,0.234         
08:38:04.886044     ,0.000       ,0.880       ,0.000       ,15.270      ,15.270      ,15.327      ,-0.057      ,0.019       ,-0.019      ,0.201       ,0.000       ,0.227       ,880.000     ,0.000       ,-0.057      ,15.270      ,0.18630       ,2429          ,213.486         ,86.400        ,-0.302              ,0.961               ,24777.115       ,-0.35339          ,-0.32025              ,0.000         ,0.000         ,0.227         ,0.234         
08:38:04.888277     ,0.000       ,0.880       ,0.000       ,15.210      ,15.210      ,15.327      ,-0.117      ,0.001       ,-0.039      ,0.199       ,0.000       ,0.217       ,880.000     ,0.000       ,-0.117      ,15.210      ,0.18998       ,2477          ,217.705         ,87.400        ,-0.305              ,0.972               ,24777.125       ,-0.36831          ,-0.32410              ,0.000         ,0.000         ,0.217         ,0.222         
08:38:04.908163     ,0.000       ,0.880       ,0.000       ,15.210      ,15.210      ,15.327      ,-0.137      ,-0.013      ,-0.046      ,0.197       ,0.000       ,0.207       ,880.000     ,0.000       ,-0.137      ,15.190      ,0.19727       ,2572          ,226.055         ,89.000        ,-0.311              ,0.984               ,24777.158       ,-0.36027          ,-0.32784              ,0.000         ,0.000         ,0.207         ,0.217         
08:38:04.914041     ,0.000       ,0.880       ,0.000       ,15.210      ,15.210      ,15.327      ,-0.117      ,-0.021      ,-0.039      ,0.195       ,0.000       ,0.197       ,880.000     ,0.000       ,-0.117      ,15.210      ,0.19727       ,2572          ,226.055         ,89.400        ,-0.312              ,0.994               ,24777.158       ,-0.36857          ,-0.33147              ,0.000         ,0.000         ,0.197         ,0.202         
08:38:04.918282     ,0.000       ,0.880       ,0.000       ,15.300      ,15.300      ,15.327      ,-0.027      ,-0.017      ,-0.009      ,0.194       ,0.000       ,0.187       ,880.000     ,0.000       ,-0.027      ,15.300      ,0.20103       ,2621          ,230.361         ,90.400        ,-0.316              ,1.006               ,24777.174       ,-0.37579          ,-0.33525              ,0.000         ,0.000         ,0.187         ,0.197         
08:38:04.928236     ,0.000       ,0.880       ,0.000       ,15.420      ,15.420      ,15.327      ,0.093       ,-0.003      ,0.031       ,0.196       ,0.000       ,0.193       ,880.000     ,0.000       ,0.093       ,15.420      ,0.20479       ,2670          ,234.668         ,91.200        ,-0.318              ,1.017               ,24777.189       ,-0.37553          ,-0.33892              ,0.000         ,0.000         ,0.193         ,0.197         
08:38:04.938277     ,0.000       ,0.880       ,0.000       ,15.450      ,15.450      ,15.327      ,0.123       ,0.010       ,0.041       ,0.198       ,-0.000      ,0.203       ,880.000     ,0.000       ,0.123       ,15.450      ,0.20862       ,2720          ,239.062         ,92.200        ,-0.322              ,1.028               ,24777.207       ,-0.38362          ,-0.34262              ,0.000         ,0.000         ,0.203         ,0.193         
08:38:04.948285     ,0.000       ,0.880       ,0.000       ,15.510      ,15.510      ,15.327      ,0.183       ,0.025       ,0.061       ,0.201       ,0.000       ,0.213       ,880.000     ,0.000       ,0.183       ,15.510      ,0.21238       ,2769          ,243.369         ,92.800        ,-0.324              ,1.039               ,24777.227       ,-0.37583          ,-0.34622              ,0.000         ,0.000         ,0.213         ,0.199         
08:38:04.958272     ,0.000       ,0.880       ,0.000       ,15.530      ,15.530      ,15.327      ,0.203       ,0.038       ,0.068       ,0.204       ,-0.000      ,0.223       ,880.000     ,0.000       ,0.203       ,15.530      ,0.21629       ,2820          ,247.852         ,93.800        ,-0.327              ,1.050               ,24777.244       ,-0.39097          ,-0.34985              ,0.000         ,0.000         ,0.223         ,0.211         
08:38:04.968296     ,0.000       ,0.880       ,0.000       ,15.440      ,15.440      ,15.327      ,0.113       ,0.038       ,0.038       ,0.206       ,-0.000      ,0.233       ,880.000     ,0.000       ,0.113       ,15.440      ,0.22013       ,2870          ,252.246         ,94.600        ,-0.330              ,1.060               ,24777.262       ,-0.38339          ,-0.35341              ,0.000         ,0.000         ,0.233         ,0.222         
08:38:04.999616     ,0.000       ,0.880       ,0.000       ,15.440      ,15.440      ,15.327      ,0.073       ,0.034       ,0.024       ,0.208       ,0.000       ,0.241       ,880.000     ,0.000       ,0.073       ,15.400      ,0.23194       ,3024          ,265.781         ,96.600        ,-0.337              ,1.071               ,24777.314       ,-0.39129          ,-0.35700              ,0.000         ,0.000         ,0.241         ,0.250         
08:38:05.027723     ,0.000       ,0.880       ,0.000       ,15.720      ,15.720      ,15.327      ,0.113       ,0.035       ,0.038       ,0.209       ,0.000       ,0.244       ,880.000     ,0.000       ,0.113       ,15.440      ,0.23999       ,3129          ,275.010         ,99.200        ,-0.346              ,1.081               ,24777.367       ,-0.39121          ,-0.36040              ,0.000         ,0.000         ,0.254         ,0.240         
08:38:05.028178     ,0.000       ,0.880       ,0.000       ,15.830      ,15.830      ,15.327      ,0.393       ,0.103       ,0.262       ,0.216       ,0.000       ,0.254       ,880.000     ,0.000       ,0.393       ,15.720      ,0.23999       ,3129          ,275.010         ,100.400       ,-0.350              ,1.092               ,24777.367       ,-0.40619          ,-0.36397              ,0.000         ,0.000         ,0.254         ,0.240         
08:38:05.054668     ,0.000       ,0.880       ,0.000       ,15.830      ,15.830      ,15.327      ,0.583       ,0.189       ,0.388       ,0.226       ,-0.000      ,0.264       ,880.000     ,0.000       ,0.583       ,15.910      ,0.25203       ,3286          ,288.809         ,101.600       ,-0.355              ,1.103               ,24777.404       ,-0.40619          ,-0.36758              ,0.000         ,0.000         ,0.264         ,0.263         
08:38:05.068270     ,0.000       ,0.880       ,0.000       ,15.280      ,15.280      ,15.327      ,0.503       ,0.182       ,0.168       ,0.234       ,-0.000      ,0.274       ,880.000     ,0.000       ,0.503       ,15.830      ,0.25203       ,3286          ,288.809         ,103.000       ,-0.360              ,1.113               ,24777.441       ,-0.40156          ,-0.37103              ,0.000         ,0.000         ,0.284         ,0.272         
08:38:05.091959     ,0.000       ,0.880       ,0.000       ,15.300      ,15.300      ,15.327      ,-0.047      ,0.123       ,-0.016      ,0.233       ,-0.000      ,0.284       ,880.000     ,0.000       ,-0.047      ,15.280      ,0.25203       ,3286          ,288.809         ,104.200       ,-0.364              ,1.123               ,24777.480       ,-0.40156          ,-0.37435              ,0.000         ,0.000         ,0.294         ,0.290         
08:38:05.100924     ,0.000       ,0.880       ,0.000       ,15.220      ,15.220      ,15.327      ,-0.027      ,0.083       ,-0.009      ,0.233       ,0.000       ,0.294       ,880.000     ,0.000       ,-0.027      ,15.300      ,0.25203       ,3286          ,288.809         ,105.000       ,-0.367              ,1.132               ,24777.500       ,-0.40156          ,-0.37744              ,0.000         ,0.000         ,0.294         ,0.281         
08:38:05.120148     ,0.000       ,0.880       ,0.000       ,15.150      ,15.150      ,15.327      ,-0.107      ,0.048       ,-0.036      ,0.231       ,-0.000      ,0.284       ,880.000     ,0.000       ,-0.107      ,15.220      ,0.28110       ,3665          ,322.119         ,106.400       ,-0.371              ,1.141               ,24777.537       ,-0.40156          ,-0.38046              ,0.000         ,0.000         ,0.284         ,0.292         
08:38:05.132581     ,0.000       ,0.880       ,0.000       ,15.200      ,15.200      ,15.327      ,-0.177      ,0.016       ,-0.059      ,0.228       ,0.000       ,0.274       ,880.000     ,0.000       ,-0.177      ,15.150      ,0.28547       ,3722          ,327.129         ,107.600       ,-0.376              ,1.150               ,24777.557       ,-0.42164          ,-0.38348              ,0.000         ,0.000         ,0.274         ,0.283         
08:38:05.149938     ,0.000       ,0.880       ,0.000       ,15.280      ,15.280      ,15.327      ,-0.177      ,-0.007      ,-0.059      ,0.225       ,0.000       ,0.264       ,880.000     ,0.000       ,-0.177      ,15.150      ,0.29422       ,3836          ,337.148         ,109.200       ,-0.381              ,1.160               ,24777.598       ,-0.42164          ,-0.38663              ,0.000         ,0.000         ,0.264         ,0.274         
08:38:05.169821     ,0.000       ,0.880       ,0.000       ,15.300      ,15.300      ,15.327      ,-0.027      ,-0.009      ,-0.009      ,0.224       ,-0.000      ,0.244       ,880.000     ,0.000       ,-0.027      ,15.300      ,0.30311       ,3952          ,347.344         ,110.600       ,-0.386              ,1.170               ,24777.639       ,-0.44477          ,-0.39010              ,0.000         ,0.000         ,0.254         ,0.255         
08:38:05.179157     ,0.000       ,0.880       ,0.000       ,15.300      ,15.300      ,15.327      ,-0.027      ,-0.009      ,-0.009      ,0.224       ,-0.000      ,0.244       ,880.000     ,0.000       ,-0.027      ,15.300      ,0.30311       ,3952          ,347.344         ,111.600       ,-0.390              ,1.182               ,24777.658       ,-0.44477          ,-0.39386              ,0.000         ,0.000         ,0.234         ,0.257         
08:38:05.189042     ,0.000       ,0.880       ,0.000       ,15.400      ,15.400      ,15.327      ,0.073       ,0.001       ,0.024       ,0.225       ,0.000       ,0.234       ,880.000     ,0.000       ,0.073       ,15.400      ,0.30764       ,4011          ,352.529         ,112.800       ,-0.394              ,1.193               ,24777.678       ,-0.45253          ,-0.39774              ,0.000         ,0.000         ,0.234         ,0.234         
08:38:05.210939     ,0.000       ,0.880       ,0.000       ,15.570      ,15.570      ,15.327      ,0.243       ,0.030       ,0.081       ,0.230       ,0.000       ,0.244       ,880.000     ,0.000       ,0.243       ,15.570      ,0.31677       ,4130          ,2.988           ,114.600       ,-0.400              ,1.205               ,24777.709       ,-0.45248          ,-0.40174              ,0.000         ,0.000         ,0.244         ,0.245         
08:38:05.227350     ,0.000       ,0.880       ,0.000       ,15.320      ,15.320      ,15.327      ,0.243       ,0.030       ,0.081       ,0.230       ,0.000       ,0.244       ,880.000     ,0.000       ,0.243       ,15.570      ,0.32597       ,4250          ,13.535          ,115.600       ,-0.404              ,1.218               ,24777.764       ,-0.46002          ,-0.40602              ,0.000         ,0.000         ,0.250         ,0.243         
08:38:05.239297     ,0.000       ,0.880       ,0.000       ,15.150      ,15.150      ,15.327      ,-0.007      ,0.020       ,-0.002      ,0.230       ,-0.000      ,0.250       ,880.000     ,0.000       ,-0.007      ,15.320      ,0.33073       ,4312          ,18.984          ,116.800       ,-0.408              ,1.232               ,24777.785       ,-0.46002          ,-0.41053              ,0.000         ,0.000         ,0.240         ,0.250         
08:38:05.247230     ,0.000       ,0.880       ,0.000       ,15.200      ,15.200      ,15.327      ,-0.127      ,0.001       ,-0.042      ,0.228       ,0.000       ,0.240       ,880.000     ,0.000       ,-0.127      ,15.200      ,0.33540       ,4373          ,24.346          ,118.200       ,-0.413              ,1.246               ,24777.807       ,-0.46820          ,-0.41537              ,0.000         ,0.000         ,0.240         ,0.250         
08:38:05.267430     ,0.000       ,0.880       ,0.000       ,15.370      ,15.370      ,15.327      ,0.013       ,0.002       ,0.004       ,0.228       ,0.000       ,0.230       ,880.000     ,0.000       ,0.013       ,15.340      ,0.34499       ,4498          ,35.332          ,119.800       ,-0.418              ,1.262               ,24777.850       ,-0.48311          ,-0.42070              ,0.000         ,0.000         ,0.235         ,0.245         
08:38:05.276937     ,0.000       ,0.880       ,0.000       ,15.370      ,15.370      ,15.327      ,0.043       ,0.006       ,0.014       ,0.229       ,-0.000      ,0.235       ,880.000     ,0.000       ,0.043       ,15.370      ,0.34982       ,4561          ,40.869          ,120.800       ,-0.422              ,1.278               ,24777.871       ,-0.47568          ,-0.42604              ,0.000         ,0.000         ,0.235         ,0.229         
08:38:05.296768     ,0.000       ,0.880       ,0.000       ,15.400      ,15.400      ,15.327      ,0.063       ,0.010       ,0.021       ,0.230       ,-0.000      ,0.240       ,880.000     ,0.000       ,0.063       ,15.390      ,0.35964       ,4689          ,52.119          ,122.400       ,-0.427              ,1.295               ,24777.916       ,-0.49039          ,-0.43162              ,0.000         ,0.000         ,0.246         ,0.236         
08:38:05.298187     ,0.000       ,0.880       ,0.000       ,15.390      ,15.390      ,15.327      ,0.073       ,0.014       ,0.024       ,0.231       ,-0.000      ,0.246       ,880.000     ,0.000       ,0.073       ,15.400      ,0.36455       ,4753          ,57.744          ,123.400       ,-0.431              ,1.311               ,24777.916       ,-0.49117          ,-0.43705              ,0.000         ,0.000         ,0.246         ,0.236         
08:38:05.315755     ,0.000       ,0.880       ,0.000       ,15.550      ,15.550      ,15.327      ,0.223       ,0.034       ,0.074       ,0.236       ,0.000       ,0.259       ,880.000     ,0.000       ,0.223       ,15.550      ,0.36954       ,4818          ,63.457          ,124.600       ,-0.435              ,1.343               ,24777.949       ,-0.49760          ,-0.44756              ,0.000         ,0.000         ,0.259         ,0.244         
08:38:05.318119     ,0.000       ,0.880       ,0.000       ,15.720      ,15.720      ,15.327      ,0.223       ,0.034       ,0.074       ,0.236       ,0.000       ,0.259       ,880.000     ,0.000       ,0.223       ,15.550      ,0.37444       ,4882          ,69.082          ,125.400       ,-0.438              ,1.343               ,24777.963       ,-0.49760          ,-0.44756              ,0.000         ,0.000         ,0.259         ,0.244         
08:38:05.340372     ,0.000       ,0.880       ,0.000       ,15.900      ,15.900      ,15.327      ,0.573       ,0.186       ,0.382       ,0.252       ,0.000       ,0.279       ,880.000     ,0.000       ,0.573       ,15.900      ,0.37943       ,4947          ,74.795          ,127.000       ,-0.443              ,1.358               ,24777.996       ,-0.49211          ,-0.45257              ,0.000         ,0.000         ,0.279         ,0.278         
08:38:05.357839     ,0.000       ,0.880       ,0.000       ,15.920      ,15.920      ,15.327      ,0.593       ,0.249       ,0.395       ,0.262       ,-0.000      ,0.289       ,880.000     ,0.000       ,0.593       ,15.920      ,0.38948       ,5078          ,86.309          ,128.400       ,-0.448              ,1.372               ,24778.057       ,-0.49795          ,-0.45739              ,0.000         ,0.000         ,0.289         ,0.276         
08:38:05.358208     ,0.000       ,0.880       ,0.000       ,15.840      ,15.840      ,15.327      ,0.593       ,0.249       ,0.395       ,0.262       ,-0.000      ,0.289       ,880.000     ,0.000       ,0.593       ,15.920      ,0.39454       ,5144          ,92.109          ,129.400       ,-0.452              ,1.387               ,24778.057       ,-0.50663          ,-0.46220              ,0.000         ,0.000         ,0.289         ,0.276         
08:38:05.358247     ,0.000       ,0.880       ,0.000       ,15.840      ,15.840      ,15.327      ,0.513       ,0.225       ,0.171       ,0.271       ,-0.000      ,0.299       ,880.000     ,0.000       ,0.513       ,15.840      ,0.39454       ,5144          ,92.109          ,129.800       ,-0.453              ,1.401               ,24778.057       ,-0.50551          ,-0.46684              ,0.000         ,0.000         ,0.299         ,0.276         
08:38:05.378143     ,0.000       ,0.880       ,0.000       ,15.060      ,15.060      ,15.327      ,-0.267      ,0.131       ,-0.089      ,0.266       ,-0.000      ,0.309       ,880.000     ,0.000       ,-0.267      ,15.060      ,0.40474       ,5277          ,103.799         ,131.000       ,-0.457              ,1.414               ,24778.102       ,-0.51302          ,-0.47123              ,0.000         ,0.000         ,0.309         ,0.297         
08:38:05.398209     ,0.000       ,0.880       ,0.000       ,15.310      ,15.310      ,15.327      ,0.013       ,0.093       ,0.004       ,0.266       ,0.000       ,0.319       ,880.000     ,0.000       ,0.013       ,15.340      ,0.41510       ,5412          ,115.664         ,132.600       ,-0.463              ,1.427               ,24778.150       ,-0.51374          ,-0.47554              ,0.000         ,0.000         ,0.329         ,0.309         
08:38:05.398283     ,0.000       ,0.880       ,0.000       ,15.310      ,15.310      ,15.327      ,-0.017      ,0.063       ,-0.006      ,0.266       ,-0.000      ,0.329       ,880.000     ,0.000       ,-0.017      ,15.310      ,0.41510       ,5412          ,115.664         ,132.800       ,-0.464              ,1.439               ,24778.150       ,-0.52213          ,-0.47967              ,0.000         ,0.000         ,0.329         ,0.319         
08:38:05.418101     ,0.000       ,0.880       ,0.000       ,15.210      ,15.210      ,15.327      ,-0.167      ,0.028       ,-0.056      ,0.263       ,-0.000      ,0.319       ,880.000     ,0.000       ,-0.167      ,15.160      ,0.42560       ,5549          ,127.705         ,134.000       ,-0.468              ,1.451               ,24778.197       ,-0.52104          ,-0.48364              ,0.000         ,0.000         ,0.309         ,0.329         
08:38:05.418231     ,0.000       ,0.880       ,0.000       ,15.210      ,15.210      ,15.327      ,-0.117      ,0.008       ,-0.039      ,0.261       ,0.000       ,0.309       ,880.000     ,0.000       ,-0.117      ,15.210      ,0.42560       ,5549          ,127.705         ,134.400       ,-0.469              ,1.463               ,24778.197       ,-0.52934          ,-0.48758              ,0.000         ,0.000         ,0.309         ,0.329         
08:38:05.438059     ,0.000       ,0.880       ,0.000       ,15.390      ,15.390      ,15.327      ,0.103       ,0.016       ,0.034       ,0.263       ,0.000       ,0.299       ,880.000     ,0.000       ,0.103       ,15.430      ,0.43634       ,5689          ,140.010         ,135.600       ,-0.473              ,1.475               ,24778.244       ,-0.53647          ,-0.49151              ,0.000         ,0.000         ,0.289         ,0.309         
08:38:05.443784     ,0.000       ,0.880       ,0.000       ,15.390      ,15.390      ,15.327      ,0.063       ,0.017       ,0.021       ,0.264       ,-0.000      ,0.289       ,880.000     ,0.000       ,0.063       ,15.390      ,0.43634       ,5689          ,140.010         ,135.800       ,-0.474              ,1.487               ,24778.244       ,-0.53749          ,-0.49553              ,0.000         ,0.000         ,0.289         ,0.297         
08:38:05.465763     ,0.000       ,0.880       ,0.000       ,15.270      ,15.270      ,15.327      ,-0.057      ,0.006       ,-0.019      ,0.263       ,-0.000      ,0.279       ,880.000     ,0.000       ,-0.057      ,15.270      ,0.44716       ,5830          ,152.402         ,137.000       ,-0.478              ,1.499               ,24778.303       ,-0.53685          ,-0.49954              ,0.000         ,0.000         ,0.269         ,0.278         
08:38:05.474780     ,0.000       ,0.880       ,0.000       ,15.270      ,15.270      ,15.327      ,-0.057      ,-0.001      ,-0.019      ,0.262       ,0.000       ,0.269       ,880.000     ,0.000       ,-0.057      ,15.270      ,0.45268       ,5902          ,158.730         ,138.000       ,-0.482              ,1.511               ,24778.326       ,-0.54441          ,-0.50351              ,0.000         ,0.000         ,0.269         ,0.267         
08:38:05.478161     ,0.000       ,0.880       ,0.000       ,15.430      ,15.430      ,15.327      ,-0.057      ,-0.007      ,-0.019      ,0.261       ,0.000       ,0.259       ,880.000     ,0.000       ,-0.057      ,15.270      ,0.45820       ,5974          ,165.059         ,138.600       ,-0.484              ,1.523               ,24778.342       ,-0.55279          ,-0.50759              ,0.000         ,0.000         ,0.259         ,0.267         
08:38:05.478200     ,0.000       ,0.880       ,0.000       ,15.430      ,15.430      ,15.327      ,0.103       ,0.006       ,0.034       ,0.263       ,0.000       ,0.268       ,880.000     ,0.000       ,0.103       ,15.430      ,0.45820       ,5974          ,165.059         ,138.800       ,-0.485              ,1.535               ,24778.342       ,-0.55207          ,-0.51165              ,0.000         ,0.000         ,0.268         ,0.267         
08:38:05.498185     ,0.000       ,0.880       ,0.000       ,15.610      ,15.610      ,15.327      ,0.223       ,0.026       ,0.074       ,0.267       ,-0.000      ,0.278       ,880.000     ,0.000       ,0.223       ,15.550      ,0.46932       ,6119          ,177.803         ,139.600       ,-0.487              ,1.547               ,24778.393       ,-0.55191          ,-0.51567              ,0.000         ,0.000         ,0.288         ,0.267         
08:38:05.498278     ,0.000       ,0.880       ,0.000       ,15.610      ,15.610      ,15.327      ,0.283       ,0.047       ,0.094       ,0.271       ,-0.000      ,0.288       ,880.000     ,0.000       ,0.283       ,15.610      ,0.46932       ,6119          ,177.803         ,139.800       ,-0.488              ,1.559               ,24778.393       ,-0.56069          ,-0.51966              ,0.000         ,0.000         ,0.288         ,0.279         
08:38:05.518116     ,0.000       ,0.880       ,0.000       ,15.220      ,15.220      ,15.327      ,0.043       ,0.037       ,0.014       ,0.272       ,-0.000      ,0.298       ,880.000     ,0.000       ,0.043       ,15.370      ,0.48060       ,6266          ,190.723         ,141.000       ,-0.492              ,1.571               ,24778.443       ,-0.55935          ,-0.52363              ,0.000         ,0.000         ,0.288         ,0.288         
08:38:05.518239     ,0.000       ,0.880       ,0.000       ,15.220      ,15.220      ,15.327      ,-0.107      ,0.015       ,-0.036      ,0.270       ,0.000       ,0.288       ,880.000     ,0.000       ,-0.107      ,15.220      ,0.48060       ,6266          ,190.723         ,141.400       ,-0.494              ,1.583               ,24778.443       ,-0.56781          ,-0.52759              ,0.000         ,0.000         ,0.288         ,0.288         
08:38:05.545858     ,0.000       ,0.880       ,0.000       ,15.610      ,15.610      ,15.327      ,0.103       ,0.021       ,0.034       ,0.272       ,0.000       ,0.293       ,880.000     ,0.000       ,0.103       ,15.430      ,0.49202       ,6415          ,203.818         ,143.200       ,-0.500              ,1.595               ,24778.504       ,-0.57491          ,-0.53152              ,0.000         ,0.000         ,0.303         ,0.293         
08:38:05.562552     ,0.000       ,0.880       ,0.000       ,15.610      ,15.610      ,15.327      ,0.283       ,0.058       ,0.094       ,0.281       ,-0.000      ,0.313       ,880.000     ,0.000       ,0.283       ,15.610      ,0.49778       ,6490          ,210.410         ,145.200       ,-0.507              ,1.606               ,24778.545       ,-0.56713          ,-0.53531              ,0.000         ,0.000         ,0.313         ,0.311         
08:38:05.575829     ,0.000       ,0.880       ,0.000       ,15.920      ,15.920      ,15.327      ,0.283       ,0.058       ,0.094       ,0.281       ,-0.000      ,0.313       ,880.000     ,0.000       ,0.283       ,15.610      ,0.50936       ,6641          ,223.682         ,146.400       ,-0.511              ,1.617               ,24778.582       ,-0.57635          ,-0.53913              ,0.000         ,0.000         ,0.323         ,0.314         
08:38:05.578195     ,0.000       ,0.880       ,0.000       ,16.040      ,16.040      ,15.327      ,0.593       ,0.159       ,0.395       ,0.291       ,0.000       ,0.323       ,880.000     ,0.000       ,0.593       ,15.920      ,0.51519       ,6717          ,230.361         ,147.400       ,-0.515              ,1.629               ,24778.598       ,-0.57611          ,-0.54284              ,0.000         ,0.000         ,0.333         ,0.314         
08:38:05.578245     ,0.000       ,0.880       ,0.000       ,16.040      ,16.040      ,15.327      ,0.713       ,0.254       ,0.475       ,0.303       ,-0.000      ,0.333       ,880.000     ,0.000       ,0.713       ,16.040      ,0.51519       ,6717          ,230.361         ,147.800       ,-0.516              ,1.639               ,24778.598       ,-0.58245          ,-0.54645              ,0.000         ,0.000         ,0.333         ,0.314         
08:38:05.598200     ,0.000       ,0.880       ,0.000       ,15.800      ,15.800      ,15.327      ,0.473       ,0.225       ,0.158       ,0.311       ,-0.000      ,0.343       ,880.000     ,0.000       ,0.473       ,15.800      ,0.52669       ,6867          ,243.545         ,149.000       ,-0.520              ,1.650               ,24778.650       ,-0.57525          ,-0.54986              ,0.000         ,0.000         ,0.343         ,0.330         
08:38:05.618105     ,0.000       ,0.880       ,0.000       ,15.430      ,15.430      ,15.327      ,-0.127      ,0.145       ,-0.042      ,0.309       ,-0.000      ,0.353       ,880.000     ,0.000       ,-0.127      ,15.200      ,0.53835       ,7019          ,256.904         ,150.600       ,-0.526              ,1.660               ,24778.703       ,-0.58292          ,-0.55323              ,0.000         ,0.000         ,0.363         ,0.340         
08:38:05.618155     ,0.000       ,0.880       ,0.000       ,15.430      ,15.430      ,15.327      ,0.103       ,0.112       ,0.034       ,0.311       ,0.000       ,0.363       ,880.000     ,0.000       ,0.103       ,15.430      ,0.53835       ,7019          ,256.904         ,150.800       ,-0.526              ,1.669               ,24778.703       ,-0.58345          ,-0.55643              ,0.000         ,0.000         ,0.363         ,0.340         
08:38:05.638108     ,0.000       ,0.880       ,0.000       ,15.590      ,15.590      ,15.327      ,0.543       ,0.187       ,0.362       ,0.320       ,0.000       ,0.373       ,880.000     ,0.000       ,0.543       ,15.870      ,0.55009       ,7172          ,270.352         ,152.000       ,-0.531              ,1.678               ,24778.758       ,-0.58228          ,-0.55949              ,0.000         ,0.000         ,0.383         ,0.361         
08:38:05.638156     ,0.000       ,0.880       ,0.000       ,15.590      ,15.590      ,15.327      ,0.263       ,0.157       ,0.088       ,0.324       ,-0.000      ,0.383       ,880.000     ,0.000       ,0.263       ,15.590      ,0.55009       ,7172          ,270.352         ,152.400       ,-0.532              ,1.687               ,24778.758       ,-0.59053          ,-0.56244              ,0.000         ,0.000         ,0.383         ,0.361         
08:38:05.658221     ,0.000       ,0.880       ,0.000       ,15.550      ,15.550      ,15.327      ,-0.107      ,0.099       ,-0.036      ,0.322       ,-0.000      ,0.393       ,880.000     ,0.000       ,-0.107      ,15.220      ,0.56190       ,7326          ,283.887         ,153.600       ,-0.536              ,1.696               ,24778.811       ,-0.59041          ,-0.56518              ,0.000         ,0.000         ,0.393         ,0.385         
08:38:05.663868     ,0.000       ,0.880       ,0.000       ,15.550      ,15.550      ,15.327      ,0.223       ,0.092       ,0.074       ,0.326       ,0.000       ,0.403       ,880.000     ,0.000       ,0.223       ,15.550      ,0.56190       ,7326          ,283.887         ,153.800       ,-0.537              ,1.704               ,24778.811       ,-0.59029          ,-0.56785              ,0.000         ,0.000         ,0.403         ,0.390         
08:38:05.668195     ,0.000       ,0.880       ,0.000       ,15.900      ,15.900      ,15.327      ,0.573       ,0.179       ,0.382       ,0.335       ,0.000       ,0.413       ,880.000     ,0.000       ,0.573       ,15.900      ,0.56780       ,7403          ,290.654         ,154.400       ,-0.539              ,1.711               ,24778.838       ,-0.59136          ,-0.57035              ,0.000         ,0.000         ,0.413         ,0.390         
08:38:05.678201     ,0.000       ,0.880       ,0.000       ,15.590      ,15.590      ,15.327      ,0.263       ,0.151       ,0.088       ,0.340       ,-0.000      ,0.423       ,880.000     ,0.000       ,0.263       ,15.590      ,0.57386       ,7482          ,297.598         ,155.200       ,-0.542              ,1.719               ,24778.867       ,-0.60532          ,-0.57291              ,0.000         ,0.000         ,0.423         ,0.410         
08:38:05.688133     ,0.000       ,0.880       ,0.000       ,15.220      ,15.220      ,15.327      ,-0.107      ,0.095       ,-0.036      ,0.338       ,-0.000      ,0.433       ,880.000     ,0.000       ,-0.107      ,15.220      ,0.57984       ,7560          ,304.453         ,156.200       ,-0.545              ,1.726               ,24778.895       ,-0.59802          ,-0.57532              ,0.000         ,0.000         ,0.433         ,0.411         
08:38:05.708081     ,0.000       ,0.880       ,0.000       ,15.530      ,15.530      ,15.327      ,0.033       ,0.070       ,0.011       ,0.339       ,0.000       ,0.423       ,880.000     ,0.000       ,0.033       ,15.360      ,0.59189       ,7717          ,318.252         ,157.600       ,-0.550              ,1.734               ,24778.949       ,-0.60708          ,-0.57785              ,0.000         ,0.000         ,0.423         ,0.432         
08:38:05.708128     ,0.000       ,0.880       ,0.000       ,15.530      ,15.530      ,15.327      ,0.203       ,0.069       ,0.068       ,0.342       ,0.000       ,0.413       ,880.000     ,0.000       ,0.203       ,15.530      ,0.59189       ,7717          ,318.252         ,157.800       ,-0.551              ,1.741               ,24778.949       ,-0.59748          ,-0.58022              ,0.000         ,0.000         ,0.413         ,0.432         
08:38:05.718154     ,0.000       ,0.880       ,0.000       ,15.130      ,15.130      ,15.327      ,-0.197      ,0.029       ,-0.066      ,0.339       ,-0.000      ,0.403       ,880.000     ,0.000       ,-0.197      ,15.130      ,0.59802       ,7797          ,325.283         ,158.400       ,-0.553              ,1.748               ,24778.979       ,-0.61415          ,-0.58269              ,0.000         ,0.000         ,0.403         ,0.423         
08:38:05.738118     ,0.000       ,0.880       ,0.000       ,15.200      ,15.200      ,15.327      ,-0.487      ,-0.077      ,-0.325      ,0.331       ,0.000       ,0.393       ,880.000     ,0.000       ,-0.487      ,14.840      ,0.61029       ,7957          ,339.346         ,159.600       ,-0.557              ,1.756               ,24779.033       ,-0.61348          ,-0.58526              ,0.000         ,0.000         ,0.383         ,0.404         
08:38:05.738177     ,0.000       ,0.880       ,0.000       ,15.200      ,15.200      ,15.327      ,-0.127      ,-0.067      ,-0.042      ,0.328       ,0.000       ,0.383       ,880.000     ,0.000       ,-0.127      ,15.200      ,0.61029       ,7957          ,339.346         ,159.800       ,-0.558              ,1.763               ,24779.033       ,-0.61329          ,-0.58778              ,0.000         ,0.000         ,0.383         ,0.404         
08:38:05.748216     ,0.000       ,0.880       ,0.000       ,15.650      ,15.650      ,15.327      ,0.323       ,0.018       ,0.215       ,0.334       ,0.000       ,0.373       ,880.000     ,0.000       ,0.323       ,15.650      ,0.61658       ,8039          ,346.553         ,160.400       ,-0.560              ,1.771               ,24779.062       ,-0.62825          ,-0.59050              ,0.000         ,0.000         ,0.373         ,0.391         
08:38:05.763632     ,0.000       ,0.880       ,0.000       ,15.600      ,15.600      ,15.327      ,0.273       ,0.040       ,0.091       ,0.338       ,-0.000      ,0.378       ,880.000     ,0.000       ,0.273       ,15.600      ,0.62280       ,8120          ,353.672         ,161.200       ,-0.563              ,1.780               ,24779.092       ,-0.62171          ,-0.59327              ,0.000         ,0.000         ,0.378         ,0.371         
08:38:05.768168     ,0.000       ,0.880       ,0.000       ,15.210      ,15.210      ,15.327      ,-0.117      ,0.016       ,-0.039      ,0.336       ,-0.000      ,0.368       ,880.000     ,0.000       ,-0.117      ,15.210      ,0.62916       ,8203          ,0.967           ,162.200       ,-0.566              ,1.789               ,24779.119       ,-0.63776          ,-0.59633              ,0.000         ,0.000         ,0.368         ,0.371         
08:38:05.778203     ,0.000       ,0.880       ,0.000       ,15.210      ,15.210      ,15.327      ,-0.117      ,-0.001      ,-0.039      ,0.334       ,0.000       ,0.358       ,880.000     ,0.000       ,-0.117      ,15.210      ,0.63545       ,8285          ,8.174           ,162.800       ,-0.568              ,1.798               ,24779.146       ,-0.62382          ,-0.59921              ,0.000         ,0.000         ,0.358         ,0.377         
08:38:05.788147     ,0.000       ,0.880       ,0.000       ,15.850      ,15.850      ,15.327      ,0.523       ,0.104       ,0.348       ,0.343       ,0.000       ,0.368       ,880.000     ,0.000       ,0.523       ,15.850      ,0.64174       ,8367          ,15.381          ,163.400       ,-0.570              ,1.807               ,24779.176       ,-0.63357          ,-0.60218              ,0.000         ,0.000         ,0.368         ,0.366         
08:38:05.798236     ,0.000       ,0.880       ,0.000       ,15.970      ,15.970      ,15.327      ,0.643       ,0.201       ,0.428       ,0.354       ,-0.000      ,0.378       ,880.000     ,0.000       ,0.643       ,15.970      ,0.64811       ,8450          ,22.676          ,164.200       ,-0.573              ,1.815               ,24779.203       ,-0.63686          ,-0.60516              ,0.000         ,0.000         ,0.378         ,0.357         
08:38:05.808095     ,0.000       ,0.880       ,0.000       ,15.890      ,15.890      ,15.327      ,0.563       ,0.197       ,0.188       ,0.363       ,-0.000      ,0.388       ,880.000     ,0.000       ,0.563       ,15.890      ,0.65447       ,8533          ,29.971          ,164.800       ,-0.575              ,1.825               ,24779.232       ,-0.63591          ,-0.60827              ,0.000         ,0.000         ,0.388         ,0.367         
08:38:05.818180     ,0.000       ,0.880       ,0.000       ,15.660      ,15.660      ,15.327      ,0.333       ,0.171       ,0.111       ,0.369       ,-0.000      ,0.398       ,880.000     ,0.000       ,0.333       ,15.660      ,0.66084       ,8616          ,37.266          ,165.400       ,-0.577              ,1.834               ,24779.262       ,-0.63769          ,-0.61126              ,0.000         ,0.000         ,0.398         ,0.386         
08:38:05.828218     ,0.000       ,0.880       ,0.000       ,15.500      ,15.500      ,15.327      ,0.173       ,0.137       ,0.058       ,0.372       ,0.000       ,0.408       ,880.000     ,0.000       ,0.173       ,15.500      ,0.66720       ,8699          ,44.561          ,165.800       ,-0.579              ,1.842               ,24779.289       ,-0.63225          ,-0.61409              ,0.000         ,0.000         ,0.408         ,0.386         
