Time                ,Current(A)  ,TargetCurrent(A),Voltage(V)  ,PressureRaw(kg),PressureFiltered(kg),F0(kg)      ,DeltaF      ,PI_P(Nm)    ,PI_P_Filtered(Nm),PI_P_Raw(Nm),PI_I(Nm)    ,PI_D(Nm)    ,PI_LastTorque(Nm),Feedforward(mA),FeedforwardTorque(Nm),AlgoDeltaF(kg),AlgoPressure(kg),RopeLength(m)   ,EncoderValue  ,EncoderAngle(deg)   ,MotorSpeed(rpm)     ,MotorLinearVel(m/s),MotorTheoryVel(m/s),MotorPosition(m)      ,RopeVelocityRaw(m/s),RopeVelocityFiltered(m/s),WeightRaw(kg) ,WeightFiltered(kg),TargetTorque(Nm),ActualTorque(Nm)
18:18:04.695663     ,0.000       ,0.880       ,0.000       ,14.250      ,14.250      ,14.319      ,-0.069      ,-0.071      ,0.000          ,0.000       ,-2.115      ,0.000       ,0.000       ,880.000     ,0.000       ,-0.069      ,14.25000      ,0             ,0.000           ,0.000         ,0.000               ,-0.000              ,-0.000          ,25745.05664       ,0.00000               ,0.000         ,5.230         ,5.230         ,0.000         ,0.020         
18:18:04.705666     ,0.000       ,0.880       ,0.000       ,14.280      ,14.280      ,14.319      ,-0.039      ,-0.044      ,0.000          ,0.000       ,-1.186      ,0.000       ,-0.010      ,880.000     ,0.000       ,-0.039      ,14.28000      ,0             ,0.000           ,0.000         ,0.000               ,-0.000              ,-0.000          ,25745.05664       ,0.00000               ,0.000         ,5.230         ,5.230         ,-0.010        ,-0.001        
18:18:04.715654     ,0.000       ,0.880       ,0.000       ,14.370      ,14.370      ,14.319      ,0.051       ,0.046       ,0.000          ,0.000       ,0.792       ,0.000       ,0.000       ,880.000     ,0.000       ,0.051       ,14.37000      ,0             ,0.000           ,0.000         ,0.000               ,-0.000              ,-0.000          ,25745.05664       ,0.00000               ,0.000         ,5.230         ,5.230         ,0.000         ,-0.004        
18:18:04.725668     ,0.000       ,0.880       ,0.000       ,14.440      ,14.440      ,14.319      ,0.121       ,0.119       ,0.000          ,0.000       ,2.156       ,0.000       ,0.010       ,880.000     ,0.000       ,0.121       ,14.44000      ,0             ,0.000           ,0.000         ,0.000               ,-0.000              ,-0.000          ,25745.05664       ,0.00000               ,0.000         ,5.230         ,5.230         ,0.010         ,-0.003        
18:18:04.735672     ,0.000       ,0.880       ,0.000       ,14.450      ,14.450      ,14.319      ,0.131       ,0.135       ,0.000          ,0.000       ,2.078       ,0.000       ,0.020       ,880.000     ,0.000       ,0.131       ,14.45000      ,0             ,0.000           ,0.000         ,0.000               ,-0.000              ,-0.000          ,25745.05664       ,0.00000               ,0.000         ,5.230         ,5.230         ,0.020         ,0.000         
18:18:04.745662     ,0.000       ,0.880       ,0.000       ,14.430      ,14.430      ,14.319      ,0.111       ,0.116       ,0.000          ,0.000       ,1.335       ,0.000       ,0.030       ,880.000     ,0.000       ,0.111       ,14.43000      ,0             ,0.000           ,0.000         ,0.000               ,-0.000              ,-0.000          ,25745.05664       ,0.00000               ,0.000         ,5.230         ,5.230         ,0.030         ,0.005         
18:18:04.755673     ,0.000       ,0.880       ,0.000       ,14.330      ,14.330      ,14.319      ,0.011       ,0.018       ,0.000          ,0.000       ,-0.850      ,0.000       ,0.020       ,880.000     ,0.000       ,0.011       ,14.33000      ,0             ,0.000           ,0.000         ,0.000               ,-0.000              ,-0.000          ,25745.05664       ,0.00000               ,0.000         ,5.240         ,5.240         ,0.020         ,0.017         
18:18:04.765656     ,0.000       ,0.880       ,0.000       ,14.300      ,14.300      ,14.319      ,-0.019      ,-0.018      ,0.000          ,0.000       ,-1.450      ,0.000       ,0.010       ,880.000     ,0.000       ,-0.019      ,14.30000      ,0             ,0.000           ,0.000         ,0.000               ,-0.000              ,-0.000          ,25745.05664       ,0.00000               ,0.000         ,5.240         ,5.240         ,0.010         ,0.027         
18:18:04.793457     ,0.000       ,0.880       ,0.000       ,14.280      ,14.280      ,14.319      ,-0.039      ,-0.042      ,0.000          ,0.000       ,-1.365      ,0.000       ,-0.010      ,880.000     ,0.000       ,-0.039      ,14.28000      ,0             ,0.000           ,0.000         ,0.000               ,-0.000              ,-0.000          ,25745.05664       ,0.00000               ,0.000         ,5.240         ,5.240         ,-0.010        ,-0.004        
18:18:04.795485     ,0.000       ,0.880       ,0.000       ,14.330      ,14.330      ,14.319      ,-0.039      ,-0.042      ,0.000          ,0.000       ,-1.365      ,0.000       ,-0.010      ,880.000     ,0.000       ,-0.039      ,14.28000      ,0             ,0.000           ,0.000         ,0.000               ,-0.000              ,-0.000          ,25745.05664       ,0.00000               ,0.000         ,5.240         ,5.240         ,0.000         ,-0.004        
18:18:04.795662     ,0.000       ,0.880       ,0.000       ,14.330      ,14.330      ,14.319      ,0.011       ,0.007       ,0.000          ,0.000       ,-0.154      ,0.000       ,0.000       ,880.000     ,0.000       ,0.011       ,14.33000      ,0             ,0.000           ,0.000         ,0.000               ,-0.000              ,-0.000          ,25745.05664       ,0.00000               ,0.000         ,5.240         ,5.240         ,0.000         ,-0.004        
18:18:04.805668     ,0.000       ,0.880       ,0.000       ,14.380      ,14.380      ,14.319      ,0.061       ,0.059       ,0.000          ,0.000       ,0.924       ,0.000       ,0.010       ,880.000     ,0.000       ,0.061       ,14.38000      ,0             ,0.000           ,0.000         ,0.000               ,-0.000              ,-0.000          ,25745.05664       ,0.00000               ,0.000         ,5.240         ,5.240         ,0.010         ,0.001         
18:18:04.815660     ,0.000       ,0.880       ,0.000       ,14.450      ,14.450      ,14.319      ,0.131       ,0.130       ,0.000          ,0.000       ,2.207       ,0.000       ,0.020       ,880.000     ,0.000       ,0.131       ,14.45000      ,0             ,0.000           ,0.000         ,0.000               ,-0.000              ,-0.000          ,25745.05664       ,0.00000               ,0.000         ,5.240         ,5.240         ,0.020         ,0.008         
18:18:04.825675     ,0.000       ,0.880       ,0.000       ,14.440      ,14.440      ,14.319      ,0.121       ,0.126       ,0.000          ,0.000       ,1.729       ,0.000       ,0.030       ,880.000     ,0.000       ,0.121       ,14.44000      ,0             ,0.000           ,0.000         ,0.000               ,-0.000              ,-0.000          ,25745.05664       ,0.00000               ,0.000         ,5.240         ,5.240         ,0.030         ,0.008         
18:18:04.835673     ,0.000       ,0.880       ,0.000       ,14.400      ,14.400      ,14.319      ,0.081       ,0.086       ,0.000          ,0.000       ,0.640       ,0.000       ,0.040       ,880.000     ,0.000       ,0.081       ,14.40000      ,0             ,0.000           ,0.000         ,0.000               ,-0.000              ,-0.000          ,25745.05664       ,0.00000               ,0.000         ,5.240         ,5.240         ,0.040         ,0.019         
18:18:04.845665     ,0.000       ,0.880       ,0.000       ,14.340      ,14.340      ,14.319      ,0.021       ,0.025       ,0.000          ,0.000       ,-0.668      ,0.000       ,0.050       ,880.000     ,0.000       ,0.021       ,14.34000      ,0             ,0.000           ,0.000         ,0.000               ,-0.000              ,-0.000          ,25745.05664       ,0.00000               ,0.000         ,5.240         ,5.240         ,0.050         ,0.038         
18:18:04.865484     ,0.000       ,0.880       ,0.000       ,14.250      ,14.250      ,14.319      ,-0.069      ,-0.066      ,0.000          ,0.000       ,-2.342      ,0.000       ,0.040       ,880.000     ,0.000       ,-0.069      ,14.25000      ,0             ,0.000           ,0.000         ,0.000               ,-0.000              ,-0.000          ,25745.05664       ,0.00000               ,0.000         ,5.240         ,5.240         ,0.030         ,0.048         
18:18:04.865651     ,0.000       ,0.880       ,0.000       ,14.250      ,14.250      ,14.319      ,-0.069      ,-0.073      ,0.000          ,0.000       ,-2.048      ,0.000       ,0.030       ,880.000     ,0.000       ,-0.069      ,14.25000      ,0             ,0.000           ,0.000         ,0.000               ,-0.000              ,-0.000          ,25745.05664       ,0.00000               ,0.000         ,5.240         ,5.240         ,0.030         ,0.048         
18:18:04.881198     ,0.000       ,0.880       ,0.000       ,14.300      ,14.300      ,14.319      ,-0.019      ,-0.024      ,0.000          ,0.000       ,-0.719      ,0.000       ,0.020       ,880.000     ,0.000       ,-0.019      ,14.30000      ,0             ,0.000           ,0.000         ,0.000               ,-0.000              ,-0.000          ,25745.05664       ,0.00000               ,0.000         ,5.240         ,5.240         ,0.020         ,0.029         
18:18:04.885673     ,0.000       ,0.880       ,0.000       ,14.380      ,14.380      ,14.319      ,0.061       ,0.057       ,0.000          ,0.000       ,1.005       ,0.000       ,0.030       ,880.000     ,0.000       ,0.061       ,14.38000      ,0             ,0.000           ,0.000         ,0.000               ,-0.000              ,-0.000          ,25745.05664       ,0.00000               ,0.000         ,5.240         ,5.240         ,0.030         ,0.029         
18:18:04.895668     ,0.000       ,0.880       ,0.000       ,14.460      ,14.460      ,14.319      ,0.141       ,0.140       ,0.000          ,0.000       ,2.503       ,0.000       ,0.040       ,880.000     ,0.000       ,0.141       ,14.46000      ,0             ,0.000           ,0.000         ,0.000               ,-0.000              ,-0.000          ,25745.05664       ,0.00000               ,0.000         ,5.240         ,5.240         ,0.040         ,0.018         
18:18:04.905676     ,0.000       ,0.880       ,0.000       ,14.460      ,14.460      ,14.319      ,0.141       ,0.146       ,0.000          ,0.000       ,2.175       ,0.000       ,0.050       ,880.000     ,0.000       ,0.141       ,14.46000      ,0             ,0.000           ,0.000         ,0.000               ,-0.000              ,-0.000          ,25745.05664       ,0.00000               ,0.000         ,5.240         ,5.240         ,0.050         ,0.037         
18:18:04.915656     ,0.000       ,0.880       ,0.000       ,14.400      ,14.400      ,14.319      ,0.081       ,0.088       ,0.000          ,0.000       ,0.627       ,0.000       ,0.060       ,880.000     ,0.000       ,0.081       ,14.40000      ,0             ,0.000           ,0.000         ,0.000               ,-0.000              ,-0.000          ,25745.05664       ,0.00000               ,0.000         ,5.240         ,5.240         ,0.060         ,0.038         
18:18:04.925659     ,0.000       ,0.880       ,0.000       ,14.370      ,14.370      ,14.319      ,0.051       ,0.054       ,0.000          ,0.000       ,-0.135      ,0.000       ,0.070       ,880.000     ,0.000       ,0.051       ,14.37000      ,0             ,0.000           ,0.000         ,0.000               ,-0.000              ,-0.000          ,25745.05664       ,0.00000               ,0.000         ,5.240         ,5.240         ,0.070         ,0.050         
18:18:04.935664     ,0.000       ,0.880       ,0.000       ,14.280      ,14.280      ,14.319      ,-0.039      ,-0.036      ,0.000          ,0.000       ,-1.847      ,0.000       ,0.060       ,880.000     ,0.000       ,-0.039      ,14.28000      ,0             ,0.000           ,0.000         ,0.000               ,-0.000              ,-0.000          ,25745.05664       ,0.00000               ,0.000         ,5.230         ,5.230         ,0.060         ,0.069         
18:18:04.945661     ,0.000       ,0.880       ,0.000       ,14.240      ,14.240      ,14.319      ,-0.079      ,-0.080      ,0.000          ,0.000       ,-2.414      ,0.000       ,0.050       ,880.000     ,0.000       ,-0.079      ,14.24000      ,0             ,0.000           ,0.000         ,0.000               ,-0.000              ,-0.000          ,25745.05664       ,0.00000               ,0.000         ,5.230         ,5.230         ,0.050         ,0.060         
18:18:04.955668     ,0.000       ,0.880       ,0.000       ,14.300      ,14.300      ,14.319      ,-0.019      ,-0.025      ,0.000          ,0.000       ,-0.884      ,0.000       ,0.040       ,880.000     ,0.000       ,-0.019      ,14.30000      ,0             ,0.000           ,0.000         ,0.000               ,-0.000              ,-0.000          ,25745.05664       ,0.00000               ,0.000         ,5.230         ,5.230         ,0.040         ,0.048         
18:18:04.965660     ,0.000       ,0.880       ,0.000       ,14.360      ,14.360      ,14.319      ,0.041       ,0.037       ,0.000          ,0.000       ,0.502       ,0.000       ,0.050       ,880.000     ,0.000       ,0.041       ,14.36000      ,0             ,0.000           ,0.000         ,0.000               ,-0.000              ,-0.000          ,25745.05664       ,0.00000               ,0.000         ,5.230         ,5.230         ,0.050         ,0.038         
18:18:04.981166     ,0.000       ,0.880       ,0.000       ,14.420      ,14.420      ,14.319      ,0.101       ,0.099       ,0.000          ,0.000       ,1.688       ,0.000       ,0.060       ,880.000     ,0.000       ,0.101       ,14.42000      ,0             ,0.000           ,0.000         ,0.000               ,-0.000              ,-0.000          ,25745.05664       ,0.00000               ,0.000         ,5.230         ,5.230         ,0.060         ,0.047         
18:18:04.985670     ,0.000       ,0.880       ,0.000       ,14.440      ,14.440      ,14.319      ,0.121       ,0.123       ,0.000          ,0.000       ,1.878       ,0.000       ,0.070       ,880.000     ,0.000       ,0.121       ,14.44000      ,0             ,0.000           ,0.000         ,0.000               ,-0.000              ,-0.000          ,25745.05664       ,0.00000               ,0.000         ,5.230         ,5.230         ,0.070         ,0.047         
18:18:04.995664     ,0.000       ,0.880       ,0.000       ,14.440      ,14.440      ,14.319      ,0.121       ,0.125       ,0.000          ,0.000       ,1.577       ,0.000       ,0.080       ,880.000     ,0.000       ,0.121       ,14.44000      ,0             ,0.000           ,0.000         ,0.000               ,-0.000              ,-0.000          ,25745.05664       ,0.00000               ,0.000         ,5.230         ,5.230         ,0.080         ,0.060         
18:18:05.005669     ,0.000       ,0.880       ,0.000       ,14.390      ,14.390      ,14.319      ,0.071       ,0.076       ,0.000          ,0.000       ,0.338       ,0.000       ,0.090       ,880.000     ,0.000       ,0.071       ,14.39000      ,0             ,0.000           ,0.000         ,0.000               ,-0.000              ,-0.000          ,25745.05664       ,0.00000               ,0.000         ,5.230         ,5.230         ,0.090         ,0.069         
18:18:05.015664     ,0.000       ,0.880       ,0.000       ,14.300      ,14.300      ,14.319      ,-0.019      ,-0.015      ,0.000          ,0.000       ,-1.499      ,0.000       ,0.080       ,880.000     ,0.000       ,-0.019      ,14.30000      ,0             ,0.000           ,0.000         ,0.000               ,-0.000              ,-0.000          ,25745.05664       ,0.00000               ,0.000         ,5.230         ,5.230         ,0.080         ,0.089         
18:18:05.025661     ,0.000       ,0.880       ,0.000       ,14.250      ,14.250      ,14.319      ,-0.069      ,-0.069      ,0.000          ,0.000       ,-2.334      ,0.000       ,0.070       ,880.000     ,0.000       ,-0.069      ,14.25000      ,0             ,0.000           ,0.000         ,0.000               ,-0.000              ,-0.000          ,25745.05859       ,0.00000               ,0.000         ,5.230         ,5.230         ,0.070         ,0.086         
18:18:05.035660     ,0.000       ,0.880       ,0.000       ,14.270      ,14.270      ,14.319      ,-0.049      ,-0.054      ,0.000          ,0.000       ,-1.607      ,0.000       ,0.060       ,880.000     ,0.000       ,-0.049      ,14.27000      ,0             ,0.000           ,0.000         ,0.000               ,-0.000              ,-0.000          ,25745.05859       ,0.00000               ,0.000         ,5.230         ,5.230         ,0.060         ,0.067         
18:18:05.045656     ,0.000       ,0.880       ,0.000       ,14.310      ,14.310      ,14.319      ,-0.009      ,-0.013      ,0.000          ,0.000       ,-0.524      ,0.000       ,0.050       ,880.000     ,0.000       ,-0.009      ,14.31000      ,0             ,0.000           ,0.000         ,0.000               ,-0.000              ,-0.000          ,25745.05859       ,0.00000               ,0.000         ,5.230         ,5.230         ,0.050         ,0.060         
18:18:05.065508     ,0.000       ,0.880       ,0.000       ,14.440      ,14.440      ,14.319      ,0.121       ,0.122       ,0.000          ,0.000       ,2.013       ,0.000       ,0.070       ,880.000     ,0.000       ,0.121       ,14.44000      ,0             ,0.000           ,0.000         ,0.000               ,-0.000              ,-0.000          ,25745.05664       ,0.00000               ,0.000         ,5.230         ,5.230         ,0.070         ,0.048         
18:18:05.065650     ,0.000       ,0.880       ,0.000       ,14.440      ,14.440      ,14.319      ,0.121       ,0.122       ,0.000          ,0.000       ,2.013       ,0.000       ,0.070       ,880.000     ,0.000       ,0.121       ,14.44000      ,0             ,0.000           ,0.000         ,0.000               ,-0.000              ,-0.000          ,25745.05664       ,0.00000               ,0.000         ,5.230         ,5.230         ,0.070         ,0.048         
18:18:05.081187     ,0.000       ,0.880       ,0.000       ,14.450      ,14.450      ,14.319      ,0.131       ,0.135       ,0.000          ,0.000       ,1.913       ,0.000       ,0.080       ,880.000     ,0.000       ,0.131       ,14.45000      ,0             ,0.000           ,0.000         ,0.000               ,-0.000              ,-0.000          ,25745.05664       ,0.00000               ,0.000         ,5.230         ,5.230         ,0.080         ,0.079         
18:18:05.085671     ,0.000       ,0.880       ,0.000       ,14.400      ,14.400      ,14.319      ,0.081       ,0.087       ,0.000          ,0.000       ,0.623       ,0.000       ,0.090       ,880.000     ,0.000       ,0.081       ,14.40000      ,0             ,0.000           ,0.000         ,0.000               ,-0.000              ,-0.000          ,25745.05859       ,0.00000               ,0.000         ,5.230         ,5.230         ,0.090         ,0.079         
18:18:05.095708     ,0.000       ,0.880       ,0.000       ,14.320      ,14.320      ,14.319      ,0.001       ,0.006       ,0.000          ,0.000       ,-1.080      ,0.000       ,0.080       ,880.000     ,0.000       ,0.001       ,14.32000      ,0             ,0.000           ,0.000         ,0.000               ,-0.000              ,-0.000          ,25745.05859       ,0.00000               ,0.000         ,5.230         ,5.230         ,0.080         ,0.088         
18:18:05.105660     ,0.000       ,0.880       ,0.000       ,14.300      ,14.300      ,14.319      ,-0.019      ,-0.019      ,0.000          ,0.000       ,-1.409      ,0.000       ,0.070       ,880.000     ,0.000       ,-0.019      ,14.30000      ,0             ,0.000           ,0.000         ,0.000               ,-0.000              ,-0.000          ,25745.05859       ,0.00000               ,0.000         ,5.230         ,5.230         ,0.070         ,0.088         
18:18:05.115654     ,0.000       ,0.880       ,0.000       ,14.300      ,14.300      ,14.319      ,-0.019      ,-0.021      ,0.000          ,0.000       ,-1.208      ,0.000       ,0.060       ,880.000     ,0.000       ,-0.019      ,14.30000      ,0             ,0.000           ,0.000         ,0.000               ,-0.000              ,-0.000          ,25745.05859       ,0.00000               ,0.000         ,5.230         ,5.230         ,0.060         ,0.079         
18:18:05.125667     ,0.000       ,0.880       ,0.000       ,14.300      ,14.300      ,14.319      ,-0.019      ,-0.021      ,0.000          ,0.000       ,-1.007      ,0.000       ,0.050       ,880.000     ,0.000       ,-0.019      ,14.30000      ,0             ,0.000           ,0.000         ,0.000               ,-0.000              ,-0.000          ,25745.05859       ,0.00000               ,0.000         ,5.230         ,5.230         ,0.050         ,0.070         
18:18:05.135695     ,0.000       ,0.880       ,0.000       ,14.340      ,14.340      ,14.319      ,0.021       ,0.018       ,0.000          ,0.000       ,-0.076      ,0.000       ,0.060       ,880.000     ,0.000       ,0.021       ,14.34000      ,0             ,0.000           ,0.000         ,0.000               ,-0.000              ,-0.000          ,25745.05859       ,0.00000               ,0.000         ,5.230         ,5.230         ,0.060         ,0.048         
18:18:05.153388     ,0.000       ,0.880       ,0.000       ,14.390      ,14.390      ,14.319      ,0.071       ,0.069       ,0.000          ,0.000       ,0.996       ,0.000       ,0.070       ,880.000     ,0.000       ,0.071       ,14.39000      ,0             ,0.000           ,0.000         ,0.000               ,-0.000              ,-0.000          ,25745.05859       ,0.00000               ,0.000         ,5.230         ,5.230         ,0.070         ,0.060         
18:18:05.155672     ,0.000       ,0.880       ,0.000       ,14.430      ,14.430      ,14.319      ,0.111       ,0.111       ,0.000          ,0.000       ,1.695       ,0.000       ,0.080       ,880.000     ,0.000       ,0.111       ,14.43000      ,0             ,0.000           ,0.000         ,0.000               ,-0.000              ,-0.000          ,25745.05859       ,0.00000               ,0.000         ,5.230         ,5.230         ,0.080         ,0.060         
18:18:05.165658     ,0.000       ,0.880       ,0.000       ,14.400      ,14.400      ,14.319      ,0.081       ,0.085       ,0.000          ,0.000       ,0.889       ,0.000       ,0.090       ,880.000     ,0.000       ,0.081       ,14.40000      ,0             ,0.000           ,0.000         ,0.000               ,-0.000              ,-0.000          ,25745.05859       ,0.00000               ,0.000         ,5.230         ,5.230         ,0.090         ,0.076         
18:18:05.191205     ,0.000       ,0.880       ,0.000       ,14.310      ,14.310      ,14.319      ,-0.009      ,-0.009      ,0.000          ,0.000       ,-1.029      ,0.000       ,0.070       ,880.000     ,0.000       ,-0.009      ,14.31000      ,0             ,0.000           ,0.000         ,0.000               ,-0.000              ,-0.000          ,25745.05859       ,0.00000               ,0.000         ,5.230         ,5.230         ,0.070         ,0.076         
18:18:05.195383     ,0.000       ,0.880       ,0.000       ,14.310      ,14.310      ,14.319      ,-0.009      ,-0.009      ,0.000          ,0.000       ,-1.029      ,0.000       ,0.070       ,880.000     ,0.000       ,-0.009      ,14.31000      ,0             ,0.000           ,0.000         ,0.000               ,-0.000              ,-0.000          ,25745.05859       ,0.00000               ,0.000         ,5.230         ,5.230         ,0.070         ,0.076         
18:18:05.195663     ,0.000       ,0.880       ,0.000       ,14.310      ,14.310      ,14.319      ,-0.009      ,-0.010      ,0.000          ,0.000       ,-0.903      ,0.000       ,0.060       ,880.000     ,0.000       ,-0.009      ,14.31000      ,0             ,0.000           ,0.000         ,0.000               ,-0.000              ,-0.000          ,25745.05859       ,0.00000               ,0.000         ,5.230         ,5.230         ,0.060         ,0.076         
18:18:05.205665     ,0.000       ,0.880       ,0.000       ,14.320      ,14.320      ,14.319      ,0.001       ,-0.000      ,0.000          ,0.000       ,-0.574      ,0.000       ,0.050       ,880.000     ,0.000       ,0.001       ,14.32000      ,0             ,0.000           ,0.000         ,0.000               ,-0.000              ,-0.000          ,25745.05859       ,0.00000               ,0.000         ,5.230         ,5.230         ,0.050         ,0.058         
18:18:05.215658     ,0.000       ,0.880       ,0.000       ,14.380      ,14.380      ,14.319      ,0.061       ,0.058       ,0.000          ,0.000       ,0.667       ,0.000       ,0.060       ,880.000     ,0.000       ,0.061       ,14.38000      ,0             ,0.000           ,0.000         ,0.000               ,-0.000              ,-0.000          ,25745.05859       ,0.00000               ,0.000         ,5.230         ,5.230         ,0.060         ,0.060         
18:18:05.225669     ,0.000       ,0.880       ,0.000       ,14.390      ,14.390      ,14.319      ,0.071       ,0.072       ,0.000          ,0.000       ,0.850       ,0.000       ,0.070       ,880.000     ,0.000       ,0.071       ,14.39000      ,0             ,0.000           ,0.000         ,0.000               ,-0.000              ,-0.000          ,25745.05859       ,0.00000               ,0.000         ,5.230         ,5.230         ,0.070         ,0.060         
18:18:05.235664     ,0.000       ,0.880       ,0.000       ,14.390      ,14.390      ,14.319      ,0.071       ,0.073       ,0.000          ,0.000       ,0.746       ,0.000       ,0.080       ,880.000     ,0.000       ,0.071       ,14.39000      ,0             ,0.000           ,0.000         ,0.000               ,-0.000              ,-0.000          ,25745.05859       ,0.00000               ,0.000         ,5.230         ,5.230         ,0.080         ,0.060         
18:18:05.245731     ,0.000       ,0.880       ,0.000       ,14.380      ,14.380      ,14.319      ,0.061       ,0.063       ,0.000          ,0.000       ,0.448       ,0.000       ,0.090       ,880.000     ,0.000       ,0.061       ,14.38000      ,0             ,0.000           ,0.000         ,0.000               ,-0.000              ,-0.000          ,25745.05859       ,0.00000               ,0.000         ,5.230         ,5.230         ,0.090         ,0.077         
18:18:05.255660     ,0.000       ,0.880       ,0.000       ,14.330      ,14.330      ,14.319      ,0.011       ,0.014       ,0.000          ,0.000       ,-0.574      ,0.000       ,0.080       ,880.000     ,0.000       ,0.011       ,14.33000      ,0             ,0.000           ,0.000         ,0.000               ,-0.000              ,-0.000          ,25745.05859       ,0.00000               ,0.000         ,5.220         ,5.220         ,0.080         ,0.077         
18:18:05.265653     ,0.000       ,0.880       ,0.000       ,14.330      ,14.330      ,14.319      ,0.011       ,0.011       ,0.000          ,0.000       ,-0.555      ,0.000       ,0.070       ,880.000     ,0.000       ,0.011       ,14.33000      ,0             ,0.000           ,0.000         ,0.000               ,-0.000              ,-0.000          ,25745.05859       ,0.00000               ,0.000         ,5.220         ,5.220         ,0.070         ,0.077         
18:18:05.281409     ,0.000       ,0.880       ,0.000       ,14.300      ,14.300      ,14.319      ,-0.019      ,-0.018      ,0.000          ,0.000       ,-1.066      ,0.000       ,0.060       ,880.000     ,0.000       ,-0.019      ,14.30000      ,0             ,0.000           ,0.000         ,0.000               ,-0.000              ,-0.000          ,25745.05859       ,0.00000               ,0.000         ,5.220         ,5.220         ,0.060         ,0.071         
18:18:05.285673     ,0.000       ,0.880       ,0.000       ,14.310      ,14.310      ,14.319      ,-0.009      ,-0.011      ,0.000          ,0.000       ,-0.751      ,0.000       ,0.050       ,880.000     ,0.000       ,-0.009      ,14.31000      ,0             ,0.000           ,0.000         ,0.000               ,-0.000              ,-0.000          ,25745.05859       ,0.00000               ,0.000         ,5.220         ,5.220         ,0.050         ,0.071         
18:18:05.295668     ,0.000       ,0.880       ,0.000       ,14.340      ,14.340      ,14.319      ,0.021       ,0.019       ,0.000          ,0.000       ,-0.054      ,0.000       ,0.060       ,880.000     ,0.000       ,0.021       ,14.34000      ,0             ,0.000           ,0.000         ,0.000               ,-0.000              ,-0.000          ,25745.05859       ,0.00000               ,0.000         ,5.220         ,5.220         ,0.060         ,0.064         
18:18:05.305658     ,0.000       ,0.880       ,0.000       ,14.380      ,14.380      ,14.319      ,0.061       ,0.059       ,0.000          ,0.000       ,0.805       ,0.000       ,0.070       ,880.000     ,0.000       ,0.061       ,14.38000      ,0             ,0.000           ,0.000         ,0.000               ,-0.000              ,-0.000          ,25745.05859       ,0.00000               ,0.000         ,5.220         ,5.220         ,0.070         ,0.051         
18:18:05.315716     ,0.000       ,0.880       ,0.000       ,14.390      ,14.390      ,14.319      ,0.071       ,0.072       ,0.000          ,0.000       ,0.950       ,0.000       ,0.080       ,880.000     ,0.000       ,0.071       ,14.39000      ,0             ,0.000           ,0.000         ,0.000               ,-0.000              ,-0.000          ,25745.05859       ,0.00000               ,0.000         ,5.220         ,5.220         ,0.080         ,0.069         
18:18:05.325655     ,0.000       ,0.880       ,0.000       ,14.380      ,14.380      ,14.319      ,0.061       ,0.063       ,0.000          ,0.000       ,0.631       ,0.000       ,0.090       ,880.000     ,0.000       ,0.061       ,14.38000      ,0             ,0.000           ,0.000         ,0.000               ,-0.000              ,-0.000          ,25745.05859       ,0.00000               ,0.000         ,5.220         ,5.220         ,0.090         ,0.069         
18:18:05.335695     ,0.000       ,0.880       ,0.000       ,14.330      ,14.330      ,14.319      ,0.011       ,0.014       ,0.000          ,0.000       ,-0.428      ,0.000       ,0.080       ,880.000     ,0.000       ,0.011       ,14.33000      ,0             ,0.000           ,0.000         ,0.000               ,-0.000              ,-0.000          ,25745.05859       ,0.00000               ,0.000         ,5.220         ,5.220         ,0.080         ,0.086         
18:18:05.345658     ,0.000       ,0.880       ,0.000       ,14.320      ,14.320      ,14.319      ,0.001       ,0.001       ,0.000          ,0.000       ,-0.606      ,0.000       ,0.070       ,880.000     ,0.000       ,0.001       ,14.32000      ,0             ,0.000           ,0.000         ,0.000               ,-0.000              ,-0.000          ,25745.05859       ,0.00000               ,0.000         ,5.220         ,5.220         ,0.070         ,0.089         
18:18:05.355683     ,0.000       ,0.880       ,0.000       ,14.280      ,14.280      ,14.319      ,-0.039      ,-0.038      ,0.000          ,0.000       ,-1.309      ,0.000       ,0.060       ,880.000     ,0.000       ,-0.039      ,14.28000      ,0             ,0.000           ,0.000         ,0.000               ,-0.000              ,-0.000          ,25745.05859       ,0.00000               ,0.000         ,5.220         ,5.220         ,0.060         ,0.077         
18:18:05.365696     ,0.000       ,0.880       ,0.000       ,14.310      ,14.310      ,14.319      ,-0.009      ,-0.012      ,0.000          ,0.000       ,-0.577      ,0.000       ,0.050       ,880.000     ,0.000       ,-0.009      ,14.31000      ,0             ,0.000           ,0.000         ,0.000               ,-0.000              ,-0.000          ,25745.05859       ,0.00000               ,0.000         ,5.220         ,5.220         ,0.050         ,0.070         
18:18:05.391020     ,0.000       ,0.880       ,0.000       ,14.380      ,14.380      ,14.319      ,0.061       ,0.061       ,0.000          ,0.000       ,0.897       ,0.000       ,0.070       ,880.000     ,0.000       ,0.061       ,14.38000      ,0             ,0.000           ,0.000         ,0.000               ,-0.000              ,-0.000          ,25745.05859       ,0.00000               ,0.000         ,5.220         ,5.220         ,0.070         ,0.058         
18:18:05.395718     ,0.000       ,0.880       ,0.000       ,14.390      ,14.390      ,14.319      ,0.061       ,0.061       ,0.000          ,0.000       ,0.897       ,0.000       ,0.070       ,880.000     ,0.000       ,0.061       ,14.38000      ,0             ,0.000           ,0.000         ,0.000               ,-0.000              ,-0.000          ,25745.05859       ,0.00000               ,0.000         ,5.220         ,5.220         ,0.070         ,0.069         
18:18:05.405458     ,0.000       ,0.880       ,0.000       ,14.380      ,14.380      ,14.319      ,0.071       ,0.072       ,0.000          ,0.000       ,0.990       ,0.000       ,0.080       ,880.000     ,0.000       ,0.071       ,14.39000      ,0             ,0.000           ,0.000         ,0.000               ,-0.000              ,-0.000          ,25745.05859       ,0.00000               ,0.000         ,5.220         ,5.220         ,0.090         ,0.069         
18:18:05.405652     ,0.000       ,0.880       ,0.000       ,14.380      ,14.380      ,14.319      ,0.061       ,0.063       ,0.000          ,0.000       ,0.660       ,0.000       ,0.090       ,880.000     ,0.000       ,0.061       ,14.38000      ,0             ,0.000           ,0.000         ,0.000               ,-0.000              ,-0.000          ,25745.05859       ,0.00000               ,0.000         ,5.220         ,5.220         ,0.090         ,0.069         
18:18:05.425438     ,0.000       ,0.880       ,0.000       ,14.320      ,14.320      ,14.319      ,0.001       ,0.005       ,0.000          ,0.000       ,-0.597      ,0.000       ,0.080       ,880.000     ,0.000       ,0.001       ,14.32000      ,0             ,0.000           ,0.000         ,0.000               ,-0.000              ,-0.000          ,25745.05859       ,0.00000               ,0.000         ,5.220         ,5.220         ,0.070         ,0.085         
18:18:05.425655     ,0.000       ,0.880       ,0.000       ,14.320      ,14.320      ,14.319      ,0.001       ,0.001       ,0.000          ,0.000       ,-0.603      ,0.000       ,0.070       ,880.000     ,0.000       ,0.001       ,14.32000      ,0             ,0.000           ,0.000         ,0.000               ,-0.000              ,-0.000          ,25745.05859       ,0.00000               ,0.000         ,5.220         ,5.220         ,0.070         ,0.085         
18:18:05.435722     ,0.000       ,0.880       ,0.000       ,14.270      ,14.270      ,14.319      ,-0.049      ,-0.047      ,0.000          ,0.000       ,-1.493      ,0.000       ,0.060       ,880.000     ,0.000       ,-0.049      ,14.27000      ,0             ,0.000           ,0.000         ,0.000               ,-0.000              ,-0.000          ,25745.05859       ,0.00000               ,0.000         ,5.220         ,5.220         ,0.060         ,0.064         
18:18:05.463253     ,0.000       ,0.880       ,0.000       ,14.340      ,14.340      ,14.319      ,0.021       ,0.017       ,0.000          ,0.000       ,0.225       ,0.000       ,0.060       ,880.000     ,0.000       ,0.021       ,14.34000      ,0             ,0.000           ,0.000         ,0.000               ,-0.000              ,-0.000          ,25745.05859       ,0.00000               ,0.000         ,5.220         ,5.220         ,0.060         ,0.048         
18:18:05.465505     ,0.000       ,0.880       ,0.000       ,14.380      ,14.380      ,14.319      ,0.021       ,0.017       ,0.000          ,0.000       ,0.225       ,0.000       ,0.060       ,880.000     ,0.000       ,0.021       ,14.34000      ,0             ,0.000           ,0.000         ,0.000               ,-0.000              ,-0.000          ,25745.05859       ,0.00000               ,0.000         ,5.220         ,5.220         ,0.070         ,0.048         
18:18:05.465648     ,0.000       ,0.880       ,0.000       ,14.380      ,14.380      ,14.319      ,0.061       ,0.060       ,0.000          ,0.000       ,1.077       ,0.000       ,0.070       ,880.000     ,0.000       ,0.061       ,14.38000      ,0             ,0.000           ,0.000         ,0.000               ,-0.000              ,-0.000          ,25745.05859       ,0.00000               ,0.000         ,5.220         ,5.220         ,0.070         ,0.048         
18:18:05.491260     ,0.000       ,0.880       ,0.000       ,14.380      ,14.380      ,14.319      ,0.061       ,0.063       ,0.000          ,0.000       ,0.828       ,0.000       ,0.090       ,880.000     ,0.000       ,0.061       ,14.38000      ,0             ,0.000           ,0.000         ,0.000               ,-0.000              ,-0.000          ,25745.05859       ,0.00000               ,0.000         ,5.230         ,5.230         ,0.090         ,0.090         
18:18:05.495712     ,0.000       ,0.880       ,0.000       ,14.330      ,14.330      ,14.319      ,0.061       ,0.063       ,0.000          ,0.000       ,0.828       ,0.000       ,0.090       ,880.000     ,0.000       ,0.061       ,14.38000      ,0             ,0.000           ,0.000         ,0.000               ,-0.000              ,-0.000          ,25745.05859       ,0.00000               ,0.000         ,5.230         ,5.230         ,0.100         ,0.088         
18:18:05.505442     ,0.000       ,0.880       ,0.000       ,14.300      ,14.300      ,14.319      ,0.011       ,0.015       ,0.000          ,0.000       ,-0.257      ,0.000       ,0.100       ,880.000     ,0.000       ,0.011       ,14.33000      ,0             ,0.000           ,0.000         ,0.000               ,-0.000              ,-0.000          ,25745.05859       ,0.00000               ,0.000         ,5.230         ,5.230         ,0.090         ,0.088         
18:18:05.505650     ,0.000       ,0.880       ,0.000       ,14.300      ,14.300      ,14.319      ,-0.019      ,-0.018      ,0.000          ,0.000       ,-0.825      ,0.000       ,0.090       ,880.000     ,0.000       ,-0.019      ,14.30000      ,0             ,0.000           ,0.000         ,0.000               ,-0.000              ,-0.000          ,25745.05859       ,0.00000               ,0.000         ,5.230         ,5.230         ,0.090         ,0.088         
18:18:05.525470     ,0.000       ,0.880       ,0.000       ,14.260      ,14.260      ,14.319      ,-0.059      ,-0.058      ,0.000          ,0.000       ,-1.507      ,0.000       ,0.080       ,880.000     ,0.000       ,-0.059      ,14.26000      ,0             ,0.000           ,0.000         ,0.000               ,-0.000              ,-0.000          ,25745.05859       ,0.00000               ,0.000         ,5.230         ,5.230         ,0.070         ,0.089         
18:18:05.525662     ,0.000       ,0.880       ,0.000       ,14.260      ,14.260      ,14.319      ,-0.059      ,-0.061      ,0.000          ,0.000       ,-1.312      ,0.000       ,0.070       ,880.000     ,0.000       ,-0.059      ,14.26000      ,0             ,0.000           ,0.000         ,0.000               ,-0.000              ,-0.000          ,25745.05859       ,0.00000               ,0.000         ,5.230         ,5.230         ,0.070         ,0.089         
18:18:05.545545     ,0.000       ,0.880       ,0.000       ,14.340      ,14.340      ,14.319      ,0.001       ,-0.003      ,0.000          ,0.000       ,0.060       ,0.000       ,0.060       ,880.000     ,0.000       ,0.001       ,14.32000      ,0             ,0.000           ,0.000         ,0.000               ,-0.000              ,-0.000          ,25745.05859       ,0.00000               ,0.000         ,5.230         ,5.230         ,0.070         ,0.071         
18:18:05.545652     ,0.000       ,0.880       ,0.000       ,14.340      ,14.340      ,14.319      ,0.021       ,0.021       ,0.000          ,0.000       ,0.518       ,0.000       ,0.070       ,880.000     ,0.000       ,0.021       ,14.34000      ,0             ,0.000           ,0.000         ,0.000               ,-0.000              ,-0.000          ,25745.05859       ,0.00000               ,0.000         ,5.230         ,5.230         ,0.070         ,0.071         
18:18:05.565682     ,0.000       ,0.880       ,0.000       ,14.380      ,14.380      ,14.319      ,0.061       ,0.060       ,0.000          ,0.000       ,1.256       ,0.000       ,0.080       ,880.000     ,0.000       ,0.061       ,14.38000      ,0             ,0.000           ,0.000         ,0.000               ,-0.000              ,-0.000          ,25745.05859       ,0.00000               ,0.000         ,5.230         ,5.230         ,0.090         ,0.070         
18:18:05.576593     ,0.000       ,0.880       ,0.000       ,14.380      ,14.380      ,14.319      ,0.061       ,0.063       ,0.000          ,0.000       ,1.113       ,0.000       ,0.090       ,880.000     ,0.000       ,0.061       ,14.38000      ,0             ,0.000           ,0.000         ,0.000               ,-0.000              ,-0.000          ,25745.05859       ,0.00000               ,0.000         ,5.230         ,5.230         ,0.100         ,0.086         
18:18:05.591319     ,0.000       ,0.880       ,0.000       ,14.320      ,14.320      ,14.319      ,0.001       ,0.005       ,0.000          ,0.000       ,-0.364      ,0.000       ,0.090       ,880.000     ,0.000       ,0.001       ,14.32000      ,0             ,0.000           ,0.000         ,0.000               ,-0.000              ,-0.000          ,25745.05859       ,0.00000               ,0.000         ,5.230         ,5.230         ,0.090         ,0.098         
18:18:05.605362     ,0.000       ,0.880       ,0.000       ,14.280      ,14.280      ,14.319      ,0.001       ,0.005       ,0.000          ,0.000       ,-0.364      ,0.000       ,0.090       ,880.000     ,0.000       ,0.001       ,14.32000      ,0             ,0.000           ,0.000         ,0.000               ,-0.000              ,-0.000          ,25745.05859       ,0.00000               ,0.000         ,5.230         ,5.230         ,0.080         ,0.088         
18:18:05.605480     ,0.000       ,0.880       ,0.000       ,14.260      ,14.260      ,14.319      ,-0.039      ,-0.037      ,0.000          ,0.000       ,-1.182      ,0.000       ,0.080       ,880.000     ,0.000       ,-0.039      ,14.28000      ,0             ,0.000           ,0.000         ,0.000               ,-0.000              ,-0.000          ,25745.05859       ,0.00000               ,0.000         ,5.230         ,5.230         ,0.080         ,0.088         
18:18:05.605656     ,0.000       ,0.880       ,0.000       ,14.260      ,14.260      ,14.319      ,-0.059      ,-0.060      ,0.000          ,0.000       ,-1.442      ,0.000       ,0.070       ,880.000     ,0.000       ,-0.059      ,14.26000      ,0             ,0.000           ,0.000         ,0.000               ,-0.000              ,-0.000          ,25745.05859       ,0.00000               ,0.000         ,5.230         ,5.230         ,0.070         ,0.088         
18:18:05.625415     ,0.000       ,0.880       ,0.000       ,14.300      ,14.300      ,14.319      ,-0.049      ,-0.051      ,0.000          ,0.000       ,-1.037      ,0.000       ,0.060       ,880.000     ,0.000       ,-0.049      ,14.27000      ,0             ,0.000           ,0.000         ,0.000               ,-0.000              ,-0.000          ,25745.05859       ,0.00000               ,0.000         ,5.230         ,5.230         ,0.050         ,0.071         
18:18:05.625651     ,0.000       ,0.880       ,0.000       ,14.300      ,14.300      ,14.319      ,-0.019      ,-0.022      ,0.000          ,0.000       ,-0.278      ,0.000       ,0.050       ,880.000     ,0.000       ,-0.019      ,14.30000      ,0             ,0.000           ,0.000         ,0.000               ,-0.000              ,-0.000          ,25745.05859       ,0.00000               ,0.000         ,5.230         ,5.230         ,0.050         ,0.071         
18:18:05.645549     ,0.000       ,0.880       ,0.000       ,14.380      ,14.380      ,14.319      ,0.041       ,0.039       ,0.000          ,0.000       ,0.936       ,0.000       ,0.060       ,880.000     ,0.000       ,0.041       ,14.36000      ,0             ,0.000           ,0.000         ,0.000               ,-0.000              ,-0.000          ,25745.05859       ,0.00000               ,0.000         ,5.230         ,5.230         ,0.070         ,0.047         
18:18:05.645652     ,0.000       ,0.880       ,0.000       ,14.380      ,14.380      ,14.319      ,0.061       ,0.062       ,0.000          ,0.000       ,1.258       ,0.000       ,0.070       ,880.000     ,0.000       ,0.061       ,14.38000      ,0             ,0.000           ,0.000         ,0.000               ,-0.000              ,-0.000          ,25745.05859       ,0.00000               ,0.000         ,5.230         ,5.230         ,0.070         ,0.047         
18:18:05.665524     ,0.000       ,0.880       ,0.000       ,14.360      ,14.360      ,14.319      ,0.071       ,0.073       ,0.000          ,0.000       ,1.277       ,0.000       ,0.080       ,880.000     ,0.000       ,0.071       ,14.39000      ,0             ,0.000           ,0.000         ,0.000               ,-0.000              ,-0.000          ,25745.05859       ,0.00000               ,0.000         ,5.230         ,5.230         ,0.090         ,0.067         
18:18:05.665649     ,0.000       ,0.880       ,0.000       ,14.360      ,14.360      ,14.319      ,0.041       ,0.045       ,0.000          ,0.000       ,0.503       ,0.000       ,0.090       ,880.000     ,0.000       ,0.041       ,14.36000      ,0             ,0.000           ,0.000         ,0.000               ,-0.000              ,-0.000          ,25745.05859       ,0.00000               ,0.000         ,5.230         ,5.230         ,0.090         ,0.067         
18:18:05.691356     ,0.000       ,0.880       ,0.000       ,14.260      ,14.260      ,14.319      ,-0.059      ,-0.059      ,0.000          ,0.000       ,-1.454      ,0.000       ,0.070       ,880.000     ,0.000       ,-0.059      ,14.26000      ,0             ,0.000           ,0.000         ,0.000               ,-0.000              ,-0.000          ,25745.05859       ,0.00000               ,0.000         ,5.230         ,5.230         ,0.070         ,0.077         
18:18:05.695499     ,0.000       ,0.880       ,0.000       ,14.250      ,14.250      ,14.319      ,-0.069      ,-0.071      ,0.000          ,0.000       ,-1.435      ,0.000       ,0.060       ,880.000     ,0.000       ,-0.069      ,14.25000      ,0             ,0.000           ,0.000         ,0.000               ,-0.000              ,-0.000          ,25745.05859       ,0.00000               ,0.000         ,5.230         ,5.230         ,0.060         ,0.077         
18:18:05.695657     ,0.000       ,0.880       ,0.000       ,14.250      ,14.250      ,14.319      ,-0.069      ,-0.071      ,0.000          ,0.000       ,-1.435      ,0.000       ,0.060       ,880.000     ,0.000       ,-0.069      ,14.25000      ,0             ,0.000           ,0.000         ,0.000               ,-0.000              ,-0.000          ,25745.05859       ,0.00000               ,0.000         ,5.230         ,5.230         ,0.060         ,0.077         
18:18:05.705660     ,0.000       ,0.880       ,0.000       ,14.260      ,14.260      ,14.319      ,-0.059      ,-0.062      ,0.000          ,0.000       ,-1.011      ,0.000       ,0.050       ,880.000     ,0.000       ,-0.059      ,14.26000      ,0             ,0.000           ,0.000         ,0.000               ,-0.000              ,-0.000          ,25745.05859       ,0.00000               ,0.000         ,5.230         ,5.230         ,0.050         ,0.061         
18:18:05.725456     ,0.000       ,0.880       ,0.000       ,14.360      ,14.360      ,14.319      ,0.001       ,0.040       ,0.000          ,0.000       ,1.153       ,0.000       ,0.060       ,880.000     ,0.000       ,0.001       ,14.32000      ,0             ,0.000           ,0.000         ,0.000               ,-0.000              ,-0.000          ,25745.05859       ,0.00000               ,0.000         ,5.230         ,5.230         ,0.070         ,0.050         
18:18:05.725650     ,0.000       ,0.880       ,0.000       ,14.360      ,14.360      ,14.319      ,0.041       ,0.040       ,0.000          ,0.000       ,1.153       ,0.000       ,0.070       ,880.000     ,0.000       ,0.041       ,14.36000      ,0             ,0.000           ,0.000         ,0.000               ,-0.000              ,-0.000          ,25745.05859       ,0.00000               ,0.000         ,5.230         ,5.230         ,0.070         ,0.050         
18:18:05.745604     ,0.000       ,0.880       ,0.000       ,14.360      ,14.360      ,14.319      ,0.041       ,0.043       ,0.000          ,0.000       ,1.037       ,0.000       ,0.080       ,880.000     ,0.000       ,0.041       ,14.36000      ,0             ,0.000           ,0.000         ,0.000               ,-0.000              ,-0.000          ,25745.05859       ,0.00000               ,0.000         ,5.230         ,5.230         ,0.090         ,0.070         
18:18:05.745661     ,0.000       ,0.880       ,0.000       ,14.360      ,14.360      ,14.319      ,0.041       ,0.043       ,0.000          ,0.000       ,0.875       ,0.000       ,0.090       ,880.000     ,0.000       ,0.041       ,14.36000      ,0             ,0.000           ,0.000         ,0.000               ,-0.000              ,-0.000          ,25745.05859       ,0.00000               ,0.000         ,5.230         ,5.230         ,0.090         ,0.070         
18:18:05.755657     ,0.000       ,0.880       ,0.000       ,14.330      ,14.330      ,14.319      ,0.011       ,0.014       ,0.000          ,0.000       ,0.164       ,0.000       ,0.100       ,880.000     ,0.000       ,0.011       ,14.33000      ,0             ,0.000           ,0.000         ,0.000               ,-0.000              ,-0.000          ,25745.05859       ,0.00000               ,0.000         ,5.230         ,5.230         ,0.100         ,0.075         
18:18:05.765655     ,0.000       ,0.880       ,0.000       ,14.300      ,14.300      ,14.319      ,-0.019      ,-0.017      ,0.000          ,0.000       ,-0.449      ,0.000       ,0.090       ,880.000     ,0.000       ,-0.019      ,14.30000      ,0             ,0.000           ,0.000         ,0.000               ,-0.000              ,-0.000          ,25745.05859       ,0.00000               ,0.000         ,5.230         ,5.230         ,0.090         ,0.086         
18:18:05.781222     ,0.000       ,0.880       ,0.000       ,14.260      ,14.260      ,14.319      ,-0.059      ,-0.057      ,0.000          ,0.000       ,-1.205      ,0.000       ,0.080       ,880.000     ,0.000       ,-0.059      ,14.26000      ,0             ,0.000           ,0.000         ,0.000               ,-0.000              ,-0.000          ,25745.05859       ,0.00000               ,0.000         ,5.230         ,5.230         ,0.080         ,0.086         
18:18:05.785663     ,0.000       ,0.880       ,0.000       ,14.240      ,14.240      ,14.319      ,-0.079      ,-0.080      ,0.000          ,0.000       ,-1.458      ,0.000       ,0.070       ,880.000     ,0.000       ,-0.079      ,14.24000      ,0             ,0.000           ,0.000         ,0.000               ,-0.000              ,-0.000          ,25745.05859       ,0.00000               ,0.000         ,5.220         ,5.220         ,0.070         ,0.086         
18:18:05.805668     ,0.000       ,0.880       ,0.000       ,14.330      ,14.330      ,14.319      ,-0.039      ,-0.043      ,0.000          ,0.000       ,-0.473      ,0.000       ,0.060       ,880.000     ,0.000       ,-0.039      ,14.28000      ,0             ,0.000           ,0.000         ,0.000               ,-0.000              ,-0.000          ,25745.05859       ,0.00000               ,0.000         ,5.220         ,5.220         ,0.070         ,0.070         
18:18:05.815299     ,0.000       ,0.880       ,0.000       ,14.330      ,14.330      ,14.319      ,0.011       ,0.009       ,0.000          ,0.000       ,0.603       ,0.000       ,0.070       ,880.000     ,0.000       ,0.011       ,14.33000      ,0             ,0.000           ,0.000         ,0.000               ,-0.000              ,-0.000          ,25745.05859       ,0.00000               ,0.000         ,5.220         ,5.220         ,0.070         ,0.057         
18:18:05.815651     ,0.000       ,0.880       ,0.000       ,14.360      ,14.360      ,14.319      ,0.041       ,0.041       ,0.000          ,0.000       ,1.171       ,0.000       ,0.080       ,880.000     ,0.000       ,0.041       ,14.36000      ,0             ,0.000           ,0.000         ,0.000               ,-0.000              ,-0.000          ,25745.05859       ,0.00000               ,0.000         ,5.220         ,5.220         ,0.080         ,0.057         
18:18:05.825659     ,0.000       ,0.880       ,0.000       ,14.370      ,14.370      ,14.319      ,0.051       ,0.053       ,0.000          ,0.000       ,1.224       ,0.000       ,0.090       ,880.000     ,0.000       ,0.051       ,14.37000      ,0             ,0.000           ,0.000         ,0.000               ,-0.000              ,-0.000          ,25745.05859       ,0.00000               ,0.000         ,5.220         ,5.220         ,0.090         ,0.076         
18:18:05.835670     ,0.000       ,0.880       ,0.000       ,14.380      ,14.380      ,14.319      ,0.061       ,0.063       ,0.000          ,0.000       ,1.231       ,0.000       ,0.100       ,880.000     ,0.000       ,0.061       ,14.38000      ,0             ,0.000           ,0.000         ,0.000               ,-0.000              ,-0.000          ,25745.05859       ,0.00000               ,0.000         ,5.230         ,5.230         ,0.100         ,0.077         
18:18:05.845657     ,0.000       ,0.880       ,0.000       ,14.310      ,14.310      ,14.319      ,-0.009      ,-0.004      ,0.000          ,0.000       ,-0.304      ,0.000       ,0.090       ,880.000     ,0.000       ,-0.009      ,14.31000      ,0             ,0.000           ,0.000         ,0.000               ,-0.000              ,-0.000          ,25745.05859       ,0.00000               ,0.000         ,5.230         ,5.230         ,0.090         ,0.091         
18:18:05.855656     ,0.000       ,0.880       ,0.000       ,14.260      ,14.260      ,14.319      ,-0.059      ,-0.057      ,0.000          ,0.000       ,-1.346      ,0.000       ,0.080       ,880.000     ,0.000       ,-0.059      ,14.26000      ,0             ,0.000           ,0.000         ,0.000               ,-0.000              ,-0.000          ,25745.05859       ,0.00000               ,0.000         ,5.230         ,5.230         ,0.080         ,0.097         
18:18:05.875491     ,0.000       ,0.880       ,0.000       ,14.240      ,14.240      ,14.319      ,-0.079      ,-0.080      ,0.000          ,0.000       ,-1.592      ,0.000       ,0.070       ,880.000     ,0.000       ,-0.079      ,14.24000      ,0             ,0.000           ,0.000         ,0.000               ,-0.000              ,-0.000          ,25745.05859       ,0.00000               ,0.000         ,5.230         ,5.230         ,0.060         ,0.077         
18:18:05.881176     ,0.000       ,0.880       ,0.000       ,14.240      ,14.240      ,14.319      ,-0.079      ,-0.081      ,0.000          ,0.000       ,-1.350      ,0.000       ,0.060       ,880.000     ,0.000       ,-0.079      ,14.24000      ,0             ,0.000           ,0.000         ,0.000               ,-0.000              ,-0.000          ,25745.05859       ,0.00000               ,0.000         ,5.230         ,5.230         ,0.060         ,0.058         
18:18:05.885662     ,0.000       ,0.880       ,0.000       ,14.280      ,14.280      ,14.319      ,-0.039      ,-0.043      ,0.000          ,0.000       ,-0.350      ,0.000       ,0.050       ,880.000     ,0.000       ,-0.039      ,14.28000      ,0             ,0.000           ,0.000         ,0.000               ,-0.000              ,-0.000          ,25745.05859       ,0.00000               ,0.000         ,5.230         ,5.230         ,0.050         ,0.058         
18:18:05.895660     ,0.000       ,0.880       ,0.000       ,14.310      ,14.310      ,14.319      ,-0.009      ,-0.010      ,0.000          ,0.000       ,0.320       ,0.000       ,0.060       ,880.000     ,0.000       ,-0.009      ,14.31000      ,0             ,0.000           ,0.000         ,0.000               ,-0.000              ,-0.000          ,25745.05859       ,0.00000               ,0.000         ,5.230         ,5.230         ,0.060         ,0.058         
18:18:05.905656     ,0.000       ,0.880       ,0.000       ,14.360      ,14.360      ,14.319      ,0.041       ,0.040       ,0.000          ,0.000       ,1.261       ,0.000       ,0.070       ,880.000     ,0.000       ,0.041       ,14.36000      ,0             ,0.000           ,0.000         ,0.000               ,-0.000              ,-0.000          ,25745.05859       ,0.00000               ,0.000         ,5.230         ,5.230         ,0.070         ,0.048         
18:18:05.915657     ,0.000       ,0.880       ,0.000       ,14.360      ,14.360      ,14.319      ,0.041       ,0.043       ,0.000          ,0.000       ,1.125       ,0.000       ,0.080       ,880.000     ,0.000       ,0.041       ,14.36000      ,0             ,0.000           ,0.000         ,0.000               ,-0.000              ,-0.000          ,25745.05859       ,0.00000               ,0.000         ,5.230         ,5.230         ,0.080         ,0.058         
18:18:05.925659     ,0.000       ,0.880       ,0.000       ,14.330      ,14.330      ,14.319      ,0.011       ,0.014       ,0.000          ,0.000       ,0.368       ,0.000       ,0.090       ,880.000     ,0.000       ,0.011       ,14.33000      ,0             ,0.000           ,0.000         ,0.000               ,-0.000              ,-0.000          ,25745.05859       ,0.00000               ,0.000         ,5.230         ,5.230         ,0.090         ,0.067         
18:18:05.935715     ,0.000       ,0.880       ,0.000       ,14.300      ,14.300      ,14.319      ,-0.019      ,-0.017      ,0.000          ,0.000       ,-0.287      ,0.000       ,0.080       ,880.000     ,0.000       ,-0.019      ,14.30000      ,0             ,0.000           ,0.000         ,0.000               ,-0.000              ,-0.000          ,25745.05859       ,0.00000               ,0.000         ,5.230         ,5.230         ,0.080         ,0.088         
18:18:05.945657     ,0.000       ,0.880       ,0.000       ,14.210      ,14.210      ,14.319      ,-0.109      ,-0.105      ,0.000          ,0.000       ,-2.038      ,0.000       ,0.070       ,880.000     ,0.000       ,-0.109      ,14.21000      ,0             ,0.000           ,0.000         ,0.000               ,-0.000              ,-0.000          ,25745.05859       ,0.00000               ,0.000         ,5.240         ,5.240         ,0.070         ,0.088         
18:18:05.955669     ,0.000       ,0.880       ,0.000       ,14.200      ,14.200      ,14.319      ,-0.119      ,-0.122      ,0.000          ,0.000       ,-2.010      ,0.000       ,0.060       ,880.000     ,0.000       ,-0.119      ,14.20000      ,0             ,0.000           ,0.000         ,0.000               ,-0.000              ,-0.000          ,25745.05859       ,0.00000               ,0.000         ,5.240         ,5.240         ,0.060         ,0.075         
18:18:05.975426     ,0.000       ,0.880       ,0.000       ,14.270      ,14.270      ,14.319      ,-0.059      ,-0.065      ,0.000          ,0.000       ,-0.515      ,0.000       ,0.050       ,880.000     ,0.000       ,-0.059      ,14.26000      ,0             ,0.000           ,0.000         ,0.000               ,-0.000              ,-0.000          ,25745.05859       ,0.00000               ,0.000         ,5.240         ,5.240         ,0.040         ,0.061         
18:18:05.981145     ,0.000       ,0.880       ,0.000       ,14.270      ,14.270      ,14.319      ,-0.049      ,-0.050      ,0.000          ,0.000       ,-0.162      ,0.000       ,0.040       ,880.000     ,0.000       ,-0.049      ,14.27000      ,0             ,0.000           ,0.000         ,0.000               ,-0.000              ,-0.000          ,25745.05859       ,0.00000               ,0.000         ,5.240         ,5.240         ,0.040         ,0.039         
18:18:05.985661     ,0.000       ,0.880       ,0.000       ,14.330      ,14.330      ,14.319      ,0.011       ,0.009       ,0.000          ,0.000       ,1.001       ,0.000       ,0.050       ,880.000     ,0.000       ,0.011       ,14.33000      ,0             ,0.000           ,0.000         ,0.000               ,-0.000              ,-0.000          ,25745.05859       ,0.00000               ,0.000         ,5.240         ,5.240         ,0.050         ,0.039         
18:18:05.995658     ,0.000       ,0.880       ,0.000       ,14.380      ,14.380      ,14.319      ,0.061       ,0.061       ,0.000          ,0.000       ,1.883       ,0.000       ,0.060       ,880.000     ,0.000       ,0.061       ,14.38000      ,0             ,0.000           ,0.000         ,0.000               ,-0.000              ,-0.000          ,25745.05664       ,0.00000               ,0.000         ,5.220         ,5.220         ,0.060         ,0.048         
18:18:06.005669     ,0.000       ,0.880       ,0.000       ,14.360      ,14.360      ,14.319      ,0.041       ,0.045       ,0.000          ,0.000       ,1.246       ,0.000       ,0.070       ,880.000     ,0.000       ,0.041       ,14.36000      ,0             ,0.000           ,0.000         ,0.000               ,-0.000              ,-0.000          ,25745.05664       ,0.00000               ,0.000         ,5.220         ,5.220         ,0.070         ,0.048         
18:18:06.015662     ,0.000       ,0.880       ,0.000       ,14.310      ,14.310      ,14.319      ,-0.009      ,-0.004      ,0.000          ,0.000       ,0.046       ,0.000       ,0.060       ,880.000     ,0.000       ,-0.009      ,14.31000      ,0             ,0.000           ,0.000         ,0.000               ,-0.000              ,-0.000          ,25745.05664       ,0.00000               ,0.000         ,5.220         ,5.220         ,0.060         ,0.057         
18:18:06.025667     ,0.000       ,0.880       ,0.000       ,14.240      ,14.240      ,14.319      ,-0.079      ,-0.075      ,0.000          ,0.000       ,-1.399      ,0.000       ,0.050       ,880.000     ,0.000       ,-0.079      ,14.24000      ,0             ,0.000           ,0.000         ,0.000               ,-0.000              ,-0.000          ,25745.05859       ,0.00000               ,0.000         ,5.220         ,5.220         ,0.050         ,0.058         
18:18:06.035672     ,0.000       ,0.880       ,0.000       ,14.210      ,14.210      ,14.319      ,-0.109      ,-0.110      ,0.000          ,0.000       ,-1.851      ,0.000       ,0.040       ,880.000     ,0.000       ,-0.109      ,14.21000      ,0             ,0.000           ,0.000         ,0.000               ,-0.000              ,-0.000          ,25745.05664       ,0.00000               ,0.000         ,5.220         ,5.220         ,0.040         ,0.057         
18:18:06.045666     ,0.000       ,0.880       ,0.000       ,14.220      ,14.220      ,14.319      ,-0.099      ,-0.102      ,0.000          ,0.000       ,-1.382      ,0.000       ,0.030       ,880.000     ,0.000       ,-0.099      ,14.22000      ,0             ,0.000           ,0.000         ,0.000               ,-0.000              ,-0.000          ,25745.05664       ,0.00000               ,0.000         ,5.220         ,5.220         ,0.030         ,0.050         
18:18:06.055702     ,0.000       ,0.880       ,0.000       ,14.250      ,14.250      ,14.319      ,-0.069      ,-0.072      ,0.000          ,0.000       ,-0.552      ,0.000       ,0.020       ,880.000     ,0.000       ,-0.069      ,14.25000      ,0             ,0.000           ,0.000         ,0.000               ,-0.000              ,-0.000          ,25745.05664       ,0.00000               ,0.000         ,5.260         ,5.260         ,0.020         ,0.030         
18:18:06.065657     ,0.000       ,0.880       ,0.000       ,14.320      ,14.320      ,14.319      ,0.001       ,-0.002      ,0.000          ,0.000       ,0.912       ,0.000       ,0.030       ,880.000     ,0.000       ,0.001       ,14.32000      ,0             ,0.000           ,0.000         ,0.000               ,-0.000              ,-0.000          ,25745.05664       ,0.00000               ,0.000         ,5.260         ,5.260         ,0.030         ,0.030         
18:18:06.089420     ,0.000       ,0.880       ,0.000       ,14.360      ,14.360      ,14.319      ,0.021       ,0.025       ,0.000          ,0.000       ,1.040       ,0.000       ,0.050       ,880.000     ,0.000       ,0.021       ,14.34000      ,0             ,0.000           ,0.000         ,0.000               ,-0.000              ,-0.000          ,25745.05664       ,0.00000               ,0.000         ,5.260         ,5.260         ,0.050         ,0.038         
18:18:06.095430     ,0.000       ,0.880       ,0.000       ,14.320      ,14.320      ,14.319      ,0.021       ,0.004       ,0.000          ,0.000       ,0.458       ,0.000       ,0.050       ,880.000     ,0.000       ,0.021       ,14.34000      ,0             ,0.000           ,0.000         ,0.000               ,-0.000              ,-0.000          ,25745.05664       ,0.00000               ,0.000         ,5.260         ,5.260         ,0.060         ,0.038         
18:18:06.095657     ,0.000       ,0.880       ,0.000       ,14.320      ,14.320      ,14.319      ,0.001       ,0.004       ,0.000          ,0.000       ,0.458       ,0.000       ,0.060       ,880.000     ,0.000       ,0.001       ,14.32000      ,0             ,0.000           ,0.000         ,0.000               ,-0.000              ,-0.000          ,25745.05664       ,0.00000               ,0.000         ,5.260         ,5.260         ,0.060         ,0.038         
18:18:06.105668     ,0.000       ,0.880       ,0.000       ,14.250      ,14.250      ,14.319      ,-0.069      ,-0.065      ,0.000          ,0.000       ,-0.970      ,0.000       ,0.050       ,880.000     ,0.000       ,-0.069      ,14.25000      ,0             ,0.000           ,0.000         ,0.000               ,-0.000              ,-0.000          ,25745.05664       ,0.00000               ,0.000         ,5.260         ,5.260         ,0.050         ,0.047         
18:18:06.115657     ,0.000       ,0.880       ,0.000       ,14.200      ,14.200      ,14.319      ,-0.119      ,-0.118      ,0.000          ,0.000       ,-1.877      ,0.000       ,0.040       ,880.000     ,0.000       ,-0.119      ,14.20000      ,0             ,0.000           ,0.000         ,0.000               ,-0.000              ,-0.000          ,25745.05664       ,0.00000               ,0.000         ,5.260         ,5.260         ,0.040         ,0.058         
18:18:06.125664     ,0.000       ,0.880       ,0.000       ,14.190      ,14.190      ,14.319      ,-0.129      ,-0.131      ,0.000          ,0.000       ,-1.819      ,0.000       ,0.030       ,880.000     ,0.000       ,-0.129      ,14.19000      ,0             ,0.000           ,0.000         ,0.000               ,-0.000              ,-0.000          ,25745.05664       ,0.00000               ,0.000         ,5.260         ,5.260         ,0.030         ,0.041         
18:18:06.135665     ,0.000       ,0.880       ,0.000       ,14.220      ,14.220      ,14.319      ,-0.099      ,-0.103      ,0.000          ,0.000       ,-0.935      ,0.000       ,0.020       ,880.000     ,0.000       ,-0.099      ,14.22000      ,0             ,0.000           ,0.000         ,0.000               ,-0.000              ,-0.000          ,25745.05664       ,0.00000               ,0.000         ,5.260         ,5.260         ,0.020         ,0.038         
18:18:06.145657     ,0.000       ,0.880       ,0.000       ,14.280      ,14.280      ,14.319      ,-0.039      ,-0.043      ,0.000          ,0.000       ,0.415       ,0.000       ,0.010       ,880.000     ,0.000       ,-0.039      ,14.28000      ,0             ,0.000           ,0.000         ,0.000               ,-0.000              ,-0.000          ,25745.05664       ,0.00000               ,0.000         ,5.260         ,5.260         ,0.010         ,0.030         
18:18:06.155662     ,0.000       ,0.880       ,0.000       ,14.330      ,14.330      ,14.319      ,0.011       ,0.011       ,0.000          ,0.000       ,1.347       ,0.000       ,0.020       ,880.000     ,0.000       ,0.011       ,14.33000      ,0             ,0.000           ,0.000         ,0.000               ,-0.000              ,-0.000          ,25745.05664       ,0.00000               ,0.000         ,5.260         ,5.260         ,0.020         ,0.000         
18:18:06.165657     ,0.000       ,0.880       ,0.000       ,14.400      ,14.400      ,14.319      ,0.081       ,0.081       ,0.000          ,0.000       ,2.530       ,0.000       ,0.030       ,880.000     ,0.000       ,0.081       ,14.40000      ,0             ,0.000           ,0.000         ,0.000               ,-0.000              ,-0.000          ,25745.05664       ,0.00000               ,0.000         ,5.270         ,5.270         ,0.030         ,0.004         
18:18:06.181123     ,0.000       ,0.880       ,0.000       ,14.390      ,14.390      ,14.319      ,0.071       ,0.076       ,0.000          ,0.000       ,1.982       ,0.000       ,0.040       ,880.000     ,0.000       ,0.071       ,14.39000      ,0             ,0.000           ,0.000         ,0.000               ,-0.000              ,-0.000          ,25745.05664       ,0.00000               ,0.000         ,5.270         ,5.270         ,0.040         ,0.028         
18:18:06.185655     ,0.000       ,0.880       ,0.000       ,14.270      ,14.270      ,14.319      ,-0.049      ,-0.040      ,0.000          ,0.000       ,-0.696      ,0.000       ,0.030       ,880.000     ,0.000       ,-0.049      ,14.27000      ,0             ,0.000           ,0.000         ,0.000               ,-0.000              ,-0.000          ,25745.05664       ,0.00000               ,0.000         ,5.270         ,5.270         ,0.030         ,0.028         
18:18:06.195657     ,0.000       ,0.880       ,0.000       ,14.240      ,14.240      ,14.319      ,-0.079      ,-0.078      ,0.000          ,0.000       ,-1.362      ,0.000       ,0.020       ,880.000     ,0.000       ,-0.079      ,14.24000      ,0             ,0.000           ,0.000         ,0.000               ,-0.000              ,-0.000          ,25745.05664       ,0.00000               ,0.000         ,5.270         ,5.270         ,0.020         ,0.041         
18:18:06.205662     ,0.000       ,0.880       ,0.000       ,14.150      ,14.150      ,14.319      ,-0.169      ,-0.167      ,0.000          ,0.000       ,-2.921      ,0.000       ,0.010       ,880.000     ,0.000       ,-0.169      ,14.15000      ,0             ,0.000           ,0.000         ,0.000               ,-0.000              ,-0.000          ,25745.05664       ,0.00000               ,0.000         ,5.270         ,5.270         ,0.010         ,0.022         
18:18:06.215653     ,0.000       ,0.880       ,0.000       ,14.190      ,14.190      ,14.319      ,-0.129      ,-0.136      ,0.000          ,0.000       ,-1.750      ,0.000       ,0.000       ,880.000     ,0.000       ,-0.129      ,14.19000      ,0             ,0.000           ,0.000         ,0.000               ,-0.000              ,-0.000          ,25745.05664       ,0.00000               ,0.000         ,5.270         ,5.270         ,0.000         ,0.018         
18:18:06.225658     ,0.000       ,0.880       ,0.000       ,14.260      ,14.260      ,14.319      ,-0.059      ,-0.065      ,0.000          ,0.000       ,-0.031      ,0.000       ,-0.010      ,880.000     ,0.000       ,-0.059      ,14.26000      ,0             ,0.000           ,0.000         ,0.000               ,-0.000              ,-0.000          ,25745.05664       ,0.00000               ,0.000         ,5.270         ,5.270         ,-0.010        ,0.011         
18:18:06.235661     ,0.000       ,0.880       ,0.000       ,14.310      ,14.310      ,14.319      ,-0.009      ,-0.010      ,0.000          ,0.000       ,1.013       ,0.000       ,0.000       ,880.000     ,0.000       ,-0.009      ,14.31000      ,0             ,0.000           ,0.000         ,0.000               ,-0.000              ,-0.000          ,25745.05664       ,0.00000               ,0.000         ,5.270         ,5.270         ,0.000         ,-0.004        
18:18:06.245656     ,0.000       ,0.880       ,0.000       ,14.400      ,14.400      ,14.319      ,0.081       ,0.079       ,0.000          ,0.000       ,2.652       ,0.000       ,0.010       ,880.000     ,0.000       ,0.081       ,14.40000      ,0             ,0.000           ,0.000         ,0.000               ,-0.000              ,-0.000          ,25745.05664       ,0.00000               ,0.000         ,5.270         ,5.270         ,0.010         ,-0.006        
18:18:06.255717     ,0.000       ,0.880       ,0.000       ,14.400      ,14.400      ,14.319      ,0.081       ,0.086       ,0.000          ,0.000       ,2.306       ,0.000       ,0.020       ,880.000     ,0.000       ,0.081       ,14.40000      ,0             ,0.000           ,0.000         ,0.000               ,-0.000              ,-0.000          ,25745.05664       ,0.00000               ,0.000         ,5.270         ,5.270         ,0.020         ,0.009         
18:18:06.265665     ,0.000       ,0.880       ,0.000       ,14.310      ,14.310      ,14.319      ,-0.009      ,-0.001      ,0.000          ,0.000       ,0.156       ,0.000       ,0.030       ,880.000     ,0.000       ,-0.009      ,14.31000      ,0             ,0.000           ,0.000         ,0.000               ,-0.000              ,-0.000          ,25745.05664       ,0.00000               ,0.000         ,5.270         ,5.270         ,0.030         ,0.009         
18:18:06.288981     ,0.000       ,0.880       ,0.000       ,14.240      ,14.240      ,14.319      ,-0.159      ,-0.158      ,0.000          ,0.000       ,-2.763      ,0.000       ,0.010       ,880.000     ,0.000       ,-0.159      ,14.16000      ,0             ,0.000           ,0.000         ,0.000               ,-0.000              ,-0.000          ,25745.05664       ,0.00000               ,0.000         ,5.260         ,5.260         ,0.010         ,0.020         
18:18:06.295615     ,0.000       ,0.880       ,0.000       ,14.180      ,14.180      ,14.319      ,-0.159      ,-0.158      ,0.000          ,0.000       ,-2.763      ,0.000       ,0.010       ,880.000     ,0.000       ,-0.159      ,14.16000      ,0             ,0.000           ,0.000         ,0.000               ,-0.000              ,-0.000          ,25745.05664       ,0.00000               ,0.000         ,5.260         ,5.260         ,0.000         ,0.020         
18:18:06.295698     ,0.000       ,0.880       ,0.000       ,14.180      ,14.180      ,14.319      ,-0.139      ,-0.144      ,0.000          ,0.000       ,-1.996      ,0.000       ,0.000       ,880.000     ,0.000       ,-0.139      ,14.18000      ,0             ,0.000           ,0.000         ,0.000               ,-0.000              ,-0.000          ,25745.05664       ,0.00000               ,0.000         ,5.260         ,5.260         ,0.000         ,0.020         
18:18:06.305657     ,0.000       ,0.880       ,0.000       ,14.220      ,14.220      ,14.319      ,-0.099      ,-0.104      ,0.000          ,0.000       ,-0.835      ,0.000       ,-0.010      ,880.000     ,0.000       ,-0.099      ,14.22000      ,0             ,0.000           ,0.000         ,0.000               ,-0.000              ,-0.000          ,25745.05664       ,0.00000               ,0.000         ,5.260         ,5.260         ,-0.010        ,0.011         
18:18:06.315656     ,0.000       ,0.880       ,0.000       ,14.270      ,14.270      ,14.319      ,-0.049      ,-0.052      ,0.000          ,0.000       ,0.324       ,0.000       ,-0.020      ,880.000     ,0.000       ,-0.049      ,14.27000      ,0             ,0.000           ,0.000         ,0.000               ,-0.000              ,-0.000          ,25745.05664       ,0.00000               ,0.000         ,5.260         ,5.260         ,-0.020        ,0.003         
18:18:06.335406     ,0.000       ,0.880       ,0.000       ,14.400      ,14.400      ,14.319      ,0.021       ,0.020       ,0.000          ,0.000       ,1.643       ,0.000       ,-0.010      ,880.000     ,0.000       ,0.021       ,14.34000      ,0             ,0.000           ,0.000         ,0.000               ,-0.000              ,-0.000          ,25745.05664       ,0.00000               ,0.000         ,5.260         ,5.260         ,0.000         ,-0.014        
18:18:06.335651     ,0.000       ,0.880       ,0.000       ,14.400      ,14.400      ,14.319      ,0.081       ,0.082       ,0.000          ,0.000       ,2.605       ,0.000       ,0.000       ,880.000     ,0.000       ,0.081       ,14.40000      ,0             ,0.000           ,0.000         ,0.000               ,-0.000              ,-0.000          ,25745.05664       ,0.00000               ,0.000         ,5.260         ,5.260         ,0.000         ,-0.014        
18:18:06.355691     ,0.000       ,0.880       ,0.000       ,14.330      ,14.330      ,14.319      ,0.061       ,0.067       ,0.000          ,0.000       ,1.836       ,0.000       ,0.010       ,880.000     ,0.000       ,0.061       ,14.38000      ,0             ,0.000           ,0.000         ,0.000               ,-0.000              ,-0.000          ,25745.05664       ,0.00000               ,0.000         ,5.260         ,5.260         ,0.010         ,-0.003        
18:18:06.365426     ,0.000       ,0.880       ,0.000       ,14.210      ,14.210      ,14.319      ,0.011       ,0.017       ,0.000          ,0.000       ,0.513       ,0.000       ,0.020       ,880.000     ,0.000       ,0.011       ,14.33000      ,0             ,0.000           ,0.000         ,0.000               ,-0.000              ,-0.000          ,25745.05664       ,0.00000               ,0.000         ,5.260         ,5.260         ,0.010         ,0.005         
18:18:06.365649     ,0.000       ,0.880       ,0.000       ,14.210      ,14.210      ,14.319      ,-0.109      ,-0.103      ,0.000          ,0.000       ,-1.939      ,0.000       ,0.010       ,880.000     ,0.000       ,-0.109      ,14.21000      ,0             ,0.000           ,0.000         ,0.000               ,-0.000              ,-0.000          ,25745.05664       ,0.00000               ,0.000         ,5.260         ,5.260         ,0.010         ,0.005         
18:18:06.381385     ,0.000       ,0.880       ,0.000       ,14.160      ,14.160      ,14.319      ,-0.159      ,-0.160      ,0.000          ,0.000       ,-2.734      ,0.000       ,0.000       ,880.000     ,0.000       ,-0.159      ,14.16000      ,0             ,0.000           ,0.000         ,0.000               ,-0.000              ,-0.000          ,25745.05664       ,0.00000               ,0.000         ,5.260         ,5.260         ,0.000         ,0.011         
18:18:06.385666     ,0.000       ,0.880       ,0.000       ,14.140      ,14.140      ,14.319      ,-0.179      ,-0.183      ,0.000          ,0.000       ,-2.695      ,0.000       ,-0.010      ,880.000     ,0.000       ,-0.179      ,14.14000      ,0             ,0.000           ,0.000         ,0.000               ,-0.000              ,-0.000          ,25745.05664       ,0.00000               ,0.000         ,5.260         ,5.260         ,-0.010        ,0.011         
18:18:06.395658     ,0.000       ,0.880       ,0.000       ,14.190      ,14.190      ,14.319      ,-0.129      ,-0.136      ,0.000          ,0.000       ,-1.261      ,0.000       ,-0.020      ,880.000     ,0.000       ,-0.129      ,14.19000      ,0             ,0.000           ,0.000         ,0.000               ,-0.000              ,-0.000          ,25745.05664       ,0.00000               ,0.000         ,5.260         ,5.260         ,-0.020        ,-0.008        
18:18:06.405670     ,0.000       ,0.880       ,0.000       ,14.340      ,14.340      ,14.319      ,0.021       ,0.013       ,0.000          ,0.000       ,1.919       ,0.000       ,-0.010      ,880.000     ,0.000       ,0.021       ,14.34000      ,0             ,0.000           ,0.000         ,0.000               ,-0.000              ,-0.000          ,25745.05664       ,0.00000               ,0.000         ,5.260         ,5.260         ,-0.010        ,-0.020        
18:18:06.425520     ,0.000       ,0.880       ,0.000       ,14.390      ,14.390      ,14.319      ,0.061       ,0.063       ,0.000          ,0.000       ,2.578       ,0.000       ,0.000       ,880.000     ,0.000       ,0.061       ,14.38000      ,0             ,0.000           ,0.000         ,0.000               ,-0.000              ,-0.000          ,25745.05664       ,0.00000               ,0.000         ,5.260         ,5.260         ,0.010         ,-0.011        
18:18:06.425650     ,0.000       ,0.880       ,0.000       ,14.390      ,14.390      ,14.319      ,0.071       ,0.076       ,0.000          ,0.000       ,2.368       ,0.000       ,0.010       ,880.000     ,0.000       ,0.071       ,14.39000      ,0             ,0.000           ,0.000         ,0.000               ,-0.000              ,-0.000          ,25745.05664       ,0.00000               ,0.000         ,5.260         ,5.260         ,0.010         ,-0.011        
18:18:06.435677     ,0.000       ,0.880       ,0.000       ,14.360      ,14.360      ,14.319      ,0.041       ,0.047       ,0.000          ,0.000       ,1.367       ,0.000       ,0.020       ,880.000     ,0.000       ,0.041       ,14.36000      ,0             ,0.000           ,0.000         ,0.000               ,-0.000              ,-0.000          ,25745.05664       ,0.00000               ,0.000         ,5.260         ,5.260         ,0.020         ,-0.004        
18:18:06.445659     ,0.000       ,0.880       ,0.000       ,14.260      ,14.260      ,14.319      ,-0.059      ,-0.052      ,0.000          ,0.000       ,-0.842      ,0.000       ,0.010       ,880.000     ,0.000       ,-0.059      ,14.26000      ,0             ,0.000           ,0.000         ,0.000               ,-0.000              ,-0.000          ,25745.05664       ,0.00000               ,0.000         ,5.260         ,5.260         ,0.010         ,0.015         
18:18:06.465419     ,0.000       ,0.880       ,0.000       ,14.180      ,14.180      ,14.319      ,-0.129      ,-0.127      ,0.000          ,0.000       ,-2.213      ,0.000       ,0.000       ,880.000     ,0.000       ,-0.129      ,14.19000      ,0             ,0.000           ,0.000         ,0.000               ,-0.000              ,-0.000          ,25745.05664       ,0.00000               ,0.000         ,5.260         ,5.260         ,-0.010        ,0.008         
18:18:06.465650     ,0.000       ,0.880       ,0.000       ,14.180      ,14.180      ,14.319      ,-0.139      ,-0.142      ,0.000          ,0.000       ,-2.125      ,0.000       ,-0.010      ,880.000     ,0.000       ,-0.139      ,14.18000      ,0             ,0.000           ,0.000         ,0.000               ,-0.000              ,-0.000          ,25745.05664       ,0.00000               ,0.000         ,5.260         ,5.260         ,-0.010        ,0.008         
18:18:06.481285     ,0.000       ,0.880       ,0.000       ,14.200      ,14.200      ,14.319      ,-0.119      ,-0.123      ,0.000          ,0.000       ,-1.372      ,0.000       ,-0.020      ,880.000     ,0.000       ,-0.119      ,14.20000      ,0             ,0.000           ,0.000         ,0.000               ,-0.000              ,-0.000          ,25745.05664       ,0.00000               ,0.000         ,5.260         ,5.260         ,-0.020        ,-0.009        
18:18:06.485661     ,0.000       ,0.880       ,0.000       ,14.260      ,14.260      ,14.319      ,-0.059      ,-0.063      ,0.000          ,0.000       ,0.053       ,0.000       ,-0.030      ,880.000     ,0.000       ,-0.059      ,14.26000      ,0             ,0.000           ,0.000         ,0.000               ,-0.000              ,-0.000          ,25745.05664       ,0.00000               ,0.000         ,5.260         ,5.260         ,-0.030        ,-0.009        
18:18:06.495662     ,0.000       ,0.880       ,0.000       ,14.330      ,14.330      ,14.319      ,0.011       ,0.009       ,0.000          ,0.000       ,1.444       ,0.000       ,-0.020      ,880.000     ,0.000       ,0.011       ,14.33000      ,0             ,0.000           ,0.000         ,0.000               ,-0.000              ,-0.000          ,25745.05664       ,0.00000               ,0.000         ,5.260         ,5.260         ,-0.020        ,-0.019        
18:18:06.505660     ,0.000       ,0.880       ,0.000       ,14.380      ,14.380      ,14.319      ,0.061       ,0.062       ,0.000          ,0.000       ,2.257       ,0.000       ,-0.010      ,880.000     ,0.000       ,0.061       ,14.38000      ,0             ,0.000           ,0.000         ,0.000               ,-0.000              ,-0.000          ,25745.05664       ,0.00000               ,0.000         ,5.260         ,5.260         ,-0.010        ,-0.029        
18:18:06.515660     ,0.000       ,0.880       ,0.000       ,14.400      ,14.400      ,14.319      ,0.081       ,0.085       ,0.000          ,0.000       ,2.311       ,0.000       ,0.000       ,880.000     ,0.000       ,0.081       ,14.40000      ,0             ,0.000           ,0.000         ,0.000               ,-0.000              ,-0.000          ,25745.05664       ,0.00000               ,0.000         ,5.260         ,5.260         ,0.000         ,-0.014        
18:18:06.525658     ,0.000       ,0.880       ,0.000       ,14.310      ,14.310      ,14.319      ,-0.009      ,-0.001      ,0.000          ,0.000       ,0.189       ,0.000       ,0.010       ,880.000     ,0.000       ,-0.009      ,14.31000      ,0             ,0.000           ,0.000         ,0.000               ,-0.000              ,-0.000          ,25745.05664       ,0.00000               ,0.000         ,5.260         ,5.260         ,0.010         ,-0.001        
18:18:06.535659     ,0.000       ,0.880       ,0.000       ,14.250      ,14.250      ,14.319      ,-0.069      ,-0.066      ,0.000          ,0.000       ,-1.118      ,0.000       ,0.000       ,880.000     ,0.000       ,-0.069      ,14.25000      ,0             ,0.000           ,0.000         ,0.000               ,-0.000              ,-0.000          ,25745.05664       ,0.00000               ,0.000         ,5.260         ,5.260         ,0.000         ,0.004         
18:18:06.545655     ,0.000       ,0.880       ,0.000       ,14.160      ,14.160      ,14.319      ,-0.159      ,-0.157      ,0.000          ,0.000       ,-2.758      ,0.000       ,-0.010      ,880.000     ,0.000       ,-0.159      ,14.16000      ,0             ,0.000           ,0.000         ,0.000               ,-0.000              ,-0.000          ,25745.05664       ,0.00000               ,0.000         ,5.260         ,5.260         ,-0.010        ,0.000         
18:18:06.555667     ,0.000       ,0.880       ,0.000       ,14.150      ,14.150      ,14.319      ,-0.169      ,-0.173      ,0.000          ,0.000       ,-2.584      ,0.000       ,-0.020      ,880.000     ,0.000       ,-0.169      ,14.15000      ,0             ,0.000           ,0.000         ,0.000               ,-0.000              ,-0.000          ,25745.05664       ,0.00000               ,0.000         ,5.220         ,5.220         ,-0.020        ,-0.004        
18:18:06.565657     ,0.000       ,0.880       ,0.000       ,14.240      ,14.240      ,14.319      ,-0.079      ,-0.087      ,0.000          ,0.000       ,-0.393      ,0.000       ,-0.030      ,880.000     ,0.000       ,-0.079      ,14.24000      ,0             ,0.000           ,0.000         ,0.000               ,-0.000              ,-0.000          ,25745.05664       ,0.00000               ,0.000         ,5.220         ,5.220         ,-0.030        ,-0.017        
18:18:06.581276     ,0.000       ,0.880       ,0.000       ,14.300      ,14.300      ,14.319      ,-0.019      ,-0.022      ,0.000          ,0.000       ,0.947       ,0.000       ,-0.020      ,880.000     ,0.000       ,-0.019      ,14.30000      ,0             ,0.000           ,0.000         ,0.000               ,-0.000              ,-0.000          ,25745.05664       ,0.00000               ,0.000         ,5.220         ,5.220         ,-0.020        ,-0.027        
18:18:06.585665     ,0.000       ,0.880       ,0.000       ,14.380      ,14.380      ,14.319      ,0.061       ,0.059       ,0.000          ,0.000       ,2.428       ,0.000       ,-0.010      ,880.000     ,0.000       ,0.061       ,14.38000      ,0             ,0.000           ,0.000         ,0.000               ,-0.000              ,-0.000          ,25745.05664       ,0.00000               ,0.000         ,5.220         ,5.220         ,-0.010        ,-0.027        
18:18:06.595668     ,0.000       ,0.880       ,0.000       ,14.400      ,14.400      ,14.319      ,0.081       ,0.085       ,0.000          ,0.000       ,2.498       ,0.000       ,0.000       ,880.000     ,0.000       ,0.081       ,14.40000      ,0             ,0.000           ,0.000         ,0.000               ,-0.000              ,-0.000          ,25745.05664       ,0.00000               ,0.000         ,5.220         ,5.220         ,0.000         ,-0.023        
18:18:06.605661     ,0.000       ,0.880       ,0.000       ,14.340      ,14.340      ,14.319      ,0.021       ,0.028       ,0.000          ,0.000       ,0.917       ,0.000       ,0.010       ,880.000     ,0.000       ,0.021       ,14.34000      ,0             ,0.000           ,0.000         ,0.000               ,-0.000              ,-0.000          ,25745.05664       ,0.00000               ,0.000         ,5.220         ,5.220         ,0.010         ,-0.013        
18:18:06.615656     ,0.000       ,0.880       ,0.000       ,14.280      ,14.280      ,14.319      ,-0.039      ,-0.035      ,0.000          ,0.000       ,-0.480      ,0.000       ,0.000       ,880.000     ,0.000       ,-0.039      ,14.28000      ,0             ,0.000           ,0.000         ,0.000               ,-0.000              ,-0.000          ,25745.05664       ,0.00000               ,0.000         ,5.240         ,5.240         ,0.000         ,0.006         
18:18:06.625716     ,0.000       ,0.880       ,0.000       ,14.190      ,14.190      ,14.319      ,-0.129      ,-0.125      ,0.000          ,0.000       ,-2.246      ,0.000       ,-0.010      ,880.000     ,0.000       ,-0.129      ,14.19000      ,0             ,0.000           ,0.000         ,0.000               ,-0.000              ,-0.000          ,25745.05664       ,0.00000               ,0.000         ,5.240         ,5.240         ,-0.010        ,-0.003        
18:18:06.635670     ,0.000       ,0.880       ,0.000       ,14.180      ,14.180      ,14.319      ,-0.139      ,-0.142      ,0.000          ,0.000       ,-2.180      ,0.000       ,-0.020      ,880.000     ,0.000       ,-0.139      ,14.18000      ,0             ,0.000           ,0.000         ,0.000               ,-0.000              ,-0.000          ,25745.05664       ,0.00000               ,0.000         ,5.240         ,5.240         ,-0.020        ,-0.003        
18:18:06.645668     ,0.000       ,0.880       ,0.000       ,14.220      ,14.220      ,14.319      ,-0.099      ,-0.104      ,0.000          ,0.000       ,-1.034      ,0.000       ,-0.030      ,880.000     ,0.000       ,-0.099      ,14.22000      ,0             ,0.000           ,0.000         ,0.000               ,-0.000              ,-0.000          ,25745.05664       ,0.00000               ,0.000         ,5.240         ,5.240         ,-0.030        ,-0.005        
18:18:06.655669     ,0.000       ,0.880       ,0.000       ,14.280      ,14.280      ,14.319      ,-0.039      ,-0.043      ,0.000          ,0.000       ,0.354       ,0.000       ,-0.040      ,880.000     ,0.000       ,-0.039      ,14.28000      ,0             ,0.000           ,0.000         ,0.000               ,-0.000              ,-0.000          ,25745.05664       ,0.00000               ,0.000         ,5.240         ,5.240         ,-0.040        ,-0.029        
18:18:06.665654     ,0.000       ,0.880       ,0.000       ,14.370      ,14.370      ,14.319      ,0.051       ,0.049       ,0.000          ,0.000       ,2.068       ,0.000       ,-0.030      ,880.000     ,0.000       ,0.051       ,14.37000      ,0             ,0.000           ,0.000         ,0.000               ,-0.000              ,-0.000          ,25745.05664       ,0.00000               ,0.000         ,5.240         ,5.240         ,-0.030        ,-0.030        
18:18:06.691274     ,0.000       ,0.880       ,0.000       ,14.380      ,14.380      ,14.319      ,0.061       ,0.066       ,0.000          ,0.000       ,1.648       ,0.000       ,-0.010      ,880.000     ,0.000       ,0.061       ,14.38000      ,0             ,0.000           ,0.000         ,0.000               ,-0.000              ,-0.000          ,25745.05664       ,0.00000               ,0.000         ,5.230         ,5.230         ,-0.010        ,-0.030        
18:18:06.695501     ,0.000       ,0.880       ,0.000       ,14.340      ,14.340      ,14.319      ,0.061       ,0.066       ,0.000          ,0.000       ,1.648       ,0.000       ,-0.010      ,880.000     ,0.000       ,0.061       ,14.38000      ,2147483646    ,-0.000          ,359.824       ,0.000               ,-0.000              ,-0.000          ,25745.05664       ,0.00000               ,0.000         ,5.230         ,5.230         ,0.000         ,-0.030        
18:18:06.695655     ,0.000       ,0.880       ,0.000       ,14.340      ,14.340      ,14.319      ,0.021       ,0.026       ,0.000          ,0.000       ,0.569       ,0.000       ,0.000       ,880.000     ,0.000       ,0.021       ,14.34000      ,2147483646    ,-0.000          ,359.824       ,0.000               ,-0.000              ,-0.001          ,25745.05664       ,0.01533               ,0.000         ,5.230         ,5.230         ,0.000         ,-0.030        
18:18:06.706512     ,0.000       ,0.880       ,0.000       ,14.240      ,14.240      ,14.319      ,-0.079      ,-0.074      ,0.000          ,0.000       ,-1.493      ,0.000       ,-0.010      ,880.000     ,0.000       ,-0.079      ,14.24000      ,2147483646    ,-0.000          ,359.824       ,0.000               ,-0.000              ,-0.001          ,25745.05664       ,0.01533               ,0.000         ,5.230         ,5.230         ,-0.010        ,-0.001        
18:18:06.715654     ,0.000       ,0.880       ,0.000       ,14.190      ,14.190      ,14.319      ,-0.129      ,-0.129      ,0.000          ,0.000       ,-2.345      ,0.000       ,-0.020      ,880.000     ,0.000       ,-0.129      ,14.19000      ,2147483646    ,-0.000          ,359.824       ,0.000               ,-0.000              ,-0.002          ,25745.05664       ,0.00000               ,0.001         ,5.230         ,5.230         ,-0.020        ,-0.001        
18:18:06.725654     ,0.000       ,0.880       ,0.000       ,14.180      ,14.180      ,14.319      ,-0.139      ,-0.142      ,0.000          ,0.000       ,-2.193      ,0.000       ,-0.030      ,880.000     ,0.000       ,-0.139      ,14.18000      ,2147483646    ,-0.000          ,359.824       ,0.000               ,-0.000              ,-0.002          ,25745.05664       ,0.00000               ,0.001         ,5.230         ,5.230         ,-0.030        ,-0.018        
18:18:06.735657     ,0.000       ,0.880       ,0.000       ,14.210      ,14.210      ,14.319      ,-0.109      ,-0.114      ,0.000          ,0.000       ,-1.231      ,0.000       ,-0.040      ,880.000     ,0.000       ,-0.109      ,14.21000      ,2147483646    ,-0.000          ,359.824       ,0.000               ,-0.000              ,-0.003          ,25745.05664       ,0.00000               ,0.001         ,5.230         ,5.230         ,-0.040        ,-0.013        
18:18:06.745664     ,0.000       ,0.880       ,0.000       ,14.320      ,14.320      ,14.319      ,0.001       ,-0.005      ,0.000          ,0.000       ,1.142       ,0.000       ,-0.030      ,880.000     ,0.000       ,0.001       ,14.32000      ,2147483646    ,-0.000          ,359.824       ,0.000               ,-0.000              ,-0.003          ,25745.05664       ,0.00000               ,0.001         ,5.230         ,5.230         ,-0.030        ,-0.028        
18:18:06.755667     ,0.000       ,0.880       ,0.000       ,14.370      ,14.370      ,14.319      ,0.051       ,0.051       ,0.000          ,0.000       ,2.083       ,0.000       ,-0.020      ,880.000     ,0.000       ,0.051       ,14.37000      ,2147483646    ,-0.000          ,359.824       ,0.000               ,-0.000              ,-0.003          ,25745.05664       ,0.00000               ,0.001         ,5.230         ,5.230         ,-0.020        ,-0.032        
18:18:06.765654     ,0.000       ,0.880       ,0.000       ,14.430      ,14.430      ,14.319      ,0.111       ,0.113       ,0.000          ,0.000       ,2.949       ,0.000       ,-0.010      ,880.000     ,0.000       ,0.111       ,14.43000      ,2147483646    ,-0.000          ,359.824       ,0.000               ,-0.000              ,-0.003          ,25745.05664       ,0.00000               ,0.001         ,5.230         ,5.230         ,-0.010        ,-0.018        
18:18:06.781172     ,0.000       ,0.880       ,0.000       ,14.390      ,14.390      ,14.319      ,0.071       ,0.078       ,0.000          ,0.000       ,1.722       ,0.000       ,0.000       ,880.000     ,0.000       ,0.071       ,14.39000      ,2147483646    ,-0.000          ,359.824       ,0.000               ,-0.000              ,-0.004          ,25745.05664       ,0.00000               ,0.001         ,5.230         ,5.230         ,0.000         ,-0.013        
18:18:06.785663     ,0.000       ,0.880       ,0.000       ,14.300      ,14.300      ,14.319      ,-0.019      ,-0.012      ,0.000          ,0.000       ,-0.379      ,0.000       ,-0.010      ,880.000     ,0.000       ,-0.019      ,14.30000      ,2147483646    ,-0.000          ,359.824       ,0.000               ,-0.000              ,-0.004          ,25745.05664       ,0.00000               ,0.001         ,5.230         ,5.230         ,-0.010        ,-0.013        
18:18:06.795658     ,0.000       ,0.880       ,0.000       ,14.250      ,14.250      ,14.319      ,-0.069      ,-0.067      ,0.000          ,0.000       ,-1.448      ,0.000       ,-0.020      ,880.000     ,0.000       ,-0.069      ,14.25000      ,2147483646    ,-0.000          ,359.824       ,0.000               ,-0.000              ,-0.003          ,25745.05664       ,0.00000               ,0.001         ,5.230         ,5.230         ,-0.020        ,-0.001        
18:18:06.805668     ,0.000       ,0.880       ,0.000       ,14.200      ,14.200      ,14.319      ,-0.119      ,-0.119      ,0.000          ,0.000       ,-2.252      ,0.000       ,-0.030      ,880.000     ,0.000       ,-0.119      ,14.20000      ,2147483646    ,-0.000          ,359.824       ,0.000               ,-0.000              ,-0.003          ,25745.05664       ,0.00000               ,0.001         ,5.230         ,5.230         ,-0.030        ,-0.019        
18:18:06.815655     ,0.000       ,0.880       ,0.000       ,14.220      ,14.220      ,14.319      ,-0.099      ,-0.103      ,0.000          ,0.000       ,-1.539      ,0.000       ,-0.040      ,880.000     ,0.000       ,-0.099      ,14.22000      ,2147483646    ,-0.000          ,359.824       ,0.000               ,-0.000              ,-0.002          ,25745.05664       ,0.00000               ,0.001         ,5.230         ,5.230         ,-0.040        ,-0.014        
18:18:06.825700     ,0.000       ,0.880       ,0.000       ,14.280      ,14.280      ,14.319      ,-0.039      ,-0.044      ,0.000          ,0.000       ,-0.086      ,0.000       ,-0.050      ,880.000     ,0.000       ,-0.039      ,14.28000      ,2147483646    ,-0.000          ,359.824       ,0.000               ,-0.000              ,-0.002          ,25745.05664       ,0.00000               ,0.001         ,5.230         ,5.230         ,-0.050        ,-0.028        
18:18:06.835658     ,0.000       ,0.880       ,0.000       ,14.340      ,14.340      ,14.319      ,0.021       ,0.019       ,0.000          ,0.000       ,1.142       ,0.000       ,-0.040      ,880.000     ,0.000       ,0.021       ,14.34000      ,2147483646    ,-0.000          ,359.824       ,0.000               ,-0.000              ,-0.002          ,25745.05664       ,0.00000               ,0.001         ,5.230         ,5.230         ,-0.040        ,-0.041        
18:18:06.845657     ,0.000       ,0.880       ,0.000       ,14.400      ,14.400      ,14.319      ,0.081       ,0.081       ,0.000          ,0.000       ,2.193       ,0.000       ,-0.030      ,880.000     ,0.000       ,0.081       ,14.40000      ,2147483646    ,-0.000          ,359.824       ,0.000               ,-0.000              ,-0.001          ,25745.05664       ,0.00000               ,0.000         ,5.230         ,5.230         ,-0.030        ,-0.051        
18:18:06.855667     ,0.000       ,0.880       ,0.000       ,14.430      ,14.430      ,14.319      ,0.111       ,0.114       ,0.000          ,0.000       ,2.469       ,0.000       ,-0.020      ,880.000     ,0.000       ,0.111       ,14.43000      ,2147483646    ,-0.000          ,359.824       ,0.000               ,-0.000              ,-0.001          ,25745.05664       ,0.00000               ,0.000         ,5.230         ,5.230         ,-0.020        ,-0.043        
18:18:06.865657     ,0.000       ,0.880       ,0.000       ,14.340      ,14.340      ,14.319      ,0.021       ,0.030       ,0.000          ,0.000       ,0.332       ,0.000       ,-0.010      ,880.000     ,0.000       ,0.021       ,14.34000      ,2147483646    ,-0.000          ,359.824       ,0.000               ,-0.000              ,-0.001          ,25745.05664       ,0.00000               ,0.000         ,5.230         ,5.230         ,-0.010        ,-0.022        
18:18:06.881212     ,0.000       ,0.880       ,0.000       ,14.270      ,14.270      ,14.319      ,-0.049      ,-0.045      ,0.000          ,0.000       ,-1.184      ,0.000       ,-0.020      ,880.000     ,0.000       ,-0.049      ,14.27000      ,2147483646    ,-0.000          ,359.824       ,0.000               ,-0.000              ,-0.001          ,25745.05664       ,0.00000               ,0.000         ,5.230         ,5.230         ,-0.020        ,-0.013        
18:18:06.885668     ,0.000       ,0.880       ,0.000       ,14.240      ,14.240      ,14.319      ,-0.079      ,-0.079      ,0.000          ,0.000       ,-1.672      ,0.000       ,-0.030      ,880.000     ,0.000       ,-0.079      ,14.24000      ,2147483646    ,-0.000          ,359.824       ,0.000               ,-0.000              ,-0.001          ,25745.05664       ,0.00000               ,0.000         ,5.230         ,5.230         ,-0.030        ,-0.013        
18:18:06.895663     ,0.000       ,0.880       ,0.000       ,14.210      ,14.210      ,14.319      ,-0.109      ,-0.110      ,0.000          ,0.000       ,-2.007      ,0.000       ,-0.040      ,880.000     ,0.000       ,-0.109      ,14.21000      ,2147483646    ,-0.000          ,359.824       ,0.000               ,-0.000              ,-0.001          ,25745.05664       ,0.00000               ,0.000         ,5.230         ,5.230         ,-0.040        ,-0.019        
18:18:06.905668     ,0.000       ,0.880       ,0.000       ,14.270      ,14.270      ,14.319      ,-0.049      ,-0.055      ,0.000          ,0.000       ,-0.540      ,0.000       ,-0.050      ,880.000     ,0.000       ,-0.049      ,14.27000      ,2147483646    ,-0.000          ,359.824       ,0.000               ,-0.000              ,-0.001          ,25745.05664       ,0.00000               ,0.000         ,5.230         ,5.230         ,-0.050        ,-0.037        
18:18:06.915656     ,0.000       ,0.880       ,0.000       ,14.320      ,14.320      ,14.319      ,0.001       ,-0.001      ,0.000          ,0.000       ,0.584       ,0.000       ,-0.040      ,880.000     ,0.000       ,0.001       ,14.32000      ,2147483646    ,-0.000          ,359.824       ,0.000               ,-0.000              ,-0.000          ,25745.05664       ,0.00000               ,0.000         ,5.230         ,5.230         ,-0.040        ,-0.051        
18:18:06.925668     ,0.000       ,0.880       ,0.000       ,14.400      ,14.400      ,14.319      ,0.081       ,0.079       ,0.000          ,0.000       ,2.119       ,0.000       ,-0.030      ,880.000     ,0.000       ,0.081       ,14.40000      ,2147483646    ,-0.000          ,359.824       ,0.000               ,-0.000              ,-0.000          ,25745.05664       ,0.00000               ,0.000         ,5.230         ,5.230         ,-0.030        ,-0.050        
18:18:06.935663     ,0.000       ,0.880       ,0.000       ,14.400      ,14.400      ,14.319      ,0.081       ,0.085       ,0.000          ,0.000       ,1.868       ,0.000       ,-0.020      ,880.000     ,0.000       ,0.081       ,14.40000      ,2147483646    ,-0.000          ,359.824       ,0.000               ,-0.000              ,-0.000          ,25745.05664       ,0.00000               ,0.000         ,5.230         ,5.230         ,-0.020        ,-0.034        
18:18:06.945665     ,0.000       ,0.880       ,0.000       ,14.370      ,14.370      ,14.319      ,0.051       ,0.056       ,0.000          ,0.000       ,0.961       ,0.000       ,-0.010      ,880.000     ,0.000       ,0.051       ,14.37000      ,2147483646    ,-0.000          ,359.824       ,0.000               ,-0.000              ,-0.000          ,25745.05664       ,0.00000               ,0.000         ,5.230         ,5.230         ,-0.010        ,-0.030        
18:18:06.955664     ,0.000       ,0.880       ,0.000       ,14.340      ,14.340      ,14.319      ,0.021       ,0.024       ,0.000          ,0.000       ,0.180       ,0.000       ,0.000       ,880.000     ,0.000       ,0.021       ,14.34000      ,2147483646    ,-0.000          ,359.824       ,0.000               ,-0.000              ,-0.000          ,25745.05664       ,0.00000               ,0.000         ,5.230         ,5.230         ,0.000         ,-0.020        
18:18:06.965656     ,0.000       ,0.880       ,0.000       ,14.260      ,14.260      ,14.319      ,-0.059      ,-0.055      ,0.000          ,0.000       ,-1.401      ,0.000       ,-0.010      ,880.000     ,0.000       ,-0.059      ,14.26000      ,2147483646    ,-0.000          ,359.824       ,0.000               ,-0.000              ,-0.000          ,25745.05664       ,0.00000               ,0.000         ,5.230         ,5.230         ,-0.010        ,0.000         
18:18:06.981185     ,0.000       ,0.880       ,0.000       ,14.220      ,14.220      ,14.319      ,-0.099      ,-0.099      ,0.000          ,0.000       ,-2.044      ,0.000       ,-0.020      ,880.000     ,0.000       ,-0.099      ,14.22000      ,2147483646    ,-0.000          ,359.824       ,0.000               ,-0.000              ,-0.000          ,25745.05664       ,0.00000               ,0.000         ,5.230         ,5.230         ,-0.020        ,-0.008        
18:18:06.985667     ,0.000       ,0.880       ,0.000       ,14.260      ,14.260      ,14.319      ,-0.059      ,-0.064      ,0.000          ,0.000       ,-0.975      ,0.000       ,-0.030      ,880.000     ,0.000       ,-0.059      ,14.26000      ,2147483646    ,-0.000          ,359.824       ,0.000               ,-0.000              ,-0.000          ,25745.05664       ,0.00000               ,0.000         ,5.230         ,5.230         ,-0.030        ,-0.008        
18:18:06.995664     ,0.000       ,0.880       ,0.000       ,14.300      ,14.300      ,14.319      ,-0.019      ,-0.022      ,0.000          ,0.000       ,0.012       ,0.000       ,-0.040      ,880.000     ,0.000       ,-0.019      ,14.30000      ,2147483646    ,-0.000          ,359.824       ,0.000               ,-0.000              ,-0.000          ,25745.05664       ,0.00000               ,0.000         ,5.230         ,5.230         ,-0.040        ,-0.019        
18:18:07.005662     ,0.000       ,0.880       ,0.000       ,14.390      ,14.390      ,14.319      ,0.071       ,0.068       ,0.000          ,0.000       ,1.763       ,0.000       ,-0.030      ,880.000     ,0.000       ,0.071       ,14.39000      ,2147483646    ,-0.000          ,359.824       ,0.000               ,-0.000              ,-0.000          ,25745.05664       ,0.00000               ,0.000         ,5.230         ,5.230         ,-0.030        ,-0.028        
18:18:07.015657     ,0.000       ,0.880       ,0.000       ,14.420      ,14.420      ,14.319      ,0.071       ,0.074       ,0.000          ,0.000       ,1.581       ,0.000       ,-0.020      ,880.000     ,0.000       ,0.071       ,14.39000      ,2147483646    ,-0.000          ,359.824       ,0.000               ,-0.000              ,-0.000          ,25745.05664       ,0.00000               ,0.000         ,5.230         ,5.230         ,-0.020        ,-0.029        
18:18:07.025665     ,0.000       ,0.880       ,0.000       ,14.400      ,14.400      ,14.319      ,0.081       ,0.084       ,0.000          ,0.000       ,1.502       ,0.000       ,-0.010      ,880.000     ,0.000       ,0.081       ,14.40000      ,2147483646    ,-0.000          ,359.824       ,0.000               ,-0.000              ,-0.000          ,25745.05664       ,0.00000               ,0.000         ,5.230         ,5.230         ,-0.010        ,-0.020        
18:18:07.035657     ,0.000       ,0.880       ,0.000       ,14.370      ,14.370      ,14.319      ,0.051       ,0.055       ,0.000          ,0.000       ,0.677       ,0.000       ,0.000       ,880.000     ,0.000       ,0.051       ,14.37000      ,2147483646    ,-0.000          ,359.824       ,0.000               ,-0.000              ,-0.000          ,25745.05664       ,0.00000               ,0.000         ,5.230         ,5.230         ,0.000         ,-0.017        
18:18:07.045664     ,0.000       ,0.880       ,0.000       ,14.280      ,14.280      ,14.319      ,-0.039      ,-0.034      ,0.000          ,0.000       ,-1.195      ,0.000       ,-0.010      ,880.000     ,0.000       ,-0.039      ,14.28000      ,2147483646    ,-0.000          ,359.824       ,0.000               ,-0.000              ,-0.000          ,25745.05664       ,0.00000               ,0.000         ,5.230         ,5.230         ,-0.010        ,-0.001        
18:18:07.055662     ,0.000       ,0.880       ,0.000       ,14.250      ,14.250      ,14.319      ,-0.069      ,-0.069      ,0.000          ,0.000       ,-1.707      ,0.000       ,-0.020      ,880.000     ,0.000       ,-0.069      ,14.25000      ,2147483646    ,-0.000          ,359.824       ,0.000               ,-0.000              ,-0.000          ,25745.05664       ,0.00000               ,0.000         ,5.230         ,5.230         ,-0.020        ,0.001         
18:18:07.065658     ,0.000       ,0.880       ,0.000       ,14.250      ,14.250      ,14.319      ,-0.069      ,-0.072      ,0.000          ,0.000       ,-1.461      ,0.000       ,-0.030      ,880.000     ,0.000       ,-0.069      ,14.25000      ,2147483646    ,-0.000          ,359.824       ,0.000               ,-0.000              ,-0.000          ,25745.05664       ,0.00000               ,0.000         ,5.230         ,5.230         ,-0.030        ,-0.006        
18:18:07.081141     ,0.000       ,0.880       ,0.000       ,14.270      ,14.270      ,14.319      ,-0.049      ,-0.052      ,0.000          ,0.000       ,-0.824      ,0.000       ,-0.040      ,880.000     ,0.000       ,-0.049      ,14.27000      ,2147483646    ,-0.000          ,359.824       ,0.000               ,-0.000              ,-0.000          ,25745.05664       ,0.00000               ,0.000         ,5.230         ,5.230         ,-0.040        ,-0.029        
18:18:07.085664     ,0.000       ,0.880       ,0.000       ,14.340      ,14.340      ,14.319      ,0.021       ,0.017       ,0.000          ,0.000       ,0.678       ,0.000       ,-0.030      ,880.000     ,0.000       ,0.021       ,14.34000      ,2147483646    ,-0.000          ,359.824       ,0.000               ,-0.000              ,-0.000          ,25745.05664       ,0.00000               ,0.000         ,5.230         ,5.230         ,-0.030        ,-0.029        
18:18:07.095659     ,0.000       ,0.880       ,0.000       ,14.380      ,14.380      ,14.319      ,0.061       ,0.060       ,0.000          ,0.000       ,1.455       ,0.000       ,-0.020      ,880.000     ,0.000       ,0.061       ,14.38000      ,2147483646    ,-0.000          ,359.824       ,0.000               ,-0.000              ,-0.000          ,25745.05664       ,0.00000               ,0.000         ,5.230         ,5.230         ,-0.020        ,-0.039        
18:18:07.105659     ,0.000       ,0.880       ,0.000       ,14.430      ,14.430      ,14.319      ,0.111       ,0.112       ,0.000          ,0.000       ,2.237       ,0.000       ,-0.010      ,880.000     ,0.000       ,0.111       ,14.43000      ,2147483646    ,-0.000          ,359.824       ,0.000               ,-0.000              ,-0.000          ,25745.05664       ,0.00000               ,0.000         ,5.230         ,5.230         ,-0.010        ,-0.032        
18:18:07.115658     ,0.000       ,0.880       ,0.000       ,14.400      ,14.400      ,14.319      ,0.081       ,0.087       ,0.000          ,0.000       ,1.333       ,0.000       ,0.000       ,880.000     ,0.000       ,0.081       ,14.40000      ,2147483646    ,-0.000          ,359.824       ,0.000               ,-0.000              ,-0.000          ,25745.05664       ,0.00000               ,0.000         ,5.230         ,5.230         ,0.000         ,-0.020        
18:18:07.125665     ,0.000       ,0.880       ,0.000       ,14.330      ,14.330      ,14.319      ,0.011       ,0.017       ,0.000          ,0.000       ,-0.287      ,0.000       ,0.010       ,880.000     ,0.000       ,0.011       ,14.33000      ,2147483646    ,-0.000          ,359.824       ,0.000               ,-0.000              ,-0.000          ,25745.05664       ,0.00000               ,0.000         ,5.230         ,5.230         ,0.010         ,-0.013        
18:18:07.135661     ,0.000       ,0.880       ,0.000       ,14.270      ,14.270      ,14.319      ,-0.049      ,-0.047      ,0.000          ,0.000       ,-1.459      ,0.000       ,0.000       ,880.000     ,0.000       ,-0.049      ,14.27000      ,2147483646    ,-0.000          ,359.824       ,0.000               ,-0.000              ,-0.000          ,25745.05664       ,0.00000               ,0.000         ,5.230         ,5.230         ,0.000         ,0.001         
18:18:07.145664     ,0.000       ,0.880       ,0.000       ,14.250      ,14.250      ,14.319      ,-0.069      ,-0.070      ,0.000          ,0.000       ,-1.678      ,0.000       ,-0.010      ,880.000     ,0.000       ,-0.069      ,14.25000      ,2147483646    ,-0.000          ,359.824       ,0.000               ,-0.000              ,-0.000          ,25745.05664       ,0.00000               ,0.000         ,5.230         ,5.230         ,-0.010        ,0.005         
18:18:07.155663     ,0.000       ,0.880       ,0.000       ,14.210      ,14.210      ,14.319      ,-0.109      ,-0.110      ,0.000          ,0.000       ,-2.185      ,0.000       ,-0.020      ,880.000     ,0.000       ,-0.109      ,14.21000      ,2147483646    ,-0.000          ,359.824       ,0.000               ,-0.000              ,-0.000          ,25745.05664       ,0.00000               ,0.000         ,5.230         ,5.230         ,-0.020        ,-0.003        
18:18:07.165663     ,0.000       ,0.880       ,0.000       ,14.320      ,14.320      ,14.319      ,0.001       ,-0.007      ,0.000          ,0.000       ,0.264       ,0.000       ,-0.010      ,880.000     ,0.000       ,0.001       ,14.32000      ,2147483646    ,-0.000          ,359.824       ,0.000               ,-0.000              ,-0.000          ,25745.05664       ,0.00000               ,0.000         ,5.230         ,5.230         ,-0.010        ,-0.014        
18:18:07.181177     ,0.000       ,0.880       ,0.000       ,14.390      ,14.390      ,14.319      ,0.071       ,0.069       ,0.000          ,0.000       ,1.735       ,0.000       ,0.000       ,880.000     ,0.000       ,0.071       ,14.39000      ,2147483646    ,-0.000          ,359.824       ,0.000               ,-0.000              ,-0.000          ,25745.05664       ,0.00000               ,0.000         ,5.230         ,5.230         ,0.000         ,-0.013        
18:18:07.185672     ,0.000       ,0.880       ,0.000       ,14.450      ,14.450      ,14.319      ,0.131       ,0.132       ,0.000          ,0.000       ,2.700       ,0.000       ,0.010       ,880.000     ,0.000       ,0.131       ,14.45000      ,2147483646    ,-0.000          ,359.824       ,0.000               ,-0.000              ,-0.000          ,25745.05664       ,0.00000               ,0.000         ,5.230         ,5.230         ,0.010         ,-0.013        
18:18:07.195662     ,0.000       ,0.880       ,0.000       ,14.450      ,14.450      ,14.319      ,0.131       ,0.136       ,0.000          ,0.000       ,2.296       ,0.000       ,0.020       ,880.000     ,0.000       ,0.131       ,14.45000      ,2147483646    ,-0.000          ,359.824       ,0.000               ,-0.000              ,-0.000          ,25745.05664       ,0.00000               ,0.000         ,5.230         ,5.230         ,0.020         ,0.001         
18:18:07.205668     ,0.000       ,0.880       ,0.000       ,14.380      ,14.380      ,14.319      ,0.061       ,0.068       ,0.000          ,0.000       ,0.527       ,0.000       ,0.030       ,880.000     ,0.000       ,0.061       ,14.38000      ,2147483646    ,-0.000          ,359.824       ,0.000               ,-0.000              ,-0.000          ,25745.05664       ,0.00000               ,0.000         ,5.230         ,5.230         ,0.030         ,0.006         
18:18:07.215659     ,0.000       ,0.880       ,0.000       ,14.310      ,14.310      ,14.319      ,-0.009      ,-0.005      ,0.000          ,0.000       ,-1.000      ,0.000       ,0.020       ,880.000     ,0.000       ,-0.009      ,14.31000      ,2147483646    ,-0.000          ,359.824       ,0.000               ,-0.000              ,-0.000          ,25745.05664       ,0.00000               ,0.000         ,5.230         ,5.230         ,0.020         ,0.018         
18:18:07.225665     ,0.000       ,0.880       ,0.000       ,14.250      ,14.250      ,14.319      ,-0.069      ,-0.068      ,0.000          ,0.000       ,-2.100      ,0.000       ,0.010       ,880.000     ,0.000       ,-0.069      ,14.25000      ,2147483646    ,-0.000          ,359.824       ,0.000               ,-0.000              ,-0.000          ,25745.05664       ,0.00000               ,0.000         ,5.230         ,5.230         ,0.010         ,0.027         
18:18:07.235668     ,0.000       ,0.880       ,0.000       ,14.240      ,14.240      ,14.319      ,-0.079      ,-0.082      ,0.000          ,0.000       ,-2.013      ,0.000       ,0.000       ,880.000     ,0.000       ,-0.079      ,14.24000      ,2147483646    ,-0.000          ,359.824       ,0.000               ,-0.000              ,-0.000          ,25745.05664       ,0.00000               ,0.000         ,5.230         ,5.230         ,0.000         ,0.018         
18:18:07.245662     ,0.000       ,0.880       ,0.000       ,14.310      ,14.310      ,14.319      ,-0.009      ,-0.015      ,0.000          ,0.000       ,-0.322      ,0.000       ,-0.010      ,880.000     ,0.000       ,-0.009      ,14.31000      ,2147483646    ,-0.000          ,359.824       ,0.000               ,-0.000              ,-0.000          ,25745.05664       ,0.00000               ,0.000         ,5.230         ,5.230         ,-0.010        ,0.011         
18:18:07.255661     ,0.000       ,0.880       ,0.000       ,14.340      ,14.340      ,14.319      ,0.021       ,0.020       ,0.000          ,0.000       ,0.392       ,0.000       ,0.000       ,880.000     ,0.000       ,0.021       ,14.34000      ,2147483646    ,-0.000          ,359.824       ,0.000               ,-0.000              ,-0.000          ,25745.05664       ,0.00000               ,0.000         ,5.230         ,5.230         ,0.000         ,-0.003        
18:18:07.265653     ,0.000       ,0.880       ,0.000       ,14.420      ,14.420      ,14.319      ,0.101       ,0.098       ,0.000          ,0.000       ,1.935       ,0.000       ,0.010       ,880.000     ,0.000       ,0.101       ,14.42000      ,2147483646    ,-0.000          ,359.824       ,0.000               ,-0.000              ,-0.000          ,25745.05664       ,0.00000               ,0.000         ,5.230         ,5.230         ,0.010         ,-0.008        
18:18:07.281195     ,0.000       ,0.880       ,0.000       ,14.460      ,14.460      ,14.319      ,0.141       ,0.143       ,0.000          ,0.000       ,2.488       ,0.000       ,0.020       ,880.000     ,0.000       ,0.141       ,14.46000      ,2147483646    ,-0.000          ,359.824       ,0.000               ,-0.000              ,-0.000          ,25745.05664       ,0.00000               ,0.000         ,5.230         ,5.230         ,0.020         ,0.004         
18:18:07.285652     ,0.000       ,0.880       ,0.000       ,14.400      ,14.400      ,14.319      ,0.081       ,0.088       ,0.000          ,0.000       ,0.943       ,0.000       ,0.030       ,880.000     ,0.000       ,0.081       ,14.40000      ,2147483646    ,-0.000          ,359.824       ,0.000               ,-0.000              ,-0.000          ,25745.05664       ,0.00000               ,0.000         ,5.230         ,5.230         ,0.030         ,0.004         
18:18:07.295657     ,0.000       ,0.880       ,0.000       ,14.360      ,14.360      ,14.319      ,0.041       ,0.045       ,0.000          ,0.000       ,-0.072      ,0.000       ,0.040       ,880.000     ,0.000       ,0.041       ,14.36000      ,2147483646    ,-0.000          ,359.824       ,0.000               ,-0.000              ,-0.000          ,25745.05664       ,0.00000               ,0.000         ,5.230         ,5.230         ,0.040         ,0.018         
18:18:07.305663     ,0.000       ,0.880       ,0.000       ,14.270      ,14.270      ,14.319      ,-0.049      ,-0.046      ,0.000          ,0.000       ,-1.814      ,0.000       ,0.030       ,880.000     ,0.000       ,-0.049      ,14.27000      ,2147483646    ,-0.000          ,359.824       ,0.000               ,-0.000              ,-0.000          ,25745.05664       ,0.00000               ,0.000         ,5.230         ,5.230         ,0.030         ,0.029         
18:18:07.315653     ,0.000       ,0.880       ,0.000       ,14.220      ,14.220      ,14.319      ,-0.099      ,-0.100      ,0.000          ,0.000       ,-2.581      ,0.000       ,0.020       ,880.000     ,0.000       ,-0.099      ,14.22000      ,2147483646    ,-0.000          ,359.824       ,0.000               ,-0.000              ,-0.000          ,25745.05664       ,0.00000               ,0.000         ,5.230         ,5.230         ,0.020         ,0.038         
18:18:07.325662     ,0.000       ,0.880       ,0.000       ,14.260      ,14.260      ,14.319      ,-0.059      ,-0.065      ,0.000          ,0.000       ,-1.418      ,0.000       ,0.010       ,880.000     ,0.000       ,-0.059      ,14.26000      ,2147483646    ,-0.000          ,359.824       ,0.000               ,-0.000              ,-0.000          ,25745.05664       ,0.00000               ,0.000         ,5.230         ,5.230         ,0.010         ,0.029         
18:18:07.335661     ,0.000       ,0.880       ,0.000       ,14.310      ,14.310      ,14.319      ,-0.009      ,-0.013      ,0.000          ,0.000       ,-0.147      ,0.000       ,0.000       ,880.000     ,0.000       ,-0.009      ,14.31000      ,2147483646    ,-0.000          ,359.824       ,0.000               ,-0.000              ,-0.000          ,25745.05664       ,0.00000               ,0.000         ,5.230         ,5.230         ,0.000         ,0.013         
18:18:07.345668     ,0.000       ,0.880       ,0.000       ,14.440      ,14.440      ,14.319      ,0.121       ,0.116       ,0.000          ,0.000       ,2.423       ,0.000       ,0.010       ,880.000     ,0.000       ,0.121       ,14.44000      ,2147483646    ,-0.000          ,359.824       ,0.000               ,-0.000              ,-0.000          ,25745.05664       ,0.00000               ,0.000         ,5.230         ,5.230         ,0.010         ,0.001         
18:18:07.355656     ,0.000       ,0.880       ,0.000       ,14.480      ,14.480      ,14.319      ,0.161       ,0.164       ,0.000          ,0.000       ,2.941       ,0.000       ,0.020       ,880.000     ,0.000       ,0.161       ,14.48000      ,2147483646    ,-0.000          ,359.824       ,0.000               ,-0.000              ,-0.000          ,25745.05664       ,0.00000               ,0.000         ,5.230         ,5.230         ,0.020         ,-0.003        
18:18:07.365652     ,0.000       ,0.880       ,0.000       ,14.460      ,14.460      ,14.319      ,0.141       ,0.148       ,0.000          ,0.000       ,2.075       ,0.000       ,0.030       ,880.000     ,0.000       ,0.141       ,14.46000      ,2147483646    ,-0.000          ,359.824       ,0.000               ,-0.000              ,-0.000          ,25745.05664       ,0.00000               ,0.000         ,5.230         ,5.230         ,0.030         ,0.019         
18:18:07.389458     ,0.000       ,0.880       ,0.000       ,14.400      ,14.400      ,14.319      ,-0.009      ,-0.004      ,0.000          ,0.000       ,-1.385      ,0.000       ,0.030       ,880.000     ,0.000       ,-0.009      ,14.31000      ,2147483646    ,-0.000          ,359.824       ,0.000               ,-0.000              ,-0.000          ,25745.05664       ,0.00000               ,0.000         ,5.240         ,5.240         ,0.030         ,0.037         
18:18:07.395533     ,0.000       ,0.880       ,0.000       ,14.270      ,14.270      ,14.319      ,-0.009      ,-0.004      ,0.000          ,0.000       ,-1.385      ,0.000       ,0.030       ,880.000     ,0.000       ,-0.009      ,14.31000      ,2147483646    ,-0.000          ,359.824       ,0.000               ,-0.000              ,-0.000          ,25745.05664       ,0.00000               ,0.000         ,5.240         ,5.240         ,0.020         ,0.037         
18:18:07.395659     ,0.000       ,0.880       ,0.000       ,14.270      ,14.270      ,14.319      ,-0.049      ,-0.049      ,0.000          ,0.000       ,-2.054      ,0.000       ,0.020       ,880.000     ,0.000       ,-0.049      ,14.27000      ,2147483646    ,-0.000          ,359.824       ,0.000               ,-0.000              ,-0.000          ,25745.05664       ,0.00000               ,0.000         ,5.240         ,5.240         ,0.020         ,0.037         
18:18:07.405669     ,0.000       ,0.880       ,0.000       ,14.240      ,14.240      ,14.319      ,-0.079      ,-0.081      ,0.000          ,0.000       ,-2.329      ,0.000       ,0.010       ,880.000     ,0.000       ,-0.079      ,14.24000      ,2147483646    ,-0.000          ,359.824       ,0.000               ,-0.000              ,-0.000          ,25745.05664       ,0.00000               ,0.000         ,5.240         ,5.240         ,0.010         ,0.020         
18:18:07.415659     ,0.000       ,0.880       ,0.000       ,14.280      ,14.280      ,14.319      ,-0.039      ,-0.045      ,0.000          ,0.000       ,-1.179      ,0.000       ,0.000       ,880.000     ,0.000       ,-0.039      ,14.28000      ,2147483646    ,-0.000          ,359.824       ,0.000               ,-0.000              ,-0.000          ,25745.05664       ,0.00000               ,0.000         ,5.240         ,5.240         ,0.000         ,0.011         
18:18:07.425672     ,0.000       ,0.880       ,0.000       ,14.390      ,14.390      ,14.319      ,0.071       ,0.065       ,0.000          ,0.000       ,1.197       ,0.000       ,0.010       ,880.000     ,0.000       ,0.071       ,14.39000      ,2147483646    ,-0.000          ,359.824       ,0.000               ,-0.000              ,-0.000          ,25745.05664       ,0.00000               ,0.000         ,5.240         ,5.240         ,0.010         ,0.014         
18:18:07.435667     ,0.000       ,0.880       ,0.000       ,14.420      ,14.420      ,14.319      ,0.101       ,0.102       ,0.000          ,0.000       ,1.744       ,0.000       ,0.020       ,880.000     ,0.000       ,0.101       ,14.42000      ,2147483646    ,-0.000          ,359.824       ,0.000               ,-0.000              ,-0.000          ,25745.05664       ,0.00000               ,0.000         ,5.240         ,5.240         ,0.020         ,0.000         
18:18:07.445673     ,0.000       ,0.880       ,0.000       ,14.440      ,14.440      ,14.319      ,0.121       ,0.124       ,0.000          ,0.000       ,1.878       ,0.000       ,0.030       ,880.000     ,0.000       ,0.121       ,14.44000      ,2147483646    ,-0.000          ,359.824       ,0.000               ,-0.000              ,-0.000          ,25745.05664       ,0.00000               ,0.000         ,5.240         ,5.240         ,0.030         ,0.006         
18:18:07.455670     ,0.000       ,0.880       ,0.000       ,14.450      ,14.450      ,14.319      ,0.131       ,0.134       ,0.000          ,0.000       ,1.765       ,0.000       ,0.040       ,880.000     ,0.000       ,0.131       ,14.45000      ,2147483646    ,-0.000          ,359.824       ,0.000               ,-0.000              ,-0.000          ,25745.05664       ,0.00000               ,0.000         ,5.240         ,5.240         ,0.040         ,0.005         
18:18:07.465660     ,0.000       ,0.880       ,0.000       ,14.360      ,14.360      ,14.319      ,0.041       ,0.048       ,0.000          ,0.000       ,-0.265      ,0.000       ,0.050       ,880.000     ,0.000       ,0.041       ,14.36000      ,2147483646    ,-0.000          ,359.824       ,0.000               ,-0.000              ,-0.000          ,25745.05664       ,0.00000               ,0.000         ,5.240         ,5.240         ,0.050         ,0.038         
18:18:07.481141     ,0.000       ,0.880       ,0.000       ,14.310      ,14.310      ,14.319      ,-0.009      ,-0.007      ,0.000          ,0.000       ,-1.275      ,0.000       ,0.040       ,880.000     ,0.000       ,-0.009      ,14.31000      ,2147483646    ,-0.000          ,359.824       ,0.000               ,-0.000              ,-0.000          ,25745.05664       ,0.00000               ,0.000         ,5.220         ,5.220         ,0.040         ,0.048         
18:18:07.485653     ,0.000       ,0.880       ,0.000       ,14.260      ,14.260      ,14.319      ,-0.059      ,-0.059      ,0.000          ,0.000       ,-2.093      ,0.000       ,0.030       ,880.000     ,0.000       ,-0.059      ,14.26000      ,2147483646    ,-0.000          ,359.824       ,0.000               ,-0.000              ,-0.000          ,25745.05664       ,0.00000               ,0.000         ,5.220         ,5.220         ,0.030         ,0.048         
18:18:07.505612     ,0.000       ,0.880       ,0.000       ,14.330      ,14.330      ,14.319      ,-0.059      ,0.005       ,0.000          ,0.000       ,-0.131      ,0.000       ,0.020       ,880.000     ,0.000       ,-0.059      ,14.26000      ,2147483646    ,-0.000          ,359.824       ,0.000               ,-0.000              ,-0.000          ,25745.05664       ,0.00000               ,0.000         ,5.220         ,5.220         ,0.030         ,0.038         
18:18:07.505675     ,0.000       ,0.880       ,0.000       ,14.330      ,14.330      ,14.319      ,0.011       ,0.005       ,0.000          ,0.000       ,-0.131      ,0.000       ,0.030       ,880.000     ,0.000       ,0.011       ,14.33000      ,2147483646    ,-0.000          ,359.824       ,0.000               ,-0.000              ,-0.000          ,25745.05664       ,0.00000               ,0.000         ,5.220         ,5.220         ,0.030         ,0.038         
18:18:07.515659     ,0.000       ,0.880       ,0.000       ,14.400      ,14.400      ,14.319      ,0.081       ,0.078       ,0.000          ,0.000       ,1.355       ,0.000       ,0.040       ,880.000     ,0.000       ,0.081       ,14.40000      ,2147483646    ,-0.000          ,359.824       ,0.000               ,-0.000              ,-0.000          ,25745.05664       ,0.00000               ,0.000         ,5.220         ,5.220         ,0.040         ,0.018         
18:18:07.525661     ,0.000       ,0.880       ,0.000       ,14.450      ,14.450      ,14.319      ,0.131       ,0.131       ,0.000          ,0.000       ,2.201       ,0.000       ,0.050       ,880.000     ,0.000       ,0.131       ,14.45000      ,2147483646    ,-0.000          ,359.824       ,0.000               ,-0.000              ,-0.000          ,25745.05664       ,0.00000               ,0.000         ,5.220         ,5.220         ,0.050         ,0.029         
18:18:07.535660     ,0.000       ,0.880       ,0.000       ,14.450      ,14.450      ,14.319      ,0.131       ,0.135       ,0.000          ,0.000       ,1.884       ,0.000       ,0.060       ,880.000     ,0.000       ,0.131       ,14.45000      ,2147483646    ,-0.000          ,359.824       ,0.000               ,-0.000              ,-0.000          ,25745.05664       ,0.00000               ,0.000         ,5.220         ,5.220         ,0.060         ,0.037         
18:18:07.545656     ,0.000       ,0.880       ,0.000       ,14.390      ,14.390      ,14.319      ,0.071       ,0.077       ,0.000          ,0.000       ,0.393       ,0.000       ,0.070       ,880.000     ,0.000       ,0.071       ,14.39000      ,2147483646    ,-0.000          ,359.824       ,0.000               ,-0.000              ,-0.000          ,25745.05664       ,0.00000               ,0.000         ,5.220         ,5.220         ,0.070         ,0.048         
18:18:07.555660     ,0.000       ,0.880       ,0.000       ,14.330      ,14.330      ,14.319      ,0.011       ,0.014       ,0.000          ,0.000       ,-0.896      ,0.000       ,0.060       ,880.000     ,0.000       ,0.011       ,14.33000      ,2147483646    ,-0.000          ,359.824       ,0.000               ,-0.000              ,-0.000          ,25745.05664       ,0.00000               ,0.000         ,5.220         ,5.220         ,0.060         ,0.057         
18:18:07.565685     ,0.000       ,0.880       ,0.000       ,14.270      ,14.270      ,14.319      ,-0.049      ,-0.047      ,0.000          ,0.000       ,-1.999      ,0.000       ,0.050       ,880.000     ,0.000       ,-0.049      ,14.27000      ,2147483646    ,-0.000          ,359.824       ,0.000               ,-0.000              ,-0.000          ,25745.05664       ,0.00000               ,0.000         ,5.220         ,5.220         ,0.050         ,0.065         
18:18:07.581167     ,0.000       ,0.880       ,0.000       ,14.250      ,14.250      ,14.319      ,-0.069      ,-0.071      ,0.000          ,0.000       ,-2.124      ,0.000       ,0.040       ,880.000     ,0.000       ,-0.069      ,14.25000      ,2147483646    ,-0.000          ,359.824       ,0.000               ,-0.000              ,-0.000          ,25745.05664       ,0.00000               ,0.000         ,5.220         ,5.220         ,0.040         ,0.050         
18:18:07.585675     ,0.000       ,0.880       ,0.000       ,14.310      ,14.310      ,14.319      ,-0.009      ,-0.015      ,0.000          ,0.000       ,-0.619      ,0.000       ,0.030       ,880.000     ,0.000       ,-0.009      ,14.31000      ,2147483646    ,-0.000          ,359.824       ,0.000               ,-0.000              ,-0.000          ,25745.05664       ,0.00000               ,0.000         ,5.220         ,5.220         ,0.030         ,0.050         
18:18:07.595663     ,0.000       ,0.880       ,0.000       ,14.370      ,14.370      ,14.319      ,0.051       ,0.048       ,0.000          ,0.000       ,0.715       ,0.000       ,0.040       ,880.000     ,0.000       ,0.051       ,14.37000      ,2147483646    ,-0.000          ,359.824       ,0.000               ,-0.000              ,-0.000          ,25745.05664       ,0.00000               ,0.000         ,5.220         ,5.220         ,0.040         ,0.038         
18:18:07.605673     ,0.000       ,0.880       ,0.000       ,14.460      ,14.460      ,14.319      ,0.141       ,0.139       ,0.000          ,0.000       ,2.432       ,0.000       ,0.050       ,880.000     ,0.000       ,0.141       ,14.46000      ,2147483646    ,-0.000          ,359.824       ,0.000               ,-0.000              ,-0.000          ,25745.05664       ,0.00000               ,0.000         ,5.220         ,5.220         ,0.050         ,0.030         
18:18:07.615661     ,0.000       ,0.880       ,0.000       ,14.460      ,14.460      ,14.319      ,0.141       ,0.146       ,0.000          ,0.000       ,2.134       ,0.000       ,0.060       ,880.000     ,0.000       ,0.141       ,14.46000      ,2147483646    ,-0.000          ,359.824       ,0.000               ,-0.000              ,-0.000          ,25745.05664       ,0.00000               ,0.000         ,5.220         ,5.220         ,0.060         ,0.038         
18:18:07.635540     ,0.000       ,0.880       ,0.000       ,14.380      ,14.380      ,14.319      ,0.061       ,0.066       ,0.000          ,0.000       ,-0.060      ,0.000       ,0.080       ,880.000     ,0.000       ,0.061       ,14.38000      ,2147483646    ,-0.000          ,359.824       ,0.000               ,-0.000              ,-0.000          ,25745.05664       ,0.00000               ,0.000         ,5.220         ,5.220         ,0.080         ,0.057         
18:18:07.635650     ,0.000       ,0.880       ,0.000       ,14.380      ,14.380      ,14.319      ,0.061       ,0.066       ,0.000          ,0.000       ,-0.060      ,0.000       ,0.080       ,880.000     ,0.000       ,0.061       ,14.38000      ,2147483646    ,-0.000          ,359.824       ,0.000               ,-0.000              ,-0.000          ,25745.05664       ,0.00000               ,0.000         ,5.220         ,5.220         ,0.080         ,0.057         
18:18:07.655490     ,0.000       ,0.880       ,0.000       ,14.250      ,14.250      ,14.319      ,-0.069      ,-0.071      ,0.000          ,0.000       ,-2.384      ,0.000       ,0.060       ,880.000     ,0.000       ,-0.069      ,14.25000      ,2147483646    ,-0.000          ,359.824       ,0.000               ,-0.000              ,-0.000          ,25745.05664       ,0.00000               ,0.000         ,5.220         ,5.220         ,0.060         ,0.077         
18:18:07.655662     ,0.000       ,0.880       ,0.000       ,14.250      ,14.250      ,14.319      ,-0.069      ,-0.071      ,0.000          ,0.000       ,-2.384      ,0.000       ,0.060       ,880.000     ,0.000       ,-0.069      ,14.25000      ,2147483646    ,-0.000          ,359.824       ,0.000               ,-0.000              ,-0.000          ,25745.05664       ,0.00000               ,0.000         ,5.220         ,5.220         ,0.060         ,0.077         
18:18:07.665716     ,0.000       ,0.880       ,0.000       ,14.260      ,14.260      ,14.319      ,-0.059      ,-0.063      ,0.000          ,0.000       ,-1.806      ,0.000       ,0.050       ,880.000     ,0.000       ,-0.059      ,14.26000      ,2147483646    ,-0.000          ,359.824       ,0.000               ,-0.000              ,-0.000          ,25745.05664       ,0.00000               ,0.000         ,5.220         ,5.220         ,0.050         ,0.060         
18:18:07.681199     ,0.000       ,0.880       ,0.000       ,14.310      ,14.310      ,14.319      ,-0.009      ,-0.014      ,0.000          ,0.000       ,-0.503      ,0.000       ,0.040       ,880.000     ,0.000       ,-0.009      ,14.31000      ,2147483646    ,-0.000          ,359.824       ,0.000               ,-0.000              ,-0.000          ,25745.05664       ,0.00000               ,0.000         ,5.220         ,5.220         ,0.040         ,0.048         
18:18:07.695601     ,0.000       ,0.880       ,0.000       ,14.450      ,14.450      ,14.319      ,0.101       ,0.096       ,0.000          ,0.000       ,1.754       ,0.000       ,0.050       ,880.000     ,0.000       ,0.101       ,14.42000      ,2147483646    ,-0.000          ,359.824       ,0.000               ,-0.000              ,-0.000          ,25745.05664       ,0.00000               ,0.000         ,5.220         ,5.220         ,0.060         ,0.038         
18:18:07.695693     ,0.000       ,0.880       ,0.000       ,14.450      ,14.450      ,14.319      ,0.131       ,0.133       ,0.000          ,0.000       ,2.186       ,0.000       ,0.060       ,880.000     ,0.000       ,0.131       ,14.45000      ,2147483646    ,-0.000          ,359.824       ,0.000               ,-0.000              ,-0.000          ,25745.05664       ,0.00000               ,0.000         ,5.220         ,5.220         ,0.060         ,0.038         
18:18:07.715370     ,0.000       ,0.880       ,0.000       ,14.430      ,14.430      ,14.319      ,0.141       ,0.145       ,0.000          ,0.000       ,2.035       ,0.000       ,0.070       ,880.000     ,0.000       ,0.141       ,14.46000      ,2147483646    ,-0.000          ,359.824       ,0.000               ,-0.000              ,-0.000          ,25745.05664       ,0.00000               ,0.000         ,5.220         ,5.220         ,0.080         ,0.058         
18:18:07.715650     ,0.000       ,0.880       ,0.000       ,14.430      ,14.430      ,14.319      ,0.111       ,0.116       ,0.000          ,0.000       ,1.103       ,0.000       ,0.080       ,880.000     ,0.000       ,0.111       ,14.43000      ,2147483646    ,-0.000          ,359.824       ,0.000               ,-0.000              ,-0.000          ,25745.05664       ,0.00000               ,0.000         ,5.220         ,5.220         ,0.080         ,0.058         
18:18:07.735534     ,0.000       ,0.880       ,0.000       ,14.250      ,14.250      ,14.319      ,0.011       ,0.017       ,0.000          ,0.000       ,-1.051      ,0.000       ,0.070       ,880.000     ,0.000       ,0.011       ,14.33000      ,2147483646    ,-0.000          ,359.824       ,0.000               ,-0.000              ,-0.000          ,25745.05664       ,0.00000               ,0.000         ,5.220         ,5.220         ,0.060         ,0.079         
18:18:07.735657     ,0.000       ,0.880       ,0.000       ,14.250      ,14.250      ,14.319      ,-0.069      ,-0.067      ,0.000          ,0.000       ,-2.570      ,0.000       ,0.060       ,880.000     ,0.000       ,-0.069      ,14.25000      ,2147483646    ,-0.000          ,359.824       ,0.000               ,-0.000              ,-0.000          ,25745.05664       ,0.00000               ,0.000         ,5.220         ,5.220         ,0.060         ,0.079         
18:18:07.755490     ,0.000       ,0.880       ,0.000       ,14.280      ,14.280      ,14.319      ,-0.059      ,-0.043      ,0.000          ,0.000       ,-1.271      ,0.000       ,0.050       ,880.000     ,0.000       ,-0.059      ,14.26000      ,2147483646    ,-0.000          ,359.824       ,0.000               ,-0.000              ,-0.000          ,25745.05664       ,0.00000               ,0.000         ,5.240         ,5.240         ,0.040         ,0.058         
18:18:07.755650     ,0.000       ,0.880       ,0.000       ,14.280      ,14.280      ,14.319      ,-0.039      ,-0.043      ,0.000          ,0.000       ,-1.271      ,0.000       ,0.040       ,880.000     ,0.000       ,-0.039      ,14.28000      ,2147483646    ,-0.000          ,359.824       ,0.000               ,-0.000              ,-0.000          ,25745.05664       ,0.00000               ,0.000         ,5.240         ,5.240         ,0.040         ,0.058         
18:18:07.785041     ,0.000       ,0.880       ,0.000       ,14.430      ,14.430      ,14.319      ,0.111       ,0.110       ,0.000          ,0.000       ,1.876       ,0.000       ,0.060       ,880.000     ,0.000       ,0.111       ,14.43000      ,2147483646    ,-0.000          ,359.824       ,0.000               ,-0.000              ,-0.000          ,25745.05664       ,0.00000               ,0.000         ,5.240         ,5.240         ,0.060         ,0.038         
18:18:07.804423     ,0.000       ,0.880       ,0.000       ,14.440      ,14.440      ,14.319      ,0.121       ,0.125       ,0.000          ,0.000       ,1.492       ,0.000       ,0.080       ,880.000     ,0.000       ,0.121       ,14.44000      ,2147483646    ,-0.000          ,359.824       ,0.000               ,-0.000              ,-0.000          ,25745.05664       ,0.00000               ,0.000         ,5.240         ,5.240         ,0.080         ,0.076         
18:18:07.813167     ,0.000       ,0.880       ,0.000       ,14.330      ,14.330      ,14.319      ,0.121       ,0.018       ,0.000          ,0.000       ,-0.899      ,0.000       ,0.080       ,880.000     ,0.000       ,0.121       ,14.44000      ,2147483646    ,-0.000          ,359.824       ,0.000               ,-0.000              ,-0.000          ,25745.05664       ,0.00000               ,0.000         ,5.240         ,5.240         ,0.070         ,0.079         
18:18:07.815374     ,0.000       ,0.880       ,0.000       ,14.270      ,14.270      ,14.319      ,0.011       ,0.018       ,0.000          ,0.000       ,-0.899      ,0.000       ,0.070       ,880.000     ,0.000       ,0.011       ,14.33000      ,2147483646    ,-0.000          ,359.824       ,0.000               ,-0.000              ,-0.000          ,25745.05664       ,0.00000               ,0.000         ,5.240         ,5.240         ,0.060         ,0.079         
18:18:07.815411     ,0.000       ,0.880       ,0.000       ,14.270      ,14.270      ,14.319      ,-0.049      ,-0.047      ,0.000          ,0.000       ,-2.081      ,0.000       ,0.060       ,880.000     ,0.000       ,-0.049      ,14.27000      ,2147483646    ,-0.000          ,359.824       ,0.000               ,-0.000              ,-0.000          ,25745.05664       ,0.00000               ,0.000         ,5.240         ,5.240         ,0.060         ,0.079         
18:18:07.835542     ,0.000       ,0.880       ,0.000       ,14.300      ,14.300      ,14.319      ,-0.059      ,-0.062      ,0.000          ,0.000       ,-2.004      ,0.000       ,0.050       ,880.000     ,0.000       ,-0.059      ,14.26000      ,2147483646    ,-0.000          ,359.824       ,0.000               ,-0.000              ,-0.000          ,25745.05664       ,0.00000               ,0.000         ,5.240         ,5.240         ,0.040         ,0.058         
18:18:07.835600     ,0.000       ,0.880       ,0.000       ,14.300      ,14.300      ,14.319      ,-0.019      ,-0.024      ,0.000          ,0.000       ,-0.891      ,0.000       ,0.040       ,880.000     ,0.000       ,-0.019      ,14.30000      ,2147483646    ,-0.000          ,359.824       ,0.000               ,-0.000              ,-0.000          ,25745.05664       ,0.00000               ,0.000         ,5.240         ,5.240         ,0.040         ,0.058         
18:18:07.855498     ,0.000       ,0.880       ,0.000       ,14.390      ,14.390      ,14.319      ,0.071       ,0.069       ,0.000          ,0.000       ,1.127       ,0.000       ,0.060       ,880.000     ,0.000       ,0.071       ,14.39000      ,2147483646    ,-0.000          ,359.824       ,0.000               ,-0.000              ,-0.000          ,25745.05664       ,0.00000               ,0.000         ,5.230         ,5.230         ,0.060         ,0.042         
18:18:07.855553     ,0.000       ,0.880       ,0.000       ,14.390      ,14.390      ,14.319      ,0.071       ,0.069       ,0.000          ,0.000       ,1.127       ,0.000       ,0.060       ,880.000     ,0.000       ,0.071       ,14.39000      ,2147483646    ,-0.000          ,359.824       ,0.000               ,-0.000              ,-0.000          ,25745.05664       ,0.00000               ,0.000         ,5.230         ,5.230         ,0.060         ,0.042         
18:18:07.865370     ,0.000       ,0.880       ,0.000       ,14.430      ,14.430      ,14.319      ,0.111       ,0.111       ,0.000          ,0.000       ,1.800       ,0.000       ,0.070       ,880.000     ,0.000       ,0.111       ,14.43000      ,2147483646    ,-0.000          ,359.824       ,0.000               ,-0.000              ,-0.000          ,25745.05664       ,0.00000               ,0.000         ,5.230         ,5.230         ,0.070         ,0.058         
18:18:07.883910     ,0.000       ,0.880       ,0.000       ,14.430      ,14.430      ,14.319      ,0.111       ,0.114       ,0.000          ,0.000       ,1.548       ,0.000       ,0.080       ,880.000     ,0.000       ,0.111       ,14.43000      ,2147483646    ,-0.000          ,359.824       ,0.000               ,-0.000              ,-0.000          ,25745.05664       ,0.00000               ,0.000         ,5.230         ,5.230         ,0.080         ,0.070         
18:18:07.905390     ,0.000       ,0.880       ,0.000       ,14.340      ,14.340      ,14.319      ,0.021       ,0.023       ,0.000          ,0.000       ,-0.531      ,0.000       ,0.100       ,880.000     ,0.000       ,0.021       ,14.34000      ,2147483646    ,-0.000          ,359.824       ,0.000               ,-0.000              ,-0.000          ,25745.05664       ,0.00000               ,0.000         ,5.230         ,5.230         ,0.100         ,0.086         
18:18:07.915317     ,0.000       ,0.880       ,0.000       ,14.280      ,14.280      ,14.319      ,0.021       ,0.023       ,0.000          ,0.000       ,-0.531      ,0.000       ,0.100       ,880.000     ,0.000       ,0.021       ,14.34000      ,2147483646    ,-0.000          ,359.824       ,0.000               ,-0.000              ,-0.000          ,25745.05859       ,0.00000               ,0.000         ,5.230         ,5.230         ,0.090         ,0.099         
18:18:07.915386     ,0.000       ,0.880       ,0.000       ,14.250      ,14.250      ,14.319      ,-0.069      ,-0.070      ,0.000          ,0.000       ,-1.977      ,0.000       ,0.080       ,880.000     ,0.000       ,-0.069      ,14.25000      ,2147483646    ,-0.000          ,359.824       ,0.000               ,-0.000              ,-0.000          ,25745.05859       ,0.00000               ,0.000         ,5.230         ,5.230         ,0.080         ,0.099         
18:18:07.925492     ,0.000       ,0.880       ,0.000       ,14.260      ,14.260      ,14.319      ,-0.059      ,-0.063      ,0.000          ,0.000       ,-1.478      ,0.000       ,0.070       ,880.000     ,0.000       ,-0.059      ,14.26000      ,2147483646    ,-0.000          ,359.824       ,0.000               ,-0.000              ,-0.000          ,25745.05859       ,0.00000               ,0.000         ,5.230         ,5.230         ,0.070         ,0.099         
18:18:07.935370     ,0.000       ,0.880       ,0.000       ,14.330      ,14.330      ,14.319      ,0.011       ,0.006       ,0.000          ,0.000       ,0.140       ,0.000       ,0.080       ,880.000     ,0.000       ,0.011       ,14.33000      ,2147483646    ,-0.000          ,359.824       ,0.000               ,-0.000              ,-0.000          ,25745.05859       ,0.00000               ,0.000         ,5.230         ,5.230         ,0.080         ,0.080         
18:18:07.945445     ,0.000       ,0.880       ,0.000       ,14.360      ,14.360      ,14.319      ,0.041       ,0.040       ,0.000          ,0.000       ,0.836       ,0.000       ,0.090       ,880.000     ,0.000       ,0.041       ,14.36000      ,2147483646    ,-0.000          ,359.824       ,0.000               ,-0.000              ,-0.000          ,25745.05859       ,0.00000               ,0.000         ,5.230         ,5.230         ,0.090         ,0.070         
18:18:07.955545     ,0.000       ,0.880       ,0.000       ,14.390      ,14.390      ,14.319      ,0.071       ,0.071       ,0.000          ,0.000       ,1.347       ,0.000       ,0.100       ,880.000     ,0.000       ,0.071       ,14.39000      ,0             ,0.000           ,0.000         ,0.000               ,-0.000              ,0.001           ,25745.05859       ,-0.01536              ,-0.000        ,5.230         ,5.230         ,0.100         ,0.079         
18:18:07.965485     ,0.000       ,0.880       ,0.000       ,14.420      ,14.420      ,14.319      ,0.101       ,0.102       ,0.000          ,0.000       ,1.747       ,0.000       ,0.110       ,880.000     ,0.000       ,0.101       ,14.42000      ,0             ,0.000           ,0.000         ,0.000               ,-0.000              ,0.001           ,25745.05859       ,0.00000               ,-0.000        ,5.230         ,5.230         ,0.110         ,0.085         
18:18:07.975566     ,0.000       ,0.880       ,0.000       ,14.370      ,14.370      ,14.319      ,0.051       ,0.056       ,0.000          ,0.000       ,0.525       ,0.000       ,0.120       ,880.000     ,0.000       ,0.051       ,14.37000      ,0             ,0.000           ,0.000         ,0.000               ,-0.000              ,0.002           ,25745.05859       ,0.00000               ,-0.001        ,5.230         ,5.230         ,0.120         ,0.099         
18:18:07.995471     ,0.000       ,0.880       ,0.000       ,14.270      ,14.270      ,14.319      ,-0.019      ,-0.015      ,0.000          ,0.000       ,-0.962      ,0.000       ,0.110       ,880.000     ,0.000       ,-0.019      ,14.30000      ,0             ,0.000           ,0.000         ,0.000               ,-0.000              ,0.002           ,25745.05859       ,0.00000               ,-0.001        ,5.230         ,5.230         ,0.110         ,0.121         
18:18:08.005392     ,0.000       ,0.880       ,0.000       ,14.270      ,14.270      ,14.319      ,-0.049      ,-0.049      ,0.000          ,0.000       ,-1.491      ,0.000       ,0.100       ,880.000     ,0.000       ,-0.049      ,14.27000      ,0             ,0.000           ,0.000         ,0.000               ,-0.000              ,0.003           ,25745.05859       ,0.00000               ,-0.001        ,5.230         ,5.230         ,0.100         ,0.108         
18:18:08.005513     ,0.000       ,0.880       ,0.000       ,14.280      ,14.280      ,14.319      ,-0.039      ,-0.042      ,0.000          ,0.000       ,-1.096      ,0.000       ,0.090       ,880.000     ,0.000       ,-0.039      ,14.28000      ,0             ,0.000           ,0.000         ,0.000               ,-0.000              ,0.003           ,25745.05859       ,0.00000               ,-0.001        ,5.230         ,5.230         ,0.090         ,0.108         
18:18:08.025488     ,0.000       ,0.880       ,0.000       ,14.310      ,14.310      ,14.319      ,-0.059      ,-0.060      ,0.000          ,0.000       ,-1.286      ,0.000       ,0.080       ,880.000     ,0.000       ,-0.059      ,14.26000      ,0             ,0.000           ,0.000         ,0.000               ,-0.000              ,0.003           ,25745.05859       ,0.00000               ,-0.001        ,5.230         ,5.230         ,0.070         ,0.088         
18:18:08.025544     ,0.000       ,0.880       ,0.000       ,14.310      ,14.310      ,14.319      ,-0.009      ,-0.013      ,0.000          ,0.000       ,-0.138      ,0.000       ,0.070       ,880.000     ,0.000       ,-0.009      ,14.31000      ,0             ,0.000           ,0.000         ,0.000               ,-0.000              ,0.003           ,25745.05859       ,0.00000               ,-0.001        ,5.230         ,5.230         ,0.070         ,0.088         
18:18:08.035413     ,0.000       ,0.880       ,0.000       ,14.400      ,14.400      ,14.319      ,0.081       ,0.078       ,0.000          ,0.000       ,1.653       ,0.000       ,0.080       ,880.000     ,0.000       ,0.081       ,14.40000      ,0             ,0.000           ,0.000         ,0.000               ,-0.000              ,0.004           ,25745.05859       ,0.00000               ,-0.001        ,5.230         ,5.230         ,0.080         ,0.070         
18:18:08.045490     ,0.000       ,0.880       ,0.000       ,14.450      ,14.450      ,14.319      ,0.131       ,0.132       ,0.000          ,0.000       ,2.455       ,0.000       ,0.090       ,880.000     ,0.000       ,0.131       ,14.45000      ,1             ,0.000           ,0.088         ,0.000               ,-0.000              ,0.004           ,25745.05859       ,-0.00766              ,-0.001        ,5.230         ,5.230         ,0.090         ,0.079         
18:18:08.055507     ,0.000       ,0.880       ,0.000       ,14.440      ,14.440      ,14.319      ,0.121       ,0.126       ,0.000          ,0.000       ,1.895       ,0.000       ,0.100       ,880.000     ,0.000       ,0.121       ,14.44000      ,1             ,0.000           ,0.088         ,0.000               ,-0.000              ,0.004           ,25745.05859       ,0.00000               ,-0.001        ,5.230         ,5.230         ,0.100         ,0.077         
18:18:08.065615     ,0.000       ,0.880       ,0.000       ,14.430      ,14.430      ,14.319      ,0.111       ,0.115       ,0.000          ,0.000       ,1.344       ,0.000       ,0.110       ,880.000     ,0.000       ,0.111       ,14.43000      ,1             ,0.000           ,0.088         ,0.000               ,-0.000              ,0.004           ,25745.05859       ,0.00000               ,-0.001        ,5.230         ,5.230         ,0.110         ,0.088         
18:18:08.075488     ,0.000       ,0.880       ,0.000       ,14.340      ,14.340      ,14.319      ,0.021       ,0.027       ,0.000          ,0.000       ,-0.636      ,0.000       ,0.120       ,880.000     ,0.000       ,0.021       ,14.34000      ,1             ,0.000           ,0.088         ,0.000               ,-0.000              ,0.003           ,25745.05859       ,0.00000               ,-0.001        ,5.230         ,5.230         ,0.120         ,0.098         
18:18:08.085593     ,0.000       ,0.880       ,0.000       ,14.300      ,14.300      ,14.319      ,-0.019      ,-0.018      ,0.000          ,0.000       ,-1.388      ,0.000       ,0.110       ,880.000     ,0.000       ,-0.019      ,14.30000      ,1             ,0.000           ,0.088         ,0.000               ,-0.000              ,0.003           ,25745.05859       ,0.00000               ,-0.001        ,5.230         ,5.230         ,0.110         ,0.119         
18:18:08.103312     ,0.000       ,0.880       ,0.000       ,14.210      ,14.210      ,14.319      ,-0.109      ,-0.107      ,0.000          ,0.000       ,-2.935      ,0.000       ,0.100       ,880.000     ,0.000       ,-0.109      ,14.21000      ,1             ,0.000           ,0.088         ,0.000               ,-0.000              ,0.003           ,25745.05859       ,0.00000               ,-0.001        ,5.240         ,5.240         ,0.100         ,0.107         
18:18:08.105530     ,0.000       ,0.880       ,0.000       ,14.200      ,14.200      ,14.319      ,-0.119      ,-0.124      ,0.000          ,0.000       ,-2.720      ,0.000       ,0.090       ,880.000     ,0.000       ,-0.119      ,14.20000      ,1             ,0.000           ,0.088         ,0.000               ,-0.000              ,0.003           ,25745.05859       ,0.00000               ,-0.001        ,5.240         ,5.240         ,0.090         ,0.107         
18:18:08.115406     ,0.000       ,0.880       ,0.000       ,14.270      ,14.270      ,14.319      ,-0.049      ,-0.057      ,0.000          ,0.000       ,-0.884      ,0.000       ,0.080       ,880.000     ,0.000       ,-0.049      ,14.27000      ,1             ,0.000           ,0.088         ,0.000               ,-0.000              ,0.003           ,25745.05859       ,0.00000               ,-0.001        ,5.240         ,5.240         ,0.080         ,0.086         
18:18:08.125611     ,0.000       ,0.880       ,0.000       ,14.330      ,14.330      ,14.319      ,0.011       ,0.007       ,0.000          ,0.000       ,0.525       ,0.000       ,0.090       ,880.000     ,0.000       ,0.011       ,14.33000      ,1             ,0.000           ,0.088         ,0.000               ,-0.000              ,0.003           ,25745.05859       ,0.00000               ,-0.001        ,5.240         ,5.240         ,0.090         ,0.079         
18:18:08.145416     ,0.000       ,0.880       ,0.000       ,14.400      ,14.400      ,14.319      ,0.081       ,0.079       ,0.000          ,0.000       ,1.900       ,0.000       ,0.100       ,880.000     ,0.000       ,0.081       ,14.40000      ,1             ,0.000           ,0.088         ,0.000               ,-0.000              ,0.003           ,25745.05859       ,0.00000               ,-0.001        ,5.240         ,5.240         ,0.110         ,0.086         
18:18:08.145486     ,0.000       ,0.880       ,0.000       ,14.400      ,14.400      ,14.319      ,0.081       ,0.085       ,0.000          ,0.000       ,1.679       ,0.000       ,0.110       ,880.000     ,0.000       ,0.081       ,14.40000      ,1             ,0.000           ,0.088         ,0.000               ,-0.000              ,0.002           ,25745.05859       ,0.00000               ,-0.001        ,5.240         ,5.240         ,0.110         ,0.086         
18:18:08.155572     ,0.000       ,0.880       ,0.000       ,14.380      ,14.380      ,14.319      ,0.061       ,0.065       ,0.000          ,0.000       ,1.002       ,0.000       ,0.120       ,880.000     ,0.000       ,0.061       ,14.38000      ,1             ,0.000           ,0.088         ,0.000               ,-0.000              ,0.002           ,25745.05859       ,0.00000               ,-0.001        ,5.220         ,5.220         ,0.120         ,0.098         
18:18:08.165429     ,0.000       ,0.880       ,0.000       ,14.340      ,14.340      ,14.319      ,0.021       ,0.025       ,0.000          ,0.000       ,0.038       ,0.000       ,0.130       ,880.000     ,0.000       ,0.021       ,14.34000      ,1             ,0.000           ,0.088         ,0.000               ,-0.000              ,0.002           ,25745.05859       ,0.00000               ,-0.001        ,5.220         ,5.220         ,0.130         ,0.107         
18:18:08.175534     ,0.000       ,0.880       ,0.000       ,14.270      ,14.270      ,14.319      ,-0.049      ,-0.046      ,0.000          ,0.000       ,-1.337      ,0.000       ,0.120       ,880.000     ,0.000       ,-0.049      ,14.27000      ,1             ,0.000           ,0.088         ,0.000               ,-0.000              ,0.001           ,25745.05859       ,0.00000               ,-0.000        ,5.220         ,5.220         ,0.120         ,0.118         
18:18:08.185498     ,0.000       ,0.880       ,0.000       ,14.240      ,14.240      ,14.319      ,-0.079      ,-0.080      ,0.000          ,0.000       ,-1.786      ,0.000       ,0.110       ,880.000     ,0.000       ,-0.079      ,14.24000      ,1             ,0.000           ,0.088         ,0.000               ,-0.000              ,0.001           ,25745.05859       ,0.00000               ,-0.000        ,5.220         ,5.220         ,0.110         ,0.127         
18:18:08.203314     ,0.000       ,0.880       ,0.000       ,14.210      ,14.210      ,14.319      ,-0.109      ,-0.111      ,0.000          ,0.000       ,-2.096      ,0.000       ,0.100       ,880.000     ,0.000       ,-0.109      ,14.21000      ,1             ,0.000           ,0.088         ,0.000               ,-0.000              ,0.001           ,25745.05859       ,0.00000               ,-0.000        ,5.220         ,5.220         ,0.100         ,0.108         
18:18:08.205563     ,0.000       ,0.880       ,0.000       ,14.250      ,14.250      ,14.319      ,-0.069      ,-0.074      ,0.000          ,0.000       ,-0.994      ,0.000       ,0.090       ,880.000     ,0.000       ,-0.069      ,14.25000      ,1             ,0.000           ,0.088         ,0.000               ,-0.000              ,0.001           ,25745.05859       ,0.00000               ,-0.000        ,5.260         ,5.260         ,0.090         ,0.108         
18:18:08.215426     ,0.000       ,0.880       ,0.000       ,14.320      ,14.320      ,14.319      ,0.001       ,-0.003      ,0.000          ,0.000       ,0.575       ,0.000       ,0.100       ,880.000     ,0.000       ,0.001       ,14.32000      ,1             ,0.000           ,0.088         ,0.000               ,-0.000              ,0.001           ,25745.05859       ,0.00000               ,-0.000        ,5.260         ,5.260         ,0.100         ,0.103         
18:18:08.225571     ,0.000       ,0.880       ,0.000       ,14.360      ,14.360      ,14.319      ,0.041       ,0.040       ,0.000          ,0.000       ,1.376       ,0.000       ,0.110       ,880.000     ,0.000       ,0.041       ,14.36000      ,1             ,0.000           ,0.088         ,0.000               ,-0.000              ,0.001           ,25745.05859       ,0.00000               ,-0.000        ,5.260         ,5.260         ,0.110         ,0.089         
18:18:08.235630     ,0.000       ,0.880       ,0.000       ,14.390      ,14.390      ,14.319      ,0.071       ,0.072       ,0.000          ,0.000       ,1.791       ,0.000       ,0.120       ,880.000     ,0.000       ,0.071       ,14.39000      ,1             ,0.000           ,0.088         ,0.000               ,-0.000              ,0.001           ,25745.05859       ,0.00000               ,-0.000        ,5.260         ,5.260         ,0.120         ,0.099         
18:18:08.245455     ,0.000       ,0.880       ,0.000       ,14.380      ,14.380      ,14.319      ,0.061       ,0.065       ,0.000          ,0.000       ,1.330       ,0.000       ,0.130       ,880.000     ,0.000       ,0.061       ,14.38000      ,1             ,0.000           ,0.088         ,0.000               ,-0.000              ,0.000           ,25745.05859       ,0.00000               ,-0.000        ,5.270         ,5.270         ,0.130         ,0.108         
18:18:08.262824     ,0.000       ,0.880       ,0.000       ,14.320      ,14.320      ,14.319      ,0.001       ,0.006       ,0.000          ,0.000       ,-0.065      ,0.000       ,0.140       ,880.000     ,0.000       ,0.001       ,14.32000      ,1             ,0.000           ,0.088         ,0.000               ,-0.000              ,0.000           ,25745.05859       ,0.00000               ,-0.000        ,5.270         ,5.270         ,0.140         ,0.130         
18:18:08.265437     ,0.000       ,0.880       ,0.000       ,14.250      ,14.250      ,14.319      ,-0.069      ,-0.066      ,0.000          ,0.000       ,-1.471      ,0.000       ,0.130       ,880.000     ,0.000       ,-0.069      ,14.25000      ,1             ,0.000           ,0.088         ,0.000               ,-0.000              ,0.000           ,25745.05859       ,0.00000               ,-0.000        ,5.270         ,5.270         ,0.130         ,0.130         
18:18:08.283931     ,0.000       ,0.880       ,0.000       ,14.210      ,14.210      ,14.319      ,-0.109      ,-0.109      ,0.000          ,0.000       ,-2.091      ,0.000       ,0.120       ,880.000     ,0.000       ,-0.109      ,14.21000      ,1             ,0.000           ,0.088         ,0.000               ,-0.000              ,0.000           ,25745.05859       ,0.00000               ,-0.000        ,5.270         ,5.270         ,0.120         ,0.127         
18:18:08.285609     ,0.000       ,0.880       ,0.000       ,14.220      ,14.220      ,14.319      ,-0.099      ,-0.103      ,0.000          ,0.000       ,-1.588      ,0.000       ,0.110       ,880.000     ,0.000       ,-0.099      ,14.22000      ,1             ,0.000           ,0.088         ,0.000               ,-0.000              ,0.000           ,25745.05859       ,0.00000               ,-0.000        ,5.270         ,5.270         ,0.110         ,0.127         
18:18:08.306337     ,0.000       ,0.880       ,0.000       ,14.270      ,14.270      ,14.319      ,-0.009      ,-0.011      ,0.000          ,0.000       ,0.545       ,0.000       ,0.110       ,880.000     ,0.000       ,-0.009      ,14.31000      ,2             ,0.000           ,0.176         ,0.000               ,-0.000              ,0.001           ,25745.05859       ,-0.00767              ,-0.000        ,5.280         ,5.280         ,0.110         ,0.098         
18:18:08.312742     ,0.000       ,0.880       ,0.000       ,14.310      ,14.310      ,14.319      ,-0.009      ,-0.011      ,0.000          ,0.000       ,0.545       ,0.000       ,0.110       ,880.000     ,0.000       ,-0.009      ,14.31000      ,2             ,0.000           ,0.176         ,0.000               ,-0.000              ,0.001           ,25745.05859       ,0.00000               ,-0.000        ,5.280         ,5.280         ,0.110         ,0.098         
18:18:08.315437     ,0.000       ,0.880       ,0.000       ,14.360      ,14.360      ,14.319      ,0.041       ,0.040       ,0.000          ,0.000       ,1.492       ,0.000       ,0.120       ,880.000     ,0.000       ,0.041       ,14.36000      ,2             ,0.000           ,0.176         ,0.000               ,-0.000              ,0.001           ,25745.05859       ,0.00000               ,-0.000        ,5.280         ,5.280         ,0.120         ,0.098         
18:18:08.325505     ,0.000       ,0.880       ,0.000       ,14.390      ,14.390      ,14.319      ,0.071       ,0.073       ,0.000          ,0.000       ,1.895       ,0.000       ,0.130       ,880.000     ,0.000       ,0.071       ,14.39000      ,2             ,0.000           ,0.176         ,0.000               ,-0.000              ,0.001           ,25745.05859       ,0.00000               ,-0.000        ,5.280         ,5.280         ,0.130         ,0.118         
18:18:08.335618     ,0.000       ,0.880       ,0.000       ,14.310      ,14.310      ,14.319      ,-0.009      ,-0.002      ,0.000          ,0.000       ,0.069       ,0.000       ,0.120       ,880.000     ,0.000       ,-0.009      ,14.31000      ,2             ,0.000           ,0.176         ,0.000               ,-0.000              ,0.001           ,25745.05859       ,0.00000               ,-0.000        ,5.280         ,5.280         ,0.120         ,0.118         
18:18:08.345447     ,0.000       ,0.880       ,0.000       ,14.260      ,14.260      ,14.319      ,-0.059      ,-0.056      ,0.000          ,0.000       ,-1.027      ,0.000       ,0.110       ,880.000     ,0.000       ,-0.059      ,14.26000      ,2             ,0.000           ,0.176         ,0.000               ,-0.000              ,0.002           ,25745.05859       ,0.00000               ,-0.001        ,5.280         ,5.280         ,0.110         ,0.127         
18:18:08.355595     ,0.000       ,0.880       ,0.000       ,14.250      ,14.250      ,14.319      ,-0.069      ,-0.070      ,0.000          ,0.000       ,-1.138      ,0.000       ,0.100       ,880.000     ,0.000       ,-0.069      ,14.25000      ,2             ,0.000           ,0.176         ,0.000               ,-0.000              ,0.002           ,25745.05859       ,0.00000               ,-0.001        ,5.280         ,5.280         ,0.100         ,0.121         
18:18:08.365450     ,0.000       ,0.880       ,0.000       ,14.260      ,14.260      ,14.319      ,-0.059      ,-0.061      ,0.000          ,0.000       ,-0.781      ,0.000       ,0.090       ,880.000     ,0.000       ,-0.059      ,14.26000      ,2             ,0.000           ,0.176         ,0.000               ,-0.000              ,0.002           ,25745.05859       ,0.00000               ,-0.001        ,5.280         ,5.280         ,0.090         ,0.108         
18:18:08.375522     ,0.000       ,0.880       ,0.000       ,14.280      ,14.280      ,14.319      ,-0.039      ,-0.041      ,0.000          ,0.000       ,-0.267      ,0.000       ,0.080       ,880.000     ,0.000       ,-0.039      ,14.28000      ,2             ,0.000           ,0.176         ,0.000               ,-0.000              ,0.002           ,25745.05859       ,0.00000               ,-0.001        ,5.280         ,5.280         ,0.080         ,0.098         
18:18:08.385438     ,0.000       ,0.880       ,0.000       ,14.310      ,14.310      ,14.319      ,-0.009      ,-0.010      ,0.000          ,0.000       ,0.352       ,0.000       ,0.090       ,880.000     ,0.000       ,-0.009      ,14.31000      ,2             ,0.000           ,0.176         ,0.000               ,-0.000              ,0.002           ,25745.05859       ,0.00000               ,-0.001        ,5.280         ,5.280         ,0.090         ,0.089         
18:18:08.411108     ,0.000       ,0.880       ,0.000       ,14.340      ,14.340      ,14.319      ,0.021       ,0.023       ,0.000          ,0.000       ,0.811       ,0.000       ,0.110       ,880.000     ,0.000       ,0.021       ,14.34000      ,2             ,0.000           ,0.176         ,0.000               ,-0.000              ,0.002           ,25745.05859       ,0.00000               ,-0.001        ,5.280         ,5.280         ,0.110         ,0.091         
18:18:08.415431     ,0.000       ,0.880       ,0.000       ,14.330      ,14.330      ,14.319      ,0.021       ,0.023       ,0.000          ,0.000       ,0.811       ,0.000       ,0.110       ,880.000     ,0.000       ,0.021       ,14.34000      ,2             ,0.000           ,0.176         ,0.000               ,-0.000              ,0.001           ,25745.05859       ,0.00000               ,-0.000        ,5.280         ,5.280         ,0.110         ,0.091         
18:18:08.415532     ,0.000       ,0.880       ,0.000       ,14.330      ,14.330      ,14.319      ,0.011       ,0.013       ,0.000          ,0.000       ,0.502       ,0.000       ,0.120       ,880.000     ,0.000       ,0.011       ,14.33000      ,2             ,0.000           ,0.176         ,0.000               ,-0.000              ,0.001           ,25745.05859       ,0.00000               ,-0.000        ,5.280         ,5.280         ,0.120         ,0.091         
18:18:08.425507     ,0.000       ,0.880       ,0.000       ,14.300      ,14.300      ,14.319      ,-0.019      ,-0.017      ,0.000          ,0.000       ,-0.147      ,0.000       ,0.110       ,880.000     ,0.000       ,-0.019      ,14.30000      ,2             ,0.000           ,0.176         ,0.000               ,-0.000              ,0.001           ,25745.05859       ,0.00000               ,-0.000        ,5.280         ,5.280         ,0.110         ,0.108         
18:18:08.435410     ,0.000       ,0.880       ,0.000       ,14.200      ,14.200      ,14.319      ,-0.119      ,-0.114      ,0.000          ,0.000       ,-2.116      ,0.000       ,0.100       ,880.000     ,0.000       ,-0.119      ,14.20000      ,2             ,0.000           ,0.176         ,0.000               ,-0.000              ,0.001           ,25745.05859       ,0.00000               ,-0.000        ,5.280         ,5.280         ,0.100         ,0.131         
18:18:08.445483     ,0.000       ,0.880       ,0.000       ,14.180      ,14.180      ,14.319      ,-0.139      ,-0.141      ,0.000          ,0.000       ,-2.281      ,0.000       ,0.090       ,880.000     ,0.000       ,-0.139      ,14.18000      ,2             ,0.000           ,0.176         ,0.000               ,-0.000              ,0.001           ,25745.05859       ,0.00000               ,-0.000        ,5.280         ,5.280         ,0.090         ,0.109         
18:18:08.455434     ,0.000       ,0.880       ,0.000       ,14.210      ,14.210      ,14.319      ,-0.109      ,-0.114      ,0.000          ,0.000       ,-1.324      ,0.000       ,0.080       ,880.000     ,0.000       ,-0.109      ,14.21000      ,2             ,0.000           ,0.176         ,0.000               ,-0.000              ,0.001           ,25745.05859       ,0.00000               ,-0.000        ,5.280         ,5.280         ,0.080         ,0.098         
18:18:08.465449     ,0.000       ,0.880       ,0.000       ,14.250      ,14.250      ,14.319      ,-0.069      ,-0.073      ,0.000          ,0.000       ,-0.278      ,0.000       ,0.070       ,880.000     ,0.000       ,-0.069      ,14.25000      ,2             ,0.000           ,0.176         ,0.000               ,-0.000              ,0.001           ,25745.05859       ,0.00000               ,-0.000        ,5.280         ,5.280         ,0.070         ,0.084         
18:18:08.475524     ,0.000       ,0.880       ,0.000       ,14.310      ,14.310      ,14.319      ,-0.009      ,-0.011      ,0.000          ,0.000       ,0.957       ,0.000       ,0.080       ,880.000     ,0.000       ,-0.009      ,14.31000      ,2             ,0.000           ,0.176         ,0.000               ,-0.000              ,0.000           ,25745.05859       ,0.00000               ,-0.000        ,5.280         ,5.280         ,0.080         ,0.081         
18:18:08.485449     ,0.000       ,0.880       ,0.000       ,14.340      ,14.340      ,14.319      ,0.021       ,0.022       ,0.000          ,0.000       ,1.468       ,0.000       ,0.090       ,880.000     ,0.000       ,0.021       ,14.34000      ,2             ,0.000           ,0.176         ,0.000               ,-0.000              ,0.000           ,25745.05859       ,0.00000               ,-0.000        ,5.280         ,5.280         ,0.090         ,0.066         
18:18:08.505357     ,0.000       ,0.880       ,0.000       ,14.360      ,14.360      ,14.319      ,0.041       ,0.043       ,0.000          ,0.000       ,1.653       ,0.000       ,0.100       ,880.000     ,0.000       ,0.041       ,14.36000      ,2             ,0.000           ,0.176         ,0.000               ,-0.000              ,0.000           ,25745.05859       ,0.00000               ,-0.000        ,5.280         ,5.280         ,0.100         ,0.086         
18:18:08.505593     ,0.000       ,0.880       ,0.000       ,14.330      ,14.330      ,14.319      ,0.011       ,0.015       ,0.000          ,0.000       ,0.818       ,0.000       ,0.110       ,880.000     ,0.000       ,0.011       ,14.33000      ,2             ,0.000           ,0.176         ,0.000               ,-0.000              ,0.000           ,25745.05859       ,0.00000               ,-0.000        ,5.280         ,5.280         ,0.110         ,0.086         
18:18:08.515489     ,0.000       ,0.880       ,0.000       ,14.260      ,14.260      ,14.319      ,-0.059      ,-0.055      ,0.000          ,0.000       ,-0.698      ,0.000       ,0.100       ,880.000     ,0.000       ,-0.059      ,14.26000      ,2             ,0.000           ,0.176         ,0.000               ,-0.000              ,0.000           ,25745.05859       ,0.00000               ,-0.000        ,5.280         ,5.280         ,0.100         ,0.098         
18:18:08.525512     ,0.000       ,0.880       ,0.000       ,14.220      ,14.220      ,14.319      ,-0.099      ,-0.098      ,0.000          ,0.000       ,-1.471      ,0.000       ,0.090       ,880.000     ,0.000       ,-0.099      ,14.22000      ,2             ,0.000           ,0.176         ,0.000               ,-0.000              ,0.000           ,25745.05859       ,0.00000               ,-0.000        ,5.270         ,5.270         ,0.090         ,0.107         
18:18:08.535500     ,0.000       ,0.880       ,0.000       ,14.210      ,14.210      ,14.319      ,-0.109      ,-0.111      ,0.000          ,0.000       ,-1.482      ,0.000       ,0.080       ,880.000     ,0.000       ,-0.109      ,14.21000      ,2             ,0.000           ,0.176         ,0.000               ,-0.000              ,0.000           ,25745.05859       ,0.00000               ,-0.000        ,5.270         ,5.270         ,0.080         ,0.100         
18:18:08.545520     ,0.000       ,0.880       ,0.000       ,14.200      ,14.200      ,14.319      ,-0.119      ,-0.121      ,0.000          ,0.000       ,-1.435      ,0.000       ,0.070       ,880.000     ,0.000       ,-0.119      ,14.20000      ,2             ,0.000           ,0.176         ,0.000               ,-0.000              ,0.000           ,25745.05859       ,0.00000               ,-0.000        ,5.270         ,5.270         ,0.070         ,0.088         
18:18:08.605391     ,0.000       ,0.880       ,0.000       ,14.300      ,14.300      ,14.319      ,0.011       ,0.015       ,0.000          ,0.000       ,0.850       ,0.000       ,0.100       ,880.000     ,0.000       ,0.011       ,14.33000      ,2             ,0.000           ,0.176         ,0.000               ,-0.000              ,0.000           ,25745.05859       ,0.00000               ,-0.000        ,5.270         ,5.270         ,0.090         ,0.089         
18:18:08.605448     ,0.000       ,0.880       ,0.000       ,14.300      ,14.300      ,14.319      ,-0.019      ,-0.016      ,0.000          ,0.000       ,0.097       ,0.000       ,0.090       ,880.000     ,0.000       ,-0.019      ,14.30000      ,2             ,0.000           ,0.176         ,0.000               ,-0.000              ,0.000           ,25745.05859       ,0.00000               ,-0.000        ,5.270         ,5.270         ,0.090         ,0.089         
18:18:08.615443     ,0.000       ,0.880       ,0.000       ,14.210      ,14.210      ,14.319      ,-0.109      ,-0.104      ,0.000          ,0.000       ,-1.734      ,0.000       ,0.080       ,880.000     ,0.000       ,-0.109      ,14.21000      ,2             ,0.000           ,0.176         ,0.000               ,-0.000              ,0.000           ,25745.05859       ,0.00000               ,-0.000        ,5.270         ,5.270         ,0.080         ,0.099         
18:18:08.625550     ,0.000       ,0.880       ,0.000       ,14.190      ,14.190      ,14.319      ,-0.129      ,-0.131      ,0.000          ,0.000       ,-1.962      ,0.000       ,0.070       ,880.000     ,0.000       ,-0.129      ,14.19000      ,2             ,0.000           ,0.176         ,0.000               ,-0.000              ,0.000           ,25745.05859       ,0.00000               ,-0.000        ,5.270         ,5.270         ,0.070         ,0.088         
18:18:08.641297     ,0.000       ,0.880       ,0.000       ,14.200      ,14.200      ,14.319      ,-0.119      ,-0.123      ,0.000          ,0.000       ,-1.455      ,0.000       ,0.060       ,880.000     ,0.000       ,-0.119      ,14.20000      ,2             ,0.000           ,0.176         ,0.000               ,-0.000              ,0.000           ,25745.05859       ,0.00000               ,-0.000        ,5.270         ,5.270         ,0.060         ,0.069         
18:18:08.645495     ,0.000       ,0.880       ,0.000       ,14.240      ,14.240      ,14.319      ,-0.079      ,-0.083      ,0.000          ,0.000       ,-0.417      ,0.000       ,0.050       ,880.000     ,0.000       ,-0.079      ,14.24000      ,2             ,0.000           ,0.176         ,0.000               ,-0.000              ,0.000           ,25745.05859       ,0.00000               ,-0.000        ,5.270         ,5.270         ,0.050         ,0.069         
18:18:08.655402     ,0.000       ,0.880       ,0.000       ,14.300      ,14.300      ,14.319      ,-0.019      ,-0.022      ,0.000          ,0.000       ,0.845       ,0.000       ,0.060       ,880.000     ,0.000       ,-0.019      ,14.30000      ,2             ,0.000           ,0.176         ,0.000               ,-0.000              ,0.000           ,25745.05859       ,0.00000               ,-0.000        ,5.270         ,5.270         ,0.060         ,0.058         
18:18:08.665457     ,0.000       ,0.880       ,0.000       ,14.320      ,14.320      ,14.319      ,0.001       ,0.002       ,0.000          ,0.000       ,1.181       ,0.000       ,0.070       ,880.000     ,0.000       ,0.001       ,14.32000      ,2             ,0.000           ,0.176         ,0.000               ,-0.000              ,0.000           ,25745.05859       ,0.00000               ,-0.000        ,5.270         ,5.270         ,0.070         ,0.048         
18:18:08.675550     ,0.000       ,0.880       ,0.000       ,14.370      ,14.370      ,14.319      ,0.051       ,0.051       ,0.000          ,0.000       ,1.983       ,0.000       ,0.080       ,880.000     ,0.000       ,0.051       ,14.37000      ,2             ,0.000           ,0.176         ,0.000               ,-0.000              ,0.000           ,25745.05859       ,0.00000               ,-0.000        ,5.270         ,5.270         ,0.080         ,0.058         
18:18:08.685497     ,0.000       ,0.880       ,0.000       ,14.360      ,14.360      ,14.319      ,0.041       ,0.045       ,0.000          ,0.000       ,1.513       ,0.000       ,0.090       ,880.000     ,0.000       ,0.041       ,14.36000      ,2             ,0.000           ,0.176         ,0.000               ,-0.000              ,0.000           ,25745.05859       ,0.00000               ,-0.000        ,5.270         ,5.270         ,0.090         ,0.069         
18:18:08.695512     ,0.000       ,0.880       ,0.000       ,14.260      ,14.260      ,14.319      ,-0.059      ,-0.052      ,0.000          ,0.000       ,-0.686      ,0.000       ,0.080       ,880.000     ,0.000       ,-0.059      ,14.26000      ,2             ,0.000           ,0.176         ,0.000               ,-0.000              ,0.000           ,25745.05859       ,0.00000               ,-0.000        ,5.270         ,5.270         ,0.080         ,0.076         
18:18:08.705419     ,0.000       ,0.880       ,0.000       ,14.210      ,14.210      ,14.319      ,-0.109      ,-0.107      ,0.000          ,0.000       ,-1.703      ,0.000       ,0.070       ,880.000     ,0.000       ,-0.109      ,14.21000      ,2             ,0.000           ,0.176         ,0.000               ,-0.000              ,0.000           ,25745.05859       ,0.00000               ,-0.000        ,5.270         ,5.270         ,0.070         ,0.085         
18:18:08.715514     ,0.000       ,0.880       ,0.000       ,14.190      ,14.190      ,14.319      ,-0.129      ,-0.131      ,0.000          ,0.000       ,-1.878      ,0.000       ,0.060       ,880.000     ,0.000       ,-0.129      ,14.19000      ,2             ,0.000           ,0.176         ,0.000               ,-0.000              ,0.000           ,25745.05859       ,0.00000               ,-0.000        ,5.270         ,5.270         ,0.060         ,0.079         
18:18:08.725585     ,0.000       ,0.880       ,0.000       ,14.200      ,14.200      ,14.319      ,-0.119      ,-0.122      ,0.000          ,0.000       ,-1.384      ,0.000       ,0.050       ,880.000     ,0.000       ,-0.119      ,14.20000      ,2             ,0.000           ,0.176         ,0.000               ,-0.000              ,0.000           ,25745.05859       ,0.00000               ,-0.000        ,5.270         ,5.270         ,0.050         ,0.071         
18:18:08.741160     ,0.000       ,0.880       ,0.000       ,14.260      ,14.260      ,14.319      ,-0.059      ,-0.063      ,0.000          ,0.000       ,0.024       ,0.000       ,0.040       ,880.000     ,0.000       ,-0.059      ,14.26000      ,2             ,0.000           ,0.176         ,0.000               ,-0.000              ,0.000           ,25745.05859       ,0.00000               ,-0.000        ,5.270         ,5.270         ,0.040         ,0.050         
18:18:08.745526     ,0.000       ,0.880       ,0.000       ,14.310      ,14.310      ,14.319      ,-0.009      ,-0.010      ,0.000          ,0.000       ,1.036       ,0.000       ,0.050       ,880.000     ,0.000       ,-0.009      ,14.31000      ,2             ,0.000           ,0.176         ,0.000               ,-0.000              ,0.000           ,25745.05859       ,0.00000               ,-0.000        ,5.270         ,5.270         ,0.050         ,0.050         
18:18:08.755459     ,0.000       ,0.880       ,0.000       ,14.360      ,14.360      ,14.319      ,0.041       ,0.041       ,0.000          ,0.000       ,1.900       ,0.000       ,0.060       ,880.000     ,0.000       ,0.041       ,14.36000      ,2             ,0.000           ,0.176         ,0.000               ,-0.000              ,0.000           ,25745.05859       ,0.00000               ,-0.000        ,5.270         ,5.270         ,0.060         ,0.039         
18:18:08.765450     ,0.000       ,0.880       ,0.000       ,14.380      ,14.380      ,14.319      ,0.061       ,0.064       ,0.000          ,0.000       ,2.027       ,0.000       ,0.070       ,880.000     ,0.000       ,0.061       ,14.38000      ,2             ,0.000           ,0.176         ,0.000               ,-0.000              ,0.000           ,25745.05859       ,0.00000               ,-0.000        ,5.270         ,5.270         ,0.070         ,0.050         
18:18:08.775555     ,0.000       ,0.880       ,0.000       ,14.330      ,14.330      ,14.319      ,0.011       ,0.017       ,0.000          ,0.000       ,0.732       ,0.000       ,0.080       ,880.000     ,0.000       ,0.011       ,14.33000      ,1             ,0.000           ,0.088         ,0.000               ,-0.000              ,-0.000          ,25745.05859       ,0.00769               ,0.000         ,5.270         ,5.270         ,0.080         ,0.058         
18:18:08.785481     ,0.000       ,0.880       ,0.000       ,14.270      ,14.270      ,14.319      ,-0.049      ,-0.045      ,0.000          ,0.000       ,-0.608      ,0.000       ,0.070       ,880.000     ,0.000       ,-0.049      ,14.27000      ,1             ,0.000           ,0.088         ,0.000               ,-0.000              ,-0.001          ,25745.05859       ,0.00000               ,0.000         ,5.270         ,5.270         ,0.070         ,0.069         
18:18:08.795504     ,0.000       ,0.880       ,0.000       ,14.190      ,14.190      ,14.319      ,-0.129      ,-0.126      ,0.000          ,0.000       ,-2.154      ,0.000       ,0.060       ,880.000     ,0.000       ,-0.129      ,14.19000      ,1             ,0.000           ,0.088         ,0.000               ,-0.000              ,-0.001          ,25745.05859       ,0.00000               ,0.000         ,5.270         ,5.270         ,0.060         ,0.077         
18:18:08.815462     ,0.000       ,0.880       ,0.000       ,14.200      ,14.200      ,14.319      ,-0.159      ,-0.161      ,0.000          ,0.000       ,-2.473      ,0.000       ,0.050       ,880.000     ,0.000       ,-0.159      ,14.16000      ,1             ,0.000           ,0.088         ,0.000               ,-0.000              ,-0.001          ,25745.05859       ,0.00000               ,0.000         ,5.270         ,5.270         ,0.040         ,0.060         
18:18:08.815534     ,0.000       ,0.880       ,0.000       ,14.200      ,14.200      ,14.319      ,-0.119      ,-0.125      ,0.000          ,0.000       ,-1.299      ,0.000       ,0.040       ,880.000     ,0.000       ,-0.119      ,14.20000      ,1             ,0.000           ,0.088         ,0.000               ,-0.000              ,-0.001          ,25745.05859       ,0.00000               ,0.000         ,5.270         ,5.270         ,0.040         ,0.060         
18:18:08.825554     ,0.000       ,0.880       ,0.000       ,14.250      ,14.250      ,14.319      ,-0.069      ,-0.073      ,0.000          ,0.000       ,-0.050      ,0.000       ,0.030       ,880.000     ,0.000       ,-0.069      ,14.25000      ,1             ,0.000           ,0.088         ,0.000               ,-0.000              ,-0.001          ,25745.05859       ,0.00000               ,0.000         ,5.270         ,5.270         ,0.030         ,0.048         
18:18:08.841340     ,0.000       ,0.880       ,0.000       ,14.320      ,14.320      ,14.319      ,0.001       ,-0.001      ,0.000          ,0.000       ,1.348       ,0.000       ,0.040       ,880.000     ,0.000       ,0.001       ,14.32000      ,1             ,0.000           ,0.088         ,0.000               ,-0.000              ,-0.002          ,25745.05859       ,0.00000               ,0.001         ,5.270         ,5.270         ,0.040         ,0.025         
18:18:08.845502     ,0.000       ,0.880       ,0.000       ,14.370      ,14.370      ,14.319      ,0.051       ,0.051       ,0.000          ,0.000       ,2.180       ,0.000       ,0.050       ,880.000     ,0.000       ,0.051       ,14.37000      ,1             ,0.000           ,0.088         ,0.000               ,-0.000              ,-0.002          ,25745.05859       ,0.00000               ,0.001         ,5.270         ,5.270         ,0.050         ,0.025         
18:18:08.855433     ,0.000       ,0.880       ,0.000       ,14.420      ,14.420      ,14.319      ,0.101       ,0.103       ,0.000          ,0.000       ,2.827       ,0.000       ,0.060       ,880.000     ,0.000       ,0.101       ,14.42000      ,1             ,0.000           ,0.088         ,0.000               ,-0.000              ,-0.002          ,25745.05859       ,0.00000               ,0.001         ,5.270         ,5.270         ,0.060         ,0.039         
18:18:08.865464     ,0.000       ,0.880       ,0.000       ,14.360      ,14.360      ,14.319      ,0.041       ,0.049       ,0.000          ,0.000       ,1.224       ,0.000       ,0.070       ,880.000     ,0.000       ,0.041       ,14.36000      ,0             ,0.000           ,0.000         ,0.000               ,-0.000              ,-0.002          ,25745.05859       ,0.00765               ,0.001         ,5.270         ,5.270         ,0.070         ,0.048         
18:18:08.875579     ,0.000       ,0.880       ,0.000       ,14.180      ,14.180      ,14.319      ,-0.139      ,-0.129      ,0.000          ,0.000       ,-2.537      ,0.000       ,0.060       ,880.000     ,0.000       ,-0.139      ,14.18000      ,0             ,0.000           ,0.000         ,0.000               ,-0.000              ,-0.002          ,25745.05859       ,0.00000               ,0.001         ,5.270         ,5.270         ,0.060         ,0.058         
18:18:08.885450     ,0.000       ,0.880       ,0.000       ,14.120      ,14.120      ,14.319      ,-0.199      ,-0.200      ,0.000          ,0.000       ,-3.503      ,0.000       ,0.050       ,880.000     ,0.000       ,-0.199      ,14.12000      ,0             ,0.000           ,0.000         ,0.000               ,-0.000              ,-0.002          ,25745.05859       ,0.00000               ,0.001         ,5.270         ,5.270         ,0.050         ,0.067         
18:18:08.895501     ,0.000       ,0.880       ,0.000       ,14.100      ,14.100      ,14.319      ,-0.219      ,-0.224      ,0.000          ,0.000       ,-3.329      ,0.000       ,0.040       ,880.000     ,0.000       ,-0.219      ,14.10000      ,0             ,0.000           ,0.000         ,0.000               ,-0.000              ,-0.002          ,25745.05859       ,0.00000               ,0.001         ,5.270         ,5.270         ,0.040         ,0.058         
18:18:08.905501     ,0.000       ,0.880       ,0.000       ,14.150      ,14.150      ,14.319      ,-0.169      ,-0.177      ,0.000          ,0.000       ,-1.763      ,0.000       ,0.030       ,880.000     ,0.000       ,-0.169      ,14.15000      ,0             ,0.000           ,0.000         ,0.000               ,-0.000              ,-0.002          ,25745.05859       ,0.00000               ,0.001         ,5.270         ,5.270         ,0.030         ,0.048         
18:18:08.915492     ,0.000       ,0.880       ,0.000       ,14.300      ,14.300      ,14.319      ,-0.019      ,-0.028      ,0.000          ,0.000       ,1.523       ,0.000       ,0.040       ,880.000     ,0.000       ,-0.019      ,14.30000      ,0             ,0.000           ,0.000         ,0.000               ,-0.000              ,-0.002          ,25745.05859       ,0.00000               ,0.001         ,5.270         ,5.270         ,0.040         ,0.044         
18:18:08.925551     ,0.000       ,0.880       ,0.000       ,14.370      ,14.370      ,14.319      ,0.051       ,0.051       ,0.000          ,0.000       ,2.841       ,0.000       ,0.050       ,880.000     ,0.000       ,0.051       ,14.37000      ,0             ,0.000           ,0.000         ,0.000               ,-0.000              ,-0.002          ,25745.05859       ,0.00000               ,0.001         ,5.270         ,5.270         ,0.050         ,0.029         
18:18:08.941193     ,0.000       ,0.880       ,0.000       ,14.440      ,14.440      ,14.319      ,0.121       ,0.124       ,0.000          ,0.000       ,3.780       ,0.000       ,0.060       ,880.000     ,0.000       ,0.121       ,14.44000      ,0             ,0.000           ,0.000         ,0.000               ,-0.000              ,-0.002          ,25745.05859       ,0.00000               ,0.001         ,5.270         ,5.270         ,0.060         ,0.060         
18:18:08.945492     ,0.000       ,0.880       ,0.000       ,14.420      ,14.420      ,14.319      ,0.101       ,0.109       ,0.000          ,0.000       ,2.783       ,0.000       ,0.070       ,880.000     ,0.000       ,0.101       ,14.42000      ,0             ,0.000           ,0.000         ,0.000               ,-0.000              ,-0.002          ,25745.05859       ,0.00000               ,0.001         ,5.270         ,5.270         ,0.070         ,0.060         
18:18:08.955433     ,0.000       ,0.880       ,0.000       ,14.270      ,14.270      ,14.319      ,-0.049      ,-0.037      ,0.000          ,0.000       ,-0.658      ,0.000       ,0.060       ,880.000     ,0.000       ,-0.049      ,14.27000      ,0             ,0.000           ,0.000         ,0.000               ,-0.000              ,-0.002          ,25745.05859       ,0.00000               ,0.001         ,5.270         ,5.270         ,0.060         ,0.061         
18:18:08.965496     ,0.000       ,0.880       ,0.000       ,14.210      ,14.210      ,14.319      ,-0.109      ,-0.107      ,0.000          ,0.000       ,-1.961      ,0.000       ,0.050       ,880.000     ,0.000       ,-0.109      ,14.21000      ,0             ,0.000           ,0.000         ,0.000               ,-0.000              ,-0.002          ,25745.05859       ,0.00000               ,0.001         ,5.270         ,5.270         ,0.050         ,0.067         
18:18:08.975633     ,0.000       ,0.880       ,0.000       ,14.130      ,14.130      ,14.319      ,-0.189      ,-0.189      ,0.000          ,0.000       ,-3.260      ,0.000       ,0.040       ,880.000     ,0.000       ,-0.189      ,14.13000      ,0             ,0.000           ,0.000         ,0.000               ,-0.000              ,-0.002          ,25745.05859       ,0.00000               ,0.001         ,5.270         ,5.270         ,0.040         ,0.060         
18:18:08.985491     ,0.000       ,0.880       ,0.000       ,14.130      ,14.130      ,14.319      ,-0.189      ,-0.195      ,0.000          ,0.000       ,-2.773      ,0.000       ,0.030       ,880.000     ,0.000       ,-0.189      ,14.13000      ,0             ,0.000           ,0.000         ,0.000               ,-0.000              ,-0.001          ,25745.05859       ,0.00000               ,0.000         ,5.270         ,5.270         ,0.030         ,0.048         
18:18:08.995566     ,0.000       ,0.880       ,0.000       ,14.220      ,14.220      ,14.319      ,-0.099      ,-0.108      ,0.000          ,0.000       ,-0.523      ,0.000       ,0.020       ,880.000     ,0.000       ,-0.099      ,14.22000      ,0             ,0.000           ,0.000         ,0.000               ,-0.000              ,-0.001          ,25745.05859       ,0.00000               ,0.000         ,5.270         ,5.270         ,0.020         ,0.041         
18:18:09.005423     ,0.000       ,0.880       ,0.000       ,14.280      ,14.280      ,14.319      ,-0.039      ,-0.042      ,0.000          ,0.000       ,0.846       ,0.000       ,0.010       ,880.000     ,0.000       ,-0.039      ,14.28000      ,0             ,0.000           ,0.000         ,0.000               ,-0.000              ,-0.001          ,25745.05664       ,0.00000               ,0.000         ,5.270         ,5.270         ,0.010         ,0.028         
18:18:09.015535     ,0.000       ,0.880       ,0.000       ,14.420      ,14.420      ,14.319      ,0.101       ,0.098       ,0.000          ,0.000       ,3.425       ,0.000       ,0.020       ,880.000     ,0.000       ,0.101       ,14.42000      ,0             ,0.000           ,0.000         ,0.000               ,-0.000              ,-0.001          ,25745.05664       ,0.00000               ,0.000         ,5.270         ,5.270         ,0.020         ,0.010         
