Time                ,Current(A)  ,TargetCurrent(A),Voltage(V)  ,PressureRaw(kg),PressureFiltered(kg),F0(kg)      ,DeltaF      ,PI_P(Nm)    ,PI_I(Nm)    ,PI_D(Nm)    ,PI_LastCurrent(mA),Feedforward(mA),FeedforwardTorque(Nm),AlgoDeltaF(kg),AlgoPressure(kg),RopeLength(m) ,EncoderValue    ,EncoderAngle(deg),MotorSpeed(rpm)     ,MotorLinearVel(m/s) ,MotorTheoryVel(m/s),MotorPosition(m)  ,RopeVelocityRaw(m/s)  ,RopeVelocityFiltered(m/s),WeightRaw(kg) ,WeightFiltered(kg),TargetTorque(Nm),ActualTorque(Nm)
17:58:18.259619     ,0.881       ,0.880       ,19.176      ,16.210      ,16.203      ,16.213      ,-0.011      ,-0.007      ,-0.002      ,0.000       ,-0.009      ,880.000     ,0.000       ,-0.011      ,16.202      ,0.00000       ,0             ,0.000           ,0.000         ,-0.000              ,-0.000              ,23925.562       ,0.00000           ,0.00000               ,0.000         ,0.000         ,-0.009        ,-0.001        
17:58:18.269666     ,0.881       ,0.880       ,19.176      ,16.210      ,16.203      ,16.213      ,-0.010      ,-0.007      ,-0.002      ,0.000       ,-0.009      ,880.000     ,0.000       ,-0.010      ,16.203      ,0.00000       ,0             ,0.000           ,0.000         ,-0.000              ,-0.000              ,23925.562       ,0.00000           ,0.00000               ,0.000         ,0.000         ,-0.009        ,0.001         
17:58:18.279526     ,0.881       ,0.880       ,19.176      ,16.220      ,16.204      ,16.213      ,-0.010      ,-0.007      ,-0.002      ,-0.000      ,-0.009      ,880.000     ,0.000       ,-0.010      ,16.203      ,0.00000       ,0             ,0.000           ,0.000         ,-0.000              ,-0.000              ,23925.562       ,0.00000           ,0.00000               ,0.000         ,0.000         ,-0.009        ,0.001         
17:58:18.289661     ,0.881       ,0.880       ,19.176      ,16.220      ,16.205      ,16.213      ,-0.009      ,-0.006      ,-0.002      ,0.000       ,-0.008      ,880.000     ,0.000       ,-0.009      ,16.204      ,0.00000       ,0             ,0.000           ,0.000         ,-0.000              ,-0.000              ,23925.562       ,0.00000           ,0.00000               ,0.000         ,0.000         ,-0.008        ,0.001         
17:58:18.308917     ,0.879       ,0.880       ,19.176      ,16.220      ,16.205      ,16.213      ,-0.008      ,-0.005      ,-0.002      ,0.000       ,-0.007      ,880.000     ,0.000       ,-0.008      ,16.205      ,0.00000       ,0             ,0.000           ,0.000         ,-0.000              ,-0.000              ,23925.562       ,0.00000           ,0.00000               ,0.000         ,0.000         ,-0.007        ,0.003         
17:58:18.309612     ,0.879       ,0.880       ,19.176      ,16.210      ,16.205      ,16.213      ,-0.008      ,-0.005      ,-0.002      ,0.000       ,-0.007      ,880.000     ,0.000       ,-0.008      ,16.205      ,0.00000       ,0             ,0.000           ,0.000         ,-0.000              ,-0.000              ,23925.562       ,0.00000           ,0.00000               ,0.000         ,0.000         ,-0.007        ,0.003         
17:58:18.324358     ,0.879       ,0.880       ,19.176      ,16.210      ,16.206      ,16.213      ,-0.008      ,-0.005      ,-0.002      ,-0.000      ,-0.008      ,880.000     ,0.000       ,-0.008      ,16.205      ,0.00000       ,0             ,0.000           ,0.000         ,-0.000              ,-0.000              ,23925.562       ,0.00000           ,0.00000               ,0.000         ,0.000         ,-0.007        ,0.003         
17:58:18.329567     ,0.879       ,0.880       ,19.176      ,16.220      ,16.207      ,16.213      ,-0.008      ,-0.005      ,-0.002      ,0.000       ,-0.007      ,880.000     ,0.000       ,-0.008      ,16.206      ,0.00000       ,0             ,0.000           ,0.000         ,-0.000              ,-0.000              ,23925.562       ,0.00000           ,0.00000               ,0.000         ,0.000         ,-0.007        ,0.003         
17:58:18.343161     ,0.879       ,0.880       ,19.176      ,16.220      ,16.208      ,16.213      ,-0.006      ,-0.004      ,-0.002      ,0.000       ,-0.006      ,880.000     ,0.000       ,-0.006      ,16.207      ,0.00000       ,0             ,0.000           ,0.000         ,-0.000              ,-0.000              ,23925.562       ,0.00000           ,0.00000               ,0.000         ,0.000         ,-0.006        ,0.001         
17:58:18.349581     ,0.879       ,0.880       ,19.176      ,16.220      ,16.208      ,16.213      ,-0.005      ,-0.004      ,-0.002      ,-0.000      ,-0.006      ,880.000     ,0.000       ,-0.005      ,16.208      ,0.00000       ,0             ,0.000           ,0.000         ,-0.000              ,-0.000              ,23925.562       ,0.00000           ,0.00000               ,0.000         ,0.000         ,-0.006        ,0.001         
17:58:18.363732     ,0.879       ,0.880       ,19.176      ,16.210      ,16.208      ,16.213      ,-0.005      ,-0.003      ,-0.002      ,-0.000      ,-0.005      ,880.000     ,0.000       ,-0.005      ,16.208      ,0.00000       ,0             ,0.000           ,0.000         ,-0.000              ,-0.000              ,23925.562       ,0.00000           ,0.00000               ,0.000         ,0.000         ,-0.005        ,-0.000        
17:58:18.369533     ,0.879       ,0.880       ,19.176      ,16.220      ,16.210      ,16.213      ,-0.005      ,-0.003      ,-0.002      ,-0.000      ,-0.005      ,880.000     ,0.000       ,-0.005      ,16.208      ,0.00000       ,0             ,0.000           ,0.000         ,-0.000              ,-0.000              ,23925.562       ,0.00000           ,0.00000               ,0.000         ,0.000         ,-0.005        ,-0.000        
17:58:18.382261     ,0.879       ,0.880       ,19.176      ,16.210      ,16.207      ,16.213      ,-0.003      ,-0.002      ,-0.002      ,0.000       ,-0.004      ,880.000     ,0.000       ,-0.003      ,16.210      ,0.00000       ,0             ,0.000           ,0.000         ,-0.000              ,-0.000              ,23925.562       ,0.00000           ,0.00000               ,0.000         ,0.000         ,-0.004        ,0.001         
17:58:18.389660     ,0.879       ,0.880       ,19.176      ,16.220      ,16.207      ,16.213      ,-0.006      ,-0.004      ,-0.002      ,-0.000      ,-0.006      ,880.000     ,0.000       ,-0.006      ,16.207      ,0.00000       ,0             ,0.000           ,0.000         ,-0.000              ,-0.000              ,23925.562       ,0.00000           ,0.00000               ,0.000         ,0.000         ,-0.006        ,0.001         
17:58:18.405536     ,0.879       ,0.880       ,19.176      ,16.220      ,16.207      ,16.213      ,-0.006      ,-0.004      ,-0.002      ,0.000       ,-0.006      ,880.000     ,0.000       ,-0.006      ,16.207      ,0.00000       ,0             ,0.000           ,0.000         ,-0.000              ,-0.000              ,23925.562       ,0.00000           ,0.00000               ,0.000         ,0.000         ,-0.006        ,-0.009        
17:58:18.409786     ,0.879       ,0.880       ,19.176      ,16.210      ,16.207      ,16.213      ,-0.006      ,-0.004      ,-0.002      ,0.000       ,-0.006      ,880.000     ,0.000       ,-0.006      ,16.207      ,0.00000       ,0             ,0.000           ,0.000         ,-0.000              ,-0.000              ,23925.562       ,0.00000           ,0.00000               ,0.000         ,0.000         ,-0.006        ,-0.009        
17:58:18.421813     ,0.879       ,0.880       ,19.176      ,16.210      ,16.206      ,16.213      ,-0.006      ,-0.004      ,-0.002      ,0.000       ,-0.006      ,880.000     ,0.000       ,-0.006      ,16.207      ,0.00000       ,0             ,0.000           ,0.000         ,-0.000              ,-0.000              ,23925.562       ,0.00000           ,0.00000               ,0.000         ,0.000         ,-0.007        ,-0.000        
17:58:18.429568     ,0.879       ,0.880       ,19.176      ,16.210      ,16.206      ,16.213      ,-0.007      ,-0.005      ,-0.002      ,-0.000      ,-0.007      ,880.000     ,0.000       ,-0.007      ,16.206      ,0.00000       ,0             ,0.000           ,0.000         ,-0.000              ,-0.000              ,23925.562       ,0.00000           ,0.00000               ,0.000         ,0.000         ,-0.007        ,-0.000        
17:58:18.444695     ,0.879       ,0.880       ,19.176      ,16.220      ,16.206      ,16.213      ,-0.007      ,-0.005      ,-0.002      ,0.000       ,-0.007      ,880.000     ,0.000       ,-0.007      ,16.206      ,0.00000       ,0             ,0.000           ,0.000         ,-0.000              ,-0.000              ,23925.562       ,0.00000           ,0.00000               ,0.000         ,0.000         ,-0.007        ,0.001         
17:58:18.449555     ,0.879       ,0.880       ,19.176      ,16.220      ,16.206      ,16.213      ,-0.007      ,-0.005      ,-0.002      ,-0.000      ,-0.007      ,880.000     ,0.000       ,-0.007      ,16.206      ,0.00000       ,0             ,0.000           ,0.000         ,-0.000              ,-0.000              ,23925.562       ,0.00000           ,0.00000               ,0.000         ,0.000         ,-0.007        ,0.001         
17:58:18.465397     ,0.879       ,0.880       ,19.176      ,16.220      ,16.207      ,16.213      ,-0.007      ,-0.005      ,-0.002      ,-0.000      ,-0.007      ,880.000     ,0.000       ,-0.007      ,16.206      ,0.00000       ,0             ,0.000           ,0.000         ,-0.000              ,-0.000              ,23925.562       ,0.00000           ,0.00000               ,0.000         ,0.000         ,-0.007        ,-0.000        
17:58:18.469511     ,0.879       ,0.880       ,19.176      ,16.210      ,16.207      ,16.213      ,-0.006      ,-0.004      ,-0.002      ,0.000       ,-0.006      ,880.000     ,0.000       ,-0.006      ,16.207      ,0.00000       ,0             ,0.000           ,0.000         ,-0.000              ,-0.000              ,23925.562       ,0.00000           ,0.00000               ,0.000         ,0.000         ,-0.006        ,-0.000        
17:58:18.485238     ,0.879       ,0.880       ,19.176      ,16.220      ,16.208      ,16.213      ,-0.007      ,-0.004      ,-0.002      ,-0.000      ,-0.007      ,880.000     ,0.000       ,-0.007      ,16.207      ,0.00000       ,0             ,0.000           ,0.000         ,-0.000              ,-0.000              ,23925.562       ,0.00000           ,0.00000               ,0.000         ,0.000         ,-0.006        ,0.001         
17:58:18.489654     ,0.879       ,0.880       ,19.176      ,16.220      ,16.208      ,16.213      ,-0.005      ,-0.003      ,-0.002      ,0.000       ,-0.006      ,880.000     ,0.000       ,-0.005      ,16.208      ,0.00000       ,0             ,0.000           ,0.000         ,-0.000              ,-0.000              ,23925.562       ,0.00000           ,0.00000               ,0.000         ,0.000         ,-0.006        ,0.001         
17:58:18.508618     ,0.876       ,0.880       ,19.193      ,16.220      ,16.208      ,16.213      ,-0.005      ,-0.003      ,-0.002      ,0.000       ,-0.005      ,880.000     ,0.000       ,-0.005      ,16.208      ,0.00000       ,0             ,0.000           ,0.000         ,-0.000              ,-0.000              ,23925.562       ,0.00000           ,0.00000               ,0.000         ,0.000         ,-0.005        ,0.001         
17:58:18.509576     ,0.876       ,0.880       ,19.193      ,16.220      ,16.209      ,16.213      ,-0.005      ,-0.003      ,-0.002      ,0.000       ,-0.005      ,880.000     ,0.000       ,-0.005      ,16.208      ,0.00000       ,0             ,0.000           ,0.000         ,-0.000              ,-0.000              ,23925.562       ,0.00000           ,0.00000               ,0.000         ,0.000         ,-0.005        ,0.001         
17:58:18.522589     ,0.876       ,0.880       ,19.193      ,16.220      ,16.211      ,16.213      ,-0.004      ,-0.003      ,-0.002      ,0.000       ,-0.005      ,880.000     ,0.000       ,-0.004      ,16.209      ,0.00000       ,0             ,0.000           ,0.000         ,-0.000              ,-0.000              ,23925.562       ,0.00000           ,0.00000               ,0.000         ,0.000         ,-0.003        ,0.003         
17:58:18.529564     ,0.876       ,0.880       ,19.193      ,16.240      ,16.215      ,16.213      ,-0.002      ,-0.001      ,-0.002      ,0.000       ,-0.003      ,880.000     ,0.000       ,-0.002      ,16.211      ,0.00000       ,0             ,0.000           ,0.000         ,-0.000              ,-0.000              ,23925.562       ,0.00000           ,0.00000               ,0.000         ,0.000         ,-0.003        ,0.003         
17:58:18.541416     ,0.876       ,0.880       ,19.193      ,16.220      ,16.214      ,16.213      ,0.002       ,0.001       ,-0.002      ,0.000       ,-0.001      ,880.000     ,0.000       ,0.002       ,16.215      ,0.00000       ,0             ,0.000           ,0.000         ,-0.000              ,-0.000              ,23925.562       ,0.00000           ,0.00000               ,0.000         ,0.000         ,-0.001        ,-0.001        
17:58:18.549575     ,0.876       ,0.880       ,19.193      ,16.220      ,16.214      ,16.213      ,0.001       ,0.000       ,-0.002      ,-0.000      ,-0.003      ,880.000     ,0.000       ,0.001       ,16.214      ,0.00000       ,0             ,0.000           ,0.000         ,-0.000              ,-0.000              ,23925.562       ,0.00000           ,0.00000               ,0.000         ,0.000         ,-0.003        ,-0.001        
17:58:18.562450     ,0.876       ,0.880       ,19.193      ,16.220      ,16.214      ,16.213      ,0.001       ,0.000       ,-0.002      ,0.000       ,-0.002      ,880.000     ,0.000       ,0.001       ,16.214      ,0.00000       ,0             ,0.000           ,0.000         ,-0.000              ,-0.000              ,23925.562       ,0.00000           ,0.00000               ,0.000         ,0.000         ,-0.002        ,0.001         
17:58:18.569719     ,0.876       ,0.880       ,19.193      ,16.240      ,16.219      ,16.213      ,0.001       ,0.001       ,-0.002      ,0.000       ,-0.001      ,880.000     ,0.000       ,0.001       ,16.214      ,0.00000       ,0             ,0.000           ,0.000         ,-0.000              ,-0.000              ,23925.562       ,0.00000           ,0.00000               ,0.000         ,0.000         ,-0.001        ,0.001         
17:58:18.583233     ,0.876       ,0.880       ,19.193      ,16.220      ,16.215      ,16.213      ,0.006       ,0.004       ,-0.002      ,0.000       ,0.002       ,880.000     ,0.000       ,0.006       ,16.219      ,0.00000       ,0             ,0.000           ,0.000         ,-0.000              ,-0.000              ,23925.562       ,0.00000           ,0.00000               ,0.000         ,0.000         ,0.002         ,-0.001        
17:58:18.589649     ,0.876       ,0.880       ,19.193      ,16.220      ,16.216      ,16.213      ,0.002       ,0.001       ,-0.002      ,-0.001      ,-0.001      ,880.000     ,0.000       ,0.002       ,16.215      ,0.00000       ,0             ,0.000           ,0.000         ,-0.000              ,-0.000              ,23925.562       ,0.00000           ,0.00000               ,0.000         ,0.000         ,-0.001        ,-0.001        
17:58:18.605415     ,0.879       ,0.880       ,19.160      ,16.220      ,16.217      ,16.213      ,0.004       ,0.002       ,-0.002      ,-0.000      ,0.000       ,880.000     ,0.000       ,0.004       ,16.217      ,0.00000       ,0             ,0.000           ,0.000         ,-0.000              ,-0.000              ,23925.562       ,0.00000           ,0.00000               ,0.000         ,0.000         ,0.000         ,0.001         
17:58:18.609659     ,0.879       ,0.880       ,19.160      ,16.220      ,16.217      ,16.213      ,0.004       ,0.002       ,-0.002      ,-0.000      ,0.000       ,880.000     ,0.000       ,0.004       ,16.217      ,0.00000       ,0             ,0.000           ,0.000         ,-0.000              ,-0.000              ,23925.562       ,0.00000           ,0.00000               ,0.000         ,0.000         ,0.000         ,0.001         
17:58:18.621713     ,0.879       ,0.880       ,19.160      ,16.240      ,16.216      ,16.213      ,0.003       ,0.002       ,-0.002      ,-0.000      ,0.000       ,880.000     ,0.000       ,0.003       ,16.217      ,0.00000       ,0             ,0.000           ,0.000         ,-0.000              ,-0.000              ,23925.562       ,0.00000           ,0.00000               ,0.000         ,0.000         ,-0.000        ,0.003         
17:58:18.629571     ,0.879       ,0.880       ,19.160      ,16.220      ,16.215      ,16.213      ,0.003       ,0.002       ,-0.002      ,-0.000      ,-0.000      ,880.000     ,0.000       ,0.003       ,16.216      ,0.00000       ,0             ,0.000           ,0.000         ,-0.000              ,-0.000              ,23925.562       ,0.00000           ,0.00000               ,0.000         ,0.000         ,-0.000        ,0.003         
17:58:18.643402     ,0.879       ,0.880       ,19.160      ,16.220      ,16.215      ,16.213      ,0.002       ,0.002       ,-0.002      ,-0.000      ,-0.001      ,880.000     ,0.000       ,0.002       ,16.215      ,0.00000       ,0             ,0.000           ,0.000         ,-0.000              ,-0.000              ,23925.562       ,0.00000           ,0.00000               ,0.000         ,0.000         ,-0.001        ,0.003         
17:58:18.649594     ,0.879       ,0.880       ,19.160      ,16.220      ,16.215      ,16.213      ,0.002       ,0.001       ,-0.002      ,0.000       ,-0.001      ,880.000     ,0.000       ,0.002       ,16.215      ,0.00000       ,0             ,0.000           ,0.000         ,-0.000              ,-0.000              ,23925.562       ,0.00000           ,0.00000               ,0.000         ,0.000         ,-0.001        ,0.003         
17:58:18.662363     ,0.879       ,0.880       ,19.160      ,16.220      ,16.215      ,16.213      ,0.002       ,0.001       ,-0.002      ,0.000       ,-0.001      ,880.000     ,0.000       ,0.002       ,16.215      ,0.00000       ,0             ,0.000           ,0.000         ,-0.000              ,-0.000              ,23925.562       ,0.00000           ,0.00000               ,0.000         ,0.000         ,-0.001        ,0.001         
17:58:18.669552     ,0.879       ,0.880       ,19.160      ,16.220      ,16.212      ,16.213      ,0.002       ,0.001       ,-0.002      ,0.000       ,-0.001      ,880.000     ,0.000       ,0.002       ,16.215      ,0.00000       ,0             ,0.000           ,0.000         ,-0.000              ,-0.000              ,23925.562       ,0.00000           ,0.00000               ,0.000         ,0.000         ,-0.001        ,0.001         
17:58:18.681918     ,0.879       ,0.880       ,19.160      ,16.220      ,16.213      ,16.213      ,-0.001      ,-0.001      ,-0.002      ,-0.000      ,-0.003      ,880.000     ,0.000       ,-0.001      ,16.212      ,0.00000       ,0             ,0.000           ,0.000         ,-0.000              ,-0.000              ,23925.562       ,0.00000           ,0.00000               ,0.000         ,0.000         ,-0.002        ,0.001         
17:58:18.689646     ,0.879       ,0.880       ,19.160      ,16.220      ,16.213      ,16.213      ,-0.000      ,0.000       ,-0.002      ,0.000       ,-0.002      ,880.000     ,0.000       ,-0.000      ,16.213      ,0.00000       ,0             ,0.000           ,0.000         ,-0.000              ,-0.000              ,23925.562       ,0.00000           ,0.00000               ,0.000         ,0.000         ,-0.002        ,0.001         
17:58:18.705068     ,0.883       ,0.880       ,19.160      ,16.240      ,16.216      ,16.213      ,0.003       ,0.002       ,-0.002      ,0.000       ,0.000       ,880.000     ,0.000       ,0.003       ,16.216      ,0.00000       ,0             ,0.000           ,0.000         ,-0.000              ,-0.000              ,23925.562       ,0.00000           ,0.00000               ,0.000         ,0.000         ,0.000         ,0.003         
17:58:18.709639     ,0.883       ,0.880       ,19.160      ,16.220      ,16.214      ,16.213      ,0.003       ,0.002       ,-0.002      ,0.000       ,0.000       ,880.000     ,0.000       ,0.003       ,16.216      ,0.00000       ,0             ,0.000           ,0.000         ,-0.000              ,-0.000              ,23925.562       ,0.00000           ,0.00000               ,0.000         ,0.000         ,0.000         ,0.003         
17:58:18.722195     ,0.883       ,0.880       ,19.160      ,16.240      ,16.217      ,16.213      ,0.001       ,0.001       ,-0.002      ,-0.000      ,-0.001      ,880.000     ,0.000       ,0.001       ,16.214      ,0.00000       ,0             ,0.000           ,0.000         ,-0.000              ,-0.000              ,23925.562       ,0.00000           ,0.00000               ,0.000         ,0.000         ,0.001         ,0.001         
17:58:18.729559     ,0.883       ,0.880       ,19.160      ,16.240      ,16.220      ,16.213      ,0.004       ,0.003       ,-0.002      ,0.000       ,0.001       ,880.000     ,0.000       ,0.004       ,16.217      ,0.00000       ,0             ,0.000           ,0.000         ,-0.000              ,-0.000              ,23925.562       ,0.00000           ,0.00000               ,0.000         ,0.000         ,0.001         ,0.001         
17:58:18.742058     ,0.883       ,0.880       ,19.160      ,16.240      ,16.223      ,16.213      ,0.007       ,0.004       ,-0.002      ,0.000       ,0.003       ,880.000     ,0.000       ,0.007       ,16.220      ,0.00000       ,0             ,0.000           ,0.000         ,-0.000              ,-0.000              ,23925.562       ,0.00000           ,0.00000               ,0.000         ,0.000         ,0.003         ,0.001         
17:58:18.749580     ,0.883       ,0.880       ,19.160      ,16.240      ,16.224      ,16.213      ,0.010       ,0.007       ,-0.002      ,0.000       ,0.005       ,880.000     ,0.000       ,0.010       ,16.223      ,0.00000       ,0             ,0.000           ,0.000         ,-0.000              ,-0.000              ,23925.562       ,0.00000           ,0.00000               ,0.000         ,0.000         ,0.005         ,0.001         
17:58:18.761732     ,0.883       ,0.880       ,19.160      ,16.240      ,16.229      ,16.213      ,0.011       ,0.007       ,-0.002      ,-0.000      ,0.005       ,880.000     ,0.000       ,0.011       ,16.224      ,0.00000       ,0             ,0.000           ,0.000         ,-0.000              ,-0.000              ,23925.562       ,0.00000           ,0.00000               ,0.000         ,0.000         ,0.005         ,0.001         
17:58:18.769549     ,0.883       ,0.880       ,19.160      ,16.240      ,16.230      ,16.213      ,0.016       ,0.010       ,-0.002      ,0.000       ,0.009       ,880.000     ,0.000       ,0.016       ,16.229      ,0.00000       ,0             ,0.000           ,0.000         ,-0.000              ,-0.000              ,23925.562       ,0.00000           ,0.00000               ,0.000         ,0.000         ,0.009         ,0.001         
17:58:18.780316     ,0.883       ,0.880       ,19.160      ,16.240      ,16.231      ,16.213      ,0.017       ,0.011       ,-0.002      ,-0.000      ,0.009       ,880.000     ,0.000       ,0.017       ,16.230      ,0.00000       ,0             ,0.000           ,0.000         ,-0.000              ,-0.000              ,23925.562       ,0.00000           ,0.00000               ,0.000         ,0.000         ,0.009         ,0.001         
17:58:18.789747     ,0.883       ,0.880       ,19.160      ,16.220      ,16.229      ,16.213      ,0.018       ,0.012       ,-0.002      ,0.000       ,0.010       ,880.000     ,0.000       ,0.018       ,16.231      ,0.00000       ,0             ,0.000           ,0.000         ,-0.000              ,-0.000              ,23925.562       ,0.00000           ,0.00000               ,0.000         ,0.000         ,0.010         ,0.001         
17:58:18.803154     ,0.881       ,0.880       ,19.176      ,16.240      ,16.230      ,16.213      ,0.017       ,0.011       ,-0.002      ,0.000       ,0.010       ,880.000     ,0.000       ,0.017       ,16.230      ,0.00000       ,0             ,0.000           ,0.000         ,-0.000              ,-0.000              ,23925.562       ,0.00000           ,0.00000               ,0.000         ,0.000         ,0.010         ,0.001         
17:58:18.809642     ,0.881       ,0.880       ,19.176      ,16.240      ,16.230      ,16.213      ,0.017       ,0.011       ,-0.002      ,0.000       ,0.010       ,880.000     ,0.000       ,0.017       ,16.230      ,0.00000       ,0             ,0.000           ,0.000         ,-0.000              ,-0.000              ,23925.562       ,0.00000           ,0.00000               ,0.000         ,0.000         ,0.010         ,0.001         
17:58:18.819908     ,0.881       ,0.880       ,19.176      ,16.220      ,16.225      ,16.213      ,0.017       ,0.011       ,-0.002      ,-0.000      ,0.009       ,880.000     ,0.000       ,0.017       ,16.230      ,0.00000       ,0             ,0.000           ,0.000         ,-0.000              ,-0.000              ,23925.562       ,0.00000           ,0.00000               ,0.000         ,0.000         ,0.006         ,0.001         
17:58:18.829594     ,0.881       ,0.880       ,19.176      ,16.220      ,16.222      ,16.213      ,0.012       ,0.008       ,-0.002      ,-0.000      ,0.006       ,880.000     ,0.000       ,0.012       ,16.225      ,0.00000       ,0             ,0.000           ,0.000         ,-0.000              ,-0.000              ,23925.562       ,0.00000           ,0.00000               ,0.000         ,0.000         ,0.006         ,0.001         
17:58:18.839758     ,0.881       ,0.880       ,19.176      ,16.240      ,16.225      ,16.213      ,0.009       ,0.006       ,-0.002      ,0.000       ,0.004       ,880.000     ,0.000       ,0.009       ,16.222      ,0.00000       ,0             ,0.000           ,0.000         ,-0.000              ,-0.000              ,23925.562       ,0.00000           ,0.00000               ,0.000         ,0.000         ,0.004         ,0.001         
17:58:18.849640     ,0.881       ,0.880       ,19.176      ,16.240      ,16.223      ,16.213      ,0.012       ,0.008       ,-0.002      ,0.000       ,0.007       ,880.000     ,0.000       ,0.012       ,16.225      ,0.00000       ,0             ,0.000           ,0.000         ,-0.000              ,-0.000              ,23925.562       ,0.00000           ,0.00000               ,0.000         ,0.000         ,0.007         ,0.001         
17:58:18.859652     ,0.881       ,0.880       ,19.176      ,16.240      ,16.222      ,16.213      ,0.010       ,0.007       ,-0.002      ,-0.000      ,0.005       ,880.000     ,0.000       ,0.010       ,16.223      ,0.00000       ,0             ,0.000           ,0.000         ,-0.000              ,-0.000              ,23925.562       ,0.00000           ,0.00000               ,0.000         ,0.000         ,0.005         ,-0.000        
17:58:18.869703     ,0.881       ,0.880       ,19.176      ,16.210      ,16.220      ,16.213      ,0.009       ,0.006       ,-0.002      ,0.000       ,0.005       ,880.000     ,0.000       ,0.009       ,16.222      ,0.00000       ,0             ,0.000           ,0.000         ,-0.000              ,-0.000              ,23925.562       ,0.00000           ,0.00000               ,0.000         ,0.000         ,0.005         ,-0.000        
17:58:18.879601     ,0.881       ,0.880       ,19.176      ,16.240      ,16.224      ,16.213      ,0.007       ,0.005       ,-0.002      ,-0.000      ,0.003       ,880.000     ,0.000       ,0.007       ,16.220      ,0.00000       ,0             ,0.000           ,0.000         ,-0.000              ,-0.000              ,23925.562       ,0.00000           ,0.00000               ,0.000         ,0.000         ,0.003         ,0.003         
17:58:18.896883     ,0.881       ,0.880       ,19.176      ,16.240      ,16.224      ,16.213      ,0.011       ,0.008       ,-0.002      ,0.000       ,0.006       ,880.000     ,0.000       ,0.011       ,16.224      ,0.00000       ,0             ,0.000           ,0.000         ,-0.000              ,-0.000              ,23925.562       ,0.00000           ,0.00000               ,0.000         ,0.000         ,0.006         ,0.001         
17:58:18.903216     ,0.879       ,0.880       ,19.225      ,16.240      ,16.225      ,16.213      ,0.012       ,0.008       ,-0.002      ,0.000       ,0.006       ,880.000     ,0.000       ,0.012       ,16.225      ,0.00000       ,0             ,0.000           ,0.000         ,-0.000              ,-0.000              ,23925.562       ,0.00000           ,0.00000               ,0.000         ,0.000         ,0.006         ,0.001         
17:58:18.909640     ,0.879       ,0.880       ,19.225      ,16.240      ,16.225      ,16.213      ,0.012       ,0.008       ,-0.002      ,0.000       ,0.006       ,880.000     ,0.000       ,0.012       ,16.225      ,0.00000       ,0             ,0.000           ,0.000         ,-0.000              ,-0.000              ,23925.562       ,0.00000           ,0.00000               ,0.000         ,0.000         ,0.006         ,0.001         
17:58:18.919543     ,0.879       ,0.880       ,19.225      ,16.250      ,16.232      ,16.213      ,0.012       ,0.008       ,-0.002      ,0.000       ,0.007       ,880.000     ,0.000       ,0.012       ,16.225      ,0.00000       ,0             ,0.000           ,0.000         ,-0.000              ,-0.000              ,23925.562       ,0.00000           ,0.00000               ,0.000         ,0.000         ,0.007         ,0.001         
17:58:18.929583     ,0.879       ,0.880       ,19.225      ,16.240      ,16.231      ,16.213      ,0.019       ,0.013       ,-0.001      ,0.000       ,0.012       ,880.000     ,0.000       ,0.019       ,16.232      ,0.00000       ,0             ,0.000           ,0.000         ,-0.000              ,-0.000              ,23925.562       ,0.00000           ,0.00000               ,0.000         ,0.000         ,0.012         ,0.001         
17:58:18.939708     ,0.879       ,0.880       ,19.225      ,16.250      ,16.233      ,16.213      ,0.018       ,0.012       ,-0.001      ,-0.001      ,0.010       ,880.000     ,0.000       ,0.018       ,16.231      ,0.00000       ,0             ,0.000           ,0.000         ,-0.000              ,-0.000              ,23925.562       ,0.00000           ,0.00000               ,0.000         ,0.000         ,0.010         ,-0.001        
17:58:18.949621     ,0.879       ,0.880       ,19.225      ,16.240      ,16.233      ,16.213      ,0.020       ,0.013       ,-0.001      ,0.000       ,0.012       ,880.000     ,0.000       ,0.020       ,16.233      ,0.00000       ,0             ,0.000           ,0.000         ,-0.000              ,-0.000              ,23925.562       ,0.00000           ,0.00000               ,0.000         ,0.000         ,0.012         ,-0.001        
17:58:18.959627     ,0.879       ,0.880       ,19.225      ,16.240      ,16.234      ,16.213      ,0.020       ,0.013       ,-0.001      ,-0.000      ,0.012       ,880.000     ,0.000       ,0.020       ,16.233      ,0.00000       ,0             ,0.000           ,0.000         ,-0.000              ,-0.000              ,23925.562       ,0.00000           ,0.00000               ,0.000         ,0.000         ,0.012         ,-0.000        
17:58:18.969542     ,0.879       ,0.880       ,19.225      ,16.240      ,16.234      ,16.213      ,0.021       ,0.014       ,-0.001      ,0.000       ,0.013       ,880.000     ,0.000       ,0.021       ,16.234      ,0.00000       ,0             ,0.000           ,0.000         ,-0.000              ,-0.000              ,23925.562       ,0.00000           ,0.00000               ,0.000         ,0.000         ,0.013         ,-0.000        
17:58:18.979574     ,0.879       ,0.880       ,19.225      ,16.240      ,16.235      ,16.213      ,0.021       ,0.014       ,-0.001      ,-0.000      ,0.012       ,880.000     ,0.000       ,0.021       ,16.234      ,0.00000       ,0             ,0.000           ,0.000         ,-0.000              ,-0.000              ,23925.562       ,0.00000           ,0.00000               ,0.000         ,0.000         ,0.012         ,-0.000        
17:58:18.989702     ,0.879       ,0.880       ,19.225      ,16.240      ,16.234      ,16.213      ,0.022       ,0.015       ,-0.001      ,0.000       ,0.014       ,880.000     ,0.000       ,0.022       ,16.235      ,0.00000       ,0             ,0.000           ,0.000         ,-0.000              ,-0.000              ,23925.562       ,0.00000           ,0.00000               ,0.000         ,0.000         ,0.014         ,-0.000        
17:58:19.003568     ,0.878       ,0.880       ,19.193      ,16.240      ,16.233      ,16.213      ,0.020       ,0.014       ,-0.001      ,0.000       ,0.012       ,880.000     ,0.000       ,0.020       ,16.233      ,0.00000       ,0             ,0.000           ,0.000         ,-0.000              ,-0.000              ,23925.562       ,0.00000           ,0.00000               ,0.000         ,0.000         ,0.012         ,0.001         
17:58:19.016750     ,0.878       ,0.880       ,19.193      ,16.250      ,16.234      ,16.213      ,0.020       ,0.014       ,-0.001      ,0.000       ,0.012       ,880.000     ,0.000       ,0.020       ,16.233      ,0.00000       ,0             ,0.000           ,0.000         ,-0.000              ,-0.000              ,23925.562       ,0.00000           ,0.00000               ,0.000         ,0.000         ,0.012         ,0.001         
17:58:19.019533     ,0.878       ,0.880       ,19.193      ,16.250      ,16.235      ,16.213      ,0.021       ,0.014       ,-0.001      ,0.000       ,0.013       ,880.000     ,0.000       ,0.021       ,16.234      ,0.00000       ,0             ,0.000           ,0.000         ,-0.000              ,-0.000              ,23925.562       ,0.00000           ,0.00000               ,0.000         ,0.000         ,0.013         ,0.001         
17:58:19.029620     ,0.878       ,0.880       ,19.193      ,16.240      ,16.233      ,16.213      ,0.021       ,0.014       ,-0.001      ,-0.000      ,0.013       ,880.000     ,0.000       ,0.021       ,16.235      ,0.00000       ,0             ,0.000           ,0.000         ,-0.000              ,-0.000              ,23925.562       ,0.00000           ,0.00000               ,0.000         ,0.000         ,0.013         ,0.001         
17:58:19.041071     ,0.878       ,0.880       ,19.193      ,16.250      ,16.235      ,16.213      ,0.020       ,0.014       ,-0.001      ,-0.000      ,0.012       ,880.000     ,0.000       ,0.020       ,16.233      ,0.00000       ,0             ,0.000           ,0.000         ,-0.000              ,-0.000              ,23925.562       ,0.00000           ,0.00000               ,0.000         ,0.000         ,0.012         ,0.001         
17:58:19.049681     ,0.878       ,0.880       ,19.193      ,16.250      ,16.237      ,16.213      ,0.022       ,0.015       ,-0.001      ,0.000       ,0.014       ,880.000     ,0.000       ,0.022       ,16.235      ,0.00000       ,0             ,0.000           ,0.000         ,-0.000              ,-0.000              ,23925.562       ,0.00000           ,0.00000               ,0.000         ,0.000         ,0.014         ,0.001         
17:58:19.063773     ,0.878       ,0.880       ,19.193      ,16.270      ,16.241      ,16.213      ,0.024       ,0.016       ,-0.001      ,0.000       ,0.015       ,880.000     ,0.000       ,0.024       ,16.237      ,0.00000       ,0             ,0.000           ,0.000         ,-0.000              ,-0.000              ,23925.562       ,0.00000           ,0.00000               ,0.000         ,0.000         ,0.018         ,0.001         
17:58:19.069529     ,0.878       ,0.880       ,19.193      ,16.260      ,16.243      ,16.213      ,0.028       ,0.019       ,-0.001      ,0.000       ,0.018       ,880.000     ,0.000       ,0.028       ,16.241      ,0.00000       ,0             ,0.000           ,0.000         ,-0.000              ,-0.000              ,23925.562       ,0.00000           ,0.00000               ,0.000         ,0.000         ,0.018         ,0.001         
17:58:19.083610     ,0.878       ,0.880       ,19.193      ,16.260      ,16.247      ,16.213      ,0.030       ,0.020       ,-0.001      ,-0.000      ,0.019       ,880.000     ,0.000       ,0.030       ,16.243      ,0.00000       ,0             ,0.000           ,0.000         ,-0.000              ,-0.000              ,23925.562       ,0.00000           ,0.00000               ,0.000         ,0.000         ,0.019         ,-0.000        
17:58:19.089726     ,0.878       ,0.880       ,19.193      ,16.270      ,16.251      ,16.213      ,0.034       ,0.023       ,-0.001      ,0.000       ,0.022       ,880.000     ,0.000       ,0.034       ,16.247      ,0.00000       ,0             ,0.000           ,0.000         ,-0.000              ,-0.000              ,23925.562       ,0.00000           ,0.00000               ,0.000         ,0.000         ,0.022         ,-0.000        
17:58:19.106808     ,0.878       ,0.880       ,19.225      ,16.280      ,16.256      ,16.213      ,0.043       ,0.029       ,-0.001      ,0.000       ,0.028       ,880.000     ,0.000       ,0.043       ,16.256      ,0.00000       ,0             ,0.000           ,0.000         ,-0.000              ,-0.000              ,23925.562       ,0.00000           ,0.00000               ,0.000         ,0.000         ,0.028         ,0.001         
17:58:19.109646     ,0.878       ,0.880       ,19.225      ,16.320      ,16.264      ,16.213      ,0.043       ,0.029       ,-0.001      ,0.000       ,0.028       ,880.000     ,0.000       ,0.043       ,16.256      ,0.00000       ,0             ,0.000           ,0.000         ,-0.000              ,-0.000              ,23925.562       ,0.00000           ,0.00000               ,0.000         ,0.000         ,0.028         ,0.001         
17:58:19.123190     ,0.878       ,0.880       ,19.225      ,16.360      ,16.280      ,16.213      ,0.051       ,0.034       ,-0.001      ,0.000       ,0.034       ,880.000     ,0.000       ,0.051       ,16.264      ,0.00000       ,0             ,0.000           ,0.000         ,-0.000              ,-0.000              ,23925.562       ,0.00000           ,0.00000               ,0.000         ,0.000         ,0.034         ,-0.000        
17:58:19.129605     ,0.878       ,0.880       ,19.225      ,16.450      ,16.310      ,16.213      ,0.067       ,0.045       ,-0.001      ,0.001       ,0.045       ,880.000     ,0.000       ,0.067       ,16.280      ,0.00008       ,1             ,0.088           ,0.000         ,-0.000              ,-0.000              ,23925.562       ,0.00000           ,0.00000               ,0.000         ,0.000         ,0.045         ,-0.000        
17:58:19.142041     ,0.878       ,0.880       ,19.225      ,16.790      ,16.393      ,16.213      ,0.097       ,0.065       ,-0.000      ,0.001       ,0.065       ,880.000     ,0.000       ,0.097       ,16.310      ,0.00015       ,2             ,0.176           ,0.000         ,-0.000              ,0.000               ,23925.564       ,-0.00765          ,-0.00011              ,0.000         ,0.000         ,0.065         ,0.005         
17:58:19.149595     ,0.878       ,0.880       ,19.225      ,16.830      ,16.469      ,16.213      ,0.180       ,0.120       ,-0.000      ,0.004       ,0.123       ,880.000     ,0.000       ,0.180       ,16.393      ,0.00015       ,2             ,0.176           ,0.000         ,-0.000              ,0.001               ,23925.564       ,-0.00768          ,-0.00033              ,0.000         ,0.000         ,0.123         ,0.005         
17:58:19.162762     ,0.878       ,0.880       ,19.225      ,16.630      ,16.509      ,16.213      ,0.256       ,0.171       ,0.000       ,-0.000      ,0.171       ,880.000     ,0.000       ,0.256       ,16.469      ,0.00023       ,3             ,0.264           ,0.000         ,-0.000              ,0.002               ,23925.564       ,0.00000           ,-0.00051              ,0.000         ,0.000         ,0.171         ,0.001         
17:58:19.169529     ,0.878       ,0.880       ,19.225      ,16.730      ,16.582      ,16.213      ,0.296       ,0.197       ,0.001       ,-0.002      ,0.195       ,880.000     ,0.000       ,0.296       ,16.509      ,0.00031       ,4             ,0.352           ,0.000         ,-0.000              ,0.002               ,23925.564       ,-0.00767          ,-0.00078              ,0.000         ,0.000         ,0.195         ,0.001         
17:58:19.181251     ,0.878       ,0.880       ,19.225      ,16.930      ,16.687      ,16.213      ,0.369       ,0.246       ,0.001       ,0.002       ,0.250       ,880.000     ,0.000       ,0.369       ,16.582      ,0.00031       ,4             ,0.352           ,0.000         ,-0.000              ,0.003               ,23925.564       ,-0.00767          ,-0.00112              ,0.000         ,0.000         ,0.320         ,0.009         
17:58:19.189699     ,0.878       ,0.880       ,19.225      ,16.850      ,16.721      ,16.213      ,0.474       ,0.316       ,0.002       ,0.002       ,0.320       ,880.000     ,0.000       ,0.474       ,16.687      ,0.00038       ,5             ,0.439           ,0.000         ,-0.000              ,0.004               ,23925.564       ,0.00000           ,-0.00141              ,0.000         ,0.000         ,0.320         ,0.009         
17:58:19.204609     ,0.879       ,0.880       ,19.225      ,16.730      ,16.742      ,16.213      ,0.529       ,0.352       ,0.004       ,-0.001      ,0.356       ,880.000     ,0.000       ,0.529       ,16.742      ,0.00038       ,5             ,0.439           ,0.000         ,-0.000              ,0.005               ,23925.564       ,-0.00767          ,-0.00178              ,0.000         ,0.000         ,0.356         ,0.004         
17:58:19.209664     ,0.879       ,0.880       ,19.225      ,16.890      ,16.826      ,16.213      ,0.529       ,0.352       ,0.004       ,-0.001      ,0.356       ,880.000     ,0.000       ,0.529       ,16.742      ,0.00038       ,5             ,0.439           ,0.000         ,-0.000              ,0.006               ,23925.564       ,0.00000           ,-0.00208              ,0.000         ,0.000         ,0.356         ,0.004         
17:58:19.221740     ,0.879       ,0.880       ,19.225      ,17.010      ,16.883      ,16.213      ,0.613       ,0.408       ,0.005       ,0.004       ,0.418       ,880.000     ,0.000       ,0.613       ,16.826      ,0.00038       ,5             ,0.439           ,0.000         ,-0.000              ,0.007               ,23925.564       ,0.00000           ,-0.00235              ,0.000         ,0.000         ,0.451         ,0.001         
17:58:19.229604     ,0.879       ,0.880       ,19.225      ,16.910      ,16.869      ,16.213      ,0.670       ,0.447       ,0.006       ,-0.002      ,0.451       ,880.000     ,0.000       ,0.670       ,16.883      ,0.00046       ,6             ,0.527           ,0.000         ,-0.000              ,0.008               ,23925.564       ,0.00000           ,-0.00257              ,0.000         ,0.000         ,0.451         ,0.001         
17:58:19.242471     ,0.879       ,0.880       ,19.225      ,16.830      ,16.859      ,16.213      ,0.656       ,0.437       ,0.007       ,-0.005      ,0.439       ,880.000     ,0.000       ,0.656       ,16.869      ,0.00046       ,6             ,0.527           ,0.000         ,-0.000              ,0.008               ,23925.564       ,-0.00767          ,-0.00276              ,0.000         ,0.000         ,0.439         ,0.015         
17:58:19.249577     ,0.879       ,0.880       ,19.225      ,16.860      ,16.879      ,16.213      ,0.645       ,0.430       ,0.008       ,0.000       ,0.439       ,880.000     ,0.000       ,0.645       ,16.859      ,0.00046       ,6             ,0.527           ,0.000         ,-0.000              ,0.008               ,23925.564       ,0.00000           ,-0.00281              ,0.000         ,0.000         ,0.439         ,0.015         
17:58:19.260105     ,0.879       ,0.880       ,19.225      ,16.870      ,16.873      ,16.213      ,0.666       ,0.444       ,0.009       ,0.002       ,0.456       ,880.000     ,0.000       ,0.666       ,16.879      ,0.00046       ,6             ,0.527           ,0.000         ,-0.000              ,0.009               ,23925.564       ,0.00000           ,-0.00285              ,0.000         ,0.000         ,0.456         ,0.006         
17:58:19.269603     ,0.879       ,0.880       ,19.225      ,16.750      ,16.833      ,16.213      ,0.660       ,0.440       ,0.010       ,-0.002      ,0.449       ,880.000     ,0.000       ,0.660       ,16.873      ,0.00046       ,6             ,0.527           ,0.000         ,-0.000              ,0.008               ,23925.564       ,0.00000           ,-0.00276              ,0.000         ,0.000         ,0.449         ,0.006         
17:58:19.279604     ,0.879       ,0.880       ,19.225      ,16.770      ,16.827      ,16.213      ,0.620       ,0.414       ,0.012       ,-0.002      ,0.423       ,880.000     ,0.000       ,0.620       ,16.833      ,0.00046       ,6             ,0.527           ,0.000         ,-0.000              ,0.008               ,23925.564       ,0.00000           ,-0.00258              ,0.000         ,0.000         ,0.423         ,0.008         
17:58:19.296417     ,0.879       ,0.880       ,19.225      ,16.870      ,16.846      ,16.213      ,0.614       ,0.409       ,0.013       ,0.002       ,0.424       ,880.000     ,0.000       ,0.614       ,16.827      ,0.00046       ,6             ,0.527           ,0.000         ,-0.000              ,0.007               ,23925.564       ,0.00000           ,-0.00242              ,0.000         ,0.000         ,0.424         ,0.015         
17:58:19.303040     ,0.879       ,0.880       ,19.193      ,16.900      ,16.847      ,16.213      ,0.634       ,0.422       ,0.015       ,-0.001      ,0.436       ,880.000     ,0.000       ,0.634       ,16.847      ,0.00046       ,6             ,0.527           ,0.000         ,-0.000              ,0.007               ,23925.564       ,0.00000           ,-0.00217              ,0.000         ,0.000         ,0.436         ,0.015         
17:58:19.317251     ,0.879       ,0.880       ,19.193      ,16.850      ,16.828      ,16.213      ,0.634       ,0.422       ,0.015       ,-0.001      ,0.436       ,880.000     ,0.000       ,0.634       ,16.847      ,0.00046       ,6             ,0.527           ,0.000         ,-0.000              ,0.006               ,23925.564       ,0.00000           ,-0.00196              ,0.000         ,0.000         ,0.425         ,0.008         
17:58:19.319566     ,0.879       ,0.880       ,19.193      ,16.810      ,16.826      ,16.213      ,0.615       ,0.410       ,0.016       ,-0.001      ,0.425       ,880.000     ,0.000       ,0.615       ,16.828      ,0.00046       ,6             ,0.527           ,0.000         ,-0.000              ,0.005               ,23925.564       ,0.00000           ,-0.00178              ,0.000         ,0.000         ,0.425         ,0.008         
17:58:19.335981     ,0.879       ,0.880       ,19.193      ,16.890      ,16.836      ,16.213      ,0.613       ,0.408       ,0.017       ,0.001       ,0.426       ,880.000     ,0.000       ,0.613       ,16.826      ,0.00046       ,6             ,0.527           ,0.000         ,-0.000              ,0.005               ,23925.564       ,0.00000           ,-0.00163              ,0.000         ,0.000         ,0.426         ,0.006         
17:58:19.339714     ,0.879       ,0.880       ,19.193      ,16.860      ,16.829      ,16.213      ,0.623       ,0.415       ,0.018       ,0.001       ,0.434       ,880.000     ,0.000       ,0.623       ,16.836      ,0.00046       ,6             ,0.527           ,0.000         ,-0.000              ,0.004               ,23925.564       ,0.00000           ,-0.00139              ,0.000         ,0.000         ,0.434         ,0.006         
17:58:19.349577     ,0.879       ,0.880       ,19.193      ,16.830      ,16.823      ,16.213      ,0.615       ,0.410       ,0.019       ,-0.001      ,0.428       ,880.000     ,0.000       ,0.615       ,16.829      ,0.00046       ,6             ,0.527           ,0.000         ,-0.000              ,0.004               ,23925.564       ,0.00000           ,-0.00118              ,0.000         ,0.000         ,0.428         ,0.006         
17:58:19.359653     ,0.879       ,0.880       ,19.193      ,16.850      ,16.837      ,16.213      ,0.609       ,0.406       ,0.020       ,0.000       ,0.426       ,880.000     ,0.000       ,0.609       ,16.823      ,0.00046       ,6             ,0.527           ,0.000         ,-0.000              ,0.003               ,23925.564       ,0.00000           ,-0.00100              ,0.000         ,0.000         ,0.426         ,0.001         
17:58:19.369564     ,0.879       ,0.880       ,19.193      ,16.950      ,16.871      ,16.213      ,0.623       ,0.416       ,0.021       ,0.001       ,0.438       ,880.000     ,0.000       ,0.623       ,16.837      ,0.00046       ,6             ,0.527           ,0.000         ,-0.000              ,0.003               ,23925.564       ,0.00000           ,-0.00085              ,0.000         ,0.000         ,0.438         ,0.001         
17:58:19.379590     ,0.879       ,0.880       ,19.193      ,16.910      ,16.873      ,16.213      ,0.658       ,0.438       ,0.022       ,0.001       ,0.462       ,880.000     ,0.000       ,0.658       ,16.871      ,0.00046       ,6             ,0.527           ,0.000         ,-0.000              ,0.002               ,23925.564       ,0.00000           ,-0.00072              ,0.000         ,0.000         ,0.462         ,0.004         
17:58:19.389520     ,0.879       ,0.880       ,19.193      ,16.800      ,16.860      ,16.213      ,0.660       ,0.440       ,0.023       ,-0.002      ,0.461       ,880.000     ,0.000       ,0.660       ,16.873      ,0.00046       ,6             ,0.527           ,0.000         ,-0.000              ,0.002               ,23925.564       ,0.00000           ,-0.00062              ,0.000         ,0.000         ,0.461         ,0.004         
17:58:19.403074     ,0.883       ,0.880       ,19.209      ,16.830      ,16.861      ,16.213      ,0.648       ,0.432       ,0.025       ,0.001       ,0.458       ,880.000     ,0.000       ,0.648       ,16.861      ,0.00046       ,6             ,0.527           ,0.000         ,-0.000              ,0.002               ,23925.564       ,0.00000           ,-0.00052              ,0.000         ,0.000         ,0.458         ,0.003         
17:58:19.417035     ,0.883       ,0.880       ,19.209      ,16.890      ,16.868      ,16.213      ,0.648       ,0.432       ,0.025       ,0.001       ,0.458       ,880.000     ,0.000       ,0.648       ,16.861      ,0.00046       ,6             ,0.527           ,0.000         ,-0.000              ,0.001               ,23925.564       ,0.00000           ,-0.00044              ,0.000         ,0.000         ,0.458         ,0.006         
17:58:19.419733     ,0.883       ,0.880       ,19.209      ,16.890      ,16.855      ,16.213      ,0.655       ,0.436       ,0.026       ,0.000       ,0.463       ,880.000     ,0.000       ,0.655       ,16.868      ,0.00046       ,6             ,0.527           ,0.000         ,-0.000              ,0.001               ,23925.564       ,0.00000           ,-0.00038              ,0.000         ,0.000         ,0.463         ,0.006         
17:58:19.435596     ,0.883       ,0.880       ,19.209      ,16.840      ,16.845      ,16.213      ,0.642       ,0.428       ,0.027       ,-0.001      ,0.454       ,880.000     ,0.000       ,0.642       ,16.855      ,0.00046       ,6             ,0.527           ,0.000         ,-0.000              ,0.001               ,23925.564       ,0.00000           ,-0.00032              ,0.000         ,0.000         ,0.454         ,0.011         
17:58:19.439516     ,0.883       ,0.880       ,19.209      ,16.850      ,16.857      ,16.213      ,0.632       ,0.421       ,0.028       ,0.000       ,0.450       ,880.000     ,0.000       ,0.632       ,16.845      ,0.00046       ,6             ,0.527           ,0.000         ,-0.000              ,0.001               ,23925.564       ,0.00000           ,-0.00027              ,0.000         ,0.000         ,0.450         ,0.011         
17:58:19.454450     ,0.883       ,0.880       ,19.209      ,16.860      ,16.859      ,16.213      ,0.644       ,0.429       ,0.029       ,0.001       ,0.460       ,880.000     ,0.000       ,0.644       ,16.857      ,0.00046       ,6             ,0.527           ,0.000         ,-0.000              ,0.001               ,23925.564       ,0.00000           ,-0.00023              ,0.000         ,0.000         ,0.461         ,0.006         
17:58:19.459675     ,0.883       ,0.880       ,19.209      ,16.850      ,16.848      ,16.213      ,0.646       ,0.431       ,0.031       ,-0.001      ,0.461       ,880.000     ,0.000       ,0.646       ,16.859      ,0.00046       ,6             ,0.527           ,0.000         ,-0.000              ,0.001               ,23925.564       ,0.00000           ,-0.00020              ,0.000         ,0.000         ,0.461         ,0.006         
17:58:19.473236     ,0.883       ,0.880       ,19.209      ,16.790      ,16.831      ,16.213      ,0.635       ,0.424       ,0.032       ,-0.001      ,0.454       ,880.000     ,0.000       ,0.635       ,16.848      ,0.00046       ,6             ,0.527           ,0.000         ,-0.000              ,0.001               ,23925.564       ,0.00000           ,-0.00017              ,0.000         ,0.000         ,0.454         ,0.006         
17:58:19.479609     ,0.883       ,0.880       ,19.209      ,16.810      ,16.830      ,16.213      ,0.618       ,0.412       ,0.033       ,-0.000      ,0.444       ,880.000     ,0.000       ,0.618       ,16.831      ,0.00046       ,6             ,0.527           ,0.000         ,-0.000              ,0.000               ,23925.564       ,0.00000           ,-0.00014              ,0.000         ,0.000         ,0.444         ,0.006         
17:58:19.492108     ,0.883       ,0.880       ,19.209      ,16.860      ,16.834      ,16.213      ,0.617       ,0.411       ,0.034       ,0.001       ,0.446       ,880.000     ,0.000       ,0.617       ,16.830      ,0.00046       ,6             ,0.527           ,0.000         ,-0.000              ,0.000               ,23925.564       ,0.00000           ,-0.00012              ,0.000         ,0.000         ,0.446         ,0.004         
17:58:19.503323     ,0.879       ,0.880       ,19.225      ,16.860      ,16.831      ,16.213      ,0.618       ,0.412       ,0.036       ,-0.000      ,0.447       ,880.000     ,0.000       ,0.618       ,16.831      ,0.00046       ,6             ,0.527           ,0.000         ,-0.000              ,0.000               ,23925.564       ,0.00000           ,-0.00010              ,0.000         ,0.000         ,0.447         ,0.004         
17:58:19.511124     ,0.879       ,0.880       ,19.225      ,16.830      ,16.824      ,16.213      ,0.618       ,0.412       ,0.036       ,-0.000      ,0.447       ,880.000     ,0.000       ,0.618       ,16.831      ,0.00046       ,6             ,0.527           ,0.000         ,-0.000              ,0.000               ,23925.564       ,0.00000           ,-0.00009              ,0.000         ,0.000         ,0.447         ,0.015         
17:58:19.519575     ,0.879       ,0.880       ,19.225      ,16.830      ,16.828      ,16.213      ,0.611       ,0.407       ,0.037       ,-0.000      ,0.444       ,880.000     ,0.000       ,0.611       ,16.824      ,0.00046       ,6             ,0.527           ,0.000         ,-0.000              ,0.000               ,23925.564       ,0.00000           ,-0.00007              ,0.000         ,0.000         ,0.444         ,0.015         
17:58:19.533133     ,0.879       ,0.880       ,19.225      ,16.850      ,16.831      ,16.213      ,0.615       ,0.410       ,0.038       ,0.001       ,0.448       ,880.000     ,0.000       ,0.615       ,16.828      ,0.00046       ,6             ,0.527           ,0.000         ,-0.000              ,0.000               ,23925.564       ,0.00000           ,-0.00006              ,0.000         ,0.000         ,0.448         ,0.006         
17:58:19.539509     ,0.879       ,0.880       ,19.225      ,16.850      ,16.827      ,16.213      ,0.618       ,0.412       ,0.039       ,-0.000      ,0.451       ,880.000     ,0.000       ,0.618       ,16.831      ,0.00046       ,6             ,0.527           ,0.000         ,-0.000              ,0.000               ,23925.564       ,0.00000           ,-0.00005              ,0.000         ,0.000         ,0.451         ,0.006         
17:58:19.551856     ,0.879       ,0.880       ,19.225      ,16.810      ,16.821      ,16.213      ,0.614       ,0.409       ,0.040       ,-0.000      ,0.449       ,880.000     ,0.000       ,0.614       ,16.827      ,0.00046       ,6             ,0.527           ,0.000         ,-0.000              ,0.000               ,23925.564       ,0.00000           ,-0.00005              ,0.000         ,0.000         ,0.449         ,0.003         
17:58:19.559661     ,0.879       ,0.880       ,19.225      ,16.830      ,16.826      ,16.213      ,0.608       ,0.405       ,0.041       ,-0.000      ,0.446       ,880.000     ,0.000       ,0.608       ,16.821      ,0.00046       ,6             ,0.527           ,0.000         ,-0.000              ,0.000               ,23925.564       ,0.00000           ,-0.00004              ,0.000         ,0.000         ,0.446         ,0.003         
17:58:19.571738     ,0.879       ,0.880       ,19.225      ,16.840      ,16.832      ,16.213      ,0.613       ,0.409       ,0.042       ,0.001       ,0.452       ,880.000     ,0.000       ,0.613       ,16.826      ,0.00046       ,6             ,0.527           ,0.000         ,-0.000              ,0.000               ,23925.564       ,0.00000           ,-0.00003              ,0.000         ,0.000         ,0.452         ,0.005         
17:58:19.579636     ,0.879       ,0.880       ,19.225      ,16.840      ,16.830      ,16.213      ,0.618       ,0.412       ,0.043       ,-0.000      ,0.455       ,880.000     ,0.000       ,0.618       ,16.832      ,0.00046       ,6             ,0.527           ,0.000         ,-0.000              ,0.000               ,23925.564       ,0.00000           ,-0.00003              ,0.000         ,0.000         ,0.455         ,0.005         
17:58:19.592522     ,0.879       ,0.880       ,19.225      ,16.810      ,16.822      ,16.213      ,0.617       ,0.411       ,0.044       ,-0.000      ,0.455       ,880.000     ,0.000       ,0.617       ,16.830      ,0.00046       ,6             ,0.527           ,0.000         ,-0.000              ,0.000               ,23925.564       ,0.00000           ,-0.00002              ,0.000         ,0.000         ,0.455         ,0.006         
17:58:19.603075     ,0.878       ,0.880       ,19.209      ,16.810      ,16.821      ,16.213      ,0.608       ,0.406       ,0.046       ,0.000       ,0.452       ,880.000     ,0.000       ,0.608       ,16.821      ,0.00046       ,6             ,0.527           ,0.000         ,-0.000              ,0.000               ,23925.564       ,0.00000           ,-0.00002              ,0.000         ,0.000         ,0.452         ,0.006         
17:58:19.610158     ,0.878       ,0.880       ,19.209      ,16.860      ,16.824      ,16.213      ,0.608       ,0.406       ,0.046       ,0.000       ,0.452       ,880.000     ,0.000       ,0.608       ,16.821      ,0.00046       ,6             ,0.527           ,0.000         ,-0.000              ,0.000               ,23925.564       ,0.00000           ,-0.00002              ,0.000         ,0.000         ,0.452         ,0.020         
17:58:19.619564     ,0.878       ,0.880       ,19.209      ,16.850      ,16.823      ,16.213      ,0.611       ,0.408       ,0.047       ,0.000       ,0.455       ,880.000     ,0.000       ,0.611       ,16.824      ,0.00046       ,6             ,0.527           ,0.000         ,-0.000              ,0.000               ,23925.564       ,0.00000           ,-0.00001              ,0.000         ,0.000         ,0.455         ,0.020         
17:58:19.629624     ,0.878       ,0.880       ,19.209      ,16.830      ,16.819      ,16.213      ,0.610       ,0.406       ,0.048       ,-0.000      ,0.454       ,880.000     ,0.000       ,0.610       ,16.823      ,0.00046       ,6             ,0.527           ,0.000         ,-0.000              ,0.000               ,23925.564       ,0.00000           ,-0.00001              ,0.000         ,0.000         ,0.454         ,0.003         
17:58:19.639561     ,0.878       ,0.880       ,19.209      ,16.800      ,16.818      ,16.213      ,0.606       ,0.404       ,0.049       ,-0.000      ,0.453       ,880.000     ,0.000       ,0.606       ,16.819      ,0.00046       ,6             ,0.527           ,0.000         ,-0.000              ,0.000               ,23925.564       ,0.00000           ,-0.00001              ,0.000         ,0.000         ,0.453         ,0.003         
17:58:19.649807     ,0.878       ,0.880       ,19.209      ,16.830      ,16.824      ,16.213      ,0.605       ,0.403       ,0.050       ,0.000       ,0.453       ,880.000     ,0.000       ,0.605       ,16.818      ,0.00046       ,6             ,0.527           ,0.000         ,-0.000              ,0.000               ,23925.564       ,0.00000           ,-0.00001              ,0.000         ,0.000         ,0.453         ,0.006         
17:58:19.659488     ,0.878       ,0.880       ,19.209      ,16.810      ,16.816      ,16.213      ,0.611       ,0.407       ,0.051       ,0.000       ,0.458       ,880.000     ,0.000       ,0.611       ,16.824      ,0.00046       ,6             ,0.527           ,0.000         ,-0.000              ,0.000               ,23925.564       ,0.00000           ,-0.00001              ,0.000         ,0.000         ,0.458         ,0.006         
17:58:19.669752     ,0.878       ,0.880       ,19.209      ,16.780      ,16.807      ,16.213      ,0.603       ,0.402       ,0.052       ,-0.001      ,0.453       ,880.000     ,0.000       ,0.603       ,16.816      ,0.00046       ,6             ,0.527           ,0.000         ,-0.000              ,0.000               ,23925.564       ,0.00000           ,-0.00001              ,0.000         ,0.000         ,0.453         ,0.003         
17:58:19.679655     ,0.878       ,0.880       ,19.209      ,16.790      ,16.804      ,16.213      ,0.594       ,0.396       ,0.053       ,-0.000      ,0.449       ,880.000     ,0.000       ,0.594       ,16.807      ,0.00046       ,6             ,0.527           ,0.000         ,-0.000              ,0.000               ,23925.564       ,0.00000           ,-0.00001              ,0.000         ,0.000         ,0.449         ,0.003         
17:58:19.689770     ,0.878       ,0.880       ,19.209      ,16.830      ,16.809      ,16.213      ,0.591       ,0.394       ,0.054       ,0.000       ,0.448       ,880.000     ,0.000       ,0.591       ,16.804      ,0.00046       ,6             ,0.527           ,0.000         ,-0.000              ,0.000               ,23925.564       ,0.00000           ,-0.00000              ,0.000         ,0.000         ,0.448         ,0.011         
17:58:19.703098     ,0.881       ,0.880       ,19.209      ,16.840      ,16.806      ,16.213      ,0.593       ,0.395       ,0.056       ,-0.001      ,0.450       ,880.000     ,0.000       ,0.593       ,16.806      ,0.00046       ,6             ,0.527           ,0.000         ,-0.000              ,0.000               ,23925.564       ,0.00000           ,-0.00000              ,0.000         ,0.000         ,0.450         ,0.005         
17:58:19.709830     ,0.881       ,0.880       ,19.209      ,16.800      ,16.798      ,16.213      ,0.593       ,0.395       ,0.056       ,-0.001      ,0.450       ,880.000     ,0.000       ,0.593       ,16.806      ,0.00046       ,6             ,0.527           ,0.000         ,-0.000              ,0.000               ,23925.564       ,0.00000           ,-0.00000              ,0.000         ,0.000         ,0.450         ,0.005         
17:58:19.719553     ,0.881       ,0.880       ,19.209      ,16.810      ,16.800      ,16.213      ,0.585       ,0.390       ,0.057       ,-0.000      ,0.447       ,880.000     ,0.000       ,0.585       ,16.798      ,0.00046       ,6             ,0.527           ,0.000         ,-0.000              ,0.000               ,23925.564       ,0.00000           ,-0.00000              ,0.000         ,0.000         ,0.447         ,0.005         
17:58:19.729786     ,0.881       ,0.880       ,19.209      ,16.860      ,16.810      ,16.213      ,0.587       ,0.391       ,0.058       ,0.001       ,0.450       ,880.000     ,0.000       ,0.587       ,16.800      ,0.00046       ,6             ,0.527           ,0.000         ,-0.000              ,0.000               ,23925.564       ,0.00000           ,-0.00000              ,0.000         ,0.000         ,0.450         ,0.024         
17:58:19.745863     ,0.881       ,0.880       ,19.209      ,16.860      ,16.814      ,16.213      ,0.597       ,0.398       ,0.059       ,0.001       ,0.457       ,880.000     ,0.000       ,0.597       ,16.810      ,0.00046       ,6             ,0.527           ,0.000         ,-0.000              ,0.000               ,23925.564       ,0.00000           ,-0.00000              ,0.000         ,0.000         ,0.457         ,0.008         
17:58:19.749829     ,0.881       ,0.880       ,19.209      ,16.830      ,16.814      ,16.213      ,0.601       ,0.400       ,0.060       ,-0.000      ,0.460       ,880.000     ,0.000       ,0.601       ,16.814      ,0.00046       ,6             ,0.527           ,0.000         ,-0.000              ,0.000               ,23925.564       ,0.00000           ,-0.00000              ,0.000         ,0.000         ,0.460         ,0.008         
17:58:19.764443     ,0.881       ,0.880       ,19.209      ,16.810      ,16.821      ,16.213      ,0.601       ,0.400       ,0.061       ,-0.000      ,0.461       ,880.000     ,0.000       ,0.601       ,16.814      ,0.00046       ,6             ,0.527           ,0.000         ,-0.000              ,0.000               ,23925.564       ,0.00000           ,-0.00000              ,0.000         ,0.000         ,0.461         ,0.009         
17:58:19.769895     ,0.881       ,0.880       ,19.209      ,16.830      ,16.829      ,16.213      ,0.608       ,0.405       ,0.062       ,0.000       ,0.467       ,880.000     ,0.000       ,0.608       ,16.821      ,0.00046       ,6             ,0.527           ,0.000         ,-0.000              ,0.000               ,23925.564       ,0.00000           ,-0.00000              ,0.000         ,0.000         ,0.467         ,0.009         
17:58:19.783078     ,0.881       ,0.880       ,19.209      ,16.840      ,16.828      ,16.213      ,0.616       ,0.411       ,0.063       ,0.000       ,0.474       ,880.000     ,0.000       ,0.616       ,16.829      ,0.00046       ,6             ,0.527           ,0.000         ,-0.000              ,0.000               ,23925.564       ,0.00000           ,-0.00000              ,0.000         ,0.000         ,0.474         ,0.006         
17:58:19.789916     ,0.881       ,0.880       ,19.209      ,16.780      ,16.816      ,16.213      ,0.603       ,0.402       ,0.065       ,-0.001      ,0.466       ,880.000     ,0.000       ,0.603       ,16.816      ,0.00046       ,6             ,0.527           ,0.000         ,-0.000              ,0.000               ,23925.564       ,0.00000           ,-0.00000              ,0.000         ,0.000         ,0.466         ,0.006         
17:58:19.805184     ,0.881       ,0.880       ,19.209      ,16.790      ,16.812      ,16.213      ,0.599       ,0.399       ,0.066       ,0.001       ,0.466       ,880.000     ,0.000       ,0.599       ,16.812      ,0.00046       ,6             ,0.527           ,0.000         ,-0.000              ,0.000               ,23925.564       ,0.00000           ,-0.00000              ,0.000         ,0.000         ,0.466         ,0.013         
17:58:19.809840     ,0.881       ,0.880       ,19.209      ,16.830      ,16.815      ,16.213      ,0.599       ,0.399       ,0.066       ,0.001       ,0.466       ,880.000     ,0.000       ,0.599       ,16.812      ,0.00046       ,6             ,0.527           ,0.000         ,-0.000              ,0.000               ,23925.564       ,0.00000           ,-0.00000              ,0.000         ,0.000         ,0.466         ,0.013         
17:58:19.821281     ,0.881       ,0.880       ,19.209      ,16.810      ,16.807      ,16.213      ,0.602       ,0.401       ,0.067       ,0.000       ,0.469       ,880.000     ,0.000       ,0.602       ,16.815      ,0.00046       ,6             ,0.527           ,0.000         ,-0.000              ,0.000               ,23925.564       ,0.00000           ,-0.00000              ,0.000         ,0.000         ,0.469         ,0.008         
17:58:19.829776     ,0.881       ,0.880       ,19.209      ,16.780      ,16.792      ,16.213      ,0.594       ,0.396       ,0.068       ,-0.001      ,0.463       ,880.000     ,0.000       ,0.594       ,16.807      ,0.00046       ,6             ,0.527           ,0.000         ,-0.000              ,0.000               ,23925.564       ,0.00000           ,-0.00000              ,0.000         ,0.000         ,0.463         ,0.008         
17:58:19.842171     ,0.881       ,0.880       ,19.209      ,16.800      ,16.794      ,16.213      ,0.579       ,0.386       ,0.069       ,-0.000      ,0.455       ,880.000     ,0.000       ,0.579       ,16.792      ,0.00046       ,6             ,0.527           ,0.000         ,-0.000              ,0.000               ,23925.564       ,0.00000           ,-0.00000              ,0.000         ,0.000         ,0.459         ,0.017         
17:58:19.849862     ,0.881       ,0.880       ,19.209      ,16.840      ,16.801      ,16.213      ,0.581       ,0.388       ,0.070       ,0.001       ,0.459       ,880.000     ,0.000       ,0.581       ,16.794      ,0.00046       ,6             ,0.527           ,0.000         ,-0.000              ,0.000               ,23925.564       ,0.00000           ,-0.00000              ,0.000         ,0.000         ,0.459         ,0.017         
17:58:19.860825     ,0.881       ,0.880       ,19.209      ,16.830      ,16.797      ,16.213      ,0.587       ,0.392       ,0.071       ,0.000       ,0.463       ,880.000     ,0.000       ,0.587       ,16.801      ,0.00046       ,6             ,0.527           ,0.000         ,-0.000              ,0.000               ,23925.564       ,0.00000           ,-0.00000              ,0.000         ,0.000         ,0.463         ,0.006         
17:58:19.869957     ,0.881       ,0.880       ,19.209      ,16.800      ,16.796      ,16.213      ,0.584       ,0.389       ,0.072       ,-0.001      ,0.461       ,880.000     ,0.000       ,0.584       ,16.797      ,0.00046       ,6             ,0.527           ,0.000         ,-0.000              ,0.000               ,23925.564       ,0.00000           ,-0.00000              ,0.000         ,0.000         ,0.461         ,0.006         
17:58:19.879651     ,0.881       ,0.880       ,19.209      ,16.830      ,16.807      ,16.213      ,0.583       ,0.388       ,0.073       ,0.000       ,0.461       ,880.000     ,0.000       ,0.583       ,16.796      ,0.00046       ,6             ,0.527           ,0.000         ,-0.000              ,0.000               ,23925.564       ,0.00000           ,-0.00000              ,0.000         ,0.000         ,0.461         ,0.006         
17:58:19.897155     ,0.881       ,0.880       ,19.209      ,16.850      ,16.816      ,16.213      ,0.594       ,0.396       ,0.074       ,0.001       ,0.470       ,880.000     ,0.000       ,0.594       ,16.807      ,0.00046       ,6             ,0.527           ,0.000         ,-0.000              ,0.000               ,23925.564       ,0.00000           ,-0.00000              ,0.000         ,0.000         ,0.477         ,0.003         
17:58:19.903131     ,0.881       ,0.880       ,19.225      ,16.850      ,16.818      ,16.213      ,0.604       ,0.403       ,0.076       ,-0.001      ,0.478       ,880.000     ,0.000       ,0.604       ,16.818      ,0.00046       ,6             ,0.527           ,0.000         ,-0.000              ,0.000               ,23925.564       ,0.00000           ,-0.00000              ,0.000         ,0.000         ,0.478         ,0.003         
17:58:19.916733     ,0.881       ,0.880       ,19.225      ,16.810      ,16.816      ,16.213      ,0.604       ,0.403       ,0.076       ,-0.001      ,0.478       ,880.000     ,0.000       ,0.604       ,16.818      ,0.00046       ,6             ,0.527           ,0.000         ,-0.000              ,0.000               ,23925.564       ,0.00000           ,-0.00000              ,0.000         ,0.000         ,0.478         ,0.009         
17:58:19.919619     ,0.881       ,0.880       ,19.225      ,16.830      ,16.824      ,16.213      ,0.603       ,0.402       ,0.077       ,-0.000      ,0.478       ,880.000     ,0.000       ,0.603       ,16.816      ,0.00046       ,6             ,0.527           ,0.000         ,-0.000              ,0.000               ,23925.564       ,0.00000           ,-0.00000              ,0.000         ,0.000         ,0.478         ,0.009         
17:58:19.929952     ,0.881       ,0.880       ,19.225      ,16.830      ,16.825      ,16.213      ,0.611       ,0.407       ,0.078       ,0.001       ,0.486       ,880.000     ,0.000       ,0.611       ,16.824      ,0.00046       ,6             ,0.527           ,0.000         ,-0.000              ,0.000               ,23925.564       ,0.00000           ,-0.00000              ,0.000         ,0.000         ,0.487         ,0.009         
17:58:19.939601     ,0.881       ,0.880       ,19.225      ,16.810      ,16.819      ,16.213      ,0.612       ,0.408       ,0.079       ,-0.000      ,0.487       ,880.000     ,0.000       ,0.612       ,16.825      ,0.00046       ,6             ,0.527           ,0.000         ,-0.000              ,0.000               ,23925.564       ,0.00000           ,-0.00000              ,0.000         ,0.000         ,0.487         ,0.017         
17:58:19.950094     ,0.881       ,0.880       ,19.225      ,16.790      ,16.811      ,16.213      ,0.606       ,0.404       ,0.080       ,-0.000      ,0.484       ,880.000     ,0.000       ,0.606       ,16.819      ,0.00046       ,6             ,0.527           ,0.000         ,-0.000              ,0.000               ,23925.564       ,0.00000           ,-0.00000              ,0.000         ,0.000         ,0.479         ,0.017         
17:58:19.959657     ,0.881       ,0.880       ,19.225      ,16.790      ,16.810      ,16.213      ,0.598       ,0.399       ,0.081       ,-0.000      ,0.479       ,880.000     ,0.000       ,0.598       ,16.811      ,0.00046       ,6             ,0.527           ,0.000         ,-0.000              ,0.000               ,23925.564       ,0.00000           ,-0.00000              ,0.000         ,0.000         ,0.479         ,0.005         
17:58:19.970145     ,0.881       ,0.880       ,19.225      ,16.810      ,16.806      ,16.213      ,0.597       ,0.398       ,0.082       ,0.000       ,0.480       ,880.000     ,0.000       ,0.597       ,16.810      ,0.00046       ,6             ,0.527           ,0.000         ,-0.000              ,0.000               ,23925.564       ,0.00000           ,-0.00000              ,0.000         ,0.000         ,0.478         ,0.005         
17:58:19.979626     ,0.881       ,0.880       ,19.225      ,16.800      ,16.798      ,16.213      ,0.593       ,0.395       ,0.083       ,-0.000      ,0.478       ,880.000     ,0.000       ,0.593       ,16.806      ,0.00046       ,6             ,0.527           ,0.000         ,-0.000              ,0.000               ,23925.564       ,0.00000           ,-0.00000              ,0.000         ,0.000         ,0.478         ,0.005         
17:58:19.990073     ,0.881       ,0.880       ,19.225      ,16.790      ,16.792      ,16.213      ,0.585       ,0.390       ,0.084       ,-0.000      ,0.474       ,880.000     ,0.000       ,0.585       ,16.798      ,0.00046       ,6             ,0.527           ,0.000         ,-0.000              ,0.000               ,23925.564       ,0.00000           ,-0.00000              ,0.000         ,0.000         ,0.471         ,0.005         
17:58:20.003346     ,0.881       ,0.880       ,19.193      ,16.800      ,16.791      ,16.213      ,0.578       ,0.385       ,0.086       ,0.000       ,0.471       ,880.000     ,0.000       ,0.578       ,16.791      ,0.00046       ,6             ,0.527           ,0.000         ,-0.000              ,0.000               ,23925.564       ,0.00000           ,-0.00000              ,0.000         ,0.000         ,0.471         ,0.008         
17:58:20.017481     ,0.881       ,0.880       ,19.193      ,16.840      ,16.796      ,16.213      ,0.578       ,0.385       ,0.086       ,0.000       ,0.471       ,880.000     ,0.000       ,0.578       ,16.791      ,0.00046       ,6             ,0.527           ,0.000         ,-0.000              ,0.000               ,23925.564       ,0.00000           ,-0.00000              ,0.000         ,0.000         ,0.476         ,0.008         
17:58:20.019606     ,0.881       ,0.880       ,19.193      ,16.840      ,16.798      ,16.213      ,0.583       ,0.389       ,0.087       ,0.000       ,0.476       ,880.000     ,0.000       ,0.583       ,16.796      ,0.00046       ,6             ,0.527           ,0.000         ,-0.000              ,0.000               ,23925.564       ,0.00000           ,-0.00000              ,0.000         ,0.000         ,0.476         ,0.008         
17:58:20.036170     ,0.881       ,0.880       ,19.193      ,16.830      ,16.802      ,16.213      ,0.585       ,0.390       ,0.088       ,-0.000      ,0.477       ,880.000     ,0.000       ,0.585       ,16.798      ,0.00046       ,6             ,0.527           ,0.000         ,-0.000              ,0.000               ,23925.564       ,0.00000           ,-0.00000              ,0.000         ,0.000         ,0.477         ,0.006         
17:58:20.039573     ,0.881       ,0.880       ,19.193      ,16.840      ,16.811      ,16.213      ,0.588       ,0.392       ,0.089       ,0.000       ,0.481       ,880.000     ,0.000       ,0.588       ,16.802      ,0.00046       ,6             ,0.527           ,0.000         ,-0.000              ,0.000               ,23925.564       ,0.00000           ,-0.00000              ,0.000         ,0.000         ,0.481         ,0.006         
17:58:20.057067     ,0.881       ,0.880       ,19.193      ,16.840      ,16.820      ,16.213      ,0.598       ,0.399       ,0.090       ,0.000       ,0.489       ,880.000     ,0.000       ,0.598       ,16.811      ,0.00046       ,6             ,0.527           ,0.000         ,-0.000              ,0.000               ,23925.564       ,0.00000           ,-0.00000              ,0.000         ,0.000         ,0.489         ,0.006         
17:58:20.059714     ,0.881       ,0.880       ,19.193      ,16.840      ,16.823      ,16.213      ,0.607       ,0.405       ,0.091       ,-0.000      ,0.495       ,880.000     ,0.000       ,0.607       ,16.820      ,0.00046       ,6             ,0.527           ,0.000         ,-0.000              ,0.000               ,23925.564       ,0.00000           ,-0.00000              ,0.000         ,0.000         ,0.495         ,0.006         
17:58:20.070146     ,0.881       ,0.880       ,19.193      ,16.810      ,16.822      ,16.213      ,0.610       ,0.406       ,0.092       ,-0.000      ,0.498       ,880.000     ,0.000       ,0.610       ,16.823      ,0.00046       ,6             ,0.527           ,0.000         ,-0.000              ,0.000               ,23925.564       ,0.00000           ,-0.00000              ,0.000         ,0.000         ,0.498         ,0.006         
17:58:20.079616     ,0.881       ,0.880       ,19.193      ,16.830      ,16.827      ,16.213      ,0.609       ,0.406       ,0.093       ,-0.000      ,0.498       ,880.000     ,0.000       ,0.609       ,16.822      ,0.00046       ,6             ,0.527           ,0.000         ,-0.000              ,0.000               ,23925.564       ,0.00000           ,-0.00000              ,0.000         ,0.000         ,0.498         ,0.017         
17:58:20.095757     ,0.881       ,0.880       ,19.193      ,16.840      ,16.829      ,16.213      ,0.614       ,0.409       ,0.094       ,0.000       ,0.503       ,880.000     ,0.000       ,0.614       ,16.827      ,0.00046       ,6             ,0.527           ,0.000         ,-0.000              ,0.000               ,23925.564       ,0.00000           ,-0.00000              ,0.000         ,0.000         ,0.505         ,0.014         
17:58:20.103180     ,0.879       ,0.880       ,19.209      ,16.840      ,16.828      ,16.213      ,0.615       ,0.410       ,0.096       ,-0.000      ,0.506       ,880.000     ,0.000       ,0.615       ,16.828      ,0.00046       ,6             ,0.527           ,0.000         ,-0.000              ,0.000               ,23925.564       ,0.00000           ,-0.00000              ,0.000         ,0.000         ,0.506         ,0.014         
17:58:20.115375     ,0.879       ,0.880       ,19.209      ,16.800      ,16.819      ,16.213      ,0.606       ,0.404       ,0.097       ,-0.001      ,0.500       ,880.000     ,0.000       ,0.606       ,16.819      ,0.00046       ,6             ,0.527           ,0.000         ,-0.000              ,0.000               ,23925.564       ,0.00000           ,-0.00000              ,0.000         ,0.000         ,0.500         ,0.015         
17:58:20.119611     ,0.879       ,0.880       ,19.209      ,16.800      ,16.816      ,16.213      ,0.606       ,0.404       ,0.097       ,-0.001      ,0.500       ,880.000     ,0.000       ,0.606       ,16.819      ,0.00046       ,6             ,0.527           ,0.000         ,-0.000              ,0.000               ,23925.564       ,0.00000           ,-0.00000              ,0.000         ,0.000         ,0.500         ,0.015         
17:58:20.135192     ,0.879       ,0.880       ,19.209      ,16.810      ,16.812      ,16.213      ,0.603       ,0.402       ,0.098       ,0.000       ,0.500       ,880.000     ,0.000       ,0.603       ,16.816      ,0.00046       ,6             ,0.527           ,0.000         ,-0.000              ,0.000               ,23925.564       ,0.00000           ,-0.00000              ,0.000         ,0.000         ,0.498         ,0.004         
17:58:20.139574     ,0.879       ,0.880       ,19.209      ,16.800      ,16.804      ,16.213      ,0.598       ,0.399       ,0.099       ,-0.000      ,0.498       ,880.000     ,0.000       ,0.598       ,16.812      ,0.00046       ,6             ,0.527           ,0.000         ,-0.000              ,0.000               ,23925.564       ,0.00000           ,-0.00000              ,0.000         ,0.000         ,0.498         ,0.004         
17:58:20.153985     ,0.879       ,0.880       ,19.209      ,16.790      ,16.796      ,16.213      ,0.591       ,0.394       ,0.100       ,-0.000      ,0.494       ,880.000     ,0.000       ,0.591       ,16.804      ,0.00046       ,6             ,0.527           ,0.000         ,-0.000              ,0.000               ,23925.564       ,0.00000           ,-0.00000              ,0.000         ,0.000         ,0.489         ,0.008         
17:58:20.159541     ,0.879       ,0.880       ,19.209      ,16.790      ,16.796      ,16.213      ,0.583       ,0.389       ,0.101       ,-0.000      ,0.489       ,880.000     ,0.000       ,0.583       ,16.796      ,0.00046       ,6             ,0.527           ,0.000         ,-0.000              ,0.000               ,23925.564       ,0.00000           ,-0.00000              ,0.000         ,0.000         ,0.489         ,0.008         
17:58:20.173922     ,0.879       ,0.880       ,19.209      ,16.800      ,16.794      ,16.213      ,0.582       ,0.388       ,0.102       ,0.000       ,0.491       ,880.000     ,0.000       ,0.582       ,16.796      ,0.00046       ,6             ,0.527           ,0.000         ,-0.000              ,0.000               ,23925.564       ,0.00000           ,-0.00000              ,0.000         ,0.000         ,0.490         ,0.004         
17:58:20.179659     ,0.879       ,0.880       ,19.209      ,16.800      ,16.790      ,16.213      ,0.581       ,0.388       ,0.103       ,-0.000      ,0.490       ,880.000     ,0.000       ,0.581       ,16.794      ,0.00046       ,6             ,0.527           ,0.000         ,-0.000              ,0.000               ,23925.564       ,0.00000           ,-0.00000              ,0.000         ,0.000         ,0.490         ,0.004         
17:58:20.193812     ,0.879       ,0.880       ,19.209      ,16.790      ,16.786      ,16.213      ,0.577       ,0.385       ,0.104       ,-0.000      ,0.488       ,880.000     ,0.000       ,0.577       ,16.790      ,0.00046       ,6             ,0.527           ,0.000         ,-0.000              ,0.000               ,23925.564       ,0.00000           ,-0.00000              ,0.000         ,0.000         ,0.486         ,-0.000        
17:58:20.203168     ,0.881       ,0.880       ,19.242      ,16.810      ,16.788      ,16.213      ,0.575       ,0.383       ,0.106       ,0.000       ,0.489       ,880.000     ,0.000       ,0.575       ,16.788      ,0.00046       ,6             ,0.527           ,0.000         ,-0.000              ,0.000               ,23925.564       ,0.00000           ,-0.00000              ,0.000         ,0.000         ,0.489         ,-0.000        
17:58:20.213529     ,0.881       ,0.880       ,19.242      ,16.800      ,16.788      ,16.213      ,0.575       ,0.383       ,0.106       ,0.000       ,0.489       ,880.000     ,0.000       ,0.575       ,16.788      ,0.00046       ,6             ,0.527           ,0.000         ,-0.000              ,0.000               ,23925.564       ,0.00000           ,-0.00000              ,0.000         ,0.000         ,0.490         ,0.006         
17:58:20.219600     ,0.881       ,0.880       ,19.242      ,16.800      ,16.788      ,16.213      ,0.575       ,0.383       ,0.107       ,-0.000      ,0.490       ,880.000     ,0.000       ,0.575       ,16.788      ,0.00046       ,6             ,0.527           ,0.000         ,-0.000              ,0.000               ,23925.564       ,0.00000           ,-0.00000              ,0.000         ,0.000         ,0.490         ,0.006         
17:58:20.234345     ,0.881       ,0.880       ,19.242      ,16.800      ,16.789      ,16.213      ,0.575       ,0.383       ,0.108       ,-0.000      ,0.491       ,880.000     ,0.000       ,0.575       ,16.788      ,0.00046       ,6             ,0.527           ,0.000         ,-0.000              ,0.000               ,23925.564       ,0.00000           ,-0.00000              ,0.000         ,0.000         ,0.492         ,0.003         
17:58:20.239596     ,0.881       ,0.880       ,19.242      ,16.780      ,16.789      ,16.213      ,0.576       ,0.384       ,0.108       ,0.000       ,0.492       ,880.000     ,0.000       ,0.576       ,16.789      ,0.00046       ,6             ,0.527           ,0.000         ,-0.000              ,0.000               ,23925.564       ,0.00000           ,-0.00000              ,0.000         ,0.000         ,0.492         ,0.003         
17:58:20.252993     ,0.881       ,0.880       ,19.242      ,16.790      ,16.787      ,16.213      ,0.576       ,0.384       ,0.109       ,-0.000      ,0.493       ,880.000     ,0.000       ,0.576       ,16.789      ,0.00046       ,6             ,0.527           ,0.000         ,-0.000              ,0.000               ,23925.564       ,0.00000           ,-0.00000              ,0.000         ,0.000         ,0.493         ,0.003         
17:58:20.259891     ,0.881       ,0.880       ,19.242      ,16.780      ,16.785      ,16.213      ,0.574       ,0.383       ,0.110       ,-0.000      ,0.493       ,880.000     ,0.000       ,0.574       ,16.787      ,0.00046       ,6             ,0.527           ,0.000         ,-0.000              ,0.000               ,23925.564       ,0.00000           ,-0.00000              ,0.000         ,0.000         ,0.493         ,0.003         
17:58:20.271705     ,0.881       ,0.880       ,19.242      ,16.790      ,16.784      ,16.213      ,0.572       ,0.382       ,0.111       ,-0.000      ,0.493       ,880.000     ,0.000       ,0.572       ,16.785      ,0.00046       ,6             ,0.527           ,0.000         ,-0.000              ,0.000               ,23925.564       ,0.00000           ,-0.00000              ,0.000         ,0.000         ,0.493         ,0.024         
17:58:20.279658     ,0.881       ,0.880       ,19.242      ,16.780      ,16.780      ,16.213      ,0.571       ,0.381       ,0.112       ,0.000       ,0.493       ,880.000     ,0.000       ,0.571       ,16.784      ,0.00046       ,6             ,0.527           ,0.000         ,-0.000              ,0.000               ,23925.564       ,0.00000           ,-0.00000              ,0.000         ,0.000         ,0.493         ,0.024         
17:58:20.292425     ,0.881       ,0.880       ,19.242      ,16.790      ,16.780      ,16.213      ,0.567       ,0.378       ,0.113       ,-0.000      ,0.491       ,880.000     ,0.000       ,0.567       ,16.780      ,0.00046       ,6             ,0.527           ,0.000         ,-0.000              ,0.000               ,23925.564       ,0.00000           ,-0.00000              ,0.000         ,0.000         ,0.492         ,0.006         
17:58:20.303165     ,0.879       ,0.880       ,19.225      ,16.800      ,16.779      ,16.213      ,0.566       ,0.377       ,0.115       ,-0.000      ,0.492       ,880.000     ,0.000       ,0.566       ,16.779      ,0.00046       ,6             ,0.527           ,0.000         ,-0.000              ,0.000               ,23925.564       ,0.00000           ,-0.00000              ,0.000         ,0.000         ,0.492         ,0.006         
17:58:20.313109     ,0.879       ,0.880       ,19.225      ,16.790      ,16.779      ,16.213      ,0.566       ,0.377       ,0.115       ,-0.000      ,0.492       ,880.000     ,0.000       ,0.566       ,16.779      ,0.00046       ,6             ,0.527           ,0.000         ,-0.000              ,0.000               ,23925.564       ,0.00000           ,-0.00000              ,0.000         ,0.000         ,0.492         ,0.004         
17:58:20.319585     ,0.879       ,0.880       ,19.225      ,16.780      ,16.776      ,16.213      ,0.565       ,0.377       ,0.116       ,0.000       ,0.493       ,880.000     ,0.000       ,0.565       ,16.779      ,0.00046       ,6             ,0.527           ,0.000         ,-0.000              ,0.000               ,23925.564       ,0.00000           ,-0.00000              ,0.000         ,0.000         ,0.493         ,0.004         
17:58:20.332828     ,0.879       ,0.880       ,19.225      ,16.780      ,16.777      ,16.213      ,0.563       ,0.375       ,0.117       ,-0.000      ,0.492       ,880.000     ,0.000       ,0.563       ,16.776      ,0.00046       ,6             ,0.527           ,0.000         ,-0.000              ,0.000               ,23925.564       ,0.00000           ,-0.00000              ,0.000         ,0.000         ,0.494         ,0.006         
17:58:20.339605     ,0.879       ,0.880       ,19.225      ,16.770      ,16.775      ,16.213      ,0.564       ,0.376       ,0.118       ,0.000       ,0.494       ,880.000     ,0.000       ,0.564       ,16.777      ,0.00046       ,6             ,0.527           ,0.000         ,-0.000              ,0.000               ,23925.564       ,0.00000           ,-0.00000              ,0.000         ,0.000         ,0.494         ,0.006         
17:58:20.351432     ,0.879       ,0.880       ,19.225      ,16.750      ,16.769      ,16.213      ,0.562       ,0.375       ,0.119       ,-0.000      ,0.493       ,880.000     ,0.000       ,0.562       ,16.775      ,0.00046       ,6             ,0.527           ,0.000         ,-0.000              ,0.000               ,23925.564       ,0.00000           ,-0.00000              ,0.000         ,0.000         ,0.493         ,-0.000        
17:58:20.359868     ,0.879       ,0.880       ,19.225      ,16.750      ,16.765      ,16.213      ,0.556       ,0.370       ,0.120       ,-0.000      ,0.490       ,880.000     ,0.000       ,0.556       ,16.769      ,0.00046       ,6             ,0.527           ,0.000         ,-0.000              ,0.000               ,23925.564       ,0.00000           ,-0.00000              ,0.000         ,0.000         ,0.490         ,-0.000        
17:58:20.371178     ,0.879       ,0.880       ,19.225      ,16.770      ,16.764      ,16.213      ,0.552       ,0.368       ,0.121       ,0.000       ,0.489       ,880.000     ,0.000       ,0.552       ,16.765      ,0.00046       ,6             ,0.527           ,0.000         ,-0.000              ,0.000               ,23925.564       ,0.00000           ,-0.00000              ,0.000         ,0.000         ,0.489         ,0.008         
17:58:20.379638     ,0.879       ,0.880       ,19.225      ,16.780      ,16.762      ,16.213      ,0.551       ,0.367       ,0.122       ,0.000       ,0.489       ,880.000     ,0.000       ,0.551       ,16.764      ,0.00046       ,6             ,0.527           ,0.000         ,-0.000              ,0.000               ,23925.564       ,0.00000           ,-0.00000              ,0.000         ,0.000         ,0.489         ,0.008         
17:58:20.391068     ,0.879       ,0.880       ,19.225      ,16.770      ,16.758      ,16.213      ,0.549       ,0.366       ,0.123       ,-0.000      ,0.488       ,880.000     ,0.000       ,0.549       ,16.762      ,0.00046       ,6             ,0.527           ,0.000         ,-0.000              ,0.000               ,23925.564       ,0.00000           ,-0.00000              ,0.000         ,0.000         ,0.488         ,0.014         
17:58:20.403280     ,0.878       ,0.880       ,19.225      ,16.790      ,16.761      ,16.213      ,0.548       ,0.365       ,0.124       ,0.000       ,0.490       ,880.000     ,0.000       ,0.548       ,16.761      ,0.00046       ,6             ,0.527           ,0.000         ,-0.000              ,0.000               ,23925.564       ,0.00000           ,-0.00000              ,0.000         ,0.000         ,0.490         ,0.014         
17:58:20.410691     ,0.878       ,0.880       ,19.225      ,16.790      ,16.764      ,16.213      ,0.548       ,0.365       ,0.124       ,0.000       ,0.490       ,880.000     ,0.000       ,0.548       ,16.761      ,0.00046       ,6             ,0.527           ,0.000         ,-0.000              ,0.000               ,23925.564       ,0.00000           ,-0.00000              ,0.000         ,0.000         ,0.490         ,0.006         
17:58:20.419639     ,0.878       ,0.880       ,19.225      ,16.790      ,16.765      ,16.213      ,0.551       ,0.367       ,0.125       ,-0.000      ,0.492       ,880.000     ,0.000       ,0.551       ,16.764      ,0.00046       ,6             ,0.527           ,0.000         ,-0.000              ,0.000               ,23925.564       ,0.00000           ,-0.00000              ,0.000         ,0.000         ,0.492         ,0.006         
17:58:20.430380     ,0.878       ,0.880       ,19.225      ,16.780      ,16.767      ,16.213      ,0.552       ,0.368       ,0.126       ,-0.000      ,0.494       ,880.000     ,0.000       ,0.552       ,16.765      ,0.00046       ,6             ,0.527           ,0.000         ,-0.000              ,0.000               ,23925.564       ,0.00000           ,-0.00000              ,0.000         ,0.000         ,0.494         ,0.001         
17:58:20.439610     ,0.878       ,0.880       ,19.225      ,16.790      ,16.774      ,16.213      ,0.553       ,0.369       ,0.127       ,0.000       ,0.496       ,880.000     ,0.000       ,0.553       ,16.767      ,0.00046       ,6             ,0.527           ,0.000         ,-0.000              ,0.000               ,23925.564       ,0.00000           ,-0.00000              ,0.000         ,0.000         ,0.496         ,0.001         
17:58:20.449701     ,0.878       ,0.880       ,19.225      ,16.800      ,16.780      ,16.213      ,0.561       ,0.374       ,0.128       ,0.000       ,0.503       ,880.000     ,0.000       ,0.561       ,16.774      ,0.00046       ,6             ,0.527           ,0.000         ,-0.000              ,0.000               ,23925.564       ,0.00000           ,-0.00000              ,0.000         ,0.000         ,0.503         ,0.003         
17:58:20.459518     ,0.878       ,0.880       ,19.225      ,16.800      ,16.784      ,16.213      ,0.567       ,0.378       ,0.129       ,-0.000      ,0.507       ,880.000     ,0.000       ,0.567       ,16.780      ,0.00046       ,6             ,0.527           ,0.000         ,-0.000              ,0.000               ,23925.564       ,0.00000           ,-0.00000              ,0.000         ,0.000         ,0.507         ,0.003         
17:58:20.469629     ,0.878       ,0.880       ,19.225      ,16.790      ,16.785      ,16.213      ,0.571       ,0.381       ,0.130       ,-0.000      ,0.510       ,880.000     ,0.000       ,0.571       ,16.784      ,0.00046       ,6             ,0.527           ,0.000         ,-0.000              ,0.000               ,23925.564       ,0.00000           ,-0.00000              ,0.000         ,0.000         ,0.510         ,0.006         
17:58:20.486358     ,0.878       ,0.880       ,19.225      ,16.790      ,16.787      ,16.213      ,0.572       ,0.381       ,0.131       ,-0.000      ,0.512       ,880.000     ,0.000       ,0.572       ,16.785      ,0.00046       ,6             ,0.527           ,0.000         ,-0.000              ,0.000               ,23925.564       ,0.00000           ,-0.00000              ,0.000         ,0.000         ,0.512         ,0.003         
17:58:20.489601     ,0.878       ,0.880       ,19.225      ,16.790      ,16.786      ,16.213      ,0.574       ,0.382       ,0.132       ,0.000       ,0.514       ,880.000     ,0.000       ,0.574       ,16.787      ,0.00046       ,6             ,0.527           ,0.000         ,-0.000              ,0.000               ,23925.564       ,0.00000           ,-0.00000              ,0.000         ,0.000         ,0.514         ,0.003         
17:58:20.511715     ,0.879       ,0.880       ,19.225      ,16.790      ,16.783      ,16.213      ,0.570       ,0.380       ,0.134       ,-0.000      ,0.514       ,880.000     ,0.000       ,0.570       ,16.783      ,0.00046       ,6             ,0.527           ,0.000         ,-0.000              ,0.000               ,23925.564       ,0.00000           ,-0.00000              ,0.000         ,0.000         ,0.514         ,0.008         
17:58:20.525847     ,0.879       ,0.880       ,19.225      ,16.790      ,16.780      ,16.213      ,0.570       ,0.380       ,0.134       ,-0.000      ,0.514       ,880.000     ,0.000       ,0.570       ,16.783      ,0.00046       ,6             ,0.527           ,0.000         ,-0.000              ,0.000               ,23925.564       ,0.00000           ,-0.00000              ,0.000         ,0.000         ,0.513         ,0.006         
17:58:20.529505     ,0.879       ,0.880       ,19.225      ,16.790      ,16.781      ,16.213      ,0.567       ,0.378       ,0.135       ,0.000       ,0.513       ,880.000     ,0.000       ,0.567       ,16.780      ,0.00046       ,6             ,0.527           ,0.000         ,-0.000              ,0.000               ,23925.564       ,0.00000           ,-0.00000              ,0.000         ,0.000         ,0.513         ,0.006         
17:58:20.549750     ,0.879       ,0.880       ,19.225      ,16.790      ,16.779      ,16.213      ,0.567       ,0.378       ,0.136       ,0.000       ,0.514       ,880.000     ,0.000       ,0.567       ,16.780      ,0.00046       ,6             ,0.527           ,0.000         ,-0.000              ,0.000               ,23925.564       ,0.00000           ,-0.00000              ,0.000         ,0.000         ,0.514         ,0.001         
17:58:20.559592     ,0.879       ,0.880       ,19.225      ,16.800      ,16.782      ,16.213      ,0.566       ,0.378       ,0.137       ,-0.000      ,0.514       ,880.000     ,0.000       ,0.566       ,16.779      ,0.00046       ,6             ,0.527           ,0.000         ,-0.000              ,0.000               ,23925.564       ,0.00000           ,-0.00000              ,0.000         ,0.000         ,0.514         ,0.001         
17:58:20.576345     ,0.879       ,0.880       ,19.225      ,16.810      ,16.785      ,16.213      ,0.566       ,0.378       ,0.137       ,-0.000      ,0.514       ,880.000     ,0.000       ,0.566       ,16.779      ,0.00046       ,6             ,0.527           ,0.000         ,-0.000              ,0.000               ,23925.564       ,0.00000           ,-0.00000              ,0.000         ,0.000         ,0.519         ,0.017         
17:58:20.579568     ,0.879       ,0.880       ,19.225      ,16.810      ,16.787      ,16.213      ,0.571       ,0.381       ,0.138       ,0.000       ,0.519       ,880.000     ,0.000       ,0.571       ,16.785      ,0.00046       ,6             ,0.527           ,0.000         ,-0.000              ,0.000               ,23925.564       ,0.00000           ,-0.00000              ,0.000         ,0.000         ,0.521         ,0.017         
17:58:20.589668     ,0.879       ,0.880       ,19.225      ,16.810      ,16.790      ,16.213      ,0.574       ,0.383       ,0.139       ,-0.000      ,0.521       ,880.000     ,0.000       ,0.574       ,16.787      ,0.00046       ,6             ,0.527           ,0.000         ,-0.000              ,0.000               ,23925.564       ,0.00000           ,-0.00000              ,0.000         ,0.000         ,0.524         ,0.017         
17:58:20.600580     ,0.879       ,0.880       ,19.225      ,16.810      ,16.794      ,16.213      ,0.577       ,0.385       ,0.139       ,0.000       ,0.524       ,880.000     ,0.000       ,0.577       ,16.790      ,0.00046       ,6             ,0.527           ,0.000         ,-0.000              ,0.000               ,23925.564       ,0.00000           ,-0.00000              ,0.000         ,0.000         ,0.528         ,0.006         
17:58:20.609614     ,0.879       ,0.880       ,19.225      ,16.800      ,16.796      ,16.213      ,0.581       ,0.388       ,0.140       ,0.000       ,0.528       ,880.000     ,0.000       ,0.581       ,16.794      ,0.00046       ,6             ,0.527           ,0.000         ,-0.000              ,0.000               ,23925.564       ,0.00000           ,-0.00000              ,0.000         ,0.000         ,0.530         ,0.006         
17:58:20.624145     ,0.879       ,0.880       ,19.225      ,16.800      ,16.796      ,16.213      ,0.583       ,0.389       ,0.142       ,-0.000      ,0.531       ,880.000     ,0.000       ,0.583       ,16.796      ,0.00046       ,6             ,0.527           ,0.000         ,-0.000              ,0.000               ,23925.564       ,0.00000           ,-0.00000              ,0.000         ,0.000         ,0.531         ,0.008         
17:58:20.629919     ,0.879       ,0.880       ,19.225      ,16.790      ,16.795      ,16.213      ,0.583       ,0.389       ,0.142       ,-0.000      ,0.531       ,880.000     ,0.000       ,0.583       ,16.796      ,0.00046       ,6             ,0.527           ,0.000         ,-0.000              ,0.000               ,23925.564       ,0.00000           ,-0.00000              ,0.000         ,0.000         ,0.531         ,0.008         
17:58:20.641683     ,0.879       ,0.880       ,19.225      ,16.800      ,16.795      ,16.213      ,0.582       ,0.388       ,0.143       ,-0.000      ,0.531       ,880.000     ,0.000       ,0.582       ,16.795      ,0.00046       ,6             ,0.527           ,0.000         ,-0.000              ,0.000               ,23925.564       ,0.00000           ,-0.00000              ,0.000         ,0.000         ,0.533         ,0.008         
17:58:20.649976     ,0.879       ,0.880       ,19.225      ,16.790      ,16.792      ,16.213      ,0.582       ,0.388       ,0.144       ,0.000       ,0.533       ,880.000     ,0.000       ,0.582       ,16.795      ,0.00046       ,6             ,0.527           ,0.000         ,-0.000              ,0.000               ,23925.564       ,0.00000           ,-0.00000              ,0.000         ,0.000         ,0.531         ,0.008         
17:58:20.667039     ,0.879       ,0.880       ,19.225      ,16.780      ,16.788      ,16.213      ,0.579       ,0.386       ,0.145       ,-0.000      ,0.531       ,880.000     ,0.000       ,0.579       ,16.792      ,0.00046       ,6             ,0.527           ,0.000         ,-0.000              ,0.000               ,23925.564       ,0.00000           ,-0.00000              ,0.000         ,0.000         ,0.531         ,0.006         
17:58:20.669801     ,0.879       ,0.880       ,19.225      ,16.780      ,16.783      ,16.213      ,0.575       ,0.383       ,0.146       ,-0.000      ,0.530       ,880.000     ,0.000       ,0.575       ,16.788      ,0.00046       ,6             ,0.527           ,0.000         ,-0.000              ,0.000               ,23925.564       ,0.00000           ,-0.00000              ,0.000         ,0.000         ,0.527         ,0.006         
17:58:20.679730     ,0.879       ,0.880       ,19.225      ,16.780      ,16.780      ,16.213      ,0.570       ,0.380       ,0.147       ,-0.000      ,0.527       ,880.000     ,0.000       ,0.570       ,16.783      ,0.00046       ,6             ,0.527           ,0.000         ,-0.000              ,0.000               ,23925.564       ,0.00000           ,-0.00000              ,0.000         ,0.000         ,0.527         ,0.006         
17:58:20.689629     ,0.879       ,0.880       ,19.225      ,16.800      ,16.779      ,16.213      ,0.570       ,0.380       ,0.147       ,-0.000      ,0.527       ,880.000     ,0.000       ,0.570       ,16.783      ,0.00046       ,6             ,0.527           ,0.000         ,-0.000              ,0.000               ,23925.564       ,0.00000           ,-0.00000              ,0.000         ,0.000         ,0.525         ,0.008         
17:58:20.699732     ,0.879       ,0.880       ,19.225      ,16.800      ,16.779      ,16.213      ,0.565       ,0.377       ,0.148       ,-0.000      ,0.525       ,880.000     ,0.000       ,0.565       ,16.779      ,0.00046       ,6             ,0.527           ,0.000         ,-0.000              ,0.000               ,23925.564       ,0.00000           ,-0.00000              ,0.000         ,0.000         ,0.526         ,0.008         
17:58:20.709866     ,0.879       ,0.880       ,19.225      ,16.790      ,16.779      ,16.213      ,0.565       ,0.377       ,0.149       ,0.000       ,0.526       ,880.000     ,0.000       ,0.565       ,16.779      ,0.00046       ,6             ,0.527           ,0.000         ,-0.000              ,0.000               ,23925.564       ,0.00000           ,-0.00000              ,0.000         ,0.000         ,0.527         ,0.001         
17:58:20.723337     ,0.883       ,0.880       ,19.225      ,16.800      ,16.782      ,16.213      ,0.568       ,0.379       ,0.151       ,0.000       ,0.530       ,880.000     ,0.000       ,0.568       ,16.782      ,0.00046       ,6             ,0.527           ,0.000         ,-0.000              ,0.000               ,23925.564       ,0.00000           ,-0.00000              ,0.000         ,0.000         ,0.530         ,0.003         
17:58:20.739623     ,0.883       ,0.880       ,19.225      ,16.780      ,16.781      ,16.213      ,0.570       ,0.380       ,0.152       ,-0.000      ,0.532       ,880.000     ,0.000       ,0.570       ,16.783      ,0.00046       ,6             ,0.527           ,0.000         ,-0.000              ,0.000               ,23925.564       ,0.00000           ,-0.00000              ,0.000         ,0.000         ,0.531         ,0.003         
17:58:20.759662     ,0.883       ,0.880       ,19.225      ,16.790      ,16.783      ,16.213      ,0.567       ,0.378       ,0.154       ,0.000       ,0.532       ,880.000     ,0.000       ,0.567       ,16.780      ,0.00046       ,6             ,0.527           ,0.000         ,-0.000              ,0.000               ,23925.564       ,0.00000           ,-0.00000              ,0.000         ,0.000         ,0.535         ,0.014         
17:58:20.769699     ,0.883       ,0.880       ,19.225      ,16.790      ,16.781      ,16.213      ,0.569       ,0.380       ,0.155       ,0.000       ,0.535       ,880.000     ,0.000       ,0.569       ,16.783      ,0.00046       ,6             ,0.527           ,0.000         ,-0.000              ,0.000               ,23925.564       ,0.00000           ,-0.00000              ,0.000         ,0.000         ,0.535         ,0.014         
17:58:20.780649     ,0.883       ,0.880       ,19.225      ,16.780      ,16.779      ,16.213      ,0.569       ,0.380       ,0.155       ,0.000       ,0.535       ,880.000     ,0.000       ,0.569       ,16.783      ,0.00046       ,6             ,0.527           ,0.000         ,-0.000              ,0.000               ,23925.564       ,0.00000           ,-0.00000              ,0.000         ,0.000         ,0.533         ,0.004         
17:58:20.789623     ,0.883       ,0.880       ,19.225      ,16.770      ,16.776      ,16.213      ,0.566       ,0.375       ,0.157       ,0.000       ,0.532       ,880.000     ,0.000       ,0.566       ,16.779      ,0.00046       ,6             ,0.527           ,0.000         ,-0.000              ,0.000               ,23925.564       ,0.00000           ,-0.00000              ,0.000         ,0.000         ,0.532         ,0.004         
17:58:20.803026     ,0.883       ,0.880       ,19.225      ,16.770      ,16.773      ,16.213      ,0.563       ,0.375       ,0.157       ,0.000       ,0.532       ,880.000     ,0.000       ,0.563       ,16.776      ,0.00046       ,6             ,0.527           ,0.000         ,-0.000              ,0.000               ,23925.564       ,0.00000           ,-0.00000              ,0.000         ,0.000         ,0.531         ,0.003         
17:58:20.809640     ,0.883       ,0.880       ,19.225      ,16.770      ,16.768      ,16.213      ,0.560       ,0.373       ,0.158       ,-0.000      ,0.531       ,880.000     ,0.000       ,0.560       ,16.773      ,0.00046       ,6             ,0.527           ,0.000         ,-0.000              ,0.000               ,23925.564       ,0.00000           ,-0.00000              ,0.000         ,0.000         ,0.529         ,0.003         
17:58:20.825267     ,0.883       ,0.880       ,19.225      ,16.770      ,16.765      ,16.213      ,0.555       ,0.370       ,0.159       ,-0.000      ,0.529       ,880.000     ,0.000       ,0.555       ,16.768      ,0.00046       ,6             ,0.527           ,0.000         ,-0.000              ,0.000               ,23925.564       ,0.00000           ,-0.00000              ,0.000         ,0.000         ,0.527         ,0.006         
17:58:20.829910     ,0.883       ,0.880       ,19.225      ,16.770      ,16.764      ,16.213      ,0.552       ,0.368       ,0.159       ,0.000       ,0.527       ,880.000     ,0.000       ,0.552       ,16.765      ,0.00046       ,6             ,0.527           ,0.000         ,-0.000              ,0.000               ,23925.564       ,0.00000           ,-0.00000              ,0.000         ,0.000         ,0.527         ,0.006         
17:58:20.850049     ,0.878       ,0.880       ,19.242      ,16.770      ,16.763      ,16.213      ,0.550       ,0.367       ,0.161       ,0.000       ,0.528       ,880.000     ,0.000       ,0.550       ,16.763      ,0.00046       ,6             ,0.527           ,0.000         ,-0.000              ,0.000               ,23925.564       ,0.00000           ,-0.00000              ,0.000         ,0.000         ,0.528         ,0.009         
17:58:20.850156     ,0.878       ,0.880       ,19.242      ,16.770      ,16.762      ,16.213      ,0.549       ,0.366       ,0.162       ,-0.000      ,0.528       ,880.000     ,0.000       ,0.549       ,16.762      ,0.00046       ,6             ,0.527           ,0.000         ,-0.000              ,0.000               ,23925.564       ,0.00000           ,-0.00000              ,0.000         ,0.000         ,0.528         ,0.009         
17:58:20.871015     ,0.878       ,0.880       ,19.242      ,16.780      ,16.763      ,16.213      ,0.549       ,0.366       ,0.162       ,-0.000      ,0.528       ,880.000     ,0.000       ,0.549       ,16.762      ,0.00046       ,6             ,0.527           ,0.000         ,-0.000              ,0.000               ,23925.564       ,0.00000           ,-0.00000              ,0.000         ,0.000         ,0.530         ,0.008         
17:58:20.880186     ,0.878       ,0.880       ,19.242      ,16.780      ,16.764      ,16.213      ,0.550       ,0.367       ,0.163       ,0.000       ,0.530       ,880.000     ,0.000       ,0.550       ,16.763      ,0.00046       ,6             ,0.527           ,0.000         ,-0.000              ,0.000               ,23925.564       ,0.00000           ,-0.00000              ,0.000         ,0.000         ,0.532         ,0.008         
17:58:20.895542     ,0.878       ,0.880       ,19.242      ,16.790      ,16.768      ,16.213      ,0.551       ,0.368       ,0.164       ,-0.000      ,0.532       ,880.000     ,0.000       ,0.551       ,16.764      ,0.00046       ,6             ,0.527           ,0.000         ,-0.000              ,0.000               ,23925.564       ,0.00000           ,-0.00000              ,0.000         ,0.000         ,0.535         ,0.014         
17:58:20.900179     ,0.878       ,0.880       ,19.242      ,16.780      ,16.770      ,16.213      ,0.555       ,0.371       ,0.166       ,-0.000      ,0.535       ,880.000     ,0.000       ,0.555       ,16.768      ,0.00046       ,6             ,0.527           ,0.000         ,-0.000              ,0.000               ,23925.564       ,0.00000           ,-0.00000              ,0.000         ,0.000         ,0.537         ,0.014         
17:58:20.915467     ,0.878       ,0.880       ,19.242      ,16.780      ,16.771      ,16.213      ,0.557       ,0.371       ,0.166       ,-0.000      ,0.537       ,880.000     ,0.000       ,0.557       ,16.770      ,0.00046       ,6             ,0.527           ,0.000         ,-0.000              ,0.000               ,23925.564       ,0.00000           ,-0.00000              ,0.000         ,0.000         ,0.538         ,0.005         
17:58:20.920170     ,0.878       ,0.880       ,19.242      ,16.770      ,16.771      ,16.213      ,0.558       ,0.372       ,0.167       ,-0.000      ,0.538       ,880.000     ,0.000       ,0.558       ,16.771      ,0.00046       ,6             ,0.527           ,0.000         ,-0.000              ,0.000               ,23925.564       ,0.00000           ,-0.00000              ,0.000         ,0.000         ,0.539         ,0.005         
17:58:20.934459     ,0.878       ,0.880       ,19.242      ,16.780      ,16.772      ,16.213      ,0.557       ,0.372       ,0.168       ,-0.000      ,0.539       ,880.000     ,0.000       ,0.557       ,16.771      ,0.00046       ,6             ,0.527           ,0.000         ,-0.000              ,0.000               ,23925.564       ,0.00000           ,-0.00000              ,0.000         ,0.000         ,0.542         ,0.009         
17:58:20.940160     ,0.878       ,0.880       ,19.242      ,16.780      ,16.772      ,16.213      ,0.559       ,0.373       ,0.169       ,0.000       ,0.542       ,880.000     ,0.000       ,0.559       ,16.772      ,0.00046       ,6             ,0.527           ,0.000         ,-0.000              ,0.000               ,23925.564       ,0.00000           ,-0.00000              ,0.000         ,0.000         ,0.542         ,0.009         
17:58:20.956765     ,0.881       ,0.880       ,19.275      ,16.780      ,16.772      ,16.213      ,0.559       ,0.372       ,0.171       ,0.000       ,0.543       ,880.000     ,0.000       ,0.559       ,16.772      ,0.00046       ,6             ,0.527           ,0.000         ,-0.000              ,0.000               ,23925.564       ,0.00000           ,-0.00000              ,0.000         ,0.000         ,0.543         ,0.008         
17:58:20.960171     ,0.881       ,0.880       ,19.275      ,16.790      ,16.773      ,16.213      ,0.559       ,0.372       ,0.171       ,0.000       ,0.543       ,880.000     ,0.000       ,0.559       ,16.772      ,0.00046       ,6             ,0.527           ,0.000         ,-0.000              ,0.000               ,23925.564       ,0.00000           ,-0.00000              ,0.000         ,0.000         ,0.544         ,0.008         
17:58:20.972244     ,0.881       ,0.880       ,19.275      ,16.790      ,16.774      ,16.213      ,0.559       ,0.373       ,0.171       ,0.000       ,0.544       ,880.000     ,0.000       ,0.559       ,16.773      ,0.00046       ,6             ,0.527           ,0.000         ,-0.000              ,0.000               ,23925.564       ,0.00000           ,-0.00000              ,0.000         ,0.000         ,0.544         ,0.008         
17:58:20.980172     ,0.881       ,0.880       ,19.275      ,16.790      ,16.774      ,16.213      ,0.561       ,0.374       ,0.172       ,0.000       ,0.547       ,880.000     ,0.000       ,0.561       ,16.774      ,0.00046       ,6             ,0.527           ,0.000         ,-0.000              ,0.000               ,23925.564       ,0.00000           ,-0.00000              ,0.000         ,0.000         ,0.547         ,0.008         
17:58:20.991360     ,0.881       ,0.880       ,19.275      ,16.780      ,16.773      ,16.213      ,0.561       ,0.374       ,0.173       ,-0.000      ,0.547       ,880.000     ,0.000       ,0.561       ,16.774      ,0.00046       ,6             ,0.527           ,0.000         ,-0.000              ,0.000               ,23925.564       ,0.00000           ,-0.00000              ,0.000         ,0.000         ,0.547         ,0.018         
17:58:21.000203     ,0.881       ,0.880       ,19.275      ,16.780      ,16.774      ,16.213      ,0.560       ,0.374       ,0.174       ,-0.000      ,0.548       ,880.000     ,0.000       ,0.560       ,16.773      ,0.00046       ,6             ,0.527           ,0.000         ,-0.000              ,0.000               ,23925.564       ,0.00000           ,-0.00000              ,0.000         ,0.000         ,0.550         ,0.018         
17:58:21.013618     ,0.881       ,0.880       ,19.275      ,16.780      ,16.774      ,16.213      ,0.561       ,0.374       ,0.175       ,0.000       ,0.550       ,880.000     ,0.000       ,0.561       ,16.774      ,0.00046       ,6             ,0.527           ,0.000         ,-0.000              ,0.000               ,23925.564       ,0.00000           ,-0.00000              ,0.000         ,0.000         ,0.550         ,0.006         
17:58:21.020178     ,0.881       ,0.880       ,19.275      ,16.790      ,16.776      ,16.213      ,0.561       ,0.374       ,0.176       ,-0.000      ,0.550       ,880.000     ,0.000       ,0.561       ,16.774      ,0.00046       ,6             ,0.527           ,0.000         ,-0.000              ,0.000               ,23925.564       ,0.00000           ,-0.00000              ,0.000         ,0.000         ,0.553         ,0.006         
17:58:21.032569     ,0.881       ,0.880       ,19.275      ,16.780      ,16.776      ,16.213      ,0.563       ,0.376       ,0.177       ,0.000       ,0.553       ,880.000     ,0.000       ,0.563       ,16.776      ,0.00046       ,6             ,0.527           ,0.000         ,-0.000              ,0.000               ,23925.564       ,0.00000           ,-0.00000              ,0.000         ,0.000         ,0.553         ,0.005         
17:58:21.040163     ,0.881       ,0.880       ,19.275      ,16.790      ,16.777      ,16.213      ,0.563       ,0.375       ,0.178       ,-0.000      ,0.553       ,880.000     ,0.000       ,0.563       ,16.776      ,0.00046       ,6             ,0.527           ,0.000         ,-0.000              ,0.000               ,23925.564       ,0.00000           ,-0.00000              ,0.000         ,0.000         ,0.555         ,0.005         
17:58:21.055674     ,0.881       ,0.880       ,19.242      ,16.790      ,16.778      ,16.213      ,0.565       ,0.377       ,0.180       ,-0.000      ,0.556       ,880.000     ,0.000       ,0.565       ,16.778      ,0.00046       ,6             ,0.527           ,0.000         ,-0.000              ,0.000               ,23925.564       ,0.00000           ,-0.00000              ,0.000         ,0.000         ,0.556         ,0.006         
17:58:21.060166     ,0.881       ,0.880       ,19.242      ,16.790      ,16.778      ,16.213      ,0.565       ,0.377       ,0.180       ,-0.000      ,0.556       ,880.000     ,0.000       ,0.565       ,16.778      ,0.00046       ,6             ,0.527           ,0.000         ,-0.000              ,0.000               ,23925.564       ,0.00000           ,-0.00000              ,0.000         ,0.000         ,0.557         ,0.006         
17:58:21.070844     ,0.881       ,0.880       ,19.242      ,16.790      ,16.777      ,16.213      ,0.565       ,0.377       ,0.181       ,-0.000      ,0.557       ,880.000     ,0.000       ,0.565       ,16.778      ,0.00046       ,6             ,0.527           ,0.000         ,-0.000              ,0.000               ,23925.564       ,0.00000           ,-0.00000              ,0.000         ,0.000         ,0.557         ,0.009         
17:58:21.080167     ,0.881       ,0.880       ,19.242      ,16.800      ,16.780      ,16.213      ,0.564       ,0.376       ,0.182       ,-0.000      ,0.557       ,880.000     ,0.000       ,0.564       ,16.777      ,0.00046       ,6             ,0.527           ,0.000         ,-0.000              ,0.000               ,23925.564       ,0.00000           ,-0.00000              ,0.000         ,0.000         ,0.561         ,0.009         
17:58:21.091076     ,0.881       ,0.880       ,19.242      ,16.790      ,16.780      ,16.213      ,0.567       ,0.378       ,0.184       ,-0.000      ,0.562       ,880.000     ,0.000       ,0.567       ,16.780      ,0.00046       ,6             ,0.527           ,0.000         ,-0.000              ,0.000               ,23925.564       ,0.00000           ,-0.00000              ,0.000         ,0.000         ,0.562         ,0.008         
17:58:21.100197     ,0.881       ,0.880       ,19.242      ,16.800      ,16.783      ,16.213      ,0.567       ,0.378       ,0.184       ,-0.000      ,0.562       ,880.000     ,0.000       ,0.567       ,16.780      ,0.00046       ,6             ,0.527           ,0.000         ,-0.000              ,0.000               ,23925.564       ,0.00000           ,-0.00000              ,0.000         ,0.000         ,0.565         ,0.008         
17:58:21.112793     ,0.881       ,0.880       ,19.242      ,16.810      ,16.788      ,16.213      ,0.570       ,0.380       ,0.185       ,0.000       ,0.565       ,880.000     ,0.000       ,0.570       ,16.783      ,0.00046       ,6             ,0.527           ,0.000         ,-0.000              ,0.000               ,23925.564       ,0.00000           ,-0.00000              ,0.000         ,0.000         ,0.569         ,0.005         
17:58:21.120187     ,0.881       ,0.880       ,19.242      ,16.810      ,16.791      ,16.213      ,0.578       ,0.385       ,0.187       ,-0.000      ,0.572       ,880.000     ,0.000       ,0.578       ,16.791      ,0.00046       ,6             ,0.527           ,0.000         ,-0.000              ,0.000               ,23925.564       ,0.00000           ,-0.00000              ,0.000         ,0.000         ,0.572         ,0.005         
17:58:21.131248     ,0.881       ,0.880       ,19.242      ,16.800      ,16.791      ,16.213      ,0.578       ,0.385       ,0.187       ,-0.000      ,0.572       ,880.000     ,0.000       ,0.578       ,16.791      ,0.00046       ,6             ,0.527           ,0.000         ,-0.000              ,0.000               ,23925.564       ,0.00000           ,-0.00000              ,0.000         ,0.000         ,0.573         ,0.001         
17:58:21.140183     ,0.881       ,0.880       ,19.242      ,16.800      ,16.793      ,16.213      ,0.578       ,0.385       ,0.188       ,-0.000      ,0.573       ,880.000     ,0.000       ,0.578       ,16.791      ,0.00046       ,6             ,0.527           ,0.000         ,-0.000              ,0.000               ,23925.564       ,0.00000           ,-0.00000              ,0.000         ,0.000         ,0.576         ,0.001         
17:58:21.154501     ,0.881       ,0.880       ,19.225      ,16.800      ,16.794      ,16.213      ,0.581       ,0.387       ,0.189       ,-0.000      ,0.577       ,880.000     ,0.000       ,0.581       ,16.794      ,0.00046       ,6             ,0.527           ,0.000         ,-0.000              ,0.000               ,23925.564       ,0.00000           ,-0.00000              ,0.000         ,0.000         ,0.577         ,0.003         
17:58:21.160171     ,0.881       ,0.880       ,19.225      ,16.790      ,16.792      ,16.213      ,0.581       ,0.387       ,0.189       ,-0.000      ,0.577       ,880.000     ,0.000       ,0.581       ,16.794      ,0.00046       ,6             ,0.527           ,0.000         ,-0.000              ,0.000               ,23925.564       ,0.00000           ,-0.00000              ,0.000         ,0.000         ,0.576         ,0.003         
17:58:21.172173     ,0.881       ,0.880       ,19.225      ,16.790      ,16.790      ,16.213      ,0.578       ,0.386       ,0.190       ,-0.000      ,0.576       ,880.000     ,0.000       ,0.578       ,16.792      ,0.00046       ,6             ,0.527           ,0.000         ,-0.000              ,0.000               ,23925.564       ,0.00000           ,-0.00000              ,0.000         ,0.000         ,0.576         ,0.008         
17:58:21.180159     ,0.881       ,0.880       ,19.225      ,16.780      ,16.787      ,16.213      ,0.577       ,0.384       ,0.191       ,0.000       ,0.576       ,880.000     ,0.000       ,0.577       ,16.790      ,0.00046       ,6             ,0.527           ,0.000         ,-0.000              ,0.000               ,23925.564       ,0.00000           ,-0.00000              ,0.000         ,0.000         ,0.575         ,0.008         
17:58:21.193191     ,0.881       ,0.880       ,19.225      ,16.780      ,16.784      ,16.213      ,0.574       ,0.383       ,0.192       ,-0.000      ,0.575       ,880.000     ,0.000       ,0.574       ,16.787      ,0.00046       ,6             ,0.527           ,0.000         ,-0.000              ,0.000               ,23925.564       ,0.00000           ,-0.00000              ,0.000         ,0.000         ,0.574         ,0.005         
17:58:21.200180     ,0.881       ,0.880       ,19.225      ,16.800      ,16.784      ,16.213      ,0.571       ,0.381       ,0.193       ,-0.000      ,0.574       ,880.000     ,0.000       ,0.571       ,16.784      ,0.00046       ,6             ,0.527           ,0.000         ,-0.000              ,0.000               ,23925.564       ,0.00000           ,-0.00000              ,0.000         ,0.000         ,0.575         ,0.005         
17:58:21.210746     ,0.881       ,0.880       ,19.225      ,16.800      ,16.783      ,16.213      ,0.570       ,0.380       ,0.194       ,0.000       ,0.575       ,880.000     ,0.000       ,0.570       ,16.784      ,0.00046       ,6             ,0.527           ,0.000         ,-0.000              ,0.000               ,23925.564       ,0.00000           ,-0.00000              ,0.000         ,0.000         ,0.575         ,0.001         
17:58:21.220172     ,0.881       ,0.880       ,19.225      ,16.810      ,16.784      ,16.213      ,0.570       ,0.380       ,0.195       ,0.000       ,0.575       ,880.000     ,0.000       ,0.570       ,16.783      ,0.00046       ,6             ,0.527           ,0.000         ,-0.000              ,0.000               ,23925.564       ,0.00000           ,-0.00000              ,0.000         ,0.000         ,0.577         ,0.001         
17:58:21.230150     ,0.881       ,0.880       ,19.225      ,16.810      ,16.786      ,16.213      ,0.571       ,0.380       ,0.196       ,0.000       ,0.577       ,880.000     ,0.000       ,0.571       ,16.784      ,0.00046       ,6             ,0.527           ,0.000         ,-0.000              ,0.000               ,23925.564       ,0.00000           ,-0.00000              ,0.000         ,0.000         ,0.577         ,0.005         
17:58:21.240167     ,0.881       ,0.880       ,19.225      ,16.810      ,16.790      ,16.213      ,0.573       ,0.382       ,0.197       ,0.000       ,0.579       ,880.000     ,0.000       ,0.573       ,16.786      ,0.00046       ,6             ,0.527           ,0.000         ,-0.000              ,0.000               ,23925.564       ,0.00000           ,-0.00000              ,0.000         ,0.000         ,0.583         ,0.005         
17:58:21.253669     ,0.883       ,0.880       ,19.242      ,16.840      ,16.797      ,16.213      ,0.584       ,0.389       ,0.199       ,0.000       ,0.588       ,880.000     ,0.000       ,0.584       ,16.797      ,0.00046       ,6             ,0.527           ,0.000         ,-0.000              ,0.000               ,23925.564       ,0.00000           ,-0.00000              ,0.000         ,0.000         ,0.588         ,-0.000        
17:58:21.266777     ,0.883       ,0.880       ,19.242      ,16.810      ,16.800      ,16.213      ,0.584       ,0.389       ,0.199       ,0.000       ,0.588       ,880.000     ,0.000       ,0.584       ,16.797      ,0.00046       ,6             ,0.527           ,0.000         ,-0.000              ,0.000               ,23925.564       ,0.00000           ,-0.00000              ,0.000         ,0.000         ,0.588         ,0.004         
17:58:21.270173     ,0.883       ,0.880       ,19.242      ,16.810      ,16.803      ,16.213      ,0.587       ,0.391       ,0.200       ,-0.000      ,0.591       ,880.000     ,0.000       ,0.587       ,16.800      ,0.00046       ,6             ,0.527           ,0.000         ,-0.000              ,0.000               ,23925.564       ,0.00000           ,-0.00000              ,0.000         ,0.000         ,0.594         ,0.004         
17:58:21.286598     ,0.883       ,0.880       ,19.242      ,16.810      ,16.807      ,16.213      ,0.590       ,0.393       ,0.201       ,0.000       ,0.594       ,880.000     ,0.000       ,0.590       ,16.803      ,0.00046       ,6             ,0.527           ,0.000         ,-0.000              ,0.000               ,23925.564       ,0.00000           ,-0.00000              ,0.000         ,0.000         ,0.594         ,0.015         
17:58:21.290174     ,0.883       ,0.880       ,19.242      ,16.810      ,16.809      ,16.213      ,0.596       ,0.398       ,0.203       ,-0.000      ,0.600       ,880.000     ,0.000       ,0.596       ,16.809      ,0.00046       ,6             ,0.527           ,0.000         ,-0.000              ,0.000               ,23925.564       ,0.00000           ,-0.00000              ,0.000         ,0.000         ,0.600         ,0.015         
17:58:21.300160     ,0.883       ,0.880       ,19.242      ,16.800      ,16.804      ,16.213      ,0.596       ,0.398       ,0.203       ,-0.000      ,0.600       ,880.000     ,0.000       ,0.596       ,16.809      ,0.00046       ,6             ,0.527           ,0.000         ,-0.000              ,0.000               ,23925.564       ,0.00000           ,-0.00000              ,0.000         ,0.000         ,0.597         ,0.015         
17:58:21.310655     ,0.883       ,0.880       ,19.242      ,16.800      ,16.803      ,16.213      ,0.591       ,0.394       ,0.204       ,-0.001      ,0.597       ,880.000     ,0.000       ,0.591       ,16.804      ,0.00046       ,6             ,0.527           ,0.000         ,-0.000              ,0.000               ,23925.564       ,0.00000           ,-0.00000              ,0.000         ,0.000         ,0.599         ,0.006         
17:58:21.320173     ,0.883       ,0.880       ,19.242      ,16.810      ,16.802      ,16.213      ,0.590       ,0.393       ,0.205       ,0.000       ,0.599       ,880.000     ,0.000       ,0.590       ,16.803      ,0.00046       ,6             ,0.527           ,0.000         ,-0.000              ,0.000               ,23925.564       ,0.00000           ,-0.00000              ,0.000         ,0.000         ,0.599         ,0.006         
17:58:21.330338     ,0.883       ,0.880       ,19.242      ,16.800      ,16.798      ,16.213      ,0.589       ,0.393       ,0.206       ,-0.000      ,0.599       ,880.000     ,0.000       ,0.589       ,16.802      ,0.00046       ,6             ,0.527           ,0.000         ,-0.000              ,0.000               ,23925.564       ,0.00000           ,-0.00000              ,0.000         ,0.000         ,0.597         ,0.017         
17:58:21.340177     ,0.883       ,0.880       ,19.242      ,16.800      ,16.794      ,16.213      ,0.585       ,0.390       ,0.207       ,-0.000      ,0.597       ,880.000     ,0.000       ,0.585       ,16.798      ,0.00046       ,6             ,0.527           ,0.000         ,-0.000              ,0.000               ,23925.564       ,0.00000           ,-0.00000              ,0.000         ,0.000         ,0.595         ,0.017         
17:58:21.353662     ,0.881       ,0.880       ,19.209      ,16.800      ,16.793      ,16.213      ,0.580       ,0.386       ,0.209       ,0.000       ,0.595       ,880.000     ,0.000       ,0.580       ,16.793      ,0.00046       ,6             ,0.527           ,0.000         ,-0.000              ,0.000               ,23925.564       ,0.00000           ,-0.00000              ,0.000         ,0.000         ,0.595         ,0.003         
17:58:21.360156     ,0.881       ,0.880       ,19.209      ,16.800      ,16.792      ,16.213      ,0.580       ,0.386       ,0.209       ,0.000       ,0.595       ,880.000     ,0.000       ,0.580       ,16.793      ,0.00046       ,6             ,0.527           ,0.000         ,-0.000              ,0.000               ,23925.564       ,0.00000           ,-0.00000              ,0.000         ,0.000         ,0.596         ,0.003         
17:58:21.370181     ,0.881       ,0.880       ,19.209      ,16.800      ,16.790      ,16.213      ,0.579       ,0.386       ,0.210       ,0.000       ,0.596       ,880.000     ,0.000       ,0.579       ,16.792      ,0.00046       ,6             ,0.527           ,0.000         ,-0.000              ,0.000               ,23925.564       ,0.00000           ,-0.00000              ,0.000         ,0.000         ,0.595         ,0.023         
17:58:21.385411     ,0.881       ,0.880       ,19.209      ,16.790      ,16.789      ,16.213      ,0.577       ,0.385       ,0.211       ,-0.000      ,0.595       ,880.000     ,0.000       ,0.577       ,16.790      ,0.00046       ,6             ,0.527           ,0.000         ,-0.000              ,0.000               ,23925.564       ,0.00000           ,-0.00000              ,0.000         ,0.000         ,0.595         ,0.004         
17:58:21.390168     ,0.881       ,0.880       ,19.209      ,16.800      ,16.790      ,16.213      ,0.576       ,0.384       ,0.212       ,0.000       ,0.596       ,880.000     ,0.000       ,0.576       ,16.789      ,0.00046       ,6             ,0.527           ,0.000         ,-0.000              ,0.000               ,23925.564       ,0.00000           ,-0.00000              ,0.000         ,0.000         ,0.598         ,0.004         
17:58:21.404094     ,0.881       ,0.880       ,19.209      ,16.810      ,16.792      ,16.213      ,0.577       ,0.385       ,0.213       ,0.000       ,0.598       ,880.000     ,0.000       ,0.577       ,16.790      ,0.00046       ,6             ,0.527           ,0.000         ,-0.000              ,0.000               ,23925.564       ,0.00000           ,-0.00000              ,0.000         ,0.000         ,0.600         ,0.009         
17:58:21.410158     ,0.881       ,0.880       ,19.209      ,16.810      ,16.793      ,16.213      ,0.579       ,0.386       ,0.214       ,0.000       ,0.600       ,880.000     ,0.000       ,0.579       ,16.792      ,0.00046       ,6             ,0.527           ,0.000         ,-0.000              ,0.000               ,23925.564       ,0.00000           ,-0.00000              ,0.000         ,0.000         ,0.601         ,0.009         
17:58:21.422656     ,0.881       ,0.880       ,19.209      ,16.810      ,16.794      ,16.213      ,0.580       ,0.387       ,0.215       ,-0.000      ,0.601       ,880.000     ,0.000       ,0.580       ,16.793      ,0.00046       ,6             ,0.527           ,0.000         ,-0.000              ,0.000               ,23925.564       ,0.00000           ,-0.00000              ,0.000         ,0.000         ,0.601         ,0.006         
17:58:21.430148     ,0.881       ,0.880       ,19.209      ,16.810      ,16.796      ,16.213      ,0.581       ,0.387       ,0.216       ,-0.000      ,0.603       ,880.000     ,0.000       ,0.581       ,16.794      ,0.00046       ,6             ,0.527           ,0.000         ,-0.000              ,0.000               ,23925.564       ,0.00000           ,-0.00000              ,0.000         ,0.000         ,0.606         ,0.006         
17:58:21.442419     ,0.881       ,0.880       ,19.209      ,16.800      ,16.796      ,16.213      ,0.583       ,0.389       ,0.217       ,0.000       ,0.606       ,880.000     ,0.000       ,0.583       ,16.796      ,0.00046       ,6             ,0.527           ,0.000         ,-0.000              ,0.000               ,23925.564       ,0.00000           ,-0.00000              ,0.000         ,0.000         ,0.606         ,0.008         
17:58:21.453677     ,0.881       ,0.880       ,19.225      ,16.810      ,16.797      ,16.213      ,0.584       ,0.389       ,0.218       ,0.000       ,0.608       ,880.000     ,0.000       ,0.584       ,16.797      ,0.00046       ,6             ,0.527           ,0.000         ,-0.000              ,0.000               ,23925.564       ,0.00000           ,-0.00000              ,0.000         ,0.000         ,0.608         ,0.008         
17:58:21.461047     ,0.881       ,0.880       ,19.225      ,16.800      ,16.797      ,16.213      ,0.584       ,0.389       ,0.218       ,0.000       ,0.608       ,880.000     ,0.000       ,0.584       ,16.797      ,0.00046       ,6             ,0.527           ,0.000         ,-0.000              ,0.000               ,23925.564       ,0.00000           ,-0.00000              ,0.000         ,0.000         ,0.608         ,0.004         
17:58:21.470171     ,0.881       ,0.880       ,19.225      ,16.800      ,16.797      ,16.213      ,0.584       ,0.389       ,0.220       ,0.000       ,0.610       ,880.000     ,0.000       ,0.584       ,16.797      ,0.00046       ,6             ,0.527           ,0.000         ,-0.000              ,0.000               ,23925.564       ,0.00000           ,-0.00000              ,0.000         ,0.000         ,0.610         ,0.004         
17:58:21.480686     ,0.881       ,0.880       ,19.225      ,16.800      ,16.796      ,16.213      ,0.584       ,0.389       ,0.220       ,0.000       ,0.610       ,880.000     ,0.000       ,0.584       ,16.797      ,0.00046       ,6             ,0.527           ,0.000         ,-0.000              ,0.000               ,23925.564       ,0.00000           ,-0.00000              ,0.000         ,0.000         ,0.610         ,0.005         
17:58:21.490179     ,0.881       ,0.880       ,19.225      ,16.800      ,16.796      ,16.213      ,0.583       ,0.389       ,0.221       ,-0.000      ,0.610       ,880.000     ,0.000       ,0.583       ,16.796      ,0.00046       ,6             ,0.527           ,0.000         ,-0.000              ,0.000               ,23925.564       ,0.00000           ,-0.00000              ,0.000         ,0.000         ,0.611         ,0.005         
17:58:21.502479     ,0.881       ,0.880       ,19.225      ,16.790      ,16.792      ,16.213      ,0.583       ,0.389       ,0.222       ,0.000       ,0.611       ,880.000     ,0.000       ,0.583       ,16.796      ,0.00046       ,6             ,0.527           ,0.000         ,-0.000              ,0.000               ,23925.564       ,0.00000           ,-0.00000              ,0.000         ,0.000         ,0.611         ,0.004         
17:58:21.510167     ,0.881       ,0.880       ,19.225      ,16.800      ,16.791      ,16.213      ,0.579       ,0.386       ,0.223       ,-0.000      ,0.609       ,880.000     ,0.000       ,0.579       ,16.792      ,0.00046       ,6             ,0.527           ,0.000         ,-0.000              ,0.000               ,23925.564       ,0.00000           ,-0.00000              ,0.000         ,0.000         ,0.610         ,0.004         
17:58:21.521155     ,0.881       ,0.880       ,19.225      ,16.800      ,16.790      ,16.213      ,0.578       ,0.385       ,0.224       ,0.000       ,0.610       ,880.000     ,0.000       ,0.578       ,16.791      ,0.00046       ,6             ,0.527           ,0.000         ,-0.000              ,0.000               ,23925.564       ,0.00000           ,-0.00000              ,0.000         ,0.000         ,0.610         ,0.004         
17:58:21.530161     ,0.881       ,0.880       ,19.225      ,16.810      ,16.790      ,16.213      ,0.577       ,0.385       ,0.226       ,0.000       ,0.611       ,880.000     ,0.000       ,0.577       ,16.790      ,0.00046       ,6             ,0.527           ,0.000         ,-0.000              ,0.000               ,23925.564       ,0.00000           ,-0.00000              ,0.000         ,0.000         ,0.611         ,0.004         
17:58:21.542027     ,0.881       ,0.880       ,19.225      ,16.810      ,16.791      ,16.213      ,0.577       ,0.385       ,0.226       ,0.000       ,0.611       ,880.000     ,0.000       ,0.577       ,16.790      ,0.00046       ,6             ,0.527           ,0.000         ,-0.000              ,0.000               ,23925.564       ,0.00000           ,-0.00000              ,0.000         ,0.000         ,0.611         ,0.004         
17:58:21.553692     ,0.876       ,0.880       ,19.275      ,16.810      ,16.794      ,16.213      ,0.581       ,0.387       ,0.228       ,0.000       ,0.616       ,880.000     ,0.000       ,0.581       ,16.794      ,0.00046       ,6             ,0.527           ,0.000         ,-0.000              ,0.000               ,23925.564       ,0.00000           ,-0.00000              ,0.000         ,0.000         ,0.616         ,0.004         
17:58:21.560151     ,0.876       ,0.880       ,19.275      ,16.810      ,16.796      ,16.213      ,0.581       ,0.387       ,0.228       ,0.000       ,0.616       ,880.000     ,0.000       ,0.581       ,16.794      ,0.00046       ,6             ,0.527           ,0.000         ,-0.000              ,0.000               ,23925.564       ,0.00000           ,-0.00000              ,0.000         ,0.000         ,0.617         ,0.005         
17:58:21.570164     ,0.876       ,0.880       ,19.275      ,16.800      ,16.796      ,16.213      ,0.582       ,0.388       ,0.229       ,-0.000      ,0.617       ,880.000     ,0.000       ,0.582       ,16.796      ,0.00046       ,6             ,0.527           ,0.000         ,-0.000              ,0.000               ,23925.564       ,0.00000           ,-0.00000              ,0.000         ,0.000         ,0.619         ,0.005         
17:58:21.580148     ,0.876       ,0.880       ,19.275      ,16.810      ,16.798      ,16.213      ,0.583       ,0.389       ,0.230       ,-0.000      ,0.619       ,880.000     ,0.000       ,0.583       ,16.796      ,0.00046       ,6             ,0.527           ,0.000         ,-0.000              ,0.000               ,23925.564       ,0.00000           ,-0.00000              ,0.000         ,0.000         ,0.621         ,0.004         
17:58:21.590176     ,0.876       ,0.880       ,19.275      ,16.810      ,16.799      ,16.213      ,0.585       ,0.390       ,0.231       ,0.000       ,0.621       ,880.000     ,0.000       ,0.585       ,16.798      ,0.00046       ,6             ,0.527           ,0.000         ,-0.000              ,0.000               ,23925.564       ,0.00000           ,-0.00000              ,0.000         ,0.000         ,0.623         ,0.004         
17:58:21.600188     ,0.876       ,0.880       ,19.275      ,16.830      ,16.804      ,16.213      ,0.591       ,0.394       ,0.233       ,0.000       ,0.627       ,880.000     ,0.000       ,0.591       ,16.804      ,0.00046       ,6             ,0.527           ,0.000         ,-0.000              ,0.000               ,23925.564       ,0.00000           ,-0.00000              ,0.000         ,0.000         ,0.627         ,0.001         
17:58:21.610155     ,0.876       ,0.880       ,19.275      ,16.830      ,16.807      ,16.213      ,0.591       ,0.394       ,0.233       ,0.000       ,0.627       ,880.000     ,0.000       ,0.591       ,16.804      ,0.00046       ,6             ,0.527           ,0.000         ,-0.000              ,0.000               ,23925.564       ,0.00000           ,-0.00000              ,0.000         ,0.000         ,0.630         ,0.001         
17:58:21.620172     ,0.876       ,0.880       ,19.275      ,16.830      ,16.810      ,16.213      ,0.593       ,0.396       ,0.234       ,-0.000      ,0.630       ,880.000     ,0.000       ,0.593       ,16.807      ,0.00046       ,6             ,0.527           ,0.000         ,-0.000              ,0.000               ,23925.564       ,0.00000           ,-0.00000              ,0.000         ,0.000         ,0.633         ,0.008         
17:58:21.630149     ,0.876       ,0.880       ,19.275      ,16.830      ,16.812      ,16.213      ,0.597       ,0.398       ,0.235       ,0.000       ,0.633       ,880.000     ,0.000       ,0.597       ,16.810      ,0.00046       ,6             ,0.527           ,0.000         ,-0.000              ,0.000               ,23925.564       ,0.00000           ,-0.00000              ,0.000         ,0.000         ,0.635         ,0.008         
17:58:21.640161     ,0.876       ,0.880       ,19.275      ,16.840      ,16.817      ,16.213      ,0.599       ,0.399       ,0.236       ,-0.000      ,0.635       ,880.000     ,0.000       ,0.599       ,16.812      ,0.00046       ,6             ,0.527           ,0.000         ,-0.000              ,0.000               ,23925.564       ,0.00000           ,-0.00000              ,0.000         ,0.000         ,0.640         ,0.004         
17:58:21.661537     ,0.881       ,0.880       ,19.275      ,16.830      ,16.818      ,16.213      ,0.605       ,0.403       ,0.238       ,-0.000      ,0.641       ,880.000     ,0.000       ,0.605       ,16.818      ,0.00046       ,6             ,0.527           ,0.000         ,-0.000              ,0.000               ,23925.564       ,0.00000           ,-0.00000              ,0.000         ,0.000         ,0.641         ,0.003         
17:58:21.661573     ,0.881       ,0.880       ,19.275      ,16.830      ,16.820      ,16.213      ,0.607       ,0.405       ,0.239       ,0.000       ,0.644       ,880.000     ,0.000       ,0.607       ,16.820      ,0.00046       ,6             ,0.527           ,0.000         ,-0.000              ,0.000               ,23925.564       ,0.00000           ,-0.00000              ,0.000         ,0.000         ,0.644         ,0.003         
17:58:21.675594     ,0.881       ,0.880       ,19.275      ,16.830      ,16.823      ,16.213      ,0.607       ,0.405       ,0.239       ,0.000       ,0.644       ,880.000     ,0.000       ,0.607       ,16.820      ,0.00046       ,6             ,0.527           ,0.000         ,-0.000              ,0.000               ,23925.564       ,0.00000           ,-0.00000              ,0.000         ,0.000         ,0.644         ,0.004         
17:58:21.680148     ,0.881       ,0.880       ,19.275      ,16.840      ,16.827      ,16.213      ,0.607       ,0.405       ,0.239       ,0.000       ,0.644       ,880.000     ,0.000       ,0.607       ,16.820      ,0.00046       ,6             ,0.527           ,0.000         ,-0.000              ,0.000               ,23925.564       ,0.00000           ,-0.00000              ,0.000         ,0.000         ,0.644         ,0.004         
17:58:21.694242     ,0.881       ,0.880       ,19.275      ,16.840      ,16.827      ,16.213      ,0.614       ,0.409       ,0.240       ,0.000       ,0.649       ,880.000     ,0.000       ,0.614       ,16.827      ,0.00046       ,6             ,0.527           ,0.000         ,-0.000              ,0.000               ,23925.564       ,0.00000           ,-0.00000              ,0.000         ,0.000         ,0.650         ,0.005         
17:58:21.700154     ,0.881       ,0.880       ,19.275      ,16.850      ,16.830      ,16.213      ,0.614       ,0.409       ,0.241       ,-0.000      ,0.650       ,880.000     ,0.000       ,0.614       ,16.827      ,0.00046       ,6             ,0.527           ,0.000         ,-0.000              ,0.000               ,23925.564       ,0.00000           ,-0.00000              ,0.000         ,0.000         ,0.650         ,0.005         
17:58:21.713952     ,0.881       ,0.880       ,19.275      ,16.840      ,16.830      ,16.213      ,0.617       ,0.411       ,0.242       ,0.000       ,0.653       ,880.000     ,0.000       ,0.617       ,16.830      ,0.00046       ,6             ,0.527           ,0.000         ,-0.000              ,0.000               ,23925.564       ,0.00000           ,-0.00000              ,0.000         ,0.000         ,0.653         ,0.006         
17:58:21.720176     ,0.881       ,0.880       ,19.275      ,16.840      ,16.830      ,16.213      ,0.617       ,0.411       ,0.243       ,-0.000      ,0.654       ,880.000     ,0.000       ,0.617       ,16.830      ,0.00046       ,6             ,0.527           ,0.000         ,-0.000              ,0.000               ,23925.564       ,0.00000           ,-0.00000              ,0.000         ,0.000         ,0.654         ,0.006         
17:58:21.732529     ,0.881       ,0.880       ,19.275      ,16.850      ,16.832      ,16.213      ,0.617       ,0.412       ,0.244       ,0.000       ,0.656       ,880.000     ,0.000       ,0.617       ,16.830      ,0.00046       ,6             ,0.527           ,0.000         ,-0.000              ,0.000               ,23925.564       ,0.00000           ,-0.00000              ,0.000         ,0.000         ,0.658         ,0.005         
17:58:21.740160     ,0.881       ,0.880       ,19.275      ,16.850      ,16.834      ,16.213      ,0.619       ,0.412       ,0.245       ,0.000       ,0.658       ,880.000     ,0.000       ,0.619       ,16.832      ,0.00046       ,6             ,0.527           ,0.000         ,-0.000              ,0.000               ,23925.564       ,0.00000           ,-0.00000              ,0.000         ,0.000         ,0.658         ,0.005         
17:58:21.755773     ,0.883       ,0.880       ,19.258      ,16.850      ,16.835      ,16.213      ,0.622       ,0.415       ,0.247       ,-0.000      ,0.662       ,880.000     ,0.000       ,0.622       ,16.835      ,0.00046       ,6             ,0.527           ,0.000         ,-0.000              ,0.000               ,23925.564       ,0.00000           ,-0.00000              ,0.000         ,0.000         ,0.662         ,0.003         
17:58:21.760152     ,0.883       ,0.880       ,19.258      ,16.850      ,16.838      ,16.213      ,0.622       ,0.415       ,0.247       ,-0.000      ,0.662       ,880.000     ,0.000       ,0.622       ,16.835      ,0.00046       ,6             ,0.527           ,0.000         ,-0.000              ,0.000               ,23925.564       ,0.00000           ,-0.00000              ,0.000         ,0.000         ,0.662         ,0.003         
17:58:21.771946     ,0.883       ,0.880       ,19.258      ,16.840      ,16.839      ,16.213      ,0.625       ,0.417       ,0.248       ,0.000       ,0.665       ,880.000     ,0.000       ,0.625       ,16.838      ,0.00046       ,6             ,0.527           ,0.000         ,-0.000              ,0.000               ,23925.564       ,0.00000           ,-0.00000              ,0.000         ,0.000         ,0.665         ,0.005         
17:58:21.780152     ,0.883       ,0.880       ,19.258      ,16.850      ,16.840      ,16.213      ,0.626       ,0.417       ,0.249       ,-0.000      ,0.667       ,880.000     ,0.000       ,0.626       ,16.839      ,0.00046       ,6             ,0.527           ,0.000         ,-0.000              ,0.000               ,23925.564       ,0.00000           ,-0.00000              ,0.000         ,0.000         ,0.667         ,0.005         
17:58:21.791698     ,0.883       ,0.880       ,19.258      ,16.850      ,16.840      ,16.213      ,0.627       ,0.418       ,0.250       ,-0.000      ,0.668       ,880.000     ,0.000       ,0.627       ,16.840      ,0.00046       ,6             ,0.527           ,0.000         ,-0.000              ,0.000               ,23925.564       ,0.00000           ,-0.00000              ,0.000         ,0.000         ,0.668         ,0.005         
17:58:21.800165     ,0.883       ,0.880       ,19.258      ,16.850      ,16.840      ,16.213      ,0.627       ,0.418       ,0.251       ,-0.000      ,0.669       ,880.000     ,0.000       ,0.627       ,16.840      ,0.00046       ,6             ,0.527           ,0.000         ,-0.000              ,0.000               ,23925.564       ,0.00000           ,-0.00000              ,0.000         ,0.000         ,0.669         ,0.005         
17:58:21.811393     ,0.883       ,0.880       ,19.258      ,16.850      ,16.839      ,16.213      ,0.627       ,0.418       ,0.252       ,-0.000      ,0.670       ,880.000     ,0.000       ,0.627       ,16.840      ,0.00046       ,6             ,0.527           ,0.000         ,-0.000              ,0.000               ,23925.564       ,0.00000           ,-0.00000              ,0.000         ,0.000         ,0.670         ,0.006         
17:58:21.820161     ,0.883       ,0.880       ,19.258      ,16.850      ,16.841      ,16.213      ,0.626       ,0.418       ,0.254       ,-0.000      ,0.671       ,880.000     ,0.000       ,0.626       ,16.839      ,0.00046       ,6             ,0.527           ,0.000         ,-0.000              ,0.000               ,23925.564       ,0.00000           ,-0.00000              ,0.000         ,0.000         ,0.671         ,0.006         
17:58:21.830963     ,0.883       ,0.880       ,19.258      ,16.840      ,16.838      ,16.213      ,0.628       ,0.418       ,0.255       ,0.000       ,0.673       ,880.000     ,0.000       ,0.628       ,16.841      ,0.00046       ,6             ,0.527           ,0.000         ,-0.000              ,0.000               ,23925.564       ,0.00000           ,-0.00000              ,0.000         ,0.000         ,0.673         ,0.003         
17:58:21.840158     ,0.883       ,0.880       ,19.258      ,16.850      ,16.839      ,16.213      ,0.625       ,0.417       ,0.256       ,-0.000      ,0.672       ,880.000     ,0.000       ,0.625       ,16.838      ,0.00046       ,6             ,0.527           ,0.000         ,-0.000              ,0.000               ,23925.564       ,0.00000           ,-0.00000              ,0.000         ,0.000         ,0.672         ,0.003         
17:58:21.855240     ,0.879       ,0.880       ,19.225      ,16.850      ,16.839      ,16.213      ,0.626       ,0.417       ,0.258       ,0.000       ,0.675       ,880.000     ,0.000       ,0.626       ,16.839      ,0.00046       ,6             ,0.527           ,0.000         ,-0.000              ,0.000               ,23925.564       ,0.00000           ,-0.00000              ,0.000         ,0.000         ,0.675         ,0.004         
17:58:21.860152     ,0.879       ,0.880       ,19.225      ,16.850      ,16.839      ,16.213      ,0.626       ,0.417       ,0.258       ,0.000       ,0.675       ,880.000     ,0.000       ,0.626       ,16.839      ,0.00046       ,6             ,0.527           ,0.000         ,-0.000              ,0.000               ,23925.564       ,0.00000           ,-0.00000              ,0.000         ,0.000         ,0.675         ,0.004         
17:58:21.875678     ,0.879       ,0.880       ,19.225      ,16.840      ,16.838      ,16.213      ,0.626       ,0.418       ,0.259       ,-0.000      ,0.676       ,880.000     ,0.000       ,0.626       ,16.839      ,0.00046       ,6             ,0.527           ,0.000         ,-0.000              ,0.000               ,23925.564       ,0.00000           ,-0.00000              ,0.000         ,0.000         ,0.676         ,0.003         
17:58:21.880145     ,0.879       ,0.880       ,19.225      ,16.840      ,16.838      ,16.213      ,0.625       ,0.416       ,0.260       ,-0.000      ,0.676       ,880.000     ,0.000       ,0.625       ,16.838      ,0.00046       ,6             ,0.527           ,0.000         ,-0.000              ,0.000               ,23925.564       ,0.00000           ,-0.00000              ,0.000         ,0.000         ,0.676         ,0.003         
17:58:21.896354     ,0.879       ,0.880       ,19.225      ,16.840      ,16.836      ,16.213      ,0.625       ,0.417       ,0.261       ,0.000       ,0.678       ,880.000     ,0.000       ,0.625       ,16.838      ,0.00046       ,6             ,0.527           ,0.000         ,-0.000              ,0.000               ,23925.564       ,0.00000           ,-0.00000              ,0.000         ,0.000         ,0.677         ,0.003         
17:58:21.900176     ,0.879       ,0.880       ,19.225      ,16.840      ,16.835      ,16.213      ,0.623       ,0.415       ,0.262       ,-0.000      ,0.677       ,880.000     ,0.000       ,0.623       ,16.836      ,0.00046       ,6             ,0.527           ,0.000         ,-0.000              ,0.000               ,23925.564       ,0.00000           ,-0.00000              ,0.000         ,0.000         ,0.677         ,0.003         
17:58:21.917204     ,0.879       ,0.880       ,19.225      ,16.840      ,16.833      ,16.213      ,0.621       ,0.414       ,0.263       ,0.000       ,0.677       ,880.000     ,0.000       ,0.621       ,16.835      ,0.00046       ,6             ,0.527           ,0.000         ,-0.000              ,0.000               ,23925.564       ,0.00000           ,-0.00000              ,0.000         ,0.000         ,0.677         ,0.006         
17:58:21.920172     ,0.879       ,0.880       ,19.225      ,16.840      ,16.833      ,16.213      ,0.620       ,0.413       ,0.264       ,-0.000      ,0.677       ,880.000     ,0.000       ,0.620       ,16.833      ,0.00046       ,6             ,0.527           ,0.000         ,-0.000              ,0.000               ,23925.564       ,0.00000           ,-0.00000              ,0.000         ,0.000         ,0.677         ,0.006         
17:58:21.930154     ,0.879       ,0.880       ,19.225      ,16.840      ,16.832      ,16.213      ,0.620       ,0.413       ,0.265       ,0.000       ,0.678       ,880.000     ,0.000       ,0.620       ,16.833      ,0.00046       ,6             ,0.527           ,0.000         ,-0.000              ,0.000               ,23925.564       ,0.00000           ,-0.00000              ,0.000         ,0.000         ,0.678         ,0.006         
17:58:21.940165     ,0.879       ,0.880       ,19.225      ,16.840      ,16.831      ,16.213      ,0.619       ,0.413       ,0.266       ,-0.000      ,0.679       ,880.000     ,0.000       ,0.619       ,16.832      ,0.00046       ,6             ,0.527           ,0.000         ,-0.000              ,0.000               ,23925.564       ,0.00000           ,-0.00000              ,0.000         ,0.000         ,0.679         ,0.004         
17:58:21.959507     ,0.881       ,0.880       ,19.258      ,16.840      ,16.831      ,16.213      ,0.618       ,0.412       ,0.268       ,0.000       ,0.680       ,880.000     ,0.000       ,0.618       ,16.831      ,0.00046       ,6             ,0.527           ,0.000         ,-0.000              ,0.000               ,23925.564       ,0.00000           ,-0.00000              ,0.000         ,0.000         ,0.680         ,0.005         
17:58:21.960146     ,0.881       ,0.880       ,19.258      ,16.840      ,16.830      ,16.213      ,0.618       ,0.412       ,0.268       ,0.000       ,0.680       ,880.000     ,0.000       ,0.618       ,16.831      ,0.00046       ,6             ,0.527           ,0.000         ,-0.000              ,0.000               ,23925.564       ,0.00000           ,-0.00000              ,0.000         ,0.000         ,0.680         ,0.005         
17:58:21.970167     ,0.881       ,0.880       ,19.258      ,16.850      ,16.832      ,16.213      ,0.617       ,0.412       ,0.269       ,0.000       ,0.681       ,880.000     ,0.000       ,0.617       ,16.830      ,0.00046       ,6             ,0.527           ,0.000         ,-0.000              ,0.000               ,23925.564       ,0.00000           ,-0.00000              ,0.000         ,0.000         ,0.681         ,0.005         
17:58:21.980153     ,0.881       ,0.880       ,19.258      ,16.850      ,16.834      ,16.213      ,0.619       ,0.413       ,0.270       ,0.000       ,0.683       ,880.000     ,0.000       ,0.619       ,16.832      ,0.00046       ,6             ,0.527           ,0.000         ,-0.000              ,0.000               ,23925.564       ,0.00000           ,-0.00000              ,0.000         ,0.000         ,0.683         ,0.008         
17:58:21.990171     ,0.881       ,0.880       ,19.258      ,16.850      ,16.835      ,16.213      ,0.621       ,0.414       ,0.271       ,-0.000      ,0.685       ,880.000     ,0.000       ,0.621       ,16.834      ,0.00046       ,6             ,0.527           ,0.000         ,-0.000              ,0.000               ,23925.564       ,0.00000           ,-0.00000              ,0.000         ,0.000         ,0.685         ,0.008         
17:58:22.000167     ,0.881       ,0.880       ,19.258      ,16.840      ,16.835      ,16.213      ,0.622       ,0.415       ,0.272       ,-0.000      ,0.687       ,880.000     ,0.000       ,0.622       ,16.835      ,0.00046       ,6             ,0.527           ,0.000         ,-0.000              ,0.000               ,23925.564       ,0.00000           ,-0.00000              ,0.000         ,0.000         ,0.687         ,0.006         
17:58:22.015104     ,0.881       ,0.880       ,19.258      ,16.840      ,16.836      ,16.213      ,0.622       ,0.415       ,0.273       ,-0.000      ,0.688       ,880.000     ,0.000       ,0.622       ,16.835      ,0.00046       ,6             ,0.527           ,0.000         ,-0.000              ,0.000               ,23925.564       ,0.00000           ,-0.00000              ,0.000         ,0.000         ,0.688         ,0.006         
17:58:22.020173     ,0.881       ,0.880       ,19.258      ,16.840      ,16.835      ,16.213      ,0.623       ,0.415       ,0.274       ,0.000       ,0.690       ,880.000     ,0.000       ,0.623       ,16.836      ,0.00046       ,6             ,0.527           ,0.000         ,-0.000              ,0.000               ,23925.564       ,0.00000           ,-0.00000              ,0.000         ,0.000         ,0.690         ,0.006         
17:58:22.033644     ,0.881       ,0.880       ,19.258      ,16.830      ,16.833      ,16.213      ,0.622       ,0.415       ,0.275       ,-0.000      ,0.690       ,880.000     ,0.000       ,0.622       ,16.835      ,0.00046       ,6             ,0.527           ,0.000         ,-0.000              ,0.000               ,23925.564       ,0.00000           ,-0.00000              ,0.000         ,0.000         ,0.689         ,0.008         
17:58:22.040166     ,0.881       ,0.880       ,19.258      ,16.840      ,16.832      ,16.213      ,0.620       ,0.413       ,0.276       ,-0.000      ,0.689       ,880.000     ,0.000       ,0.620       ,16.833      ,0.00046       ,6             ,0.527           ,0.000         ,-0.000              ,0.000               ,23925.564       ,0.00000           ,-0.00000              ,0.000         ,0.000         ,0.689         ,0.008         
17:58:22.055770     ,0.883       ,0.880       ,19.291      ,16.840      ,16.832      ,16.213      ,0.619       ,0.413       ,0.278       ,0.000       ,0.691       ,880.000     ,0.000       ,0.619       ,16.832      ,0.00046       ,6             ,0.527           ,0.000         ,-0.000              ,0.000               ,23925.564       ,0.00000           ,-0.00000              ,0.000         ,0.000         ,0.691         ,0.004         
17:58:22.060158     ,0.883       ,0.880       ,19.291      ,16.850      ,16.833      ,16.213      ,0.619       ,0.413       ,0.278       ,0.000       ,0.691       ,880.000     ,0.000       ,0.619       ,16.832      ,0.00046       ,6             ,0.527           ,0.000         ,-0.000              ,0.000               ,23925.564       ,0.00000           ,-0.00000              ,0.000         ,0.000         ,0.691         ,0.004         
17:58:22.072285     ,0.883       ,0.880       ,19.291      ,16.840      ,16.831      ,16.213      ,0.620       ,0.413       ,0.279       ,0.000       ,0.693       ,880.000     ,0.000       ,0.620       ,16.833      ,0.00046       ,6             ,0.527           ,0.000         ,-0.000              ,0.000               ,23925.564       ,0.00000           ,-0.00000              ,0.000         ,0.000         ,0.692         ,0.006         
17:58:22.080164     ,0.883       ,0.880       ,19.291      ,16.850      ,16.833      ,16.213      ,0.618       ,0.412       ,0.280       ,-0.000      ,0.692       ,880.000     ,0.000       ,0.618       ,16.831      ,0.00046       ,6             ,0.527           ,0.000         ,-0.000              ,0.000               ,23925.564       ,0.00000           ,-0.00000              ,0.000         ,0.000         ,0.692         ,0.006         
17:58:22.092418     ,0.883       ,0.880       ,19.291      ,16.840      ,16.832      ,16.213      ,0.620       ,0.413       ,0.282       ,0.000       ,0.695       ,880.000     ,0.000       ,0.620       ,16.833      ,0.00046       ,6             ,0.527           ,0.000         ,-0.000              ,0.000               ,23925.564       ,0.00000           ,-0.00000              ,0.000         ,0.000         ,0.695         ,0.004         
17:58:22.100176     ,0.883       ,0.880       ,19.291      ,16.840      ,16.832      ,16.213      ,0.619       ,0.413       ,0.283       ,-0.000      ,0.695       ,880.000     ,0.000       ,0.619       ,16.832      ,0.00046       ,6             ,0.527           ,0.000         ,-0.000              ,0.000               ,23925.564       ,0.00000           ,-0.00000              ,0.000         ,0.000         ,0.695         ,0.004         
17:58:22.111233     ,0.883       ,0.880       ,19.291      ,16.840      ,16.832      ,16.213      ,0.619       ,0.413       ,0.284       ,0.000       ,0.697       ,880.000     ,0.000       ,0.619       ,16.832      ,0.00046       ,6             ,0.527           ,0.000         ,-0.000              ,0.000               ,23925.564       ,0.00000           ,-0.00000              ,0.000         ,0.000         ,0.697         ,0.006         
17:58:22.120169     ,0.883       ,0.880       ,19.291      ,16.840      ,16.834      ,16.213      ,0.619       ,0.413       ,0.285       ,-0.000      ,0.697       ,880.000     ,0.000       ,0.619       ,16.832      ,0.00046       ,6             ,0.527           ,0.000         ,-0.000              ,0.000               ,23925.564       ,0.00000           ,-0.00000              ,0.000         ,0.000         ,0.697         ,0.006         
17:58:22.130765     ,0.883       ,0.880       ,19.291      ,16.840      ,16.833      ,16.213      ,0.621       ,0.414       ,0.286       ,0.000       ,0.700       ,880.000     ,0.000       ,0.621       ,16.834      ,0.00046       ,6             ,0.527           ,0.000         ,-0.000              ,0.000               ,23925.564       ,0.00000           ,-0.00000              ,0.000         ,0.000         ,0.700         ,0.017         
17:58:22.140171     ,0.883       ,0.880       ,19.291      ,16.840      ,16.834      ,16.213      ,0.620       ,0.413       ,0.287       ,-0.000      ,0.700       ,880.000     ,0.000       ,0.620       ,16.833      ,0.00046       ,6             ,0.527           ,0.000         ,-0.000              ,0.000               ,23925.564       ,0.00000           ,-0.00000              ,0.000         ,0.000         ,0.700         ,0.017         
17:58:22.155111     ,0.878       ,0.880       ,19.242      ,16.850      ,16.835      ,16.213      ,0.622       ,0.414       ,0.289       ,0.000       ,0.703       ,880.000     ,0.000       ,0.622       ,16.835      ,0.00046       ,6             ,0.527           ,0.000         ,-0.000              ,0.000               ,23925.564       ,0.00000           ,-0.00000              ,0.000         ,0.000         ,0.703         ,0.003         
17:58:22.160162     ,0.878       ,0.880       ,19.242      ,16.850      ,16.835      ,16.213      ,0.622       ,0.414       ,0.289       ,0.000       ,0.703       ,880.000     ,0.000       ,0.622       ,16.835      ,0.00046       ,6             ,0.527           ,0.000         ,-0.000              ,0.000               ,23925.564       ,0.00000           ,-0.00000              ,0.000         ,0.000         ,0.703         ,0.003         
17:58:22.173732     ,0.878       ,0.880       ,19.242      ,16.840      ,16.833      ,16.213      ,0.622       ,0.414       ,0.290       ,-0.000      ,0.704       ,880.000     ,0.000       ,0.622       ,16.835      ,0.00046       ,6             ,0.527           ,0.000         ,-0.000              ,0.000               ,23925.564       ,0.00000           ,-0.00000              ,0.000         ,0.000         ,0.704         ,0.013         
17:58:22.180153     ,0.878       ,0.880       ,19.242      ,16.850      ,16.835      ,16.213      ,0.620       ,0.413       ,0.291       ,-0.000      ,0.704       ,880.000     ,0.000       ,0.620       ,16.833      ,0.00046       ,6             ,0.527           ,0.000         ,-0.000              ,0.000               ,23925.564       ,0.00000           ,-0.00000              ,0.000         ,0.000         ,0.704         ,0.013         
17:58:22.194542     ,0.878       ,0.880       ,19.242      ,16.840      ,16.835      ,16.213      ,0.622       ,0.414       ,0.292       ,0.000       ,0.706       ,880.000     ,0.000       ,0.622       ,16.835      ,0.00046       ,6             ,0.527           ,0.000         ,-0.000              ,0.000               ,23925.564       ,0.00000           ,-0.00000              ,0.000         ,0.000         ,0.707         ,0.006         
17:58:22.200169     ,0.878       ,0.880       ,19.242      ,16.840      ,16.834      ,16.213      ,0.622       ,0.415       ,0.293       ,-0.000      ,0.707       ,880.000     ,0.000       ,0.622       ,16.835      ,0.00046       ,6             ,0.527           ,0.000         ,-0.000              ,0.000               ,23925.564       ,0.00000           ,-0.00000              ,0.000         ,0.000         ,0.707         ,0.006         
17:58:22.213050     ,0.878       ,0.880       ,19.242      ,16.840      ,16.834      ,16.213      ,0.621       ,0.414       ,0.294       ,-0.000      ,0.708       ,880.000     ,0.000       ,0.621       ,16.834      ,0.00046       ,6             ,0.527           ,0.000         ,-0.000              ,0.000               ,23925.564       ,0.00000           ,-0.00000              ,0.000         ,0.000         ,0.709         ,0.004         
17:58:22.220178     ,0.878       ,0.880       ,19.242      ,16.840      ,16.835      ,16.213      ,0.621       ,0.414       ,0.295       ,0.000       ,0.709       ,880.000     ,0.000       ,0.621       ,16.834      ,0.00046       ,6             ,0.527           ,0.000         ,-0.000              ,0.000               ,23925.564       ,0.00000           ,-0.00000              ,0.000         ,0.000         ,0.709         ,0.004         
17:58:22.230689     ,0.878       ,0.880       ,19.242      ,16.840      ,16.834      ,16.213      ,0.622       ,0.415       ,0.296       ,0.000       ,0.711       ,880.000     ,0.000       ,0.622       ,16.835      ,0.00046       ,6             ,0.527           ,0.000         ,-0.000              ,0.000               ,23925.564       ,0.00000           ,-0.00000              ,0.000         ,0.000         ,0.711         ,0.005         
17:58:22.240173     ,0.878       ,0.880       ,19.242      ,16.850      ,16.835      ,16.213      ,0.621       ,0.414       ,0.297       ,-0.000      ,0.711       ,880.000     ,0.000       ,0.621       ,16.834      ,0.00046       ,6             ,0.527           ,0.000         ,-0.000              ,0.000               ,23925.564       ,0.00000           ,-0.00000              ,0.000         ,0.000         ,0.711         ,0.005         
17:58:22.253920     ,0.879       ,0.880       ,19.291      ,16.860      ,16.837      ,16.213      ,0.624       ,0.416       ,0.299       ,0.000       ,0.715       ,880.000     ,0.000       ,0.624       ,16.837      ,0.00046       ,6             ,0.527           ,0.000         ,-0.000              ,0.000               ,23925.564       ,0.00000           ,-0.00000              ,0.000         ,0.000         ,0.715         ,0.004         
17:58:22.260162     ,0.879       ,0.880       ,19.291      ,16.850      ,16.837      ,16.213      ,0.624       ,0.416       ,0.299       ,0.000       ,0.715       ,880.000     ,0.000       ,0.624       ,16.837      ,0.00046       ,6             ,0.527           ,0.000         ,-0.000              ,0.000               ,23925.564       ,0.00000           ,-0.00000              ,0.000         ,0.000         ,0.715         ,0.004         
17:58:22.270450     ,0.879       ,0.880       ,19.291      ,16.850      ,16.837      ,16.213      ,0.624       ,0.416       ,0.299       ,0.000       ,0.715       ,880.000     ,0.000       ,0.624       ,16.837      ,0.00046       ,6             ,0.527           ,0.000         ,-0.000              ,0.000               ,23925.564       ,0.00000           ,-0.00000              ,0.000         ,0.000         ,0.716         ,0.006         
17:58:22.280161     ,0.879       ,0.880       ,19.291      ,16.860      ,16.841      ,16.213      ,0.624       ,0.416       ,0.301       ,0.000       ,0.717       ,880.000     ,0.000       ,0.624       ,16.837      ,0.00046       ,6             ,0.527           ,0.000         ,-0.000              ,0.000               ,23925.564       ,0.00000           ,-0.00000              ,0.000         ,0.000         ,0.717         ,0.006         
17:58:22.290163     ,0.879       ,0.880       ,19.291      ,16.850      ,16.842      ,16.213      ,0.628       ,0.419       ,0.302       ,0.000       ,0.721       ,880.000     ,0.000       ,0.628       ,16.841      ,0.00046       ,6             ,0.527           ,0.000         ,-0.000              ,0.000               ,23925.564       ,0.00000           ,-0.00000              ,0.000         ,0.000         ,0.721         ,0.014         
17:58:22.300167     ,0.879       ,0.880       ,19.291      ,16.860      ,16.844      ,16.213      ,0.629       ,0.419       ,0.303       ,-0.000      ,0.722       ,880.000     ,0.000       ,0.629       ,16.842      ,0.00046       ,6             ,0.527           ,0.000         ,-0.000              ,0.000               ,23925.564       ,0.00000           ,-0.00000              ,0.000         ,0.000         ,0.722         ,0.014         
17:58:22.310153     ,0.879       ,0.880       ,19.291      ,16.850      ,16.845      ,16.213      ,0.630       ,0.420       ,0.304       ,0.000       ,0.725       ,880.000     ,0.000       ,0.630       ,16.844      ,0.00046       ,6             ,0.527           ,0.000         ,-0.000              ,0.000               ,23925.564       ,0.00000           ,-0.00000              ,0.000         ,0.000         ,0.725         ,0.005         
17:58:22.320175     ,0.879       ,0.880       ,19.291      ,16.850      ,16.847      ,16.213      ,0.632       ,0.422       ,0.305       ,0.000       ,0.727       ,880.000     ,0.000       ,0.632       ,16.845      ,0.00046       ,6             ,0.527           ,0.000         ,-0.000              ,0.000               ,23925.564       ,0.00000           ,-0.00000              ,0.000         ,0.000         ,0.727         ,0.005         
17:58:22.330153     ,0.879       ,0.880       ,19.291      ,16.850      ,16.845      ,16.213      ,0.633       ,0.422       ,0.306       ,-0.000      ,0.729       ,880.000     ,0.000       ,0.633       ,16.847      ,0.00046       ,6             ,0.527           ,0.000         ,-0.000              ,0.000               ,23925.564       ,0.00000           ,-0.00000              ,0.000         ,0.000         ,0.729         ,0.005         
17:58:22.340168     ,0.879       ,0.880       ,19.291      ,16.860      ,16.847      ,16.213      ,0.632       ,0.421       ,0.307       ,-0.000      ,0.729       ,880.000     ,0.000       ,0.632       ,16.845      ,0.00046       ,6             ,0.527           ,0.000         ,-0.000              ,0.000               ,23925.564       ,0.00000           ,-0.00000              ,0.000         ,0.000         ,0.729         ,0.005         
17:58:22.353625     ,0.881       ,0.880       ,19.258      ,16.850      ,16.844      ,16.213      ,0.631       ,0.421       ,0.310       ,-0.000      ,0.730       ,880.000     ,0.000       ,0.631       ,16.844      ,0.00046       ,6             ,0.527           ,0.000         ,-0.000              ,0.000               ,23925.564       ,0.00000           ,-0.00000              ,0.000         ,0.000         ,0.730         ,0.006         
17:58:22.367211     ,0.881       ,0.880       ,19.258      ,16.850      ,16.843      ,16.213      ,0.631       ,0.421       ,0.310       ,-0.000      ,0.730       ,880.000     ,0.000       ,0.631       ,16.844      ,0.00046       ,6             ,0.527           ,0.000         ,-0.000              ,0.000               ,23925.564       ,0.00000           ,-0.00000              ,0.000         ,0.000         ,0.730         ,0.015         
17:58:22.370176     ,0.881       ,0.880       ,19.258      ,16.850      ,16.843      ,16.213      ,0.630       ,0.420       ,0.311       ,0.000       ,0.731       ,880.000     ,0.000       ,0.630       ,16.843      ,0.00046       ,6             ,0.527           ,0.000         ,-0.000              ,0.000               ,23925.564       ,0.00000           ,-0.00000              ,0.000         ,0.000         ,0.731         ,0.015         
17:58:22.387136     ,0.881       ,0.880       ,19.258      ,16.850      ,16.843      ,16.213      ,0.630       ,0.420       ,0.312       ,0.000       ,0.732       ,880.000     ,0.000       ,0.630       ,16.843      ,0.00046       ,6             ,0.527           ,0.000         ,-0.000              ,0.000               ,23925.564       ,0.00000           ,-0.00000              ,0.000         ,0.000         ,0.732         ,0.005         
17:58:22.390158     ,0.881       ,0.880       ,19.258      ,16.850      ,16.841      ,16.213      ,0.630       ,0.420       ,0.313       ,0.000       ,0.732       ,880.000     ,0.000       ,0.630       ,16.843      ,0.00046       ,6             ,0.527           ,0.000         ,-0.000              ,0.000               ,23925.564       ,0.00000           ,-0.00000              ,0.000         ,0.000         ,0.732         ,0.005         
17:58:22.400166     ,0.881       ,0.880       ,19.258      ,16.850      ,16.842      ,16.213      ,0.628       ,0.419       ,0.314       ,-0.000      ,0.732       ,880.000     ,0.000       ,0.628       ,16.841      ,0.00046       ,6             ,0.527           ,0.000         ,-0.000              ,0.000               ,23925.564       ,0.00000           ,-0.00000              ,0.000         ,0.000         ,0.732         ,0.005         
17:58:22.410166     ,0.881       ,0.880       ,19.258      ,16.850      ,16.842      ,16.213      ,0.628       ,0.419       ,0.315       ,0.000       ,0.734       ,880.000     ,0.000       ,0.628       ,16.842      ,0.00046       ,6             ,0.527           ,0.000         ,-0.000              ,0.000               ,23925.564       ,0.00000           ,-0.00000              ,0.000         ,0.000         ,0.734         ,0.003         
17:58:22.420179     ,0.881       ,0.880       ,19.258      ,16.850      ,16.842      ,16.213      ,0.629       ,0.419       ,0.316       ,-0.000      ,0.735       ,880.000     ,0.000       ,0.629       ,16.842      ,0.00046       ,6             ,0.527           ,0.000         ,-0.000              ,0.000               ,23925.564       ,0.00000           ,-0.00000              ,0.000         ,0.000         ,0.735         ,0.003         
17:58:22.430152     ,0.881       ,0.880       ,19.258      ,16.860      ,16.843      ,16.213      ,0.629       ,0.419       ,0.317       ,-0.000      ,0.736       ,880.000     ,0.000       ,0.629       ,16.842      ,0.00046       ,6             ,0.527           ,0.000         ,-0.000              ,0.000               ,23925.564       ,0.00000           ,-0.00000              ,0.000         ,0.000         ,0.736         ,0.006         
17:58:22.440167     ,0.881       ,0.880       ,19.258      ,16.850      ,16.842      ,16.213      ,0.630       ,0.420       ,0.318       ,0.000       ,0.738       ,880.000     ,0.000       ,0.630       ,16.843      ,0.00046       ,6             ,0.527           ,0.000         ,-0.000              ,0.000               ,23925.564       ,0.00000           ,-0.00000              ,0.000         ,0.000         ,0.738         ,0.006         
17:58:22.453809     ,0.879       ,0.880       ,19.209      ,16.850      ,16.842      ,16.213      ,0.629       ,0.419       ,0.320       ,0.000       ,0.740       ,880.000     ,0.000       ,0.629       ,16.842      ,0.00046       ,6             ,0.527           ,0.000         ,-0.000              ,0.000               ,23925.564       ,0.00000           ,-0.00000              ,0.000         ,0.000         ,0.740         ,0.008         
17:58:22.460152     ,0.879       ,0.880       ,19.209      ,16.850      ,16.842      ,16.213      ,0.629       ,0.419       ,0.320       ,0.000       ,0.740       ,880.000     ,0.000       ,0.629       ,16.842      ,0.00046       ,6             ,0.527           ,0.000         ,-0.000              ,0.000               ,23925.564       ,0.00000           ,-0.00000              ,0.000         ,0.000         ,0.740         ,0.008         
17:58:22.470168     ,0.879       ,0.880       ,19.209      ,16.850      ,16.843      ,16.213      ,0.629       ,0.420       ,0.321       ,0.000       ,0.741       ,880.000     ,0.000       ,0.629       ,16.842      ,0.00046       ,6             ,0.527           ,0.000         ,-0.000              ,0.000               ,23925.564       ,0.00000           ,-0.00000              ,0.000         ,0.000         ,0.741         ,0.014         
17:58:22.480166     ,0.879       ,0.880       ,19.209      ,16.850      ,16.842      ,16.213      ,0.630       ,0.420       ,0.322       ,0.000       ,0.742       ,880.000     ,0.000       ,0.630       ,16.843      ,0.00046       ,6             ,0.527           ,0.000         ,-0.000              ,0.000               ,23925.564       ,0.00000           ,-0.00000              ,0.000         ,0.000         ,0.742         ,0.014         
17:58:22.490166     ,0.879       ,0.880       ,19.209      ,16.840      ,16.841      ,16.213      ,0.628       ,0.419       ,0.323       ,-0.000      ,0.742       ,880.000     ,0.000       ,0.628       ,16.842      ,0.00046       ,6             ,0.527           ,0.000         ,-0.000              ,0.000               ,23925.564       ,0.00000           ,-0.00000              ,0.000         ,0.000         ,0.742         ,0.005         
17:58:22.500175     ,0.879       ,0.880       ,19.209      ,16.850      ,16.841      ,16.213      ,0.627       ,0.418       ,0.324       ,0.000       ,0.743       ,880.000     ,0.000       ,0.627       ,16.841      ,0.00046       ,6             ,0.527           ,0.000         ,-0.000              ,0.000               ,23925.564       ,0.00000           ,-0.00000              ,0.000         ,0.000         ,0.743         ,0.005         
17:58:22.510714     ,0.879       ,0.880       ,19.209      ,16.850      ,16.841      ,16.213      ,0.627       ,0.418       ,0.324       ,0.000       ,0.743       ,880.000     ,0.000       ,0.627       ,16.841      ,0.00046       ,6             ,0.527           ,0.000         ,-0.000              ,0.000               ,23925.564       ,0.00000           ,-0.00000              ,0.000         ,0.000         ,0.744         ,0.005         
17:58:22.520185     ,0.879       ,0.880       ,19.209      ,16.850      ,16.840      ,16.213      ,0.627       ,0.418       ,0.326       ,-0.000      ,0.745       ,880.000     ,0.000       ,0.627       ,16.841      ,0.00046       ,6             ,0.527           ,0.000         ,-0.000              ,0.000               ,23925.564       ,0.00000           ,-0.00000              ,0.000         ,0.000         ,0.745         ,0.005         
17:58:22.530160     ,0.879       ,0.880       ,19.209      ,16.840      ,16.837      ,16.213      ,0.627       ,0.418       ,0.327       ,-0.000      ,0.745       ,880.000     ,0.000       ,0.627       ,16.840      ,0.00046       ,6             ,0.527           ,0.000         ,-0.000              ,0.000               ,23925.564       ,0.00000           ,-0.00000              ,0.000         ,0.000         ,0.745         ,0.003         
17:58:22.540175     ,0.879       ,0.880       ,19.209      ,16.840      ,16.837      ,16.213      ,0.624       ,0.416       ,0.328       ,-0.000      ,0.744       ,880.000     ,0.000       ,0.624       ,16.837      ,0.00046       ,6             ,0.527           ,0.000         ,-0.000              ,0.000               ,23925.564       ,0.00000           ,-0.00000              ,0.000         ,0.000         ,0.744         ,0.003         
17:58:22.553656     ,0.881       ,0.880       ,19.291      ,16.840      ,16.835      ,16.213      ,0.622       ,0.415       ,0.331       ,-0.000      ,0.745       ,880.000     ,0.000       ,0.622       ,16.835      ,0.00046       ,6             ,0.527           ,0.000         ,-0.000              ,0.000               ,23925.564       ,0.00000           ,-0.00000              ,0.000         ,0.000         ,0.745         ,0.006         
17:58:22.560167     ,0.881       ,0.880       ,19.291      ,16.840      ,16.834      ,16.213      ,0.622       ,0.415       ,0.331       ,-0.000      ,0.745       ,880.000     ,0.000       ,0.622       ,16.835      ,0.00046       ,6             ,0.527           ,0.000         ,-0.000              ,0.000               ,23925.564       ,0.00000           ,-0.00000              ,0.000         ,0.000         ,0.745         ,0.006         
17:58:22.570194     ,0.881       ,0.880       ,19.291      ,16.830      ,16.831      ,16.213      ,0.621       ,0.414       ,0.332       ,0.000       ,0.746       ,880.000     ,0.000       ,0.621       ,16.834      ,0.00046       ,6             ,0.527           ,0.000         ,-0.000              ,0.000               ,23925.564       ,0.00000           ,-0.00000              ,0.000         ,0.000         ,0.746         ,0.015         
17:58:22.587204     ,0.881       ,0.880       ,19.291      ,16.840      ,16.832      ,16.213      ,0.618       ,0.412       ,0.333       ,-0.000      ,0.745       ,880.000     ,0.000       ,0.618       ,16.831      ,0.00046       ,6             ,0.527           ,0.000         ,-0.000              ,0.000               ,23925.564       ,0.00000           ,-0.00000              ,0.000         ,0.000         ,0.746         ,0.015         
17:58:22.590174     ,0.881       ,0.880       ,19.291      ,16.840      ,16.831      ,16.213      ,0.619       ,0.412       ,0.334       ,0.000       ,0.746       ,880.000     ,0.000       ,0.619       ,16.832      ,0.00046       ,6             ,0.527           ,0.000         ,-0.000              ,0.000               ,23925.564       ,0.00000           ,-0.00000              ,0.000         ,0.000         ,0.746         ,0.015         
17:58:22.608243     ,0.881       ,0.880       ,19.291      ,16.840      ,16.830      ,16.213      ,0.618       ,0.412       ,0.335       ,-0.000      ,0.747       ,880.000     ,0.000       ,0.618       ,16.831      ,0.00046       ,6             ,0.527           ,0.000         ,-0.000              ,0.000               ,23925.564       ,0.00000           ,-0.00000              ,0.000         ,0.000         ,0.747         ,0.003         
17:58:22.610154     ,0.881       ,0.880       ,19.291      ,16.830      ,16.827      ,16.213      ,0.617       ,0.411       ,0.336       ,-0.000      ,0.747       ,880.000     ,0.000       ,0.617       ,16.830      ,0.00046       ,6             ,0.527           ,0.000         ,-0.000              ,0.000               ,23925.564       ,0.00000           ,-0.00000              ,0.000         ,0.000         ,0.747         ,0.003         
17:58:22.620170     ,0.881       ,0.880       ,19.291      ,16.840      ,16.829      ,16.213      ,0.614       ,0.409       ,0.337       ,-0.000      ,0.746       ,880.000     ,0.000       ,0.614       ,16.827      ,0.00046       ,6             ,0.527           ,0.000         ,-0.000              ,0.000               ,23925.564       ,0.00000           ,-0.00000              ,0.000         ,0.000         ,0.746         ,0.003         
17:58:22.630163     ,0.881       ,0.880       ,19.291      ,16.830      ,16.826      ,16.213      ,0.616       ,0.410       ,0.338       ,0.000       ,0.748       ,880.000     ,0.000       ,0.616       ,16.829      ,0.00046       ,6             ,0.527           ,0.000         ,-0.000              ,0.000               ,23925.564       ,0.00000           ,-0.00000              ,0.000         ,0.000         ,0.748         ,0.003         
17:58:22.640170     ,0.881       ,0.880       ,19.291      ,16.840      ,16.827      ,16.213      ,0.613       ,0.409       ,0.339       ,-0.000      ,0.747       ,880.000     ,0.000       ,0.613       ,16.826      ,0.00046       ,6             ,0.527           ,0.000         ,-0.000              ,0.000               ,23925.564       ,0.00000           ,-0.00000              ,0.000         ,0.000         ,0.747         ,0.003         
17:58:22.653658     ,0.878       ,0.880       ,19.291      ,16.840      ,16.827      ,16.213      ,0.614       ,0.409       ,0.341       ,-0.000      ,0.750       ,880.000     ,0.000       ,0.614       ,16.827      ,0.00046       ,6             ,0.527           ,0.000         ,-0.000              ,0.000               ,23925.564       ,0.00000           ,-0.00000              ,0.000         ,0.000         ,0.750         ,0.008         
17:58:22.660152     ,0.878       ,0.880       ,19.291      ,16.830      ,16.828      ,16.213      ,0.614       ,0.409       ,0.341       ,-0.000      ,0.750       ,880.000     ,0.000       ,0.614       ,16.827      ,0.00046       ,6             ,0.527           ,0.000         ,-0.000              ,0.000               ,23925.564       ,0.00000           ,-0.00000              ,0.000         ,0.000         ,0.750         ,0.008         
17:58:22.670160     ,0.878       ,0.880       ,19.291      ,16.830      ,16.826      ,16.213      ,0.614       ,0.410       ,0.342       ,-0.000      ,0.751       ,880.000     ,0.000       ,0.614       ,16.828      ,0.00046       ,6             ,0.527           ,0.000         ,-0.000              ,0.000               ,23925.564       ,0.00000           ,-0.00000              ,0.000         ,0.000         ,0.751         ,0.004         
17:58:22.687585     ,0.878       ,0.880       ,19.291      ,16.810      ,16.823      ,16.213      ,0.613       ,0.408       ,0.343       ,-0.000      ,0.751       ,880.000     ,0.000       ,0.613       ,16.826      ,0.00046       ,6             ,0.527           ,0.000         ,-0.000              ,0.000               ,23925.564       ,0.00000           ,-0.00000              ,0.000         ,0.000         ,0.751         ,0.008         
17:58:22.690156     ,0.878       ,0.880       ,19.291      ,16.810      ,16.818      ,16.213      ,0.610       ,0.406       ,0.344       ,-0.000      ,0.750       ,880.000     ,0.000       ,0.610       ,16.823      ,0.00046       ,6             ,0.527           ,0.000         ,-0.000              ,0.000               ,23925.564       ,0.00000           ,-0.00000              ,0.000         ,0.000         ,0.750         ,0.008         
17:58:22.700164     ,0.878       ,0.880       ,19.291      ,16.810      ,16.814      ,16.213      ,0.605       ,0.403       ,0.345       ,-0.000      ,0.748       ,880.000     ,0.000       ,0.605       ,16.818      ,0.00046       ,6             ,0.527           ,0.000         ,-0.000              ,0.000               ,23925.564       ,0.00000           ,-0.00000              ,0.000         ,0.000         ,0.748         ,0.008         
17:58:22.710150     ,0.878       ,0.880       ,19.291      ,16.810      ,16.811      ,16.213      ,0.601       ,0.401       ,0.346       ,0.000       ,0.747       ,880.000     ,0.000       ,0.601       ,16.814      ,0.00046       ,6             ,0.527           ,0.000         ,-0.000              ,0.000               ,23925.564       ,0.00000           ,-0.00000              ,0.000         ,0.000         ,0.747         ,0.006         
17:58:22.725975     ,0.878       ,0.880       ,19.291      ,16.810      ,16.807      ,16.213      ,0.598       ,0.399       ,0.347       ,0.000       ,0.746       ,880.000     ,0.000       ,0.598       ,16.811      ,0.00046       ,6             ,0.527           ,0.000         ,-0.000              ,0.000               ,23925.564       ,0.00000           ,-0.00000              ,0.000         ,0.000         ,0.746         ,0.005         
17:58:22.730145     ,0.878       ,0.880       ,19.291      ,16.830      ,16.808      ,16.213      ,0.594       ,0.396       ,0.348       ,-0.000      ,0.743       ,880.000     ,0.000       ,0.594       ,16.807      ,0.00046       ,6             ,0.527           ,0.000         ,-0.000              ,0.000               ,23925.564       ,0.00000           ,-0.00000              ,0.000         ,0.000         ,0.743         ,0.005         
17:58:22.740161     ,0.878       ,0.880       ,19.291      ,16.830      ,16.808      ,16.213      ,0.595       ,0.397       ,0.349       ,0.000       ,0.746       ,880.000     ,0.000       ,0.595       ,16.808      ,0.00046       ,6             ,0.527           ,0.000         ,-0.000              ,0.000               ,23925.564       ,0.00000           ,-0.00000              ,0.000         ,0.000         ,0.746         ,0.005         
17:58:22.753645     ,0.881       ,0.880       ,19.242      ,16.830      ,16.809      ,16.213      ,0.595       ,0.397       ,0.351       ,0.000       ,0.748       ,880.000     ,0.000       ,0.595       ,16.809      ,0.00046       ,6             ,0.527           ,0.000         ,-0.000              ,0.000               ,23925.564       ,0.00000           ,-0.00000              ,0.000         ,0.000         ,0.748         ,0.009         
17:58:22.766505     ,0.881       ,0.880       ,19.242      ,16.810      ,16.807      ,16.213      ,0.595       ,0.397       ,0.351       ,0.000       ,0.748       ,880.000     ,0.000       ,0.595       ,16.809      ,0.00046       ,6             ,0.527           ,0.000         ,-0.000              ,0.000               ,23925.564       ,0.00000           ,-0.00000              ,0.000         ,0.000         ,0.748         ,0.004         
17:58:22.770157     ,0.881       ,0.880       ,19.242      ,16.810      ,16.808      ,16.213      ,0.594       ,0.396       ,0.352       ,-0.000      ,0.748       ,880.000     ,0.000       ,0.594       ,16.807      ,0.00046       ,6             ,0.527           ,0.000         ,-0.000              ,0.000               ,23925.564       ,0.00000           ,-0.00000              ,0.000         ,0.000         ,0.748         ,0.004         
17:58:22.780281     ,0.881       ,0.880       ,19.242      ,16.830      ,16.811      ,16.213      ,0.595       ,0.397       ,0.353       ,0.000       ,0.750       ,880.000     ,0.000       ,0.595       ,16.808      ,0.00046       ,6             ,0.527           ,0.000         ,-0.000              ,0.000               ,23925.564       ,0.00000           ,-0.00000              ,0.000         ,0.000         ,0.750         ,0.004         
17:58:22.790161     ,0.881       ,0.880       ,19.242      ,16.810      ,16.810      ,16.213      ,0.598       ,0.399       ,0.354       ,0.000       ,0.753       ,880.000     ,0.000       ,0.598       ,16.811      ,0.00046       ,6             ,0.527           ,0.000         ,-0.000              ,0.000               ,23925.564       ,0.00000           ,-0.00000              ,0.000         ,0.000         ,0.753         ,0.013         
17:58:22.800160     ,0.881       ,0.880       ,19.242      ,16.830      ,16.813      ,16.213      ,0.597       ,0.398       ,0.355       ,-0.000      ,0.753       ,880.000     ,0.000       ,0.597       ,16.810      ,0.00046       ,6             ,0.527           ,0.000         ,-0.000              ,0.000               ,23925.564       ,0.00000           ,-0.00000              ,0.000         ,0.000         ,0.753         ,0.013         
17:58:22.810148     ,0.881       ,0.880       ,19.242      ,16.830      ,16.816      ,16.213      ,0.600       ,0.400       ,0.356       ,0.000       ,0.756       ,880.000     ,0.000       ,0.600       ,16.813      ,0.00046       ,6             ,0.527           ,0.000         ,-0.000              ,0.000               ,23925.564       ,0.00000           ,-0.00000              ,0.000         ,0.000         ,0.756         ,0.004         
17:58:22.827674     ,0.881       ,0.880       ,19.242      ,16.840      ,16.819      ,16.213      ,0.603       ,0.402       ,0.357       ,0.000       ,0.759       ,880.000     ,0.000       ,0.603       ,16.816      ,0.00046       ,6             ,0.527           ,0.000         ,-0.000              ,0.000               ,23925.564       ,0.00000           ,-0.00000              ,0.000         ,0.000         ,0.762         ,0.006         
17:58:22.830160     ,0.881       ,0.880       ,19.242      ,16.840      ,16.818      ,16.213      ,0.606       ,0.404       ,0.358       ,-0.000      ,0.762       ,880.000     ,0.000       ,0.606       ,16.819      ,0.00046       ,6             ,0.527           ,0.000         ,-0.000              ,0.000               ,23925.564       ,0.00000           ,-0.00000              ,0.000         ,0.000         ,0.762         ,0.006         
17:58:22.846482     ,0.881       ,0.880       ,19.242      ,16.840      ,16.822      ,16.213      ,0.605       ,0.403       ,0.359       ,-0.000      ,0.762       ,880.000     ,0.000       ,0.605       ,16.818      ,0.00046       ,6             ,0.527           ,0.000         ,-0.000              ,0.000               ,23925.564       ,0.00000           ,-0.00000              ,0.000         ,0.000         ,0.766         ,0.004         
17:58:22.853653     ,0.881       ,0.880       ,19.242      ,16.830      ,16.821      ,16.213      ,0.608       ,0.405       ,0.361       ,-0.000      ,0.766       ,880.000     ,0.000       ,0.608       ,16.821      ,0.00046       ,6             ,0.527           ,0.000         ,-0.000              ,0.000               ,23925.564       ,0.00000           ,-0.00000              ,0.000         ,0.000         ,0.766         ,0.004         
17:58:22.867473     ,0.881       ,0.880       ,19.242      ,16.810      ,16.820      ,16.213      ,0.608       ,0.405       ,0.361       ,-0.000      ,0.766       ,880.000     ,0.000       ,0.608       ,16.821      ,0.00046       ,6             ,0.527           ,0.000         ,-0.000              ,0.000               ,23925.564       ,0.00000           ,-0.00000              ,0.000         ,0.000         ,0.766         ,0.004         
17:58:22.870158     ,0.881       ,0.880       ,19.242      ,16.830      ,16.822      ,16.213      ,0.607       ,0.404       ,0.362       ,-0.000      ,0.766       ,880.000     ,0.000       ,0.607       ,16.820      ,0.00046       ,6             ,0.527           ,0.000         ,-0.000              ,0.000               ,23925.564       ,0.00000           ,-0.00000              ,0.000         ,0.000         ,0.766         ,0.004         
17:58:22.886184     ,0.881       ,0.880       ,19.242      ,16.830      ,16.823      ,16.213      ,0.609       ,0.406       ,0.363       ,0.000       ,0.769       ,880.000     ,0.000       ,0.609       ,16.822      ,0.00046       ,6             ,0.527           ,0.000         ,-0.000              ,0.000               ,23925.564       ,0.00000           ,-0.00000              ,0.000         ,0.000         ,0.769         ,0.006         
17:58:22.890163     ,0.881       ,0.880       ,19.242      ,16.830      ,16.822      ,16.213      ,0.610       ,0.407       ,0.364       ,-0.000      ,0.770       ,880.000     ,0.000       ,0.610       ,16.823      ,0.00046       ,6             ,0.527           ,0.000         ,-0.000              ,0.000               ,23925.564       ,0.00000           ,-0.00000              ,0.000         ,0.000         ,0.770         ,0.006         
17:58:22.900169     ,0.881       ,0.880       ,19.242      ,16.840      ,16.823      ,16.213      ,0.609       ,0.406       ,0.365       ,-0.000      ,0.771       ,880.000     ,0.000       ,0.609       ,16.822      ,0.00046       ,6             ,0.527           ,0.000         ,-0.000              ,0.000               ,23925.564       ,0.00000           ,-0.00000              ,0.000         ,0.000         ,0.771         ,0.006         
17:58:22.910155     ,0.881       ,0.880       ,19.242      ,16.830      ,16.824      ,16.213      ,0.610       ,0.407       ,0.366       ,0.000       ,0.773       ,880.000     ,0.000       ,0.610       ,16.823      ,0.00046       ,6             ,0.527           ,0.000         ,-0.000              ,0.000               ,23925.564       ,0.00000           ,-0.00000              ,0.000         ,0.000         ,0.773         ,0.017         
17:58:22.920162     ,0.881       ,0.880       ,19.242      ,16.840      ,16.823      ,16.213      ,0.611       ,0.407       ,0.367       ,-0.000      ,0.774       ,880.000     ,0.000       ,0.611       ,16.824      ,0.00046       ,6             ,0.527           ,0.000         ,-0.000              ,0.000               ,23925.564       ,0.00000           ,-0.00000              ,0.000         ,0.000         ,0.774         ,0.017         
17:58:22.930150     ,0.881       ,0.880       ,19.242      ,16.840      ,16.823      ,16.213      ,0.609       ,0.406       ,0.368       ,-0.000      ,0.774       ,880.000     ,0.000       ,0.609       ,16.823      ,0.00046       ,6             ,0.527           ,0.000         ,-0.000              ,0.000               ,23925.564       ,0.00000           ,-0.00000              ,0.000         ,0.000         ,0.774         ,0.006         
17:58:22.946642     ,0.881       ,0.880       ,19.242      ,16.830      ,16.823      ,16.213      ,0.609       ,0.406       ,0.369       ,0.000       ,0.775       ,880.000     ,0.000       ,0.609       ,16.823      ,0.00046       ,6             ,0.527           ,0.000         ,-0.000              ,0.000               ,23925.564       ,0.00000           ,-0.00000              ,0.000         ,0.000         ,0.775         ,0.004         
17:58:22.953677     ,0.881       ,0.880       ,19.258      ,16.830      ,16.823      ,16.213      ,0.610       ,0.406       ,0.371       ,0.000       ,0.777       ,880.000     ,0.000       ,0.610       ,16.823      ,0.00046       ,6             ,0.527           ,0.000         ,-0.000              ,0.000               ,23925.564       ,0.00000           ,-0.00000              ,0.000         ,0.000         ,0.777         ,0.004         
17:58:22.965246     ,0.881       ,0.880       ,19.258      ,16.840      ,16.827      ,16.213      ,0.610       ,0.406       ,0.371       ,0.000       ,0.777       ,880.000     ,0.000       ,0.610       ,16.823      ,0.00046       ,6             ,0.527           ,0.000         ,-0.000              ,0.000               ,23925.564       ,0.00000           ,-0.00000              ,0.000         ,0.000         ,0.777         ,0.003         
17:58:22.970166     ,0.881       ,0.880       ,19.258      ,16.810      ,16.823      ,16.213      ,0.614       ,0.409       ,0.372       ,0.000       ,0.782       ,880.000     ,0.000       ,0.614       ,16.827      ,0.00046       ,6             ,0.527           ,0.000         ,-0.000              ,0.000               ,23925.564       ,0.00000           ,-0.00000              ,0.000         ,0.000         ,0.782         ,0.003         
17:58:22.983812     ,0.881       ,0.880       ,19.258      ,16.830      ,16.823      ,16.213      ,0.610       ,0.407       ,0.373       ,-0.001      ,0.779       ,880.000     ,0.000       ,0.610       ,16.823      ,0.00046       ,6             ,0.527           ,0.000         ,-0.000              ,0.000               ,23925.564       ,0.00000           ,-0.00000              ,0.000         ,0.000         ,0.781         ,0.008         
17:58:22.990166     ,0.881       ,0.880       ,19.258      ,16.830      ,16.823      ,16.213      ,0.610       ,0.407       ,0.374       ,0.000       ,0.781       ,880.000     ,0.000       ,0.610       ,16.823      ,0.00046       ,6             ,0.527           ,0.000         ,-0.000              ,0.000               ,23925.564       ,0.00000           ,-0.00000              ,0.000         ,0.000         ,0.781         ,0.008         
17:58:23.003895     ,0.881       ,0.880       ,19.258      ,16.830      ,16.822      ,16.213      ,0.609       ,0.406       ,0.376       ,-0.000      ,0.782       ,880.000     ,0.000       ,0.609       ,16.822      ,0.00046       ,6             ,0.527           ,0.000         ,-0.000              ,0.000               ,23925.564       ,0.00000           ,-0.00000              ,0.000         ,0.000         ,0.782         ,0.015         
17:58:23.010168     ,0.881       ,0.880       ,19.258      ,16.830      ,16.818      ,16.213      ,0.609       ,0.406       ,0.376       ,-0.000      ,0.782       ,880.000     ,0.000       ,0.609       ,16.822      ,0.00046       ,6             ,0.527           ,0.000         ,-0.000              ,0.000               ,23925.564       ,0.00000           ,-0.00000              ,0.000         ,0.000         ,0.782         ,0.015         
17:58:23.021806     ,0.881       ,0.880       ,19.258      ,16.840      ,16.822      ,16.213      ,0.605       ,0.403       ,0.377       ,-0.000      ,0.780       ,880.000     ,0.000       ,0.605       ,16.818      ,0.00046       ,6             ,0.527           ,0.000         ,-0.000              ,0.000               ,23925.564       ,0.00000           ,-0.00000              ,0.000         ,0.000         ,0.780         ,0.003         
17:58:23.030185     ,0.881       ,0.880       ,19.258      ,16.830      ,16.820      ,16.213      ,0.609       ,0.406       ,0.378       ,0.001       ,0.784       ,880.000     ,0.000       ,0.609       ,16.822      ,0.00046       ,6             ,0.527           ,0.000         ,-0.000              ,0.000               ,23925.564       ,0.00000           ,-0.00000              ,0.000         ,0.000         ,0.784         ,0.003         
17:58:23.043707     ,0.881       ,0.880       ,19.258      ,16.830      ,16.820      ,16.213      ,0.607       ,0.405       ,0.379       ,-0.000      ,0.783       ,880.000     ,0.000       ,0.607       ,16.820      ,0.00046       ,6             ,0.527           ,0.000         ,-0.000              ,0.000               ,23925.564       ,0.00000           ,-0.00000              ,0.000         ,0.000         ,0.785         ,0.006         
17:58:23.053721     ,0.876       ,0.880       ,19.275      ,16.810      ,16.818      ,16.213      ,0.604       ,0.403       ,0.381       ,-0.000      ,0.784       ,880.000     ,0.000       ,0.604       ,16.818      ,0.00046       ,6             ,0.527           ,0.000         ,-0.000              ,0.000               ,23925.564       ,0.00000           ,-0.00000              ,0.000         ,0.000         ,0.784         ,0.006         
17:58:23.063644     ,0.876       ,0.880       ,19.275      ,16.810      ,16.817      ,16.213      ,0.604       ,0.403       ,0.381       ,-0.000      ,0.784       ,880.000     ,0.000       ,0.604       ,16.818      ,0.00046       ,6             ,0.527           ,0.000         ,-0.000              ,0.000               ,23925.564       ,0.00000           ,-0.00000              ,0.000         ,0.000         ,0.784         ,0.001         
17:58:23.070197     ,0.876       ,0.880       ,19.275      ,16.810      ,16.814      ,16.213      ,0.604       ,0.402       ,0.382       ,0.000       ,0.785       ,880.000     ,0.000       ,0.604       ,16.817      ,0.00046       ,6             ,0.527           ,0.000         ,-0.000              ,0.000               ,23925.564       ,0.00000           ,-0.00000              ,0.000         ,0.000         ,0.785         ,0.001         
17:58:23.083483     ,0.876       ,0.880       ,19.275      ,16.810      ,16.812      ,16.213      ,0.601       ,0.400       ,0.383       ,-0.000      ,0.783       ,880.000     ,0.000       ,0.601       ,16.814      ,0.00046       ,6             ,0.527           ,0.000         ,-0.000              ,0.000               ,23925.564       ,0.00000           ,-0.00000              ,0.000         ,0.000         ,0.783         ,0.006         
17:58:23.090164     ,0.876       ,0.880       ,19.275      ,16.800      ,16.806      ,16.213      ,0.599       ,0.399       ,0.384       ,0.000       ,0.783       ,880.000     ,0.000       ,0.599       ,16.812      ,0.00046       ,6             ,0.527           ,0.000         ,-0.000              ,0.000               ,23925.564       ,0.00000           ,-0.00000              ,0.000         ,0.000         ,0.783         ,0.006         
17:58:23.102272     ,0.876       ,0.880       ,19.275      ,16.800      ,16.803      ,16.213      ,0.593       ,0.395       ,0.385       ,-0.000      ,0.780       ,880.000     ,0.000       ,0.593       ,16.806      ,0.00046       ,6             ,0.527           ,0.000         ,-0.000              ,0.000               ,23925.564       ,0.00000           ,-0.00000              ,0.000         ,0.000         ,0.780         ,0.008         
17:58:23.110156     ,0.876       ,0.880       ,19.275      ,16.810      ,16.800      ,16.213      ,0.590       ,0.393       ,0.386       ,0.000       ,0.780       ,880.000     ,0.000       ,0.590       ,16.803      ,0.00046       ,6             ,0.527           ,0.000         ,-0.000              ,0.000               ,23925.564       ,0.00000           ,-0.00000              ,0.000         ,0.000         ,0.780         ,0.008         
