Time                ,Current(A)  ,TargetCurrent(A),Voltage(V)  ,PressureRaw(kg),PressureFiltered(kg),F0(kg)      ,DeltaF      ,PI_P(Nm)    ,PI_I(Nm)    ,PI_D(Nm)    ,PI_LastCurrent(mA),Feedforward(mA),FeedforwardTorque(Nm),AlgoDeltaF(kg),AlgoPressure(kg),RopeLength(m) ,EncoderValue    ,EncoderAngle(deg),MotorSpeed(rpm)     ,MotorLinearVel(m/s) ,MotorTheoryVel(m/s),MotorPosition(m)  ,RopeVelocityRaw(m/s)  ,RopeVelocityFiltered(m/s),WeightRaw(kg) ,WeightFiltered(kg),TargetTorque(Nm),ActualTorque(Nm)
17:38:56.276388     ,0.878       ,0.000       ,19.569      ,16.020      ,16.015      ,16.015      ,0.000       ,0.000       ,0.000       ,0.000       ,0.000       ,0.000       ,0.000       ,0.000       ,0.000       ,0.34998       ,5617          ,133.682         ,0.000         ,-0.000              ,0.000               ,23925.598       ,0.00000           ,0.00000               ,0.000         ,0.000         ,0.200         ,-0.199        
17:38:56.280302     ,0.878       ,0.000       ,19.569      ,16.010      ,16.010      ,16.013      ,-0.002      ,0.000       ,0.000       ,0.000       ,0.000       ,0.000       ,0.000       ,0.000       ,0.000       ,0.34998       ,5617          ,133.682         ,0.000         ,-0.000              ,0.000               ,23925.598       ,0.00000           ,0.00000               ,0.000         ,0.000         ,0.200         ,-0.199        
17:38:56.290328     ,0.878       ,0.000       ,19.569      ,16.010      ,16.008      ,16.011      ,-0.003      ,0.000       ,0.000       ,0.000       ,0.000       ,0.000       ,0.000       ,0.000       ,0.000       ,0.34998       ,5617          ,133.682         ,0.000         ,-0.000              ,0.000               ,23925.598       ,0.00000           ,0.00000               ,0.000         ,0.000         ,0.200         ,-0.199        
17:38:56.300312     ,0.878       ,0.000       ,19.569      ,16.020      ,16.007      ,16.010      ,-0.003      ,0.000       ,0.000       ,0.000       ,0.000       ,0.000       ,0.000       ,0.000       ,0.000       ,0.34998       ,5617          ,133.682         ,0.000         ,-0.000              ,0.000               ,23925.598       ,0.00000           ,0.00000               ,0.000         ,0.000         ,0.200         ,-0.198        
17:38:56.310316     ,0.878       ,0.000       ,19.569      ,16.030      ,16.009      ,16.010      ,-0.001      ,0.000       ,0.000       ,0.000       ,0.000       ,0.000       ,0.000       ,0.000       ,0.000       ,0.34998       ,5617          ,133.682         ,0.000         ,-0.000              ,0.000               ,23925.598       ,0.00000           ,0.00000               ,0.000         ,0.000         ,0.200         ,-0.198        
17:38:56.323791     ,0.879       ,0.000       ,19.586      ,16.010      ,16.006      ,16.009      ,-0.003      ,0.000       ,0.000       ,0.000       ,0.000       ,0.000       ,0.000       ,0.000       ,0.000       ,0.34998       ,5617          ,133.682         ,0.000         ,-0.000              ,0.000               ,23925.598       ,0.00000           ,0.00000               ,0.000         ,0.000         ,0.200         ,-0.201        
17:38:56.335396     ,0.879       ,0.000       ,19.586      ,16.010      ,16.006      ,16.009      ,-0.003      ,0.000       ,0.000       ,0.000       ,0.000       ,0.000       ,0.000       ,0.000       ,0.000       ,0.34998       ,5617          ,133.682         ,0.000         ,-0.000              ,0.000               ,23925.598       ,0.00000           ,0.00000               ,0.000         ,0.000         ,0.200         ,-0.198        
17:38:56.340302     ,0.879       ,0.000       ,19.586      ,16.010      ,16.006      ,16.008      ,-0.002      ,0.000       ,0.000       ,0.000       ,0.000       ,0.000       ,0.000       ,0.000       ,0.000       ,0.34998       ,5617          ,133.682         ,0.000         ,-0.000              ,0.000               ,23925.598       ,0.00000           ,0.00000               ,0.000         ,0.000         ,0.200         ,-0.198        
17:38:56.353052     ,0.879       ,0.000       ,19.586      ,16.000      ,16.004      ,16.008      ,-0.004      ,0.000       ,0.000       ,0.000       ,0.000       ,0.000       ,0.000       ,0.000       ,0.000       ,0.34998       ,5617          ,133.682         ,0.000         ,-0.000              ,0.000               ,23925.598       ,0.00000           ,0.00000               ,0.000         ,0.000         ,0.200         ,-0.196        
17:38:56.360311     ,0.879       ,0.000       ,19.586      ,16.010      ,16.002      ,16.007      ,-0.005      ,0.000       ,0.000       ,0.000       ,0.000       ,0.000       ,0.000       ,0.000       ,0.000       ,0.34998       ,5617          ,133.682         ,0.000         ,-0.000              ,0.000               ,23925.598       ,0.00000           ,0.00000               ,0.000         ,0.000         ,0.200         ,-0.196        
17:38:56.371544     ,0.879       ,0.000       ,19.586      ,16.000      ,16.002      ,16.007      ,-0.005      ,0.000       ,0.000       ,0.000       ,0.000       ,0.000       ,0.000       ,0.000       ,0.000       ,0.34998       ,5617          ,133.682         ,0.000         ,-0.000              ,0.000               ,23925.598       ,0.00000           ,0.00000               ,0.000         ,0.000         ,0.200         ,-0.198        
17:38:56.380309     ,0.879       ,0.000       ,19.586      ,16.000      ,16.000      ,16.006      ,-0.007      ,0.000       ,0.000       ,0.000       ,0.000       ,0.000       ,0.000       ,0.000       ,0.000       ,0.34998       ,5617          ,133.682         ,0.000         ,-0.000              ,0.000               ,23925.598       ,0.00000           ,0.00000               ,0.000         ,0.000         ,0.200         ,-0.198        
17:38:56.390304     ,0.879       ,0.000       ,19.586      ,16.010      ,15.998      ,16.006      ,-0.007      ,0.000       ,0.000       ,0.000       ,0.000       ,0.000       ,0.000       ,0.000       ,0.000       ,0.34998       ,5617          ,133.682         ,0.000         ,-0.000              ,0.000               ,23925.598       ,0.00000           ,0.00000               ,0.000         ,0.000         ,0.200         ,-0.198        
17:38:56.400309     ,0.879       ,0.000       ,19.586      ,16.010      ,15.998      ,16.005      ,-0.007      ,0.000       ,0.000       ,0.000       ,0.000       ,0.000       ,0.000       ,0.000       ,0.000       ,0.34998       ,5617          ,133.682         ,0.000         ,-0.000              ,0.000               ,23925.598       ,0.00000           ,0.00000               ,0.000         ,0.000         ,0.200         ,-0.198        
17:38:56.411119     ,0.879       ,0.000       ,19.586      ,16.020      ,15.998      ,16.005      ,-0.007      ,0.000       ,0.000       ,0.000       ,0.000       ,0.000       ,0.000       ,0.000       ,0.000       ,0.34998       ,5617          ,133.682         ,0.000         ,-0.000              ,0.000               ,23925.598       ,0.00000           ,0.00000               ,0.000         ,0.000         ,0.200         ,-0.201        
17:38:56.423772     ,0.879       ,0.000       ,19.569      ,16.020      ,16.000      ,16.004      ,-0.004      ,0.000       ,0.000       ,0.000       ,0.000       ,0.000       ,0.000       ,0.000       ,0.000       ,0.34998       ,5617          ,133.682         ,0.000         ,-0.000              ,0.000               ,23925.598       ,0.00000           ,0.00000               ,0.000         ,0.000         ,0.200         ,-0.201        
17:38:56.431559     ,0.879       ,0.000       ,19.569      ,16.010      ,16.001      ,16.004      ,-0.003      ,0.000       ,0.000       ,0.000       ,0.000       ,0.000       ,0.000       ,0.000       ,0.000       ,0.34998       ,5617          ,133.682         ,0.000         ,-0.000              ,0.000               ,23925.598       ,0.00000           ,0.00000               ,0.000         ,0.000         ,0.200         ,-0.198        
17:38:56.440305     ,0.879       ,0.000       ,19.569      ,16.000      ,16.000      ,16.004      ,-0.004      ,0.000       ,0.000       ,0.000       ,0.000       ,0.000       ,0.000       ,0.000       ,0.000       ,0.34998       ,5617          ,133.682         ,0.000         ,-0.000              ,0.000               ,23925.598       ,0.00000           ,0.00000               ,0.000         ,0.000         ,0.200         ,-0.198        
17:38:56.452182     ,0.879       ,0.000       ,19.569      ,16.000      ,16.001      ,16.004      ,-0.003      ,0.000       ,0.000       ,0.000       ,0.000       ,0.000       ,0.000       ,0.000       ,0.000       ,0.34998       ,5617          ,133.682         ,0.000         ,-0.000              ,0.000               ,23925.598       ,0.00000           ,0.00000               ,0.000         ,0.000         ,0.200         ,-0.198        
17:38:56.460303     ,0.879       ,0.000       ,19.569      ,16.000      ,16.000      ,16.004      ,-0.004      ,0.000       ,0.000       ,0.000       ,0.000       ,0.000       ,0.000       ,0.000       ,0.000       ,0.34998       ,5617          ,133.682         ,0.000         ,-0.000              ,0.000               ,23925.598       ,0.00000           ,0.00000               ,0.000         ,0.000         ,0.200         ,-0.198        
17:38:56.470309     ,0.879       ,0.000       ,19.569      ,16.000      ,15.998      ,16.003      ,-0.005      ,0.000       ,0.000       ,0.000       ,0.000       ,0.000       ,0.000       ,0.000       ,0.000       ,0.34998       ,5617          ,133.682         ,0.000         ,-0.000              ,0.000               ,23925.598       ,0.00000           ,0.00000               ,0.000         ,0.000         ,0.200         ,-0.198        
17:38:56.480317     ,0.879       ,0.000       ,19.569      ,16.010      ,15.999      ,16.003      ,-0.004      ,0.000       ,0.000       ,0.000       ,0.000       ,0.000       ,0.000       ,0.000       ,0.000       ,0.34998       ,5617          ,133.682         ,0.000         ,-0.000              ,0.000               ,23925.598       ,0.00000           ,0.00000               ,0.000         ,0.000         ,0.200         ,-0.198        
17:38:56.490305     ,0.879       ,0.000       ,19.569      ,16.020      ,16.001      ,16.003      ,-0.002      ,0.000       ,0.000       ,0.000       ,0.000       ,0.000       ,0.000       ,0.000       ,0.000       ,0.34998       ,5617          ,133.682         ,0.000         ,-0.000              ,0.000               ,23925.598       ,0.00000           ,0.00000               ,0.000         ,0.000         ,0.200         ,-0.196        
17:38:56.500312     ,0.879       ,0.000       ,19.569      ,16.020      ,16.001      ,16.003      ,-0.002      ,0.000       ,0.000       ,0.000       ,0.000       ,0.000       ,0.000       ,0.000       ,0.000       ,0.34998       ,5617          ,133.682         ,0.000         ,-0.000              ,0.000               ,23925.598       ,0.00000           ,0.00000               ,0.000         ,0.000         ,0.200         ,-0.196        
17:38:56.510309     ,0.879       ,0.000       ,19.569      ,16.020      ,16.001      ,16.003      ,-0.002      ,0.000       ,0.000       ,0.000       ,0.000       ,0.000       ,0.000       ,0.000       ,0.000       ,0.34998       ,5617          ,133.682         ,0.000         ,-0.000              ,0.000               ,23925.598       ,0.00000           ,0.00000               ,0.000         ,0.000         ,0.200         ,-0.197        
17:38:56.529780     ,0.883       ,0.000       ,19.569      ,16.010      ,16.001      ,16.003      ,-0.001      ,0.000       ,0.000       ,0.000       ,0.000       ,0.000       ,0.000       ,0.000       ,0.000       ,0.34998       ,5617          ,133.682         ,0.000         ,-0.000              ,0.000               ,23925.598       ,0.00000           ,0.00000               ,0.000         ,0.000         ,0.200         ,-0.198        
17:38:56.530302     ,0.883       ,0.000       ,19.569      ,16.000      ,16.001      ,16.003      ,-0.002      ,0.000       ,0.000       ,0.000       ,0.000       ,0.000       ,0.000       ,0.000       ,0.000       ,0.34998       ,5617          ,133.682         ,0.000         ,-0.000              ,0.000               ,23925.598       ,0.00000           ,0.00000               ,0.000         ,0.000         ,0.200         ,-0.198        
17:38:56.545885     ,0.883       ,0.000       ,19.569      ,16.000      ,16.000      ,16.003      ,-0.002      ,0.000       ,0.000       ,0.000       ,0.000       ,0.000       ,0.000       ,0.000       ,0.000       ,0.34998       ,5617          ,133.682         ,0.000         ,-0.000              ,0.000               ,23925.598       ,0.00000           ,0.00000               ,0.000         ,0.000         ,0.200         ,-0.199        
17:38:56.550306     ,0.883       ,0.000       ,19.569      ,16.010      ,16.002      ,16.003      ,-0.000      ,0.000       ,0.000       ,0.000       ,0.000       ,0.000       ,0.000       ,0.000       ,0.000       ,0.34998       ,5617          ,133.682         ,0.000         ,-0.000              ,0.000               ,23925.598       ,0.00000           ,0.00000               ,0.000         ,0.000         ,0.200         ,-0.199        
17:38:56.566510     ,0.883       ,0.000       ,19.569      ,16.010      ,16.003      ,16.003      ,-0.000      ,0.000       ,0.000       ,0.000       ,0.000       ,0.000       ,0.000       ,0.000       ,0.000       ,0.34998       ,5617          ,133.682         ,0.000         ,-0.000              ,0.000               ,23925.598       ,0.00000           ,0.00000               ,0.000         ,0.000         ,0.200         ,-0.198        
17:38:56.570303     ,0.883       ,0.000       ,19.569      ,16.020      ,16.004      ,16.003      ,0.002       ,0.000       ,0.000       ,0.000       ,0.000       ,0.000       ,0.000       ,0.000       ,0.000       ,0.34998       ,5617          ,133.682         ,0.000         ,-0.000              ,0.000               ,23925.598       ,0.00000           ,0.00000               ,0.000         ,0.000         ,0.200         ,-0.198        
17:38:56.580306     ,0.883       ,0.000       ,19.569      ,16.030      ,16.007      ,16.003      ,0.004       ,0.000       ,0.000       ,0.000       ,0.000       ,0.000       ,0.000       ,0.000       ,0.000       ,0.34998       ,5617          ,133.682         ,0.000         ,-0.000              ,0.000               ,23925.598       ,0.00000           ,0.00000               ,0.000         ,0.000         ,0.200         ,-0.198        
17:38:56.590307     ,0.883       ,0.000       ,19.569      ,16.040      ,16.010      ,16.003      ,0.007       ,0.000       ,0.000       ,0.000       ,0.000       ,0.000       ,0.000       ,0.000       ,0.000       ,0.34998       ,5617          ,133.682         ,0.000         ,-0.000              ,0.000               ,23925.598       ,0.00000           ,0.00000               ,0.000         ,0.000         ,0.200         ,-0.198        
17:38:56.604714     ,0.883       ,0.000       ,19.569      ,16.030      ,16.010      ,16.003      ,0.007       ,0.000       ,0.000       ,0.000       ,0.000       ,0.000       ,0.000       ,0.000       ,0.000       ,0.34998       ,5617          ,133.682         ,0.000         ,-0.000              ,0.000               ,23925.598       ,0.00000           ,0.00000               ,0.000         ,0.000         ,0.200         ,-0.198        
17:38:56.610317     ,0.883       ,0.000       ,19.569      ,16.030      ,16.013      ,16.003      ,0.009       ,0.000       ,0.000       ,0.000       ,0.000       ,0.000       ,0.000       ,0.000       ,0.000       ,0.34998       ,5617          ,133.682         ,0.000         ,-0.000              ,0.000               ,23925.598       ,0.00000           ,0.00000               ,0.000         ,0.000         ,0.200         ,-0.198        
17:38:56.626945     ,0.881       ,0.000       ,19.602      ,16.020      ,16.015      ,16.004      ,0.011       ,0.000       ,0.000       ,0.000       ,0.000       ,0.000       ,0.000       ,0.000       ,0.000       ,0.34998       ,5617          ,133.682         ,0.000         ,-0.000              ,0.000               ,23925.598       ,0.00000           ,0.00000               ,0.000         ,0.000         ,0.200         ,-0.197        
17:38:56.630308     ,0.881       ,0.000       ,19.602      ,16.020      ,16.017      ,16.004      ,0.013       ,0.000       ,0.000       ,0.000       ,0.000       ,0.000       ,0.000       ,0.000       ,0.000       ,0.34998       ,5617          ,133.682         ,0.000         ,-0.000              ,0.000               ,23925.598       ,0.00000           ,0.00000               ,0.000         ,0.000         ,0.200         ,-0.197        
17:38:56.641850     ,0.881       ,0.000       ,19.602      ,16.020      ,16.018      ,16.005      ,0.013       ,0.000       ,0.000       ,0.000       ,0.000       ,0.000       ,0.000       ,0.000       ,0.000       ,0.34998       ,5617          ,133.682         ,0.000         ,-0.000              ,0.000               ,23925.598       ,0.00000           ,0.00000               ,0.000         ,0.000         ,0.200         ,-0.198        
17:38:56.650303     ,0.881       ,0.000       ,19.602      ,16.020      ,16.019      ,16.005      ,0.014       ,0.000       ,0.000       ,0.000       ,0.000       ,0.000       ,0.000       ,0.000       ,0.000       ,0.34998       ,5617          ,133.682         ,0.000         ,-0.000              ,0.000               ,23925.598       ,0.00000           ,0.00000               ,0.000         ,0.000         ,0.200         ,-0.198        
17:38:56.662426     ,0.881       ,0.000       ,19.602      ,16.020      ,16.018      ,16.005      ,0.013       ,0.000       ,0.000       ,0.000       ,0.000       ,0.000       ,0.000       ,0.000       ,0.000       ,0.34998       ,5617          ,133.682         ,0.000         ,-0.000              ,0.000               ,23925.598       ,0.00000           ,0.00000               ,0.000         ,0.000         ,0.200         ,-0.196        
17:38:56.670346     ,0.881       ,0.000       ,19.602      ,16.030      ,16.018      ,16.006      ,0.013       ,0.000       ,0.000       ,0.000       ,0.000       ,0.000       ,0.000       ,0.000       ,0.000       ,0.34998       ,5617          ,133.682         ,0.000         ,-0.000              ,0.000               ,23925.598       ,0.00000           ,0.00000               ,0.000         ,0.000         ,0.200         ,-0.196        
17:38:56.680300     ,0.881       ,0.000       ,19.602      ,16.040      ,16.018      ,16.006      ,0.012       ,0.000       ,0.000       ,0.000       ,0.000       ,0.000       ,0.000       ,0.000       ,0.000       ,0.34998       ,5617          ,133.682         ,0.000         ,-0.000              ,0.000               ,23925.598       ,0.00000           ,0.00000               ,0.000         ,0.000         ,0.200         ,-0.198        
17:38:56.690312     ,0.881       ,0.000       ,19.602      ,16.040      ,16.018      ,16.006      ,0.012       ,0.000       ,0.000       ,0.000       ,0.000       ,0.000       ,0.000       ,0.000       ,0.000       ,0.34998       ,5617          ,133.682         ,0.000         ,-0.000              ,0.000               ,23925.598       ,0.00000           ,0.00000               ,0.000         ,0.000         ,0.200         ,-0.198        
17:38:56.700301     ,0.881       ,0.000       ,19.602      ,16.040      ,16.019      ,16.006      ,0.013       ,0.000       ,0.000       ,0.000       ,0.000       ,0.000       ,0.000       ,0.000       ,0.000       ,0.34998       ,5617          ,133.682         ,0.000         ,-0.000              ,0.000               ,23925.598       ,0.00000           ,0.00000               ,0.000         ,0.000         ,0.200         ,-0.199        
17:38:56.716226     ,0.881       ,0.000       ,19.602      ,16.040      ,16.022      ,16.007      ,0.016       ,0.000       ,0.000       ,0.000       ,0.000       ,0.000       ,0.000       ,0.000       ,0.000       ,0.34998       ,5617          ,133.682         ,0.000         ,-0.000              ,0.000               ,23925.598       ,0.00000           ,0.00000               ,0.000         ,0.000         ,0.200         ,-0.198        
17:38:56.723834     ,0.881       ,0.000       ,19.569      ,16.030      ,16.024      ,16.007      ,0.017       ,0.000       ,0.000       ,0.000       ,0.000       ,0.000       ,0.000       ,0.000       ,0.000       ,0.34998       ,5617          ,133.682         ,0.000         ,-0.000              ,0.000               ,23925.598       ,0.00000           ,0.00000               ,0.000         ,0.000         ,0.200         ,-0.198        
17:38:56.730304     ,0.881       ,0.000       ,19.569      ,16.030      ,16.026      ,16.008      ,0.018       ,0.000       ,0.000       ,0.000       ,0.000       ,0.000       ,0.000       ,0.000       ,0.000       ,0.34998       ,5617          ,133.682         ,0.000         ,-0.000              ,0.000               ,23925.598       ,0.00000           ,0.00000               ,0.000         ,0.000         ,0.200         ,-0.198        
17:38:56.740304     ,0.881       ,0.000       ,19.569      ,16.030      ,16.027      ,16.008      ,0.019       ,0.000       ,0.000       ,0.000       ,0.000       ,0.000       ,0.000       ,0.000       ,0.000       ,0.34998       ,5617          ,133.682         ,0.000         ,-0.000              ,0.000               ,23925.598       ,0.00000           ,0.00000               ,0.000         ,0.000         ,0.200         ,-0.201        
17:38:56.755501     ,0.881       ,0.000       ,19.569      ,16.030      ,16.028      ,16.008      ,0.020       ,0.000       ,0.000       ,0.000       ,0.000       ,0.000       ,0.000       ,0.000       ,0.000       ,0.34998       ,5617          ,133.682         ,0.000         ,-0.000              ,0.000               ,23925.598       ,0.00000           ,0.00000               ,0.000         ,0.000         ,0.200         ,-0.198        
17:38:56.760311     ,0.881       ,0.000       ,19.569      ,16.030      ,16.027      ,16.009      ,0.018       ,0.000       ,0.000       ,0.000       ,0.000       ,0.000       ,0.000       ,0.000       ,0.000       ,0.34998       ,5617          ,133.682         ,0.000         ,-0.000              ,0.000               ,23925.598       ,0.00000           ,0.00000               ,0.000         ,0.000         ,0.200         ,-0.198        
17:38:56.774967     ,0.881       ,0.000       ,19.569      ,16.040      ,16.027      ,16.009      ,0.019       ,0.000       ,0.000       ,0.000       ,0.000       ,0.000       ,0.000       ,0.000       ,0.000       ,0.34998       ,5617          ,133.682         ,0.000         ,-0.000              ,0.000               ,23925.598       ,0.00000           ,0.00000               ,0.000         ,0.000         ,0.200         ,-0.199        
17:38:56.780299     ,0.881       ,0.000       ,19.569      ,16.030      ,16.025      ,16.009      ,0.016       ,0.000       ,0.000       ,0.000       ,0.000       ,0.000       ,0.000       ,0.000       ,0.000       ,0.34998       ,5617          ,133.682         ,0.000         ,-0.000              ,0.000               ,23925.598       ,0.00000           ,0.00000               ,0.000         ,0.000         ,0.200         ,-0.199        
17:38:56.792527     ,0.881       ,0.000       ,19.569      ,16.040      ,16.024      ,16.009      ,0.015       ,0.000       ,0.000       ,0.000       ,0.000       ,0.000       ,0.000       ,0.000       ,0.000       ,0.34998       ,5617          ,133.682         ,0.000         ,-0.000              ,0.000               ,23925.598       ,0.00000           ,0.00000               ,0.000         ,0.000         ,0.200         ,-0.198        
17:38:56.800306     ,0.881       ,0.000       ,19.569      ,16.040      ,16.024      ,16.009      ,0.016       ,0.000       ,0.000       ,0.000       ,0.000       ,0.000       ,0.000       ,0.000       ,0.000       ,0.34998       ,5617          ,133.682         ,0.000         ,-0.000              ,0.000               ,23925.598       ,0.00000           ,0.00000               ,0.000         ,0.000         ,0.200         ,-0.198        
17:38:56.811137     ,0.881       ,0.000       ,19.569      ,16.030      ,16.024      ,16.009      ,0.015       ,0.000       ,0.000       ,0.000       ,0.000       ,0.000       ,0.000       ,0.000       ,0.000       ,0.34998       ,5617          ,133.682         ,0.000         ,-0.000              ,0.000               ,23925.598       ,0.00000           ,0.00000               ,0.000         ,0.000         ,0.200         ,-0.198        
17:38:56.823889     ,0.879       ,0.000       ,19.553      ,16.020      ,16.022      ,16.009      ,0.013       ,0.000       ,0.000       ,0.000       ,0.000       ,0.000       ,0.000       ,0.000       ,0.000       ,0.34998       ,5617          ,133.682         ,0.000         ,-0.000              ,0.000               ,23925.598       ,0.00000           ,0.00000               ,0.000         ,0.000         ,0.200         ,-0.198        
17:38:56.831602     ,0.879       ,0.000       ,19.553      ,16.020      ,16.023      ,16.009      ,0.014       ,0.000       ,0.000       ,0.000       ,0.000       ,0.000       ,0.000       ,0.000       ,0.000       ,0.34998       ,5617          ,133.682         ,0.000         ,-0.000              ,0.000               ,23925.598       ,0.00000           ,0.00000               ,0.000         ,0.000         ,0.200         ,-0.198        
17:38:56.840306     ,0.879       ,0.000       ,19.553      ,16.020      ,16.021      ,16.009      ,0.012       ,0.000       ,0.000       ,0.000       ,0.000       ,0.000       ,0.000       ,0.000       ,0.000       ,0.34998       ,5617          ,133.682         ,0.000         ,-0.000              ,0.000               ,23925.598       ,0.00000           ,0.00000               ,0.000         ,0.000         ,0.200         ,-0.198        
17:38:56.850316     ,0.879       ,0.000       ,19.553      ,16.020      ,16.019      ,16.009      ,0.010       ,0.000       ,0.000       ,0.000       ,0.000       ,0.000       ,0.000       ,0.000       ,0.000       ,0.34998       ,5617          ,133.682         ,0.000         ,-0.000              ,0.000               ,23925.598       ,0.00000           ,0.00000               ,0.000         ,0.000         ,0.200         ,-0.199        
17:38:56.860320     ,0.879       ,0.000       ,19.553      ,16.020      ,16.017      ,16.009      ,0.008       ,0.000       ,0.000       ,0.000       ,0.000       ,0.000       ,0.000       ,0.000       ,0.000       ,0.34998       ,5617          ,133.682         ,0.000         ,-0.000              ,0.000               ,23925.598       ,0.00000           ,0.00000               ,0.000         ,0.000         ,0.200         ,-0.199        
17:38:56.871984     ,0.879       ,0.000       ,19.553      ,16.020      ,16.015      ,16.009      ,0.006       ,0.000       ,0.000       ,0.000       ,0.000       ,0.000       ,0.000       ,0.000       ,0.000       ,0.34998       ,5617          ,133.682         ,0.000         ,-0.000              ,0.000               ,23925.598       ,0.00000           ,0.00000               ,0.000         ,0.000         ,0.200         ,-0.198        
17:38:56.880310     ,0.879       ,0.000       ,19.553      ,16.020      ,16.013      ,16.009      ,0.004       ,0.000       ,0.000       ,0.000       ,0.000       ,0.000       ,0.000       ,0.000       ,0.000       ,0.34998       ,5617          ,133.682         ,0.000         ,-0.000              ,0.000               ,23925.598       ,0.00000           ,0.00000               ,0.000         ,0.000         ,0.200         ,-0.198        
17:38:56.891499     ,0.879       ,0.000       ,19.553      ,16.020      ,16.011      ,16.009      ,0.002       ,0.000       ,0.000       ,0.000       ,0.000       ,0.000       ,0.000       ,0.000       ,0.000       ,0.34998       ,5617          ,133.682         ,0.000         ,-0.000              ,0.000               ,23925.598       ,0.00000           ,0.00000               ,0.000         ,0.000         ,0.200         ,-0.197        
17:38:56.900309     ,0.879       ,0.000       ,19.553      ,16.030      ,16.011      ,16.009      ,0.002       ,0.000       ,0.000       ,0.000       ,0.000       ,0.000       ,0.000       ,0.000       ,0.000       ,0.34998       ,5617          ,133.682         ,0.000         ,-0.000              ,0.000               ,23925.598       ,0.00000           ,0.00000               ,0.000         ,0.000         ,0.200         ,-0.197        
17:38:56.910308     ,0.879       ,0.000       ,19.553      ,16.020      ,16.011      ,16.009      ,0.002       ,0.000       ,0.000       ,0.000       ,0.000       ,0.000       ,0.000       ,0.000       ,0.000       ,0.34998       ,5617          ,133.682         ,0.000         ,-0.000              ,0.000               ,23925.598       ,0.00000           ,0.00000               ,0.000         ,0.000         ,0.200         ,-0.198        
17:38:56.923893     ,0.881       ,0.000       ,19.602      ,16.020      ,16.012      ,16.009      ,0.003       ,0.000       ,0.000       ,0.000       ,0.000       ,0.000       ,0.000       ,0.000       ,0.000       ,0.34998       ,5617          ,133.682         ,0.000         ,-0.000              ,0.000               ,23925.598       ,0.00000           ,0.00000               ,0.000         ,0.000         ,0.200         ,-0.198        
17:38:56.930320     ,0.881       ,0.000       ,19.602      ,16.010      ,16.011      ,16.009      ,0.002       ,0.000       ,0.000       ,0.000       ,0.000       ,0.000       ,0.000       ,0.000       ,0.000       ,0.34998       ,5617          ,133.682         ,0.000         ,-0.000              ,0.000               ,23925.598       ,0.00000           ,0.00000               ,0.000         ,0.000         ,0.200         ,-0.198        
17:38:56.944864     ,0.881       ,0.000       ,19.602      ,16.010      ,16.011      ,16.009      ,0.002       ,0.000       ,0.000       ,0.000       ,0.000       ,0.000       ,0.000       ,0.000       ,0.000       ,0.34998       ,5617          ,133.682         ,0.000         ,-0.000              ,0.000               ,23925.598       ,0.00000           ,0.00000               ,0.000         ,0.000         ,0.200         ,-0.199        
17:38:56.950322     ,0.881       ,0.000       ,19.602      ,16.030      ,16.012      ,16.009      ,0.003       ,0.000       ,0.000       ,0.000       ,0.000       ,0.000       ,0.000       ,0.000       ,0.000       ,0.34998       ,5617          ,133.682         ,0.000         ,-0.000              ,0.000               ,23925.598       ,0.00000           ,0.00000               ,0.000         ,0.000         ,0.200         ,-0.199        
17:38:56.963600     ,0.881       ,0.000       ,19.602      ,16.010      ,16.010      ,16.009      ,0.001       ,0.000       ,0.000       ,0.000       ,0.000       ,0.000       ,0.000       ,0.000       ,0.000       ,0.34998       ,5617          ,133.682         ,0.000         ,-0.000              ,0.000               ,23925.598       ,0.00000           ,0.00000               ,0.000         ,0.000         ,0.200         ,-0.198        
17:38:56.970311     ,0.881       ,0.000       ,19.602      ,16.020      ,16.010      ,16.009      ,0.001       ,0.000       ,0.000       ,0.000       ,0.000       ,0.000       ,0.000       ,0.000       ,0.000       ,0.34998       ,5617          ,133.682         ,0.000         ,-0.000              ,0.000               ,23925.598       ,0.00000           ,0.00000               ,0.000         ,0.000         ,0.200         ,-0.198        
17:38:56.982151     ,0.881       ,0.000       ,19.602      ,16.020      ,16.010      ,16.009      ,0.001       ,0.000       ,0.000       ,0.000       ,0.000       ,0.000       ,0.000       ,0.000       ,0.000       ,0.34998       ,5617          ,133.682         ,0.000         ,-0.000              ,0.000               ,23925.598       ,0.00000           ,0.00000               ,0.000         ,0.000         ,0.200         ,-0.198        
17:38:56.990420     ,0.881       ,0.000       ,19.602      ,16.010      ,16.009      ,16.009      ,-0.000      ,0.000       ,0.000       ,0.000       ,0.000       ,0.000       ,0.000       ,0.000       ,0.000       ,0.34998       ,5617          ,133.682         ,0.000         ,-0.000              ,0.000               ,23925.598       ,0.00000           ,0.00000               ,0.000         ,0.000         ,0.200         ,-0.198        
17:38:57.000319     ,0.881       ,0.000       ,19.602      ,16.020      ,16.006      ,16.009      ,-0.003      ,0.000       ,0.000       ,0.000       ,0.000       ,0.000       ,0.000       ,0.000       ,0.000       ,0.34998       ,5617          ,133.682         ,0.000         ,-0.000              ,0.000               ,23925.598       ,0.00000           ,0.00000               ,0.000         ,0.000         ,0.200         ,-0.198        
17:38:57.010463     ,0.881       ,0.000       ,19.602      ,16.020      ,16.008      ,16.009      ,-0.000      ,0.000       ,0.000       ,0.000       ,0.000       ,0.000       ,0.000       ,0.000       ,0.000       ,0.34998       ,5617          ,133.682         ,0.000         ,-0.000              ,0.000               ,23925.598       ,0.00000           ,0.00000               ,0.000         ,0.000         ,0.200         ,-0.198        
17:38:57.023753     ,0.881       ,0.000       ,19.618      ,16.010      ,16.007      ,16.009      ,-0.002      ,0.000       ,0.000       ,0.000       ,0.000       ,0.000       ,0.000       ,0.000       ,0.000       ,0.34998       ,5617          ,133.682         ,0.000         ,-0.000              ,0.000               ,23925.598       ,0.00000           ,0.00000               ,0.000         ,0.000         ,0.200         ,-0.194        
17:38:57.036999     ,0.881       ,0.000       ,19.618      ,16.020      ,16.008      ,16.009      ,-0.001      ,0.000       ,0.000       ,0.000       ,0.000       ,0.000       ,0.000       ,0.000       ,0.000       ,0.34998       ,5617          ,133.682         ,0.000         ,-0.000              ,0.000               ,23925.598       ,0.00000           ,0.00000               ,0.000         ,0.000         ,0.200         ,-0.197        
17:38:57.040325     ,0.881       ,0.000       ,19.618      ,16.020      ,16.010      ,16.009      ,0.001       ,0.000       ,0.000       ,0.000       ,0.000       ,0.000       ,0.000       ,0.000       ,0.000       ,0.34998       ,5617          ,133.682         ,0.000         ,-0.000              ,0.000               ,23925.598       ,0.00000           ,0.00000               ,0.000         ,0.000         ,0.200         ,-0.197        
17:38:57.055436     ,0.881       ,0.000       ,19.618      ,16.020      ,16.010      ,16.009      ,0.001       ,0.000       ,0.000       ,0.000       ,0.000       ,0.000       ,0.000       ,0.000       ,0.000       ,0.34998       ,5617          ,133.682         ,0.000         ,-0.000              ,0.000               ,23925.598       ,0.00000           ,0.00000               ,0.000         ,0.000         ,0.200         ,-0.199        
17:38:57.060303     ,0.881       ,0.000       ,19.618      ,16.030      ,16.011      ,16.009      ,0.002       ,0.000       ,0.000       ,0.000       ,0.000       ,0.000       ,0.000       ,0.000       ,0.000       ,0.34998       ,5617          ,133.682         ,0.000         ,-0.000              ,0.000               ,23925.598       ,0.00000           ,0.00000               ,0.000         ,0.000         ,0.200         ,-0.199        
17:38:57.075929     ,0.881       ,0.000       ,19.618      ,16.020      ,16.012      ,16.009      ,0.003       ,0.000       ,0.000       ,0.000       ,0.000       ,0.000       ,0.000       ,0.000       ,0.000       ,0.34998       ,5617          ,133.682         ,0.000         ,-0.000              ,0.000               ,23925.598       ,0.00000           ,0.00000               ,0.000         ,0.000         ,0.200         ,-0.198        
17:38:57.080302     ,0.881       ,0.000       ,19.618      ,16.020      ,16.012      ,16.009      ,0.003       ,0.000       ,0.000       ,0.000       ,0.000       ,0.000       ,0.000       ,0.000       ,0.000       ,0.34998       ,5617          ,133.682         ,0.000         ,-0.000              ,0.000               ,23925.598       ,0.00000           ,0.00000               ,0.000         ,0.000         ,0.200         ,-0.198        
17:38:57.095546     ,0.881       ,0.000       ,19.618      ,16.020      ,16.012      ,16.009      ,0.003       ,0.000       ,0.000       ,0.000       ,0.000       ,0.000       ,0.000       ,0.000       ,0.000       ,0.34998       ,5617          ,133.682         ,0.000         ,-0.000              ,0.000               ,23925.598       ,0.00000           ,0.00000               ,0.000         ,0.000         ,0.200         ,-0.198        
17:38:57.100304     ,0.881       ,0.000       ,19.618      ,16.020      ,16.013      ,16.009      ,0.004       ,0.000       ,0.000       ,0.000       ,0.000       ,0.000       ,0.000       ,0.000       ,0.000       ,0.34998       ,5617          ,133.682         ,0.000         ,-0.000              ,0.000               ,23925.598       ,0.00000           ,0.00000               ,0.000         ,0.000         ,0.200         ,-0.198        
17:38:57.115166     ,0.881       ,0.000       ,19.618      ,16.030      ,16.014      ,16.009      ,0.005       ,0.000       ,0.000       ,0.000       ,0.000       ,0.000       ,0.000       ,0.000       ,0.000       ,0.34998       ,5617          ,133.682         ,0.000         ,-0.000              ,0.000               ,23925.598       ,0.00000           ,0.00000               ,0.000         ,0.000         ,0.200         ,-0.198        
17:38:57.123771     ,0.000       ,0.000       ,0.000       ,16.020      ,16.014      ,16.009      ,0.006       ,0.000       ,0.000       ,0.000       ,0.000       ,0.000       ,0.000       ,0.000       ,0.000       ,0.34998       ,5617          ,133.682         ,0.000         ,-0.000              ,0.000               ,23925.598       ,0.00000           ,0.00000               ,0.000         ,0.000         ,0.200         ,-0.198        
17:38:57.135991     ,0.000       ,0.000       ,0.000       ,16.030      ,16.016      ,16.009      ,0.007       ,0.000       ,0.000       ,0.000       ,0.000       ,0.000       ,0.000       ,0.000       ,0.000       ,0.34998       ,5617          ,133.682         ,0.000         ,-0.000              ,0.000               ,23925.598       ,0.00000           ,0.00000               ,0.000         ,0.000         ,0.200         ,-0.198        
17:38:57.140309     ,0.000       ,0.000       ,0.000       ,16.020      ,16.015      ,16.009      ,0.007       ,0.000       ,0.000       ,0.000       ,0.000       ,0.000       ,0.000       ,0.000       ,0.000       ,0.34998       ,5617          ,133.682         ,0.000         ,-0.000              ,0.000               ,23925.598       ,0.00000           ,0.00000               ,0.000         ,0.000         ,0.200         ,-0.198        
17:38:57.154541     ,0.000       ,0.000       ,0.000       ,16.030      ,16.017      ,16.009      ,0.008       ,0.000       ,0.000       ,0.000       ,0.000       ,0.000       ,0.000       ,0.000       ,0.000       ,0.34998       ,5617          ,133.682         ,0.000         ,-0.000              ,0.000               ,23925.598       ,0.00000           ,0.00000               ,0.000         ,0.000         ,0.200         ,-0.199        
17:38:57.160357     ,0.000       ,0.000       ,0.000       ,16.030      ,16.016      ,16.009      ,0.008       ,0.000       ,0.000       ,0.000       ,0.000       ,0.000       ,0.000       ,0.000       ,0.000       ,0.34998       ,5617          ,133.682         ,0.000         ,-0.000              ,0.000               ,23925.598       ,0.00000           ,0.00000               ,0.000         ,0.000         ,0.200         ,-0.199        
17:38:57.172040     ,0.000       ,0.000       ,0.000       ,16.030      ,16.018      ,16.009      ,0.009       ,0.000       ,0.000       ,0.000       ,0.000       ,0.000       ,0.000       ,0.000       ,0.000       ,0.34998       ,5617          ,133.682         ,0.000         ,-0.000              ,0.000               ,23925.598       ,0.00000           ,0.00000               ,0.000         ,0.000         ,0.200         ,-0.206        
17:38:57.180327     ,0.000       ,0.000       ,0.000       ,16.030      ,16.018      ,16.009      ,0.010       ,0.000       ,0.000       ,0.000       ,0.000       ,0.000       ,0.000       ,0.000       ,0.000       ,0.34998       ,5617          ,133.682         ,0.000         ,-0.000              ,0.000               ,23925.598       ,0.00000           ,0.00000               ,0.000         ,0.000         ,0.200         ,-0.206        
17:38:57.191615     ,0.000       ,0.000       ,0.000       ,16.030      ,16.021      ,16.009      ,0.012       ,0.000       ,0.000       ,0.000       ,0.000       ,0.000       ,0.000       ,0.000       ,0.000       ,0.34998       ,5617          ,133.682         ,0.000         ,-0.000              ,0.000               ,23925.598       ,0.00000           ,0.00000               ,0.000         ,0.000         ,0.200         ,-0.197        
17:38:57.200324     ,0.000       ,0.000       ,0.000       ,16.030      ,16.021      ,16.009      ,0.012       ,0.000       ,0.000       ,0.000       ,0.000       ,0.000       ,0.000       ,0.000       ,0.000       ,0.34998       ,5617          ,133.682         ,0.000         ,-0.000              ,0.000               ,23925.598       ,0.00000           ,0.00000               ,0.000         ,0.000         ,0.200         ,-0.197        
17:38:57.211253     ,0.000       ,0.000       ,0.000       ,16.030      ,16.021      ,16.009      ,0.013       ,0.000       ,0.000       ,0.000       ,0.000       ,0.000       ,0.000       ,0.000       ,0.000       ,0.34998       ,5617          ,133.682         ,0.000         ,-0.000              ,0.000               ,23925.598       ,0.00000           ,0.00000               ,0.000         ,0.000         ,0.200         ,-0.198        
17:38:57.223807     ,0.881       ,0.000       ,19.618      ,16.030      ,16.022      ,16.009      ,0.013       ,0.000       ,0.000       ,0.000       ,0.000       ,0.000       ,0.000       ,0.000       ,0.000       ,0.34998       ,5617          ,133.682         ,0.000         ,-0.000              ,0.000               ,23925.598       ,0.00000           ,0.00000               ,0.000         ,0.000         ,0.200         ,-0.198        
17:38:57.232181     ,0.881       ,0.000       ,19.618      ,16.040      ,16.024      ,16.009      ,0.015       ,0.000       ,0.000       ,0.000       ,0.000       ,0.000       ,0.000       ,0.000       ,0.000       ,0.34998       ,5617          ,133.682         ,0.000         ,-0.000              ,0.000               ,23925.598       ,0.00000           ,0.00000               ,0.000         ,0.000         ,0.200         ,-0.197        
17:38:57.240309     ,0.881       ,0.000       ,19.618      ,16.040      ,16.025      ,16.009      ,0.016       ,0.000       ,0.000       ,0.000       ,0.000       ,0.000       ,0.000       ,0.000       ,0.000       ,0.34998       ,5617          ,133.682         ,0.000         ,-0.000              ,0.000               ,23925.598       ,0.00000           ,0.00000               ,0.000         ,0.000         ,0.200         ,-0.197        
17:38:57.251007     ,0.881       ,0.000       ,19.618      ,16.040      ,16.026      ,16.009      ,0.017       ,0.000       ,0.000       ,0.000       ,0.000       ,0.000       ,0.000       ,0.000       ,0.000       ,0.34998       ,5617          ,133.682         ,0.000         ,-0.000              ,0.000               ,23925.598       ,0.00000           ,0.00000               ,0.000         ,0.000         ,0.200         ,-0.198        
17:38:57.260318     ,0.881       ,0.000       ,19.618      ,16.040      ,16.027      ,16.009      ,0.019       ,0.000       ,0.000       ,0.000       ,0.000       ,0.000       ,0.000       ,0.000       ,0.000       ,0.34998       ,5617          ,133.682         ,0.000         ,-0.000              ,0.000               ,23925.598       ,0.00000           ,0.00000               ,0.000         ,0.000         ,0.200         ,-0.198        
17:38:57.270780     ,0.881       ,0.000       ,19.618      ,16.040      ,16.029      ,16.009      ,0.020       ,0.000       ,0.000       ,0.000       ,0.000       ,0.000       ,0.000       ,0.000       ,0.000       ,0.34998       ,5617          ,133.682         ,0.000         ,-0.000              ,0.000               ,23925.598       ,0.00000           ,0.00000               ,0.000         ,0.000         ,0.200         ,-0.198        
17:38:57.280314     ,0.881       ,0.000       ,19.618      ,16.040      ,16.030      ,16.009      ,0.021       ,0.000       ,0.000       ,0.000       ,0.000       ,0.000       ,0.000       ,0.000       ,0.000       ,0.34998       ,5617          ,133.682         ,0.000         ,-0.000              ,0.000               ,23925.598       ,0.00000           ,0.00000               ,0.000         ,0.000         ,0.200         ,-0.198        
17:38:57.290325     ,0.881       ,0.000       ,19.618      ,16.040      ,16.031      ,16.009      ,0.022       ,0.000       ,0.000       ,0.000       ,0.000       ,0.000       ,0.000       ,0.000       ,0.000       ,0.34998       ,5617          ,133.682         ,0.000         ,-0.000              ,0.000               ,23925.598       ,0.00000           ,0.00000               ,0.000         ,0.000         ,0.200         ,-0.198        
17:38:57.300322     ,0.881       ,0.000       ,19.618      ,16.040      ,16.032      ,16.009      ,0.023       ,0.000       ,0.000       ,0.000       ,0.000       ,0.000       ,0.000       ,0.000       ,0.000       ,0.34998       ,5617          ,133.682         ,0.000         ,-0.000              ,0.000               ,23925.598       ,0.00000           ,0.00000               ,0.000         ,0.000         ,0.200         ,-0.198        
17:38:57.312149     ,0.881       ,0.000       ,19.618      ,16.030      ,16.031      ,16.009      ,0.022       ,0.000       ,0.000       ,0.000       ,0.000       ,0.000       ,0.000       ,0.000       ,0.000       ,0.34998       ,5617          ,133.682         ,0.000         ,-0.000              ,0.000               ,23925.598       ,0.00000           ,0.00000               ,0.000         ,0.000         ,0.200         ,-0.198        
17:38:57.323802     ,0.881       ,0.000       ,19.618      ,16.040      ,16.031      ,16.009      ,0.023       ,0.000       ,0.000       ,0.000       ,0.000       ,0.000       ,0.000       ,0.000       ,0.000       ,0.34998       ,5617          ,133.682         ,0.000         ,-0.000              ,0.000               ,23925.598       ,0.00000           ,0.00000               ,0.000         ,0.000         ,0.200         ,-0.198        
17:38:57.331984     ,0.881       ,0.000       ,19.618      ,16.060      ,16.034      ,16.009      ,0.026       ,0.000       ,0.000       ,0.000       ,0.000       ,0.000       ,0.000       ,0.000       ,0.000       ,0.34998       ,5617          ,133.682         ,0.000         ,-0.000              ,0.000               ,23925.598       ,0.00000           ,0.00000               ,0.000         ,0.000         ,0.200         ,-0.202        
17:38:57.340311     ,0.881       ,0.000       ,19.618      ,16.030      ,16.031      ,16.009      ,0.022       ,0.000       ,0.000       ,0.000       ,0.000       ,0.000       ,0.000       ,0.000       ,0.000       ,0.34998       ,5617          ,133.682         ,0.000         ,-0.000              ,0.000               ,23925.598       ,0.00000           ,0.00000               ,0.000         ,0.000         ,0.200         ,-0.202        
17:38:57.350314     ,0.881       ,0.000       ,19.618      ,16.040      ,16.031      ,16.009      ,0.022       ,0.000       ,0.000       ,0.000       ,0.000       ,0.000       ,0.000       ,0.000       ,0.000       ,0.34998       ,5617          ,133.682         ,0.000         ,-0.000              ,0.000               ,23925.598       ,0.00000           ,0.00000               ,0.000         ,0.000         ,0.200         ,-0.199        
17:38:57.360343     ,0.881       ,0.000       ,19.618      ,16.040      ,16.033      ,16.009      ,0.024       ,0.000       ,0.000       ,0.000       ,0.000       ,0.000       ,0.000       ,0.000       ,0.000       ,0.34998       ,5617          ,133.682         ,0.000         ,-0.000              ,0.000               ,23925.598       ,0.00000           ,0.00000               ,0.000         ,0.000         ,0.200         ,-0.199        
17:38:57.370310     ,0.881       ,0.000       ,19.618      ,16.040      ,16.032      ,16.009      ,0.024       ,0.000       ,0.000       ,0.000       ,0.000       ,0.000       ,0.000       ,0.000       ,0.000       ,0.34998       ,5617          ,133.682         ,0.000         ,-0.000              ,0.000               ,23925.598       ,0.00000           ,0.00000               ,0.000         ,0.000         ,0.200         ,-0.199        
17:38:57.380312     ,0.881       ,0.000       ,19.618      ,16.030      ,16.028      ,16.009      ,0.019       ,0.000       ,0.000       ,0.000       ,0.000       ,0.000       ,0.000       ,0.000       ,0.000       ,0.34998       ,5617          ,133.682         ,0.000         ,-0.000              ,0.000               ,23925.598       ,0.00000           ,0.00000               ,0.000         ,0.000         ,0.200         ,-0.199        
17:38:57.390308     ,0.881       ,0.000       ,19.618      ,16.040      ,16.031      ,16.009      ,0.022       ,0.000       ,0.000       ,0.000       ,0.000       ,0.000       ,0.000       ,0.000       ,0.000       ,0.34998       ,5617          ,133.682         ,0.000         ,-0.000              ,0.000               ,23925.598       ,0.00000           ,0.00000               ,0.000         ,0.000         ,0.200         ,-0.198        
17:38:57.405651     ,0.881       ,0.000       ,19.618      ,16.040      ,16.031      ,16.009      ,0.023       ,0.000       ,0.000       ,0.000       ,0.000       ,0.000       ,0.000       ,0.000       ,0.000       ,0.34998       ,5617          ,133.682         ,0.000         ,-0.000              ,0.000               ,23925.598       ,0.00000           ,0.00000               ,0.000         ,0.000         ,0.200         ,-0.198        
17:38:57.410347     ,0.881       ,0.000       ,19.618      ,16.040      ,16.031      ,16.009      ,0.022       ,0.000       ,0.000       ,0.000       ,0.000       ,0.000       ,0.000       ,0.000       ,0.000       ,0.34998       ,5617          ,133.682         ,0.000         ,-0.000              ,0.000               ,23925.598       ,0.00000           ,0.00000               ,0.000         ,0.000         ,0.200         ,-0.198        
17:38:57.427774     ,0.879       ,0.000       ,19.602      ,16.040      ,16.030      ,16.009      ,0.021       ,0.000       ,0.000       ,0.000       ,0.000       ,0.000       ,0.000       ,0.000       ,0.000       ,0.34998       ,5617          ,133.682         ,0.000         ,-0.000              ,0.000               ,23925.598       ,0.00000           ,0.00000               ,0.000         ,0.000         ,0.200         ,-0.198        
17:38:57.430309     ,0.879       ,0.000       ,19.602      ,16.040      ,16.031      ,16.009      ,0.022       ,0.000       ,0.000       ,0.000       ,0.000       ,0.000       ,0.000       ,0.000       ,0.000       ,0.34998       ,5617          ,133.682         ,0.000         ,-0.000              ,0.000               ,23925.598       ,0.00000           ,0.00000               ,0.000         ,0.000         ,0.200         ,-0.198        
17:38:57.445350     ,0.879       ,0.000       ,19.602      ,16.040      ,16.030      ,16.009      ,0.021       ,0.000       ,0.000       ,0.000       ,0.000       ,0.000       ,0.000       ,0.000       ,0.000       ,0.34998       ,5617          ,133.682         ,0.000         ,-0.000              ,0.000               ,23925.598       ,0.00000           ,0.00000               ,0.000         ,0.000         ,0.200         ,-0.198        
17:38:57.450310     ,0.879       ,0.000       ,19.602      ,16.040      ,16.030      ,16.009      ,0.021       ,0.000       ,0.000       ,0.000       ,0.000       ,0.000       ,0.000       ,0.000       ,0.000       ,0.34998       ,5617          ,133.682         ,0.000         ,-0.000              ,0.000               ,23925.598       ,0.00000           ,0.00000               ,0.000         ,0.000         ,0.200         ,-0.198        
17:38:57.466306     ,0.879       ,0.000       ,19.602      ,16.040      ,16.031      ,16.009      ,0.022       ,0.000       ,0.000       ,0.000       ,0.000       ,0.000       ,0.000       ,0.000       ,0.000       ,0.34998       ,5617          ,133.682         ,0.000         ,-0.000              ,0.000               ,23925.598       ,0.00000           ,0.00000               ,0.000         ,0.000         ,0.200         ,-0.201        
17:38:57.470313     ,0.879       ,0.000       ,19.602      ,16.030      ,16.030      ,16.009      ,0.021       ,0.000       ,0.000       ,0.000       ,0.000       ,0.000       ,0.000       ,0.000       ,0.000       ,0.34998       ,5617          ,133.682         ,0.000         ,-0.000              ,0.000               ,23925.598       ,0.00000           ,0.00000               ,0.000         ,0.000         ,0.200         ,-0.201        
17:38:57.487260     ,0.879       ,0.000       ,19.602      ,16.030      ,16.029      ,16.009      ,0.020       ,0.000       ,0.000       ,0.000       ,0.000       ,0.000       ,0.000       ,0.000       ,0.000       ,0.34998       ,5617          ,133.682         ,0.000         ,-0.000              ,0.000               ,23925.598       ,0.00000           ,0.00000               ,0.000         ,0.000         ,0.200         ,-0.198        
17:38:57.490312     ,0.879       ,0.000       ,19.602      ,16.030      ,16.028      ,16.009      ,0.019       ,0.000       ,0.000       ,0.000       ,0.000       ,0.000       ,0.000       ,0.000       ,0.000       ,0.34998       ,5617          ,133.682         ,0.000         ,-0.000              ,0.000               ,23925.598       ,0.00000           ,0.00000               ,0.000         ,0.000         ,0.200         ,-0.198        
17:38:57.504787     ,0.879       ,0.000       ,19.602      ,16.030      ,16.026      ,16.009      ,0.018       ,0.000       ,0.000       ,0.000       ,0.000       ,0.000       ,0.000       ,0.000       ,0.000       ,0.34998       ,5617          ,133.682         ,0.000         ,-0.000              ,0.000               ,23925.598       ,0.00000           ,0.00000               ,0.000         ,0.000         ,0.200         ,-0.198        
17:38:57.510386     ,0.879       ,0.000       ,19.602      ,16.030      ,16.026      ,16.009      ,0.018       ,0.000       ,0.000       ,0.000       ,0.000       ,0.000       ,0.000       ,0.000       ,0.000       ,0.34998       ,5617          ,133.682         ,0.000         ,-0.000              ,0.000               ,23925.598       ,0.00000           ,0.00000               ,0.000         ,0.000         ,0.200         ,-0.198        
17:38:57.526740     ,0.878       ,0.000       ,19.553      ,16.030      ,16.023      ,16.009      ,0.015       ,0.000       ,0.000       ,0.000       ,0.000       ,0.000       ,0.000       ,0.000       ,0.000       ,0.34998       ,5617          ,133.682         ,0.000         ,-0.000              ,0.000               ,23925.598       ,0.00000           ,0.00000               ,0.000         ,0.000         ,0.200         ,-0.198        
17:38:57.530321     ,0.878       ,0.000       ,19.553      ,16.030      ,16.022      ,16.009      ,0.013       ,0.000       ,0.000       ,0.000       ,0.000       ,0.000       ,0.000       ,0.000       ,0.000       ,0.34998       ,5617          ,133.682         ,0.000         ,-0.000              ,0.000               ,23925.598       ,0.00000           ,0.00000               ,0.000         ,0.000         ,0.200         ,-0.198        
17:38:57.544226     ,0.878       ,0.000       ,19.553      ,16.030      ,16.021      ,16.009      ,0.012       ,0.000       ,0.000       ,0.000       ,0.000       ,0.000       ,0.000       ,0.000       ,0.000       ,0.34998       ,5617          ,133.682         ,0.000         ,-0.000              ,0.000               ,23925.598       ,0.00000           ,0.00000               ,0.000         ,0.000         ,0.200         ,-0.199        
17:38:57.550321     ,0.878       ,0.000       ,19.553      ,16.040      ,16.022      ,16.009      ,0.014       ,0.000       ,0.000       ,0.000       ,0.000       ,0.000       ,0.000       ,0.000       ,0.000       ,0.34998       ,5617          ,133.682         ,0.000         ,-0.000              ,0.000               ,23925.598       ,0.00000           ,0.00000               ,0.000         ,0.000         ,0.200         ,-0.199        
17:38:57.565045     ,0.878       ,0.000       ,19.553      ,16.020      ,16.020      ,16.009      ,0.011       ,0.000       ,0.000       ,0.000       ,0.000       ,0.000       ,0.000       ,0.000       ,0.000       ,0.34998       ,5617          ,133.682         ,0.000         ,-0.000              ,0.000               ,23925.598       ,0.00000           ,0.00000               ,0.000         ,0.000         ,0.200         ,-0.198        
17:38:57.570309     ,0.878       ,0.000       ,19.553      ,16.020      ,16.019      ,16.009      ,0.011       ,0.000       ,0.000       ,0.000       ,0.000       ,0.000       ,0.000       ,0.000       ,0.000       ,0.34998       ,5617          ,133.682         ,0.000         ,-0.000              ,0.000               ,23925.598       ,0.00000           ,0.00000               ,0.000         ,0.000         ,0.200         ,-0.198        
17:38:57.585126     ,0.878       ,0.000       ,19.553      ,16.030      ,16.020      ,16.009      ,0.012       ,0.000       ,0.000       ,0.000       ,0.000       ,0.000       ,0.000       ,0.000       ,0.000       ,0.34998       ,5617          ,133.682         ,0.000         ,-0.000              ,0.000               ,23925.598       ,0.00000           ,0.00000               ,0.000         ,0.000         ,0.200         ,-0.198        
17:38:57.590308     ,0.878       ,0.000       ,19.553      ,16.030      ,16.021      ,16.009      ,0.012       ,0.000       ,0.000       ,0.000       ,0.000       ,0.000       ,0.000       ,0.000       ,0.000       ,0.34998       ,5617          ,133.682         ,0.000         ,-0.000              ,0.000               ,23925.598       ,0.00000           ,0.00000               ,0.000         ,0.000         ,0.200         ,-0.198        
17:38:57.604917     ,0.878       ,0.000       ,19.553      ,16.030      ,16.019      ,16.009      ,0.010       ,0.000       ,0.000       ,0.000       ,0.000       ,0.000       ,0.000       ,0.000       ,0.000       ,0.34998       ,5617          ,133.682         ,0.000         ,-0.000              ,0.000               ,23925.598       ,0.00000           ,0.00000               ,0.000         ,0.000         ,0.200         ,-0.198        
17:38:57.610338     ,0.878       ,0.000       ,19.553      ,16.030      ,16.021      ,16.009      ,0.012       ,0.000       ,0.000       ,0.000       ,0.000       ,0.000       ,0.000       ,0.000       ,0.000       ,0.34998       ,5617          ,133.682         ,0.000         ,-0.000              ,0.000               ,23925.598       ,0.00000           ,0.00000               ,0.000         ,0.000         ,0.200         ,-0.198        
17:38:57.627115     ,0.883       ,0.000       ,19.602      ,16.020      ,16.020      ,16.009      ,0.011       ,0.000       ,0.000       ,0.000       ,0.000       ,0.000       ,0.000       ,0.000       ,0.000       ,0.34998       ,5617          ,133.682         ,0.000         ,-0.000              ,0.000               ,23925.598       ,0.00000           ,0.00000               ,0.000         ,0.000         ,0.200         ,-0.197        
17:38:57.630313     ,0.883       ,0.000       ,19.602      ,16.030      ,16.019      ,16.009      ,0.010       ,0.000       ,0.000       ,0.000       ,0.000       ,0.000       ,0.000       ,0.000       ,0.000       ,0.34998       ,5617          ,133.682         ,0.000         ,-0.000              ,0.000               ,23925.598       ,0.00000           ,0.00000               ,0.000         ,0.000         ,0.200         ,-0.197        
17:38:57.642504     ,0.883       ,0.000       ,19.602      ,16.020      ,16.017      ,16.009      ,0.008       ,0.000       ,0.000       ,0.000       ,0.000       ,0.000       ,0.000       ,0.000       ,0.000       ,0.34998       ,5617          ,133.682         ,0.000         ,-0.000              ,0.000               ,23925.598       ,0.00000           ,0.00000               ,0.000         ,0.000         ,0.200         ,-0.197        
17:38:57.650321     ,0.883       ,0.000       ,19.602      ,16.020      ,16.016      ,16.009      ,0.007       ,0.000       ,0.000       ,0.000       ,0.000       ,0.000       ,0.000       ,0.000       ,0.000       ,0.34998       ,5617          ,133.682         ,0.000         ,-0.000              ,0.000               ,23925.598       ,0.00000           ,0.00000               ,0.000         ,0.000         ,0.200         ,-0.197        
17:38:57.661227     ,0.883       ,0.000       ,19.602      ,16.030      ,16.017      ,16.009      ,0.008       ,0.000       ,0.000       ,0.000       ,0.000       ,0.000       ,0.000       ,0.000       ,0.000       ,0.34998       ,5617          ,133.682         ,0.000         ,-0.000              ,0.000               ,23925.598       ,0.00000           ,0.00000               ,0.000         ,0.000         ,0.200         ,-0.197        
17:38:57.670333     ,0.883       ,0.000       ,19.602      ,16.030      ,16.019      ,16.009      ,0.010       ,0.000       ,0.000       ,0.000       ,0.000       ,0.000       ,0.000       ,0.000       ,0.000       ,0.34998       ,5617          ,133.682         ,0.000         ,-0.000              ,0.000               ,23925.598       ,0.00000           ,0.00000               ,0.000         ,0.000         ,0.200         ,-0.197        
17:38:57.681083     ,0.883       ,0.000       ,19.602      ,16.020      ,16.016      ,16.009      ,0.007       ,0.000       ,0.000       ,0.000       ,0.000       ,0.000       ,0.000       ,0.000       ,0.000       ,0.34998       ,5617          ,133.682         ,0.000         ,-0.000              ,0.000               ,23925.598       ,0.00000           ,0.00000               ,0.000         ,0.000         ,0.200         ,-0.199        
17:38:57.690320     ,0.883       ,0.000       ,19.602      ,16.030      ,16.018      ,16.009      ,0.009       ,0.000       ,0.000       ,0.000       ,0.000       ,0.000       ,0.000       ,0.000       ,0.000       ,0.34998       ,5617          ,133.682         ,0.000         ,-0.000              ,0.000               ,23925.598       ,0.00000           ,0.00000               ,0.000         ,0.000         ,0.200         ,-0.199        
17:38:57.701109     ,0.883       ,0.000       ,19.602      ,16.030      ,16.019      ,16.009      ,0.010       ,0.000       ,0.000       ,0.000       ,0.000       ,0.000       ,0.000       ,0.000       ,0.000       ,0.34998       ,5617          ,133.682         ,0.000         ,-0.000              ,0.000               ,23925.598       ,0.00000           ,0.00000               ,0.000         ,0.000         ,0.200         ,-0.198        
17:38:57.710371     ,0.883       ,0.000       ,19.602      ,16.030      ,16.018      ,16.009      ,0.009       ,0.000       ,0.000       ,0.000       ,0.000       ,0.000       ,0.000       ,0.000       ,0.000       ,0.34998       ,5617          ,133.682         ,0.000         ,-0.000              ,0.000               ,23925.598       ,0.00000           ,0.00000               ,0.000         ,0.000         ,0.200         ,-0.198        
17:38:57.725358     ,0.881       ,0.000       ,19.569      ,16.040      ,16.020      ,16.009      ,0.011       ,0.000       ,0.000       ,0.000       ,0.000       ,0.000       ,0.000       ,0.000       ,0.000       ,0.34998       ,5617          ,133.682         ,0.000         ,-0.000              ,0.000               ,23925.598       ,0.00000           ,0.00000               ,0.000         ,0.000         ,0.200         ,-0.199        
17:38:57.730303     ,0.881       ,0.000       ,19.569      ,16.030      ,16.022      ,16.009      ,0.013       ,0.000       ,0.000       ,0.000       ,0.000       ,0.000       ,0.000       ,0.000       ,0.000       ,0.34998       ,5617          ,133.682         ,0.000         ,-0.000              ,0.000               ,23925.598       ,0.00000           ,0.00000               ,0.000         ,0.000         ,0.200         ,-0.199        
17:38:57.740305     ,0.881       ,0.000       ,19.569      ,16.030      ,16.022      ,16.009      ,0.013       ,0.000       ,0.000       ,0.000       ,0.000       ,0.000       ,0.000       ,0.000       ,0.000       ,0.34998       ,5617          ,133.682         ,0.000         ,-0.000              ,0.000               ,23925.598       ,0.00000           ,0.00000               ,0.000         ,0.000         ,0.200         ,-0.197        
17:38:57.750303     ,0.881       ,0.000       ,19.569      ,16.030      ,16.023      ,16.009      ,0.014       ,0.000       ,0.000       ,0.000       ,0.000       ,0.000       ,0.000       ,0.000       ,0.000       ,0.34998       ,5617          ,133.682         ,0.000         ,-0.000              ,0.000               ,23925.598       ,0.00000           ,0.00000               ,0.000         ,0.000         ,0.200         ,-0.197        
17:38:57.760301     ,0.881       ,0.000       ,19.569      ,16.030      ,16.024      ,16.009      ,0.015       ,0.000       ,0.000       ,0.000       ,0.000       ,0.000       ,0.000       ,0.000       ,0.000       ,0.34998       ,5617          ,133.682         ,0.000         ,-0.000              ,0.000               ,23925.598       ,0.00000           ,0.00000               ,0.000         ,0.000         ,0.200         ,-0.198        
17:38:57.770309     ,0.881       ,0.000       ,19.569      ,16.040      ,16.024      ,16.009      ,0.015       ,0.000       ,0.000       ,0.000       ,0.000       ,0.000       ,0.000       ,0.000       ,0.000       ,0.34998       ,5617          ,133.682         ,0.000         ,-0.000              ,0.000               ,23925.598       ,0.00000           ,0.00000               ,0.000         ,0.000         ,0.200         ,-0.198        
17:38:57.780302     ,0.881       ,0.000       ,19.569      ,16.040      ,16.026      ,16.009      ,0.017       ,0.000       ,0.000       ,0.000       ,0.000       ,0.000       ,0.000       ,0.000       ,0.000       ,0.34998       ,5617          ,133.682         ,0.000         ,-0.000              ,0.000               ,23925.598       ,0.00000           ,0.00000               ,0.000         ,0.000         ,0.200         ,-0.199        
17:38:57.794962     ,0.881       ,0.000       ,19.569      ,16.030      ,16.025      ,16.009      ,0.017       ,0.000       ,0.000       ,0.000       ,0.000       ,0.000       ,0.000       ,0.000       ,0.000       ,0.34998       ,5617          ,133.682         ,0.000         ,-0.000              ,0.000               ,23925.598       ,0.00000           ,0.00000               ,0.000         ,0.000         ,0.200         ,-0.199        
17:38:57.800301     ,0.881       ,0.000       ,19.569      ,16.040      ,16.027      ,16.009      ,0.018       ,0.000       ,0.000       ,0.000       ,0.000       ,0.000       ,0.000       ,0.000       ,0.000       ,0.34998       ,5617          ,133.682         ,0.000         ,-0.000              ,0.000               ,23925.598       ,0.00000           ,0.00000               ,0.000         ,0.000         ,0.200         ,-0.199        
17:38:57.812378     ,0.881       ,0.000       ,19.569      ,16.030      ,16.026      ,16.009      ,0.018       ,0.000       ,0.000       ,0.000       ,0.000       ,0.000       ,0.000       ,0.000       ,0.000       ,0.34998       ,5617          ,133.682         ,0.000         ,-0.000              ,0.000               ,23925.598       ,0.00000           ,0.00000               ,0.000         ,0.000         ,0.200         ,-0.199        
17:38:57.823723     ,0.883       ,0.000       ,19.586      ,16.040      ,16.026      ,16.009      ,0.018       ,0.000       ,0.000       ,0.000       ,0.000       ,0.000       ,0.000       ,0.000       ,0.000       ,0.34998       ,5617          ,133.682         ,0.000         ,-0.000              ,0.000               ,23925.598       ,0.00000           ,0.00000               ,0.000         ,0.000         ,0.200         ,-0.199        
17:38:57.831889     ,0.883       ,0.000       ,19.586      ,16.040      ,16.027      ,16.009      ,0.018       ,0.000       ,0.000       ,0.000       ,0.000       ,0.000       ,0.000       ,0.000       ,0.000       ,0.34998       ,5617          ,133.682         ,0.000         ,-0.000              ,0.000               ,23925.598       ,0.00000           ,0.00000               ,0.000         ,0.000         ,0.200         ,-0.198        
17:38:57.840303     ,0.883       ,0.000       ,19.586      ,16.060      ,16.033      ,16.009      ,0.024       ,0.000       ,0.000       ,0.000       ,0.000       ,0.000       ,0.000       ,0.000       ,0.000       ,0.34998       ,5617          ,133.682         ,0.000         ,-0.000              ,0.000               ,23925.598       ,0.00000           ,0.00000               ,0.000         ,0.000         ,0.200         ,-0.198        
17:38:57.850398     ,0.883       ,0.000       ,19.586      ,16.040      ,16.032      ,16.009      ,0.023       ,0.000       ,0.000       ,0.000       ,0.000       ,0.000       ,0.000       ,0.000       ,0.000       ,0.34998       ,5617          ,133.682         ,0.000         ,-0.000              ,0.000               ,23925.598       ,0.00000           ,0.00000               ,0.000         ,0.000         ,0.200         ,-0.198        
17:38:57.860310     ,0.883       ,0.000       ,19.586      ,16.040      ,16.034      ,16.009      ,0.025       ,0.000       ,0.000       ,0.000       ,0.000       ,0.000       ,0.000       ,0.000       ,0.000       ,0.34998       ,5617          ,133.682         ,0.000         ,-0.000              ,0.000               ,23925.598       ,0.00000           ,0.00000               ,0.000         ,0.000         ,0.200         ,-0.198        
17:38:57.870303     ,0.883       ,0.000       ,19.586      ,16.030      ,16.032      ,16.009      ,0.023       ,0.000       ,0.000       ,0.000       ,0.000       ,0.000       ,0.000       ,0.000       ,0.000       ,0.34998       ,5617          ,133.682         ,0.000         ,-0.000              ,0.000               ,23925.598       ,0.00000           ,0.00000               ,0.000         ,0.000         ,0.200         ,-0.197        
17:38:57.880304     ,0.883       ,0.000       ,19.586      ,16.040      ,16.033      ,16.009      ,0.025       ,0.000       ,0.000       ,0.000       ,0.000       ,0.000       ,0.000       ,0.000       ,0.000       ,0.34998       ,5617          ,133.682         ,0.000         ,-0.000              ,0.000               ,23925.598       ,0.00000           ,0.00000               ,0.000         ,0.000         ,0.200         ,-0.197        
17:38:57.890306     ,0.883       ,0.000       ,19.586      ,16.040      ,16.031      ,16.009      ,0.022       ,0.000       ,0.000       ,0.000       ,0.000       ,0.000       ,0.000       ,0.000       ,0.000       ,0.34998       ,5617          ,133.682         ,0.000         ,-0.000              ,0.000               ,23925.598       ,0.00000           ,0.00000               ,0.000         ,0.000         ,0.200         ,-0.198        
17:38:57.900306     ,0.883       ,0.000       ,19.586      ,16.040      ,16.032      ,16.009      ,0.023       ,0.000       ,0.000       ,0.000       ,0.000       ,0.000       ,0.000       ,0.000       ,0.000       ,0.34998       ,5617          ,133.682         ,0.000         ,-0.000              ,0.000               ,23925.598       ,0.00000           ,0.00000               ,0.000         ,0.000         ,0.200         ,-0.198        
17:38:57.910306     ,0.883       ,0.000       ,19.586      ,16.040      ,16.032      ,16.009      ,0.023       ,0.000       ,0.000       ,0.000       ,0.000       ,0.000       ,0.000       ,0.000       ,0.000       ,0.34998       ,5617          ,133.682         ,0.000         ,-0.000              ,0.000               ,23925.598       ,0.00000           ,0.00000               ,0.000         ,0.000         ,0.200         ,-0.199        
17:38:57.928333     ,0.879       ,0.000       ,19.586      ,16.060      ,16.036      ,16.009      ,0.027       ,0.000       ,0.000       ,0.000       ,0.000       ,0.000       ,0.000       ,0.000       ,0.000       ,0.34998       ,5617          ,133.682         ,0.000         ,-0.000              ,0.000               ,23925.598       ,0.00000           ,0.00000               ,0.000         ,0.000         ,0.200         ,-0.199        
17:38:57.930303     ,0.879       ,0.000       ,19.586      ,16.060      ,16.037      ,16.009      ,0.028       ,0.000       ,0.000       ,0.000       ,0.000       ,0.000       ,0.000       ,0.000       ,0.000       ,0.34998       ,5617          ,133.682         ,0.000         ,-0.000              ,0.000               ,23925.598       ,0.00000           ,0.00000               ,0.000         ,0.000         ,0.200         ,-0.199        
17:38:57.943481     ,0.879       ,0.000       ,19.586      ,16.040      ,16.035      ,16.009      ,0.026       ,0.000       ,0.000       ,0.000       ,0.000       ,0.000       ,0.000       ,0.000       ,0.000       ,0.34998       ,5617          ,133.682         ,0.000         ,-0.000              ,0.000               ,23925.598       ,0.00000           ,0.00000               ,0.000         ,0.000         ,0.200         ,-0.199        
17:38:57.950306     ,0.879       ,0.000       ,19.586      ,16.040      ,16.036      ,16.009      ,0.027       ,0.000       ,0.000       ,0.000       ,0.000       ,0.000       ,0.000       ,0.000       ,0.000       ,0.34998       ,5617          ,133.682         ,0.000         ,-0.000              ,0.000               ,23925.598       ,0.00000           ,0.00000               ,0.000         ,0.000         ,0.200         ,-0.199        
17:38:57.962153     ,0.879       ,0.000       ,19.586      ,16.040      ,16.037      ,16.009      ,0.029       ,0.000       ,0.000       ,0.000       ,0.000       ,0.000       ,0.000       ,0.000       ,0.000       ,0.34998       ,5617          ,133.682         ,0.000         ,-0.000              ,0.000               ,23925.598       ,0.00000           ,0.00000               ,0.000         ,0.000         ,0.200         ,-0.199        
17:38:57.970301     ,0.879       ,0.000       ,19.586      ,16.060      ,16.040      ,16.009      ,0.031       ,0.000       ,0.000       ,0.000       ,0.000       ,0.000       ,0.000       ,0.000       ,0.000       ,0.34998       ,5617          ,133.682         ,0.000         ,-0.000              ,0.000               ,23925.598       ,0.00000           ,0.00000               ,0.000         ,0.000         ,0.200         ,-0.199        
17:38:57.980303     ,0.879       ,0.000       ,19.586      ,16.040      ,16.038      ,16.009      ,0.029       ,0.000       ,0.000       ,0.000       ,0.000       ,0.000       ,0.000       ,0.000       ,0.000       ,0.34998       ,5617          ,133.682         ,0.000         ,-0.000              ,0.000               ,23925.598       ,0.00000           ,0.00000               ,0.000         ,0.000         ,0.200         ,-0.198        
17:38:57.990313     ,0.879       ,0.000       ,19.586      ,16.040      ,16.039      ,16.009      ,0.030       ,0.000       ,0.000       ,0.000       ,0.000       ,0.000       ,0.000       ,0.000       ,0.000       ,0.34998       ,5617          ,133.682         ,0.000         ,-0.000              ,0.000               ,23925.598       ,0.00000           ,0.00000               ,0.000         ,0.000         ,0.200         ,-0.198        
17:38:58.000303     ,0.879       ,0.000       ,19.586      ,16.040      ,16.038      ,16.009      ,0.030       ,0.000       ,0.000       ,0.000       ,0.000       ,0.000       ,0.000       ,0.000       ,0.000       ,0.34998       ,5617          ,133.682         ,0.000         ,-0.000              ,0.000               ,23925.598       ,0.00000           ,0.00000               ,0.000         ,0.000         ,0.200         ,-0.198        
17:38:58.010301     ,0.879       ,0.000       ,19.586      ,16.040      ,16.037      ,16.009      ,0.028       ,0.000       ,0.000       ,0.000       ,0.000       ,0.000       ,0.000       ,0.000       ,0.000       ,0.34998       ,5617          ,133.682         ,0.000         ,-0.000              ,0.000               ,23925.598       ,0.00000           ,0.00000               ,0.000         ,0.000         ,0.200         ,-0.198        
17:38:58.023776     ,0.881       ,0.000       ,19.618      ,16.040      ,16.032      ,16.009      ,0.023       ,0.000       ,0.000       ,0.000       ,0.000       ,0.000       ,0.000       ,0.000       ,0.000       ,0.34998       ,5617          ,133.682         ,0.000         ,-0.000              ,0.000               ,23925.598       ,0.00000           ,0.00000               ,0.000         ,0.000         ,0.200         ,-0.197        
17:38:58.035333     ,0.881       ,0.000       ,19.618      ,16.040      ,16.032      ,16.009      ,0.023       ,0.000       ,0.000       ,0.000       ,0.000       ,0.000       ,0.000       ,0.000       ,0.000       ,0.34998       ,5617          ,133.682         ,0.000         ,-0.000              ,0.000               ,23925.598       ,0.00000           ,0.00000               ,0.000         ,0.000         ,0.200         ,-0.197        
17:38:58.040303     ,0.881       ,0.000       ,19.618      ,16.030      ,16.030      ,16.009      ,0.021       ,0.000       ,0.000       ,0.000       ,0.000       ,0.000       ,0.000       ,0.000       ,0.000       ,0.34998       ,5617          ,133.682         ,0.000         ,-0.000              ,0.000               ,23925.598       ,0.00000           ,0.00000               ,0.000         ,0.000         ,0.200         ,-0.197        
17:38:58.055077     ,0.881       ,0.000       ,19.618      ,16.030      ,16.028      ,16.009      ,0.020       ,0.000       ,0.000       ,0.000       ,0.000       ,0.000       ,0.000       ,0.000       ,0.000       ,0.34998       ,5617          ,133.682         ,0.000         ,-0.000              ,0.000               ,23925.598       ,0.00000           ,0.00000               ,0.000         ,0.000         ,0.200         ,-0.198        
17:38:58.060303     ,0.881       ,0.000       ,19.618      ,16.030      ,16.027      ,16.009      ,0.018       ,0.000       ,0.000       ,0.000       ,0.000       ,0.000       ,0.000       ,0.000       ,0.000       ,0.34998       ,5617          ,133.682         ,0.000         ,-0.000              ,0.000               ,23925.598       ,0.00000           ,0.00000               ,0.000         ,0.000         ,0.200         ,-0.198        
17:38:58.072479     ,0.881       ,0.000       ,19.618      ,16.030      ,16.026      ,16.009      ,0.017       ,0.000       ,0.000       ,0.000       ,0.000       ,0.000       ,0.000       ,0.000       ,0.000       ,0.34998       ,5617          ,133.682         ,0.000         ,-0.000              ,0.000               ,23925.598       ,0.00000           ,0.00000               ,0.000         ,0.000         ,0.200         ,-0.197        
17:38:58.080299     ,0.881       ,0.000       ,19.618      ,16.030      ,16.024      ,16.009      ,0.015       ,0.000       ,0.000       ,0.000       ,0.000       ,0.000       ,0.000       ,0.000       ,0.000       ,0.34998       ,5617          ,133.682         ,0.000         ,-0.000              ,0.000               ,23925.598       ,0.00000           ,0.00000               ,0.000         ,0.000         ,0.200         ,-0.197        
17:38:58.091084     ,0.881       ,0.000       ,19.618      ,16.030      ,16.023      ,16.009      ,0.015       ,0.000       ,0.000       ,0.000       ,0.000       ,0.000       ,0.000       ,0.000       ,0.000       ,0.34998       ,5617          ,133.682         ,0.000         ,-0.000              ,0.000               ,23925.598       ,0.00000           ,0.00000               ,0.000         ,0.000         ,0.200         ,-0.197        
17:38:58.100303     ,0.881       ,0.000       ,19.618      ,16.030      ,16.022      ,16.009      ,0.014       ,0.000       ,0.000       ,0.000       ,0.000       ,0.000       ,0.000       ,0.000       ,0.000       ,0.34998       ,5617          ,133.682         ,0.000         ,-0.000              ,0.000               ,23925.598       ,0.00000           ,0.00000               ,0.000         ,0.000         ,0.200         ,-0.197        
17:38:58.111773     ,0.881       ,0.000       ,19.618      ,16.030      ,16.021      ,16.009      ,0.013       ,0.000       ,0.000       ,0.000       ,0.000       ,0.000       ,0.000       ,0.000       ,0.000       ,0.34998       ,5617          ,133.682         ,0.000         ,-0.000              ,0.000               ,23925.598       ,0.00000           ,0.00000               ,0.000         ,0.000         ,0.200         ,-0.199        
17:38:58.123801     ,0.879       ,0.000       ,19.586      ,16.020      ,16.019      ,16.009      ,0.010       ,0.000       ,0.000       ,0.000       ,0.000       ,0.000       ,0.000       ,0.000       ,0.000       ,0.34998       ,5617          ,133.682         ,0.000         ,-0.000              ,0.000               ,23925.598       ,0.00000           ,0.00000               ,0.000         ,0.000         ,0.200         ,-0.199        
17:38:58.131659     ,0.879       ,0.000       ,19.586      ,16.020      ,16.018      ,16.009      ,0.009       ,0.000       ,0.000       ,0.000       ,0.000       ,0.000       ,0.000       ,0.000       ,0.000       ,0.34998       ,5617          ,133.682         ,0.000         ,-0.000              ,0.000               ,23925.598       ,0.00000           ,0.00000               ,0.000         ,0.000         ,0.200         ,-0.198        
17:38:58.140312     ,0.879       ,0.000       ,19.586      ,16.020      ,16.017      ,16.009      ,0.008       ,0.000       ,0.000       ,0.000       ,0.000       ,0.000       ,0.000       ,0.000       ,0.000       ,0.34998       ,5617          ,133.682         ,0.000         ,-0.000              ,0.000               ,23925.598       ,0.00000           ,0.00000               ,0.000         ,0.000         ,0.200         ,-0.198        
17:38:58.150357     ,0.879       ,0.000       ,19.586      ,16.020      ,16.016      ,16.009      ,0.007       ,0.000       ,0.000       ,0.000       ,0.000       ,0.000       ,0.000       ,0.000       ,0.000       ,0.34998       ,5617          ,133.682         ,0.000         ,-0.000              ,0.000               ,23925.598       ,0.00000           ,0.00000               ,0.000         ,0.000         ,0.200         ,-0.199        
17:38:58.160339     ,0.879       ,0.000       ,19.586      ,16.020      ,16.014      ,16.009      ,0.005       ,0.000       ,0.000       ,0.000       ,0.000       ,0.000       ,0.000       ,0.000       ,0.000       ,0.34998       ,5617          ,133.682         ,0.000         ,-0.000              ,0.000               ,23925.598       ,0.00000           ,0.00000               ,0.000         ,0.000         ,0.200         ,-0.199        
17:38:58.172247     ,0.879       ,0.000       ,19.586      ,16.020      ,16.014      ,16.009      ,0.005       ,0.000       ,0.000       ,0.000       ,0.000       ,0.000       ,0.000       ,0.000       ,0.000       ,0.34998       ,5617          ,133.682         ,0.000         ,-0.000              ,0.000               ,23925.598       ,0.00000           ,0.00000               ,0.000         ,0.000         ,0.200         ,-0.199        
17:38:58.180313     ,0.879       ,0.000       ,19.586      ,16.020      ,16.013      ,16.009      ,0.004       ,0.000       ,0.000       ,0.000       ,0.000       ,0.000       ,0.000       ,0.000       ,0.000       ,0.34998       ,5617          ,133.682         ,0.000         ,-0.000              ,0.000               ,23925.598       ,0.00000           ,0.00000               ,0.000         ,0.000         ,0.200         ,-0.199        
17:38:58.190859     ,0.879       ,0.000       ,19.586      ,16.020      ,16.012      ,16.009      ,0.003       ,0.000       ,0.000       ,0.000       ,0.000       ,0.000       ,0.000       ,0.000       ,0.000       ,0.34998       ,5617          ,133.682         ,0.000         ,-0.000              ,0.000               ,23925.598       ,0.00000           ,0.00000               ,0.000         ,0.000         ,0.200         ,-0.198        
17:38:58.200310     ,0.879       ,0.000       ,19.586      ,16.020      ,16.011      ,16.009      ,0.002       ,0.000       ,0.000       ,0.000       ,0.000       ,0.000       ,0.000       ,0.000       ,0.000       ,0.34998       ,5617          ,133.682         ,0.000         ,-0.000              ,0.000               ,23925.598       ,0.00000           ,0.00000               ,0.000         ,0.000         ,0.200         ,-0.198        
17:38:58.210448     ,0.879       ,0.000       ,19.586      ,16.030      ,16.012      ,16.009      ,0.004       ,0.000       ,0.000       ,0.000       ,0.000       ,0.000       ,0.000       ,0.000       ,0.000       ,0.34998       ,5617          ,133.682         ,0.000         ,-0.000              ,0.000               ,23925.598       ,0.00000           ,0.00000               ,0.000         ,0.000         ,0.200         ,-0.198        
17:38:58.223788     ,0.881       ,0.000       ,19.618      ,16.030      ,16.014      ,16.009      ,0.005       ,0.000       ,0.000       ,0.000       ,0.000       ,0.000       ,0.000       ,0.000       ,0.000       ,0.34998       ,5617          ,133.682         ,0.000         ,-0.000              ,0.000               ,23925.598       ,0.00000           ,0.00000               ,0.000         ,0.000         ,0.200         ,-0.198        
17:38:58.230309     ,0.881       ,0.000       ,19.618      ,16.020      ,16.014      ,16.009      ,0.005       ,0.000       ,0.000       ,0.000       ,0.000       ,0.000       ,0.000       ,0.000       ,0.000       ,0.34998       ,5617          ,133.682         ,0.000         ,-0.000              ,0.000               ,23925.598       ,0.00000           ,0.00000               ,0.000         ,0.000         ,0.200         ,-0.198        
17:38:58.240308     ,0.881       ,0.000       ,19.618      ,16.020      ,16.014      ,16.009      ,0.006       ,0.000       ,0.000       ,0.000       ,0.000       ,0.000       ,0.000       ,0.000       ,0.000       ,0.34998       ,5617          ,133.682         ,0.000         ,-0.000              ,0.000               ,23925.598       ,0.00000           ,0.00000               ,0.000         ,0.000         ,0.200         ,-0.198        
17:38:58.252168     ,0.881       ,0.000       ,19.618      ,16.020      ,16.015      ,16.009      ,0.007       ,0.000       ,0.000       ,0.000       ,0.000       ,0.000       ,0.000       ,0.000       ,0.000       ,0.34998       ,5617          ,133.682         ,0.000         ,-0.000              ,0.000               ,23925.598       ,0.00000           ,0.00000               ,0.000         ,0.000         ,0.200         ,-0.199        
17:38:58.260354     ,0.881       ,0.000       ,19.618      ,16.020      ,16.014      ,16.009      ,0.006       ,0.000       ,0.000       ,0.000       ,0.000       ,0.000       ,0.000       ,0.000       ,0.000       ,0.34998       ,5617          ,133.682         ,0.000         ,-0.000              ,0.000               ,23925.598       ,0.00000           ,0.00000               ,0.000         ,0.000         ,0.200         ,-0.199        
17:38:58.271748     ,0.881       ,0.000       ,19.618      ,16.030      ,16.015      ,16.009      ,0.006       ,0.000       ,0.000       ,0.000       ,0.000       ,0.000       ,0.000       ,0.000       ,0.000       ,0.34998       ,5617          ,133.682         ,0.000         ,-0.000              ,0.000               ,23925.598       ,0.00000           ,0.00000               ,0.000         ,0.000         ,0.200         ,-0.196        
17:38:58.280325     ,0.881       ,0.000       ,19.618      ,16.020      ,16.015      ,16.009      ,0.006       ,0.000       ,0.000       ,0.000       ,0.000       ,0.000       ,0.000       ,0.000       ,0.000       ,0.34998       ,5617          ,133.682         ,0.000         ,-0.000              ,0.000               ,23925.598       ,0.00000           ,0.00000               ,0.000         ,0.000         ,0.200         ,-0.196        
17:38:58.290308     ,0.881       ,0.000       ,19.618      ,16.030      ,16.016      ,16.009      ,0.007       ,0.000       ,0.000       ,0.000       ,0.000       ,0.000       ,0.000       ,0.000       ,0.000       ,0.34998       ,5617          ,133.682         ,0.000         ,-0.000              ,0.000               ,23925.598       ,0.00000           ,0.00000               ,0.000         ,0.000         ,0.200         ,-0.201        
17:38:58.300308     ,0.881       ,0.000       ,19.618      ,16.030      ,16.017      ,16.009      ,0.008       ,0.000       ,0.000       ,0.000       ,0.000       ,0.000       ,0.000       ,0.000       ,0.000       ,0.34998       ,5617          ,133.682         ,0.000         ,-0.000              ,0.000               ,23925.598       ,0.00000           ,0.00000               ,0.000         ,0.000         ,0.200         ,-0.201        
17:38:58.310326     ,0.881       ,0.000       ,19.618      ,16.030      ,16.017      ,16.009      ,0.009       ,0.000       ,0.000       ,0.000       ,0.000       ,0.000       ,0.000       ,0.000       ,0.000       ,0.34998       ,5617          ,133.682         ,0.000         ,-0.000              ,0.000               ,23925.598       ,0.00000           ,0.00000               ,0.000         ,0.000         ,0.200         ,-0.198        
17:38:58.331166     ,0.000       ,0.000       ,0.000       ,16.020      ,16.015      ,16.009      ,0.007       ,0.000       ,0.000       ,0.000       ,0.000       ,0.000       ,0.000       ,0.000       ,0.000       ,0.34998       ,5617          ,133.682         ,0.000         ,-0.000              ,0.000               ,23925.598       ,0.00000           ,0.00000               ,0.000         ,0.000         ,0.200         ,-0.198        
17:38:58.331228     ,0.000       ,0.000       ,0.000       ,16.030      ,16.018      ,16.009      ,0.009       ,0.000       ,0.000       ,0.000       ,0.000       ,0.000       ,0.000       ,0.000       ,0.000       ,0.34998       ,5617          ,133.682         ,0.000         ,-0.000              ,0.000               ,23925.598       ,0.00000           ,0.00000               ,0.000         ,0.000         ,0.200         ,-0.198        
17:38:58.346301     ,0.000       ,0.000       ,0.000       ,16.020      ,16.017      ,16.009      ,0.009       ,0.000       ,0.000       ,0.000       ,0.000       ,0.000       ,0.000       ,0.000       ,0.000       ,0.34998       ,5617          ,133.682         ,0.000         ,-0.000              ,0.000               ,23925.598       ,0.00000           ,0.00000               ,0.000         ,0.000         ,0.200         ,-0.197        
17:38:58.350330     ,0.000       ,0.000       ,0.000       ,16.030      ,16.018      ,16.009      ,0.010       ,0.000       ,0.000       ,0.000       ,0.000       ,0.000       ,0.000       ,0.000       ,0.000       ,0.34998       ,5617          ,133.682         ,0.000         ,-0.000              ,0.000               ,23925.598       ,0.00000           ,0.00000               ,0.000         ,0.000         ,0.200         ,-0.197        
17:38:58.365010     ,0.000       ,0.000       ,0.000       ,16.020      ,16.017      ,16.009      ,0.009       ,0.000       ,0.000       ,0.000       ,0.000       ,0.000       ,0.000       ,0.000       ,0.000       ,0.34998       ,5617          ,133.682         ,0.000         ,-0.000              ,0.000               ,23925.598       ,0.00000           ,0.00000               ,0.000         ,0.000         ,0.200         ,-0.203        
17:38:58.370305     ,0.000       ,0.000       ,0.000       ,16.030      ,16.019      ,16.009      ,0.010       ,0.000       ,0.000       ,0.000       ,0.000       ,0.000       ,0.000       ,0.000       ,0.000       ,0.34998       ,5617          ,133.682         ,0.000         ,-0.000              ,0.000               ,23925.598       ,0.00000           ,0.00000               ,0.000         ,0.000         ,0.200         ,-0.203        
17:38:58.383789     ,0.000       ,0.000       ,0.000       ,16.030      ,16.018      ,16.009      ,0.009       ,0.000       ,0.000       ,0.000       ,0.000       ,0.000       ,0.000       ,0.000       ,0.000       ,0.34998       ,5617          ,133.682         ,0.000         ,-0.000              ,0.000               ,23925.598       ,0.00000           ,0.00000               ,0.000         ,0.000         ,0.200         ,-0.202        
17:38:58.390305     ,0.000       ,0.000       ,0.000       ,16.040      ,16.021      ,16.009      ,0.012       ,0.000       ,0.000       ,0.000       ,0.000       ,0.000       ,0.000       ,0.000       ,0.000       ,0.34998       ,5617          ,133.682         ,0.000         ,-0.000              ,0.000               ,23925.598       ,0.00000           ,0.00000               ,0.000         ,0.000         ,0.200         ,-0.202        
17:38:58.402370     ,0.000       ,0.000       ,0.000       ,16.030      ,16.019      ,16.009      ,0.011       ,0.000       ,0.000       ,0.000       ,0.000       ,0.000       ,0.000       ,0.000       ,0.000       ,0.34998       ,5617          ,133.682         ,0.000         ,-0.000              ,0.000               ,23925.598       ,0.00000           ,0.00000               ,0.000         ,0.000         ,0.200         ,-0.198        
17:38:58.410316     ,0.000       ,0.000       ,0.000       ,16.040      ,16.023      ,16.009      ,0.014       ,0.000       ,0.000       ,0.000       ,0.000       ,0.000       ,0.000       ,0.000       ,0.000       ,0.34998       ,5617          ,133.682         ,0.000         ,-0.000              ,0.000               ,23925.598       ,0.00000           ,0.00000               ,0.000         ,0.000         ,0.200         ,-0.198        
17:38:58.424358     ,0.000       ,0.000       ,0.000       ,16.020      ,16.021      ,16.009      ,0.012       ,0.000       ,0.000       ,0.000       ,0.000       ,0.000       ,0.000       ,0.000       ,0.000       ,0.34998       ,5617          ,133.682         ,0.000         ,-0.000              ,0.000               ,23925.598       ,0.00000           ,0.00000               ,0.000         ,0.000         ,0.200         ,-0.198        
17:38:58.430330     ,0.000       ,0.000       ,0.000       ,16.030      ,16.022      ,16.009      ,0.014       ,0.000       ,0.000       ,0.000       ,0.000       ,0.000       ,0.000       ,0.000       ,0.000       ,0.34998       ,5617          ,133.682         ,0.000         ,-0.000              ,0.000               ,23925.598       ,0.00000           ,0.00000               ,0.000         ,0.000         ,0.200         ,-0.198        
17:38:58.441471     ,0.000       ,0.000       ,0.000       ,16.040      ,16.024      ,16.009      ,0.015       ,0.000       ,0.000       ,0.000       ,0.000       ,0.000       ,0.000       ,0.000       ,0.000       ,0.34998       ,5617          ,133.682         ,0.000         ,-0.000              ,0.000               ,23925.598       ,0.00000           ,0.00000               ,0.000         ,0.000         ,0.200         ,-0.201        
17:38:58.450308     ,0.000       ,0.000       ,0.000       ,16.030      ,16.025      ,16.009      ,0.016       ,0.000       ,0.000       ,0.000       ,0.000       ,0.000       ,0.000       ,0.000       ,0.000       ,0.34998       ,5617          ,133.682         ,0.000         ,-0.000              ,0.000               ,23925.598       ,0.00000           ,0.00000               ,0.000         ,0.000         ,0.200         ,-0.201        
17:38:58.462321     ,0.000       ,0.000       ,0.000       ,16.030      ,16.023      ,16.009      ,0.015       ,0.000       ,0.000       ,0.000       ,0.000       ,0.000       ,0.000       ,0.000       ,0.000       ,0.34998       ,5617          ,133.682         ,0.000         ,-0.000              ,0.000               ,23925.598       ,0.00000           ,0.00000               ,0.000         ,0.000         ,0.200         ,-0.201        
17:38:58.470315     ,0.000       ,0.000       ,0.000       ,16.030      ,16.025      ,16.009      ,0.016       ,0.000       ,0.000       ,0.000       ,0.000       ,0.000       ,0.000       ,0.000       ,0.000       ,0.34998       ,5617          ,133.682         ,0.000         ,-0.000              ,0.000               ,23925.598       ,0.00000           ,0.00000               ,0.000         ,0.000         ,0.200         ,-0.201        
17:38:58.481196     ,0.000       ,0.000       ,0.000       ,16.040      ,16.026      ,16.009      ,0.017       ,0.000       ,0.000       ,0.000       ,0.000       ,0.000       ,0.000       ,0.000       ,0.000       ,0.34998       ,5617          ,133.682         ,0.000         ,-0.000              ,0.000               ,23925.598       ,0.00000           ,0.00000               ,0.000         ,0.000         ,0.200         ,-0.198        
17:38:58.490309     ,0.000       ,0.000       ,0.000       ,16.040      ,16.024      ,16.009      ,0.016       ,0.000       ,0.000       ,0.000       ,0.000       ,0.000       ,0.000       ,0.000       ,0.000       ,0.34998       ,5617          ,133.682         ,0.000         ,-0.000              ,0.000               ,23925.598       ,0.00000           ,0.00000               ,0.000         ,0.000         ,0.200         ,-0.198        
17:38:58.500322     ,0.000       ,0.000       ,0.000       ,16.030      ,16.024      ,16.009      ,0.015       ,0.000       ,0.000       ,0.000       ,0.000       ,0.000       ,0.000       ,0.000       ,0.000       ,0.34998       ,5617          ,133.682         ,0.000         ,-0.000              ,0.000               ,23925.598       ,0.00000           ,0.00000               ,0.000         ,0.000         ,0.200         ,-0.198        
17:38:58.510364     ,0.000       ,0.000       ,0.000       ,16.030      ,16.024      ,16.009      ,0.016       ,0.000       ,0.000       ,0.000       ,0.000       ,0.000       ,0.000       ,0.000       ,0.000       ,0.34998       ,5617          ,133.682         ,0.000         ,-0.000              ,0.000               ,23925.598       ,0.00000           ,0.00000               ,0.000         ,0.000         ,0.200         ,-0.198        
17:38:58.523824     ,0.879       ,0.000       ,19.618      ,16.030      ,16.025      ,16.009      ,0.016       ,0.000       ,0.000       ,0.000       ,0.000       ,0.000       ,0.000       ,0.000       ,0.000       ,0.34998       ,5617          ,133.682         ,0.000         ,-0.000              ,0.000               ,23925.598       ,0.00000           ,0.00000               ,0.000         ,0.000         ,0.200         ,-0.198        
17:38:58.536374     ,0.879       ,0.000       ,19.618      ,16.030      ,16.024      ,16.009      ,0.015       ,0.000       ,0.000       ,0.000       ,0.000       ,0.000       ,0.000       ,0.000       ,0.000       ,0.34998       ,5617          ,133.682         ,0.000         ,-0.000              ,0.000               ,23925.598       ,0.00000           ,0.00000               ,0.000         ,0.000         ,0.200         ,-0.199        
17:38:58.540305     ,0.879       ,0.000       ,19.618      ,16.030      ,16.023      ,16.009      ,0.014       ,0.000       ,0.000       ,0.000       ,0.000       ,0.000       ,0.000       ,0.000       ,0.000       ,0.34998       ,5617          ,133.682         ,0.000         ,-0.000              ,0.000               ,23925.598       ,0.00000           ,0.00000               ,0.000         ,0.000         ,0.200         ,-0.199        
17:38:58.550319     ,0.879       ,0.000       ,19.618      ,16.030      ,16.024      ,16.009      ,0.015       ,0.000       ,0.000       ,0.000       ,0.000       ,0.000       ,0.000       ,0.000       ,0.000       ,0.34998       ,5617          ,133.682         ,0.000         ,-0.000              ,0.000               ,23925.598       ,0.00000           ,0.00000               ,0.000         ,0.000         ,0.200         ,-0.199        
17:38:58.560367     ,0.879       ,0.000       ,19.618      ,16.040      ,16.025      ,16.009      ,0.016       ,0.000       ,0.000       ,0.000       ,0.000       ,0.000       ,0.000       ,0.000       ,0.000       ,0.34998       ,5617          ,133.682         ,0.000         ,-0.000              ,0.000               ,23925.598       ,0.00000           ,0.00000               ,0.000         ,0.000         ,0.200         ,-0.206        
17:38:58.574584     ,0.879       ,0.000       ,19.618      ,16.030      ,16.024      ,16.009      ,0.015       ,0.000       ,0.000       ,0.000       ,0.000       ,0.000       ,0.000       ,0.000       ,0.000       ,0.34998       ,5617          ,133.682         ,0.000         ,-0.000              ,0.000               ,23925.598       ,0.00000           ,0.00000               ,0.000         ,0.000         ,0.200         ,-0.198        
17:38:58.580460     ,0.879       ,0.000       ,19.618      ,16.030      ,16.023      ,16.009      ,0.014       ,0.000       ,0.000       ,0.000       ,0.000       ,0.000       ,0.000       ,0.000       ,0.000       ,0.34998       ,5617          ,133.682         ,0.000         ,-0.000              ,0.000               ,23925.598       ,0.00000           ,0.00000               ,0.000         ,0.000         ,0.200         ,-0.198        
17:38:58.593483     ,0.879       ,0.000       ,19.618      ,16.030      ,16.022      ,16.009      ,0.014       ,0.000       ,0.000       ,0.000       ,0.000       ,0.000       ,0.000       ,0.000       ,0.000       ,0.34998       ,5617          ,133.682         ,0.000         ,-0.000              ,0.000               ,23925.598       ,0.00000           ,0.00000               ,0.000         ,0.000         ,0.200         ,-0.198        
17:38:58.600309     ,0.879       ,0.000       ,19.618      ,16.030      ,16.023      ,16.009      ,0.014       ,0.000       ,0.000       ,0.000       ,0.000       ,0.000       ,0.000       ,0.000       ,0.000       ,0.34998       ,5617          ,133.682         ,0.000         ,-0.000              ,0.000               ,23925.598       ,0.00000           ,0.00000               ,0.000         ,0.000         ,0.200         ,-0.198        
17:38:58.611195     ,0.879       ,0.000       ,19.618      ,16.010      ,16.018      ,16.009      ,0.009       ,0.000       ,0.000       ,0.000       ,0.000       ,0.000       ,0.000       ,0.000       ,0.000       ,0.34998       ,5617          ,133.682         ,0.000         ,-0.000              ,0.000               ,23925.598       ,0.00000           ,0.00000               ,0.000         ,0.000         ,0.200         ,-0.199        
17:38:58.623850     ,0.000       ,0.000       ,0.000       ,16.030      ,16.020      ,16.009      ,0.011       ,0.000       ,0.000       ,0.000       ,0.000       ,0.000       ,0.000       ,0.000       ,0.000       ,0.34998       ,5617          ,133.682         ,0.000         ,-0.000              ,0.000               ,23925.598       ,0.00000           ,0.00000               ,0.000         ,0.000         ,0.200         ,-0.199        
17:38:58.631051     ,0.000       ,0.000       ,0.000       ,16.030      ,16.020      ,16.009      ,0.011       ,0.000       ,0.000       ,0.000       ,0.000       ,0.000       ,0.000       ,0.000       ,0.000       ,0.34998       ,5617          ,133.682         ,0.000         ,-0.000              ,0.000               ,23925.598       ,0.00000           ,0.00000               ,0.000         ,0.000         ,0.200         ,-0.197        
17:38:58.640307     ,0.000       ,0.000       ,0.000       ,16.020      ,16.018      ,16.009      ,0.009       ,0.000       ,0.000       ,0.000       ,0.000       ,0.000       ,0.000       ,0.000       ,0.000       ,0.34998       ,5617          ,133.682         ,0.000         ,-0.000              ,0.000               ,23925.598       ,0.00000           ,0.00000               ,0.000         ,0.000         ,0.200         ,-0.197        
17:38:58.656214     ,0.000       ,0.000       ,0.000       ,16.020      ,16.015      ,16.009      ,0.006       ,0.000       ,0.000       ,0.000       ,0.000       ,0.000       ,0.000       ,0.000       ,0.000       ,0.34998       ,5617          ,133.682         ,0.000         ,-0.000              ,0.000               ,23925.598       ,0.00000           ,0.00000               ,0.000         ,0.000         ,0.200         ,-0.199        
17:38:58.660317     ,0.000       ,0.000       ,0.000       ,16.020      ,16.016      ,16.009      ,0.008       ,0.000       ,0.000       ,0.000       ,0.000       ,0.000       ,0.000       ,0.000       ,0.000       ,0.34998       ,5617          ,133.682         ,0.000         ,-0.000              ,0.000               ,23925.598       ,0.00000           ,0.00000               ,0.000         ,0.000         ,0.200         ,-0.199        
17:38:58.670311     ,0.000       ,0.000       ,0.000       ,16.010      ,16.012      ,16.009      ,0.003       ,0.000       ,0.000       ,0.000       ,0.000       ,0.000       ,0.000       ,0.000       ,0.000       ,0.34998       ,5617          ,133.682         ,0.000         ,-0.000              ,0.000               ,23925.598       ,0.00000           ,0.00000               ,0.000         ,0.000         ,0.200         ,-0.199        
17:38:58.680435     ,0.000       ,0.000       ,0.000       ,16.000      ,16.007      ,16.009      ,-0.002      ,0.000       ,0.000       ,0.000       ,0.000       ,0.000       ,0.000       ,0.000       ,0.000       ,0.34998       ,5617          ,133.682         ,0.000         ,-0.000              ,0.000               ,23925.598       ,0.00000           ,0.00000               ,0.000         ,0.000         ,0.200         ,-0.198        
17:38:58.690312     ,0.000       ,0.000       ,0.000       ,16.010      ,16.006      ,16.009      ,-0.002      ,0.000       ,0.000       ,0.000       ,0.000       ,0.000       ,0.000       ,0.000       ,0.000       ,0.34998       ,5617          ,133.682         ,0.000         ,-0.000              ,0.000               ,23925.598       ,0.00000           ,0.00000               ,0.000         ,0.000         ,0.200         ,-0.198        
17:38:58.700310     ,0.000       ,0.000       ,0.000       ,16.020      ,16.007      ,16.009      ,-0.002      ,0.000       ,0.000       ,0.000       ,0.000       ,0.000       ,0.000       ,0.000       ,0.000       ,0.34998       ,5617          ,133.682         ,0.000         ,-0.000              ,0.000               ,23925.598       ,0.00000           ,0.00000               ,0.000         ,0.000         ,0.200         ,-0.198        
17:38:58.716984     ,0.000       ,0.000       ,0.000       ,16.020      ,16.006      ,16.009      ,-0.003      ,0.000       ,0.000       ,0.000       ,0.000       ,0.000       ,0.000       ,0.000       ,0.000       ,0.34998       ,5617          ,133.682         ,0.000         ,-0.000              ,0.000               ,23925.598       ,0.00000           ,0.00000               ,0.000         ,0.000         ,0.200         ,-0.199        
17:38:58.723907     ,0.883       ,0.000       ,19.635      ,16.020      ,16.006      ,16.009      ,-0.003      ,0.000       ,0.000       ,0.000       ,0.000       ,0.000       ,0.000       ,0.000       ,0.000       ,0.34998       ,5617          ,133.682         ,0.000         ,-0.000              ,0.000               ,23925.598       ,0.00000           ,0.00000               ,0.000         ,0.000         ,0.200         ,-0.199        
17:38:58.735383     ,0.883       ,0.000       ,19.635      ,16.010      ,16.006      ,16.009      ,-0.003      ,0.000       ,0.000       ,0.000       ,0.000       ,0.000       ,0.000       ,0.000       ,0.000       ,0.34998       ,5617          ,133.682         ,0.000         ,-0.000              ,0.000               ,23925.598       ,0.00000           ,0.00000               ,0.000         ,0.000         ,0.200         ,-0.197        
17:38:58.740306     ,0.883       ,0.000       ,19.635      ,16.020      ,16.007      ,16.009      ,-0.002      ,0.000       ,0.000       ,0.000       ,0.000       ,0.000       ,0.000       ,0.000       ,0.000       ,0.34998       ,5617          ,133.682         ,0.000         ,-0.000              ,0.000               ,23925.598       ,0.00000           ,0.00000               ,0.000         ,0.000         ,0.200         ,-0.197        
17:38:58.753963     ,0.883       ,0.000       ,19.635      ,16.010      ,16.005      ,16.009      ,-0.004      ,0.000       ,0.000       ,0.000       ,0.000       ,0.000       ,0.000       ,0.000       ,0.000       ,0.34998       ,5617          ,133.682         ,0.000         ,-0.000              ,0.000               ,23925.598       ,0.00000           ,0.00000               ,0.000         ,0.000         ,0.200         ,-0.197        
17:38:58.760339     ,0.883       ,0.000       ,19.635      ,16.010      ,16.005      ,16.009      ,-0.004      ,0.000       ,0.000       ,0.000       ,0.000       ,0.000       ,0.000       ,0.000       ,0.000       ,0.34998       ,5617          ,133.682         ,0.000         ,-0.000              ,0.000               ,23925.598       ,0.00000           ,0.00000               ,0.000         ,0.000         ,0.200         ,-0.197        
17:38:58.772398     ,0.883       ,0.000       ,19.635      ,16.000      ,16.003      ,16.009      ,-0.006      ,0.000       ,0.000       ,0.000       ,0.000       ,0.000       ,0.000       ,0.000       ,0.000       ,0.34998       ,5617          ,133.682         ,0.000         ,-0.000              ,0.000               ,23925.598       ,0.00000           ,0.00000               ,0.000         ,0.000         ,0.200         ,-0.199        
17:38:58.780302     ,0.883       ,0.000       ,19.635      ,16.010      ,16.005      ,16.009      ,-0.004      ,0.000       ,0.000       ,0.000       ,0.000       ,0.000       ,0.000       ,0.000       ,0.000       ,0.34998       ,5617          ,133.682         ,0.000         ,-0.000              ,0.000               ,23925.598       ,0.00000           ,0.00000               ,0.000         ,0.000         ,0.200         ,-0.199        
17:38:58.791003     ,0.883       ,0.000       ,19.635      ,16.020      ,16.005      ,16.009      ,-0.004      ,0.000       ,0.000       ,0.000       ,0.000       ,0.000       ,0.000       ,0.000       ,0.000       ,0.34998       ,5617          ,133.682         ,0.000         ,-0.000              ,0.000               ,23925.598       ,0.00000           ,0.00000               ,0.000         ,0.000         ,0.200         ,-0.204        
17:38:58.800308     ,0.883       ,0.000       ,19.635      ,16.020      ,16.005      ,16.009      ,-0.003      ,0.000       ,0.000       ,0.000       ,0.000       ,0.000       ,0.000       ,0.000       ,0.000       ,0.34998       ,5617          ,133.682         ,0.000         ,-0.000              ,0.000               ,23925.598       ,0.00000           ,0.00000               ,0.000         ,0.000         ,0.200         ,-0.204        
17:38:58.810788     ,0.883       ,0.000       ,19.635      ,16.010      ,16.003      ,16.009      ,-0.006      ,0.000       ,0.000       ,0.000       ,0.000       ,0.000       ,0.000       ,0.000       ,0.000       ,0.34998       ,5617          ,133.682         ,0.000         ,-0.000              ,0.000               ,23925.598       ,0.00000           ,0.00000               ,0.000         ,0.000         ,0.200         ,-0.206        
17:38:58.823727     ,0.883       ,0.000       ,19.618      ,16.010      ,16.004      ,16.009      ,-0.005      ,0.000       ,0.000       ,0.000       ,0.000       ,0.000       ,0.000       ,0.000       ,0.000       ,0.34998       ,5617          ,133.682         ,0.000         ,-0.000              ,0.000               ,23925.598       ,0.00000           ,0.00000               ,0.000         ,0.000         ,0.200         ,-0.206        
17:38:58.830476     ,0.883       ,0.000       ,19.618      ,16.010      ,16.003      ,16.009      ,-0.006      ,0.000       ,0.000       ,0.000       ,0.000       ,0.000       ,0.000       ,0.000       ,0.000       ,0.34998       ,5617          ,133.682         ,0.000         ,-0.000              ,0.000               ,23925.598       ,0.00000           ,0.00000               ,0.000         ,0.000         ,0.200         ,-0.201        
17:38:58.840307     ,0.883       ,0.000       ,19.618      ,16.010      ,16.002      ,16.009      ,-0.007      ,0.000       ,0.000       ,0.000       ,0.000       ,0.000       ,0.000       ,0.000       ,0.000       ,0.34998       ,5617          ,133.682         ,0.000         ,-0.000              ,0.000               ,23925.598       ,0.00000           ,0.00000               ,0.000         ,0.000         ,0.200         ,-0.201        
17:38:58.851211     ,0.883       ,0.000       ,19.618      ,16.010      ,16.002      ,16.009      ,-0.007      ,0.000       ,0.000       ,0.000       ,0.000       ,0.000       ,0.000       ,0.000       ,0.000       ,0.34998       ,5617          ,133.682         ,0.000         ,-0.000              ,0.000               ,23925.598       ,0.00000           ,0.00000               ,0.000         ,0.000         ,0.200         ,-0.199        
17:38:58.860323     ,0.883       ,0.000       ,19.618      ,16.010      ,16.003      ,16.009      ,-0.005      ,0.000       ,0.000       ,0.000       ,0.000       ,0.000       ,0.000       ,0.000       ,0.000       ,0.34998       ,5617          ,133.682         ,0.000         ,-0.000              ,0.000               ,23925.598       ,0.00000           ,0.00000               ,0.000         ,0.000         ,0.200         ,-0.199        
17:38:58.871736     ,0.883       ,0.000       ,19.618      ,16.000      ,16.002      ,16.009      ,-0.007      ,0.000       ,0.000       ,0.000       ,0.000       ,0.000       ,0.000       ,0.000       ,0.000       ,0.34998       ,5617          ,133.682         ,0.000         ,-0.000              ,0.000               ,23925.598       ,0.00000           ,0.00000               ,0.000         ,0.000         ,0.200         ,-0.197        
17:38:58.880305     ,0.883       ,0.000       ,19.618      ,16.010      ,16.002      ,16.009      ,-0.007      ,0.000       ,0.000       ,0.000       ,0.000       ,0.000       ,0.000       ,0.000       ,0.000       ,0.34998       ,5617          ,133.682         ,0.000         ,-0.000              ,0.000               ,23925.598       ,0.00000           ,0.00000               ,0.000         ,0.000         ,0.200         ,-0.197        
17:38:58.890315     ,0.883       ,0.000       ,19.618      ,16.010      ,16.001      ,16.009      ,-0.008      ,0.000       ,0.000       ,0.000       ,0.000       ,0.000       ,0.000       ,0.000       ,0.000       ,0.34998       ,5617          ,133.682         ,0.000         ,-0.000              ,0.000               ,23925.598       ,0.00000           ,0.00000               ,0.000         ,0.000         ,0.200         ,-0.199        
17:38:58.900302     ,0.883       ,0.000       ,19.618      ,16.030      ,16.003      ,16.009      ,-0.006      ,0.000       ,0.000       ,0.000       ,0.000       ,0.000       ,0.000       ,0.000       ,0.000       ,0.34998       ,5617          ,133.682         ,0.000         ,-0.000              ,0.000               ,23925.598       ,0.00000           ,0.00000               ,0.000         ,0.000         ,0.200         ,-0.199        
17:38:58.910301     ,0.883       ,0.000       ,19.618      ,16.010      ,16.001      ,16.009      ,-0.007      ,0.000       ,0.000       ,0.000       ,0.000       ,0.000       ,0.000       ,0.000       ,0.000       ,0.34998       ,5617          ,133.682         ,0.000         ,-0.000              ,0.000               ,23925.598       ,0.00000           ,0.00000               ,0.000         ,0.000         ,0.200         ,-0.198        
