Time                ,Current(A)  ,TargetCurrent(A),Voltage(V)  ,PressureRaw(kg),PressureFiltered(kg),F0(kg)      ,DeltaF      ,PI_P(mA)    ,PI_I(mA)    ,PI_D(mA)    ,PI_LastCurrent(mA),Feedforward(mA),AlgoDeltaF(kg),AlgoPressure(kg),RopeLength(m) ,EncoderValue  ,EncoderAngle(deg),MotorSpeed(rpm),MotorLinearVel(m/s) ,MotorTheoryVel(m/s) ,MotorPosition(m),RopeVelocityRaw(m/s),RopeVelocityFiltered(m/s),WeightRaw(kg) ,WeightFiltered(kg)
18:26:40.501377     ,0.000       ,0.000       ,0.000       ,16.080      ,16.078      ,16.078      ,0.000       ,0.000       ,0.000       ,0.000       ,0.000       ,0.000       ,0.000       ,0.000       ,0.16866       ,3120          ,274.219         ,0.000         ,-0.000              ,0.000               ,34514.234       ,0.00000           ,0.00000               ,0.000         ,0.000         
18:26:40.507404     ,0.000       ,0.000       ,0.000       ,16.090      ,16.079      ,16.079      ,0.001       ,0.000       ,0.000       ,0.000       ,0.000       ,0.000       ,0.000       ,0.000       ,0.16866       ,3120          ,274.219         ,0.000         ,-0.000              ,0.000               ,34514.234       ,0.00000           ,0.00000               ,0.000         ,0.000         
18:26:40.519765     ,0.000       ,0.000       ,0.000       ,16.090      ,16.080      ,16.079      ,0.001       ,0.000       ,0.000       ,0.000       ,0.000       ,0.000       ,0.000       ,0.000       ,0.16866       ,3120          ,274.219         ,0.000         ,-0.000              ,0.000               ,34514.234       ,0.00000           ,0.00000               ,0.000         ,0.000         
18:26:40.527109     ,0.000       ,0.000       ,0.000       ,16.090      ,16.080      ,16.079      ,0.001       ,0.000       ,0.000       ,0.000       ,0.000       ,0.000       ,0.000       ,0.000       ,0.16866       ,3120          ,274.219         ,0.000         ,-0.000              ,0.000               ,34514.234       ,0.00000           ,0.00000               ,0.000         ,0.000         
18:26:40.538604     ,0.000       ,0.000       ,0.000       ,16.100      ,16.082      ,16.080      ,0.002       ,0.000       ,0.000       ,0.000       ,0.000       ,0.000       ,0.000       ,0.000       ,0.16866       ,3120          ,274.219         ,0.000         ,-0.000              ,0.000               ,34514.234       ,0.00000           ,0.00000               ,0.000         ,0.000         
18:26:40.547232     ,0.000       ,0.000       ,0.000       ,16.090      ,16.083      ,16.080      ,0.003       ,0.000       ,0.000       ,0.000       ,0.000       ,0.000       ,0.000       ,0.000       ,0.16866       ,3120          ,274.219         ,0.000         ,-0.000              ,0.000               ,34514.234       ,0.00000           ,0.00000               ,0.000         ,0.000         
18:26:40.557200     ,0.000       ,0.000       ,0.000       ,16.090      ,16.082      ,16.081      ,0.001       ,0.000       ,0.000       ,0.000       ,0.000       ,0.000       ,0.000       ,0.000       ,0.16866       ,3120          ,274.219         ,0.000         ,-0.000              ,0.000               ,34514.234       ,0.00000           ,0.00000               ,0.000         ,0.000         
18:26:40.567212     ,0.000       ,0.000       ,0.000       ,16.090      ,16.082      ,16.081      ,0.001       ,0.000       ,0.000       ,0.000       ,0.000       ,0.000       ,0.000       ,0.000       ,0.16866       ,3120          ,274.219         ,0.000         ,-0.000              ,0.000               ,34514.234       ,0.00000           ,0.00000               ,0.000         ,0.000         
18:26:40.577115     ,0.000       ,0.000       ,0.000       ,16.100      ,16.084      ,16.081      ,0.003       ,0.000       ,0.000       ,0.000       ,0.000       ,0.000       ,0.000       ,0.000       ,0.16866       ,3120          ,274.219         ,0.000         ,-0.000              ,0.000               ,34514.234       ,0.00000           ,0.00000               ,0.000         ,0.000         
18:26:40.587385     ,0.000       ,0.000       ,0.000       ,16.100      ,16.085      ,16.082      ,0.003       ,0.000       ,0.000       ,0.000       ,0.000       ,0.000       ,0.000       ,0.000       ,0.16866       ,3120          ,274.219         ,0.000         ,-0.000              ,0.000               ,34514.234       ,0.00000           ,0.00000               ,0.000         ,0.000         
18:26:40.597093     ,0.000       ,0.000       ,0.000       ,16.100      ,16.087      ,16.082      ,0.005       ,0.000       ,0.000       ,0.000       ,0.000       ,0.000       ,0.000       ,0.000       ,0.16866       ,3120          ,274.219         ,0.000         ,-0.000              ,0.000               ,34514.234       ,0.00000           ,0.00000               ,0.000         ,0.000         
18:26:40.611815     ,0.000       ,0.000       ,0.000       ,16.100      ,16.089      ,16.083      ,0.006       ,0.000       ,0.000       ,0.000       ,0.000       ,0.000       ,0.000       ,0.000       ,0.16866       ,3120          ,274.219         ,0.000         ,-0.000              ,0.000               ,34514.234       ,0.00000           ,0.00000               ,0.000         ,0.000         
18:26:40.617248     ,0.000       ,0.000       ,0.000       ,16.120      ,16.094      ,16.083      ,0.010       ,0.000       ,0.000       ,0.000       ,0.000       ,0.000       ,0.000       ,0.000       ,0.16866       ,3120          ,274.219         ,0.000         ,-0.000              ,0.000               ,34514.234       ,0.00000           ,0.00000               ,0.000         ,0.000         
18:26:40.629480     ,0.000       ,0.000       ,0.000       ,16.090      ,16.091      ,16.084      ,0.007       ,0.000       ,0.000       ,0.000       ,0.000       ,0.000       ,0.000       ,0.000       ,0.16866       ,3120          ,274.219         ,0.000         ,-0.000              ,0.000               ,34514.234       ,0.00000           ,0.00000               ,0.000         ,0.000         
18:26:40.637190     ,0.000       ,0.000       ,0.000       ,16.100      ,16.092      ,16.085      ,0.007       ,0.000       ,0.000       ,0.000       ,0.000       ,0.000       ,0.000       ,0.000       ,0.16866       ,3120          ,274.219         ,0.000         ,-0.000              ,0.000               ,34514.234       ,0.00000           ,0.00000               ,0.000         ,0.000         
18:26:40.648203     ,0.000       ,0.000       ,0.000       ,16.100      ,16.093      ,16.085      ,0.008       ,0.000       ,0.000       ,0.000       ,0.000       ,0.000       ,0.000       ,0.000       ,0.16866       ,3120          ,274.219         ,0.000         ,-0.000              ,0.000               ,34514.234       ,0.00000           ,0.00000               ,0.000         ,0.000         
18:26:40.657230     ,0.000       ,0.000       ,0.000       ,16.120      ,16.097      ,16.086      ,0.012       ,0.000       ,0.000       ,0.000       ,0.000       ,0.000       ,0.000       ,0.000       ,0.16866       ,3120          ,274.219         ,0.000         ,-0.000              ,0.000               ,34514.234       ,0.00000           ,0.00000               ,0.000         ,0.000         
18:26:40.667065     ,0.000       ,0.000       ,0.000       ,16.100      ,16.094      ,16.086      ,0.008       ,0.000       ,0.000       ,0.000       ,0.000       ,0.000       ,0.000       ,0.000       ,0.16866       ,3120          ,274.219         ,0.000         ,-0.000              ,0.000               ,34514.234       ,0.00000           ,0.00000               ,0.000         ,0.000         
18:26:40.677152     ,0.000       ,0.000       ,0.000       ,16.100      ,16.096      ,16.087      ,0.009       ,0.000       ,0.000       ,0.000       ,0.000       ,0.000       ,0.000       ,0.000       ,0.16866       ,3120          ,274.219         ,0.000         ,-0.000              ,0.000               ,34514.234       ,0.00000           ,0.00000               ,0.000         ,0.000         
18:26:40.687380     ,0.000       ,0.000       ,0.000       ,16.120      ,16.099      ,16.087      ,0.012       ,0.000       ,0.000       ,0.000       ,0.000       ,0.000       ,0.000       ,0.000       ,0.16866       ,3120          ,274.219         ,0.000         ,-0.000              ,0.000               ,34514.234       ,0.00000           ,0.00000               ,0.000         ,0.000         
18:26:40.697248     ,0.000       ,0.000       ,0.000       ,16.120      ,16.102      ,16.088      ,0.013       ,0.000       ,0.000       ,0.000       ,0.000       ,0.000       ,0.000       ,0.000       ,0.16866       ,3120          ,274.219         ,0.000         ,-0.000              ,0.000               ,34514.234       ,0.00000           ,0.00000               ,0.000         ,0.000         
18:26:40.707212     ,0.000       ,0.000       ,0.000       ,16.100      ,16.097      ,16.088      ,0.009       ,0.000       ,0.000       ,0.000       ,0.000       ,0.000       ,0.000       ,0.000       ,0.16866       ,3120          ,274.219         ,0.000         ,-0.000              ,0.000               ,34514.234       ,0.00000           ,0.00000               ,0.000         ,0.000         
18:26:40.723096     ,0.000       ,0.000       ,0.000       ,16.120      ,16.102      ,16.089      ,0.013       ,0.000       ,0.000       ,0.000       ,0.000       ,0.000       ,0.000       ,0.000       ,0.16866       ,3120          ,274.219         ,0.000         ,-0.000              ,0.000               ,34514.234       ,0.00000           ,0.00000               ,0.000         ,0.000         
18:26:40.727115     ,0.000       ,0.000       ,0.000       ,16.130      ,16.107      ,16.090      ,0.017       ,0.000       ,0.000       ,0.000       ,0.000       ,0.000       ,0.000       ,0.000       ,0.16866       ,3120          ,274.219         ,0.000         ,-0.000              ,0.000               ,34514.234       ,0.00000           ,0.00000               ,0.000         ,0.000         
18:26:40.741726     ,0.000       ,0.000       ,0.000       ,16.120      ,16.107      ,16.090      ,0.016       ,0.000       ,0.000       ,0.000       ,0.000       ,0.000       ,0.000       ,0.000       ,0.16866       ,3120          ,274.219         ,0.000         ,-0.000              ,0.000               ,34514.234       ,0.00000           ,0.00000               ,0.000         ,0.000         
18:26:40.747070     ,0.000       ,0.000       ,0.000       ,16.120      ,16.108      ,16.091      ,0.016       ,0.000       ,0.000       ,0.000       ,0.000       ,0.000       ,0.000       ,0.000       ,0.16866       ,3120          ,274.219         ,0.000         ,-0.000              ,0.000               ,34514.234       ,0.00000           ,0.00000               ,0.000         ,0.000         
18:26:40.759438     ,0.000       ,0.000       ,0.000       ,16.120      ,16.112      ,16.092      ,0.020       ,0.000       ,0.000       ,0.000       ,0.000       ,0.000       ,0.000       ,0.000       ,0.16866       ,3120          ,274.219         ,0.000         ,-0.000              ,0.000               ,34514.234       ,0.00000           ,0.00000               ,0.000         ,0.000         
18:26:40.767075     ,0.000       ,0.000       ,0.000       ,16.120      ,16.113      ,16.093      ,0.020       ,0.000       ,0.000       ,0.000       ,0.000       ,0.000       ,0.000       ,0.000       ,0.16866       ,3120          ,274.219         ,0.000         ,-0.000              ,0.000               ,34514.234       ,0.00000           ,0.00000               ,0.000         ,0.000         
18:26:40.777139     ,0.000       ,0.000       ,0.000       ,16.120      ,16.111      ,16.093      ,0.018       ,0.000       ,0.000       ,0.000       ,0.000       ,0.000       ,0.000       ,0.000       ,0.16866       ,3120          ,274.219         ,0.000         ,-0.000              ,0.000               ,34514.234       ,0.00000           ,0.00000               ,0.000         ,0.000         
18:26:40.787220     ,0.000       ,0.000       ,0.000       ,16.120      ,16.112      ,16.094      ,0.018       ,0.000       ,0.000       ,0.000       ,0.000       ,0.000       ,0.000       ,0.000       ,0.16866       ,3120          ,274.219         ,0.000         ,-0.000              ,0.000               ,34514.234       ,0.00000           ,0.00000               ,0.000         ,0.000         
18:26:40.797089     ,0.000       ,0.000       ,0.000       ,16.120      ,16.113      ,16.095      ,0.018       ,0.000       ,0.000       ,0.000       ,0.000       ,0.000       ,0.000       ,0.000       ,0.16866       ,3120          ,274.219         ,0.000         ,-0.000              ,0.000               ,34514.234       ,0.00000           ,0.00000               ,0.000         ,0.000         
18:26:40.807231     ,0.000       ,0.000       ,0.000       ,16.130      ,16.114      ,16.095      ,0.019       ,0.000       ,0.000       ,0.000       ,0.000       ,0.000       ,0.000       ,0.000       ,0.16866       ,3120          ,274.219         ,0.000         ,-0.000              ,0.000               ,34514.234       ,0.00000           ,0.00000               ,0.000         ,0.000         
18:26:40.817281     ,0.000       ,0.000       ,0.000       ,16.120      ,16.113      ,16.096      ,0.018       ,0.000       ,0.000       ,0.000       ,0.000       ,0.000       ,0.000       ,0.000       ,0.16866       ,3120          ,274.219         ,0.000         ,-0.000              ,0.000               ,34514.234       ,0.00000           ,0.00000               ,0.000         ,0.000         
18:26:40.832907     ,0.000       ,0.000       ,0.000       ,16.130      ,16.114      ,16.096      ,0.018       ,0.000       ,0.000       ,0.000       ,0.000       ,0.000       ,0.000       ,0.000       ,0.16866       ,3120          ,274.219         ,0.000         ,-0.000              ,0.000               ,34514.234       ,0.00000           ,0.00000               ,0.000         ,0.000         
18:26:40.837220     ,0.000       ,0.000       ,0.000       ,16.130      ,16.116      ,16.097      ,0.019       ,0.000       ,0.000       ,0.000       ,0.000       ,0.000       ,0.000       ,0.000       ,0.16866       ,3120          ,274.219         ,0.000         ,-0.000              ,0.000               ,34514.234       ,0.00000           ,0.00000               ,0.000         ,0.000         
18:26:40.852617     ,0.000       ,0.000       ,0.000       ,16.120      ,16.115      ,16.097      ,0.018       ,0.000       ,0.000       ,0.000       ,0.000       ,0.000       ,0.000       ,0.000       ,0.16866       ,3120          ,274.219         ,0.000         ,-0.000              ,0.000               ,34514.234       ,0.00000           ,0.00000               ,0.000         ,0.000         
18:26:40.857472     ,0.000       ,0.000       ,0.000       ,16.140      ,16.118      ,16.098      ,0.020       ,0.000       ,0.000       ,0.000       ,0.000       ,0.000       ,0.000       ,0.000       ,0.16866       ,3120          ,274.219         ,0.000         ,-0.000              ,0.000               ,34514.234       ,0.00000           ,0.00000               ,0.000         ,0.000         
18:26:40.870344     ,0.000       ,0.000       ,0.000       ,16.130      ,16.120      ,16.098      ,0.022       ,0.000       ,0.000       ,0.000       ,0.000       ,0.000       ,0.000       ,0.000       ,0.16866       ,3120          ,274.219         ,0.000         ,-0.000              ,0.000               ,34514.234       ,0.00000           ,0.00000               ,0.000         ,0.000         
18:26:40.877143     ,0.000       ,0.000       ,0.000       ,16.130      ,16.121      ,16.099      ,0.021       ,0.000       ,0.000       ,0.000       ,0.000       ,0.000       ,0.000       ,0.000       ,0.16866       ,3120          ,274.219         ,0.000         ,-0.000              ,0.000               ,34514.234       ,0.00000           ,0.00000               ,0.000         ,0.000         
18:26:40.889191     ,0.000       ,0.000       ,0.000       ,16.130      ,16.121      ,16.100      ,0.022       ,0.000       ,0.000       ,0.000       ,0.000       ,0.000       ,0.000       ,0.000       ,0.16866       ,3120          ,274.219         ,0.000         ,-0.000              ,0.000               ,34514.234       ,0.00000           ,0.00000               ,0.000         ,0.000         
18:26:40.897305     ,0.000       ,0.000       ,0.000       ,16.130      ,16.123      ,16.100      ,0.023       ,0.000       ,0.000       ,0.000       ,0.000       ,0.000       ,0.000       ,0.000       ,0.16866       ,3120          ,274.219         ,0.000         ,-0.000              ,0.000               ,34514.234       ,0.00000           ,0.00000               ,0.000         ,0.000         
18:26:40.907905     ,0.000       ,0.000       ,0.000       ,16.130      ,16.122      ,16.101      ,0.021       ,0.000       ,0.000       ,0.000       ,0.000       ,0.000       ,0.000       ,0.000       ,0.16866       ,3120          ,274.219         ,0.000         ,-0.000              ,0.000               ,34514.234       ,0.00000           ,0.00000               ,0.000         ,0.000         
18:26:40.917411     ,0.000       ,0.000       ,0.000       ,16.130      ,16.122      ,16.101      ,0.021       ,0.000       ,0.000       ,0.000       ,0.000       ,0.000       ,0.000       ,0.000       ,0.16866       ,3120          ,274.219         ,0.000         ,-0.000              ,0.000               ,34514.234       ,0.00000           ,0.00000               ,0.000         ,0.000         
18:26:40.927138     ,0.000       ,0.000       ,0.000       ,16.140      ,16.124      ,16.102      ,0.022       ,0.000       ,0.000       ,0.000       ,0.000       ,0.000       ,0.000       ,0.000       ,0.16866       ,3120          ,274.219         ,0.000         ,-0.000              ,0.000               ,34514.234       ,0.00000           ,0.00000               ,0.000         ,0.000         
18:26:40.937214     ,0.000       ,0.000       ,0.000       ,16.140      ,16.125      ,16.102      ,0.023       ,0.000       ,0.000       ,0.000       ,0.000       ,0.000       ,0.000       ,0.000       ,0.16866       ,3120          ,274.219         ,0.000         ,-0.000              ,0.000               ,34514.234       ,0.00000           ,0.00000               ,0.000         ,0.000         
18:26:40.947112     ,0.000       ,0.000       ,0.000       ,16.140      ,16.126      ,16.103      ,0.023       ,0.000       ,0.000       ,0.000       ,0.000       ,0.000       ,0.000       ,0.000       ,0.16866       ,3120          ,274.219         ,0.000         ,-0.000              ,0.000               ,34514.234       ,0.00000           ,0.00000               ,0.000         ,0.000         
18:26:40.961734     ,0.000       ,0.000       ,0.000       ,16.130      ,16.125      ,16.103      ,0.022       ,0.000       ,0.000       ,0.000       ,0.000       ,0.000       ,0.000       ,0.000       ,0.16866       ,3120          ,274.219         ,0.000         ,-0.000              ,0.000               ,34514.234       ,0.00000           ,0.00000               ,0.000         ,0.000         
18:26:40.967261     ,0.000       ,0.000       ,0.000       ,16.140      ,16.128      ,16.104      ,0.024       ,0.000       ,0.000       ,0.000       ,0.000       ,0.000       ,0.000       ,0.000       ,0.16866       ,3120          ,274.219         ,0.000         ,-0.000              ,0.000               ,34514.234       ,0.00000           ,0.00000               ,0.000         ,0.000         
18:26:40.980256     ,0.000       ,0.000       ,0.000       ,16.140      ,16.128      ,16.104      ,0.024       ,0.000       ,0.000       ,0.000       ,0.000       ,0.000       ,0.000       ,0.000       ,0.16866       ,3120          ,274.219         ,0.000         ,-0.000              ,0.000               ,34514.234       ,0.00000           ,0.00000               ,0.000         ,0.000         
18:26:40.987075     ,0.000       ,0.000       ,0.000       ,16.140      ,16.129      ,16.105      ,0.024       ,0.000       ,0.000       ,0.000       ,0.000       ,0.000       ,0.000       ,0.000       ,0.16866       ,3120          ,274.219         ,0.000         ,-0.000              ,0.000               ,34514.234       ,0.00000           ,0.00000               ,0.000         ,0.000         
18:26:40.999123     ,0.000       ,0.000       ,0.000       ,16.140      ,16.130      ,16.105      ,0.025       ,0.000       ,0.000       ,0.000       ,0.000       ,0.000       ,0.000       ,0.000       ,0.16866       ,3120          ,274.219         ,0.000         ,-0.000              ,0.000               ,34514.234       ,0.00000           ,0.00000               ,0.000         ,0.000         
18:26:41.007371     ,0.000       ,0.000       ,0.000       ,16.140      ,16.132      ,16.105      ,0.027       ,0.000       ,0.000       ,0.000       ,0.000       ,0.000       ,0.000       ,0.000       ,0.16866       ,3120          ,274.219         ,0.000         ,-0.000              ,0.000               ,34514.234       ,0.00000           ,0.00000               ,0.000         ,0.000         
18:26:41.017602     ,0.000       ,0.000       ,0.000       ,16.140      ,16.132      ,16.105      ,0.027       ,0.000       ,0.000       ,0.000       ,0.000       ,0.000       ,0.000       ,0.000       ,0.16866       ,3120          ,274.219         ,0.000         ,-0.000              ,0.000               ,34514.234       ,0.00000           ,0.00000               ,0.000         ,0.000         
18:26:41.027130     ,0.000       ,0.000       ,0.000       ,16.140      ,16.131      ,16.105      ,0.027       ,0.000       ,0.000       ,0.000       ,0.000       ,0.000       ,0.000       ,0.000       ,0.16866       ,3120          ,274.219         ,0.000         ,-0.000              ,0.000               ,34514.234       ,0.00000           ,0.00000               ,0.000         ,0.000         
18:26:41.037281     ,0.000       ,0.000       ,0.000       ,16.140      ,16.131      ,16.105      ,0.026       ,0.000       ,0.000       ,0.000       ,0.000       ,0.000       ,0.000       ,0.000       ,0.16866       ,3120          ,274.219         ,0.000         ,-0.000              ,0.000               ,34514.234       ,0.00000           ,0.00000               ,0.000         ,0.000         
18:26:41.047119     ,0.000       ,0.000       ,0.000       ,16.150      ,16.133      ,16.105      ,0.028       ,0.000       ,0.000       ,0.000       ,0.000       ,0.000       ,0.000       ,0.000       ,0.16866       ,3120          ,274.219         ,0.000         ,-0.000              ,0.000               ,34514.234       ,0.00000           ,0.00000               ,0.000         ,0.000         
18:26:41.057245     ,0.000       ,0.000       ,0.000       ,16.150      ,16.134      ,16.105      ,0.030       ,0.000       ,0.000       ,0.000       ,0.000       ,0.000       ,0.000       ,0.000       ,0.16866       ,3120          ,274.219         ,0.000         ,-0.000              ,0.000               ,34514.234       ,0.00000           ,0.00000               ,0.000         ,0.000         
18:26:41.071372     ,0.000       ,0.000       ,0.000       ,16.150      ,16.136      ,16.105      ,0.031       ,0.000       ,0.000       ,0.000       ,0.000       ,0.000       ,0.000       ,0.000       ,0.16866       ,3120          ,274.219         ,0.000         ,-0.000              ,0.000               ,34514.234       ,0.00000           ,0.00000               ,0.000         ,0.000         
18:26:41.077377     ,0.000       ,0.000       ,0.000       ,16.140      ,16.136      ,16.105      ,0.031       ,0.000       ,0.000       ,0.000       ,0.000       ,0.000       ,0.000       ,0.000       ,0.16866       ,3120          ,274.219         ,0.000         ,-0.000              ,0.000               ,34514.234       ,0.00000           ,0.00000               ,0.000         ,0.000         
18:26:41.090116     ,0.000       ,0.000       ,0.000       ,16.140      ,16.136      ,16.105      ,0.032       ,0.000       ,0.000       ,0.000       ,0.000       ,0.000       ,0.000       ,0.000       ,0.16866       ,3120          ,274.219         ,0.000         ,-0.000              ,0.000               ,34514.234       ,0.00000           ,0.00000               ,0.000         ,0.000         
18:26:41.097148     ,0.000       ,0.000       ,0.000       ,16.150      ,16.137      ,16.105      ,0.033       ,0.000       ,0.000       ,0.000       ,0.000       ,0.000       ,0.000       ,0.000       ,0.16866       ,3120          ,274.219         ,0.000         ,-0.000              ,0.000               ,34514.234       ,0.00000           ,0.00000               ,0.000         ,0.000         
18:26:41.108851     ,0.000       ,0.000       ,0.000       ,16.150      ,16.138      ,16.105      ,0.033       ,0.000       ,0.000       ,0.000       ,0.000       ,0.000       ,0.000       ,0.000       ,0.16866       ,3120          ,274.219         ,0.000         ,-0.000              ,0.000               ,34514.234       ,0.00000           ,0.00000               ,0.000         ,0.000         
18:26:41.117075     ,0.000       ,0.000       ,0.000       ,16.140      ,16.137      ,16.105      ,0.032       ,0.000       ,0.000       ,0.000       ,0.000       ,0.000       ,0.000       ,0.000       ,0.16866       ,3120          ,274.219         ,0.000         ,-0.000              ,0.000               ,34514.234       ,0.00000           ,0.00000               ,0.000         ,0.000         
18:26:41.127192     ,0.000       ,0.000       ,0.000       ,16.150      ,16.139      ,16.105      ,0.034       ,0.000       ,0.000       ,0.000       ,0.000       ,0.000       ,0.000       ,0.000       ,0.16866       ,3120          ,274.219         ,0.000         ,-0.000              ,0.000               ,34514.234       ,0.00000           ,0.00000               ,0.000         ,0.000         
18:26:41.137246     ,0.000       ,0.000       ,0.000       ,16.140      ,16.138      ,16.105      ,0.033       ,0.000       ,0.000       ,0.000       ,0.000       ,0.000       ,0.000       ,0.000       ,0.16866       ,3120          ,274.219         ,0.000         ,-0.000              ,0.000               ,34514.234       ,0.00000           ,0.00000               ,0.000         ,0.000         
18:26:41.147098     ,0.000       ,0.000       ,0.000       ,16.150      ,16.137      ,16.105      ,0.033       ,0.000       ,0.000       ,0.000       ,0.000       ,0.000       ,0.000       ,0.000       ,0.16866       ,3120          ,274.219         ,0.000         ,-0.000              ,0.000               ,34514.234       ,0.00000           ,0.00000               ,0.000         ,0.000         
18:26:41.157367     ,0.000       ,0.000       ,0.000       ,16.160      ,16.139      ,16.105      ,0.034       ,0.000       ,0.000       ,0.000       ,0.000       ,0.000       ,0.000       ,0.000       ,0.16866       ,3120          ,274.219         ,0.000         ,-0.000              ,0.000               ,34514.234       ,0.00000           ,0.00000               ,0.000         ,0.000         
18:26:41.167106     ,0.000       ,0.000       ,0.000       ,16.150      ,16.140      ,16.105      ,0.035       ,0.000       ,0.000       ,0.000       ,0.000       ,0.000       ,0.000       ,0.000       ,0.16866       ,3120          ,274.219         ,0.000         ,-0.000              ,0.000               ,34514.234       ,0.00000           ,0.00000               ,0.000         ,0.000         
18:26:41.181677     ,0.000       ,0.000       ,0.000       ,16.150      ,16.140      ,16.105      ,0.035       ,0.000       ,0.000       ,0.000       ,0.000       ,0.000       ,0.000       ,0.000       ,0.16866       ,3120          ,274.219         ,0.000         ,-0.000              ,0.000               ,34514.234       ,0.00000           ,0.00000               ,0.000         ,0.000         
18:26:41.187229     ,0.000       ,0.000       ,0.000       ,16.140      ,16.140      ,16.105      ,0.036       ,0.000       ,0.000       ,0.000       ,0.000       ,0.000       ,0.000       ,0.000       ,0.16866       ,3120          ,274.219         ,0.000         ,-0.000              ,0.000               ,34514.234       ,0.00000           ,0.00000               ,0.000         ,0.000         
18:26:41.199303     ,0.000       ,0.000       ,0.000       ,16.140      ,16.139      ,16.105      ,0.035       ,0.000       ,0.000       ,0.000       ,0.000       ,0.000       ,0.000       ,0.000       ,0.16866       ,3120          ,274.219         ,0.000         ,-0.000              ,0.000               ,34514.234       ,0.00000           ,0.00000               ,0.000         ,0.000         
18:26:41.207415     ,0.000       ,0.000       ,0.000       ,16.150      ,16.139      ,16.105      ,0.034       ,0.000       ,0.000       ,0.000       ,0.000       ,0.000       ,0.000       ,0.000       ,0.16866       ,3120          ,274.219         ,0.000         ,-0.000              ,0.000               ,34514.234       ,0.00000           ,0.00000               ,0.000         ,0.000         
18:26:41.217859     ,0.000       ,0.000       ,0.000       ,16.140      ,16.138      ,16.105      ,0.033       ,0.000       ,0.000       ,0.000       ,0.000       ,0.000       ,0.000       ,0.000       ,0.16866       ,3120          ,274.219         ,0.000         ,-0.000              ,0.000               ,34514.234       ,0.00000           ,0.00000               ,0.000         ,0.000         
18:26:41.227173     ,0.000       ,0.000       ,0.000       ,16.150      ,16.138      ,16.105      ,0.033       ,0.000       ,0.000       ,0.000       ,0.000       ,0.000       ,0.000       ,0.000       ,0.16866       ,3120          ,274.219         ,0.000         ,-0.000              ,0.000               ,34514.234       ,0.00000           ,0.00000               ,0.000         ,0.000         
18:26:41.237090     ,0.000       ,0.000       ,0.000       ,16.150      ,16.139      ,16.105      ,0.034       ,0.000       ,0.000       ,0.000       ,0.000       ,0.000       ,0.000       ,0.000       ,0.16866       ,3120          ,274.219         ,0.000         ,-0.000              ,0.000               ,34514.234       ,0.00000           ,0.00000               ,0.000         ,0.000         
18:26:41.247120     ,0.000       ,0.000       ,0.000       ,16.150      ,16.139      ,16.105      ,0.034       ,0.000       ,0.000       ,0.000       ,0.000       ,0.000       ,0.000       ,0.000       ,0.16866       ,3120          ,274.219         ,0.000         ,-0.000              ,0.000               ,34514.234       ,0.00000           ,0.00000               ,0.000         ,0.000         
18:26:41.257344     ,0.000       ,0.000       ,0.000       ,16.160      ,16.139      ,16.105      ,0.034       ,0.000       ,0.000       ,0.000       ,0.000       ,0.000       ,0.000       ,0.000       ,0.16866       ,3120          ,274.219         ,0.000         ,-0.000              ,0.000               ,34514.234       ,0.00000           ,0.00000               ,0.000         ,0.000         
18:26:41.267107     ,0.000       ,0.000       ,0.000       ,16.150      ,16.140      ,16.105      ,0.035       ,0.000       ,0.000       ,0.000       ,0.000       ,0.000       ,0.000       ,0.000       ,0.16866       ,3120          ,274.219         ,0.000         ,-0.000              ,0.000               ,34514.234       ,0.00000           ,0.00000               ,0.000         ,0.000         
18:26:41.277324     ,0.000       ,0.000       ,0.000       ,16.150      ,16.140      ,16.105      ,0.036       ,0.000       ,0.000       ,0.000       ,0.000       ,0.000       ,0.000       ,0.000       ,0.16866       ,3120          ,274.219         ,0.000         ,-0.000              ,0.000               ,34514.234       ,0.00000           ,0.00000               ,0.000         ,0.000         
18:26:41.287090     ,0.000       ,0.000       ,0.000       ,16.150      ,16.142      ,16.105      ,0.037       ,0.000       ,0.000       ,0.000       ,0.000       ,0.000       ,0.000       ,0.000       ,0.16866       ,3120          ,274.219         ,0.000         ,-0.000              ,0.000               ,34514.234       ,0.00000           ,0.00000               ,0.000         ,0.000         
18:26:41.297537     ,0.000       ,0.000       ,0.000       ,16.150      ,16.143      ,16.105      ,0.039       ,0.000       ,0.000       ,0.000       ,0.000       ,0.000       ,0.000       ,0.000       ,0.16866       ,3120          ,274.219         ,0.000         ,-0.000              ,0.000               ,34514.234       ,0.00000           ,0.00000               ,0.000         ,0.000         
18:26:41.312362     ,0.000       ,0.000       ,0.000       ,16.150      ,16.143      ,16.105      ,0.038       ,0.000       ,0.000       ,0.000       ,0.000       ,0.000       ,0.000       ,0.000       ,0.16866       ,3120          ,274.219         ,0.000         ,-0.000              ,0.000               ,34514.234       ,0.00000           ,0.00000               ,0.000         ,0.000         
18:26:41.317107     ,0.000       ,0.000       ,0.000       ,16.150      ,16.144      ,16.105      ,0.039       ,0.000       ,0.000       ,0.000       ,0.000       ,0.000       ,0.000       ,0.000       ,0.16866       ,3120          ,274.219         ,0.000         ,-0.000              ,0.000               ,34514.234       ,0.00000           ,0.00000               ,0.000         ,0.000         
18:26:41.330851     ,0.000       ,0.000       ,0.000       ,16.150      ,16.143      ,16.105      ,0.039       ,0.000       ,0.000       ,0.000       ,0.000       ,0.000       ,0.000       ,0.000       ,0.16866       ,3120          ,274.219         ,0.000         ,-0.000              ,0.000               ,34514.234       ,0.00000           ,0.00000               ,0.000         ,0.000         
18:26:41.337121     ,0.000       ,0.000       ,0.000       ,16.160      ,16.144      ,16.105      ,0.039       ,0.000       ,0.000       ,0.000       ,0.000       ,0.000       ,0.000       ,0.000       ,0.16866       ,3120          ,274.219         ,0.000         ,-0.000              ,0.000               ,34514.234       ,0.00000           ,0.00000               ,0.000         ,0.000         
18:26:41.349375     ,0.000       ,0.000       ,0.000       ,16.150      ,16.143      ,16.105      ,0.038       ,0.000       ,0.000       ,0.000       ,0.000       ,0.000       ,0.000       ,0.000       ,0.16866       ,3120          ,274.219         ,0.000         ,-0.000              ,0.000               ,34514.234       ,0.00000           ,0.00000               ,0.000         ,0.000         
18:26:41.357200     ,0.000       ,0.000       ,0.000       ,16.150      ,16.142      ,16.105      ,0.037       ,0.000       ,0.000       ,0.000       ,0.000       ,0.000       ,0.000       ,0.000       ,0.16866       ,3120          ,274.219         ,0.000         ,-0.000              ,0.000               ,34514.234       ,0.00000           ,0.00000               ,0.000         ,0.000         
18:26:41.367891     ,0.000       ,0.000       ,0.000       ,16.150      ,16.142      ,16.105      ,0.037       ,0.000       ,0.000       ,0.000       ,0.000       ,0.000       ,0.000       ,0.000       ,0.16866       ,3120          ,274.219         ,0.000         ,-0.000              ,0.000               ,34514.234       ,0.00000           ,0.00000               ,0.000         ,0.000         
18:26:41.377169     ,0.000       ,0.000       ,0.000       ,16.150      ,16.143      ,16.105      ,0.038       ,0.000       ,0.000       ,0.000       ,0.000       ,0.000       ,0.000       ,0.000       ,0.16866       ,3120          ,274.219         ,0.000         ,-0.000              ,0.000               ,34514.234       ,0.00000           ,0.00000               ,0.000         ,0.000         
18:26:41.387677     ,0.000       ,0.000       ,0.000       ,16.160      ,16.143      ,16.105      ,0.039       ,0.000       ,0.000       ,0.000       ,0.000       ,0.000       ,0.000       ,0.000       ,0.16866       ,3120          ,274.219         ,0.000         ,-0.000              ,0.000               ,34514.234       ,0.00000           ,0.00000               ,0.000         ,0.000         
18:26:41.397211     ,0.000       ,0.000       ,0.000       ,16.160      ,16.146      ,16.105      ,0.041       ,0.000       ,0.000       ,0.000       ,0.000       ,0.000       ,0.000       ,0.000       ,0.16866       ,3120          ,274.219         ,0.000         ,-0.000              ,0.000               ,34514.234       ,0.00000           ,0.00000               ,0.000         ,0.000         
18:26:41.407288     ,0.000       ,0.000       ,0.000       ,16.150      ,16.145      ,16.105      ,0.041       ,0.000       ,0.000       ,0.000       ,0.000       ,0.000       ,0.000       ,0.000       ,0.16866       ,3120          ,274.219         ,0.000         ,-0.000              ,0.000               ,34514.234       ,0.00000           ,0.00000               ,0.000         ,0.000         
18:26:41.417144     ,0.000       ,0.000       ,0.000       ,16.150      ,16.145      ,16.105      ,0.041       ,0.000       ,0.000       ,0.000       ,0.000       ,0.000       ,0.000       ,0.000       ,0.16866       ,3120          ,274.219         ,0.000         ,-0.000              ,0.000               ,34514.234       ,0.00000           ,0.00000               ,0.000         ,0.000         
18:26:41.427340     ,0.000       ,0.000       ,0.000       ,16.160      ,16.147      ,16.105      ,0.042       ,0.000       ,0.000       ,0.000       ,0.000       ,0.000       ,0.000       ,0.000       ,0.16866       ,3120          ,274.219         ,0.000         ,-0.000              ,0.000               ,34514.234       ,0.00000           ,0.00000               ,0.000         ,0.000         
18:26:41.437107     ,0.000       ,0.000       ,0.000       ,16.150      ,16.145      ,16.105      ,0.040       ,0.000       ,0.000       ,0.000       ,0.000       ,0.000       ,0.000       ,0.000       ,0.16866       ,3120          ,274.219         ,0.000         ,-0.000              ,0.000               ,34514.234       ,0.00000           ,0.00000               ,0.000         ,0.000         
18:26:41.447139     ,0.000       ,0.000       ,0.000       ,16.160      ,16.145      ,16.105      ,0.041       ,0.000       ,0.000       ,0.000       ,0.000       ,0.000       ,0.000       ,0.000       ,0.16866       ,3120          ,274.219         ,0.000         ,-0.000              ,0.000               ,34514.234       ,0.00000           ,0.00000               ,0.000         ,0.000         
18:26:41.463570     ,0.000       ,0.000       ,0.000       ,16.150      ,16.146      ,16.105      ,0.041       ,0.000       ,0.000       ,0.000       ,0.000       ,0.000       ,0.000       ,0.000       ,0.16866       ,3120          ,274.219         ,0.000         ,-0.000              ,0.000               ,34514.234       ,0.00000           ,0.00000               ,0.000         ,0.000         
18:26:41.467123     ,0.000       ,0.000       ,0.000       ,16.150      ,16.146      ,16.105      ,0.041       ,0.000       ,0.000       ,0.000       ,0.000       ,0.000       ,0.000       ,0.000       ,0.16866       ,3120          ,274.219         ,0.000         ,-0.000              ,0.000               ,34514.234       ,0.00000           ,0.00000               ,0.000         ,0.000         
18:26:41.483009     ,0.000       ,0.000       ,0.000       ,16.150      ,16.144      ,16.105      ,0.039       ,0.000       ,0.000       ,0.000       ,0.000       ,0.000       ,0.000       ,0.000       ,0.16866       ,3120          ,274.219         ,0.000         ,-0.000              ,0.000               ,34514.234       ,0.00000           ,0.00000               ,0.000         ,0.000         
18:26:41.487289     ,0.000       ,0.000       ,0.000       ,16.160      ,16.146      ,16.105      ,0.041       ,0.000       ,0.000       ,0.000       ,0.000       ,0.000       ,0.000       ,0.000       ,0.16866       ,3120          ,274.219         ,0.000         ,-0.000              ,0.000               ,34514.234       ,0.00000           ,0.00000               ,0.000         ,0.000         
18:26:41.501544     ,0.000       ,0.000       ,0.000       ,16.150      ,16.144      ,16.105      ,0.039       ,0.000       ,0.000       ,0.000       ,0.000       ,0.000       ,0.000       ,0.000       ,0.16866       ,3120          ,274.219         ,0.000         ,-0.000              ,0.000               ,34514.234       ,0.00000           ,0.00000               ,0.000         ,0.000         
18:26:41.507402     ,0.000       ,0.000       ,0.000       ,16.160      ,16.145      ,16.105      ,0.041       ,0.000       ,0.000       ,0.000       ,0.000       ,0.000       ,0.000       ,0.000       ,0.16866       ,3120          ,274.219         ,0.000         ,-0.000              ,0.000               ,34514.234       ,0.00000           ,0.00000               ,0.000         ,0.000         
18:26:41.519149     ,0.000       ,0.000       ,0.000       ,16.150      ,16.145      ,16.105      ,0.040       ,0.000       ,0.000       ,0.000       ,0.000       ,0.000       ,0.000       ,0.000       ,0.16866       ,3120          ,274.219         ,0.000         ,-0.000              ,0.000               ,34514.234       ,0.00000           ,0.00000               ,0.000         ,0.000         
18:26:41.527377     ,0.000       ,0.000       ,0.000       ,16.150      ,16.145      ,16.105      ,0.040       ,0.000       ,0.000       ,0.000       ,0.000       ,0.000       ,0.000       ,0.000       ,0.16866       ,3120          ,274.219         ,0.000         ,-0.000              ,0.000               ,34514.234       ,0.00000           ,0.00000               ,0.000         ,0.000         
18:26:41.537886     ,0.000       ,0.000       ,0.000       ,16.150      ,16.143      ,16.105      ,0.039       ,0.000       ,0.000       ,0.000       ,0.000       ,0.000       ,0.000       ,0.000       ,0.16866       ,3120          ,274.219         ,0.000         ,-0.000              ,0.000               ,34514.234       ,0.00000           ,0.00000               ,0.000         ,0.000         
18:26:41.547326     ,0.000       ,0.000       ,0.000       ,16.150      ,16.144      ,16.105      ,0.039       ,0.000       ,0.000       ,0.000       ,0.000       ,0.000       ,0.000       ,0.000       ,0.16866       ,3120          ,274.219         ,0.000         ,-0.000              ,0.000               ,34514.234       ,0.00000           ,0.00000               ,0.000         ,0.000         
18:26:41.557407     ,0.000       ,0.000       ,0.000       ,16.150      ,16.143      ,16.105      ,0.038       ,0.000       ,0.000       ,0.000       ,0.000       ,0.000       ,0.000       ,0.000       ,0.16866       ,3120          ,274.219         ,0.000         ,-0.000              ,0.000               ,34514.234       ,0.00000           ,0.00000               ,0.000         ,0.000         
18:26:41.567325     ,0.000       ,0.000       ,0.000       ,16.160      ,16.145      ,16.105      ,0.040       ,0.000       ,0.000       ,0.000       ,0.000       ,0.000       ,0.000       ,0.000       ,0.16866       ,3120          ,274.219         ,0.000         ,-0.000              ,0.000               ,34514.234       ,0.00000           ,0.00000               ,0.000         ,0.000         
18:26:41.577194     ,0.000       ,0.000       ,0.000       ,16.150      ,16.144      ,16.105      ,0.039       ,0.000       ,0.000       ,0.000       ,0.000       ,0.000       ,0.000       ,0.000       ,0.16866       ,3120          ,274.219         ,0.000         ,-0.000              ,0.000               ,34514.234       ,0.00000           ,0.00000               ,0.000         ,0.000         
18:26:41.594115     ,0.000       ,0.000       ,0.000       ,16.160      ,16.145      ,16.105      ,0.040       ,0.000       ,0.000       ,0.000       ,0.000       ,0.000       ,0.000       ,0.000       ,0.16866       ,3120          ,274.219         ,0.000         ,-0.000              ,0.000               ,34514.234       ,0.00000           ,0.00000               ,0.000         ,0.000         
18:26:41.597325     ,0.000       ,0.000       ,0.000       ,16.160      ,16.146      ,16.105      ,0.041       ,0.000       ,0.000       ,0.000       ,0.000       ,0.000       ,0.000       ,0.000       ,0.16866       ,3120          ,274.219         ,0.000         ,-0.000              ,0.000               ,34514.234       ,0.00000           ,0.00000               ,0.000         ,0.000         
18:26:41.612790     ,0.000       ,0.000       ,0.000       ,16.150      ,16.145      ,16.105      ,0.041       ,0.000       ,0.000       ,0.000       ,0.000       ,0.000       ,0.000       ,0.000       ,0.16866       ,3120          ,274.219         ,0.000         ,-0.000              ,0.000               ,34514.234       ,0.00000           ,0.00000               ,0.000         ,0.000         
18:26:41.617136     ,0.000       ,0.000       ,0.000       ,16.160      ,16.146      ,16.105      ,0.041       ,0.000       ,0.000       ,0.000       ,0.000       ,0.000       ,0.000       ,0.000       ,0.16866       ,3120          ,274.219         ,0.000         ,-0.000              ,0.000               ,34514.234       ,0.00000           ,0.00000               ,0.000         ,0.000         
18:26:41.630398     ,0.000       ,0.000       ,0.000       ,16.150      ,16.147      ,16.105      ,0.042       ,0.000       ,0.000       ,0.000       ,0.000       ,0.000       ,0.000       ,0.000       ,0.16866       ,3120          ,274.219         ,0.000         ,-0.000              ,0.000               ,34514.234       ,0.00000           ,0.00000               ,0.000         ,0.000         
18:26:41.637142     ,0.000       ,0.000       ,0.000       ,16.150      ,16.146      ,16.105      ,0.041       ,0.000       ,0.000       ,0.000       ,0.000       ,0.000       ,0.000       ,0.000       ,0.16866       ,3120          ,274.219         ,0.000         ,-0.000              ,0.000               ,34514.234       ,0.00000           ,0.00000               ,0.000         ,0.000         
18:26:41.648987     ,0.000       ,0.000       ,0.000       ,16.160      ,16.147      ,16.105      ,0.042       ,0.000       ,0.000       ,0.000       ,0.000       ,0.000       ,0.000       ,0.000       ,0.16866       ,3120          ,274.219         ,0.000         ,-0.000              ,0.000               ,34514.234       ,0.00000           ,0.00000               ,0.000         ,0.000         
18:26:41.657092     ,0.000       ,0.000       ,0.000       ,16.160      ,16.149      ,16.105      ,0.044       ,0.000       ,0.000       ,0.000       ,0.000       ,0.000       ,0.000       ,0.000       ,0.16866       ,3120          ,274.219         ,0.000         ,-0.000              ,0.000               ,34514.234       ,0.00000           ,0.00000               ,0.000         ,0.000         
18:26:41.667485     ,0.000       ,0.000       ,0.000       ,16.150      ,16.146      ,16.105      ,0.041       ,0.000       ,0.000       ,0.000       ,0.000       ,0.000       ,0.000       ,0.000       ,0.16866       ,3120          ,274.219         ,0.000         ,-0.000              ,0.000               ,34514.234       ,0.00000           ,0.00000               ,0.000         ,0.000         
18:26:41.677014     ,0.000       ,0.000       ,0.000       ,16.150      ,16.146      ,16.105      ,0.041       ,0.000       ,0.000       ,0.000       ,0.000       ,0.000       ,0.000       ,0.000       ,0.16866       ,3120          ,274.219         ,0.000         ,-0.000              ,0.000               ,34514.234       ,0.00000           ,0.00000               ,0.000         ,0.000         
18:26:41.687461     ,0.000       ,0.000       ,0.000       ,16.160      ,16.147      ,16.105      ,0.042       ,0.000       ,0.000       ,0.000       ,0.000       ,0.000       ,0.000       ,0.000       ,0.16866       ,3120          ,274.219         ,0.000         ,-0.000              ,0.000               ,34514.234       ,0.00000           ,0.00000               ,0.000         ,0.000         
18:26:41.703662     ,0.000       ,0.000       ,0.000       ,16.150      ,16.145      ,16.105      ,0.040       ,0.000       ,0.000       ,0.000       ,0.000       ,0.000       ,0.000       ,0.000       ,0.16866       ,3120          ,274.219         ,0.000         ,-0.000              ,0.000               ,34514.234       ,0.00000           ,0.00000               ,0.000         ,0.000         
18:26:41.707484     ,0.000       ,0.000       ,0.000       ,16.150      ,16.143      ,16.105      ,0.039       ,0.000       ,0.000       ,0.000       ,0.000       ,0.000       ,0.000       ,0.000       ,0.16866       ,3120          ,274.219         ,0.000         ,-0.000              ,0.000               ,34514.234       ,0.00000           ,0.00000               ,0.000         ,0.000         
18:26:41.721285     ,0.000       ,0.000       ,0.000       ,16.150      ,16.144      ,16.105      ,0.040       ,0.000       ,0.000       ,0.000       ,0.000       ,0.000       ,0.000       ,0.000       ,0.16866       ,3120          ,274.219         ,0.000         ,-0.000              ,0.000               ,34514.234       ,0.00000           ,0.00000               ,0.000         ,0.000         
18:26:41.727453     ,0.000       ,0.000       ,0.000       ,16.140      ,16.143      ,16.105      ,0.038       ,0.000       ,0.000       ,0.000       ,0.000       ,0.000       ,0.000       ,0.000       ,0.16866       ,3120          ,274.219         ,0.000         ,-0.000              ,0.000               ,34514.234       ,0.00000           ,0.00000               ,0.000         ,0.000         
18:26:41.739095     ,0.000       ,0.000       ,0.000       ,16.160      ,16.143      ,16.105      ,0.038       ,0.000       ,0.000       ,0.000       ,0.000       ,0.000       ,0.000       ,0.000       ,0.16866       ,3120          ,274.219         ,0.000         ,-0.000              ,0.000               ,34514.234       ,0.00000           ,0.00000               ,0.000         ,0.000         
18:26:41.747508     ,0.000       ,0.000       ,0.000       ,16.150      ,16.143      ,16.105      ,0.038       ,0.000       ,0.000       ,0.000       ,0.000       ,0.000       ,0.000       ,0.000       ,0.16866       ,3120          ,274.219         ,0.000         ,-0.000              ,0.000               ,34514.234       ,0.00000           ,0.00000               ,0.000         ,0.000         
18:26:41.758847     ,0.000       ,0.000       ,0.000       ,16.140      ,16.140      ,16.105      ,0.035       ,0.000       ,0.000       ,0.000       ,0.000       ,0.000       ,0.000       ,0.000       ,0.16866       ,3120          ,274.219         ,0.000         ,-0.000              ,0.000               ,34514.234       ,0.00000           ,0.00000               ,0.000         ,0.000         
18:26:41.767475     ,0.000       ,0.000       ,0.000       ,16.150      ,16.140      ,16.105      ,0.035       ,0.000       ,0.000       ,0.000       ,0.000       ,0.000       ,0.000       ,0.000       ,0.16866       ,3120          ,274.219         ,0.000         ,-0.000              ,0.000               ,34514.234       ,0.00000           ,0.00000               ,0.000         ,0.000         
18:26:41.777403     ,0.000       ,0.000       ,0.000       ,16.160      ,16.143      ,16.105      ,0.038       ,0.000       ,0.000       ,0.000       ,0.000       ,0.000       ,0.000       ,0.000       ,0.16866       ,3120          ,274.219         ,0.000         ,-0.000              ,0.000               ,34514.234       ,0.00000           ,0.00000               ,0.000         ,0.000         
18:26:41.787447     ,0.000       ,0.000       ,0.000       ,16.150      ,16.140      ,16.105      ,0.036       ,0.000       ,0.000       ,0.000       ,0.000       ,0.000       ,0.000       ,0.000       ,0.16866       ,3120          ,274.219         ,0.000         ,-0.000              ,0.000               ,34514.234       ,0.00000           ,0.00000               ,0.000         ,0.000         
18:26:41.797157     ,0.000       ,0.000       ,0.000       ,16.150      ,16.140      ,16.105      ,0.036       ,0.000       ,0.000       ,0.000       ,0.000       ,0.000       ,0.000       ,0.000       ,0.16866       ,3120          ,274.219         ,0.000         ,-0.000              ,0.000               ,34514.234       ,0.00000           ,0.00000               ,0.000         ,0.000         
18:26:41.813669     ,0.000       ,0.000       ,0.000       ,16.140      ,16.141      ,16.105      ,0.036       ,0.000       ,0.000       ,0.000       ,0.000       ,0.000       ,0.000       ,0.000       ,0.16866       ,3120          ,274.219         ,0.000         ,-0.000              ,0.000               ,34514.234       ,0.00000           ,0.00000               ,0.000         ,0.000         
18:26:41.817121     ,0.000       ,0.000       ,0.000       ,16.140      ,16.140      ,16.105      ,0.035       ,0.000       ,0.000       ,0.000       ,0.000       ,0.000       ,0.000       ,0.000       ,0.16866       ,3120          ,274.219         ,0.000         ,-0.000              ,0.000               ,34514.234       ,0.00000           ,0.00000               ,0.000         ,0.000         
18:26:41.831154     ,0.000       ,0.000       ,0.000       ,16.150      ,16.139      ,16.105      ,0.034       ,0.000       ,0.000       ,0.000       ,0.000       ,0.000       ,0.000       ,0.000       ,0.16866       ,3120          ,274.219         ,0.000         ,-0.000              ,0.000               ,34514.234       ,0.00000           ,0.00000               ,0.000         ,0.000         
18:26:41.837115     ,0.000       ,0.000       ,0.000       ,16.140      ,16.138      ,16.105      ,0.033       ,0.000       ,0.000       ,0.000       ,0.000       ,0.000       ,0.000       ,0.000       ,0.16866       ,3120          ,274.219         ,0.000         ,-0.000              ,0.000               ,34514.234       ,0.00000           ,0.00000               ,0.000         ,0.000         
18:26:41.848687     ,0.000       ,0.000       ,0.000       ,16.140      ,16.136      ,16.105      ,0.031       ,0.000       ,0.000       ,0.000       ,0.000       ,0.000       ,0.000       ,0.000       ,0.16866       ,3120          ,274.219         ,0.000         ,-0.000              ,0.000               ,34514.234       ,0.00000           ,0.00000               ,0.000         ,0.000         
18:26:41.857076     ,0.000       ,0.000       ,0.000       ,16.140      ,16.136      ,16.105      ,0.031       ,0.000       ,0.000       ,0.000       ,0.000       ,0.000       ,0.000       ,0.000       ,0.16866       ,3120          ,274.219         ,0.000         ,-0.000              ,0.000               ,34514.234       ,0.00000           ,0.00000               ,0.000         ,0.000         
18:26:41.867510     ,0.000       ,0.000       ,0.000       ,16.140      ,16.135      ,16.105      ,0.030       ,0.000       ,0.000       ,0.000       ,0.000       ,0.000       ,0.000       ,0.000       ,0.16866       ,3120          ,274.219         ,0.000         ,-0.000              ,0.000               ,34514.234       ,0.00000           ,0.00000               ,0.000         ,0.000         
18:26:41.877387     ,0.000       ,0.000       ,0.000       ,16.140      ,16.132      ,16.105      ,0.027       ,0.000       ,0.000       ,0.000       ,0.000       ,0.000       ,0.000       ,0.000       ,0.16866       ,3120          ,274.219         ,0.000         ,-0.000              ,0.000               ,34514.234       ,0.00000           ,0.00000               ,0.000         ,0.000         
18:26:41.887705     ,0.000       ,0.000       ,0.000       ,16.140      ,16.131      ,16.105      ,0.027       ,0.000       ,0.000       ,0.000       ,0.000       ,0.000       ,0.000       ,0.000       ,0.16866       ,3120          ,274.219         ,0.000         ,-0.000              ,0.000               ,34514.234       ,0.00000           ,0.00000               ,0.000         ,0.000         
18:26:41.904716     ,0.000       ,0.000       ,0.000       ,16.140      ,16.131      ,16.105      ,0.026       ,0.000       ,0.000       ,0.000       ,0.000       ,0.000       ,0.000       ,0.000       ,0.16866       ,3120          ,274.219         ,0.000         ,-0.000              ,0.000               ,34514.234       ,0.00000           ,0.00000               ,0.000         ,0.000         
18:26:41.907740     ,0.000       ,0.000       ,0.000       ,16.140      ,16.131      ,16.105      ,0.026       ,0.000       ,0.000       ,0.000       ,0.000       ,0.000       ,0.000       ,0.000       ,0.16866       ,3120          ,274.219         ,0.000         ,-0.000              ,0.000               ,34514.234       ,0.00000           ,0.00000               ,0.000         ,0.000         
18:26:41.923438     ,0.000       ,0.000       ,0.000       ,16.140      ,16.131      ,16.105      ,0.027       ,0.000       ,0.000       ,0.000       ,0.000       ,0.000       ,0.000       ,0.000       ,0.16866       ,3120          ,274.219         ,0.000         ,-0.000              ,0.000               ,34514.234       ,0.00000           ,0.00000               ,0.000         ,0.000         
18:26:41.927565     ,0.000       ,0.000       ,0.000       ,16.140      ,16.131      ,16.105      ,0.027       ,0.000       ,0.000       ,0.000       ,0.000       ,0.000       ,0.000       ,0.000       ,0.16866       ,3120          ,274.219         ,0.000         ,-0.000              ,0.000               ,34514.234       ,0.00000           ,0.00000               ,0.000         ,0.000         
18:26:41.942252     ,0.000       ,0.000       ,0.000       ,16.140      ,16.132      ,16.105      ,0.027       ,0.000       ,0.000       ,0.000       ,0.000       ,0.000       ,0.000       ,0.000       ,0.16866       ,3120          ,274.219         ,0.000         ,-0.000              ,0.000               ,34514.234       ,0.00000           ,0.00000               ,0.000         ,0.000         
18:26:41.947703     ,0.000       ,0.000       ,0.000       ,16.140      ,16.132      ,16.105      ,0.027       ,0.000       ,0.000       ,0.000       ,0.000       ,0.000       ,0.000       ,0.000       ,0.16866       ,3120          ,274.219         ,0.000         ,-0.000              ,0.000               ,34514.234       ,0.00000           ,0.00000               ,0.000         ,0.000         
18:26:41.960855     ,0.000       ,0.000       ,0.000       ,16.140      ,16.132      ,16.105      ,0.027       ,0.000       ,0.000       ,0.000       ,0.000       ,0.000       ,0.000       ,0.000       ,0.16866       ,3120          ,274.219         ,0.000         ,-0.000              ,0.000               ,34514.234       ,0.00000           ,0.00000               ,0.000         ,0.000         
18:26:41.967700     ,0.000       ,0.000       ,0.000       ,16.140      ,16.132      ,16.105      ,0.027       ,0.000       ,0.000       ,0.000       ,0.000       ,0.000       ,0.000       ,0.000       ,0.16866       ,3120          ,274.219         ,0.000         ,-0.000              ,0.000               ,34514.234       ,0.00000           ,0.00000               ,0.000         ,0.000         
18:26:41.979415     ,0.000       ,0.000       ,0.000       ,16.140      ,16.132      ,16.105      ,0.027       ,0.000       ,0.000       ,0.000       ,0.000       ,0.000       ,0.000       ,0.000       ,0.16866       ,3120          ,274.219         ,0.000         ,-0.000              ,0.000               ,34514.234       ,0.00000           ,0.00000               ,0.000         ,0.000         
18:26:41.987703     ,0.000       ,0.000       ,0.000       ,16.130      ,16.130      ,16.105      ,0.025       ,0.000       ,0.000       ,0.000       ,0.000       ,0.000       ,0.000       ,0.000       ,0.16866       ,3120          ,274.219         ,0.000         ,-0.000              ,0.000               ,34514.234       ,0.00000           ,0.00000               ,0.000         ,0.000         
18:26:41.998043     ,0.000       ,0.000       ,0.000       ,16.130      ,16.128      ,16.105      ,0.024       ,0.000       ,0.000       ,0.000       ,0.000       ,0.000       ,0.000       ,0.000       ,0.16866       ,3120          ,274.219         ,0.000         ,-0.000              ,0.000               ,34514.234       ,0.00000           ,0.00000               ,0.000         ,0.000         
18:26:42.007087     ,0.000       ,0.000       ,0.000       ,16.130      ,16.127      ,16.105      ,0.023       ,0.000       ,0.000       ,0.000       ,0.000       ,0.000       ,0.000       ,0.000       ,0.16866       ,3120          ,274.219         ,0.000         ,-0.000              ,0.000               ,34514.234       ,0.00000           ,0.00000               ,0.000         ,0.000         
18:26:42.017168     ,0.000       ,0.000       ,0.000       ,16.130      ,16.126      ,16.105      ,0.021       ,0.000       ,0.000       ,0.000       ,0.000       ,0.000       ,0.000       ,0.000       ,0.16866       ,3120          ,274.219         ,0.000         ,-0.000              ,0.000               ,34514.234       ,0.00000           ,0.00000               ,0.000         ,0.000         
18:26:42.033027     ,0.000       ,0.000       ,0.000       ,16.130      ,16.124      ,16.105      ,0.019       ,0.000       ,0.000       ,0.000       ,0.000       ,0.000       ,0.000       ,0.000       ,0.16866       ,3120          ,274.219         ,0.000         ,-0.000              ,0.000               ,34514.234       ,0.00000           ,0.00000               ,0.000         ,0.000         
18:26:42.037180     ,0.000       ,0.000       ,0.000       ,16.130      ,16.123      ,16.105      ,0.019       ,0.000       ,0.000       ,0.000       ,0.000       ,0.000       ,0.000       ,0.000       ,0.16866       ,3120          ,274.219         ,0.000         ,-0.000              ,0.000               ,34514.234       ,0.00000           ,0.00000               ,0.000         ,0.000         
18:26:42.050567     ,0.000       ,0.000       ,0.000       ,16.140      ,16.124      ,16.105      ,0.019       ,0.000       ,0.000       ,0.000       ,0.000       ,0.000       ,0.000       ,0.000       ,0.16866       ,3120          ,274.219         ,0.000         ,-0.000              ,0.000               ,34514.234       ,0.00000           ,0.00000               ,0.000         ,0.000         
18:26:42.057157     ,0.000       ,0.000       ,0.000       ,16.140      ,16.124      ,16.105      ,0.020       ,0.000       ,0.000       ,0.000       ,0.000       ,0.000       ,0.000       ,0.000       ,0.16866       ,3120          ,274.219         ,0.000         ,-0.000              ,0.000               ,34514.234       ,0.00000           ,0.00000               ,0.000         ,0.000         
18:26:42.069344     ,0.000       ,0.000       ,0.000       ,16.130      ,16.123      ,16.105      ,0.019       ,0.000       ,0.000       ,0.000       ,0.000       ,0.000       ,0.000       ,0.000       ,0.16866       ,3120          ,274.219         ,0.000         ,-0.000              ,0.000               ,34514.234       ,0.00000           ,0.00000               ,0.000         ,0.000         
18:26:42.077101     ,0.000       ,0.000       ,0.000       ,16.130      ,16.123      ,16.105      ,0.019       ,0.000       ,0.000       ,0.000       ,0.000       ,0.000       ,0.000       ,0.000       ,0.16866       ,3120          ,274.219         ,0.000         ,-0.000              ,0.000               ,34514.234       ,0.00000           ,0.00000               ,0.000         ,0.000         
18:26:42.089066     ,0.000       ,0.000       ,0.000       ,16.130      ,16.124      ,16.105      ,0.020       ,0.000       ,0.000       ,0.000       ,0.000       ,0.000       ,0.000       ,0.000       ,0.16866       ,3120          ,274.219         ,0.000         ,-0.000              ,0.000               ,34514.234       ,0.00000           ,0.00000               ,0.000         ,0.000         
18:26:42.097236     ,0.000       ,0.000       ,0.000       ,16.120      ,16.122      ,16.105      ,0.017       ,0.000       ,0.000       ,0.000       ,0.000       ,0.000       ,0.000       ,0.000       ,0.16866       ,3120          ,274.219         ,0.000         ,-0.000              ,0.000               ,34514.234       ,0.00000           ,0.00000               ,0.000         ,0.000         
18:26:42.107878     ,0.000       ,0.000       ,0.000       ,16.120      ,16.120      ,16.105      ,0.016       ,0.000       ,0.000       ,0.000       ,0.000       ,0.000       ,0.000       ,0.000       ,0.16866       ,3120          ,274.219         ,0.000         ,-0.000              ,0.000               ,34514.234       ,0.00000           ,0.00000               ,0.000         ,0.000         
18:26:42.117168     ,0.000       ,0.000       ,0.000       ,16.130      ,16.121      ,16.105      ,0.017       ,0.000       ,0.000       ,0.000       ,0.000       ,0.000       ,0.000       ,0.000       ,0.16866       ,3120          ,274.219         ,0.000         ,-0.000              ,0.000               ,34514.234       ,0.00000           ,0.00000               ,0.000         ,0.000         
18:26:42.127089     ,0.000       ,0.000       ,0.000       ,16.120      ,16.119      ,16.105      ,0.014       ,0.000       ,0.000       ,0.000       ,0.000       ,0.000       ,0.000       ,0.000       ,0.16866       ,3120          ,274.219         ,0.000         ,-0.000              ,0.000               ,34514.234       ,0.00000           ,0.00000               ,0.000         ,0.000         
18:26:42.137183     ,0.000       ,0.000       ,0.000       ,16.130      ,16.118      ,16.105      ,0.013       ,0.000       ,0.000       ,0.000       ,0.000       ,0.000       ,0.000       ,0.000       ,0.16866       ,3120          ,274.219         ,0.000         ,-0.000              ,0.000               ,34514.234       ,0.00000           ,0.00000               ,0.000         ,0.000         
18:26:42.147184     ,0.000       ,0.000       ,0.000       ,16.120      ,16.116      ,16.105      ,0.011       ,0.000       ,0.000       ,0.000       ,0.000       ,0.000       ,0.000       ,0.000       ,0.16866       ,3120          ,274.219         ,0.000         ,-0.000              ,0.000               ,34514.234       ,0.00000           ,0.00000               ,0.000         ,0.000         
18:26:42.161727     ,0.000       ,0.000       ,0.000       ,16.130      ,16.116      ,16.105      ,0.012       ,0.000       ,0.000       ,0.000       ,0.000       ,0.000       ,0.000       ,0.000       ,0.16866       ,3120          ,274.219         ,0.000         ,-0.000              ,0.000               ,34514.234       ,0.00000           ,0.00000               ,0.000         ,0.000         
18:26:42.167355     ,0.000       ,0.000       ,0.000       ,16.120      ,16.114      ,16.105      ,0.009       ,0.000       ,0.000       ,0.000       ,0.000       ,0.000       ,0.000       ,0.000       ,0.16866       ,3120          ,274.219         ,0.000         ,-0.000              ,0.000               ,34514.234       ,0.00000           ,0.00000               ,0.000         ,0.000         
18:26:42.180435     ,0.000       ,0.000       ,0.000       ,16.120      ,16.114      ,16.105      ,0.009       ,0.000       ,0.000       ,0.000       ,0.000       ,0.000       ,0.000       ,0.000       ,0.16866       ,3120          ,274.219         ,0.000         ,-0.000              ,0.000               ,34514.234       ,0.00000           ,0.00000               ,0.000         ,0.000         
18:26:42.187177     ,0.000       ,0.000       ,0.000       ,16.120      ,16.113      ,16.105      ,0.009       ,0.000       ,0.000       ,0.000       ,0.000       ,0.000       ,0.000       ,0.000       ,0.16866       ,3120          ,274.219         ,0.000         ,-0.000              ,0.000               ,34514.234       ,0.00000           ,0.00000               ,0.000         ,0.000         
18:26:42.197180     ,0.000       ,0.000       ,0.000       ,16.120      ,16.115      ,16.105      ,0.010       ,0.000       ,0.000       ,0.000       ,0.000       ,0.000       ,0.000       ,0.000       ,0.16866       ,3120          ,274.219         ,0.000         ,-0.000              ,0.000               ,34514.234       ,0.00000           ,0.00000               ,0.000         ,0.000         
18:26:42.207141     ,0.000       ,0.000       ,0.000       ,16.120      ,16.113      ,16.105      ,0.009       ,0.000       ,0.000       ,0.000       ,0.000       ,0.000       ,0.000       ,0.000       ,0.16866       ,3120          ,274.219         ,0.000         ,-0.000              ,0.000               ,34514.234       ,0.00000           ,0.00000               ,0.000         ,0.000         
18:26:42.217660     ,0.000       ,0.000       ,0.000       ,16.120      ,16.113      ,16.105      ,0.009       ,0.000       ,0.000       ,0.000       ,0.000       ,0.000       ,0.000       ,0.000       ,0.16866       ,3120          ,274.219         ,0.000         ,-0.000              ,0.000               ,34514.234       ,0.00000           ,0.00000               ,0.000         ,0.000         
18:26:42.227244     ,0.000       ,0.000       ,0.000       ,16.120      ,16.113      ,16.105      ,0.008       ,0.000       ,0.000       ,0.000       ,0.000       ,0.000       ,0.000       ,0.000       ,0.16866       ,3120          ,274.219         ,0.000         ,-0.000              ,0.000               ,34514.234       ,0.00000           ,0.00000               ,0.000         ,0.000         
18:26:42.237194     ,0.000       ,0.000       ,0.000       ,16.120      ,16.112      ,16.105      ,0.007       ,0.000       ,0.000       ,0.000       ,0.000       ,0.000       ,0.000       ,0.000       ,0.16866       ,3120          ,274.219         ,0.000         ,-0.000              ,0.000               ,34514.234       ,0.00000           ,0.00000               ,0.000         ,0.000         
18:26:42.253001     ,0.000       ,0.000       ,0.000       ,16.120      ,16.111      ,16.105      ,0.006       ,0.000       ,0.000       ,0.000       ,0.000       ,0.000       ,0.000       ,0.000       ,0.16866       ,3120          ,274.219         ,0.000         ,-0.000              ,0.000               ,34514.234       ,0.00000           ,0.00000               ,0.000         ,0.000         
18:26:42.257105     ,0.000       ,0.000       ,0.000       ,16.120      ,16.111      ,16.105      ,0.006       ,0.000       ,0.000       ,0.000       ,0.000       ,0.000       ,0.000       ,0.000       ,0.16866       ,3120          ,274.219         ,0.000         ,-0.000              ,0.000               ,34514.234       ,0.00000           ,0.00000               ,0.000         ,0.000         
18:26:42.271817     ,0.000       ,0.000       ,0.000       ,16.120      ,16.111      ,16.105      ,0.006       ,0.000       ,0.000       ,0.000       ,0.000       ,0.000       ,0.000       ,0.000       ,0.16866       ,3120          ,274.219         ,0.000         ,-0.000              ,0.000               ,34514.234       ,0.00000           ,0.00000               ,0.000         ,0.000         
18:26:42.277225     ,0.000       ,0.000       ,0.000       ,16.120      ,16.111      ,16.105      ,0.006       ,0.000       ,0.000       ,0.000       ,0.000       ,0.000       ,0.000       ,0.000       ,0.16866       ,3120          ,274.219         ,0.000         ,-0.000              ,0.000               ,34514.234       ,0.00000           ,0.00000               ,0.000         ,0.000         
18:26:42.290521     ,0.000       ,0.000       ,0.000       ,16.100      ,16.108      ,16.105      ,0.003       ,0.000       ,0.000       ,0.000       ,0.000       ,0.000       ,0.000       ,0.000       ,0.16866       ,3120          ,274.219         ,0.000         ,-0.000              ,0.000               ,34514.234       ,0.00000           ,0.00000               ,0.000         ,0.000         
18:26:42.297389     ,0.000       ,0.000       ,0.000       ,16.120      ,16.109      ,16.105      ,0.004       ,0.000       ,0.000       ,0.000       ,0.000       ,0.000       ,0.000       ,0.000       ,0.16866       ,3120          ,274.219         ,0.000         ,-0.000              ,0.000               ,34514.234       ,0.00000           ,0.00000               ,0.000         ,0.000         
18:26:42.309242     ,0.000       ,0.000       ,0.000       ,16.120      ,16.109      ,16.105      ,0.005       ,0.000       ,0.000       ,0.000       ,0.000       ,0.000       ,0.000       ,0.000       ,0.16866       ,3120          ,274.219         ,0.000         ,-0.000              ,0.000               ,34514.234       ,0.00000           ,0.00000               ,0.000         ,0.000         
18:26:42.317199     ,0.000       ,0.000       ,0.000       ,16.100      ,16.105      ,16.105      ,0.001       ,0.000       ,0.000       ,0.000       ,0.000       ,0.000       ,0.000       ,0.000       ,0.16866       ,3120          ,274.219         ,0.000         ,-0.000              ,0.000               ,34514.234       ,0.00000           ,0.00000               ,0.000         ,0.000         
18:26:42.327955     ,0.000       ,0.000       ,0.000       ,16.100      ,16.102      ,16.105      ,-0.003      ,0.000       ,0.000       ,0.000       ,0.000       ,0.000       ,0.000       ,0.000       ,0.16866       ,3120          ,274.219         ,0.000         ,-0.000              ,0.000               ,34514.234       ,0.00000           ,0.00000               ,0.000         ,0.000         
18:26:42.337182     ,0.000       ,0.000       ,0.000       ,16.100      ,16.102      ,16.105      ,-0.003      ,0.000       ,0.000       ,0.000       ,0.000       ,0.000       ,0.000       ,0.000       ,0.16866       ,3120          ,274.219         ,0.000         ,-0.000              ,0.000               ,34514.234       ,0.00000           ,0.00000               ,0.000         ,0.000         
18:26:42.347408     ,0.000       ,0.000       ,0.000       ,16.100      ,16.098      ,16.105      ,-0.007      ,0.000       ,0.000       ,0.000       ,0.000       ,0.000       ,0.000       ,0.000       ,0.16866       ,3120          ,274.219         ,0.000         ,-0.000              ,0.000               ,34514.234       ,0.00000           ,0.00000               ,0.000         ,0.000         
18:26:42.357140     ,0.000       ,0.000       ,0.000       ,16.120      ,16.097      ,16.105      ,-0.007      ,0.000       ,0.000       ,0.000       ,0.000       ,0.000       ,0.000       ,0.000       ,0.16866       ,3120          ,274.219         ,0.000         ,-0.000              ,0.000               ,34514.234       ,0.00000           ,0.00000               ,0.000         ,0.000         
18:26:42.367220     ,0.000       ,0.000       ,0.000       ,16.100      ,16.096      ,16.105      ,-0.008      ,0.000       ,0.000       ,0.000       ,0.000       ,0.000       ,0.000       ,0.000       ,0.16866       ,3120          ,274.219         ,0.000         ,-0.000              ,0.000               ,34514.234       ,0.00000           ,0.00000               ,0.000         ,0.000         
18:26:42.384667     ,0.000       ,0.000       ,0.000       ,16.100      ,16.095      ,16.105      ,-0.009      ,0.000       ,0.000       ,0.000       ,0.000       ,0.000       ,0.000       ,0.000       ,0.16866       ,3120          ,274.219         ,0.000         ,-0.000              ,0.000               ,34514.234       ,0.00000           ,0.00000               ,0.000         ,0.000         
18:26:42.387189     ,0.000       ,0.000       ,0.000       ,16.100      ,16.095      ,16.105      ,-0.010      ,0.000       ,0.000       ,0.000       ,0.000       ,0.000       ,0.000       ,0.000       ,0.16866       ,3120          ,274.219         ,0.000         ,-0.000              ,0.000               ,34514.234       ,0.00000           ,0.00000               ,0.000         ,0.000         
18:26:42.403461     ,0.000       ,0.000       ,0.000       ,16.100      ,16.095      ,16.105      ,-0.010      ,0.000       ,0.000       ,0.000       ,0.000       ,0.000       ,0.000       ,0.000       ,0.16866       ,3120          ,274.219         ,0.000         ,-0.000              ,0.000               ,34514.234       ,0.00000           ,0.00000               ,0.000         ,0.000         
18:26:42.407125     ,0.000       ,0.000       ,0.000       ,16.100      ,16.091      ,16.105      ,-0.013      ,0.000       ,0.000       ,0.000       ,0.000       ,0.000       ,0.000       ,0.000       ,0.16866       ,3120          ,274.219         ,0.000         ,-0.000              ,0.000               ,34514.234       ,0.00000           ,0.00000               ,0.000         ,0.000         
18:26:42.422288     ,0.000       ,0.000       ,0.000       ,16.090      ,16.091      ,16.105      ,-0.014      ,0.000       ,0.000       ,0.000       ,0.000       ,0.000       ,0.000       ,0.000       ,0.16866       ,3120          ,274.219         ,0.000         ,-0.000              ,0.000               ,34514.234       ,0.00000           ,0.00000               ,0.000         ,0.000         
18:26:42.427282     ,0.000       ,0.000       ,0.000       ,16.100      ,16.092      ,16.105      ,-0.013      ,0.000       ,0.000       ,0.000       ,0.000       ,0.000       ,0.000       ,0.000       ,0.16866       ,3120          ,274.219         ,0.000         ,-0.000              ,0.000               ,34514.234       ,0.00000           ,0.00000               ,0.000         ,0.000         
18:26:42.442222     ,0.000       ,0.000       ,0.000       ,16.090      ,16.090      ,16.105      ,-0.015      ,0.000       ,0.000       ,0.000       ,0.000       ,0.000       ,0.000       ,0.000       ,0.16866       ,3120          ,274.219         ,0.000         ,-0.000              ,0.000               ,34514.234       ,0.00000           ,0.00000               ,0.000         ,0.000         
18:26:42.447108     ,0.000       ,0.000       ,0.000       ,16.100      ,16.089      ,16.105      ,-0.015      ,0.000       ,0.000       ,0.000       ,0.000       ,0.000       ,0.000       ,0.000       ,0.16866       ,3120          ,274.219         ,0.000         ,-0.000              ,0.000               ,34514.234       ,0.00000           ,0.00000               ,0.000         ,0.000         
18:26:42.461982     ,0.000       ,0.000       ,0.000       ,16.090      ,16.087      ,16.105      ,-0.018      ,0.000       ,0.000       ,0.000       ,0.000       ,0.000       ,0.000       ,0.000       ,0.16866       ,3120          ,274.219         ,0.000         ,-0.000              ,0.000               ,34514.234       ,0.00000           ,0.00000               ,0.000         ,0.000         
18:26:42.467362     ,0.000       ,0.000       ,0.000       ,16.090      ,16.086      ,16.105      ,-0.019      ,0.000       ,0.000       ,0.000       ,0.000       ,0.000       ,0.000       ,0.000       ,0.16866       ,3120          ,274.219         ,0.000         ,-0.000              ,0.000               ,34514.234       ,0.00000           ,0.00000               ,0.000         ,0.000         
18:26:42.479669     ,0.000       ,0.000       ,0.000       ,16.090      ,16.084      ,16.105      ,-0.021      ,0.000       ,0.000       ,0.000       ,0.000       ,0.000       ,0.000       ,0.000       ,0.16866       ,3120          ,274.219         ,0.000         ,-0.000              ,0.000               ,34514.234       ,0.00000           ,0.00000               ,0.000         ,0.000         
18:26:42.487161     ,0.000       ,0.000       ,0.000       ,16.090      ,16.084      ,16.105      ,-0.021      ,0.000       ,0.000       ,0.000       ,0.000       ,0.000       ,0.000       ,0.000       ,0.16866       ,3120          ,274.219         ,0.000         ,-0.000              ,0.000               ,34514.234       ,0.00000           ,0.00000               ,0.000         ,0.000         
18:26:42.497378     ,0.000       ,0.000       ,0.000       ,16.090      ,16.082      ,16.105      ,-0.023      ,0.000       ,0.000       ,0.000       ,0.000       ,0.000       ,0.000       ,0.000       ,0.16866       ,3120          ,274.219         ,0.000         ,-0.000              ,0.000               ,34514.234       ,0.00000           ,0.00000               ,0.000         ,0.000         
18:26:42.507130     ,0.000       ,0.000       ,0.000       ,16.090      ,16.082      ,16.105      ,-0.022      ,0.000       ,0.000       ,0.000       ,0.000       ,0.000       ,0.000       ,0.000       ,0.16866       ,3120          ,274.219         ,0.000         ,-0.000              ,0.000               ,34514.234       ,0.00000           ,0.00000               ,0.000         ,0.000         
18:26:42.517186     ,0.000       ,0.000       ,0.000       ,16.080      ,16.081      ,16.105      ,-0.024      ,0.000       ,0.000       ,0.000       ,0.000       ,0.000       ,0.000       ,0.000       ,0.16866       ,3120          ,274.219         ,0.000         ,-0.000              ,0.000               ,34514.234       ,0.00000           ,0.00000               ,0.000         ,0.000         
18:26:42.527067     ,0.000       ,0.000       ,0.000       ,16.080      ,16.079      ,16.105      ,-0.026      ,0.000       ,0.000       ,0.000       ,0.000       ,0.000       ,0.000       ,0.000       ,0.16866       ,3120          ,274.219         ,0.000         ,-0.000              ,0.000               ,34514.234       ,0.00000           ,0.00000               ,0.000         ,0.000         
18:26:42.537188     ,0.000       ,0.000       ,0.000       ,16.090      ,16.079      ,16.105      ,-0.026      ,0.000       ,0.000       ,0.000       ,0.000       ,0.000       ,0.000       ,0.000       ,0.16866       ,3120          ,274.219         ,0.000         ,-0.000              ,0.000               ,34514.234       ,0.00000           ,0.00000               ,0.000         ,0.000         
18:26:42.552241     ,0.000       ,0.000       ,0.000       ,16.090      ,16.078      ,16.105      ,-0.026      ,0.000       ,0.000       ,0.000       ,0.000       ,0.000       ,0.000       ,0.000       ,0.16866       ,3120          ,274.219         ,0.000         ,-0.000              ,0.000               ,34514.234       ,0.00000           ,0.00000               ,0.000         ,0.000         
18:26:42.557164     ,0.000       ,0.000       ,0.000       ,16.080      ,16.076      ,16.105      ,-0.029      ,0.000       ,0.000       ,0.000       ,0.000       ,0.000       ,0.000       ,0.000       ,0.16866       ,3120          ,274.219         ,0.000         ,-0.000              ,0.000               ,34514.234       ,0.00000           ,0.00000               ,0.000         ,0.000         
18:26:42.571011     ,0.000       ,0.000       ,0.000       ,16.090      ,16.078      ,16.105      ,-0.027      ,0.000       ,0.000       ,0.000       ,0.000       ,0.000       ,0.000       ,0.000       ,0.16866       ,3120          ,274.219         ,0.000         ,-0.000              ,0.000               ,34514.234       ,0.00000           ,0.00000               ,0.000         ,0.000         
18:26:42.577112     ,0.000       ,0.000       ,0.000       ,16.090      ,16.079      ,16.105      ,-0.026      ,0.000       ,0.000       ,0.000       ,0.000       ,0.000       ,0.000       ,0.000       ,0.16866       ,3120          ,274.219         ,0.000         ,-0.000              ,0.000               ,34514.234       ,0.00000           ,0.00000               ,0.000         ,0.000         
18:26:42.590938     ,0.000       ,0.000       ,0.000       ,16.090      ,16.078      ,16.105      ,-0.027      ,0.000       ,0.000       ,0.000       ,0.000       ,0.000       ,0.000       ,0.000       ,0.16866       ,3120          ,274.219         ,0.000         ,-0.000              ,0.000               ,34514.234       ,0.00000           ,0.00000               ,0.000         ,0.000         
18:26:42.597249     ,0.000       ,0.000       ,0.000       ,16.080      ,16.076      ,16.105      ,-0.028      ,0.000       ,0.000       ,0.000       ,0.000       ,0.000       ,0.000       ,0.000       ,0.16866       ,3120          ,274.219         ,0.000         ,-0.000              ,0.000               ,34514.234       ,0.00000           ,0.00000               ,0.000         ,0.000         
18:26:42.609518     ,0.000       ,0.000       ,0.000       ,16.080      ,16.077      ,16.105      ,-0.027      ,0.000       ,0.000       ,0.000       ,0.000       ,0.000       ,0.000       ,0.000       ,0.16866       ,3120          ,274.219         ,0.000         ,-0.000              ,0.000               ,34514.234       ,0.00000           ,0.00000               ,0.000         ,0.000         
18:26:42.617216     ,0.000       ,0.000       ,0.000       ,16.080      ,16.077      ,16.105      ,-0.028      ,0.000       ,0.000       ,0.000       ,0.000       ,0.000       ,0.000       ,0.000       ,0.16866       ,3120          ,274.219         ,0.000         ,-0.000              ,0.000               ,34514.234       ,0.00000           ,0.00000               ,0.000         ,0.000         
18:26:42.628376     ,0.000       ,0.000       ,0.000       ,16.070      ,16.074      ,16.105      ,-0.031      ,0.000       ,0.000       ,0.000       ,0.000       ,0.000       ,0.000       ,0.000       ,0.16866       ,3120          ,274.219         ,0.000         ,-0.000              ,0.000               ,34514.234       ,0.00000           ,0.00000               ,0.000         ,0.000         
18:26:42.637194     ,0.000       ,0.000       ,0.000       ,16.080      ,16.073      ,16.105      ,-0.032      ,0.000       ,0.000       ,0.000       ,0.000       ,0.000       ,0.000       ,0.000       ,0.16866       ,3120          ,274.219         ,0.000         ,-0.000              ,0.000               ,34514.234       ,0.00000           ,0.00000               ,0.000         ,0.000         
18:26:42.647176     ,0.000       ,0.000       ,0.000       ,16.070      ,16.071      ,16.105      ,-0.034      ,0.000       ,0.000       ,0.000       ,0.000       ,0.000       ,0.000       ,0.000       ,0.16866       ,3120          ,274.219         ,0.000         ,-0.000              ,0.000               ,34514.234       ,0.00000           ,0.00000               ,0.000         ,0.000         
18:26:42.657858     ,0.000       ,0.000       ,0.000       ,16.080      ,16.070      ,16.105      ,-0.035      ,0.000       ,0.000       ,0.000       ,0.000       ,0.000       ,0.000       ,0.000       ,0.16866       ,3120          ,274.219         ,0.000         ,-0.000              ,0.000               ,34514.234       ,0.00000           ,0.00000               ,0.000         ,0.000         
18:26:42.667221     ,0.000       ,0.000       ,0.000       ,16.080      ,16.068      ,16.105      ,-0.036      ,0.000       ,0.000       ,0.000       ,0.000       ,0.000       ,0.000       ,0.000       ,0.16866       ,3120          ,274.219         ,0.000         ,-0.000              ,0.000               ,34514.234       ,0.00000           ,0.00000               ,0.000         ,0.000         
18:26:42.684368     ,0.000       ,0.000       ,0.000       ,16.080      ,16.069      ,16.105      ,-0.036      ,0.000       ,0.000       ,0.000       ,0.000       ,0.000       ,0.000       ,0.000       ,0.16866       ,3120          ,274.219         ,0.000         ,-0.000              ,0.000               ,34514.234       ,0.00000           ,0.00000               ,0.000         ,0.000         
18:26:42.687206     ,0.000       ,0.000       ,0.000       ,16.090      ,16.069      ,16.105      ,-0.035      ,0.000       ,0.000       ,0.000       ,0.000       ,0.000       ,0.000       ,0.000       ,0.16866       ,3120          ,274.219         ,0.000         ,-0.000              ,0.000               ,34514.234       ,0.00000           ,0.00000               ,0.000         ,0.000         
18:26:42.703139     ,0.000       ,0.000       ,0.000       ,16.070      ,16.069      ,16.105      ,-0.036      ,0.000       ,0.000       ,0.000       ,0.000       ,0.000       ,0.000       ,0.000       ,0.16866       ,3120          ,274.219         ,0.000         ,-0.000              ,0.000               ,34514.234       ,0.00000           ,0.00000               ,0.000         ,0.000         
18:26:42.707336     ,0.000       ,0.000       ,0.000       ,16.080      ,16.070      ,16.105      ,-0.035      ,0.000       ,0.000       ,0.000       ,0.000       ,0.000       ,0.000       ,0.000       ,0.16866       ,3120          ,274.219         ,0.000         ,-0.000              ,0.000               ,34514.234       ,0.00000           ,0.00000               ,0.000         ,0.000         
18:26:42.721780     ,0.000       ,0.000       ,0.000       ,16.070      ,16.069      ,16.105      ,-0.036      ,0.000       ,0.000       ,0.000       ,0.000       ,0.000       ,0.000       ,0.000       ,0.16866       ,3120          ,274.219         ,0.000         ,-0.000              ,0.000               ,34514.234       ,0.00000           ,0.00000               ,0.000         ,0.000         
18:26:42.727140     ,0.000       ,0.000       ,0.000       ,16.080      ,16.071      ,16.105      ,-0.034      ,0.000       ,0.000       ,0.000       ,0.000       ,0.000       ,0.000       ,0.000       ,0.16866       ,3120          ,274.219         ,0.000         ,-0.000              ,0.000               ,34514.234       ,0.00000           ,0.00000               ,0.000         ,0.000         
18:26:42.740403     ,0.000       ,0.000       ,0.000       ,16.070      ,16.068      ,16.105      ,-0.037      ,0.000       ,0.000       ,0.000       ,0.000       ,0.000       ,0.000       ,0.000       ,0.16866       ,3120          ,274.219         ,0.000         ,-0.000              ,0.000               ,34514.234       ,0.00000           ,0.00000               ,0.000         ,0.000         
18:26:42.747069     ,0.000       ,0.000       ,0.000       ,16.080      ,16.070      ,16.105      ,-0.034      ,0.000       ,0.000       ,0.000       ,0.000       ,0.000       ,0.000       ,0.000       ,0.16866       ,3120          ,274.219         ,0.000         ,-0.000              ,0.000               ,34514.234       ,0.00000           ,0.00000               ,0.000         ,0.000         
18:26:42.759150     ,0.000       ,0.000       ,0.000       ,16.080      ,16.069      ,16.105      ,-0.036      ,0.000       ,0.000       ,0.000       ,0.000       ,0.000       ,0.000       ,0.000       ,0.16866       ,3120          ,274.219         ,0.000         ,-0.000              ,0.000               ,34514.234       ,0.00000           ,0.00000               ,0.000         ,0.000         
18:26:42.767054     ,0.000       ,0.000       ,0.000       ,16.080      ,16.069      ,16.105      ,-0.035      ,0.000       ,0.000       ,0.000       ,0.000       ,0.000       ,0.000       ,0.000       ,0.16866       ,3120          ,274.219         ,0.000         ,-0.000              ,0.000               ,34514.234       ,0.00000           ,0.00000               ,0.000         ,0.000         
18:26:42.777872     ,0.000       ,0.000       ,0.000       ,16.080      ,16.068      ,16.105      ,-0.037      ,0.000       ,0.000       ,0.000       ,0.000       ,0.000       ,0.000       ,0.000       ,0.16866       ,3120          ,274.219         ,0.000         ,-0.000              ,0.000               ,34514.234       ,0.00000           ,0.00000               ,0.000         ,0.000         
18:26:42.787196     ,0.000       ,0.000       ,0.000       ,16.080      ,16.069      ,16.105      ,-0.035      ,0.000       ,0.000       ,0.000       ,0.000       ,0.000       ,0.000       ,0.000       ,0.16866       ,3120          ,274.219         ,0.000         ,-0.000              ,0.000               ,34514.234       ,0.00000           ,0.00000               ,0.000         ,0.000         
18:26:42.797087     ,0.000       ,0.000       ,0.000       ,16.080      ,16.069      ,16.105      ,-0.035      ,0.000       ,0.000       ,0.000       ,0.000       ,0.000       ,0.000       ,0.000       ,0.16866       ,3120          ,274.219         ,0.000         ,-0.000              ,0.000               ,34514.234       ,0.00000           ,0.00000               ,0.000         ,0.000         
18:26:42.807315     ,0.000       ,0.000       ,0.000       ,16.070      ,16.069      ,16.105      ,-0.036      ,0.000       ,0.000       ,0.000       ,0.000       ,0.000       ,0.000       ,0.000       ,0.16866       ,3120          ,274.219         ,0.000         ,-0.000              ,0.000               ,34514.234       ,0.00000           ,0.00000               ,0.000         ,0.000         
18:26:42.817089     ,0.000       ,0.000       ,0.000       ,16.080      ,16.070      ,16.105      ,-0.035      ,0.000       ,0.000       ,0.000       ,0.000       ,0.000       ,0.000       ,0.000       ,0.16866       ,3120          ,274.219         ,0.000         ,-0.000              ,0.000               ,34514.234       ,0.00000           ,0.00000               ,0.000         ,0.000         
18:26:42.831764     ,0.000       ,0.000       ,0.000       ,16.060      ,16.068      ,16.105      ,-0.037      ,0.000       ,0.000       ,0.000       ,0.000       ,0.000       ,0.000       ,0.000       ,0.16866       ,3120          ,274.219         ,0.000         ,-0.000              ,0.000               ,34514.234       ,0.00000           ,0.00000               ,0.000         ,0.000         
18:26:42.837230     ,0.000       ,0.000       ,0.000       ,16.070      ,16.067      ,16.105      ,-0.038      ,0.000       ,0.000       ,0.000       ,0.000       ,0.000       ,0.000       ,0.000       ,0.16866       ,3120          ,274.219         ,0.000         ,-0.000              ,0.000               ,34514.234       ,0.00000           ,0.00000               ,0.000         ,0.000         
18:26:42.850427     ,0.000       ,0.000       ,0.000       ,16.070      ,16.065      ,16.105      ,-0.040      ,0.000       ,0.000       ,0.000       ,0.000       ,0.000       ,0.000       ,0.000       ,0.16866       ,3120          ,274.219         ,0.000         ,-0.000              ,0.000               ,34514.234       ,0.00000           ,0.00000               ,0.000         ,0.000         
18:26:42.857180     ,0.000       ,0.000       ,0.000       ,16.080      ,16.066      ,16.105      ,-0.039      ,0.000       ,0.000       ,0.000       ,0.000       ,0.000       ,0.000       ,0.000       ,0.16866       ,3120          ,274.219         ,0.000         ,-0.000              ,0.000               ,34514.234       ,0.00000           ,0.00000               ,0.000         ,0.000         
18:26:42.868018     ,0.000       ,0.000       ,0.000       ,16.080      ,16.064      ,16.105      ,-0.041      ,0.000       ,0.000       ,0.000       ,0.000       ,0.000       ,0.000       ,0.000       ,0.16866       ,3120          ,274.219         ,0.000         ,-0.000              ,0.000               ,34514.234       ,0.00000           ,0.00000               ,0.000         ,0.000         
18:26:42.877121     ,0.000       ,0.000       ,0.000       ,16.070      ,16.064      ,16.105      ,-0.041      ,0.000       ,0.000       ,0.000       ,0.000       ,0.000       ,0.000       ,0.000       ,0.16866       ,3120          ,274.219         ,0.000         ,-0.000              ,0.000               ,34514.234       ,0.00000           ,0.00000               ,0.000         ,0.000         
18:26:42.887238     ,0.000       ,0.000       ,0.000       ,16.080      ,16.065      ,16.105      ,-0.040      ,0.000       ,0.000       ,0.000       ,0.000       ,0.000       ,0.000       ,0.000       ,0.16866       ,3120          ,274.219         ,0.000         ,-0.000              ,0.000               ,34514.234       ,0.00000           ,0.00000               ,0.000         ,0.000         
18:26:42.897069     ,0.000       ,0.000       ,0.000       ,16.070      ,16.065      ,16.105      ,-0.040      ,0.000       ,0.000       ,0.000       ,0.000       ,0.000       ,0.000       ,0.000       ,0.16866       ,3120          ,274.219         ,0.000         ,-0.000              ,0.000               ,34514.234       ,0.00000           ,0.00000               ,0.000         ,0.000         
18:26:42.907201     ,0.000       ,0.000       ,0.000       ,16.080      ,16.066      ,16.105      ,-0.039      ,0.000       ,0.000       ,0.000       ,0.000       ,0.000       ,0.000       ,0.000       ,0.16866       ,3120          ,274.219         ,0.000         ,-0.000              ,0.000               ,34514.234       ,0.00000           ,0.00000               ,0.000         ,0.000         
18:26:42.923170     ,0.000       ,0.000       ,0.000       ,16.080      ,16.067      ,16.105      ,-0.038      ,0.000       ,0.000       ,0.000       ,0.000       ,0.000       ,0.000       ,0.000       ,0.16866       ,3120          ,274.219         ,0.000         ,-0.000              ,0.000               ,34514.234       ,0.00000           ,0.00000               ,0.000         ,0.000         
18:26:42.927138     ,0.000       ,0.000       ,0.000       ,16.080      ,16.070      ,16.105      ,-0.035      ,0.000       ,0.000       ,0.000       ,0.000       ,0.000       ,0.000       ,0.000       ,0.16866       ,3120          ,274.219         ,0.000         ,-0.000              ,0.000               ,34514.234       ,0.00000           ,0.00000               ,0.000         ,0.000         
18:26:42.941905     ,0.000       ,0.000       ,0.000       ,16.070      ,16.068      ,16.105      ,-0.036      ,0.000       ,0.000       ,0.000       ,0.000       ,0.000       ,0.000       ,0.000       ,0.16866       ,3120          ,274.219         ,0.000         ,-0.000              ,0.000               ,34514.234       ,0.00000           ,0.00000               ,0.000         ,0.000         
18:26:42.947081     ,0.000       ,0.000       ,0.000       ,16.080      ,16.070      ,16.105      ,-0.034      ,0.000       ,0.000       ,0.000       ,0.000       ,0.000       ,0.000       ,0.000       ,0.16866       ,3120          ,274.219         ,0.000         ,-0.000              ,0.000               ,34514.234       ,0.00000           ,0.00000               ,0.000         ,0.000         
18:26:42.959503     ,0.000       ,0.000       ,0.000       ,16.070      ,16.068      ,16.105      ,-0.037      ,0.000       ,0.000       ,0.000       ,0.000       ,0.000       ,0.000       ,0.000       ,0.16866       ,3120          ,274.219         ,0.000         ,-0.000              ,0.000               ,34514.234       ,0.00000           ,0.00000               ,0.000         ,0.000         
18:26:42.967105     ,0.000       ,0.000       ,0.000       ,16.070      ,16.066      ,16.105      ,-0.038      ,0.000       ,0.000       ,0.000       ,0.000       ,0.000       ,0.000       ,0.000       ,0.16866       ,3120          ,274.219         ,0.000         ,-0.000              ,0.000               ,34514.234       ,0.00000           ,0.00000               ,0.000         ,0.000         
18:26:42.977120     ,0.000       ,0.000       ,0.000       ,16.060      ,16.063      ,16.105      ,-0.042      ,0.000       ,0.000       ,0.000       ,0.000       ,0.000       ,0.000       ,0.000       ,0.16866       ,3120          ,274.219         ,0.000         ,-0.000              ,0.000               ,34514.234       ,0.00000           ,0.00000               ,0.000         ,0.000         
18:26:42.987104     ,0.000       ,0.000       ,0.000       ,16.070      ,16.064      ,16.105      ,-0.041      ,0.000       ,0.000       ,0.000       ,0.000       ,0.000       ,0.000       ,0.000       ,0.16866       ,3120          ,274.219         ,0.000         ,-0.000              ,0.000               ,34514.234       ,0.00000           ,0.00000               ,0.000         ,0.000         
18:26:42.997093     ,0.000       ,0.000       ,0.000       ,16.070      ,16.062      ,16.105      ,-0.043      ,0.000       ,0.000       ,0.000       ,0.000       ,0.000       ,0.000       ,0.000       ,0.16866       ,3120          ,274.219         ,0.000         ,-0.000              ,0.000               ,34514.234       ,0.00000           ,0.00000               ,0.000         ,0.000         
18:26:43.007398     ,0.000       ,0.000       ,0.000       ,16.070      ,16.061      ,16.105      ,-0.044      ,0.000       ,0.000       ,0.000       ,0.000       ,0.000       ,0.000       ,0.000       ,0.16866       ,3120          ,274.219         ,0.000         ,-0.000              ,0.000               ,34514.234       ,0.00000           ,0.00000               ,0.000         ,0.000         
18:26:43.017096     ,0.000       ,0.000       ,0.000       ,16.060      ,16.058      ,16.105      ,-0.046      ,0.000       ,0.000       ,0.000       ,0.000       ,0.000       ,0.000       ,0.000       ,0.16866       ,3120          ,274.219         ,0.000         ,-0.000              ,0.000               ,34514.234       ,0.00000           ,0.00000               ,0.000         ,0.000         
18:26:43.033014     ,0.000       ,0.000       ,0.000       ,16.080      ,16.061      ,16.105      ,-0.043      ,0.000       ,0.000       ,0.000       ,0.000       ,0.000       ,0.000       ,0.000       ,0.16866       ,3120          ,274.219         ,0.000         ,-0.000              ,0.000               ,34514.234       ,0.00000           ,0.00000               ,0.000         ,0.000         
18:26:43.037245     ,0.000       ,0.000       ,0.000       ,16.070      ,16.060      ,16.105      ,-0.045      ,0.000       ,0.000       ,0.000       ,0.000       ,0.000       ,0.000       ,0.000       ,0.16866       ,3120          ,274.219         ,0.000         ,-0.000              ,0.000               ,34514.234       ,0.00000           ,0.00000               ,0.000         ,0.000         
18:26:43.051645     ,0.000       ,0.000       ,0.000       ,16.060      ,16.058      ,16.105      ,-0.047      ,0.000       ,0.000       ,0.000       ,0.000       ,0.000       ,0.000       ,0.000       ,0.16866       ,3120          ,274.219         ,0.000         ,-0.000              ,0.000               ,34514.234       ,0.00000           ,0.00000               ,0.000         ,0.000         
18:26:43.057177     ,0.000       ,0.000       ,0.000       ,16.080      ,16.061      ,16.105      ,-0.044      ,0.000       ,0.000       ,0.000       ,0.000       ,0.000       ,0.000       ,0.000       ,0.16866       ,3120          ,274.219         ,0.000         ,-0.000              ,0.000               ,34514.234       ,0.00000           ,0.00000               ,0.000         ,0.000         
18:26:43.070231     ,0.000       ,0.000       ,0.000       ,16.070      ,16.063      ,16.105      ,-0.042      ,0.000       ,0.000       ,0.000       ,0.000       ,0.000       ,0.000       ,0.000       ,0.16866       ,3120          ,274.219         ,0.000         ,-0.000              ,0.000               ,34514.234       ,0.00000           ,0.00000               ,0.000         ,0.000         
18:26:43.077119     ,0.000       ,0.000       ,0.000       ,16.060      ,16.059      ,16.105      ,-0.045      ,0.000       ,0.000       ,0.000       ,0.000       ,0.000       ,0.000       ,0.000       ,0.16866       ,3120          ,274.219         ,0.000         ,-0.000              ,0.000               ,34514.234       ,0.00000           ,0.00000               ,0.000         ,0.000         
18:26:43.089141     ,0.000       ,0.000       ,0.000       ,16.070      ,16.061      ,16.105      ,-0.044      ,0.000       ,0.000       ,0.000       ,0.000       ,0.000       ,0.000       ,0.000       ,0.16866       ,3120          ,274.219         ,0.000         ,-0.000              ,0.000               ,34514.234       ,0.00000           ,0.00000               ,0.000         ,0.000         
18:26:43.097117     ,0.000       ,0.000       ,0.000       ,16.060      ,16.061      ,16.105      ,-0.044      ,0.000       ,0.000       ,0.000       ,0.000       ,0.000       ,0.000       ,0.000       ,0.16866       ,3120          ,274.219         ,0.000         ,-0.000              ,0.000               ,34514.234       ,0.00000           ,0.00000               ,0.000         ,0.000         
18:26:43.108019     ,0.000       ,0.000       ,0.000       ,16.070      ,16.059      ,16.105      ,-0.046      ,0.000       ,0.000       ,0.000       ,0.000       ,0.000       ,0.000       ,0.000       ,0.16866       ,3120          ,274.219         ,0.000         ,-0.000              ,0.000               ,34514.234       ,0.00000           ,0.00000               ,0.000         ,0.000         
18:26:43.117089     ,0.000       ,0.000       ,0.000       ,16.060      ,16.057      ,16.105      ,-0.048      ,0.000       ,0.000       ,0.000       ,0.000       ,0.000       ,0.000       ,0.000       ,0.16866       ,3120          ,274.219         ,0.000         ,-0.000              ,0.000               ,34514.234       ,0.00000           ,0.00000               ,0.000         ,0.000         
18:26:43.127296     ,0.000       ,0.000       ,0.000       ,16.070      ,16.059      ,16.105      ,-0.046      ,0.000       ,0.000       ,0.000       ,0.000       ,0.000       ,0.000       ,0.000       ,0.16866       ,3120          ,274.219         ,0.000         ,-0.000              ,0.000               ,34514.234       ,0.00000           ,0.00000               ,0.000         ,0.000         
18:26:43.137276     ,0.000       ,0.000       ,0.000       ,16.070      ,16.058      ,16.105      ,-0.047      ,0.000       ,0.000       ,0.000       ,0.000       ,0.000       ,0.000       ,0.000       ,0.16866       ,3120          ,274.219         ,0.000         ,-0.000              ,0.000               ,34514.234       ,0.00000           ,0.00000               ,0.000         ,0.000         
18:26:43.147094     ,0.000       ,0.000       ,0.000       ,16.060      ,16.057      ,16.105      ,-0.048      ,0.000       ,0.000       ,0.000       ,0.000       ,0.000       ,0.000       ,0.000       ,0.16866       ,3120          ,274.219         ,0.000         ,-0.000              ,0.000               ,34514.234       ,0.00000           ,0.00000               ,0.000         ,0.000         
18:26:43.163797     ,0.000       ,0.000       ,0.000       ,16.070      ,16.057      ,16.105      ,-0.048      ,0.000       ,0.000       ,0.000       ,0.000       ,0.000       ,0.000       ,0.000       ,0.16866       ,3120          ,274.219         ,0.000         ,-0.000              ,0.000               ,34514.234       ,0.00000           ,0.00000               ,0.000         ,0.000         
18:26:43.167297     ,0.000       ,0.000       ,0.000       ,16.070      ,16.058      ,16.105      ,-0.046      ,0.000       ,0.000       ,0.000       ,0.000       ,0.000       ,0.000       ,0.000       ,0.16866       ,3120          ,274.219         ,0.000         ,-0.000              ,0.000               ,34514.234       ,0.00000           ,0.00000               ,0.000         ,0.000         
18:26:43.182364     ,0.000       ,0.000       ,0.000       ,16.060      ,16.057      ,16.105      ,-0.048      ,0.000       ,0.000       ,0.000       ,0.000       ,0.000       ,0.000       ,0.000       ,0.16866       ,3120          ,274.219         ,0.000         ,-0.000              ,0.000               ,34514.234       ,0.00000           ,0.00000               ,0.000         ,0.000         
18:26:43.187061     ,0.000       ,0.000       ,0.000       ,16.060      ,16.056      ,16.105      ,-0.049      ,0.000       ,0.000       ,0.000       ,0.000       ,0.000       ,0.000       ,0.000       ,0.16866       ,3120          ,274.219         ,0.000         ,-0.000              ,0.000               ,34514.234       ,0.00000           ,0.00000               ,0.000         ,0.000         
18:26:43.200043     ,0.000       ,0.000       ,0.000       ,16.060      ,16.057      ,16.105      ,-0.048      ,0.000       ,0.000       ,0.000       ,0.000       ,0.000       ,0.000       ,0.000       ,0.16866       ,3120          ,274.219         ,0.000         ,-0.000              ,0.000               ,34514.234       ,0.00000           ,0.00000               ,0.000         ,0.000         
18:26:43.207195     ,0.000       ,0.000       ,0.000       ,16.060      ,16.055      ,16.105      ,-0.049      ,0.000       ,0.000       ,0.000       ,0.000       ,0.000       ,0.000       ,0.000       ,0.16866       ,3120          ,274.219         ,0.000         ,-0.000              ,0.000               ,34514.234       ,0.00000           ,0.00000               ,0.000         ,0.000         
18:26:43.218681     ,0.000       ,0.000       ,0.000       ,16.070      ,16.055      ,16.105      ,-0.049      ,0.000       ,0.000       ,0.000       ,0.000       ,0.000       ,0.000       ,0.000       ,0.16866       ,3120          ,274.219         ,0.000         ,-0.000              ,0.000               ,34514.234       ,0.00000           ,0.00000               ,0.000         ,0.000         
18:26:43.227301     ,0.000       ,0.000       ,0.000       ,16.070      ,16.056      ,16.105      ,-0.048      ,0.000       ,0.000       ,0.000       ,0.000       ,0.000       ,0.000       ,0.000       ,0.16866       ,3120          ,274.219         ,0.000         ,-0.000              ,0.000               ,34514.234       ,0.00000           ,0.00000               ,0.000         ,0.000         
18:26:43.237093     ,0.000       ,0.000       ,0.000       ,16.070      ,16.057      ,16.105      ,-0.048      ,0.000       ,0.000       ,0.000       ,0.000       ,0.000       ,0.000       ,0.000       ,0.16866       ,3120          ,274.219         ,0.000         ,-0.000              ,0.000               ,34514.234       ,0.00000           ,0.00000               ,0.000         ,0.000         
18:26:43.247141     ,0.000       ,0.000       ,0.000       ,16.070      ,16.057      ,16.105      ,-0.047      ,0.000       ,0.000       ,0.000       ,0.000       ,0.000       ,0.000       ,0.000       ,0.16866       ,3120          ,274.219         ,0.000         ,-0.000              ,0.000               ,34514.234       ,0.00000           ,0.00000               ,0.000         ,0.000         
18:26:43.257228     ,0.000       ,0.000       ,0.000       ,16.070      ,16.059      ,16.105      ,-0.046      ,0.000       ,0.000       ,0.000       ,0.000       ,0.000       ,0.000       ,0.000       ,0.16866       ,3120          ,274.219         ,0.000         ,-0.000              ,0.000               ,34514.234       ,0.00000           ,0.00000               ,0.000         ,0.000         
18:26:43.267096     ,0.000       ,0.000       ,0.000       ,16.070      ,16.059      ,16.105      ,-0.046      ,0.000       ,0.000       ,0.000       ,0.000       ,0.000       ,0.000       ,0.000       ,0.16866       ,3120          ,274.219         ,0.000         ,-0.000              ,0.000               ,34514.234       ,0.00000           ,0.00000               ,0.000         ,0.000         
18:26:43.277218     ,0.000       ,0.000       ,0.000       ,16.080      ,16.062      ,16.105      ,-0.043      ,0.000       ,0.000       ,0.000       ,0.000       ,0.000       ,0.000       ,0.000       ,0.16866       ,3120          ,274.219         ,0.000         ,-0.000              ,0.000               ,34514.234       ,0.00000           ,0.00000               ,0.000         ,0.000         
18:26:43.287237     ,0.000       ,0.000       ,0.000       ,16.080      ,16.064      ,16.105      ,-0.040      ,0.000       ,0.000       ,0.000       ,0.000       ,0.000       ,0.000       ,0.000       ,0.16866       ,3120          ,274.219         ,0.000         ,-0.000              ,0.000               ,34514.234       ,0.00000           ,0.00000               ,0.000         ,0.000         
18:26:43.297119     ,0.000       ,0.000       ,0.000       ,16.070      ,16.065      ,16.105      ,-0.040      ,0.000       ,0.000       ,0.000       ,0.000       ,0.000       ,0.000       ,0.000       ,0.16866       ,3120          ,274.219         ,0.000         ,-0.000              ,0.000               ,34514.234       ,0.00000           ,0.00000               ,0.000         ,0.000         
18:26:43.313206     ,0.000       ,0.000       ,0.000       ,16.070      ,16.066      ,16.105      ,-0.039      ,0.000       ,0.000       ,0.000       ,0.000       ,0.000       ,0.000       ,0.000       ,0.16866       ,3120          ,274.219         ,0.000         ,-0.000              ,0.000               ,34514.234       ,0.00000           ,0.00000               ,0.000         ,0.000         
18:26:43.317109     ,0.000       ,0.000       ,0.000       ,16.080      ,16.068      ,16.105      ,-0.037      ,0.000       ,0.000       ,0.000       ,0.000       ,0.000       ,0.000       ,0.000       ,0.16866       ,3120          ,274.219         ,0.000         ,-0.000              ,0.000               ,34514.234       ,0.00000           ,0.00000               ,0.000         ,0.000         
18:26:43.331893     ,0.000       ,0.000       ,0.000       ,16.070      ,16.066      ,16.105      ,-0.039      ,0.000       ,0.000       ,0.000       ,0.000       ,0.000       ,0.000       ,0.000       ,0.16866       ,3120          ,274.219         ,0.000         ,-0.000              ,0.000               ,34514.234       ,0.00000           ,0.00000               ,0.000         ,0.000         
18:26:43.337113     ,0.000       ,0.000       ,0.000       ,16.070      ,16.064      ,16.105      ,-0.040      ,0.000       ,0.000       ,0.000       ,0.000       ,0.000       ,0.000       ,0.000       ,0.16866       ,3120          ,274.219         ,0.000         ,-0.000              ,0.000               ,34514.234       ,0.00000           ,0.00000               ,0.000         ,0.000         
18:26:43.349512     ,0.000       ,0.000       ,0.000       ,16.070      ,16.065      ,16.105      ,-0.040      ,0.000       ,0.000       ,0.000       ,0.000       ,0.000       ,0.000       ,0.000       ,0.16866       ,3120          ,274.219         ,0.000         ,-0.000              ,0.000               ,34514.234       ,0.00000           ,0.00000               ,0.000         ,0.000         
18:26:43.357201     ,0.000       ,0.000       ,0.000       ,16.070      ,16.065      ,16.105      ,-0.040      ,0.000       ,0.000       ,0.000       ,0.000       ,0.000       ,0.000       ,0.000       ,0.16866       ,3120          ,274.219         ,0.000         ,-0.000              ,0.000               ,34514.234       ,0.00000           ,0.00000               ,0.000         ,0.000         
18:26:43.367574     ,0.000       ,0.000       ,0.000       ,16.080      ,16.064      ,16.105      ,-0.041      ,0.000       ,0.000       ,0.000       ,0.000       ,0.000       ,0.000       ,0.000       ,0.16866       ,3120          ,274.219         ,0.000         ,-0.000              ,0.000               ,34514.234       ,0.00000           ,0.00000               ,0.000         ,0.000         
18:26:43.377161     ,0.000       ,0.000       ,0.000       ,16.080      ,16.065      ,16.105      ,-0.039      ,0.000       ,0.000       ,0.000       ,0.000       ,0.000       ,0.000       ,0.000       ,0.16866       ,3120          ,274.219         ,0.000         ,-0.000              ,0.000               ,34514.234       ,0.00000           ,0.00000               ,0.000         ,0.000         
18:26:43.387519     ,0.000       ,0.000       ,0.000       ,16.070      ,16.064      ,16.105      ,-0.040      ,0.000       ,0.000       ,0.000       ,0.000       ,0.000       ,0.000       ,0.000       ,0.16866       ,3120          ,274.219         ,0.000         ,-0.000              ,0.000               ,34514.234       ,0.00000           ,0.00000               ,0.000         ,0.000         
18:26:43.397145     ,0.000       ,0.000       ,0.000       ,16.080      ,16.066      ,16.105      ,-0.039      ,0.000       ,0.000       ,0.000       ,0.000       ,0.000       ,0.000       ,0.000       ,0.16866       ,3120          ,274.219         ,0.000         ,-0.000              ,0.000               ,34514.234       ,0.00000           ,0.00000               ,0.000         ,0.000         
18:26:43.407103     ,0.000       ,0.000       ,0.000       ,16.080      ,16.068      ,16.105      ,-0.037      ,0.000       ,0.000       ,0.000       ,0.000       ,0.000       ,0.000       ,0.000       ,0.16866       ,3120          ,274.219         ,0.000         ,-0.000              ,0.000               ,34514.234       ,0.00000           ,0.00000               ,0.000         ,0.000         
18:26:43.417155     ,0.000       ,0.000       ,0.000       ,16.080      ,16.068      ,16.105      ,-0.037      ,0.000       ,0.000       ,0.000       ,0.000       ,0.000       ,0.000       ,0.000       ,0.16866       ,3120          ,274.219         ,0.000         ,-0.000              ,0.000               ,34514.234       ,0.00000           ,0.00000               ,0.000         ,0.000         
18:26:43.427325     ,0.000       ,0.000       ,0.000       ,16.080      ,16.069      ,16.105      ,-0.036      ,0.000       ,0.000       ,0.000       ,0.000       ,0.000       ,0.000       ,0.000       ,0.16866       ,3120          ,274.219         ,0.000         ,-0.000              ,0.000               ,34514.234       ,0.00000           ,0.00000               ,0.000         ,0.000         
18:26:43.437118     ,0.000       ,0.000       ,0.000       ,16.090      ,16.073      ,16.105      ,-0.032      ,0.000       ,0.000       ,0.000       ,0.000       ,0.000       ,0.000       ,0.000       ,0.16866       ,3120          ,274.219         ,0.000         ,-0.000              ,0.000               ,34514.234       ,0.00000           ,0.00000               ,0.000         ,0.000         
18:26:43.447130     ,0.000       ,0.000       ,0.000       ,16.080      ,16.073      ,16.105      ,-0.032      ,0.000       ,0.000       ,0.000       ,0.000       ,0.000       ,0.000       ,0.000       ,0.16866       ,3120          ,274.219         ,0.000         ,-0.000              ,0.000               ,34514.234       ,0.00000           ,0.00000               ,0.000         ,0.000         
18:26:43.462539     ,0.000       ,0.000       ,0.000       ,16.090      ,16.075      ,16.105      ,-0.030      ,0.000       ,0.000       ,0.000       ,0.000       ,0.000       ,0.000       ,0.000       ,0.16866       ,3120          ,274.219         ,0.000         ,-0.000              ,0.000               ,34514.234       ,0.00000           ,0.00000               ,0.000         ,0.000         
18:26:43.467152     ,0.000       ,0.000       ,0.000       ,16.080      ,16.075      ,16.105      ,-0.030      ,0.000       ,0.000       ,0.000       ,0.000       ,0.000       ,0.000       ,0.000       ,0.16866       ,3120          ,274.219         ,0.000         ,-0.000              ,0.000               ,34514.234       ,0.00000           ,0.00000               ,0.000         ,0.000         
18:26:43.480968     ,0.000       ,0.000       ,0.000       ,16.090      ,16.077      ,16.105      ,-0.028      ,0.000       ,0.000       ,0.000       ,0.000       ,0.000       ,0.000       ,0.000       ,0.16866       ,3120          ,274.219         ,0.000         ,-0.000              ,0.000               ,34514.234       ,0.00000           ,0.00000               ,0.000         ,0.000         
18:26:43.487095     ,0.000       ,0.000       ,0.000       ,16.080      ,16.075      ,16.105      ,-0.030      ,0.000       ,0.000       ,0.000       ,0.000       ,0.000       ,0.000       ,0.000       ,0.16866       ,3120          ,274.219         ,0.000         ,-0.000              ,0.000               ,34514.234       ,0.00000           ,0.00000               ,0.000         ,0.000         
18:26:43.499587     ,0.000       ,0.000       ,0.000       ,16.080      ,16.076      ,16.105      ,-0.029      ,0.000       ,0.000       ,0.000       ,0.000       ,0.000       ,0.000       ,0.000       ,0.16866       ,3120          ,274.219         ,0.000         ,-0.000              ,0.000               ,34514.234       ,0.00000           ,0.00000               ,0.000         ,0.000         
18:26:43.507459     ,0.000       ,0.000       ,0.000       ,16.090      ,16.076      ,16.105      ,-0.028      ,0.000       ,0.000       ,0.000       ,0.000       ,0.000       ,0.000       ,0.000       ,0.16866       ,3120          ,274.219         ,0.000         ,-0.000              ,0.000               ,34514.234       ,0.00000           ,0.00000               ,0.000         ,0.000         
18:26:43.519385     ,0.000       ,0.000       ,0.000       ,16.090      ,16.078      ,16.105      ,-0.027      ,0.000       ,0.000       ,0.000       ,0.000       ,0.000       ,0.000       ,0.000       ,0.16866       ,3120          ,274.219         ,0.000         ,-0.000              ,0.000               ,34514.234       ,0.00000           ,0.00000               ,0.000         ,0.000         
18:26:43.527387     ,0.000       ,0.000       ,0.000       ,16.090      ,16.077      ,16.105      ,-0.027      ,0.000       ,0.000       ,0.000       ,0.000       ,0.000       ,0.000       ,0.000       ,0.16866       ,3120          ,274.219         ,0.000         ,-0.000              ,0.000               ,34514.234       ,0.00000           ,0.00000               ,0.000         ,0.000         
18:26:43.538186     ,0.000       ,0.000       ,0.000       ,16.090      ,16.079      ,16.105      ,-0.026      ,0.000       ,0.000       ,0.000       ,0.000       ,0.000       ,0.000       ,0.000       ,0.16866       ,3120          ,274.219         ,0.000         ,-0.000              ,0.000               ,34514.234       ,0.00000           ,0.00000               ,0.000         ,0.000         
18:26:43.547156     ,0.000       ,0.000       ,0.000       ,16.080      ,16.078      ,16.105      ,-0.027      ,0.000       ,0.000       ,0.000       ,0.000       ,0.000       ,0.000       ,0.000       ,0.16866       ,3120          ,274.219         ,0.000         ,-0.000              ,0.000               ,34514.234       ,0.00000           ,0.00000               ,0.000         ,0.000         
18:26:43.557196     ,0.000       ,0.000       ,0.000       ,16.090      ,16.078      ,16.105      ,-0.026      ,0.000       ,0.000       ,0.000       ,0.000       ,0.000       ,0.000       ,0.000       ,0.16866       ,3120          ,274.219         ,0.000         ,-0.000              ,0.000               ,34514.234       ,0.00000           ,0.00000               ,0.000         ,0.000         
18:26:43.567130     ,0.000       ,0.000       ,0.000       ,16.080      ,16.077      ,16.105      ,-0.027      ,0.000       ,0.000       ,0.000       ,0.000       ,0.000       ,0.000       ,0.000       ,0.16866       ,3120          ,274.219         ,0.000         ,-0.000              ,0.000               ,34514.234       ,0.00000           ,0.00000               ,0.000         ,0.000         
18:26:43.577189     ,0.000       ,0.000       ,0.000       ,16.090      ,16.078      ,16.105      ,-0.026      ,0.000       ,0.000       ,0.000       ,0.000       ,0.000       ,0.000       ,0.000       ,0.16866       ,3120          ,274.219         ,0.000         ,-0.000              ,0.000               ,34514.234       ,0.00000           ,0.00000               ,0.000         ,0.000         
18:26:43.593329     ,0.000       ,0.000       ,0.000       ,16.100      ,16.080      ,16.105      ,-0.024      ,0.000       ,0.000       ,0.000       ,0.000       ,0.000       ,0.000       ,0.000       ,0.16866       ,3120          ,274.219         ,0.000         ,-0.000              ,0.000               ,34514.234       ,0.00000           ,0.00000               ,0.000         ,0.000         
18:26:43.597182     ,0.000       ,0.000       ,0.000       ,16.100      ,16.083      ,16.105      ,-0.022      ,0.000       ,0.000       ,0.000       ,0.000       ,0.000       ,0.000       ,0.000       ,0.16866       ,3120          ,274.219         ,0.000         ,-0.000              ,0.000               ,34514.234       ,0.00000           ,0.00000               ,0.000         ,0.000         
18:26:43.612242     ,0.000       ,0.000       ,0.000       ,16.080      ,16.080      ,16.105      ,-0.025      ,0.000       ,0.000       ,0.000       ,0.000       ,0.000       ,0.000       ,0.000       ,0.16866       ,3120          ,274.219         ,0.000         ,-0.000              ,0.000               ,34514.234       ,0.00000           ,0.00000               ,0.000         ,0.000         
18:26:43.617132     ,0.000       ,0.000       ,0.000       ,16.090      ,16.082      ,16.105      ,-0.023      ,0.000       ,0.000       ,0.000       ,0.000       ,0.000       ,0.000       ,0.000       ,0.16866       ,3120          ,274.219         ,0.000         ,-0.000              ,0.000               ,34514.234       ,0.00000           ,0.00000               ,0.000         ,0.000         
18:26:43.630709     ,0.000       ,0.000       ,0.000       ,16.080      ,16.080      ,16.105      ,-0.024      ,0.000       ,0.000       ,0.000       ,0.000       ,0.000       ,0.000       ,0.000       ,0.16866       ,3120          ,274.219         ,0.000         ,-0.000              ,0.000               ,34514.234       ,0.00000           ,0.00000               ,0.000         ,0.000         
18:26:43.637154     ,0.000       ,0.000       ,0.000       ,16.100      ,16.081      ,16.105      ,-0.023      ,0.000       ,0.000       ,0.000       ,0.000       ,0.000       ,0.000       ,0.000       ,0.16866       ,3120          ,274.219         ,0.000         ,-0.000              ,0.000               ,34514.234       ,0.00000           ,0.00000               ,0.000         ,0.000         
18:26:43.649263     ,0.000       ,0.000       ,0.000       ,16.100      ,16.082      ,16.105      ,-0.022      ,0.000       ,0.000       ,0.000       ,0.000       ,0.000       ,0.000       ,0.000       ,0.16866       ,3120          ,274.219         ,0.000         ,-0.000              ,0.000               ,34514.234       ,0.00000           ,0.00000               ,0.000         ,0.000         
18:26:43.657057     ,0.000       ,0.000       ,0.000       ,16.090      ,16.084      ,16.105      ,-0.021      ,0.000       ,0.000       ,0.000       ,0.000       ,0.000       ,0.000       ,0.000       ,0.16866       ,3120          ,274.219         ,0.000         ,-0.000              ,0.000               ,34514.234       ,0.00000           ,0.00000               ,0.000         ,0.000         
18:26:43.667880     ,0.000       ,0.000       ,0.000       ,16.100      ,16.085      ,16.105      ,-0.019      ,0.000       ,0.000       ,0.000       ,0.000       ,0.000       ,0.000       ,0.000       ,0.16866       ,3120          ,274.219         ,0.000         ,-0.000              ,0.000               ,34514.234       ,0.00000           ,0.00000               ,0.000         ,0.000         
18:26:43.677353     ,0.000       ,0.000       ,0.000       ,16.100      ,16.088      ,16.105      ,-0.017      ,0.000       ,0.000       ,0.000       ,0.000       ,0.000       ,0.000       ,0.000       ,0.16866       ,3120          ,274.219         ,0.000         ,-0.000              ,0.000               ,34514.234       ,0.00000           ,0.00000               ,0.000         ,0.000         
18:26:43.687106     ,0.000       ,0.000       ,0.000       ,16.100      ,16.087      ,16.105      ,-0.018      ,0.000       ,0.000       ,0.000       ,0.000       ,0.000       ,0.000       ,0.000       ,0.16866       ,3120          ,274.219         ,0.000         ,-0.000              ,0.000               ,34514.234       ,0.00000           ,0.00000               ,0.000         ,0.000         
18:26:43.703247     ,0.000       ,0.000       ,0.000       ,16.100      ,16.087      ,16.105      ,-0.018      ,0.000       ,0.000       ,0.000       ,0.000       ,0.000       ,0.000       ,0.000       ,0.16866       ,3120          ,274.219         ,0.000         ,-0.000              ,0.000               ,34514.234       ,0.00000           ,0.00000               ,0.000         ,0.000         
18:26:43.707073     ,0.000       ,0.000       ,0.000       ,16.120      ,16.093      ,16.105      ,-0.011      ,0.000       ,0.000       ,0.000       ,0.000       ,0.000       ,0.000       ,0.000       ,0.16866       ,3120          ,274.219         ,0.000         ,-0.000              ,0.000               ,34514.234       ,0.00000           ,0.00000               ,0.000         ,0.000         
18:26:43.722173     ,0.000       ,0.000       ,0.000       ,16.100      ,16.093      ,16.105      ,-0.011      ,0.000       ,0.000       ,0.000       ,0.000       ,0.000       ,0.000       ,0.000       ,0.16866       ,3120          ,274.219         ,0.000         ,-0.000              ,0.000               ,34514.234       ,0.00000           ,0.00000               ,0.000         ,0.000         
18:26:43.727216     ,0.000       ,0.000       ,0.000       ,16.100      ,16.094      ,16.105      ,-0.010      ,0.000       ,0.000       ,0.000       ,0.000       ,0.000       ,0.000       ,0.000       ,0.16866       ,3120          ,274.219         ,0.000         ,-0.000              ,0.000               ,34514.234       ,0.00000           ,0.00000               ,0.000         ,0.000         
18:26:43.740949     ,0.000       ,0.000       ,0.000       ,16.100      ,16.095      ,16.105      ,-0.009      ,0.000       ,0.000       ,0.000       ,0.000       ,0.000       ,0.000       ,0.000       ,0.16866       ,3120          ,274.219         ,0.000         ,-0.000              ,0.000               ,34514.234       ,0.00000           ,0.00000               ,0.000         ,0.000         
18:26:43.747144     ,0.000       ,0.000       ,0.000       ,16.100      ,16.096      ,16.105      ,-0.009      ,0.000       ,0.000       ,0.000       ,0.000       ,0.000       ,0.000       ,0.000       ,0.16866       ,3120          ,274.219         ,0.000         ,-0.000              ,0.000               ,34514.234       ,0.00000           ,0.00000               ,0.000         ,0.000         
18:26:43.760570     ,0.000       ,0.000       ,0.000       ,16.120      ,16.096      ,16.105      ,-0.008      ,0.000       ,0.000       ,0.000       ,0.000       ,0.000       ,0.000       ,0.000       ,0.16866       ,3120          ,274.219         ,0.000         ,-0.000              ,0.000               ,34514.234       ,0.00000           ,0.00000               ,0.000         ,0.000         
18:26:43.767143     ,0.000       ,0.000       ,0.000       ,16.100      ,16.096      ,16.105      ,-0.008      ,0.000       ,0.000       ,0.000       ,0.000       ,0.000       ,0.000       ,0.000       ,0.16866       ,3120          ,274.219         ,0.000         ,-0.000              ,0.000               ,34514.234       ,0.00000           ,0.00000               ,0.000         ,0.000         
18:26:43.779093     ,0.000       ,0.000       ,0.000       ,16.120      ,16.099      ,16.105      ,-0.005      ,0.000       ,0.000       ,0.000       ,0.000       ,0.000       ,0.000       ,0.000       ,0.16866       ,3120          ,274.219         ,0.000         ,-0.000              ,0.000               ,34514.234       ,0.00000           ,0.00000               ,0.000         ,0.000         
18:26:43.787128     ,0.000       ,0.000       ,0.000       ,16.120      ,16.101      ,16.105      ,-0.003      ,0.000       ,0.000       ,0.000       ,0.000       ,0.000       ,0.000       ,0.000       ,0.16866       ,3120          ,274.219         ,0.000         ,-0.000              ,0.000               ,34514.234       ,0.00000           ,0.00000               ,0.000         ,0.000         
18:26:43.799568     ,0.000       ,0.000       ,0.000       ,16.120      ,16.104      ,16.105      ,-0.001      ,0.000       ,0.000       ,0.000       ,0.000       ,0.000       ,0.000       ,0.000       ,0.16866       ,3120          ,274.219         ,0.000         ,-0.000              ,0.000               ,34514.234       ,0.00000           ,0.00000               ,0.000         ,0.000         
18:26:43.807095     ,0.000       ,0.000       ,0.000       ,16.120      ,16.103      ,16.105      ,-0.001      ,0.000       ,0.000       ,0.000       ,0.000       ,0.000       ,0.000       ,0.000       ,0.16866       ,3120          ,274.219         ,0.000         ,-0.000              ,0.000               ,34514.234       ,0.00000           ,0.00000               ,0.000         ,0.000         
18:26:43.817316     ,0.000       ,0.000       ,0.000       ,16.100      ,16.105      ,16.105      ,-0.000      ,0.000       ,0.000       ,0.000       ,0.000       ,0.000       ,0.000       ,0.000       ,0.16866       ,3120          ,274.219         ,0.000         ,-0.000              ,0.000               ,34514.234       ,0.00000           ,0.00000               ,0.000         ,0.000         
18:26:43.827225     ,0.000       ,0.000       ,0.000       ,16.120      ,16.107      ,16.105      ,0.002       ,0.000       ,0.000       ,0.000       ,0.000       ,0.000       ,0.000       ,0.000       ,0.16866       ,3120          ,274.219         ,0.000         ,-0.000              ,0.000               ,34514.234       ,0.00000           ,0.00000               ,0.000         ,0.000         
18:26:43.837179     ,0.000       ,0.000       ,0.000       ,16.100      ,16.105      ,16.105      ,0.000       ,0.000       ,0.000       ,0.000       ,0.000       ,0.000       ,0.000       ,0.000       ,0.16866       ,3120          ,274.219         ,0.000         ,-0.000              ,0.000               ,34514.234       ,0.00000           ,0.00000               ,0.000         ,0.000         
18:26:43.847175     ,0.000       ,0.000       ,0.000       ,16.120      ,16.107      ,16.105      ,0.002       ,0.000       ,0.000       ,0.000       ,0.000       ,0.000       ,0.000       ,0.000       ,0.16866       ,3120          ,274.219         ,0.000         ,-0.000              ,0.000               ,34514.234       ,0.00000           ,0.00000               ,0.000         ,0.000         
18:26:43.857272     ,0.000       ,0.000       ,0.000       ,16.120      ,16.107      ,16.105      ,0.002       ,0.000       ,0.000       ,0.000       ,0.000       ,0.000       ,0.000       ,0.000       ,0.16866       ,3120          ,274.219         ,0.000         ,-0.000              ,0.000               ,34514.234       ,0.00000           ,0.00000               ,0.000         ,0.000         
18:26:43.871581     ,0.000       ,0.000       ,0.000       ,16.130      ,16.110      ,16.105      ,0.006       ,0.000       ,0.000       ,0.000       ,0.000       ,0.000       ,0.000       ,0.000       ,0.16866       ,3120          ,274.219         ,0.000         ,-0.000              ,0.000               ,34514.234       ,0.00000           ,0.00000               ,0.000         ,0.000         
18:26:43.877247     ,0.000       ,0.000       ,0.000       ,16.120      ,16.108      ,16.105      ,0.003       ,0.000       ,0.000       ,0.000       ,0.000       ,0.000       ,0.000       ,0.000       ,0.16866       ,3120          ,274.219         ,0.000         ,-0.000              ,0.000               ,34514.234       ,0.00000           ,0.00000               ,0.000         ,0.000         
18:26:43.890400     ,0.000       ,0.000       ,0.000       ,16.130      ,16.112      ,16.105      ,0.007       ,0.000       ,0.000       ,0.000       ,0.000       ,0.000       ,0.000       ,0.000       ,0.16866       ,3120          ,274.219         ,0.000         ,-0.000              ,0.000               ,34514.234       ,0.00000           ,0.00000               ,0.000         ,0.000         
18:26:43.897345     ,0.000       ,0.000       ,0.000       ,16.130      ,16.112      ,16.105      ,0.008       ,0.000       ,0.000       ,0.000       ,0.000       ,0.000       ,0.000       ,0.000       ,0.16866       ,3120          ,274.219         ,0.000         ,-0.000              ,0.000               ,34514.234       ,0.00000           ,0.00000               ,0.000         ,0.000         
18:26:43.908928     ,0.000       ,0.000       ,0.000       ,16.140      ,16.117      ,16.105      ,0.012       ,0.000       ,0.000       ,0.000       ,0.000       ,0.000       ,0.000       ,0.000       ,0.16866       ,3120          ,274.219         ,0.000         ,-0.000              ,0.000               ,34514.234       ,0.00000           ,0.00000               ,0.000         ,0.000         
18:26:43.917178     ,0.000       ,0.000       ,0.000       ,16.120      ,16.116      ,16.105      ,0.012       ,0.000       ,0.000       ,0.000       ,0.000       ,0.000       ,0.000       ,0.000       ,0.16866       ,3120          ,274.219         ,0.000         ,-0.000              ,0.000               ,34514.234       ,0.00000           ,0.00000               ,0.000         ,0.000         
18:26:43.927568     ,0.000       ,0.000       ,0.000       ,16.130      ,16.121      ,16.105      ,0.016       ,0.000       ,0.000       ,0.000       ,0.000       ,0.000       ,0.000       ,0.000       ,0.16866       ,3120          ,274.219         ,0.000         ,-0.000              ,0.000               ,34514.234       ,0.00000           ,0.00000               ,0.000         ,0.000         
18:26:43.937169     ,0.000       ,0.000       ,0.000       ,16.130      ,16.122      ,16.105      ,0.018       ,0.000       ,0.000       ,0.000       ,0.000       ,0.000       ,0.000       ,0.000       ,0.16866       ,3120          ,274.219         ,0.000         ,-0.000              ,0.000               ,34514.234       ,0.00000           ,0.00000               ,0.000         ,0.000         
18:26:43.947348     ,0.000       ,0.000       ,0.000       ,16.130      ,16.123      ,16.105      ,0.018       ,0.000       ,0.000       ,0.000       ,0.000       ,0.000       ,0.000       ,0.000       ,0.16866       ,3120          ,274.219         ,0.000         ,-0.000              ,0.000               ,34514.234       ,0.00000           ,0.00000               ,0.000         ,0.000         
18:26:43.957241     ,0.000       ,0.000       ,0.000       ,16.130      ,16.121      ,16.105      ,0.017       ,0.000       ,0.000       ,0.000       ,0.000       ,0.000       ,0.000       ,0.000       ,0.16866       ,3120          ,274.219         ,0.000         ,-0.000              ,0.000               ,34514.234       ,0.00000           ,0.00000               ,0.000         ,0.000         
18:26:43.967178     ,0.000       ,0.000       ,0.000       ,16.140      ,16.125      ,16.105      ,0.020       ,0.000       ,0.000       ,0.000       ,0.000       ,0.000       ,0.000       ,0.000       ,0.16866       ,3120          ,274.219         ,0.000         ,-0.000              ,0.000               ,34514.234       ,0.00000           ,0.00000               ,0.000         ,0.000         
18:26:43.982442     ,0.000       ,0.000       ,0.000       ,16.140      ,16.125      ,16.105      ,0.020       ,0.000       ,0.000       ,0.000       ,0.000       ,0.000       ,0.000       ,0.000       ,0.16866       ,3120          ,274.219         ,0.000         ,-0.000              ,0.000               ,34514.234       ,0.00000           ,0.00000               ,0.000         ,0.000         
18:26:43.987150     ,0.000       ,0.000       ,0.000       ,16.130      ,16.123      ,16.105      ,0.019       ,0.000       ,0.000       ,0.000       ,0.000       ,0.000       ,0.000       ,0.000       ,0.16866       ,3120          ,274.219         ,0.000         ,-0.000              ,0.000               ,34514.234       ,0.00000           ,0.00000               ,0.000         ,0.000         
18:26:43.999989     ,0.000       ,0.000       ,0.000       ,16.140      ,16.125      ,16.105      ,0.020       ,0.000       ,0.000       ,0.000       ,0.000       ,0.000       ,0.000       ,0.000       ,0.16866       ,3120          ,274.219         ,0.000         ,-0.000              ,0.000               ,34514.234       ,0.00000           ,0.00000               ,0.000         ,0.000         
18:26:44.007078     ,0.000       ,0.000       ,0.000       ,16.140      ,16.127      ,16.105      ,0.022       ,0.000       ,0.000       ,0.000       ,0.000       ,0.000       ,0.000       ,0.000       ,0.16866       ,3120          ,274.219         ,0.000         ,-0.000              ,0.000               ,34514.234       ,0.00000           ,0.00000               ,0.000         ,0.000         
18:26:44.018726     ,0.000       ,0.000       ,0.000       ,16.130      ,16.126      ,16.105      ,0.021       ,0.000       ,0.000       ,0.000       ,0.000       ,0.000       ,0.000       ,0.000       ,0.16866       ,3120          ,274.219         ,0.000         ,-0.000              ,0.000               ,34514.234       ,0.00000           ,0.00000               ,0.000         ,0.000         
18:26:44.027206     ,0.000       ,0.000       ,0.000       ,16.140      ,16.128      ,16.105      ,0.023       ,0.000       ,0.000       ,0.000       ,0.000       ,0.000       ,0.000       ,0.000       ,0.16866       ,3120          ,274.219         ,0.000         ,-0.000              ,0.000               ,34514.234       ,0.00000           ,0.00000               ,0.000         ,0.000         
18:26:44.037355     ,0.000       ,0.000       ,0.000       ,16.130      ,16.129      ,16.105      ,0.024       ,0.000       ,0.000       ,0.000       ,0.000       ,0.000       ,0.000       ,0.000       ,0.16866       ,3120          ,274.219         ,0.000         ,-0.000              ,0.000               ,34514.234       ,0.00000           ,0.00000               ,0.000         ,0.000         
18:26:44.047169     ,0.000       ,0.000       ,0.000       ,16.130      ,16.127      ,16.105      ,0.023       ,0.000       ,0.000       ,0.000       ,0.000       ,0.000       ,0.000       ,0.000       ,0.16866       ,3120          ,274.219         ,0.000         ,-0.000              ,0.000               ,34514.234       ,0.00000           ,0.00000               ,0.000         ,0.000         
18:26:44.057303     ,0.000       ,0.000       ,0.000       ,16.140      ,16.127      ,16.105      ,0.023       ,0.000       ,0.000       ,0.000       ,0.000       ,0.000       ,0.000       ,0.000       ,0.16866       ,3120          ,274.219         ,0.000         ,-0.000              ,0.000               ,34514.234       ,0.00000           ,0.00000               ,0.000         ,0.000         
18:26:44.073888     ,0.000       ,0.000       ,0.000       ,16.140      ,16.128      ,16.105      ,0.024       ,0.000       ,0.000       ,0.000       ,0.000       ,0.000       ,0.000       ,0.000       ,0.16866       ,3120          ,274.219         ,0.000         ,-0.000              ,0.000               ,34514.234       ,0.00000           ,0.00000               ,0.000         ,0.000         
18:26:44.077229     ,0.000       ,0.000       ,0.000       ,16.140      ,16.127      ,16.105      ,0.022       ,0.000       ,0.000       ,0.000       ,0.000       ,0.000       ,0.000       ,0.000       ,0.16866       ,3120          ,274.219         ,0.000         ,-0.000              ,0.000               ,34514.234       ,0.00000           ,0.00000               ,0.000         ,0.000         
18:26:44.092555     ,0.000       ,0.000       ,0.000       ,16.140      ,16.128      ,16.105      ,0.023       ,0.000       ,0.000       ,0.000       ,0.000       ,0.000       ,0.000       ,0.000       ,0.16866       ,3120          ,274.219         ,0.000         ,-0.000              ,0.000               ,34514.234       ,0.00000           ,0.00000               ,0.000         ,0.000         
18:26:44.097408     ,0.000       ,0.000       ,0.000       ,16.140      ,16.129      ,16.105      ,0.025       ,0.000       ,0.000       ,0.000       ,0.000       ,0.000       ,0.000       ,0.000       ,0.16866       ,3120          ,274.219         ,0.000         ,-0.000              ,0.000               ,34514.234       ,0.00000           ,0.00000               ,0.000         ,0.000         
18:26:44.110329     ,0.000       ,0.000       ,0.000       ,16.140      ,16.129      ,16.105      ,0.025       ,0.000       ,0.000       ,0.000       ,0.000       ,0.000       ,0.000       ,0.000       ,0.16866       ,3120          ,274.219         ,0.000         ,-0.000              ,0.000               ,34514.234       ,0.00000           ,0.00000               ,0.000         ,0.000         
18:26:44.117329     ,0.000       ,0.000       ,0.000       ,16.140      ,16.130      ,16.105      ,0.025       ,0.000       ,0.000       ,0.000       ,0.000       ,0.000       ,0.000       ,0.000       ,0.16866       ,3120          ,274.219         ,0.000         ,-0.000              ,0.000               ,34514.234       ,0.00000           ,0.00000               ,0.000         ,0.000         
18:26:44.129052     ,0.000       ,0.000       ,0.000       ,16.140      ,16.131      ,16.105      ,0.027       ,0.000       ,0.000       ,0.000       ,0.000       ,0.000       ,0.000       ,0.000       ,0.16866       ,3120          ,274.219         ,0.000         ,-0.000              ,0.000               ,34514.234       ,0.00000           ,0.00000               ,0.000         ,0.000         
18:26:44.137321     ,0.000       ,0.000       ,0.000       ,16.150      ,16.134      ,16.105      ,0.029       ,0.000       ,0.000       ,0.000       ,0.000       ,0.000       ,0.000       ,0.000       ,0.16866       ,3120          ,274.219         ,0.000         ,-0.000              ,0.000               ,34514.234       ,0.00000           ,0.00000               ,0.000         ,0.000         
18:26:44.147579     ,0.000       ,0.000       ,0.000       ,16.150      ,16.135      ,16.105      ,0.031       ,0.000       ,0.000       ,0.000       ,0.000       ,0.000       ,0.000       ,0.000       ,0.16866       ,3120          ,274.219         ,0.000         ,-0.000              ,0.000               ,34514.234       ,0.00000           ,0.00000               ,0.000         ,0.000         
18:26:44.157319     ,0.000       ,0.000       ,0.000       ,16.140      ,16.135      ,16.105      ,0.030       ,0.000       ,0.000       ,0.000       ,0.000       ,0.000       ,0.000       ,0.000       ,0.16866       ,3120          ,274.219         ,0.000         ,-0.000              ,0.000               ,34514.234       ,0.00000           ,0.00000               ,0.000         ,0.000         
18:26:44.167150     ,0.000       ,0.000       ,0.000       ,16.140      ,16.135      ,16.105      ,0.030       ,0.000       ,0.000       ,0.000       ,0.000       ,0.000       ,0.000       ,0.000       ,0.16866       ,3120          ,274.219         ,0.000         ,-0.000              ,0.000               ,34514.234       ,0.00000           ,0.00000               ,0.000         ,0.000         
18:26:44.183696     ,0.000       ,0.000       ,0.000       ,16.150      ,16.137      ,16.105      ,0.032       ,0.000       ,0.000       ,0.000       ,0.000       ,0.000       ,0.000       ,0.000       ,0.16866       ,3120          ,274.219         ,0.000         ,-0.000              ,0.000               ,34514.234       ,0.00000           ,0.00000               ,0.000         ,0.000         
18:26:44.187185     ,0.000       ,0.000       ,0.000       ,16.150      ,16.137      ,16.105      ,0.032       ,0.000       ,0.000       ,0.000       ,0.000       ,0.000       ,0.000       ,0.000       ,0.16866       ,3120          ,274.219         ,0.000         ,-0.000              ,0.000               ,34514.234       ,0.00000           ,0.00000               ,0.000         ,0.000         
18:26:44.201284     ,0.000       ,0.000       ,0.000       ,16.150      ,16.137      ,16.105      ,0.032       ,0.000       ,0.000       ,0.000       ,0.000       ,0.000       ,0.000       ,0.000       ,0.16866       ,3120          ,274.219         ,0.000         ,-0.000              ,0.000               ,34514.234       ,0.00000           ,0.00000               ,0.000         ,0.000         
18:26:44.207128     ,0.000       ,0.000       ,0.000       ,16.140      ,16.137      ,16.105      ,0.033       ,0.000       ,0.000       ,0.000       ,0.000       ,0.000       ,0.000       ,0.000       ,0.16866       ,3120          ,274.219         ,0.000         ,-0.000              ,0.000               ,34514.234       ,0.00000           ,0.00000               ,0.000         ,0.000         
18:26:44.220048     ,0.000       ,0.000       ,0.000       ,16.150      ,16.139      ,16.105      ,0.035       ,0.000       ,0.000       ,0.000       ,0.000       ,0.000       ,0.000       ,0.000       ,0.16866       ,3120          ,274.219         ,0.000         ,-0.000              ,0.000               ,34514.234       ,0.00000           ,0.00000               ,0.000         ,0.000         
18:26:44.227071     ,0.000       ,0.000       ,0.000       ,16.150      ,16.139      ,16.105      ,0.034       ,0.000       ,0.000       ,0.000       ,0.000       ,0.000       ,0.000       ,0.000       ,0.16866       ,3120          ,274.219         ,0.000         ,-0.000              ,0.000               ,34514.234       ,0.00000           ,0.00000               ,0.000         ,0.000         
18:26:44.238718     ,0.000       ,0.000       ,0.000       ,16.150      ,16.139      ,16.105      ,0.034       ,0.000       ,0.000       ,0.000       ,0.000       ,0.000       ,0.000       ,0.000       ,0.16866       ,3120          ,274.219         ,0.000         ,-0.000              ,0.000               ,34514.234       ,0.00000           ,0.00000               ,0.000         ,0.000         
18:26:44.247227     ,0.000       ,0.000       ,0.000       ,16.150      ,16.139      ,16.105      ,0.035       ,0.000       ,0.000       ,0.000       ,0.000       ,0.000       ,0.000       ,0.000       ,0.16866       ,3120          ,274.219         ,0.000         ,-0.000              ,0.000               ,34514.234       ,0.00000           ,0.00000               ,0.000         ,0.000         
18:26:44.257430     ,0.000       ,0.000       ,0.000       ,16.150      ,16.141      ,16.105      ,0.036       ,0.000       ,0.000       ,0.000       ,0.000       ,0.000       ,0.000       ,0.000       ,0.16866       ,3120          ,274.219         ,0.000         ,-0.000              ,0.000               ,34514.234       ,0.00000           ,0.00000               ,0.000         ,0.000         
18:26:44.267177     ,0.000       ,0.000       ,0.000       ,16.150      ,16.141      ,16.105      ,0.036       ,0.000       ,0.000       ,0.000       ,0.000       ,0.000       ,0.000       ,0.000       ,0.16866       ,3120          ,274.219         ,0.000         ,-0.000              ,0.000               ,34514.234       ,0.00000           ,0.00000               ,0.000         ,0.000         
18:26:44.277414     ,0.000       ,0.000       ,0.000       ,16.150      ,16.141      ,16.105      ,0.036       ,0.000       ,0.000       ,0.000       ,0.000       ,0.000       ,0.000       ,0.000       ,0.16866       ,3120          ,274.219         ,0.000         ,-0.000              ,0.000               ,34514.234       ,0.00000           ,0.00000               ,0.000         ,0.000         
18:26:44.287169     ,0.000       ,0.000       ,0.000       ,16.140      ,16.140      ,16.105      ,0.035       ,0.000       ,0.000       ,0.000       ,0.000       ,0.000       ,0.000       ,0.000       ,0.16866       ,3120          ,274.219         ,0.000         ,-0.000              ,0.000               ,34514.234       ,0.00000           ,0.00000               ,0.000         ,0.000         
18:26:44.297589     ,0.000       ,0.000       ,0.000       ,16.150      ,16.140      ,16.105      ,0.036       ,0.000       ,0.000       ,0.000       ,0.000       ,0.000       ,0.000       ,0.000       ,0.16866       ,3120          ,274.219         ,0.000         ,-0.000              ,0.000               ,34514.234       ,0.00000           ,0.00000               ,0.000         ,0.000         
18:26:44.307124     ,0.000       ,0.000       ,0.000       ,16.140      ,16.139      ,16.105      ,0.034       ,0.000       ,0.000       ,0.000       ,0.000       ,0.000       ,0.000       ,0.000       ,0.16866       ,3120          ,274.219         ,0.000         ,-0.000              ,0.000               ,34514.234       ,0.00000           ,0.00000               ,0.000         ,0.000         
18:26:44.317521     ,0.000       ,0.000       ,0.000       ,16.150      ,16.139      ,16.105      ,0.034       ,0.000       ,0.000       ,0.000       ,0.000       ,0.000       ,0.000       ,0.000       ,0.16866       ,3120          ,274.219         ,0.000         ,-0.000              ,0.000               ,34514.234       ,0.00000           ,0.00000               ,0.000         ,0.000         
18:26:44.327054     ,0.000       ,0.000       ,0.000       ,16.150      ,16.139      ,16.105      ,0.034       ,0.000       ,0.000       ,0.000       ,0.000       ,0.000       ,0.000       ,0.000       ,0.16866       ,3120          ,274.219         ,0.000         ,-0.000              ,0.000               ,34514.234       ,0.00000           ,0.00000               ,0.000         ,0.000         
18:26:44.337549     ,0.000       ,0.000       ,0.000       ,16.150      ,16.140      ,16.105      ,0.035       ,0.000       ,0.000       ,0.000       ,0.000       ,0.000       ,0.000       ,0.000       ,0.16866       ,3120          ,274.219         ,0.000         ,-0.000              ,0.000               ,34514.234       ,0.00000           ,0.00000               ,0.000         ,0.000         
18:26:44.352346     ,0.000       ,0.000       ,0.000       ,16.140      ,16.137      ,16.105      ,0.032       ,0.000       ,0.000       ,0.000       ,0.000       ,0.000       ,0.000       ,0.000       ,0.16866       ,3120          ,274.219         ,0.000         ,-0.000              ,0.000               ,34514.234       ,0.00000           ,0.00000               ,0.000         ,0.000         
18:26:44.357480     ,0.000       ,0.000       ,0.000       ,16.140      ,16.137      ,16.105      ,0.032       ,0.000       ,0.000       ,0.000       ,0.000       ,0.000       ,0.000       ,0.000       ,0.16866       ,3120          ,274.219         ,0.000         ,-0.000              ,0.000               ,34514.234       ,0.00000           ,0.00000               ,0.000         ,0.000         
18:26:44.372345     ,0.000       ,0.000       ,0.000       ,16.160      ,16.139      ,16.105      ,0.034       ,0.000       ,0.000       ,0.000       ,0.000       ,0.000       ,0.000       ,0.000       ,0.16866       ,3120          ,274.219         ,0.000         ,-0.000              ,0.000               ,34514.234       ,0.00000           ,0.00000               ,0.000         ,0.000         
18:26:44.377654     ,0.000       ,0.000       ,0.000       ,16.150      ,16.139      ,16.105      ,0.034       ,0.000       ,0.000       ,0.000       ,0.000       ,0.000       ,0.000       ,0.000       ,0.16866       ,3120          ,274.219         ,0.000         ,-0.000              ,0.000               ,34514.234       ,0.00000           ,0.00000               ,0.000         ,0.000         
18:26:44.391080     ,0.000       ,0.000       ,0.000       ,16.150      ,16.139      ,16.105      ,0.034       ,0.000       ,0.000       ,0.000       ,0.000       ,0.000       ,0.000       ,0.000       ,0.16866       ,3120          ,274.219         ,0.000         ,-0.000              ,0.000               ,34514.234       ,0.00000           ,0.00000               ,0.000         ,0.000         
18:26:44.397692     ,0.000       ,0.000       ,0.000       ,16.150      ,16.141      ,16.105      ,0.036       ,0.000       ,0.000       ,0.000       ,0.000       ,0.000       ,0.000       ,0.000       ,0.16866       ,3120          ,274.219         ,0.000         ,-0.000              ,0.000               ,34514.234       ,0.00000           ,0.00000               ,0.000         ,0.000         
18:26:44.410775     ,0.000       ,0.000       ,0.000       ,16.150      ,16.143      ,16.105      ,0.038       ,0.000       ,0.000       ,0.000       ,0.000       ,0.000       ,0.000       ,0.000       ,0.16866       ,3120          ,274.219         ,0.000         ,-0.000              ,0.000               ,34514.234       ,0.00000           ,0.00000               ,0.000         ,0.000         
18:26:44.417740     ,0.000       ,0.000       ,0.000       ,16.150      ,16.141      ,16.105      ,0.036       ,0.000       ,0.000       ,0.000       ,0.000       ,0.000       ,0.000       ,0.000       ,0.16866       ,3120          ,274.219         ,0.000         ,-0.000              ,0.000               ,34514.234       ,0.00000           ,0.00000               ,0.000         ,0.000         
18:26:44.428323     ,0.000       ,0.000       ,0.000       ,16.150      ,16.141      ,16.105      ,0.037       ,0.000       ,0.000       ,0.000       ,0.000       ,0.000       ,0.000       ,0.000       ,0.16866       ,3120          ,274.219         ,0.000         ,-0.000              ,0.000               ,34514.234       ,0.00000           ,0.00000               ,0.000         ,0.000         
18:26:44.437701     ,0.000       ,0.000       ,0.000       ,16.160      ,16.144      ,16.105      ,0.039       ,0.000       ,0.000       ,0.000       ,0.000       ,0.000       ,0.000       ,0.000       ,0.16866       ,3120          ,274.219         ,0.000         ,-0.000              ,0.000               ,34514.234       ,0.00000           ,0.00000               ,0.000         ,0.000         
18:26:44.447249     ,0.000       ,0.000       ,0.000       ,16.150      ,16.143      ,16.105      ,0.039       ,0.000       ,0.000       ,0.000       ,0.000       ,0.000       ,0.000       ,0.000       ,0.16866       ,3120          ,274.219         ,0.000         ,-0.000              ,0.000               ,34514.234       ,0.00000           ,0.00000               ,0.000         ,0.000         
18:26:44.457671     ,0.000       ,0.000       ,0.000       ,16.150      ,16.143      ,16.105      ,0.039       ,0.000       ,0.000       ,0.000       ,0.000       ,0.000       ,0.000       ,0.000       ,0.16866       ,3120          ,274.219         ,0.000         ,-0.000              ,0.000               ,34514.234       ,0.00000           ,0.00000               ,0.000         ,0.000         
18:26:44.467216     ,0.000       ,0.000       ,0.000       ,16.150      ,16.143      ,16.105      ,0.039       ,0.000       ,0.000       ,0.000       ,0.000       ,0.000       ,0.000       ,0.000       ,0.16866       ,3120          ,274.219         ,0.000         ,-0.000              ,0.000               ,34514.234       ,0.00000           ,0.00000               ,0.000         ,0.000         
18:26:44.477661     ,0.000       ,0.000       ,0.000       ,16.150      ,16.143      ,16.105      ,0.039       ,0.000       ,0.000       ,0.000       ,0.000       ,0.000       ,0.000       ,0.000       ,0.16866       ,3120          ,274.219         ,0.000         ,-0.000              ,0.000               ,34514.234       ,0.00000           ,0.00000               ,0.000         ,0.000         
18:26:44.487197     ,0.000       ,0.000       ,0.000       ,16.150      ,16.142      ,16.105      ,0.037       ,0.000       ,0.000       ,0.000       ,0.000       ,0.000       ,0.000       ,0.000       ,0.16866       ,3120          ,274.219         ,0.000         ,-0.000              ,0.000               ,34514.234       ,0.00000           ,0.00000               ,0.000         ,0.000         
18:26:44.502173     ,0.000       ,0.000       ,0.000       ,16.160      ,16.144      ,16.105      ,0.039       ,0.000       ,0.000       ,0.000       ,0.000       ,0.000       ,0.000       ,0.000       ,0.16866       ,3120          ,274.219         ,0.000         ,-0.000              ,0.000               ,34514.234       ,0.00000           ,0.00000               ,0.000         ,0.000         
18:26:44.507126     ,0.000       ,0.000       ,0.000       ,16.150      ,16.144      ,16.105      ,0.039       ,0.000       ,0.000       ,0.000       ,0.000       ,0.000       ,0.000       ,0.000       ,0.16866       ,3120          ,274.219         ,0.000         ,-0.000              ,0.000               ,34514.234       ,0.00000           ,0.00000               ,0.000         ,0.000         
18:26:44.521130     ,0.000       ,0.000       ,0.000       ,16.150      ,16.143      ,16.105      ,0.039       ,0.000       ,0.000       ,0.000       ,0.000       ,0.000       ,0.000       ,0.000       ,0.16866       ,3120          ,274.219         ,0.000         ,-0.000              ,0.000               ,34514.234       ,0.00000           ,0.00000               ,0.000         ,0.000         
18:26:44.527071     ,0.000       ,0.000       ,0.000       ,16.150      ,16.143      ,16.105      ,0.038       ,0.000       ,0.000       ,0.000       ,0.000       ,0.000       ,0.000       ,0.000       ,0.16866       ,3120          ,274.219         ,0.000         ,-0.000              ,0.000               ,34514.234       ,0.00000           ,0.00000               ,0.000         ,0.000         
18:26:44.539989     ,0.000       ,0.000       ,0.000       ,16.150      ,16.143      ,16.105      ,0.039       ,0.000       ,0.000       ,0.000       ,0.000       ,0.000       ,0.000       ,0.000       ,0.16866       ,3120          ,274.219         ,0.000         ,-0.000              ,0.000               ,34514.234       ,0.00000           ,0.00000               ,0.000         ,0.000         
18:26:44.547226     ,0.000       ,0.000       ,0.000       ,16.150      ,16.142      ,16.105      ,0.037       ,0.000       ,0.000       ,0.000       ,0.000       ,0.000       ,0.000       ,0.000       ,0.16866       ,3120          ,274.219         ,0.000         ,-0.000              ,0.000               ,34514.234       ,0.00000           ,0.00000               ,0.000         ,0.000         
18:26:44.558706     ,0.000       ,0.000       ,0.000       ,16.150      ,16.142      ,16.105      ,0.038       ,0.000       ,0.000       ,0.000       ,0.000       ,0.000       ,0.000       ,0.000       ,0.16866       ,3120          ,274.219         ,0.000         ,-0.000              ,0.000               ,34514.234       ,0.00000           ,0.00000               ,0.000         ,0.000         
18:26:44.567261     ,0.000       ,0.000       ,0.000       ,16.150      ,16.142      ,16.105      ,0.038       ,0.000       ,0.000       ,0.000       ,0.000       ,0.000       ,0.000       ,0.000       ,0.16866       ,3120          ,274.219         ,0.000         ,-0.000              ,0.000               ,34514.234       ,0.00000           ,0.00000               ,0.000         ,0.000         
18:26:44.577254     ,0.000       ,0.000       ,0.000       ,16.160      ,16.144      ,16.105      ,0.039       ,0.000       ,0.000       ,0.000       ,0.000       ,0.000       ,0.000       ,0.000       ,0.16866       ,3120          ,274.219         ,0.000         ,-0.000              ,0.000               ,34514.234       ,0.00000           ,0.00000               ,0.000         ,0.000         
18:26:44.587230     ,0.000       ,0.000       ,0.000       ,16.150      ,16.143      ,16.105      ,0.038       ,0.000       ,0.000       ,0.000       ,0.000       ,0.000       ,0.000       ,0.000       ,0.16866       ,3120          ,274.219         ,0.000         ,-0.000              ,0.000               ,34514.234       ,0.00000           ,0.00000               ,0.000         ,0.000         
18:26:44.597113     ,0.000       ,0.000       ,0.000       ,16.150      ,16.143      ,16.105      ,0.038       ,0.000       ,0.000       ,0.000       ,0.000       ,0.000       ,0.000       ,0.000       ,0.16866       ,3120          ,274.219         ,0.000         ,-0.000              ,0.000               ,34514.234       ,0.00000           ,0.00000               ,0.000         ,0.000         
18:26:44.613446     ,0.000       ,0.000       ,0.000       ,16.160      ,16.144      ,16.105      ,0.040       ,0.000       ,0.000       ,0.000       ,0.000       ,0.000       ,0.000       ,0.000       ,0.16866       ,3120          ,274.219         ,0.000         ,-0.000              ,0.000               ,34514.234       ,0.00000           ,0.00000               ,0.000         ,0.000         
18:26:44.617055     ,0.000       ,0.000       ,0.000       ,16.150      ,16.144      ,16.105      ,0.040       ,0.000       ,0.000       ,0.000       ,0.000       ,0.000       ,0.000       ,0.000       ,0.16866       ,3120          ,274.219         ,0.000         ,-0.000              ,0.000               ,34514.234       ,0.00000           ,0.00000               ,0.000         ,0.000         
18:26:44.632035     ,0.000       ,0.000       ,0.000       ,16.140      ,16.141      ,16.105      ,0.037       ,0.000       ,0.000       ,0.000       ,0.000       ,0.000       ,0.000       ,0.000       ,0.16866       ,3120          ,274.219         ,0.000         ,-0.000              ,0.000               ,34514.234       ,0.00000           ,0.00000               ,0.000         ,0.000         
18:26:44.637220     ,0.000       ,0.000       ,0.000       ,16.150      ,16.143      ,16.105      ,0.038       ,0.000       ,0.000       ,0.000       ,0.000       ,0.000       ,0.000       ,0.000       ,0.16866       ,3120          ,274.219         ,0.000         ,-0.000              ,0.000               ,34514.234       ,0.00000           ,0.00000               ,0.000         ,0.000         
18:26:44.649682     ,0.000       ,0.000       ,0.000       ,16.160      ,16.145      ,16.105      ,0.040       ,0.000       ,0.000       ,0.000       ,0.000       ,0.000       ,0.000       ,0.000       ,0.16866       ,3120          ,274.219         ,0.000         ,-0.000              ,0.000               ,34514.234       ,0.00000           ,0.00000               ,0.000         ,0.000         
18:26:44.657210     ,0.000       ,0.000       ,0.000       ,16.150      ,16.142      ,16.105      ,0.038       ,0.000       ,0.000       ,0.000       ,0.000       ,0.000       ,0.000       ,0.000       ,0.16866       ,3120          ,274.219         ,0.000         ,-0.000              ,0.000               ,34514.234       ,0.00000           ,0.00000               ,0.000         ,0.000         
18:26:44.667222     ,0.000       ,0.000       ,0.000       ,16.160      ,16.144      ,16.105      ,0.039       ,0.000       ,0.000       ,0.000       ,0.000       ,0.000       ,0.000       ,0.000       ,0.16866       ,3120          ,274.219         ,0.000         ,-0.000              ,0.000               ,34514.234       ,0.00000           ,0.00000               ,0.000         ,0.000         
18:26:44.677277     ,0.000       ,0.000       ,0.000       ,16.160      ,16.146      ,16.105      ,0.042       ,0.000       ,0.000       ,0.000       ,0.000       ,0.000       ,0.000       ,0.000       ,0.16866       ,3120          ,274.219         ,0.000         ,-0.000              ,0.000               ,34514.234       ,0.00000           ,0.00000               ,0.000         ,0.000         
18:26:44.687223     ,0.000       ,0.000       ,0.000       ,16.150      ,16.145      ,16.105      ,0.040       ,0.000       ,0.000       ,0.000       ,0.000       ,0.000       ,0.000       ,0.000       ,0.16866       ,3120          ,274.219         ,0.000         ,-0.000              ,0.000               ,34514.234       ,0.00000           ,0.00000               ,0.000         ,0.000         
18:26:44.703458     ,0.000       ,0.000       ,0.000       ,16.150      ,16.143      ,16.105      ,0.039       ,0.000       ,0.000       ,0.000       ,0.000       ,0.000       ,0.000       ,0.000       ,0.16866       ,3120          ,274.219         ,0.000         ,-0.000              ,0.000               ,34514.234       ,0.00000           ,0.00000               ,0.000         ,0.000         
18:26:44.707131     ,0.000       ,0.000       ,0.000       ,16.150      ,16.145      ,16.105      ,0.040       ,0.000       ,0.000       ,0.000       ,0.000       ,0.000       ,0.000       ,0.000       ,0.16866       ,3120          ,274.219         ,0.000         ,-0.000              ,0.000               ,34514.234       ,0.00000           ,0.00000               ,0.000         ,0.000         
18:26:44.722209     ,0.000       ,0.000       ,0.000       ,16.150      ,16.144      ,16.105      ,0.040       ,0.000       ,0.000       ,0.000       ,0.000       ,0.000       ,0.000       ,0.000       ,0.16866       ,3120          ,274.219         ,0.000         ,-0.000              ,0.000               ,34514.234       ,0.00000           ,0.00000               ,0.000         ,0.000         
18:26:44.727102     ,0.000       ,0.000       ,0.000       ,16.150      ,16.144      ,16.105      ,0.039       ,0.000       ,0.000       ,0.000       ,0.000       ,0.000       ,0.000       ,0.000       ,0.16866       ,3120          ,274.219         ,0.000         ,-0.000              ,0.000               ,34514.234       ,0.00000           ,0.00000               ,0.000         ,0.000         
18:26:44.740937     ,0.000       ,0.000       ,0.000       ,16.150      ,16.144      ,16.105      ,0.039       ,0.000       ,0.000       ,0.000       ,0.000       ,0.000       ,0.000       ,0.000       ,0.16866       ,3120          ,274.219         ,0.000         ,-0.000              ,0.000               ,34514.234       ,0.00000           ,0.00000               ,0.000         ,0.000         
18:26:44.747295     ,0.000       ,0.000       ,0.000       ,16.150      ,16.143      ,16.105      ,0.039       ,0.000       ,0.000       ,0.000       ,0.000       ,0.000       ,0.000       ,0.000       ,0.16866       ,3120          ,274.219         ,0.000         ,-0.000              ,0.000               ,34514.234       ,0.00000           ,0.00000               ,0.000         ,0.000         
18:26:44.759634     ,0.000       ,0.000       ,0.000       ,16.150      ,16.142      ,16.105      ,0.037       ,0.000       ,0.000       ,0.000       ,0.000       ,0.000       ,0.000       ,0.000       ,0.16866       ,3120          ,274.219         ,0.000         ,-0.000              ,0.000               ,34514.234       ,0.00000           ,0.00000               ,0.000         ,0.000         
18:26:44.767080     ,0.000       ,0.000       ,0.000       ,16.150      ,16.141      ,16.105      ,0.036       ,0.000       ,0.000       ,0.000       ,0.000       ,0.000       ,0.000       ,0.000       ,0.16866       ,3120          ,274.219         ,0.000         ,-0.000              ,0.000               ,34514.234       ,0.00000           ,0.00000               ,0.000         ,0.000         
18:26:44.779134     ,0.000       ,0.000       ,0.000       ,16.150      ,16.141      ,16.105      ,0.036       ,0.000       ,0.000       ,0.000       ,0.000       ,0.000       ,0.000       ,0.000       ,0.16866       ,3120          ,274.219         ,0.000         ,-0.000              ,0.000               ,34514.234       ,0.00000           ,0.00000               ,0.000         ,0.000         
18:26:44.787389     ,0.000       ,0.000       ,0.000       ,16.140      ,16.139      ,16.105      ,0.034       ,0.000       ,0.000       ,0.000       ,0.000       ,0.000       ,0.000       ,0.000       ,0.16866       ,3120          ,274.219         ,0.000         ,-0.000              ,0.000               ,34514.234       ,0.00000           ,0.00000               ,0.000         ,0.000         
18:26:44.797806     ,0.000       ,0.000       ,0.000       ,16.150      ,16.140      ,16.105      ,0.035       ,0.000       ,0.000       ,0.000       ,0.000       ,0.000       ,0.000       ,0.000       ,0.16866       ,3120          ,274.219         ,0.000         ,-0.000              ,0.000               ,34514.234       ,0.00000           ,0.00000               ,0.000         ,0.000         
18:26:44.807169     ,0.000       ,0.000       ,0.000       ,16.160      ,16.142      ,16.105      ,0.037       ,0.000       ,0.000       ,0.000       ,0.000       ,0.000       ,0.000       ,0.000       ,0.16866       ,3120          ,274.219         ,0.000         ,-0.000              ,0.000               ,34514.234       ,0.00000           ,0.00000               ,0.000         ,0.000         
18:26:44.817043     ,0.000       ,0.000       ,0.000       ,16.140      ,16.140      ,16.105      ,0.035       ,0.000       ,0.000       ,0.000       ,0.000       ,0.000       ,0.000       ,0.000       ,0.16866       ,3120          ,274.219         ,0.000         ,-0.000              ,0.000               ,34514.234       ,0.00000           ,0.00000               ,0.000         ,0.000         
18:26:44.827116     ,0.000       ,0.000       ,0.000       ,16.140      ,16.138      ,16.105      ,0.034       ,0.000       ,0.000       ,0.000       ,0.000       ,0.000       ,0.000       ,0.000       ,0.16866       ,3120          ,274.219         ,0.000         ,-0.000              ,0.000               ,34514.234       ,0.00000           ,0.00000               ,0.000         ,0.000         
18:26:44.837312     ,0.000       ,0.000       ,0.000       ,16.140      ,16.139      ,16.105      ,0.034       ,0.000       ,0.000       ,0.000       ,0.000       ,0.000       ,0.000       ,0.000       ,0.16866       ,3120          ,274.219         ,0.000         ,-0.000              ,0.000               ,34514.234       ,0.00000           ,0.00000               ,0.000         ,0.000         
18:26:44.847075     ,0.000       ,0.000       ,0.000       ,16.140      ,16.137      ,16.105      ,0.032       ,0.000       ,0.000       ,0.000       ,0.000       ,0.000       ,0.000       ,0.000       ,0.16866       ,3120          ,274.219         ,0.000         ,-0.000              ,0.000               ,34514.234       ,0.00000           ,0.00000               ,0.000         ,0.000         
18:26:44.857184     ,0.000       ,0.000       ,0.000       ,16.140      ,16.133      ,16.105      ,0.029       ,0.000       ,0.000       ,0.000       ,0.000       ,0.000       ,0.000       ,0.000       ,0.16866       ,3120          ,274.219         ,0.000         ,-0.000              ,0.000               ,34514.234       ,0.00000           ,0.00000               ,0.000         ,0.000         
18:26:44.867108     ,0.000       ,0.000       ,0.000       ,16.130      ,16.132      ,16.105      ,0.027       ,0.000       ,0.000       ,0.000       ,0.000       ,0.000       ,0.000       ,0.000       ,0.16866       ,3120          ,274.219         ,0.000         ,-0.000              ,0.000               ,34514.234       ,0.00000           ,0.00000               ,0.000         ,0.000         
18:26:44.877131     ,0.000       ,0.000       ,0.000       ,16.150      ,16.133      ,16.105      ,0.029       ,0.000       ,0.000       ,0.000       ,0.000       ,0.000       ,0.000       ,0.000       ,0.16866       ,3120          ,274.219         ,0.000         ,-0.000              ,0.000               ,34514.234       ,0.00000           ,0.00000               ,0.000         ,0.000         
18:26:44.893969     ,0.000       ,0.000       ,0.000       ,16.150      ,16.134      ,16.105      ,0.029       ,0.000       ,0.000       ,0.000       ,0.000       ,0.000       ,0.000       ,0.000       ,0.16866       ,3120          ,274.219         ,0.000         ,-0.000              ,0.000               ,34514.234       ,0.00000           ,0.00000               ,0.000         ,0.000         
18:26:44.897116     ,0.000       ,0.000       ,0.000       ,16.140      ,16.132      ,16.105      ,0.027       ,0.000       ,0.000       ,0.000       ,0.000       ,0.000       ,0.000       ,0.000       ,0.16866       ,3120          ,274.219         ,0.000         ,-0.000              ,0.000               ,34514.234       ,0.00000           ,0.00000               ,0.000         ,0.000         
18:26:44.912576     ,0.000       ,0.000       ,0.000       ,16.140      ,16.132      ,16.105      ,0.027       ,0.000       ,0.000       ,0.000       ,0.000       ,0.000       ,0.000       ,0.000       ,0.16866       ,3120          ,274.219         ,0.000         ,-0.000              ,0.000               ,34514.234       ,0.00000           ,0.00000               ,0.000         ,0.000         
18:26:44.917080     ,0.000       ,0.000       ,0.000       ,16.140      ,16.134      ,16.105      ,0.029       ,0.000       ,0.000       ,0.000       ,0.000       ,0.000       ,0.000       ,0.000       ,0.16866       ,3120          ,274.219         ,0.000         ,-0.000              ,0.000               ,34514.234       ,0.00000           ,0.00000               ,0.000         ,0.000         
18:26:44.930029     ,0.000       ,0.000       ,0.000       ,16.140      ,16.132      ,16.105      ,0.028       ,0.000       ,0.000       ,0.000       ,0.000       ,0.000       ,0.000       ,0.000       ,0.16866       ,3120          ,274.219         ,0.000         ,-0.000              ,0.000               ,34514.234       ,0.00000           ,0.00000               ,0.000         ,0.000         
18:26:44.937085     ,0.000       ,0.000       ,0.000       ,16.140      ,16.132      ,16.105      ,0.027       ,0.000       ,0.000       ,0.000       ,0.000       ,0.000       ,0.000       ,0.000       ,0.16866       ,3120          ,274.219         ,0.000         ,-0.000              ,0.000               ,34514.234       ,0.00000           ,0.00000               ,0.000         ,0.000         
18:26:44.948715     ,0.000       ,0.000       ,0.000       ,16.130      ,16.131      ,16.105      ,0.027       ,0.000       ,0.000       ,0.000       ,0.000       ,0.000       ,0.000       ,0.000       ,0.16866       ,3120          ,274.219         ,0.000         ,-0.000              ,0.000               ,34514.234       ,0.00000           ,0.00000               ,0.000         ,0.000         
18:26:44.957178     ,0.000       ,0.000       ,0.000       ,16.140      ,16.132      ,16.105      ,0.027       ,0.000       ,0.000       ,0.000       ,0.000       ,0.000       ,0.000       ,0.000       ,0.16866       ,3120          ,274.219         ,0.000         ,-0.000              ,0.000               ,34514.234       ,0.00000           ,0.00000               ,0.000         ,0.000         
