Time                ,Current(A)  ,TargetCurrent(A),Voltage(V)  ,PressureRaw(kg),PressureFiltered(kg),F0(kg)      ,DeltaF      ,ADRC_KP     ,ADRC_PGain     ,ADRC_U0(Nm) ,ADRC_Z1(kg) ,ADRC_Z2(Nm) ,ADRC_LastTorque(Nm),Feedforward(mA),FeedforwardTorque(Nm),AlgoDeltaF(kg),AlgoPressure(kg),EncoderValue    ,RopeLength(m) ,EncoderAngle(deg)   ,MotorSpeed(rpm)     ,MotorLinearVel(m/s),MotorTheoryVel(m/s),MotorPosition(m)      ,RopeVelocityRaw(m/s),RopeVelocityFiltered(m/s),WeightRaw(kg) ,WeightFiltered(kg),TargetTorque(Nm),ActualTorque(Nm)
16:10:59.698497     ,0.881       ,0.000       ,19.930      ,14.480      ,14.480      ,14.480      ,0.000       ,0.000       ,0.000          ,0.000       ,0.000       ,0.000       ,0.000       ,0.000       ,0.000       ,0.000       ,0.00000       ,0             ,0.000           ,0.000         ,0.000               ,-0.000              ,0.000           ,24942.63867       ,0.00000               ,0.000         ,5.270         ,5.270         ,0.000         ,0.000         
16:10:59.707162     ,0.881       ,0.000       ,19.930      ,14.460      ,14.460      ,14.470      ,-0.010      ,0.000       ,0.000          ,0.000       ,0.000       ,0.000       ,0.000       ,0.000       ,0.000       ,0.000       ,0.00000       ,0             ,0.000           ,0.000         ,0.000               ,-0.000              ,0.000           ,24942.63867       ,0.00000               ,0.000         ,5.280         ,5.280         ,0.000         ,0.000         
16:10:59.715790     ,0.881       ,0.000       ,19.930      ,14.480      ,14.480      ,14.473      ,0.007       ,0.000       ,0.000          ,0.000       ,0.000       ,0.000       ,0.000       ,0.000       ,0.000       ,0.000       ,0.00000       ,0             ,0.000           ,0.000         ,0.000               ,-0.000              ,0.000           ,24942.63867       ,0.00000               ,0.000         ,5.280         ,5.280         ,0.000         ,0.001         
16:10:59.732013     ,0.883       ,0.000       ,19.897      ,14.450      ,14.450      ,14.467      ,-0.017      ,0.000       ,0.000          ,0.000       ,0.000       ,0.000       ,0.000       ,0.000       ,0.000       ,0.000       ,0.00000       ,0             ,0.000           ,0.000         ,0.000               ,-0.000              ,0.000           ,24942.63867       ,0.00000               ,0.000         ,5.280         ,5.280         ,0.000         ,0.000         
16:10:59.748534     ,0.883       ,0.000       ,19.897      ,14.460      ,14.460      ,14.466      ,-0.006      ,0.000       ,0.000          ,0.000       ,0.000       ,0.000       ,0.000       ,0.000       ,0.000       ,0.000       ,0.00000       ,0             ,0.000           ,0.000         ,0.000               ,-0.000              ,0.000           ,24942.63867       ,0.00000               ,0.000         ,5.280         ,5.280         ,0.000         ,0.000         
16:10:59.755914     ,0.883       ,0.000       ,19.897      ,14.460      ,14.460      ,14.465      ,-0.005      ,0.000       ,0.000          ,0.000       ,0.000       ,0.000       ,0.000       ,0.000       ,0.000       ,0.000       ,0.00000       ,0             ,0.000           ,0.000         ,0.000               ,-0.000              ,0.000           ,24942.63867       ,0.00000               ,0.000         ,5.280         ,5.280         ,0.000         ,0.000         
16:10:59.765766     ,0.883       ,0.000       ,19.897      ,14.460      ,14.460      ,14.464      ,-0.004      ,0.000       ,0.000          ,0.000       ,0.000       ,0.000       ,0.000       ,0.000       ,0.000       ,0.000       ,0.00000       ,0             ,0.000           ,0.000         ,0.000               ,-0.000              ,0.000           ,24942.63867       ,0.00000               ,0.000         ,5.280         ,5.280         ,0.000         ,-0.001        
16:10:59.777285     ,0.883       ,0.000       ,19.897      ,14.450      ,14.450      ,14.462      ,-0.012      ,0.000       ,0.000          ,0.000       ,0.000       ,0.000       ,0.000       ,0.000       ,0.000       ,0.000       ,0.00000       ,0             ,0.000           ,0.000         ,0.000               ,-0.000              ,0.000           ,24942.63867       ,0.00000               ,0.000         ,5.280         ,5.280         ,0.000         ,0.000         
16:10:59.785746     ,0.883       ,0.000       ,19.897      ,14.450      ,14.450      ,14.461      ,-0.011      ,0.000       ,0.000          ,0.000       ,0.000       ,0.000       ,0.000       ,0.000       ,0.000       ,0.000       ,0.00000       ,0             ,0.000           ,0.000         ,0.000               ,-0.000              ,0.000           ,24942.63867       ,0.00000               ,0.000         ,5.280         ,5.280         ,0.000         ,-0.001        
16:10:59.798439     ,0.883       ,0.000       ,19.897      ,14.450      ,14.450      ,14.460      ,-0.010      ,0.000       ,0.000          ,0.000       ,0.000       ,0.000       ,0.000       ,0.000       ,0.000       ,0.000       ,0.00000       ,0             ,0.000           ,0.000         ,0.000               ,-0.000              ,0.000           ,24942.63867       ,0.00000               ,0.000         ,5.280         ,5.280         ,0.000         ,0.000         
16:10:59.805800     ,0.883       ,0.000       ,19.897      ,14.460      ,14.460      ,14.460      ,0.000       ,0.000       ,0.000          ,0.000       ,0.000       ,0.000       ,0.000       ,0.000       ,0.000       ,0.000       ,0.00000       ,0             ,0.000           ,0.000         ,0.000               ,-0.000              ,0.000           ,24942.63867       ,0.00000               ,0.000         ,5.270         ,5.270         ,0.000         ,-0.001        
16:10:59.818531     ,0.883       ,0.000       ,19.897      ,14.460      ,14.460      ,14.460      ,0.000       ,0.000       ,0.000          ,0.000       ,0.000       ,0.000       ,0.000       ,0.000       ,0.000       ,0.000       ,0.00000       ,0             ,0.000           ,0.000         ,0.000               ,-0.000              ,0.000           ,24942.63867       ,0.00000               ,0.000         ,5.270         ,5.270         ,0.000         ,0.005         
16:10:59.825900     ,0.883       ,0.000       ,19.897      ,14.440      ,14.440      ,14.458      ,-0.018      ,0.000       ,0.000          ,0.000       ,0.000       ,0.000       ,0.000       ,0.000       ,0.000       ,0.000       ,0.00000       ,0             ,0.000           ,0.000         ,0.000               ,-0.000              ,0.000           ,24942.63867       ,0.00000               ,0.000         ,5.270         ,5.270         ,0.000         ,-0.001        
16:10:59.839191     ,0.879       ,0.000       ,19.913      ,14.450      ,14.450      ,14.458      ,-0.008      ,0.000       ,0.000          ,0.000       ,0.000       ,0.000       ,0.000       ,0.000       ,0.000       ,0.000       ,0.00000       ,0             ,0.000           ,0.000         ,0.000               ,-0.000              ,0.000           ,24942.63867       ,0.00000               ,0.000         ,5.270         ,5.270         ,0.000         ,-0.001        
16:10:59.850374     ,0.879       ,0.000       ,19.913      ,14.450      ,14.450      ,14.457      ,-0.007      ,0.000       ,0.000          ,0.000       ,0.000       ,0.000       ,0.000       ,0.000       ,0.000       ,0.000       ,0.00000       ,0             ,0.000           ,0.000         ,0.000               ,-0.000              ,0.000           ,24942.63867       ,0.00000               ,0.000         ,5.270         ,5.270         ,0.000         ,0.000         
16:10:59.856798     ,0.879       ,0.000       ,19.913      ,14.440      ,14.440      ,14.456      ,-0.016      ,0.000       ,0.000          ,0.000       ,0.000       ,0.000       ,0.000       ,0.000       ,0.000       ,0.000       ,0.00000       ,0             ,0.000           ,0.000         ,0.000               ,-0.000              ,0.000           ,24942.63867       ,0.00000               ,0.000         ,5.270         ,5.270         ,0.000         ,-0.004        
16:10:59.870530     ,0.879       ,0.000       ,19.913      ,14.440      ,14.440      ,14.455      ,-0.015      ,0.000       ,0.000          ,0.000       ,0.000       ,0.000       ,0.000       ,0.000       ,0.000       ,0.000       ,0.00000       ,0             ,0.000           ,0.000         ,0.000               ,-0.000              ,0.000           ,24942.63867       ,0.00000               ,0.000         ,5.260         ,5.260         ,0.000         ,0.001         
16:10:59.876905     ,0.879       ,0.000       ,19.913      ,14.430      ,14.430      ,14.454      ,-0.024      ,0.000       ,0.000          ,0.000       ,0.000       ,0.000       ,0.000       ,0.000       ,0.000       ,0.000       ,0.00000       ,0             ,0.000           ,0.000         ,0.000               ,-0.000              ,0.000           ,24942.63867       ,0.00000               ,0.000         ,5.260         ,5.260         ,0.000         ,0.001         
16:10:59.885770     ,0.879       ,0.000       ,19.913      ,14.450      ,14.450      ,14.454      ,-0.004      ,0.000       ,0.000          ,0.000       ,0.000       ,0.000       ,0.000       ,0.000       ,0.000       ,0.000       ,0.00000       ,0             ,0.000           ,0.000         ,0.000               ,-0.000              ,0.000           ,24942.63867       ,0.00000               ,0.000         ,5.260         ,5.260         ,0.000         ,0.000         
16:10:59.899051     ,0.879       ,0.000       ,19.913      ,14.440      ,14.440      ,14.453      ,-0.013      ,0.000       ,0.000          ,0.000       ,0.000       ,0.000       ,0.000       ,0.000       ,0.000       ,0.000       ,0.00000       ,0             ,0.000           ,0.000         ,0.000               ,-0.000              ,0.000           ,24942.63867       ,0.00000               ,0.000         ,5.260         ,5.260         ,0.000         ,0.000         
16:10:59.905824     ,0.879       ,0.000       ,19.913      ,14.440      ,14.440      ,14.452      ,-0.012      ,0.000       ,0.000          ,0.000       ,0.000       ,0.000       ,0.000       ,0.000       ,0.000       ,0.000       ,0.00000       ,0             ,0.000           ,0.000         ,0.000               ,-0.000              ,0.000           ,24942.63867       ,0.00000               ,0.000         ,5.260         ,5.260         ,0.000         ,-0.001        
16:10:59.929574     ,0.879       ,0.000       ,19.913      ,14.440      ,14.440      ,14.452      ,-0.012      ,0.000       ,0.000          ,0.000       ,0.000       ,0.000       ,0.000       ,0.000       ,0.000       ,0.000       ,0.00000       ,0             ,0.000           ,0.000         ,0.000               ,-0.000              ,0.000           ,24942.63867       ,0.00000               ,0.000         ,5.260         ,5.260         ,0.000         ,0.000         
16:10:59.939056     ,0.879       ,0.000       ,19.913      ,14.430      ,14.430      ,14.451      ,-0.021      ,0.000       ,0.000          ,0.000       ,0.000       ,0.000       ,0.000       ,0.000       ,0.000       ,0.000       ,0.00000       ,0             ,0.000           ,0.000         ,0.000               ,-0.000              ,0.000           ,24942.63867       ,0.00000               ,0.000         ,5.260         ,5.260         ,0.000         ,0.000         
16:10:59.949284     ,0.881       ,0.000       ,19.897      ,14.430      ,14.430      ,14.450      ,-0.020      ,0.000       ,0.000          ,0.000       ,0.000       ,0.000       ,0.000       ,0.000       ,0.000       ,0.000       ,0.00000       ,0             ,0.000           ,0.000         ,0.000               ,-0.000              ,0.000           ,24942.63867       ,0.00000               ,0.000         ,5.260         ,5.260         ,0.000         ,0.000         
16:10:59.959369     ,0.881       ,0.000       ,19.897      ,14.440      ,14.440      ,14.450      ,-0.010      ,0.000       ,0.000          ,0.000       ,0.000       ,0.000       ,0.000       ,0.000       ,0.000       ,0.000       ,0.00000       ,0             ,0.000           ,0.000         ,0.000               ,-0.000              ,0.000           ,24942.63867       ,0.00000               ,0.000         ,5.260         ,5.260         ,0.000         ,0.000         
16:10:59.975797     ,0.881       ,0.000       ,19.897      ,14.480      ,14.480      ,14.451      ,0.029       ,0.000       ,0.000          ,0.000       ,0.000       ,0.000       ,0.000       ,0.000       ,0.000       ,0.000       ,0.00000       ,0             ,0.000           ,0.000         ,0.000               ,-0.000              ,0.000           ,24942.63867       ,0.00000               ,0.000         ,5.260         ,5.260         ,0.000         ,0.000         
16:10:59.988978     ,0.881       ,0.000       ,19.897      ,14.500      ,14.500      ,14.453      ,0.047       ,0.000       ,0.000          ,0.000       ,0.000       ,0.000       ,0.000       ,0.000       ,0.000       ,0.000       ,0.00000       ,0             ,0.000           ,0.000         ,0.000               ,-0.000              ,0.000           ,24942.63867       ,0.00000               ,0.000         ,5.260         ,5.260         ,0.000         ,0.003         
16:10:59.995743     ,0.881       ,0.000       ,19.897      ,14.500      ,14.500      ,14.454      ,0.046       ,0.000       ,0.000          ,0.000       ,0.000       ,0.000       ,0.000       ,0.000       ,0.000       ,0.000       ,0.00000       ,0             ,0.000           ,0.000         ,0.000               ,-0.000              ,0.000           ,24942.63867       ,0.00000               ,0.000         ,5.260         ,5.260         ,0.000         ,-0.001        
16:11:00.017605     ,0.881       ,0.000       ,19.897      ,14.490      ,14.490      ,14.456      ,0.034       ,0.000       ,0.000          ,0.000       ,0.000       ,0.000       ,0.000       ,0.000       ,0.000       ,0.000       ,0.00000       ,0             ,0.000           ,0.000         ,0.000               ,-0.000              ,0.000           ,24942.63867       ,0.00000               ,0.000         ,5.260         ,5.260         ,0.000         ,-0.001        
16:11:00.025801     ,0.881       ,0.000       ,19.897      ,14.480      ,14.480      ,14.456      ,0.024       ,0.000       ,0.000          ,0.000       ,0.000       ,0.000       ,0.000       ,0.000       ,0.000       ,0.000       ,0.00000       ,0             ,0.000           ,0.000         ,0.000               ,-0.000              ,0.000           ,24942.63867       ,0.00000               ,0.000         ,5.260         ,5.260         ,0.000         ,0.000         
16:11:00.038835     ,0.881       ,0.000       ,19.897      ,14.450      ,14.450      ,14.456      ,-0.006      ,0.000       ,0.000          ,0.000       ,0.000       ,0.000       ,0.000       ,0.000       ,0.000       ,0.000       ,0.00000       ,0             ,0.000           ,0.000         ,0.000               ,-0.000              ,0.000           ,24942.63867       ,0.00000               ,0.000         ,5.260         ,5.260         ,0.000         ,0.003         
16:11:00.045748     ,0.881       ,0.000       ,19.897      ,14.460      ,14.460      ,14.456      ,0.004       ,0.000       ,0.000          ,0.000       ,0.000       ,0.000       ,0.000       ,0.000       ,0.000       ,0.000       ,0.00000       ,0             ,0.000           ,0.000         ,0.000               ,-0.000              ,0.000           ,24942.63867       ,0.00000               ,0.000         ,5.260         ,5.260         ,0.000         ,0.000         
16:11:00.061128     ,0.881       ,0.000       ,19.897      ,14.500      ,14.500      ,14.458      ,0.042       ,0.000       ,0.000          ,0.000       ,0.000       ,0.000       ,0.000       ,0.000       ,0.000       ,0.000       ,0.00000       ,0             ,0.000           ,0.000         ,0.000               ,-0.000              ,0.000           ,24942.63867       ,0.00000               ,0.000         ,5.260         ,5.260         ,0.000         ,0.000         
16:11:00.071004     ,0.881       ,0.000       ,19.897      ,14.510      ,14.510      ,14.459      ,0.051       ,0.000       ,0.000          ,0.000       ,0.000       ,0.000       ,0.000       ,0.000       ,0.000       ,0.000       ,0.00000       ,0             ,0.000           ,0.000         ,0.000               ,-0.000              ,0.000           ,24942.63867       ,0.00000               ,0.000         ,5.260         ,5.260         ,0.000         ,-0.001        
16:11:00.080454     ,0.881       ,0.000       ,19.897      ,14.560      ,14.560      ,14.462      ,0.098       ,0.000       ,0.000          ,0.000       ,0.000       ,0.000       ,0.000       ,0.000       ,0.000       ,0.000       ,0.00000       ,0             ,0.000           ,0.000         ,0.000               ,-0.000              ,0.000           ,24942.63867       ,0.00000               ,0.000         ,5.260         ,5.260         ,0.000         ,-0.003        
16:11:00.086756     ,0.881       ,0.000       ,19.897      ,14.590      ,14.590      ,14.466      ,0.124       ,0.000       ,0.000          ,0.000       ,0.000       ,0.000       ,0.000       ,0.000       ,0.000       ,0.000       ,0.00000       ,0             ,0.000           ,0.000         ,0.000               ,-0.000              ,0.000           ,24942.63867       ,0.00000               ,0.000         ,5.260         ,5.260         ,0.000         ,-0.004        
16:11:00.095761     ,0.881       ,0.000       ,19.897      ,14.620      ,14.620      ,14.470      ,0.150       ,0.000       ,0.000          ,0.000       ,0.000       ,0.000       ,0.000       ,0.000       ,0.000       ,0.000       ,0.00000       ,0             ,0.000           ,0.000         ,0.000               ,-0.000              ,0.000           ,24942.63867       ,0.00000               ,0.000         ,5.260         ,5.260         ,0.000         ,-0.001        
16:11:00.107954     ,0.881       ,0.000       ,19.897      ,14.650      ,14.650      ,14.474      ,0.176       ,0.000       ,0.000          ,0.000       ,0.000       ,0.000       ,0.000       ,0.000       ,0.000       ,0.000       ,0.00000       ,0             ,0.000           ,0.000         ,0.000               ,-0.000              ,0.000           ,24942.63867       ,0.00000               ,0.000         ,5.260         ,5.260         ,0.000         ,0.000         
16:11:00.115773     ,0.881       ,0.000       ,19.897      ,14.680      ,14.680      ,14.480      ,0.200       ,0.000       ,0.000          ,0.000       ,0.000       ,0.000       ,0.000       ,0.000       ,0.000       ,0.000       ,0.00000       ,0             ,0.000           ,0.000         ,0.000               ,-0.000              ,0.000           ,24942.63867       ,0.00000               ,0.000         ,5.260         ,5.260         ,0.000         ,0.000         
16:11:00.130315     ,0.881       ,0.000       ,19.897      ,14.710      ,14.710      ,14.486      ,0.224       ,0.000       ,0.000          ,0.000       ,0.000       ,0.000       ,0.000       ,0.000       ,0.000       ,0.000       ,0.00000       ,0             ,0.000           ,0.000         ,0.000               ,-0.000              ,0.000           ,24942.63867       ,0.00000               ,0.000         ,5.260         ,5.260         ,0.000         ,-0.001        
16:11:00.137714     ,0.881       ,0.000       ,19.897      ,14.780      ,14.780      ,14.493      ,0.287       ,0.000       ,0.000          ,0.000       ,0.000       ,0.000       ,0.000       ,0.000       ,0.000       ,0.000       ,0.00000       ,0             ,0.000           ,0.000         ,0.000               ,-0.000              ,0.000           ,24942.63867       ,0.00000               ,0.000         ,5.260         ,5.260         ,0.000         ,0.000         
16:11:00.150487     ,0.881       ,0.000       ,19.897      ,14.830      ,14.830      ,14.501      ,0.329       ,0.000       ,0.000          ,0.000       ,0.000       ,0.000       ,0.000       ,0.000       ,0.000       ,0.000       ,0.00000       ,0             ,0.000           ,0.000         ,0.000               ,-0.000              ,0.000           ,24942.63867       ,0.00000               ,0.000         ,5.260         ,5.260         ,0.000         ,0.000         
16:11:00.156923     ,0.881       ,0.000       ,19.897      ,14.910      ,14.910      ,14.510      ,0.400       ,0.000       ,0.000          ,0.000       ,0.000       ,0.000       ,0.000       ,0.000       ,0.000       ,0.000       ,0.00000       ,0             ,0.000           ,0.000         ,0.000               ,-0.000              ,0.000           ,24942.63867       ,0.00000               ,0.000         ,5.260         ,5.260         ,0.000         ,-0.001        
16:11:00.170703     ,0.881       ,0.000       ,19.897      ,14.960      ,14.960      ,14.520      ,0.440       ,0.000       ,0.000          ,0.000       ,0.000       ,0.000       ,0.000       ,0.000       ,0.000       ,0.000       ,0.00000       ,0             ,0.000           ,0.000         ,0.000               ,-0.000              ,0.000           ,24942.63867       ,0.00000               ,0.000         ,5.260         ,5.260         ,0.000         ,0.000         
16:11:00.177096     ,0.881       ,0.000       ,19.897      ,15.060      ,15.060      ,14.532      ,0.528       ,0.000       ,0.000          ,0.000       ,0.000       ,0.000       ,0.000       ,0.000       ,0.000       ,0.000       ,0.00000       ,0             ,0.000           ,0.000         ,0.000               ,-0.000              ,0.000           ,24942.63867       ,0.00000               ,0.000         ,5.220         ,5.220         ,0.000         ,0.000         
16:11:00.185753     ,0.881       ,0.000       ,19.897      ,15.090      ,15.090      ,14.545      ,0.545       ,0.000       ,0.000          ,0.000       ,0.000       ,0.000       ,0.000       ,0.000       ,0.000       ,0.000       ,0.00000       ,0             ,0.000           ,0.000         ,0.000               ,-0.000              ,0.000           ,24942.63867       ,0.00000               ,0.000         ,5.220         ,5.220         ,0.000         ,0.000         
16:11:00.198364     ,0.881       ,0.000       ,19.897      ,15.160      ,15.160      ,14.558      ,0.602       ,0.000       ,0.000          ,0.000       ,0.000       ,0.000       ,0.000       ,0.000       ,0.000       ,0.000       ,0.00000       ,0             ,0.000           ,0.000         ,0.000               ,-0.000              ,0.000           ,24942.63867       ,0.00000               ,0.000         ,5.220         ,5.220         ,0.000         ,0.000         
16:11:00.205835     ,0.881       ,0.000       ,19.897      ,15.190      ,15.190      ,14.571      ,0.619       ,0.000       ,0.000          ,0.000       ,0.000       ,0.000       ,0.000       ,0.000       ,0.000       ,0.000       ,0.00000       ,0             ,0.000           ,0.000         ,0.000               ,-0.000              ,0.000           ,24942.63867       ,0.00000               ,0.000         ,5.220         ,5.220         ,0.000         ,0.000         
16:11:00.220533     ,0.881       ,0.000       ,19.897      ,15.210      ,15.210      ,14.584      ,0.626       ,0.000       ,0.000          ,0.000       ,0.000       ,0.000       ,0.000       ,0.000       ,0.000       ,0.000       ,0.00000       ,0             ,0.000           ,0.000         ,0.000               ,-0.000              ,0.000           ,24942.63867       ,0.00000               ,0.000         ,5.220         ,5.220         ,0.000         ,-0.001        
16:11:00.226894     ,0.881       ,0.000       ,19.897      ,15.210      ,15.210      ,14.596      ,0.614       ,0.000       ,0.000          ,0.000       ,0.000       ,0.000       ,0.000       ,0.000       ,0.000       ,0.000       ,0.00000       ,0             ,0.000           ,0.000         ,0.000               ,-0.000              ,0.000           ,24942.63867       ,0.00000               ,0.000         ,5.220         ,5.220         ,0.000         ,0.000         
16:11:00.235763     ,0.881       ,0.000       ,19.897      ,15.240      ,15.240      ,14.596      ,0.644       ,0.000       ,0.000          ,0.000       ,0.000       ,0.000       ,0.000       ,0.000       ,0.000       ,0.000       ,0.00000       ,0             ,0.000           ,0.000         ,0.000               ,-0.000              ,0.000           ,24942.63867       ,0.00000               ,0.000         ,5.220         ,5.220         ,0.000         ,-0.001        
16:11:00.248950     ,0.881       ,0.000       ,19.897      ,15.260      ,15.260      ,14.596      ,0.664       ,0.000       ,0.000          ,0.000       ,0.000       ,0.000       ,0.000       ,0.000       ,0.000       ,0.000       ,0.00000       ,1             ,0.000           ,0.088         ,0.000               ,-0.000              ,0.000           ,24942.63867       ,0.00000               ,0.000         ,5.220         ,5.220         ,0.000         ,0.000         
16:11:00.255735     ,0.881       ,0.000       ,19.897      ,15.320      ,15.320      ,14.596      ,0.724       ,0.000       ,0.000          ,0.000       ,0.000       ,0.000       ,0.000       ,0.000       ,0.000       ,0.000       ,0.00000       ,1             ,0.000           ,0.088         ,0.000               ,-0.000              ,0.000           ,24942.63867       ,0.00000               ,0.000         ,5.220         ,5.220         ,0.000         ,0.003         
16:11:00.274774     ,0.879       ,0.000       ,19.897      ,15.340      ,15.340      ,14.596      ,0.744       ,0.000       ,0.000          ,0.000       ,0.000       ,0.000       ,0.000       ,0.000       ,0.000       ,0.000       ,0.00000       ,2             ,0.000           ,0.176         ,0.000               ,-0.000              ,0.000           ,24942.64062       ,0.00000               ,0.000         ,5.240         ,5.240         ,0.000         ,0.000         
16:11:00.286171     ,0.879       ,0.000       ,19.897      ,15.440      ,15.440      ,14.596      ,0.844       ,0.000       ,0.000          ,0.000       ,0.000       ,0.000       ,0.000       ,0.000       ,0.000       ,0.000       ,0.00000       ,3             ,0.000           ,0.264         ,0.000               ,-0.000              ,0.000           ,24942.64062       ,0.00000               ,0.000         ,5.240         ,5.240         ,0.000         ,-0.001        
16:11:00.299915     ,0.879       ,0.000       ,19.897      ,15.510      ,15.510      ,14.596      ,0.914       ,0.000       ,0.000          ,0.000       ,0.000       ,0.000       ,0.000       ,0.000       ,0.000       ,0.000       ,0.00000       ,4             ,0.000           ,0.352         ,0.200               ,-0.001              ,0.000           ,24942.64062       ,0.00000               ,0.000         ,5.240         ,5.240         ,0.000         ,0.001         
16:11:00.316007     ,0.879       ,0.000       ,19.897      ,15.570      ,15.570      ,14.596      ,0.974       ,0.000       ,0.000          ,0.000       ,0.000       ,0.000       ,0.000       ,0.000       ,0.000       ,0.000       ,0.00000       ,7             ,0.001           ,0.615         ,1.000               ,-0.003              ,0.000           ,24942.64062       ,0.00000               ,0.000         ,5.240         ,5.240         ,0.000         ,0.000         
16:11:00.329582     ,0.879       ,0.000       ,19.897      ,15.610      ,15.610      ,14.596      ,1.014       ,0.000       ,0.000          ,0.000       ,0.000       ,0.000       ,0.000       ,0.000       ,0.000       ,0.000       ,0.00000       ,9             ,0.001           ,0.791         ,1.000               ,-0.003              ,0.000           ,24942.64062       ,0.00000               ,0.000         ,5.240         ,5.240         ,0.000         ,0.000         
16:11:00.335969     ,0.879       ,0.000       ,19.897      ,15.650      ,15.650      ,14.596      ,1.054       ,0.000       ,0.000          ,0.000       ,0.000       ,0.000       ,0.000       ,0.000       ,0.000       ,0.000       ,0.00000       ,11            ,0.001           ,0.967         ,1.000               ,-0.003              ,0.000           ,24942.64258       ,0.00000               ,0.000         ,5.240         ,5.240         ,0.000         ,-0.001        
16:11:00.359135     ,0.879       ,0.000       ,19.897      ,15.710      ,15.710      ,14.596      ,1.114       ,0.000       ,0.000          ,0.000       ,0.000       ,0.000       ,0.000       ,0.000       ,0.000       ,0.000       ,0.00000       ,16            ,0.001           ,1.406         ,1.400               ,-0.005              ,0.000           ,24942.64453       ,0.00000               ,0.000         ,5.240         ,5.240         ,0.000         ,0.000         
16:11:00.376029     ,0.879       ,0.000       ,19.897      ,15.730      ,15.730      ,14.596      ,1.134       ,0.000       ,0.000          ,0.000       ,0.000       ,0.000       ,0.000       ,0.000       ,0.000       ,0.000       ,0.00000       ,21            ,0.002           ,1.846         ,2.000               ,-0.007              ,0.000           ,24942.64453       ,0.00000               ,0.000         ,5.240         ,5.240         ,0.000         ,-0.001        
16:11:00.386676     ,0.879       ,0.000       ,19.897      ,15.730      ,15.730      ,14.596      ,1.134       ,0.000       ,0.000          ,0.000       ,0.000       ,0.000       ,0.000       ,0.000       ,0.000       ,0.000       ,0.00000       ,23            ,0.002           ,2.021         ,2.400               ,-0.008              ,0.000           ,24942.64648       ,0.00000               ,0.000         ,5.240         ,5.240         ,0.000         ,0.000         
16:11:00.395771     ,0.879       ,0.000       ,19.897      ,15.770      ,15.770      ,14.596      ,1.174       ,0.000       ,0.000          ,0.000       ,0.000       ,0.000       ,0.000       ,0.000       ,0.000       ,0.000       ,0.00000       ,26            ,0.002           ,2.285         ,3.000               ,-0.010              ,0.000           ,24942.64844       ,0.00000               ,0.000         ,5.240         ,5.240         ,0.000         ,0.000         
16:11:00.409406     ,0.881       ,0.000       ,19.880      ,15.790      ,15.790      ,14.596      ,1.194       ,0.000       ,0.000          ,0.000       ,0.000       ,0.000       ,0.000       ,0.000       ,0.000       ,0.000       ,0.00000       ,29            ,0.002           ,2.549         ,3.000               ,-0.010              ,0.000           ,24942.64844       ,0.00000               ,0.000         ,5.240         ,5.240         ,0.000         ,0.000         
16:11:00.426000     ,0.881       ,0.000       ,19.880      ,15.810      ,15.810      ,14.596      ,1.214       ,0.000       ,0.000          ,0.000       ,0.000       ,0.000       ,0.000       ,0.000       ,0.000       ,0.000       ,0.00000       ,32            ,0.002           ,2.812         ,3.400               ,-0.012              ,0.000           ,24942.65039       ,0.00000               ,0.000         ,5.240         ,5.240         ,0.000         ,0.000         
16:11:00.435786     ,0.881       ,0.000       ,19.880      ,15.860      ,15.860      ,14.596      ,1.264       ,0.000       ,0.000          ,0.000       ,0.000       ,0.000       ,0.000       ,0.000       ,0.000       ,0.000       ,0.00000       ,39            ,0.003           ,3.428         ,4.000               ,-0.014              ,0.000           ,24942.65039       ,0.00000               ,0.000         ,5.240         ,5.240         ,0.000         ,0.000         
16:11:00.449379     ,0.881       ,0.000       ,19.880      ,15.870      ,15.870      ,14.596      ,1.274       ,0.000       ,0.000          ,0.000       ,0.000       ,0.000       ,0.000       ,0.000       ,0.000       ,0.000       ,0.00000       ,42            ,0.003           ,3.691         ,4.000               ,-0.014              ,0.000           ,24942.65234       ,0.00000               ,0.000         ,5.240         ,5.240         ,0.000         ,0.000         
16:11:00.466628     ,0.881       ,0.000       ,19.880      ,15.890      ,15.890      ,14.596      ,1.294       ,0.000       ,0.000          ,0.000       ,0.000       ,0.000       ,0.000       ,0.000       ,0.000       ,0.000       ,0.00000       ,49            ,0.004           ,4.307         ,4.200               ,-0.015              ,0.000           ,24942.65430       ,0.00000               ,0.000         ,5.240         ,5.240         ,0.000         ,0.000         
16:11:00.475754     ,0.881       ,0.000       ,19.880      ,15.900      ,15.900      ,14.596      ,1.304       ,0.000       ,0.000          ,0.000       ,0.000       ,0.000       ,0.000       ,0.000       ,0.000       ,0.000       ,0.00000       ,52            ,0.004           ,4.570         ,4.800               ,-0.017              ,0.000           ,24942.65625       ,0.00000               ,0.000         ,5.240         ,5.240         ,0.000         ,-0.001        
16:11:00.495758     ,0.881       ,0.000       ,19.880      ,15.910      ,15.910      ,14.596      ,1.314       ,0.000       ,0.000          ,0.000       ,0.000       ,0.000       ,0.000       ,0.000       ,0.000       ,0.000       ,0.00000       ,56            ,0.004           ,4.922         ,5.000               ,-0.017              ,0.000           ,24942.66016       ,0.00000               ,0.000         ,5.240         ,5.240         ,0.000         ,0.000         
16:11:00.506733     ,0.881       ,0.000       ,19.880      ,15.920      ,15.920      ,14.596      ,1.324       ,0.000       ,0.000          ,0.000       ,0.000       ,0.000       ,0.000       ,0.000       ,0.000       ,0.000       ,0.00000       ,63            ,0.005           ,5.537         ,5.200               ,-0.018              ,0.000           ,24942.66016       ,0.00000               ,0.000         ,5.240         ,5.240         ,0.000         ,0.000         
16:11:00.515986     ,0.881       ,0.000       ,19.880      ,15.950      ,15.950      ,14.596      ,1.354       ,0.000       ,0.000          ,0.000       ,0.000       ,0.000       ,0.000       ,0.000       ,0.000       ,0.000       ,0.00000       ,67            ,0.005           ,5.889         ,5.800               ,-0.020              ,0.000           ,24942.66016       ,0.00000               ,0.000         ,5.240         ,5.240         ,0.000         ,-0.001        
16:11:00.527313     ,0.881       ,0.000       ,19.880      ,15.930      ,15.930      ,14.596      ,1.334       ,0.000       ,0.000          ,0.000       ,0.000       ,0.000       ,0.000       ,0.000       ,0.000       ,0.000       ,0.00000       ,70            ,0.005           ,6.152         ,6.000               ,-0.021              ,0.000           ,24942.66406       ,0.00000               ,0.000         ,5.240         ,5.240         ,0.000         ,-0.001        
16:11:00.539292     ,0.883       ,0.000       ,19.946      ,15.930      ,15.930      ,14.596      ,1.334       ,0.000       ,0.000          ,0.000       ,0.000       ,0.000       ,0.000       ,0.000       ,0.000       ,0.000       ,0.00000       ,74            ,0.006           ,6.504         ,6.000               ,-0.021              ,0.000           ,24942.66406       ,0.00000               ,0.000         ,5.240         ,5.240         ,0.000         ,0.000         
16:11:00.546311     ,0.883       ,0.000       ,19.946      ,15.950      ,15.950      ,14.596      ,1.354       ,0.000       ,0.000          ,0.000       ,0.000       ,0.000       ,0.000       ,0.000       ,0.000       ,0.000       ,0.00000       ,78            ,0.006           ,6.855         ,6.000               ,-0.021              ,0.000           ,24942.66602       ,0.00000               ,0.000         ,5.240         ,5.240         ,0.000         ,0.000         
16:11:00.565984     ,0.883       ,0.000       ,19.946      ,15.960      ,15.960      ,14.596      ,1.364       ,0.000       ,0.000          ,0.000       ,0.000       ,0.000       ,0.000       ,0.000       ,0.000       ,0.000       ,0.00000       ,81            ,0.006           ,7.119         ,6.000               ,-0.021              ,0.000           ,24942.66797       ,0.00000               ,0.000         ,5.240         ,5.240         ,0.000         ,-0.001        
16:11:00.575745     ,0.883       ,0.000       ,19.946      ,15.980      ,15.980      ,14.596      ,1.384       ,0.000       ,0.000          ,0.000       ,0.000       ,0.000       ,0.000       ,0.000       ,0.000       ,0.000       ,0.00000       ,89            ,0.007           ,7.822         ,6.000               ,-0.021              ,0.000           ,24942.66797       ,0.00000               ,0.000         ,5.240         ,5.240         ,0.000         ,0.000         
16:11:00.587818     ,0.883       ,0.000       ,19.946      ,16.000      ,16.000      ,14.596      ,1.404       ,0.000       ,0.000          ,0.000       ,0.000       ,0.000       ,0.000       ,0.000       ,0.000       ,0.000       ,0.00000       ,92            ,0.007           ,8.086         ,6.400               ,-0.022              ,0.000           ,24942.66992       ,0.00000               ,0.000         ,5.240         ,5.240         ,0.000         ,-0.001        
16:11:00.605725     ,0.883       ,0.000       ,19.946      ,16.000      ,16.000      ,14.596      ,1.404       ,0.000       ,0.000          ,0.000       ,0.000       ,0.000       ,0.000       ,0.000       ,0.000       ,0.000       ,0.00000       ,96            ,0.007           ,8.438         ,7.000               ,-0.024              ,0.000           ,24942.67188       ,0.00000               ,0.000         ,5.220         ,5.220         ,0.000         ,0.001         
16:11:00.615723     ,0.883       ,0.000       ,19.946      ,16.000      ,16.000      ,14.596      ,1.404       ,0.000       ,0.000          ,0.000       ,0.000       ,0.000       ,0.000       ,0.000       ,0.000       ,0.000       ,0.00000       ,104           ,0.008           ,9.141         ,7.000               ,-0.024              ,0.000           ,24942.67383       ,0.00000               ,0.000         ,5.220         ,5.220         ,0.000         ,-0.001        
16:11:00.630320     ,0.883       ,0.000       ,19.946      ,16.000      ,16.000      ,14.596      ,1.404       ,0.000       ,0.000          ,0.000       ,0.000       ,0.000       ,0.000       ,0.000       ,0.000       ,0.000       ,0.00000       ,107           ,0.008           ,9.404         ,7.000               ,-0.024              ,0.000           ,24942.67578       ,0.00000               ,0.000         ,5.220         ,5.220         ,0.000         ,-0.001        
16:11:00.636616     ,0.883       ,0.000       ,19.946      ,16.010      ,16.010      ,14.596      ,1.414       ,0.000       ,0.000          ,0.000       ,0.000       ,0.000       ,0.000       ,0.000       ,0.000       ,0.000       ,0.00000       ,111           ,0.009           ,9.756         ,7.000               ,-0.024              ,0.000           ,24942.67773       ,0.00000               ,0.000         ,5.220         ,5.220         ,0.000         ,-0.001        
16:11:00.645773     ,0.883       ,0.000       ,19.946      ,16.020      ,16.020      ,14.596      ,1.424       ,0.000       ,0.000          ,0.000       ,0.000       ,0.000       ,0.000       ,0.000       ,0.000       ,0.000       ,0.00000       ,115           ,0.009           ,10.107        ,7.000               ,-0.024              ,0.000           ,24942.67773       ,0.00000               ,0.000         ,5.220         ,5.220         ,0.000         ,-0.001        
16:11:00.662532     ,0.881       ,0.000       ,19.946      ,16.060      ,16.060      ,14.596      ,1.464       ,0.000       ,0.000          ,0.000       ,0.000       ,0.000       ,0.000       ,0.000       ,0.000       ,0.000       ,0.00000       ,118           ,0.009           ,10.371        ,7.000               ,-0.024              ,0.000           ,24942.67969       ,0.00000               ,0.000         ,5.220         ,5.220         ,0.000         ,0.000         
16:11:00.679429     ,0.881       ,0.000       ,19.946      ,16.070      ,16.070      ,14.596      ,1.474       ,0.000       ,0.000          ,0.000       ,0.000       ,0.000       ,0.000       ,0.000       ,0.000       ,0.000       ,0.00000       ,126           ,0.010           ,11.074        ,7.000               ,-0.024              ,0.000           ,24942.68164       ,0.00000               ,0.000         ,5.220         ,5.220         ,0.000         ,0.001         
16:11:00.686851     ,0.881       ,0.000       ,19.946      ,16.070      ,16.070      ,14.596      ,1.474       ,0.000       ,0.000          ,0.000       ,0.000       ,0.000       ,0.000       ,0.000       ,0.000       ,0.000       ,0.00000       ,130           ,0.010           ,11.426        ,7.000               ,-0.024              ,0.000           ,24942.68359       ,0.00000               ,0.000         ,5.220         ,5.220         ,0.000         ,0.000         
16:11:00.695766     ,0.881       ,0.000       ,19.946      ,16.090      ,16.090      ,14.596      ,1.494       ,0.000       ,0.000          ,0.000       ,0.000       ,0.000       ,0.000       ,0.000       ,0.000       ,0.000       ,0.00000       ,134           ,0.010           ,11.777        ,7.000               ,-0.024              ,0.000           ,24942.68359       ,0.00000               ,0.000         ,5.220         ,5.220         ,0.000         ,0.000         
16:11:00.709250     ,0.881       ,0.000       ,19.946      ,16.090      ,16.090      ,14.596      ,1.494       ,0.000       ,0.000          ,0.000       ,0.000       ,0.000       ,0.000       ,0.000       ,0.000       ,0.000       ,0.00000       ,138           ,0.011           ,12.129        ,7.000               ,-0.024              ,0.000           ,24942.68555       ,0.00000               ,0.000         ,5.220         ,5.220         ,0.000         ,-0.001        
16:11:00.716727     ,0.881       ,0.000       ,19.946      ,16.090      ,16.090      ,14.596      ,1.494       ,0.000       ,0.000          ,0.000       ,0.000       ,0.000       ,0.000       ,0.000       ,0.000       ,0.000       ,0.00000       ,141           ,0.011           ,12.393        ,7.000               ,-0.024              ,0.000           ,24942.68555       ,0.00000               ,0.000         ,5.220         ,5.220         ,0.000         ,0.000         
16:11:00.725744     ,0.881       ,0.000       ,19.946      ,16.100      ,16.100      ,14.596      ,1.504       ,0.000       ,0.000          ,0.000       ,0.000       ,0.000       ,0.000       ,0.000       ,0.000       ,0.000       ,0.00000       ,146           ,0.011           ,12.832        ,7.000               ,-0.024              ,0.000           ,24942.68750       ,0.00000               ,0.000         ,5.260         ,5.260         ,0.000         ,-0.001        
16:11:00.738903     ,0.881       ,0.000       ,19.946      ,16.120      ,16.120      ,14.596      ,1.524       ,0.000       ,0.000          ,0.000       ,0.000       ,0.000       ,0.000       ,0.000       ,0.000       ,0.000       ,0.00000       ,150           ,0.012           ,13.184        ,7.400               ,-0.026              ,0.000           ,24942.69141       ,0.00000               ,0.000         ,5.260         ,5.260         ,0.000         ,-0.001        
16:11:00.746185     ,0.881       ,0.000       ,19.946      ,16.150      ,16.150      ,14.596      ,1.554       ,0.000       ,0.000          ,0.000       ,0.000       ,0.000       ,0.000       ,0.000       ,0.000       ,0.000       ,0.00000       ,154           ,0.012           ,13.535        ,7.800               ,-0.027              ,0.000           ,24942.69141       ,0.00000               ,0.000         ,5.260         ,5.260         ,0.000         ,-0.001        
16:11:00.755773     ,0.881       ,0.000       ,19.946      ,16.150      ,16.150      ,14.596      ,1.554       ,0.000       ,0.000          ,0.000       ,0.000       ,0.000       ,0.000       ,0.000       ,0.000       ,0.000       ,0.00000       ,158           ,0.012           ,13.887        ,8.000               ,-0.028              ,0.000           ,24942.69141       ,0.00000               ,0.000         ,5.260         ,5.260         ,0.000         ,-0.001        
16:11:00.774568     ,0.881       ,0.000       ,19.897      ,16.190      ,16.190      ,14.596      ,1.594       ,0.000       ,0.000          ,0.000       ,0.000       ,0.000       ,0.000       ,0.000       ,0.000       ,0.000       ,0.00000       ,163           ,0.013           ,14.326        ,8.000               ,-0.028              ,0.000           ,24942.69531       ,0.00000               ,0.000         ,5.270         ,5.270         ,0.000         ,-0.001        
16:11:00.789208     ,0.881       ,0.000       ,19.897      ,16.200      ,16.200      ,14.596      ,1.604       ,0.000       ,0.000          ,0.000       ,0.000       ,0.000       ,0.000       ,0.000       ,0.000       ,0.000       ,0.00000       ,172           ,0.013           ,15.117        ,8.000               ,-0.028              ,0.000           ,24942.69727       ,0.00000               ,0.000         ,5.270         ,5.270         ,0.000         ,0.000         
16:11:00.796104     ,0.881       ,0.000       ,19.897      ,16.200      ,16.200      ,14.596      ,1.604       ,0.000       ,0.000          ,0.000       ,0.000       ,0.000       ,0.000       ,0.000       ,0.000       ,0.000       ,0.00000       ,177           ,0.014           ,15.557        ,8.000               ,-0.028              ,0.000           ,24942.69922       ,0.00000               ,0.000         ,5.270         ,5.270         ,0.000         ,0.001         
16:11:00.809376     ,0.881       ,0.000       ,19.897      ,16.210      ,16.210      ,14.596      ,1.614       ,0.000       ,0.000          ,0.000       ,0.000       ,0.000       ,0.000       ,0.000       ,0.000       ,0.000       ,0.00000       ,183           ,0.014           ,16.084        ,8.200               ,-0.029              ,0.000           ,24942.70312       ,0.00000               ,0.000         ,5.280         ,5.280         ,0.000         ,-0.001        
16:11:00.815716     ,0.881       ,0.000       ,19.897      ,16.190      ,16.190      ,14.596      ,1.594       ,0.000       ,0.000          ,0.000       ,0.000       ,0.000       ,0.000       ,0.000       ,0.000       ,0.000       ,0.00000       ,188           ,0.014           ,16.523        ,8.600               ,-0.030              ,0.000           ,24942.70312       ,0.00000               ,0.000         ,5.280         ,5.280         ,0.000         ,-0.001        
16:11:00.829410     ,0.881       ,0.000       ,19.897      ,16.200      ,16.200      ,14.596      ,1.604       ,0.000       ,0.000          ,0.000       ,0.000       ,0.000       ,0.000       ,0.000       ,0.000       ,0.000       ,0.00000       ,193           ,0.015           ,16.963        ,9.000               ,-0.031              ,0.000           ,24942.70508       ,0.00000               ,0.000         ,5.280         ,5.280         ,0.000         ,-0.001        
16:11:00.846190     ,0.881       ,0.000       ,19.897      ,16.240      ,16.240      ,14.596      ,1.644       ,0.000       ,0.000          ,0.000       ,0.000       ,0.000       ,0.000       ,0.000       ,0.000       ,0.000       ,0.00000       ,205           ,0.016           ,18.018        ,9.000               ,-0.031              ,0.000           ,24942.70898       ,0.00000               ,0.000         ,5.280         ,5.280         ,0.000         ,0.000         
16:11:00.855742     ,0.881       ,0.000       ,19.897      ,16.240      ,16.240      ,14.596      ,1.644       ,0.000       ,0.000          ,0.000       ,0.000       ,0.000       ,0.000       ,0.000       ,0.000       ,0.000       ,0.00000       ,211           ,0.016           ,18.545        ,9.400               ,-0.033              ,0.000           ,24942.71094       ,0.00000               ,0.000         ,5.290         ,5.290         ,0.000         ,-0.001        
16:11:00.866352     ,0.881       ,0.000       ,19.897      ,16.250      ,16.250      ,14.596      ,1.654       ,0.000       ,0.000          ,0.000       ,0.000       ,0.000       ,0.000       ,0.000       ,0.000       ,0.000       ,0.00000       ,217           ,0.017           ,19.072        ,9.800               ,-0.034              ,0.000           ,24942.71289       ,0.00000               ,0.000         ,5.290         ,5.290         ,0.000         ,0.005         
16:11:00.875716     ,0.881       ,0.000       ,19.897      ,16.260      ,16.260      ,14.596      ,1.664       ,0.000       ,0.000          ,0.000       ,0.000       ,0.000       ,0.000       ,0.000       ,0.000       ,0.000       ,0.00000       ,223           ,0.017           ,19.600        ,10.000              ,-0.035              ,0.000           ,24942.71289       ,0.00000               ,0.000         ,5.290         ,5.290         ,0.000         ,-0.003        
16:11:00.889861     ,0.878       ,0.000       ,19.897      ,16.280      ,16.280      ,14.596      ,1.684       ,0.000       ,0.000          ,0.000       ,0.000       ,0.000       ,0.000       ,0.000       ,0.000       ,0.000       ,0.00000       ,230           ,0.018           ,20.215        ,10.400              ,-0.036              ,0.000           ,24942.71680       ,0.00000               ,0.000         ,5.290         ,5.290         ,0.000         ,-0.001        
16:11:00.900128     ,0.878       ,0.000       ,19.897      ,16.280      ,16.280      ,14.596      ,1.684       ,0.000       ,0.000          ,0.000       ,0.000       ,0.000       ,0.000       ,0.000       ,0.000       ,0.000       ,0.00000       ,237           ,0.018           ,20.830        ,10.800              ,-0.038              ,0.000           ,24942.72070       ,0.00000               ,0.000         ,5.290         ,5.290         ,0.000         ,-0.001        
16:11:00.906469     ,0.878       ,0.000       ,19.897      ,16.270      ,16.270      ,14.596      ,1.674       ,0.000       ,0.000          ,0.000       ,0.000       ,0.000       ,0.000       ,0.000       ,0.000       ,0.000       ,0.00000       ,244           ,0.019           ,21.445        ,11.000              ,-0.038              ,0.000           ,24942.72070       ,0.00000               ,0.000         ,5.290         ,5.290         ,0.000         ,-0.008        
16:11:00.917103     ,0.878       ,0.000       ,19.897      ,16.270      ,16.270      ,14.596      ,1.674       ,0.000       ,0.000          ,0.000       ,0.000       ,0.000       ,0.000       ,0.000       ,0.000       ,0.000       ,0.00000       ,251           ,0.019           ,22.061        ,11.200              ,-0.039              ,0.000           ,24942.72461       ,0.00000               ,0.000         ,5.290         ,5.290         ,0.000         ,-0.001        
16:11:00.926041     ,0.878       ,0.000       ,19.897      ,16.260      ,16.260      ,14.596      ,1.664       ,0.000       ,0.000          ,0.000       ,0.000       ,0.000       ,0.000       ,0.000       ,0.000       ,0.000       ,0.00000       ,259           ,0.020           ,22.764        ,11.800              ,-0.041              ,0.000           ,24942.72656       ,0.00000               ,0.000         ,5.290         ,5.290         ,0.000         ,0.000         
16:11:00.937800     ,0.878       ,0.000       ,19.897      ,16.250      ,16.250      ,14.596      ,1.654       ,0.000       ,0.000          ,0.000       ,0.000       ,0.000       ,0.000       ,0.000       ,0.000       ,0.000       ,0.00000       ,267           ,0.020           ,23.467        ,12.000              ,-0.042              ,0.000           ,24942.73242       ,0.00000               ,0.000         ,5.300         ,5.300         ,0.000         ,-0.001        
16:11:00.946232     ,0.878       ,0.000       ,19.897      ,16.260      ,16.260      ,14.596      ,1.664       ,0.000       ,0.000          ,0.000       ,0.000       ,0.000       ,0.000       ,0.000       ,0.000       ,0.000       ,0.00000       ,275           ,0.021           ,24.170        ,12.200              ,-0.043              ,0.000           ,24942.73242       ,0.00000               ,0.000         ,5.300         ,5.300         ,0.000         ,0.000         
16:11:00.955714     ,0.878       ,0.000       ,19.897      ,16.280      ,16.280      ,14.596      ,1.684       ,0.000       ,0.000          ,0.000       ,0.000       ,0.000       ,0.000       ,0.000       ,0.000       ,0.000       ,0.00000       ,284           ,0.022           ,24.961        ,12.800              ,-0.045              ,0.000           ,24942.73438       ,0.00000               ,0.000         ,5.300         ,5.300         ,0.000         ,-0.003        
16:11:00.966376     ,0.878       ,0.000       ,19.897      ,16.280      ,16.280      ,14.596      ,1.684       ,0.000       ,0.000          ,0.000       ,0.000       ,0.000       ,0.000       ,0.000       ,0.000       ,0.000       ,0.00000       ,293           ,0.022           ,25.752        ,13.200              ,-0.046              ,0.000           ,24942.73828       ,0.00000               ,0.000         ,5.300         ,5.300         ,0.000         ,-0.001        
16:11:00.975997     ,0.878       ,0.000       ,19.897      ,16.280      ,16.280      ,14.596      ,1.684       ,0.000       ,0.000          ,0.000       ,0.000       ,0.000       ,0.000       ,0.000       ,0.000       ,0.000       ,0.00000       ,302           ,0.023           ,26.543        ,13.800              ,-0.048              ,0.000           ,24942.74023       ,0.00000               ,0.000         ,5.300         ,5.300         ,0.000         ,0.000         
16:11:00.994312     ,0.883       ,0.000       ,19.930      ,16.320      ,16.320      ,14.596      ,1.724       ,0.000       ,0.000          ,0.000       ,0.000       ,0.000       ,0.000       ,0.000       ,0.000       ,0.000       ,0.00000       ,312           ,0.024           ,27.422        ,14.400              ,-0.050              ,0.000           ,24942.74805       ,0.00000               ,0.000         ,5.300         ,5.300         ,0.000         ,0.000         
16:11:01.005968     ,0.883       ,0.000       ,19.930      ,16.310      ,16.310      ,14.596      ,1.714       ,0.000       ,0.000          ,0.000       ,0.000       ,0.000       ,0.000       ,0.000       ,0.000       ,0.000       ,0.00000       ,332           ,0.025           ,29.180        ,15.400              ,-0.054              ,0.000           ,24942.75195       ,0.00000               ,0.000         ,5.300         ,5.300         ,0.000         ,-0.001        
16:11:01.018061     ,0.883       ,0.000       ,19.930      ,16.310      ,16.310      ,14.596      ,1.714       ,0.000       ,0.000          ,0.000       ,0.000       ,0.000       ,0.000       ,0.000       ,0.000       ,0.000       ,0.00000       ,343           ,0.026           ,30.146        ,15.800              ,-0.055              ,0.000           ,24942.75781       ,0.00000               ,0.000         ,5.310         ,5.310         ,0.000         ,-0.001        
16:11:01.025979     ,0.883       ,0.000       ,19.930      ,16.330      ,16.330      ,14.596      ,1.734       ,0.000       ,0.000          ,0.000       ,0.000       ,0.000       ,0.000       ,0.000       ,0.000       ,0.000       ,0.00000       ,353           ,0.027           ,31.025        ,16.400              ,-0.057              ,0.000           ,24942.75977       ,0.00000               ,0.000         ,5.310         ,5.310         ,0.000         ,0.000         
16:11:01.040105     ,0.883       ,0.000       ,19.930      ,16.330      ,16.330      ,14.596      ,1.734       ,0.000       ,0.000          ,0.000       ,0.000       ,0.000       ,0.000       ,0.000       ,0.000       ,0.000       ,0.00000       ,364           ,0.028           ,31.992        ,16.800              ,-0.059              ,0.000           ,24942.76562       ,0.00000               ,0.000         ,5.310         ,5.310         ,0.000         ,0.000         
16:11:01.046523     ,0.883       ,0.000       ,19.930      ,16.330      ,16.330      ,14.596      ,1.734       ,0.000       ,0.000          ,0.000       ,0.000       ,0.000       ,0.000       ,0.000       ,0.000       ,0.000       ,0.00000       ,376           ,0.029           ,33.047        ,17.200              ,-0.060              ,0.000           ,24942.76758       ,0.00000               ,0.000         ,5.310         ,5.310         ,0.000         ,0.000         
16:11:01.055709     ,0.883       ,0.000       ,19.930      ,16.370      ,16.370      ,14.596      ,1.774       ,0.000       ,0.000          ,0.000       ,0.000       ,0.000       ,0.000       ,0.000       ,0.000       ,0.000       ,0.00000       ,388           ,0.030           ,34.102        ,17.800              ,-0.062              ,0.000           ,24942.77148       ,0.00000               ,0.000         ,5.310         ,5.310         ,0.000         ,-0.001        
16:11:01.069929     ,0.883       ,0.000       ,19.930      ,16.390      ,16.390      ,14.596      ,1.794       ,0.000       ,0.000          ,0.000       ,0.000       ,0.000       ,0.000       ,0.000       ,0.000       ,0.000       ,0.00000       ,400           ,0.031           ,35.156        ,18.400              ,-0.064              ,0.000           ,24942.77930       ,0.00000               ,0.000         ,5.320         ,5.320         ,0.000         ,0.000         
16:11:01.076268     ,0.883       ,0.000       ,19.930      ,16.390      ,16.390      ,14.596      ,1.794       ,0.000       ,0.000          ,0.000       ,0.000       ,0.000       ,0.000       ,0.000       ,0.000       ,0.000       ,0.00000       ,412           ,0.032           ,36.211        ,19.000              ,-0.066              ,0.000           ,24942.78125       ,0.00000               ,0.000         ,5.320         ,5.320         ,0.000         ,0.000         
16:11:01.085711     ,0.883       ,0.000       ,19.930      ,16.420      ,16.420      ,14.596      ,1.824       ,0.000       ,0.000          ,0.000       ,0.000       ,0.000       ,0.000       ,0.000       ,0.000       ,0.000       ,0.00000       ,425           ,0.033           ,37.354        ,19.800              ,-0.069              ,0.000           ,24942.78320       ,0.00000               ,0.000         ,5.320         ,5.320         ,0.000         ,-0.001        
16:11:01.101305     ,0.881       ,0.000       ,19.946      ,16.430      ,16.430      ,14.596      ,1.834       ,0.000       ,0.000          ,0.000       ,0.000       ,0.000       ,0.000       ,0.000       ,0.000       ,0.000       ,0.00000       ,438           ,0.034           ,38.496        ,20.400              ,-0.071              ,0.000           ,24942.79297       ,0.00000               ,0.000         ,5.330         ,5.330         ,0.000         ,0.001         
16:11:01.110518     ,0.881       ,0.000       ,19.946      ,16.440      ,16.440      ,14.596      ,1.844       ,0.000       ,0.000          ,0.000       ,0.000       ,0.000       ,0.000       ,0.000       ,0.000       ,0.000       ,0.00000       ,451           ,0.035           ,39.639        ,20.800              ,-0.073              ,0.000           ,24942.79688       ,0.00000               ,0.000         ,5.330         ,5.330         ,0.000         ,0.000         
16:11:01.117942     ,0.881       ,0.000       ,19.946      ,16.430      ,16.430      ,14.596      ,1.834       ,0.000       ,0.000          ,0.000       ,0.000       ,0.000       ,0.000       ,0.000       ,0.000       ,0.000       ,0.00000       ,464           ,0.036           ,40.781        ,21.200              ,-0.074              ,0.000           ,24942.80078       ,0.00000               ,0.000         ,5.330         ,5.330         ,0.000         ,-0.001        
16:11:01.125972     ,0.881       ,0.000       ,19.946      ,16.460      ,16.460      ,14.596      ,1.864       ,0.000       ,0.000          ,0.000       ,0.000       ,0.000       ,0.000       ,0.000       ,0.000       ,0.000       ,0.00000       ,478           ,0.037           ,42.012        ,21.800              ,-0.076              ,0.000           ,24942.80078       ,0.00000               ,0.000         ,5.330         ,5.330         ,0.000         ,-0.001        
16:11:01.141189     ,0.881       ,0.000       ,19.946      ,16.480      ,16.480      ,14.596      ,1.884       ,0.000       ,0.000          ,0.000       ,0.000       ,0.000       ,0.000       ,0.000       ,0.000       ,0.000       ,0.00000       ,492           ,0.038           ,43.242        ,22.400              ,-0.078              ,0.000           ,24942.81055       ,0.00000               ,0.000         ,5.330         ,5.330         ,0.000         ,0.001         
16:11:01.156084     ,0.881       ,0.000       ,19.946      ,16.480      ,16.480      ,14.596      ,1.884       ,0.000       ,0.000          ,0.000       ,0.000       ,0.000       ,0.000       ,0.000       ,0.000       ,0.000       ,0.00000       ,521           ,0.040           ,45.791        ,23.400              ,-0.082              ,0.000           ,24942.81836       ,0.00000               ,0.000         ,5.340         ,5.340         ,0.000         ,0.000         
16:11:01.165728     ,0.881       ,0.000       ,19.946      ,16.490      ,16.490      ,14.596      ,1.894       ,0.000       ,0.000          ,0.000       ,0.000       ,0.000       ,0.000       ,0.000       ,0.000       ,0.000       ,0.00000       ,536           ,0.041           ,47.109        ,24.000              ,-0.084              ,0.000           ,24942.82031       ,0.00000               ,0.000         ,5.340         ,5.340         ,0.000         ,-0.001        
16:11:01.176309     ,0.881       ,0.000       ,19.946      ,16.490      ,16.490      ,14.596      ,1.894       ,0.000       ,0.000          ,0.000       ,0.000       ,0.000       ,0.000       ,0.000       ,0.000       ,0.000       ,0.00000       ,551           ,0.042           ,48.428        ,24.400              ,-0.085              ,0.000           ,24942.82812       ,0.00000               ,0.000         ,5.340         ,5.340         ,0.000         ,0.000         
16:11:01.185709     ,0.881       ,0.000       ,19.946      ,16.460      ,16.460      ,14.596      ,1.864       ,0.000       ,0.000          ,0.000       ,0.000       ,0.000       ,0.000       ,0.000       ,0.000       ,0.000       ,0.00000       ,566           ,0.043           ,49.746        ,25.400              ,-0.089              ,0.000           ,24942.83203       ,0.00000               ,0.000         ,5.340         ,5.340         ,0.000         ,-0.001        
16:11:01.197576     ,0.881       ,0.000       ,19.946      ,16.460      ,16.460      ,14.596      ,1.864       ,0.000       ,0.000          ,0.000       ,0.000       ,0.000       ,0.000       ,0.000       ,0.000       ,0.000       ,0.00000       ,582           ,0.045           ,51.152        ,26.000              ,-0.091              ,0.000           ,24942.84375       ,0.00000               ,0.000         ,5.350         ,5.350         ,0.000         ,-0.004        
16:11:01.209524     ,0.879       ,0.000       ,19.962      ,16.420      ,16.420      ,14.596      ,1.824       ,0.000       ,0.000          ,0.000       ,0.000       ,0.000       ,0.000       ,0.000       ,0.000       ,0.000       ,0.00000       ,597           ,0.046           ,52.471        ,26.800              ,-0.094              ,0.000           ,24942.84570       ,0.00000               ,0.000         ,5.350         ,5.350         ,0.000         ,-0.001        
16:11:01.218887     ,0.879       ,0.000       ,19.962      ,16.420      ,16.420      ,14.596      ,1.824       ,0.000       ,0.000          ,0.000       ,0.000       ,0.000       ,0.000       ,0.000       ,0.000       ,0.000       ,0.00000       ,613           ,0.047           ,53.877        ,27.200              ,-0.095              ,0.000           ,24942.85352       ,0.00000               ,0.000         ,5.350         ,5.350         ,0.000         ,-0.001        
16:11:01.226312     ,0.879       ,0.000       ,19.962      ,16.390      ,16.390      ,14.596      ,1.794       ,0.000       ,0.000          ,0.000       ,0.000       ,0.000       ,0.000       ,0.000       ,0.000       ,0.000       ,0.00000       ,630           ,0.048           ,55.371        ,27.600              ,-0.096              ,0.000           ,24942.85547       ,0.00000               ,0.000         ,5.350         ,5.350         ,0.000         ,-0.001        
16:11:01.235724     ,0.879       ,0.000       ,19.962      ,16.420      ,16.420      ,14.596      ,1.824       ,0.000       ,0.000          ,0.000       ,0.000       ,0.000       ,0.000       ,0.000       ,0.000       ,0.000       ,0.00000       ,647           ,0.050           ,56.865        ,28.400              ,-0.099              ,0.000           ,24942.85938       ,0.00000               ,0.000         ,5.350         ,5.350         ,0.000         ,-0.001        
16:11:01.247544     ,0.879       ,0.000       ,19.962      ,16.460      ,16.460      ,14.596      ,1.864       ,0.000       ,0.000          ,0.000       ,0.000       ,0.000       ,0.000       ,0.000       ,0.000       ,0.000       ,0.00000       ,664           ,0.051           ,58.359        ,29.000              ,-0.101              ,0.000           ,24942.87109       ,0.00000               ,0.000         ,5.350         ,5.350         ,0.000         ,-0.003        
16:11:01.255750     ,0.879       ,0.000       ,19.962      ,16.440      ,16.440      ,14.596      ,1.844       ,0.000       ,0.000          ,0.000       ,0.000       ,0.000       ,0.000       ,0.000       ,0.000       ,0.000       ,0.00000       ,681           ,0.052           ,59.854        ,29.800              ,-0.104              ,0.000           ,24942.87305       ,0.00000               ,0.000         ,5.350         ,5.350         ,0.000         ,0.006         
16:11:01.268905     ,0.879       ,0.000       ,19.962      ,16.450      ,16.450      ,14.596      ,1.854       ,0.000       ,0.000          ,0.000       ,0.000       ,0.000       ,0.000       ,0.000       ,0.000       ,0.000       ,0.00000       ,699           ,0.054           ,61.436        ,30.200              ,-0.105              ,0.000           ,24942.88281       ,0.00000               ,0.000         ,5.350         ,5.350         ,0.000         ,-0.001        
16:11:01.277343     ,0.879       ,0.000       ,19.962      ,16.450      ,16.450      ,14.596      ,1.854       ,0.000       ,0.000          ,0.000       ,0.000       ,0.000       ,0.000       ,0.000       ,0.000       ,0.000       ,0.00000       ,717           ,0.055           ,63.018        ,30.600              ,-0.107              ,0.000           ,24942.88867       ,0.00000               ,0.000         ,5.350         ,5.350         ,0.000         ,-0.001        
16:11:01.285963     ,0.879       ,0.000       ,19.962      ,16.420      ,16.420      ,14.596      ,1.824       ,0.000       ,0.000          ,0.000       ,0.000       ,0.000       ,0.000       ,0.000       ,0.000       ,0.000       ,0.00000       ,735           ,0.056           ,64.600        ,31.400              ,-0.110              ,0.000           ,24942.89062       ,0.00000               ,0.000         ,5.350         ,5.350         ,0.000         ,0.000         
16:11:01.298668     ,0.879       ,0.000       ,19.962      ,16.390      ,16.390      ,14.596      ,1.794       ,0.000       ,0.000          ,0.000       ,0.000       ,0.000       ,0.000       ,0.000       ,0.000       ,0.000       ,0.00000       ,754           ,0.058           ,66.270        ,32.000              ,-0.112              ,0.000           ,24942.90234       ,0.00000               ,0.000         ,5.350         ,5.350         ,0.000         ,0.000         
16:11:01.309524     ,0.879       ,0.000       ,19.913      ,16.440      ,16.440      ,14.596      ,1.844       ,0.000       ,0.000          ,0.000       ,0.000       ,0.000       ,0.000       ,0.000       ,0.000       ,0.000       ,0.00000       ,773           ,0.059           ,67.939        ,32.800              ,-0.114              ,0.000           ,24942.90430       ,0.00000               ,0.000         ,5.350         ,5.350         ,0.000         ,-0.001        
16:11:01.319722     ,0.879       ,0.000       ,19.913      ,16.430      ,16.430      ,14.596      ,1.834       ,0.000       ,0.000          ,0.000       ,0.000       ,0.000       ,0.000       ,0.000       ,0.000       ,0.000       ,0.00000       ,792           ,0.061           ,69.609        ,33.000              ,-0.115              ,0.000           ,24942.91406       ,0.00000               ,0.000         ,5.350         ,5.350         ,0.000         ,-0.001        
16:11:01.326128     ,0.879       ,0.000       ,19.913      ,16.370      ,16.370      ,14.596      ,1.774       ,0.000       ,0.000          ,0.000       ,0.000       ,0.000       ,0.000       ,0.000       ,0.000       ,0.000       ,0.00000       ,812           ,0.062           ,71.367        ,33.000              ,-0.115              ,0.000           ,24942.91602       ,0.00000               ,0.000         ,5.350         ,5.350         ,0.000         ,0.000         
16:11:01.335727     ,0.879       ,0.000       ,19.913      ,16.420      ,16.420      ,14.596      ,1.824       ,0.000       ,0.000          ,0.000       ,0.000       ,0.000       ,0.000       ,0.000       ,0.000       ,0.000       ,0.00000       ,831           ,0.064           ,73.037        ,33.000              ,-0.115              ,0.000           ,24942.91797       ,0.00000               ,0.000         ,5.350         ,5.350         ,0.000         ,0.001         
16:11:01.349495     ,0.879       ,0.000       ,19.913      ,16.570      ,16.570      ,14.596      ,1.974       ,0.000       ,0.000          ,0.000       ,0.000       ,0.000       ,0.000       ,0.000       ,0.000       ,0.000       ,0.00000       ,851           ,0.065           ,74.795        ,33.000              ,-0.115              ,0.000           ,24942.92969       ,0.00000               ,0.000         ,5.350         ,5.350         ,0.000         ,0.000         
16:11:01.356792     ,0.879       ,0.000       ,19.913      ,16.600      ,16.600      ,14.596      ,2.004       ,0.000       ,0.000          ,0.000       ,0.000       ,0.000       ,0.000       ,0.000       ,0.000       ,0.000       ,0.00000       ,872           ,0.067           ,76.641        ,33.000              ,-0.115              ,0.000           ,24942.93359       ,0.00000               ,0.000         ,5.350         ,5.350         ,0.000         ,-0.001        
16:11:01.365962     ,0.879       ,0.000       ,19.913      ,16.490      ,16.490      ,14.596      ,1.894       ,0.000       ,0.000          ,0.000       ,0.000       ,0.000       ,0.000       ,0.000       ,0.000       ,0.000       ,0.00000       ,892           ,0.068           ,78.398        ,33.000              ,-0.115              ,0.000           ,24942.93750       ,0.00000               ,0.000         ,5.350         ,5.350         ,0.000         ,0.000         
16:11:01.377911     ,0.879       ,0.000       ,19.913      ,16.480      ,16.480      ,14.596      ,1.884       ,0.000       ,0.000          ,0.000       ,0.000       ,0.000       ,0.000       ,0.000       ,0.000       ,0.000       ,0.00000       ,913           ,0.070           ,80.244        ,33.200              ,-0.116              ,0.000           ,24942.95117       ,0.00000               ,0.000         ,5.350         ,5.350         ,0.000         ,-0.001        
16:11:01.385723     ,0.879       ,0.000       ,19.913      ,16.570      ,16.570      ,14.596      ,1.974       ,0.000       ,0.000          ,0.000       ,0.000       ,0.000       ,0.000       ,0.000       ,0.000       ,0.000       ,0.00000       ,933           ,0.072           ,82.002        ,33.800              ,-0.118              ,0.000           ,24942.95117       ,0.00000               ,0.000         ,5.350         ,5.350         ,0.000         ,-0.001        
16:11:01.398920     ,0.879       ,0.000       ,19.913      ,16.540      ,16.540      ,14.596      ,1.944       ,0.000       ,0.000          ,0.000       ,0.000       ,0.000       ,0.000       ,0.000       ,0.000       ,0.000       ,0.00000       ,954           ,0.073           ,83.848        ,34.600              ,-0.121              ,0.000           ,24942.96484       ,0.00000               ,0.000         ,5.350         ,5.350         ,0.000         ,0.000         
16:11:01.409716     ,0.879       ,0.000       ,19.962      ,16.490      ,16.490      ,14.596      ,1.894       ,0.000       ,0.000          ,0.000       ,0.000       ,0.000       ,0.000       ,0.000       ,0.000       ,0.000       ,0.00000       ,975           ,0.075           ,85.693        ,35.800              ,-0.125              ,0.000           ,24942.96680       ,0.00000               ,0.000         ,5.350         ,5.350         ,0.000         ,0.000         
16:11:01.420978     ,0.879       ,0.000       ,19.962      ,16.540      ,16.540      ,14.596      ,1.944       ,0.000       ,0.000          ,0.000       ,0.000       ,0.000       ,0.000       ,0.000       ,0.000       ,0.000       ,0.00000       ,996           ,0.076           ,87.539        ,36.400              ,-0.127              ,0.000           ,24942.97852       ,0.00000               ,0.000         ,5.350         ,5.350         ,0.000         ,-0.001        
16:11:01.427400     ,0.879       ,0.000       ,19.962      ,16.590      ,16.590      ,14.596      ,1.994       ,0.000       ,0.000          ,0.000       ,0.000       ,0.000       ,0.000       ,0.000       ,0.000       ,0.000       ,0.00000       ,1018          ,0.078           ,89.473        ,37.000              ,-0.129              ,0.000           ,24942.98633       ,0.00000               ,0.000         ,5.340         ,5.340         ,0.000         ,-0.001        
16:11:01.435955     ,0.879       ,0.000       ,19.962      ,16.590      ,16.590      ,14.596      ,1.994       ,0.000       ,0.000          ,0.000       ,0.000       ,0.000       ,0.000       ,0.000       ,0.000       ,0.000       ,0.00000       ,1039          ,0.080           ,91.318        ,37.800              ,-0.132              ,0.000           ,24942.98828       ,0.00000               ,0.000         ,5.340         ,5.340         ,0.000         ,0.000         
16:11:01.450691     ,0.879       ,0.000       ,19.962      ,16.600      ,16.600      ,14.596      ,2.004       ,0.000       ,0.000          ,0.000       ,0.000       ,0.000       ,0.000       ,0.000       ,0.000       ,0.000       ,0.00000       ,1061          ,0.081           ,93.252        ,38.400              ,-0.134              ,0.000           ,24943.00195       ,0.00000               ,0.000         ,5.340         ,5.340         ,0.000         ,-0.001        
16:11:01.458108     ,0.879       ,0.000       ,19.962      ,16.620      ,16.620      ,14.596      ,2.024       ,0.000       ,0.000          ,0.000       ,0.000       ,0.000       ,0.000       ,0.000       ,0.000       ,0.000       ,0.00000       ,1083          ,0.083           ,95.186        ,39.000              ,-0.136              ,0.000           ,24943.00977       ,0.00000               ,0.000         ,5.340         ,5.340         ,0.000         ,0.000         
16:11:01.465962     ,0.879       ,0.000       ,19.962      ,16.570      ,16.570      ,14.596      ,1.974       ,0.000       ,0.000          ,0.000       ,0.000       ,0.000       ,0.000       ,0.000       ,0.000       ,0.000       ,0.00000       ,1105          ,0.085           ,97.119        ,39.800              ,-0.139              ,0.000           ,24943.01172       ,0.00000               ,0.000         ,5.340         ,5.340         ,0.000         ,0.000         
16:11:01.478119     ,0.879       ,0.000       ,19.962      ,16.570      ,16.570      ,14.596      ,1.974       ,0.000       ,0.000          ,0.000       ,0.000       ,0.000       ,0.000       ,0.000       ,0.000       ,0.000       ,0.00000       ,1127          ,0.086           ,99.053        ,40.400              ,-0.141              ,0.000           ,24943.02539       ,0.00000               ,0.000         ,5.340         ,5.340         ,0.000         ,-0.001        
16:11:01.485728     ,0.879       ,0.000       ,19.962      ,16.600      ,16.600      ,14.596      ,2.004       ,0.000       ,0.000          ,0.000       ,0.000       ,0.000       ,0.000       ,0.000       ,0.000       ,0.000       ,0.00000       ,1149          ,0.088           ,100.986       ,41.000              ,-0.143              ,0.000           ,24943.02734       ,0.00000               ,0.000         ,5.340         ,5.340         ,0.000         ,-0.001        
16:11:01.500433     ,0.879       ,0.000       ,19.962      ,16.610      ,16.610      ,14.596      ,2.014       ,0.000       ,0.000          ,0.000       ,0.000       ,0.000       ,0.000       ,0.000       ,0.000       ,0.000       ,0.00000       ,1171          ,0.090           ,102.920       ,41.400              ,-0.145              ,0.000           ,24943.04102       ,0.00000               ,0.000         ,5.330         ,5.330         ,0.000         ,-0.003        
16:11:01.521321     ,0.881       ,0.000       ,19.897      ,16.600      ,16.600      ,14.596      ,2.004       ,0.000       ,0.000          ,0.000       ,0.000       ,0.000       ,0.000       ,0.000       ,0.000       ,0.000       ,0.00000       ,1216          ,0.093           ,106.875       ,42.400              ,-0.148              ,0.000           ,24943.04883       ,0.00000               ,0.000         ,5.330         ,5.330         ,0.000         ,0.000         
16:11:01.528753     ,0.881       ,0.000       ,19.897      ,16.620      ,16.620      ,14.596      ,2.024       ,0.000       ,0.000          ,0.000       ,0.000       ,0.000       ,0.000       ,0.000       ,0.000       ,0.000       ,0.00000       ,1239          ,0.095           ,108.896       ,42.800              ,-0.149              ,0.000           ,24943.06445       ,0.00000               ,0.000         ,5.330         ,5.330         ,0.000         ,0.000         
16:11:01.546021     ,0.881       ,0.000       ,19.897      ,16.510      ,16.510      ,14.596      ,1.914       ,0.000       ,0.000          ,0.000       ,0.000       ,0.000       ,0.000       ,0.000       ,0.000       ,0.000       ,0.00000       ,1285          ,0.099           ,112.939       ,43.400              ,-0.151              ,0.000           ,24943.07227       ,0.00000               ,0.000         ,5.330         ,5.330         ,0.000         ,-0.001        
16:11:01.557199     ,0.881       ,0.000       ,19.897      ,16.480      ,16.480      ,14.596      ,1.884       ,0.000       ,0.000          ,0.000       ,0.000       ,0.000       ,0.000       ,0.000       ,0.000       ,0.000       ,0.00000       ,1308          ,0.100           ,114.961       ,43.800              ,-0.153              ,0.000           ,24943.08398       ,0.00000               ,0.000         ,5.330         ,5.330         ,0.000         ,0.000         
16:11:01.565951     ,0.881       ,0.000       ,19.897      ,16.530      ,16.530      ,14.596      ,1.934       ,0.000       ,0.000          ,0.000       ,0.000       ,0.000       ,0.000       ,0.000       ,0.000       ,0.000       ,0.00000       ,1331          ,0.102           ,116.982       ,44.000              ,-0.154              ,0.000           ,24943.08984       ,0.00000               ,0.000         ,5.330         ,5.330         ,0.000         ,-0.001        
16:11:01.579279     ,0.881       ,0.000       ,19.897      ,16.490      ,16.490      ,14.596      ,1.894       ,0.000       ,0.000          ,0.000       ,0.000       ,0.000       ,0.000       ,0.000       ,0.000       ,0.000       ,0.00000       ,1354          ,0.104           ,119.004       ,44.400              ,-0.155              ,0.000           ,24943.10352       ,0.00000               ,0.000         ,5.330         ,5.330         ,0.000         ,-0.001        
16:11:01.585962     ,0.881       ,0.000       ,19.897      ,16.460      ,16.460      ,14.596      ,1.864       ,0.000       ,0.000          ,0.000       ,0.000       ,0.000       ,0.000       ,0.000       ,0.000       ,0.000       ,0.00000       ,1378          ,0.106           ,121.113       ,45.000              ,-0.157              ,0.000           ,24943.10742       ,0.00000               ,0.000         ,5.330         ,5.330         ,0.000         ,-0.001        
16:11:01.597343     ,0.881       ,0.000       ,19.897      ,16.460      ,16.460      ,14.596      ,1.864       ,0.000       ,0.000          ,0.000       ,0.000       ,0.000       ,0.000       ,0.000       ,0.000       ,0.000       ,0.00000       ,1401          ,0.107           ,123.135       ,45.000              ,-0.157              ,0.000           ,24943.11914       ,0.00000               ,0.000         ,5.330         ,5.330         ,0.000         ,-0.001        
16:11:01.605955     ,0.881       ,0.000       ,19.897      ,16.480      ,16.480      ,14.596      ,1.884       ,0.000       ,0.000          ,0.000       ,0.000       ,0.000       ,0.000       ,0.000       ,0.000       ,0.000       ,0.00000       ,1425          ,0.109           ,125.244       ,45.400              ,-0.158              ,0.000           ,24943.12109       ,0.00000               ,0.000         ,5.330         ,5.330         ,0.000         ,0.000         
16:11:01.618793     ,0.881       ,0.000       ,19.897      ,16.460      ,16.460      ,14.596      ,1.864       ,0.000       ,0.000          ,0.000       ,0.000       ,0.000       ,0.000       ,0.000       ,0.000       ,0.000       ,0.00000       ,1449          ,0.111           ,127.354       ,45.800              ,-0.160              ,0.000           ,24943.13672       ,0.00000               ,0.000         ,5.330         ,5.330         ,0.000         ,0.000         
16:11:01.629547     ,0.883       ,0.000       ,19.962      ,16.390      ,16.390      ,14.596      ,1.794       ,0.000       ,0.000          ,0.000       ,0.000       ,0.000       ,0.000       ,0.000       ,0.000       ,0.000       ,0.00000       ,1473          ,0.113           ,129.463       ,46.000              ,-0.161              ,0.000           ,24943.13867       ,0.00000               ,0.000         ,5.330         ,5.330         ,0.000         ,0.000         
16:11:01.641190     ,0.883       ,0.000       ,19.962      ,16.490      ,16.490      ,14.596      ,1.894       ,0.000       ,0.000          ,0.000       ,0.000       ,0.000       ,0.000       ,0.000       ,0.000       ,0.000       ,0.00000       ,1497          ,0.115           ,131.572       ,46.400              ,-0.162              ,0.000           ,24943.15430       ,0.00000               ,0.000         ,5.330         ,5.330         ,0.000         ,0.000         
16:11:01.647684     ,0.883       ,0.000       ,19.962      ,16.460      ,16.460      ,14.596      ,1.864       ,0.000       ,0.000          ,0.000       ,0.000       ,0.000       ,0.000       ,0.000       ,0.000       ,0.000       ,0.00000       ,1522          ,0.117           ,133.770       ,46.800              ,-0.163              ,0.000           ,24943.16211       ,0.00000               ,0.000         ,5.340         ,5.340         ,0.000         ,-0.001        
16:11:01.655740     ,0.883       ,0.000       ,19.962      ,16.450      ,16.450      ,14.596      ,1.854       ,0.000       ,0.000          ,0.000       ,0.000       ,0.000       ,0.000       ,0.000       ,0.000       ,0.000       ,0.00000       ,1546          ,0.119           ,135.879       ,47.000              ,-0.164              ,0.000           ,24943.16406       ,0.00000               ,0.000         ,5.340         ,5.340         ,0.000         ,-0.001        
16:11:01.667996     ,0.883       ,0.000       ,19.962      ,16.460      ,16.460      ,14.596      ,1.864       ,0.000       ,0.000          ,0.000       ,0.000       ,0.000       ,0.000       ,0.000       ,0.000       ,0.000       ,0.00000       ,1571          ,0.120           ,138.076       ,47.000              ,-0.164              ,0.000           ,24943.17773       ,0.00000               ,0.000         ,5.340         ,5.340         ,0.000         ,0.000         
16:11:01.675719     ,0.883       ,0.000       ,19.962      ,16.440      ,16.440      ,14.596      ,1.844       ,0.000       ,0.000          ,0.000       ,0.000       ,0.000       ,0.000       ,0.000       ,0.000       ,0.000       ,0.00000       ,1596          ,0.122           ,140.273       ,47.400              ,-0.165              ,0.000           ,24943.18164       ,0.00000               ,0.000         ,5.340         ,5.340         ,0.000         ,0.000         
16:11:01.688218     ,0.883       ,0.000       ,19.962      ,16.460      ,16.460      ,14.596      ,1.864       ,0.000       ,0.000          ,0.000       ,0.000       ,0.000       ,0.000       ,0.000       ,0.000       ,0.000       ,0.00000       ,1621          ,0.124           ,142.471       ,47.800              ,-0.167              ,0.000           ,24943.19531       ,0.00000               ,0.000         ,5.340         ,5.340         ,0.000         ,-0.001        
16:11:01.695951     ,0.883       ,0.000       ,19.962      ,16.450      ,16.450      ,14.596      ,1.854       ,0.000       ,0.000          ,0.000       ,0.000       ,0.000       ,0.000       ,0.000       ,0.000       ,0.000       ,0.00000       ,1646          ,0.126           ,144.668       ,48.000              ,-0.168              ,0.000           ,24943.19727       ,0.00000               ,0.000         ,5.340         ,5.340         ,0.000         ,0.001         
16:11:01.715782     ,0.883       ,0.000       ,19.962      ,16.490      ,16.490      ,14.596      ,1.894       ,0.000       ,0.000          ,0.000       ,0.000       ,0.000       ,0.000       ,0.000       ,0.000       ,0.000       ,0.00000       ,1672          ,0.128           ,146.953       ,48.600              ,-0.170              ,0.000           ,24943.21289       ,0.00000               ,0.000         ,5.350         ,5.350         ,0.000         ,0.000         
16:11:01.725721     ,0.883       ,0.000       ,19.962      ,16.530      ,16.530      ,14.596      ,1.934       ,0.000       ,0.000          ,0.000       ,0.000       ,0.000       ,0.000       ,0.000       ,0.000       ,0.000       ,0.00000       ,1723          ,0.132           ,151.436       ,49.000              ,-0.171              ,0.000           ,24943.22461       ,0.00000               ,0.000         ,5.350         ,5.350         ,0.000         ,-0.001        
16:11:01.741840     ,0.879       ,0.000       ,19.930      ,16.530      ,16.530      ,14.596      ,1.934       ,0.000       ,0.000          ,0.000       ,0.000       ,0.000       ,0.000       ,0.000       ,0.000       ,0.000       ,0.00000       ,1723          ,0.132           ,151.436       ,49.600              ,-0.173              ,0.000           ,24943.24023       ,0.00000               ,0.000         ,5.350         ,5.350         ,0.000         ,-0.001        
16:11:01.757587     ,0.879       ,0.000       ,19.930      ,16.550      ,16.550      ,14.596      ,1.954       ,0.000       ,0.000          ,0.000       ,0.000       ,0.000       ,0.000       ,0.000       ,0.000       ,0.000       ,0.00000       ,1802          ,0.138           ,158.379       ,50.000              ,-0.175              ,0.000           ,24943.25781       ,0.00000               ,0.000         ,5.350         ,5.350         ,0.000         ,-0.001        
16:11:01.775953     ,0.879       ,0.000       ,19.930      ,16.570      ,16.570      ,14.596      ,1.974       ,0.000       ,0.000          ,0.000       ,0.000       ,0.000       ,0.000       ,0.000       ,0.000       ,0.000       ,0.00000       ,1856          ,0.142           ,163.125       ,50.600              ,-0.177              ,0.000           ,24943.26758       ,0.00000               ,0.000         ,5.350         ,5.350         ,0.000         ,-0.001        
16:11:01.787054     ,0.879       ,0.000       ,19.930      ,16.530      ,16.530      ,14.596      ,1.934       ,0.000       ,0.000          ,0.000       ,0.000       ,0.000       ,0.000       ,0.000       ,0.000       ,0.000       ,0.00000       ,1883          ,0.144           ,165.498       ,51.000              ,-0.178              ,0.000           ,24943.27930       ,0.00000               ,0.000         ,5.350         ,5.350         ,0.000         ,-0.003        
16:11:01.795970     ,0.879       ,0.000       ,19.930      ,16.510      ,16.510      ,14.596      ,1.914       ,0.000       ,0.000          ,0.000       ,0.000       ,0.000       ,0.000       ,0.000       ,0.000       ,0.000       ,0.00000       ,1910          ,0.146           ,167.871       ,51.000              ,-0.178              ,0.000           ,24943.28516       ,0.00000               ,0.000         ,5.340         ,5.340         ,0.000         ,-0.001        
16:11:01.808230     ,0.879       ,0.000       ,19.930      ,16.540      ,16.540      ,14.596      ,1.944       ,0.000       ,0.000          ,0.000       ,0.000       ,0.000       ,0.000       ,0.000       ,0.000       ,0.000       ,0.00000       ,1938          ,0.149           ,170.332       ,51.400              ,-0.179              ,0.000           ,24943.30273       ,0.00000               ,0.000         ,5.340         ,5.340         ,0.000         ,-0.001        
16:11:01.829465     ,0.879       ,0.000       ,19.930      ,16.560      ,16.560      ,14.596      ,1.964       ,0.000       ,0.000          ,0.000       ,0.000       ,0.000       ,0.000       ,0.000       ,0.000       ,0.000       ,0.00000       ,1993          ,0.153           ,175.166       ,52.000              ,-0.182              ,0.000           ,24943.32031       ,0.00000               ,0.000         ,5.340         ,5.340         ,0.000         ,-0.001        
16:11:01.835990     ,0.879       ,0.000       ,19.930      ,16.550      ,16.550      ,14.596      ,1.954       ,0.000       ,0.000          ,0.000       ,0.000       ,0.000       ,0.000       ,0.000       ,0.000       ,0.000       ,0.00000       ,2021          ,0.155           ,177.627       ,52.000              ,-0.182              ,0.000           ,24943.32227       ,0.00000               ,0.000         ,5.340         ,5.340         ,0.000         ,-0.003        
16:11:01.859556     ,0.879       ,0.000       ,19.930      ,16.600      ,16.600      ,14.596      ,2.004       ,0.000       ,0.000          ,0.000       ,0.000       ,0.000       ,0.000       ,0.000       ,0.000       ,0.000       ,0.00000       ,2078          ,0.159           ,182.637       ,52.000              ,-0.182              ,0.000           ,24943.34570       ,0.00000               ,0.000         ,5.330         ,5.330         ,0.000         ,0.000         
16:11:01.865944     ,0.879       ,0.000       ,19.930      ,16.630      ,16.630      ,14.596      ,2.034       ,0.000       ,0.000          ,0.000       ,0.000       ,0.000       ,0.000       ,0.000       ,0.000       ,0.000       ,0.00000       ,2107          ,0.162           ,185.186       ,52.000              ,-0.182              ,0.000           ,24943.34961       ,0.00000               ,0.000         ,5.330         ,5.330         ,0.000         ,-0.009        
16:11:01.882947     ,0.883       ,0.000       ,19.962      ,16.660      ,16.660      ,14.596      ,2.064       ,0.000       ,0.000          ,0.000       ,0.000       ,0.000       ,0.000       ,0.000       ,0.000       ,0.000       ,0.00000       ,2136          ,0.164           ,187.734       ,52.000              ,-0.182              ,0.000           ,24943.36133       ,0.00000               ,0.000         ,5.320         ,5.320         ,0.000         ,0.001         
16:11:01.898593     ,0.883       ,0.000       ,19.962      ,16.540      ,16.540      ,14.596      ,1.944       ,0.000       ,0.000          ,0.000       ,0.000       ,0.000       ,0.000       ,0.000       ,0.000       ,0.000       ,0.00000       ,2193          ,0.168           ,192.744       ,51.600              ,-0.180              ,0.000           ,24943.37695       ,0.00000               ,0.000         ,5.320         ,5.320         ,0.000         ,-0.001        
16:11:01.905932     ,0.883       ,0.000       ,19.962      ,16.680      ,16.680      ,14.596      ,2.084       ,0.000       ,0.000          ,0.000       ,0.000       ,0.000       ,0.000       ,0.000       ,0.000       ,0.000       ,0.00000       ,2222          ,0.170           ,195.293       ,51.200              ,-0.179              ,0.000           ,24943.37891       ,0.00000               ,0.000         ,5.320         ,5.320         ,0.000         ,0.000         
16:11:01.915945     ,0.883       ,0.000       ,19.962      ,16.670      ,16.670      ,14.596      ,2.074       ,0.000       ,0.000          ,0.000       ,0.000       ,0.000       ,0.000       ,0.000       ,0.000       ,0.000       ,0.00000       ,2251          ,0.173           ,197.842       ,50.600              ,-0.177              ,0.000           ,24943.38477       ,0.00000               ,0.000         ,5.320         ,5.320         ,0.000         ,-0.001        
16:11:01.930388     ,0.883       ,0.000       ,19.962      ,16.550      ,16.550      ,14.596      ,1.954       ,0.000       ,0.000          ,0.000       ,0.000       ,0.000       ,0.000       ,0.000       ,0.000       ,0.000       ,0.00000       ,2280          ,0.175           ,200.391       ,49.800              ,-0.174              ,0.000           ,24943.39648       ,0.00000               ,0.000         ,5.320         ,5.320         ,0.000         ,0.000         
16:11:01.937886     ,0.883       ,0.000       ,19.962      ,16.570      ,16.570      ,14.596      ,1.974       ,0.000       ,0.000          ,0.000       ,0.000       ,0.000       ,0.000       ,0.000       ,0.000       ,0.000       ,0.00000       ,2309          ,0.177           ,202.939       ,49.000              ,-0.171              ,0.000           ,24943.40430       ,0.00000               ,0.000         ,5.310         ,5.310         ,0.000         ,-0.001        
16:11:01.945954     ,0.883       ,0.000       ,19.962      ,16.560      ,16.560      ,14.596      ,1.964       ,0.000       ,0.000          ,0.000       ,0.000       ,0.000       ,0.000       ,0.000       ,0.000       ,0.000       ,0.00000       ,2337          ,0.179           ,205.400       ,48.200              ,-0.168              ,0.000           ,24943.40625       ,0.00000               ,0.000         ,5.310         ,5.310         ,0.000         ,-0.001        
16:11:01.959121     ,0.883       ,0.000       ,19.962      ,16.540      ,16.540      ,14.596      ,1.944       ,0.000       ,0.000          ,0.000       ,0.000       ,0.000       ,0.000       ,0.000       ,0.000       ,0.000       ,0.00000       ,2366          ,0.181           ,207.949       ,47.800              ,-0.167              ,0.000           ,24943.41992       ,0.00000               ,0.000         ,5.310         ,5.310         ,0.000         ,0.001         
16:11:01.965950     ,0.883       ,0.000       ,19.962      ,16.510      ,16.510      ,14.596      ,1.914       ,0.000       ,0.000          ,0.000       ,0.000       ,0.000       ,0.000       ,0.000       ,0.000       ,0.000       ,0.00000       ,2394          ,0.184           ,210.410       ,47.200              ,-0.165              ,0.000           ,24943.41992       ,0.00000               ,0.000         ,5.310         ,5.310         ,0.000         ,-0.001        
16:11:01.979225     ,0.883       ,0.000       ,19.962      ,16.540      ,16.540      ,14.596      ,1.944       ,0.000       ,0.000          ,0.000       ,0.000       ,0.000       ,0.000       ,0.000       ,0.000       ,0.000       ,0.00000       ,2422          ,0.186           ,212.871       ,46.800              ,-0.163              ,0.000           ,24943.43164       ,0.00000               ,0.000         ,5.320         ,5.320         ,0.000         ,0.003         
16:11:01.992076     ,0.881       ,0.000       ,19.962      ,16.600      ,16.600      ,14.596      ,2.004       ,0.000       ,0.000          ,0.000       ,0.000       ,0.000       ,0.000       ,0.000       ,0.000       ,0.000       ,0.00000       ,2450          ,0.188           ,215.332       ,46.200              ,-0.161              ,0.000           ,24943.43945       ,0.00000               ,0.000         ,5.320         ,5.320         ,0.000         ,0.000         
16:11:02.007692     ,0.881       ,0.000       ,19.962      ,16.680      ,16.680      ,14.596      ,2.084       ,0.000       ,0.000          ,0.000       ,0.000       ,0.000       ,0.000       ,0.000       ,0.000       ,0.000       ,0.00000       ,2505          ,0.192           ,220.166       ,45.400              ,-0.158              ,0.000           ,24943.45508       ,0.00000               ,0.000         ,5.320         ,5.320         ,0.000         ,-0.001        
16:11:02.015972     ,0.881       ,0.000       ,19.962      ,16.720      ,16.720      ,14.596      ,2.124       ,0.000       ,0.000          ,0.000       ,0.000       ,0.000       ,0.000       ,0.000       ,0.000       ,0.000       ,0.00000       ,2533          ,0.194           ,222.627       ,45.000              ,-0.157              ,0.000           ,24943.45703       ,0.00000               ,0.000         ,5.320         ,5.320         ,0.000         ,-0.001        
16:11:02.026708     ,0.881       ,0.000       ,19.962      ,16.630      ,16.630      ,14.596      ,2.034       ,0.000       ,0.000          ,0.000       ,0.000       ,0.000       ,0.000       ,0.000       ,0.000       ,0.000       ,0.00000       ,2560          ,0.196           ,225.000       ,45.400              ,-0.158              ,0.000           ,24943.46875       ,0.00000               ,0.000         ,5.320         ,5.320         ,0.000         ,0.000         
16:11:02.035944     ,0.881       ,0.000       ,19.962      ,16.560      ,16.560      ,14.596      ,1.964       ,0.000       ,0.000          ,0.000       ,0.000       ,0.000       ,0.000       ,0.000       ,0.000       ,0.000       ,0.00000       ,2587          ,0.198           ,227.373       ,46.400              ,-0.162              ,0.000           ,24943.47461       ,0.00000               ,0.000         ,5.320         ,5.320         ,0.000         ,0.000         
16:11:02.047783     ,0.881       ,0.000       ,19.962      ,16.550      ,16.550      ,14.596      ,1.954       ,0.000       ,0.000          ,0.000       ,0.000       ,0.000       ,0.000       ,0.000       ,0.000       ,0.000       ,0.00000       ,2614          ,0.200           ,229.746       ,47.200              ,-0.165              ,0.000           ,24943.49219       ,0.00000               ,0.000         ,5.330         ,5.330         ,0.000         ,0.000         
16:11:02.055942     ,0.881       ,0.000       ,19.962      ,16.620      ,16.620      ,14.596      ,2.024       ,0.000       ,0.000          ,0.000       ,0.000       ,0.000       ,0.000       ,0.000       ,0.000       ,0.000       ,0.00000       ,2640          ,0.202           ,232.031       ,48.400              ,-0.169              ,0.000           ,24943.49609       ,0.00000               ,0.000         ,5.330         ,5.330         ,0.000         ,-0.001        
16:11:02.069034     ,0.881       ,0.000       ,19.962      ,16.630      ,16.630      ,14.596      ,2.034       ,0.000       ,0.000          ,0.000       ,0.000       ,0.000       ,0.000       ,0.000       ,0.000       ,0.000       ,0.00000       ,2667          ,0.205           ,234.404       ,49.000              ,-0.171              ,0.000           ,24943.51172       ,0.00000               ,0.000         ,5.330         ,5.330         ,0.000         ,0.000         
16:11:02.076518     ,0.881       ,0.000       ,19.962      ,16.570      ,16.570      ,14.596      ,1.974       ,0.000       ,0.000          ,0.000       ,0.000       ,0.000       ,0.000       ,0.000       ,0.000       ,0.000       ,0.00000       ,2693          ,0.207           ,236.689       ,49.600              ,-0.173              ,0.000           ,24943.51367       ,0.00000               ,0.000         ,5.340         ,5.340         ,0.000         ,0.000         
16:11:02.085948     ,0.881       ,0.000       ,19.962      ,16.560      ,16.560      ,14.596      ,1.964       ,0.000       ,0.000          ,0.000       ,0.000       ,0.000       ,0.000       ,0.000       ,0.000       ,0.000       ,0.00000       ,2720          ,0.209           ,239.062       ,50.000              ,-0.175              ,0.000           ,24943.52148       ,0.00000               ,0.000         ,5.340         ,5.340         ,0.000         ,-0.001        
16:11:02.100083     ,0.879       ,0.000       ,19.946      ,16.600      ,16.600      ,14.596      ,2.004       ,0.000       ,0.000          ,0.000       ,0.000       ,0.000       ,0.000       ,0.000       ,0.000       ,0.000       ,0.00000       ,2746          ,0.211           ,241.348       ,50.600              ,-0.177              ,0.000           ,24943.53516       ,0.00000               ,0.000         ,5.340         ,5.340         ,0.000         ,0.000         
16:11:02.110293     ,0.879       ,0.000       ,19.946      ,16.680      ,16.680      ,14.596      ,2.084       ,0.000       ,0.000          ,0.000       ,0.000       ,0.000       ,0.000       ,0.000       ,0.000       ,0.000       ,0.00000       ,2772          ,0.213           ,243.633       ,51.000              ,-0.178              ,0.000           ,24943.54688       ,0.00000               ,0.000         ,5.350         ,5.350         ,0.000         ,0.000         
16:11:02.116715     ,0.879       ,0.000       ,19.946      ,16.650      ,16.650      ,14.596      ,2.054       ,0.000       ,0.000          ,0.000       ,0.000       ,0.000       ,0.000       ,0.000       ,0.000       ,0.000       ,0.00000       ,2798          ,0.215           ,245.918       ,51.000              ,-0.178              ,0.000           ,24943.55273       ,0.00000               ,0.000         ,5.350         ,5.350         ,0.000         ,0.000         
16:11:02.125942     ,0.879       ,0.000       ,19.946      ,16.610      ,16.610      ,14.596      ,2.014       ,0.000       ,0.000          ,0.000       ,0.000       ,0.000       ,0.000       ,0.000       ,0.000       ,0.000       ,0.00000       ,2823          ,0.217           ,248.115       ,51.400              ,-0.179              ,0.000           ,24943.55859       ,0.00000               ,0.000         ,5.350         ,5.350         ,0.000         ,-0.001        
16:11:02.139862     ,0.879       ,0.000       ,19.946      ,16.670      ,16.670      ,14.596      ,2.074       ,0.000       ,0.000          ,0.000       ,0.000       ,0.000       ,0.000       ,0.000       ,0.000       ,0.000       ,0.00000       ,2849          ,0.219           ,250.400       ,51.800              ,-0.181              ,0.000           ,24943.57422       ,0.00000               ,0.000         ,5.360         ,5.360         ,0.000         ,-0.001        
16:11:02.146190     ,0.879       ,0.000       ,19.946      ,16.730      ,16.730      ,14.596      ,2.134       ,0.000       ,0.000          ,0.000       ,0.000       ,0.000       ,0.000       ,0.000       ,0.000       ,0.000       ,0.00000       ,2874          ,0.220           ,252.598       ,52.000              ,-0.182              ,0.000           ,24943.57812       ,0.00000               ,0.000         ,5.360         ,5.360         ,0.000         ,-0.001        
16:11:02.155941     ,0.879       ,0.000       ,19.946      ,16.680      ,16.680      ,14.596      ,2.084       ,0.000       ,0.000          ,0.000       ,0.000       ,0.000       ,0.000       ,0.000       ,0.000       ,0.000       ,0.00000       ,2899          ,0.222           ,254.795       ,52.000              ,-0.182              ,0.000           ,24943.58203       ,0.00000               ,0.000         ,5.370         ,5.370         ,0.000         ,-0.001        
16:11:02.168291     ,0.879       ,0.000       ,19.946      ,16.660      ,16.660      ,14.596      ,2.064       ,0.000       ,0.000          ,0.000       ,0.000       ,0.000       ,0.000       ,0.000       ,0.000       ,0.000       ,0.00000       ,2924          ,0.224           ,256.992       ,52.000              ,-0.182              ,0.000           ,24943.59961       ,0.00000               ,0.000         ,5.370         ,5.370         ,0.000         ,0.000         
16:11:02.175952     ,0.879       ,0.000       ,19.946      ,16.720      ,16.720      ,14.596      ,2.124       ,0.000       ,0.000          ,0.000       ,0.000       ,0.000       ,0.000       ,0.000       ,0.000       ,0.000       ,0.00000       ,2949          ,0.226           ,259.189       ,52.000              ,-0.182              ,0.000           ,24943.60352       ,0.00000               ,0.000         ,5.370         ,5.370         ,0.000         ,-0.001        
16:11:02.189449     ,0.879       ,0.000       ,19.946      ,16.740      ,16.740      ,14.596      ,2.144       ,0.000       ,0.000          ,0.000       ,0.000       ,0.000       ,0.000       ,0.000       ,0.000       ,0.000       ,0.00000       ,2974          ,0.228           ,261.387       ,52.000              ,-0.182              ,0.000           ,24943.61719       ,0.00000               ,0.000         ,5.380         ,5.380         ,0.000         ,0.003         
16:11:02.201605     ,0.879       ,0.000       ,19.962      ,16.720      ,16.720      ,14.596      ,2.124       ,0.000       ,0.000          ,0.000       ,0.000       ,0.000       ,0.000       ,0.000       ,0.000       ,0.000       ,0.00000       ,2998          ,0.230           ,263.496       ,52.000              ,-0.182              ,0.000           ,24943.62500       ,0.00000               ,0.000         ,5.380         ,5.380         ,0.000         ,0.000         
16:11:02.219383     ,0.879       ,0.000       ,19.962      ,16.770      ,16.770      ,14.596      ,2.174       ,0.000       ,0.000          ,0.000       ,0.000       ,0.000       ,0.000       ,0.000       ,0.000       ,0.000       ,0.00000       ,3048          ,0.234           ,267.891       ,52.000              ,-0.182              ,0.000           ,24943.64258       ,0.00000               ,0.000         ,5.390         ,5.390         ,0.000         ,0.000         
16:11:02.225946     ,0.879       ,0.000       ,19.962      ,16.800      ,16.800      ,14.596      ,2.204       ,0.000       ,0.000          ,0.000       ,0.000       ,0.000       ,0.000       ,0.000       ,0.000       ,0.000       ,0.00000       ,3072          ,0.236           ,270.000       ,52.000              ,-0.182              ,0.000           ,24943.64648       ,0.00000               ,0.000         ,5.390         ,5.390         ,0.000         ,-0.001        
16:11:02.239666     ,0.879       ,0.000       ,19.962      ,16.740      ,16.740      ,14.596      ,2.144       ,0.000       ,0.000          ,0.000       ,0.000       ,0.000       ,0.000       ,0.000       ,0.000       ,0.000       ,0.00000       ,3072          ,0.236           ,270.000       ,52.000              ,-0.182              ,0.000           ,24943.66016       ,0.00000               ,0.000         ,5.390         ,5.390         ,0.000         ,0.000         
16:11:02.246168     ,0.879       ,0.000       ,19.962      ,16.770      ,16.770      ,14.596      ,2.174       ,0.000       ,0.000          ,0.000       ,0.000       ,0.000       ,0.000       ,0.000       ,0.000       ,0.000       ,0.00000       ,3072          ,0.236           ,270.000       ,52.000              ,-0.182              ,0.000           ,24943.66406       ,0.00000               ,0.000         ,5.390         ,5.390         ,0.000         ,-0.001        
16:11:02.255935     ,0.879       ,0.000       ,19.962      ,16.810      ,16.810      ,14.596      ,2.214       ,0.000       ,0.000          ,0.000       ,0.000       ,0.000       ,0.000       ,0.000       ,0.000       ,0.000       ,0.00000       ,3146          ,0.241           ,276.504       ,52.000              ,-0.182              ,0.000           ,24943.66797       ,0.00000               ,0.000         ,5.400         ,5.400         ,0.000         ,-0.001        
16:11:02.269378     ,0.879       ,0.000       ,19.962      ,16.750      ,16.750      ,14.596      ,2.154       ,0.000       ,0.000          ,0.000       ,0.000       ,0.000       ,0.000       ,0.000       ,0.000       ,0.000       ,0.00000       ,3170          ,0.243           ,278.613       ,52.000              ,-0.182              ,0.000           ,24943.68555       ,0.00000               ,0.000         ,5.400         ,5.400         ,0.000         ,-0.001        
16:11:02.275934     ,0.879       ,0.000       ,19.962      ,16.690      ,16.690      ,14.596      ,2.094       ,0.000       ,0.000          ,0.000       ,0.000       ,0.000       ,0.000       ,0.000       ,0.000       ,0.000       ,0.00000       ,3195          ,0.245           ,280.811       ,52.000              ,-0.182              ,0.000           ,24943.68945       ,0.00000               ,0.000         ,5.400         ,5.400         ,0.000         ,-0.001        
16:11:02.290561     ,0.879       ,0.000       ,19.962      ,16.730      ,16.730      ,14.596      ,2.134       ,0.000       ,0.000          ,0.000       ,0.000       ,0.000       ,0.000       ,0.000       ,0.000       ,0.000       ,0.00000       ,3219          ,0.247           ,282.920       ,51.600              ,-0.180              ,0.000           ,24943.70312       ,0.00000               ,0.000         ,5.400         ,5.400         ,0.000         ,-0.009        
16:11:02.298073     ,0.879       ,0.000       ,19.962      ,16.720      ,16.720      ,14.596      ,2.124       ,0.000       ,0.000          ,0.000       ,0.000       ,0.000       ,0.000       ,0.000       ,0.000       ,0.000       ,0.00000       ,3244          ,0.249           ,285.117       ,51.200              ,-0.179              ,0.000           ,24943.71094       ,0.00000               ,0.000         ,5.400         ,5.400         ,0.000         ,0.001         
16:11:02.309514     ,0.879       ,0.000       ,19.946      ,16.720      ,16.720      ,14.596      ,2.124       ,0.000       ,0.000          ,0.000       ,0.000       ,0.000       ,0.000       ,0.000       ,0.000       ,0.000       ,0.00000       ,3268          ,0.251           ,287.227       ,51.000              ,-0.178              ,0.000           ,24943.71289       ,0.00000               ,0.000         ,5.410         ,5.410         ,0.000         ,0.000         
16:11:02.319142     ,0.879       ,0.000       ,19.946      ,16.710      ,16.710      ,14.596      ,2.114       ,0.000       ,0.000          ,0.000       ,0.000       ,0.000       ,0.000       ,0.000       ,0.000       ,0.000       ,0.00000       ,3293          ,0.253           ,289.424       ,51.000              ,-0.178              ,0.000           ,24943.72852       ,0.00000               ,0.000         ,5.410         ,5.410         ,0.000         ,0.000         
16:11:02.325967     ,0.879       ,0.000       ,19.946      ,16.630      ,16.630      ,14.596      ,2.034       ,0.000       ,0.000          ,0.000       ,0.000       ,0.000       ,0.000       ,0.000       ,0.000       ,0.000       ,0.00000       ,3318          ,0.254           ,291.621       ,51.000              ,-0.178              ,0.000           ,24943.73047       ,0.00000               ,0.000         ,5.410         ,5.410         ,0.000         ,0.000         
16:11:02.345996     ,0.879       ,0.000       ,19.946      ,16.650      ,16.650      ,14.596      ,2.054       ,0.000       ,0.000          ,0.000       ,0.000       ,0.000       ,0.000       ,0.000       ,0.000       ,0.000       ,0.00000       ,3318          ,0.254           ,291.621       ,51.400              ,-0.179              ,0.000           ,24943.74609       ,0.00000               ,0.000         ,5.410         ,5.410         ,0.000         ,0.000         
16:11:02.356000     ,0.879       ,0.000       ,19.946      ,16.730      ,16.730      ,14.596      ,2.134       ,0.000       ,0.000          ,0.000       ,0.000       ,0.000       ,0.000       ,0.000       ,0.000       ,0.000       ,0.00000       ,3318          ,0.254           ,291.621       ,52.000              ,-0.182              ,0.000           ,24943.75586       ,0.00000               ,0.000         ,5.410         ,5.410         ,0.000         ,0.000         
16:11:02.368923     ,0.879       ,0.000       ,19.946      ,16.720      ,16.720      ,14.596      ,2.124       ,0.000       ,0.000          ,0.000       ,0.000       ,0.000       ,0.000       ,0.000       ,0.000       ,0.000       ,0.00000       ,3318          ,0.254           ,291.621       ,52.000              ,-0.182              ,0.000           ,24943.77344       ,0.00000               ,0.000         ,5.410         ,5.410         ,0.000         ,-0.001        
16:11:02.376601     ,0.879       ,0.000       ,19.946      ,16.680      ,16.680      ,14.596      ,2.084       ,0.000       ,0.000          ,0.000       ,0.000       ,0.000       ,0.000       ,0.000       ,0.000       ,0.000       ,0.00000       ,3318          ,0.254           ,291.621       ,52.000              ,-0.182              ,0.000           ,24943.77344       ,0.00000               ,0.000         ,5.410         ,5.410         ,0.000         ,-0.001        
16:11:02.385954     ,0.879       ,0.000       ,19.946      ,16.790      ,16.790      ,14.596      ,2.194       ,0.000       ,0.000          ,0.000       ,0.000       ,0.000       ,0.000       ,0.000       ,0.000       ,0.000       ,0.00000       ,3318          ,0.254           ,291.621       ,52.000              ,-0.182              ,0.000           ,24943.78320       ,0.00000               ,0.000         ,5.410         ,5.410         ,0.000         ,-0.001        
16:11:02.398140     ,0.879       ,0.000       ,19.946      ,16.870      ,16.870      ,14.596      ,2.274       ,0.000       ,0.000          ,0.000       ,0.000       ,0.000       ,0.000       ,0.000       ,0.000       ,0.000       ,0.00000       ,3318          ,0.254           ,291.621       ,52.000              ,-0.182              ,0.000           ,24943.79883       ,0.00000               ,0.000         ,5.410         ,5.410         ,0.000         ,-0.004        
16:11:02.405933     ,0.879       ,0.000       ,19.946      ,16.780      ,16.780      ,14.596      ,2.184       ,0.000       ,0.000          ,0.000       ,0.000       ,0.000       ,0.000       ,0.000       ,0.000       ,0.000       ,0.00000       ,3318          ,0.254           ,291.621       ,52.000              ,-0.182              ,0.000           ,24943.80078       ,0.00000               ,0.000         ,5.410         ,5.410         ,0.000         ,-0.001        
16:11:02.432202     ,0.881       ,0.000       ,19.946      ,16.870      ,16.870      ,14.596      ,2.274       ,0.000       ,0.000          ,0.000       ,0.000       ,0.000       ,0.000       ,0.000       ,0.000       ,0.000       ,0.00000       ,3318          ,0.254           ,291.621       ,52.000              ,-0.182              ,0.000           ,24943.82617       ,0.00000               ,0.000         ,5.400         ,5.400         ,0.000         ,-0.004        
16:11:02.445950     ,0.881       ,0.000       ,19.946      ,16.840      ,16.840      ,14.596      ,2.244       ,0.000       ,0.000          ,0.000       ,0.000       ,0.000       ,0.000       ,0.000       ,0.000       ,0.000       ,0.00000       ,3626          ,0.278           ,318.691       ,52.600              ,-0.184              ,0.000           ,24943.83594       ,0.00000               ,0.000         ,5.400         ,5.400         ,0.000         ,-0.001        
16:11:02.459336     ,0.881       ,0.000       ,19.946      ,16.770      ,16.770      ,14.596      ,2.174       ,0.000       ,0.000          ,0.000       ,0.000       ,0.000       ,0.000       ,0.000       ,0.000       ,0.000       ,0.00000       ,3652          ,0.280           ,320.977       ,53.000              ,-0.185              ,0.000           ,24943.85352       ,0.00000               ,0.000         ,5.400         ,5.400         ,0.000         ,0.000         
16:11:02.465961     ,0.881       ,0.000       ,19.946      ,16.850      ,16.850      ,14.596      ,2.254       ,0.000       ,0.000          ,0.000       ,0.000       ,0.000       ,0.000       ,0.000       ,0.000       ,0.000       ,0.00000       ,3679          ,0.282           ,323.350       ,53.000              ,-0.185              ,0.000           ,24943.85547       ,0.00000               ,0.000         ,5.400         ,5.400         ,0.000         ,0.000         
16:11:02.479288     ,0.881       ,0.000       ,19.946      ,16.950      ,16.950      ,14.596      ,2.354       ,0.000       ,0.000          ,0.000       ,0.000       ,0.000       ,0.000       ,0.000       ,0.000       ,0.000       ,0.00000       ,3706          ,0.284           ,325.723       ,53.000              ,-0.185              ,0.000           ,24943.87109       ,0.00000               ,0.000         ,5.400         ,5.400         ,0.000         ,-0.001        
16:11:02.487657     ,0.881       ,0.000       ,19.946      ,16.810      ,16.810      ,14.596      ,2.214       ,0.000       ,0.000          ,0.000       ,0.000       ,0.000       ,0.000       ,0.000       ,0.000       ,0.000       ,0.00000       ,3706          ,0.284           ,325.723       ,53.200              ,-0.186              ,0.000           ,24943.88086       ,0.00000               ,0.000         ,5.400         ,5.400         ,0.000         ,0.000         
16:11:02.495940     ,0.881       ,0.000       ,19.946      ,16.740      ,16.740      ,14.596      ,2.144       ,0.000       ,0.000          ,0.000       ,0.000       ,0.000       ,0.000       ,0.000       ,0.000       ,0.000       ,0.00000       ,3760          ,0.288           ,330.469       ,53.800              ,-0.188              ,0.000           ,24943.88281       ,0.00000               ,0.000         ,5.400         ,5.400         ,0.000         ,-0.001        
16:11:02.507873     ,0.881       ,0.000       ,19.946      ,16.870      ,16.870      ,14.596      ,2.274       ,0.000       ,0.000          ,0.000       ,0.000       ,0.000       ,0.000       ,0.000       ,0.000       ,0.000       ,0.00000       ,3787          ,0.290           ,332.842       ,54.000              ,-0.188              ,0.000           ,24943.89844       ,0.00000               ,0.000         ,5.390         ,5.390         ,0.000         ,0.000         
16:11:02.515989     ,0.881       ,0.000       ,19.946      ,16.970      ,16.970      ,14.596      ,2.374       ,0.000       ,0.000          ,0.000       ,0.000       ,0.000       ,0.000       ,0.000       ,0.000       ,0.000       ,0.00000       ,3814          ,0.293           ,335.215       ,54.000              ,-0.188              ,0.000           ,24943.90039       ,0.00000               ,0.000         ,5.390         ,5.390         ,0.000         ,-0.001        
16:11:02.527806     ,0.881       ,0.000       ,19.946      ,16.740      ,16.740      ,14.596      ,2.144       ,0.000       ,0.000          ,0.000       ,0.000       ,0.000       ,0.000       ,0.000       ,0.000       ,0.000       ,0.00000       ,3814          ,0.293           ,335.215       ,54.000              ,-0.188              ,0.000           ,24943.91797       ,0.00000               ,0.000         ,5.390         ,5.390         ,0.000         ,0.001         
16:11:02.539416     ,0.879       ,0.000       ,19.946      ,16.600      ,16.600      ,14.596      ,2.004       ,0.000       ,0.000          ,0.000       ,0.000       ,0.000       ,0.000       ,0.000       ,0.000       ,0.000       ,0.00000       ,3869          ,0.297           ,340.049       ,54.400              ,-0.190              ,0.000           ,24943.91992       ,0.00000               ,0.000         ,5.390         ,5.390         ,0.000         ,-0.001        
16:11:02.547903     ,0.879       ,0.000       ,19.946      ,16.790      ,16.790      ,14.596      ,2.194       ,0.000       ,0.000          ,0.000       ,0.000       ,0.000       ,0.000       ,0.000       ,0.000       ,0.000       ,0.00000       ,3897          ,0.299           ,342.510       ,54.800              ,-0.191              ,0.000           ,24943.93750       ,0.00000               ,0.000         ,5.390         ,5.390         ,0.000         ,-0.001        
16:11:02.557381     ,0.879       ,0.000       ,19.946      ,16.950      ,16.950      ,14.596      ,2.354       ,0.000       ,0.000          ,0.000       ,0.000       ,0.000       ,0.000       ,0.000       ,0.000       ,0.000       ,0.00000       ,3924          ,0.301           ,344.883       ,55.000              ,-0.192              ,0.000           ,24943.94727       ,0.00000               ,0.000         ,5.390         ,5.390         ,0.000         ,-0.001        
16:11:02.565945     ,0.879       ,0.000       ,19.946      ,16.950      ,16.950      ,14.596      ,2.354       ,0.000       ,0.000          ,0.000       ,0.000       ,0.000       ,0.000       ,0.000       ,0.000       ,0.000       ,0.00000       ,3952          ,0.303           ,347.344       ,55.000              ,-0.192              ,0.000           ,24943.94922       ,0.00000               ,0.000         ,5.390         ,5.390         ,0.000         ,-0.001        
16:11:02.577599     ,0.879       ,0.000       ,19.946      ,16.620      ,16.620      ,14.596      ,2.024       ,0.000       ,0.000          ,0.000       ,0.000       ,0.000       ,0.000       ,0.000       ,0.000       ,0.000       ,0.00000       ,3980          ,0.305           ,349.805       ,55.000              ,-0.192              ,0.000           ,24943.96680       ,0.00000               ,0.000         ,5.390         ,5.390         ,0.000         ,-0.001        
16:11:02.585995     ,0.879       ,0.000       ,19.946      ,16.660      ,16.660      ,14.596      ,2.064       ,0.000       ,0.000          ,0.000       ,0.000       ,0.000       ,0.000       ,0.000       ,0.000       ,0.000       ,0.00000       ,4007          ,0.307           ,352.178       ,55.400              ,-0.193              ,0.000           ,24943.96875       ,0.00000               ,0.000         ,5.390         ,5.390         ,0.000         ,-0.001        
16:11:02.598795     ,0.879       ,0.000       ,19.946      ,16.930      ,16.930      ,14.596      ,2.334       ,0.000       ,0.000          ,0.000       ,0.000       ,0.000       ,0.000       ,0.000       ,0.000       ,0.000       ,0.00000       ,4035          ,0.309           ,354.639       ,55.800              ,-0.195              ,0.000           ,24943.98633       ,0.00000               ,0.000         ,5.390         ,5.390         ,0.000         ,0.001         
16:11:02.606216     ,0.879       ,0.000       ,19.946      ,16.660      ,16.660      ,14.596      ,2.064       ,0.000       ,0.000          ,0.000       ,0.000       ,0.000       ,0.000       ,0.000       ,0.000       ,0.000       ,0.00000       ,4063          ,0.312           ,357.100       ,56.000              ,-0.195              ,0.000           ,24943.98828       ,0.00000               ,0.000         ,5.390         ,5.390         ,0.000         ,0.000         
16:11:02.615928     ,0.879       ,0.000       ,19.946      ,16.540      ,16.540      ,14.596      ,1.944       ,0.000       ,0.000          ,0.000       ,0.000       ,0.000       ,0.000       ,0.000       ,0.000       ,0.000       ,0.00000       ,4092          ,0.314           ,359.648       ,56.000              ,-0.195              ,0.000           ,24943.99609       ,0.00000               ,0.000         ,5.390         ,5.390         ,0.000         ,-0.001        
16:11:02.629387     ,0.879       ,0.000       ,19.946      ,16.570      ,16.570      ,14.596      ,1.974       ,0.000       ,0.000          ,0.000       ,0.000       ,0.000       ,0.000       ,0.000       ,0.000       ,0.000       ,0.00000       ,4120          ,0.316           ,2.109         ,56.400              ,-0.197              ,0.000           ,24944.01562       ,0.00000               ,0.000         ,5.390         ,5.390         ,0.000         ,0.000         
16:11:02.639368     ,0.883       ,0.000       ,19.962      ,16.840      ,16.840      ,14.596      ,2.244       ,0.000       ,0.000          ,0.000       ,0.000       ,0.000       ,0.000       ,0.000       ,0.000       ,0.000       ,0.00000       ,4148          ,0.318           ,4.570         ,57.000              ,-0.199              ,0.000           ,24944.01953       ,0.00000               ,0.000         ,5.390         ,5.390         ,0.000         ,0.000         
16:11:02.649589     ,0.883       ,0.000       ,19.962      ,16.830      ,16.830      ,14.596      ,2.234       ,0.000       ,0.000          ,0.000       ,0.000       ,0.000       ,0.000       ,0.000       ,0.000       ,0.000       ,0.00000       ,4177          ,0.320           ,7.119         ,57.000              ,-0.199              ,0.000           ,24944.03516       ,0.00000               ,0.000         ,5.390         ,5.390         ,0.000         ,-0.001        
16:11:02.656998     ,0.883       ,0.000       ,19.962      ,16.670      ,16.670      ,14.596      ,2.074       ,0.000       ,0.000          ,0.000       ,0.000       ,0.000       ,0.000       ,0.000       ,0.000       ,0.000       ,0.00000       ,4206          ,0.323           ,9.668         ,57.000              ,-0.199              ,0.000           ,24944.03906       ,0.00000               ,0.000         ,5.390         ,5.390         ,0.000         ,-0.001        
16:11:02.665931     ,0.883       ,0.000       ,19.962      ,16.690      ,16.690      ,14.596      ,2.094       ,0.000       ,0.000          ,0.000       ,0.000       ,0.000       ,0.000       ,0.000       ,0.000       ,0.000       ,0.00000       ,4234          ,0.325           ,12.129        ,57.400              ,-0.200              ,0.000           ,24944.04688       ,0.00000               ,0.000         ,5.390         ,5.390         ,0.000         ,0.000         
16:11:02.679080     ,0.883       ,0.000       ,19.962      ,16.840      ,16.840      ,14.596      ,2.244       ,0.000       ,0.000          ,0.000       ,0.000       ,0.000       ,0.000       ,0.000       ,0.000       ,0.000       ,0.00000       ,4263          ,0.327           ,14.678        ,57.800              ,-0.202              ,0.000           ,24944.06641       ,0.00000               ,0.000         ,5.400         ,5.400         ,0.000         ,0.000         
16:11:02.686553     ,0.883       ,0.000       ,19.962      ,16.840      ,16.840      ,14.596      ,2.244       ,0.000       ,0.000          ,0.000       ,0.000       ,0.000       ,0.000       ,0.000       ,0.000       ,0.000       ,0.00000       ,4292          ,0.329           ,17.227        ,58.000              ,-0.202              ,0.000           ,24944.07617       ,0.00000               ,0.000         ,5.400         ,5.400         ,0.000         ,-0.003        
16:11:02.695933     ,0.883       ,0.000       ,19.962      ,16.690      ,16.690      ,14.596      ,2.094       ,0.000       ,0.000          ,0.000       ,0.000       ,0.000       ,0.000       ,0.000       ,0.000       ,0.000       ,0.00000       ,4322          ,0.331           ,19.863        ,58.000              ,-0.202              ,0.000           ,24944.07617       ,0.00000               ,0.000         ,5.400         ,5.400         ,0.000         ,0.000         
16:11:02.709713     ,0.883       ,0.000       ,19.962      ,16.710      ,16.710      ,14.596      ,2.114       ,0.000       ,0.000          ,0.000       ,0.000       ,0.000       ,0.000       ,0.000       ,0.000       ,0.000       ,0.00000       ,4351          ,0.334           ,22.412        ,58.000              ,-0.202              ,0.000           ,24944.09375       ,0.00000               ,0.000         ,5.400         ,5.400         ,0.000         ,0.001         
16:11:02.718240     ,0.883       ,0.000       ,19.962      ,16.840      ,16.840      ,14.596      ,2.244       ,0.000       ,0.000          ,0.000       ,0.000       ,0.000       ,0.000       ,0.000       ,0.000       ,0.000       ,0.00000       ,4380          ,0.336           ,24.961        ,58.000              ,-0.202              ,0.000           ,24944.10547       ,0.00000               ,0.000         ,5.400         ,5.400         ,0.000         ,0.000         
16:11:02.725927     ,0.883       ,0.000       ,19.962      ,16.890      ,16.890      ,14.596      ,2.294       ,0.000       ,0.000          ,0.000       ,0.000       ,0.000       ,0.000       ,0.000       ,0.000       ,0.000       ,0.00000       ,4409          ,0.338           ,27.510        ,58.400              ,-0.204              ,0.000           ,24944.10938       ,0.00000               ,0.000         ,5.410         ,5.410         ,0.000         ,0.000         
16:11:02.742819     ,0.879       ,0.000       ,19.962      ,16.870      ,16.870      ,14.596      ,2.274       ,0.000       ,0.000          ,0.000       ,0.000       ,0.000       ,0.000       ,0.000       ,0.000       ,0.000       ,0.00000       ,4438          ,0.340           ,30.059        ,59.000              ,-0.206              ,0.000           ,24944.12500       ,0.00000               ,0.000         ,5.410         ,5.410         ,0.000         ,-0.001        
16:11:02.755927     ,0.879       ,0.000       ,19.962      ,16.840      ,16.840      ,14.596      ,2.244       ,0.000       ,0.000          ,0.000       ,0.000       ,0.000       ,0.000       ,0.000       ,0.000       ,0.000       ,0.00000       ,4496          ,0.345           ,35.156        ,59.000              ,-0.206              ,0.000           ,24944.13672       ,0.00000               ,0.000         ,5.410         ,5.410         ,0.000         ,-0.001        
16:11:02.766782     ,0.879       ,0.000       ,19.962      ,16.890      ,16.890      ,14.596      ,2.294       ,0.000       ,0.000          ,0.000       ,0.000       ,0.000       ,0.000       ,0.000       ,0.000       ,0.000       ,0.00000       ,4525          ,0.347           ,37.705        ,59.000              ,-0.206              ,0.000           ,24944.15430       ,0.00000               ,0.000         ,5.410         ,5.410         ,0.000         ,0.000         
16:11:02.775926     ,0.879       ,0.000       ,19.962      ,16.920      ,16.920      ,14.596      ,2.324       ,0.000       ,0.000          ,0.000       ,0.000       ,0.000       ,0.000       ,0.000       ,0.000       ,0.000       ,0.00000       ,4554          ,0.349           ,40.254        ,59.000              ,-0.206              ,0.000           ,24944.15820       ,0.00000               ,0.000         ,5.420         ,5.420         ,0.000         ,0.000         
16:11:02.788218     ,0.879       ,0.000       ,19.962      ,16.900      ,16.900      ,14.596      ,2.304       ,0.000       ,0.000          ,0.000       ,0.000       ,0.000       ,0.000       ,0.000       ,0.000       ,0.000       ,0.00000       ,4582          ,0.351           ,42.715        ,59.000              ,-0.206              ,0.000           ,24944.17383       ,0.00000               ,0.000         ,5.420         ,5.420         ,0.000         ,0.000         
16:11:02.796014     ,0.879       ,0.000       ,19.962      ,16.870      ,16.870      ,14.596      ,2.274       ,0.000       ,0.000          ,0.000       ,0.000       ,0.000       ,0.000       ,0.000       ,0.000       ,0.000       ,0.00000       ,4611          ,0.354           ,45.264        ,59.000              ,-0.206              ,0.000           ,24944.17773       ,0.00000               ,0.000         ,5.420         ,5.420         ,0.000         ,0.000         
16:11:02.809691     ,0.879       ,0.000       ,19.962      ,16.960      ,16.960      ,14.596      ,2.364       ,0.000       ,0.000          ,0.000       ,0.000       ,0.000       ,0.000       ,0.000       ,0.000       ,0.000       ,0.00000       ,4639          ,0.356           ,47.725        ,59.000              ,-0.206              ,0.000           ,24944.19336       ,0.00000               ,0.000         ,5.420         ,5.420         ,0.000         ,0.001         
16:11:02.816097     ,0.879       ,0.000       ,19.962      ,17.010      ,17.010      ,14.596      ,2.414       ,0.000       ,0.000          ,0.000       ,0.000       ,0.000       ,0.000       ,0.000       ,0.000       ,0.000       ,0.00000       ,4667          ,0.358           ,50.186        ,59.000              ,-0.206              ,0.000           ,24944.19922       ,0.00000               ,0.000         ,5.430         ,5.430         ,0.000         ,0.000         
16:11:02.825929     ,0.879       ,0.000       ,19.962      ,16.910      ,16.910      ,14.596      ,2.314       ,0.000       ,0.000          ,0.000       ,0.000       ,0.000       ,0.000       ,0.000       ,0.000       ,0.000       ,0.00000       ,4695          ,0.360           ,52.646        ,59.000              ,-0.206              ,0.000           ,24944.20508       ,0.00000               ,0.000         ,5.430         ,5.430         ,0.000         ,0.000         
16:11:02.839190     ,0.879       ,0.000       ,19.962      ,16.870      ,16.870      ,14.596      ,2.274       ,0.000       ,0.000          ,0.000       ,0.000       ,0.000       ,0.000       ,0.000       ,0.000       ,0.000       ,0.00000       ,4723          ,0.362           ,55.107        ,59.000              ,-0.206              ,0.000           ,24944.22266       ,0.00000               ,0.000         ,5.430         ,5.430         ,0.000         ,0.000         
16:11:02.851202     ,0.879       ,0.000       ,19.946      ,16.980      ,16.980      ,14.596      ,2.384       ,0.000       ,0.000          ,0.000       ,0.000       ,0.000       ,0.000       ,0.000       ,0.000       ,0.000       ,0.00000       ,4750          ,0.364           ,57.480        ,58.600              ,-0.205              ,0.000           ,24944.23242       ,0.00000               ,0.000         ,5.440         ,5.440         ,0.000         ,-0.001        
16:11:02.868009     ,0.879       ,0.000       ,19.946      ,17.000      ,17.000      ,14.596      ,2.404       ,0.000       ,0.000          ,0.000       ,0.000       ,0.000       ,0.000       ,0.000       ,0.000       ,0.000       ,0.00000       ,4805          ,0.369           ,62.314        ,58.000              ,-0.202              ,0.000           ,24944.25000       ,0.00000               ,0.000         ,5.440         ,5.440         ,0.000         ,-0.001        
16:11:02.885938     ,0.879       ,0.000       ,19.946      ,17.000      ,17.000      ,14.596      ,2.404       ,0.000       ,0.000          ,0.000       ,0.000       ,0.000       ,0.000       ,0.000       ,0.000       ,0.000       ,0.00000       ,4859          ,0.373           ,67.061        ,58.000              ,-0.202              ,0.000           ,24944.25977       ,0.00000               ,0.000         ,5.450         ,5.450         ,0.000         ,0.000         
16:11:02.897612     ,0.879       ,0.000       ,19.946      ,17.000      ,17.000      ,14.596      ,2.404       ,0.000       ,0.000          ,0.000       ,0.000       ,0.000       ,0.000       ,0.000       ,0.000       ,0.000       ,0.00000       ,4885          ,0.375           ,69.346        ,57.800              ,-0.202              ,0.000           ,24944.27930       ,0.00000               ,0.000         ,5.450         ,5.450         ,0.000         ,0.000         
16:11:02.905929     ,0.879       ,0.000       ,19.946      ,16.900      ,16.900      ,14.596      ,2.304       ,0.000       ,0.000          ,0.000       ,0.000       ,0.000       ,0.000       ,0.000       ,0.000       ,0.000       ,0.00000       ,4912          ,0.377           ,71.719        ,57.200              ,-0.200              ,0.000           ,24944.27930       ,0.00000               ,0.000         ,5.450         ,5.450         ,0.000         ,0.000         
16:11:02.921011     ,0.879       ,0.000       ,19.946      ,16.730      ,16.730      ,14.596      ,2.134       ,0.000       ,0.000          ,0.000       ,0.000       ,0.000       ,0.000       ,0.000       ,0.000       ,0.000       ,0.00000       ,4939          ,0.379           ,74.092        ,57.000              ,-0.199              ,0.000           ,24944.29688       ,0.00000               ,0.000         ,5.460         ,5.460         ,0.000         ,-0.001        
16:11:02.927347     ,0.879       ,0.000       ,19.946      ,16.810      ,16.810      ,14.596      ,2.214       ,0.000       ,0.000          ,0.000       ,0.000       ,0.000       ,0.000       ,0.000       ,0.000       ,0.000       ,0.00000       ,4965          ,0.381           ,76.377        ,57.000              ,-0.199              ,0.000           ,24944.30469       ,0.00000               ,0.000         ,5.460         ,5.460         ,0.000         ,-0.001        
16:11:02.945980     ,0.879       ,0.000       ,19.946      ,16.900      ,16.900      ,14.596      ,2.304       ,0.000       ,0.000          ,0.000       ,0.000       ,0.000       ,0.000       ,0.000       ,0.000       ,0.000       ,0.00000       ,5019          ,0.385           ,81.123        ,56.400              ,-0.197              ,0.000           ,24944.31445       ,0.00000               ,0.000         ,5.470         ,5.470         ,0.000         ,-0.001        
16:11:02.957404     ,0.879       ,0.000       ,19.946      ,16.810      ,16.810      ,14.596      ,2.214       ,0.000       ,0.000          ,0.000       ,0.000       ,0.000       ,0.000       ,0.000       ,0.000       ,0.000       ,0.00000       ,5045          ,0.387           ,83.408        ,56.000              ,-0.195              ,0.000           ,24944.33203       ,0.00000               ,0.000         ,5.470         ,5.470         ,0.000         ,0.000         
16:11:02.965926     ,0.879       ,0.000       ,19.946      ,16.870      ,16.870      ,14.596      ,2.274       ,0.000       ,0.000          ,0.000       ,0.000       ,0.000       ,0.000       ,0.000       ,0.000       ,0.000       ,0.00000       ,5071          ,0.389           ,85.693        ,56.000              ,-0.195              ,0.000           ,24944.33398       ,0.00000               ,0.000         ,5.480         ,5.480         ,0.000         ,0.000         
16:11:02.983261     ,0.883       ,0.000       ,19.995      ,16.980      ,16.980      ,14.596      ,2.384       ,0.000       ,0.000          ,0.000       ,0.000       ,0.000       ,0.000       ,0.000       ,0.000       ,0.000       ,0.00000       ,5098          ,0.391           ,88.066        ,56.000              ,-0.195              ,0.000           ,24944.34961       ,0.00000               ,0.000         ,5.480         ,5.480         ,0.000         ,0.000         
16:11:02.995960     ,0.883       ,0.000       ,19.995      ,16.910      ,16.910      ,14.596      ,2.314       ,0.000       ,0.000          ,0.000       ,0.000       ,0.000       ,0.000       ,0.000       ,0.000       ,0.000       ,0.00000       ,5151          ,0.395           ,92.725        ,56.000              ,-0.195              ,0.000           ,24944.36328       ,0.00000               ,0.000         ,5.490         ,5.490         ,0.000         ,0.005         
16:11:03.010381     ,0.883       ,0.000       ,19.995      ,16.930      ,16.930      ,14.596      ,2.334       ,0.000       ,0.000          ,0.000       ,0.000       ,0.000       ,0.000       ,0.000       ,0.000       ,0.000       ,0.00000       ,5178          ,0.397           ,95.098        ,56.000              ,-0.195              ,0.000           ,24944.37695       ,0.00000               ,0.000         ,5.490         ,5.490         ,0.000         ,-0.001        
16:11:03.017755     ,0.883       ,0.000       ,19.995      ,17.020      ,17.020      ,14.596      ,2.424       ,0.000       ,0.000          ,0.000       ,0.000       ,0.000       ,0.000       ,0.000       ,0.000       ,0.000       ,0.00000       ,5204          ,0.399           ,97.383        ,56.000              ,-0.195              ,0.000           ,24944.38672       ,0.00000               ,0.000         ,5.500         ,5.500         ,0.000         ,-0.001        
16:11:03.025929     ,0.883       ,0.000       ,19.995      ,17.030      ,17.030      ,14.596      ,2.434       ,0.000       ,0.000          ,0.000       ,0.000       ,0.000       ,0.000       ,0.000       ,0.000       ,0.000       ,0.00000       ,5230          ,0.401           ,99.668        ,56.000              ,-0.195              ,0.000           ,24944.38867       ,0.00000               ,0.000         ,5.500         ,5.500         ,0.000         ,0.000         
16:11:03.037711     ,0.883       ,0.000       ,19.995      ,16.920      ,16.920      ,14.596      ,2.324       ,0.000       ,0.000          ,0.000       ,0.000       ,0.000       ,0.000       ,0.000       ,0.000       ,0.000       ,0.00000       ,5257          ,0.403           ,102.041       ,56.000              ,-0.195              ,0.000           ,24944.40625       ,0.00000               ,0.000         ,5.510         ,5.510         ,0.000         ,0.001         
16:11:03.045931     ,0.883       ,0.000       ,19.995      ,16.900      ,16.900      ,14.596      ,2.304       ,0.000       ,0.000          ,0.000       ,0.000       ,0.000       ,0.000       ,0.000       ,0.000       ,0.000       ,0.00000       ,5283          ,0.405           ,104.326       ,56.000              ,-0.195              ,0.000           ,24944.40820       ,0.00000               ,0.000         ,5.510         ,5.510         ,0.000         ,0.000         
16:11:03.059064     ,0.883       ,0.000       ,19.995      ,17.000      ,17.000      ,14.596      ,2.404       ,0.000       ,0.000          ,0.000       ,0.000       ,0.000       ,0.000       ,0.000       ,0.000       ,0.000       ,0.00000       ,5310          ,0.407           ,106.699       ,55.600              ,-0.194              ,0.000           ,24944.42383       ,0.00000               ,0.000         ,5.510         ,5.510         ,0.000         ,0.000         
16:11:03.067802     ,0.883       ,0.000       ,19.995      ,17.070      ,17.070      ,14.596      ,2.474       ,0.000       ,0.000          ,0.000       ,0.000       ,0.000       ,0.000       ,0.000       ,0.000       ,0.000       ,0.00000       ,5337          ,0.409           ,109.072       ,55.200              ,-0.193              ,0.000           ,24944.43359       ,0.00000               ,0.000         ,5.520         ,5.520         ,0.000         ,-0.001        
16:11:03.075956     ,0.883       ,0.000       ,19.995      ,17.060      ,17.060      ,14.596      ,2.464       ,0.000       ,0.000          ,0.000       ,0.000       ,0.000       ,0.000       ,0.000       ,0.000       ,0.000       ,0.00000       ,5363          ,0.411           ,111.357       ,55.000              ,-0.192              ,0.000           ,24944.43555       ,0.00000               ,0.000         ,5.520         ,5.520         ,0.000         ,-0.001        
16:11:03.093684     ,0.883       ,0.000       ,19.962      ,17.040      ,17.040      ,14.596      ,2.444       ,0.000       ,0.000          ,0.000       ,0.000       ,0.000       ,0.000       ,0.000       ,0.000       ,0.000       ,0.00000       ,5390          ,0.413           ,113.730       ,55.000              ,-0.192              ,0.000           ,24944.45117       ,0.00000               ,0.000         ,5.520         ,5.520         ,0.000         ,0.001         
16:11:03.105926     ,0.883       ,0.000       ,19.962      ,17.150      ,17.150      ,14.596      ,2.554       ,0.000       ,0.000          ,0.000       ,0.000       ,0.000       ,0.000       ,0.000       ,0.000       ,0.000       ,0.00000       ,5416          ,0.415           ,116.016       ,55.000              ,-0.192              ,0.000           ,24944.46289       ,0.00000               ,0.000         ,5.530         ,5.530         ,0.000         ,0.000         
16:11:03.119851     ,0.883       ,0.000       ,19.962      ,17.100      ,17.100      ,14.596      ,2.504       ,0.000       ,0.000          ,0.000       ,0.000       ,0.000       ,0.000       ,0.000       ,0.000       ,0.000       ,0.00000       ,5469          ,0.419           ,120.674       ,55.000              ,-0.192              ,0.000           ,24944.47852       ,0.00000               ,0.000         ,5.530         ,5.530         ,0.000         ,-0.001        
16:11:03.127211     ,0.883       ,0.000       ,19.962      ,17.060      ,17.060      ,14.596      ,2.464       ,0.000       ,0.000          ,0.000       ,0.000       ,0.000       ,0.000       ,0.000       ,0.000       ,0.000       ,0.00000       ,5495          ,0.421           ,122.959       ,55.000              ,-0.192              ,0.000           ,24944.48633       ,0.00000               ,0.000         ,5.530         ,5.530         ,0.000         ,-0.001        
16:11:03.135974     ,0.883       ,0.000       ,19.962      ,17.080      ,17.080      ,14.596      ,2.484       ,0.000       ,0.000          ,0.000       ,0.000       ,0.000       ,0.000       ,0.000       ,0.000       ,0.000       ,0.00000       ,5522          ,0.424           ,125.332       ,55.000              ,-0.192              ,0.000           ,24944.48828       ,0.00000               ,0.000         ,5.530         ,5.530         ,0.000         ,0.000         
16:11:03.149474     ,0.883       ,0.000       ,19.962      ,17.100      ,17.100      ,14.596      ,2.504       ,0.000       ,0.000          ,0.000       ,0.000       ,0.000       ,0.000       ,0.000       ,0.000       ,0.000       ,0.00000       ,5548          ,0.426           ,127.617       ,54.600              ,-0.191              ,0.000           ,24944.50000       ,0.00000               ,0.000         ,5.530         ,5.530         ,0.000         ,0.000         
16:11:03.155974     ,0.883       ,0.000       ,19.962      ,17.040      ,17.040      ,14.596      ,2.444       ,0.000       ,0.000          ,0.000       ,0.000       ,0.000       ,0.000       ,0.000       ,0.000       ,0.000       ,0.00000       ,5574          ,0.428           ,129.902       ,53.600              ,-0.187              ,0.000           ,24944.50391       ,0.00000               ,0.000         ,5.530         ,5.530         ,0.000         ,-0.001        
16:11:03.169610     ,0.883       ,0.000       ,19.962      ,17.040      ,17.040      ,14.596      ,2.444       ,0.000       ,0.000          ,0.000       ,0.000       ,0.000       ,0.000       ,0.000       ,0.000       ,0.000       ,0.00000       ,5601          ,0.430           ,132.275       ,52.800              ,-0.184              ,0.000           ,24944.51562       ,0.00000               ,0.000         ,5.530         ,5.530         ,0.000         ,-0.001        
16:11:03.175913     ,0.883       ,0.000       ,19.962      ,17.200      ,17.200      ,14.596      ,2.604       ,0.000       ,0.000          ,0.000       ,0.000       ,0.000       ,0.000       ,0.000       ,0.000       ,0.000       ,0.00000       ,5627          ,0.432           ,134.561       ,51.600              ,-0.180              ,0.000           ,24944.51953       ,0.00000               ,0.000         ,5.530         ,5.530         ,0.000         ,-0.001        
16:11:03.189858     ,0.883       ,0.000       ,19.962      ,17.180      ,17.180      ,14.596      ,2.584       ,0.000       ,0.000          ,0.000       ,0.000       ,0.000       ,0.000       ,0.000       ,0.000       ,0.000       ,0.00000       ,5654          ,0.434           ,136.934       ,51.200              ,-0.179              ,0.000           ,24944.53516       ,0.00000               ,0.000         ,5.530         ,5.530         ,0.000         ,0.000         
16:11:03.201969     ,0.881       ,0.000       ,19.979      ,17.060      ,17.060      ,14.596      ,2.464       ,0.000       ,0.000          ,0.000       ,0.000       ,0.000       ,0.000       ,0.000       ,0.000       ,0.000       ,0.00000       ,5680          ,0.436           ,139.219       ,51.400              ,-0.179              ,0.000           ,24944.54492       ,0.00000               ,0.000         ,5.540         ,5.540         ,0.000         ,-0.001        
16:11:03.215915     ,0.881       ,0.000       ,19.979      ,17.190      ,17.190      ,14.596      ,2.594       ,0.000       ,0.000          ,0.000       ,0.000       ,0.000       ,0.000       ,0.000       ,0.000       ,0.000       ,0.00000       ,5733          ,0.440           ,143.877       ,52.000              ,-0.182              ,0.000           ,24944.55273       ,0.00000               ,0.000         ,5.540         ,5.540         ,0.000         ,0.000         
16:11:03.228023     ,0.881       ,0.000       ,19.979      ,17.120      ,17.120      ,14.596      ,2.524       ,0.000       ,0.000          ,0.000       ,0.000       ,0.000       ,0.000       ,0.000       ,0.000       ,0.000       ,0.00000       ,5759          ,0.442           ,146.162       ,52.200              ,-0.182              ,0.000           ,24944.57031       ,0.00000               ,0.000         ,5.540         ,5.540         ,0.000         ,0.000         
16:11:03.235913     ,0.881       ,0.000       ,19.979      ,17.010      ,17.010      ,14.596      ,2.414       ,0.000       ,0.000          ,0.000       ,0.000       ,0.000       ,0.000       ,0.000       ,0.000       ,0.000       ,0.00000       ,5786          ,0.444           ,148.535       ,52.800              ,-0.184              ,0.000           ,24944.57422       ,0.00000               ,0.000         ,5.540         ,5.540         ,0.000         ,-0.001        
16:11:03.249239     ,0.881       ,0.000       ,19.979      ,17.060      ,17.060      ,14.596      ,2.464       ,0.000       ,0.000          ,0.000       ,0.000       ,0.000       ,0.000       ,0.000       ,0.000       ,0.000       ,0.00000       ,5812          ,0.446           ,150.820       ,53.000              ,-0.185              ,0.000           ,24944.58984       ,0.00000               ,0.000         ,5.540         ,5.540         ,0.000         ,0.000         
16:11:03.255911     ,0.881       ,0.000       ,19.979      ,17.130      ,17.130      ,14.596      ,2.534       ,0.000       ,0.000          ,0.000       ,0.000       ,0.000       ,0.000       ,0.000       ,0.000       ,0.000       ,0.00000       ,5838          ,0.448           ,153.105       ,53.000              ,-0.185              ,0.000           ,24944.59375       ,0.00000               ,0.000         ,5.540         ,5.540         ,0.000         ,0.000         
16:11:03.270385     ,0.881       ,0.000       ,19.979      ,17.070      ,17.070      ,14.596      ,2.474       ,0.000       ,0.000          ,0.000       ,0.000       ,0.000       ,0.000       ,0.000       ,0.000       ,0.000       ,0.00000       ,5865          ,0.450           ,155.479       ,53.200              ,-0.186              ,0.000           ,24944.60742       ,0.00000               ,0.000         ,5.540         ,5.540         ,0.000         ,0.000         
16:11:03.277858     ,0.881       ,0.000       ,19.979      ,17.030      ,17.030      ,14.596      ,2.434       ,0.000       ,0.000          ,0.000       ,0.000       ,0.000       ,0.000       ,0.000       ,0.000       ,0.000       ,0.00000       ,5891          ,0.452           ,157.764       ,53.600              ,-0.187              ,0.000           ,24944.61719       ,0.00000               ,0.000         ,5.550         ,5.550         ,0.000         ,-0.001        
16:11:03.286557     ,0.881       ,0.000       ,19.979      ,17.070      ,17.070      ,14.596      ,2.474       ,0.000       ,0.000          ,0.000       ,0.000       ,0.000       ,0.000       ,0.000       ,0.000       ,0.000       ,0.00000       ,5918          ,0.454           ,160.137       ,54.000              ,-0.188              ,0.000           ,24944.62695       ,0.00000               ,0.000         ,5.550         ,5.550         ,0.000         ,-0.001        
16:11:03.295980     ,0.881       ,0.000       ,19.979      ,17.030      ,17.030      ,14.596      ,2.434       ,0.000       ,0.000          ,0.000       ,0.000       ,0.000       ,0.000       ,0.000       ,0.000       ,0.000       ,0.00000       ,5944          ,0.456           ,162.422       ,54.000              ,-0.188              ,0.000           ,24944.62891       ,0.00000               ,0.000         ,5.550         ,5.550         ,0.000         ,0.000         
16:11:03.310276     ,0.881       ,0.000       ,19.962      ,16.980      ,16.980      ,14.596      ,2.384       ,0.000       ,0.000          ,0.000       ,0.000       ,0.000       ,0.000       ,0.000       ,0.000       ,0.000       ,0.00000       ,5971          ,0.458           ,164.795       ,54.000              ,-0.188              ,0.000           ,24944.64648       ,0.00000               ,0.000         ,5.550         ,5.550         ,0.000         ,0.000         
16:11:03.325910     ,0.881       ,0.000       ,19.962      ,16.960      ,16.960      ,14.596      ,2.364       ,0.000       ,0.000          ,0.000       ,0.000       ,0.000       ,0.000       ,0.000       ,0.000       ,0.000       ,0.00000       ,5997          ,0.460           ,167.080       ,54.600              ,-0.191              ,0.000           ,24944.65430       ,0.00000               ,0.000         ,5.560         ,5.560         ,0.000         ,0.000         
16:11:03.338235     ,0.881       ,0.000       ,19.962      ,17.130      ,17.130      ,14.596      ,2.534       ,0.000       ,0.000          ,0.000       ,0.000       ,0.000       ,0.000       ,0.000       ,0.000       ,0.000       ,0.00000       ,6051          ,0.464           ,171.826       ,55.000              ,-0.192              ,0.000           ,24944.67383       ,0.00000               ,0.000         ,5.560         ,5.560         ,0.000         ,0.000         
16:11:03.345925     ,0.881       ,0.000       ,19.962      ,17.040      ,17.040      ,14.596      ,2.444       ,0.000       ,0.000          ,0.000       ,0.000       ,0.000       ,0.000       ,0.000       ,0.000       ,0.000       ,0.00000       ,6077          ,0.466           ,174.111       ,55.000              ,-0.192              ,0.000           ,24944.67773       ,0.00000               ,0.000         ,5.570         ,5.570         ,0.000         ,-0.001        
16:11:03.365907     ,0.881       ,0.000       ,19.962      ,17.070      ,17.070      ,14.596      ,2.474       ,0.000       ,0.000          ,0.000       ,0.000       ,0.000       ,0.000       ,0.000       ,0.000       ,0.000       ,0.00000       ,6104          ,0.468           ,176.484       ,55.000              ,-0.192              ,0.000           ,24944.69336       ,0.00000               ,0.000         ,5.580         ,5.580         ,0.000         ,0.000         
16:11:03.375923     ,0.881       ,0.000       ,19.962      ,17.130      ,17.130      ,14.596      ,2.534       ,0.000       ,0.000          ,0.000       ,0.000       ,0.000       ,0.000       ,0.000       ,0.000       ,0.000       ,0.00000       ,6130          ,0.470           ,178.770       ,55.000              ,-0.192              ,0.000           ,24944.70312       ,0.00000               ,0.000         ,5.580         ,5.580         ,0.000         ,0.000         
16:11:03.391150     ,0.881       ,0.000       ,19.962      ,17.060      ,17.060      ,14.596      ,2.464       ,0.000       ,0.000          ,0.000       ,0.000       ,0.000       ,0.000       ,0.000       ,0.000       ,0.000       ,0.00000       ,6183          ,0.474           ,183.428       ,55.000              ,-0.192              ,0.000           ,24944.72070       ,0.00000               ,0.000         ,5.580         ,5.580         ,0.000         ,0.001         
16:11:03.397628     ,0.881       ,0.000       ,19.962      ,17.030      ,17.030      ,14.596      ,2.434       ,0.000       ,0.000          ,0.000       ,0.000       ,0.000       ,0.000       ,0.000       ,0.000       ,0.000       ,0.00000       ,6209          ,0.476           ,185.713       ,55.000              ,-0.192              ,0.000           ,24944.73047       ,0.00000               ,0.000         ,5.590         ,5.590         ,0.000         ,-0.001        
16:11:03.405913     ,0.881       ,0.000       ,19.962      ,17.060      ,17.060      ,14.596      ,2.464       ,0.000       ,0.000          ,0.000       ,0.000       ,0.000       ,0.000       ,0.000       ,0.000       ,0.000       ,0.00000       ,6236          ,0.478           ,188.086       ,55.000              ,-0.192              ,0.000           ,24944.73047       ,0.00000               ,0.000         ,5.590         ,5.590         ,0.000         ,0.000         
16:11:03.419807     ,0.881       ,0.000       ,19.962      ,17.000      ,17.000      ,14.596      ,2.404       ,0.000       ,0.000          ,0.000       ,0.000       ,0.000       ,0.000       ,0.000       ,0.000       ,0.000       ,0.00000       ,6262          ,0.480           ,190.371       ,55.000              ,-0.192              ,0.000           ,24944.74805       ,0.00000               ,0.000         ,5.590         ,5.590         ,0.000         ,0.000         
16:11:03.430799     ,0.881       ,0.000       ,19.962      ,17.020      ,17.020      ,14.596      ,2.424       ,0.000       ,0.000          ,0.000       ,0.000       ,0.000       ,0.000       ,0.000       ,0.000       ,0.000       ,0.00000       ,6288          ,0.482           ,192.656       ,55.000              ,-0.192              ,0.000           ,24944.75586       ,0.00000               ,0.000         ,5.600         ,5.600         ,0.000         ,-0.001        
16:11:03.445920     ,0.881       ,0.000       ,19.962      ,17.070      ,17.070      ,14.596      ,2.474       ,0.000       ,0.000          ,0.000       ,0.000       ,0.000       ,0.000       ,0.000       ,0.000       ,0.000       ,0.00000       ,6341          ,0.486           ,197.314       ,55.000              ,-0.192              ,0.000           ,24944.76562       ,0.00000               ,0.000         ,5.600         ,5.600         ,0.000         ,-0.001        
16:11:03.456734     ,0.881       ,0.000       ,19.962      ,17.080      ,17.080      ,14.596      ,2.484       ,0.000       ,0.000          ,0.000       ,0.000       ,0.000       ,0.000       ,0.000       ,0.000       ,0.000       ,0.00000       ,6367          ,0.488           ,199.600       ,55.000              ,-0.192              ,0.000           ,24944.78320       ,0.00000               ,0.000         ,5.610         ,5.610         ,0.000         ,-0.001        
16:11:03.465973     ,0.881       ,0.000       ,19.962      ,17.120      ,17.120      ,14.596      ,2.524       ,0.000       ,0.000          ,0.000       ,0.000       ,0.000       ,0.000       ,0.000       ,0.000       ,0.000       ,0.00000       ,6393          ,0.490           ,201.885       ,55.000              ,-0.192              ,0.000           ,24944.78516       ,0.00000               ,0.000         ,5.610         ,5.610         ,0.000         ,0.000         
16:11:03.477764     ,0.881       ,0.000       ,19.962      ,17.210      ,17.210      ,14.596      ,2.614       ,0.000       ,0.000          ,0.000       ,0.000       ,0.000       ,0.000       ,0.000       ,0.000       ,0.000       ,0.00000       ,6419          ,0.492           ,204.170       ,55.000              ,-0.192              ,0.000           ,24944.80273       ,0.00000               ,0.000         ,5.610         ,5.610         ,0.000         ,-0.001        
16:11:03.485914     ,0.881       ,0.000       ,19.962      ,17.190      ,17.190      ,14.596      ,2.594       ,0.000       ,0.000          ,0.000       ,0.000       ,0.000       ,0.000       ,0.000       ,0.000       ,0.000       ,0.00000       ,6445          ,0.494           ,206.455       ,55.000              ,-0.192              ,0.000           ,24944.80469       ,0.00000               ,0.000         ,5.610         ,5.610         ,0.000         ,-0.003        
16:11:03.500009     ,0.881       ,0.000       ,19.962      ,17.100      ,17.100      ,14.596      ,2.504       ,0.000       ,0.000          ,0.000       ,0.000       ,0.000       ,0.000       ,0.000       ,0.000       ,0.000       ,0.00000       ,6470          ,0.496           ,208.652       ,55.000              ,-0.192              ,0.000           ,24944.82031       ,0.00000               ,0.000         ,5.620         ,5.620         ,0.000         ,0.000         
16:11:03.508519     ,0.881       ,0.000       ,19.962      ,17.150      ,17.150      ,14.596      ,2.554       ,0.000       ,0.000          ,0.000       ,0.000       ,0.000       ,0.000       ,0.000       ,0.000       ,0.000       ,0.00000       ,6496          ,0.498           ,210.938       ,55.000              ,-0.192              ,0.000           ,24944.82812       ,0.00000               ,0.000         ,5.620         ,5.620         ,0.000         ,-0.001        
16:11:03.516059     ,0.881       ,0.000       ,19.962      ,17.180      ,17.180      ,14.596      ,2.584       ,0.000       ,0.000          ,0.000       ,0.000       ,0.000       ,0.000       ,0.000       ,0.000       ,0.000       ,0.00000       ,6521          ,0.500           ,213.135       ,55.000              ,-0.192              ,0.000           ,24944.83203       ,0.00000               ,0.000         ,5.620         ,5.620         ,0.000         ,-0.001        
16:11:03.525941     ,0.881       ,0.000       ,19.962      ,17.080      ,17.080      ,14.596      ,2.484       ,0.000       ,0.000          ,0.000       ,0.000       ,0.000       ,0.000       ,0.000       ,0.000       ,0.000       ,0.00000       ,6546          ,0.502           ,215.332       ,55.000              ,-0.192              ,0.000           ,24944.83984       ,0.00000               ,0.000         ,5.620         ,5.620         ,0.000         ,0.000         
16:11:03.539681     ,0.878       ,0.000       ,19.979      ,16.910      ,16.910      ,14.596      ,2.314       ,0.000       ,0.000          ,0.000       ,0.000       ,0.000       ,0.000       ,0.000       ,0.000       ,0.000       ,0.00000       ,6571          ,0.504           ,217.529       ,55.000              ,-0.192              ,0.000           ,24944.85156       ,0.00000               ,0.000         ,5.620         ,5.620         ,0.000         ,-0.001        
16:11:03.551083     ,0.878       ,0.000       ,19.979      ,16.920      ,16.920      ,14.596      ,2.324       ,0.000       ,0.000          ,0.000       ,0.000       ,0.000       ,0.000       ,0.000       ,0.000       ,0.000       ,0.00000       ,6596          ,0.506           ,219.727       ,54.600              ,-0.191              ,0.000           ,24944.86523       ,0.00000               ,0.000         ,5.620         ,5.620         ,0.000         ,-0.003        
16:11:03.557381     ,0.878       ,0.000       ,19.979      ,17.040      ,17.040      ,14.596      ,2.444       ,0.000       ,0.000          ,0.000       ,0.000       ,0.000       ,0.000       ,0.000       ,0.000       ,0.000       ,0.00000       ,6621          ,0.508           ,221.924       ,54.200              ,-0.189              ,0.000           ,24944.87305       ,0.00000               ,0.000         ,5.620         ,5.620         ,0.000         ,-0.001        
16:11:03.565906     ,0.878       ,0.000       ,19.979      ,17.030      ,17.030      ,14.596      ,2.434       ,0.000       ,0.000          ,0.000       ,0.000       ,0.000       ,0.000       ,0.000       ,0.000       ,0.000       ,0.00000       ,6646          ,0.510           ,224.121       ,54.000              ,-0.188              ,0.000           ,24944.87695       ,0.00000               ,0.000         ,5.620         ,5.620         ,0.000         ,0.000         
16:11:03.580628     ,0.878       ,0.000       ,19.979      ,16.890      ,16.890      ,14.596      ,2.294       ,0.000       ,0.000          ,0.000       ,0.000       ,0.000       ,0.000       ,0.000       ,0.000       ,0.000       ,0.00000       ,6671          ,0.512           ,226.318       ,54.000              ,-0.188              ,0.000           ,24944.89258       ,0.00000               ,0.000         ,5.620         ,5.620         ,0.000         ,-0.001        
16:11:03.587964     ,0.878       ,0.000       ,19.979      ,16.870      ,16.870      ,14.596      ,2.274       ,0.000       ,0.000          ,0.000       ,0.000       ,0.000       ,0.000       ,0.000       ,0.000       ,0.000       ,0.00000       ,6696          ,0.514           ,228.516       ,54.000              ,-0.188              ,0.000           ,24944.90039       ,0.00000               ,0.000         ,5.620         ,5.620         ,0.000         ,0.000         
16:11:03.595916     ,0.878       ,0.000       ,19.979      ,16.980      ,16.980      ,14.596      ,2.384       ,0.000       ,0.000          ,0.000       ,0.000       ,0.000       ,0.000       ,0.000       ,0.000       ,0.000       ,0.00000       ,6721          ,0.515           ,230.713       ,54.000              ,-0.188              ,0.000           ,24944.90430       ,0.00000               ,0.000         ,5.620         ,5.620         ,0.000         ,0.001         
16:11:03.611091     ,0.878       ,0.000       ,19.979      ,16.970      ,16.970      ,14.596      ,2.374       ,0.000       ,0.000          ,0.000       ,0.000       ,0.000       ,0.000       ,0.000       ,0.000       ,0.000       ,0.00000       ,6746          ,0.517           ,232.910       ,54.000              ,-0.188              ,0.000           ,24944.91797       ,0.00000               ,0.000         ,5.620         ,5.620         ,0.000         ,0.000         
16:11:03.617543     ,0.878       ,0.000       ,19.979      ,16.900      ,16.900      ,14.596      ,2.304       ,0.000       ,0.000          ,0.000       ,0.000       ,0.000       ,0.000       ,0.000       ,0.000       ,0.000       ,0.00000       ,6771          ,0.519           ,235.107       ,54.000              ,-0.188              ,0.000           ,24944.92773       ,0.00000               ,0.000         ,5.620         ,5.620         ,0.000         ,-0.001        
16:11:03.625973     ,0.878       ,0.000       ,19.979      ,16.910      ,16.910      ,14.596      ,2.314       ,0.000       ,0.000          ,0.000       ,0.000       ,0.000       ,0.000       ,0.000       ,0.000       ,0.000       ,0.00000       ,6797          ,0.521           ,237.393       ,54.000              ,-0.188              ,0.000           ,24944.92969       ,0.00000               ,0.000         ,5.620         ,5.620         ,0.000         ,-0.001        
16:11:03.644137     ,0.881       ,0.000       ,19.962      ,16.970      ,16.970      ,14.596      ,2.374       ,0.000       ,0.000          ,0.000       ,0.000       ,0.000       ,0.000       ,0.000       ,0.000       ,0.000       ,0.00000       ,6822          ,0.523           ,239.590       ,54.000              ,-0.188              ,0.000           ,24944.94531       ,0.00000               ,0.000         ,5.620         ,5.620         ,0.000         ,-0.001        
16:11:03.656528     ,0.881       ,0.000       ,19.962      ,16.910      ,16.910      ,14.596      ,2.314       ,0.000       ,0.000          ,0.000       ,0.000       ,0.000       ,0.000       ,0.000       ,0.000       ,0.000       ,0.00000       ,6873          ,0.527           ,244.072       ,54.000              ,-0.188              ,0.000           ,24944.95898       ,0.00000               ,0.000         ,5.620         ,5.620         ,0.000         ,0.000         
16:11:03.665912     ,0.881       ,0.000       ,19.962      ,16.900      ,16.900      ,14.596      ,2.304       ,0.000       ,0.000          ,0.000       ,0.000       ,0.000       ,0.000       ,0.000       ,0.000       ,0.000       ,0.00000       ,6899          ,0.529           ,246.357       ,54.000              ,-0.188              ,0.000           ,24944.96484       ,0.00000               ,0.000         ,5.620         ,5.620         ,0.000         ,0.000         
16:11:03.675943     ,0.881       ,0.000       ,19.962      ,16.930      ,16.930      ,14.596      ,2.334       ,0.000       ,0.000          ,0.000       ,0.000       ,0.000       ,0.000       ,0.000       ,0.000       ,0.000       ,0.00000       ,6899          ,0.529           ,246.357       ,54.000              ,-0.188              ,0.000           ,24944.97656       ,0.00000               ,0.000         ,5.620         ,5.620         ,0.000         ,0.000         
16:11:03.690376     ,0.881       ,0.000       ,19.962      ,16.930      ,16.930      ,14.596      ,2.334       ,0.000       ,0.000          ,0.000       ,0.000       ,0.000       ,0.000       ,0.000       ,0.000       ,0.000       ,0.00000       ,6950          ,0.533           ,250.840       ,54.000              ,-0.188              ,0.000           ,24944.99219       ,0.00000               ,0.000         ,5.620         ,5.620         ,0.000         ,0.000         
16:11:03.696857     ,0.881       ,0.000       ,19.962      ,16.930      ,16.930      ,14.596      ,2.334       ,0.000       ,0.000          ,0.000       ,0.000       ,0.000       ,0.000       ,0.000       ,0.000       ,0.000       ,0.00000       ,6976          ,0.535           ,253.125       ,54.000              ,-0.188              ,0.000           ,24945.00000       ,0.00000               ,0.000         ,5.620         ,5.620         ,0.000         ,-0.001        
16:11:03.705905     ,0.881       ,0.000       ,19.962      ,16.910      ,16.910      ,14.596      ,2.314       ,0.000       ,0.000          ,0.000       ,0.000       ,0.000       ,0.000       ,0.000       ,0.000       ,0.000       ,0.00000       ,7001          ,0.537           ,255.322       ,54.000              ,-0.188              ,0.000           ,24945.00195       ,0.00000               ,0.000         ,5.620         ,5.620         ,0.000         ,-0.001        
16:11:03.719111     ,0.881       ,0.000       ,19.962      ,16.920      ,16.920      ,14.596      ,2.324       ,0.000       ,0.000          ,0.000       ,0.000       ,0.000       ,0.000       ,0.000       ,0.000       ,0.000       ,0.00000       ,7026          ,0.539           ,257.520       ,54.000              ,-0.188              ,0.000           ,24945.01758       ,0.00000               ,0.000         ,5.620         ,5.620         ,0.000         ,0.000         
16:11:03.727578     ,0.881       ,0.000       ,19.962      ,16.950      ,16.950      ,14.596      ,2.354       ,0.000       ,0.000          ,0.000       ,0.000       ,0.000       ,0.000       ,0.000       ,0.000       ,0.000       ,0.00000       ,7051          ,0.541           ,259.717       ,54.000              ,-0.188              ,0.000           ,24945.02734       ,0.00000               ,0.000         ,5.630         ,5.630         ,0.000         ,0.000         
16:11:03.735905     ,0.881       ,0.000       ,19.962      ,16.970      ,16.970      ,14.596      ,2.374       ,0.000       ,0.000          ,0.000       ,0.000       ,0.000       ,0.000       ,0.000       ,0.000       ,0.000       ,0.00000       ,7076          ,0.543           ,261.914       ,54.000              ,-0.188              ,0.000           ,24945.02930       ,0.00000               ,0.000         ,5.630         ,5.630         ,0.000         ,0.000         
16:11:03.751122     ,0.883       ,0.000       ,19.962      ,16.930      ,16.930      ,14.596      ,2.334       ,0.000       ,0.000          ,0.000       ,0.000       ,0.000       ,0.000       ,0.000       ,0.000       ,0.000       ,0.00000       ,7100          ,0.545           ,264.023       ,54.000              ,-0.188              ,0.000           ,24945.04297       ,0.00000               ,0.000         ,5.630         ,5.630         ,0.000         ,-0.001        
16:11:03.765905     ,0.883       ,0.000       ,19.962      ,16.930      ,16.930      ,14.596      ,2.334       ,0.000       ,0.000          ,0.000       ,0.000       ,0.000       ,0.000       ,0.000       ,0.000       ,0.000       ,0.00000       ,7148          ,0.548           ,268.242       ,53.400              ,-0.186              ,0.000           ,24945.05273       ,0.00000               ,0.000         ,5.630         ,5.630         ,0.000         ,0.000         
16:11:03.777630     ,0.883       ,0.000       ,19.962      ,16.970      ,16.970      ,14.596      ,2.374       ,0.000       ,0.000          ,0.000       ,0.000       ,0.000       ,0.000       ,0.000       ,0.000       ,0.000       ,0.00000       ,7172          ,0.550           ,270.352       ,53.000              ,-0.185              ,0.000           ,24945.06836       ,0.00000               ,0.000         ,5.640         ,5.640         ,0.000         ,0.000         
16:11:03.788057     ,0.883       ,0.000       ,19.962      ,16.950      ,16.950      ,14.596      ,2.354       ,0.000       ,0.000          ,0.000       ,0.000       ,0.000       ,0.000       ,0.000       ,0.000       ,0.000       ,0.00000       ,7196          ,0.552           ,272.461       ,53.000              ,-0.185              ,0.000           ,24945.07617       ,0.00000               ,0.000         ,5.640         ,5.640         ,0.000         ,-0.001        
16:11:03.795904     ,0.883       ,0.000       ,19.962      ,16.900      ,16.900      ,14.596      ,2.304       ,0.000       ,0.000          ,0.000       ,0.000       ,0.000       ,0.000       ,0.000       ,0.000       ,0.000       ,0.00000       ,7220          ,0.554           ,274.570       ,52.600              ,-0.184              ,0.000           ,24945.08008       ,0.00000               ,0.000         ,5.640         ,5.640         ,0.000         ,-0.001        
16:11:03.810318     ,0.883       ,0.000       ,19.962      ,16.890      ,16.890      ,14.596      ,2.294       ,0.000       ,0.000          ,0.000       ,0.000       ,0.000       ,0.000       ,0.000       ,0.000       ,0.000       ,0.00000       ,7243          ,0.556           ,276.592       ,52.200              ,-0.182              ,0.000           ,24945.09375       ,0.00000               ,0.000         ,5.640         ,5.640         ,0.000         ,-0.003        
16:11:03.817623     ,0.883       ,0.000       ,19.962      ,16.970      ,16.970      ,14.596      ,2.374       ,0.000       ,0.000          ,0.000       ,0.000       ,0.000       ,0.000       ,0.000       ,0.000       ,0.000       ,0.00000       ,7266          ,0.557           ,278.613       ,52.000              ,-0.182              ,0.000           ,24945.10156       ,0.00000               ,0.000         ,5.650         ,5.650         ,0.000         ,-0.001        
16:11:03.826074     ,0.883       ,0.000       ,19.962      ,16.960      ,16.960      ,14.596      ,2.364       ,0.000       ,0.000          ,0.000       ,0.000       ,0.000       ,0.000       ,0.000       ,0.000       ,0.000       ,0.00000       ,7289          ,0.559           ,280.635       ,51.600              ,-0.180              ,0.000           ,24945.10352       ,0.00000               ,0.000         ,5.650         ,5.650         ,0.000         ,0.000         
16:11:03.838893     ,0.883       ,0.000       ,19.962      ,16.930      ,16.930      ,14.596      ,2.334       ,0.000       ,0.000          ,0.000       ,0.000       ,0.000       ,0.000       ,0.000       ,0.000       ,0.000       ,0.00000       ,7311          ,0.561           ,282.568       ,51.200              ,-0.179              ,0.000           ,24945.11719       ,0.00000               ,0.000         ,5.650         ,5.650         ,0.000         ,-0.001        
16:11:03.846245     ,0.883       ,0.000       ,19.962      ,16.930      ,16.930      ,14.596      ,2.334       ,0.000       ,0.000          ,0.000       ,0.000       ,0.000       ,0.000       ,0.000       ,0.000       ,0.000       ,0.00000       ,7334          ,0.563           ,284.590       ,51.000              ,-0.178              ,0.000           ,24945.11914       ,0.00000               ,0.000         ,5.660         ,5.660         ,0.000         ,0.000         
16:11:03.859491     ,0.879       ,0.000       ,20.028      ,16.980      ,16.980      ,14.596      ,2.384       ,0.000       ,0.000          ,0.000       ,0.000       ,0.000       ,0.000       ,0.000       ,0.000       ,0.000       ,0.00000       ,7356          ,0.564           ,286.523       ,51.000              ,-0.178              ,0.000           ,24945.12695       ,0.00000               ,0.000         ,5.660         ,5.660         ,0.000         ,0.000         
16:11:03.866420     ,0.879       ,0.000       ,20.028      ,16.950      ,16.950      ,14.596      ,2.354       ,0.000       ,0.000          ,0.000       ,0.000       ,0.000       ,0.000       ,0.000       ,0.000       ,0.000       ,0.00000       ,7378          ,0.566           ,288.457       ,50.600              ,-0.177              ,0.000           ,24945.14062       ,0.00000               ,0.000         ,5.660         ,5.660         ,0.000         ,-0.001        
16:11:03.875959     ,0.879       ,0.000       ,20.028      ,16.890      ,16.890      ,14.596      ,2.294       ,0.000       ,0.000          ,0.000       ,0.000       ,0.000       ,0.000       ,0.000       ,0.000       ,0.000       ,0.00000       ,7399          ,0.567           ,290.303       ,50.200              ,-0.175              ,0.000           ,24945.14258       ,0.00000               ,0.000         ,5.670         ,5.670         ,0.000         ,0.000         
16:11:03.885900     ,0.879       ,0.000       ,20.028      ,16.910      ,16.910      ,14.596      ,2.314       ,0.000       ,0.000          ,0.000       ,0.000       ,0.000       ,0.000       ,0.000       ,0.000       ,0.000       ,0.00000       ,7420          ,0.569           ,292.148       ,49.600              ,-0.173              ,0.000           ,24945.14844       ,0.00000               ,0.000         ,5.670         ,5.670         ,0.000         ,-0.001        
16:11:03.897076     ,0.879       ,0.000       ,20.028      ,16.920      ,16.920      ,14.596      ,2.324       ,0.000       ,0.000          ,0.000       ,0.000       ,0.000       ,0.000       ,0.000       ,0.000       ,0.000       ,0.00000       ,7441          ,0.571           ,293.994       ,49.200              ,-0.172              ,0.000           ,24945.16406       ,0.00000               ,0.000         ,5.670         ,5.670         ,0.000         ,-0.001        
16:11:03.905896     ,0.879       ,0.000       ,20.028      ,16.900      ,16.900      ,14.596      ,2.304       ,0.000       ,0.000          ,0.000       ,0.000       ,0.000       ,0.000       ,0.000       ,0.000       ,0.000       ,0.00000       ,7462          ,0.572           ,295.840       ,48.600              ,-0.170              ,0.000           ,24945.16406       ,0.00000               ,0.000         ,5.680         ,5.680         ,0.000         ,-0.001        
16:11:03.919002     ,0.879       ,0.000       ,20.028      ,16.890      ,16.890      ,14.596      ,2.294       ,0.000       ,0.000          ,0.000       ,0.000       ,0.000       ,0.000       ,0.000       ,0.000       ,0.000       ,0.00000       ,7483          ,0.574           ,297.686       ,48.200              ,-0.168              ,0.000           ,24945.17773       ,0.00000               ,0.000         ,5.680         ,5.680         ,0.000         ,0.000         
16:11:03.926416     ,0.879       ,0.000       ,20.028      ,16.920      ,16.920      ,14.596      ,2.324       ,0.000       ,0.000          ,0.000       ,0.000       ,0.000       ,0.000       ,0.000       ,0.000       ,0.000       ,0.00000       ,7504          ,0.576           ,299.531       ,48.000              ,-0.168              ,0.000           ,24945.17969       ,0.00000               ,0.000         ,5.680         ,5.680         ,0.000         ,0.000         
16:11:03.935895     ,0.879       ,0.000       ,20.028      ,16.920      ,16.920      ,14.596      ,2.324       ,0.000       ,0.000          ,0.000       ,0.000       ,0.000       ,0.000       ,0.000       ,0.000       ,0.000       ,0.00000       ,7525          ,0.577           ,301.377       ,47.600              ,-0.166              ,0.000           ,24945.18359       ,0.00000               ,0.000         ,5.690         ,5.690         ,0.000         ,0.001         
16:11:03.955898     ,0.879       ,0.000       ,20.028      ,16.910      ,16.910      ,14.596      ,2.314       ,0.000       ,0.000          ,0.000       ,0.000       ,0.000       ,0.000       ,0.000       ,0.000       ,0.000       ,0.00000       ,7545          ,0.579           ,303.135       ,47.000              ,-0.164              ,0.000           ,24945.19922       ,0.00000               ,0.000         ,5.690         ,5.690         ,0.000         ,-0.001        
16:11:03.972837     ,0.879       ,0.000       ,19.962      ,16.900      ,16.900      ,14.596      ,2.304       ,0.000       ,0.000          ,0.000       ,0.000       ,0.000       ,0.000       ,0.000       ,0.000       ,0.000       ,0.00000       ,7586          ,0.582           ,306.738       ,46.400              ,-0.162              ,0.000           ,24945.20703       ,0.00000               ,0.000         ,5.700         ,5.700         ,0.000         ,-0.001        
16:11:03.979195     ,0.879       ,0.000       ,19.962      ,16.970      ,16.970      ,14.596      ,2.374       ,0.000       ,0.000          ,0.000       ,0.000       ,0.000       ,0.000       ,0.000       ,0.000       ,0.000       ,0.00000       ,7605          ,0.583           ,308.408       ,45.800              ,-0.160              ,0.000           ,24945.21875       ,0.00000               ,0.000         ,5.700         ,5.700         ,0.000         ,0.000         
16:11:03.995916     ,0.879       ,0.000       ,19.962      ,16.980      ,16.980      ,14.596      ,2.384       ,0.000       ,0.000          ,0.000       ,0.000       ,0.000       ,0.000       ,0.000       ,0.000       ,0.000       ,0.00000       ,7644          ,0.586           ,311.836       ,45.000              ,-0.157              ,0.000           ,24945.22656       ,0.00000               ,0.000         ,5.700         ,5.700         ,0.000         ,-0.001        
16:11:04.008849     ,0.879       ,0.000       ,19.962      ,17.000      ,17.000      ,14.596      ,2.404       ,0.000       ,0.000          ,0.000       ,0.000       ,0.000       ,0.000       ,0.000       ,0.000       ,0.000       ,0.00000       ,7663          ,0.588           ,313.506       ,44.800              ,-0.156              ,0.000           ,24945.23828       ,0.00000               ,0.000         ,5.710         ,5.710         ,0.000         ,0.000         
16:11:04.015907     ,0.879       ,0.000       ,19.962      ,17.000      ,17.000      ,14.596      ,2.404       ,0.000       ,0.000          ,0.000       ,0.000       ,0.000       ,0.000       ,0.000       ,0.000       ,0.000       ,0.00000       ,7682          ,0.589           ,315.176       ,44.200              ,-0.154              ,0.000           ,24945.24219       ,0.00000               ,0.000         ,5.710         ,5.710         ,0.000         ,0.000         
16:11:04.030166     ,0.879       ,0.000       ,19.962      ,16.950      ,16.950      ,14.596      ,2.354       ,0.000       ,0.000          ,0.000       ,0.000       ,0.000       ,0.000       ,0.000       ,0.000       ,0.000       ,0.00000       ,7700          ,0.591           ,316.758       ,43.800              ,-0.153              ,0.000           ,24945.25195       ,0.00000               ,0.000         ,5.710         ,5.710         ,0.000         ,-0.008        
16:11:04.037800     ,0.879       ,0.000       ,19.962      ,16.920      ,16.920      ,14.596      ,2.324       ,0.000       ,0.000          ,0.000       ,0.000       ,0.000       ,0.000       ,0.000       ,0.000       ,0.000       ,0.00000       ,7719          ,0.592           ,318.428       ,43.400              ,-0.151              ,0.000           ,24945.25781       ,0.00000               ,0.000         ,5.710         ,5.710         ,0.000         ,-0.001        
16:11:04.046393     ,0.879       ,0.000       ,19.962      ,16.950      ,16.950      ,14.596      ,2.354       ,0.000       ,0.000          ,0.000       ,0.000       ,0.000       ,0.000       ,0.000       ,0.000       ,0.000       ,0.00000       ,7737          ,0.593           ,320.010       ,42.800              ,-0.149              ,0.000           ,24945.25977       ,0.00000               ,0.000         ,5.720         ,5.720         ,0.000         ,-0.001        
16:11:04.055908     ,0.879       ,0.000       ,19.962      ,16.930      ,16.930      ,14.596      ,2.334       ,0.000       ,0.000          ,0.000       ,0.000       ,0.000       ,0.000       ,0.000       ,0.000       ,0.000       ,0.00000       ,7754          ,0.595           ,321.504       ,42.200              ,-0.147              ,0.000           ,24945.26367       ,0.00000               ,0.000         ,5.720         ,5.720         ,0.000         ,-0.001        
16:11:04.068912     ,0.879       ,0.000       ,19.962      ,16.910      ,16.910      ,14.596      ,2.314       ,0.000       ,0.000          ,0.000       ,0.000       ,0.000       ,0.000       ,0.000       ,0.000       ,0.000       ,0.00000       ,7772          ,0.596           ,323.086       ,41.800              ,-0.146              ,0.000           ,24945.27734       ,0.00000               ,0.000         ,5.720         ,5.720         ,0.000         ,0.000         
16:11:04.080032     ,0.881       ,0.000       ,19.979      ,16.890      ,16.890      ,14.596      ,2.294       ,0.000       ,0.000          ,0.000       ,0.000       ,0.000       ,0.000       ,0.000       ,0.000       ,0.000       ,0.00000       ,7789          ,0.597           ,324.580       ,41.200              ,-0.144              ,0.000           ,24945.27930       ,0.00000               ,0.000         ,5.720         ,5.720         ,0.000         ,0.000         
16:11:04.095924     ,0.881       ,0.000       ,19.979      ,16.890      ,16.890      ,14.596      ,2.294       ,0.000       ,0.000          ,0.000       ,0.000       ,0.000       ,0.000       ,0.000       ,0.000       ,0.000       ,0.00000       ,7805          ,0.599           ,325.986       ,40.400              ,-0.141              ,0.000           ,24945.28711       ,0.00000               ,0.000         ,5.720         ,5.720         ,0.000         ,0.000         
16:11:04.109818     ,0.881       ,0.000       ,19.979      ,16.850      ,16.850      ,14.596      ,2.254       ,0.000       ,0.000          ,0.000       ,0.000       ,0.000       ,0.000       ,0.000       ,0.000       ,0.000       ,0.00000       ,7838          ,0.601           ,328.887       ,39.600              ,-0.138              ,0.000           ,24945.29688       ,0.00000               ,0.000         ,5.730         ,5.730         ,0.000         ,-0.001        
16:11:04.116165     ,0.881       ,0.000       ,19.979      ,16.840      ,16.840      ,14.596      ,2.244       ,0.000       ,0.000          ,0.000       ,0.000       ,0.000       ,0.000       ,0.000       ,0.000       ,0.000       ,0.00000       ,7853          ,0.602           ,330.205       ,39.000              ,-0.136              ,0.000           ,24945.30078       ,0.00000               ,0.000         ,5.730         ,5.730         ,0.000         ,-0.001        
16:11:04.125892     ,0.881       ,0.000       ,19.979      ,16.860      ,16.860      ,14.596      ,2.264       ,0.000       ,0.000          ,0.000       ,0.000       ,0.000       ,0.000       ,0.000       ,0.000       ,0.000       ,0.00000       ,7868          ,0.603           ,331.523       ,38.200              ,-0.133              ,0.000           ,24945.30469       ,0.00000               ,0.000         ,5.730         ,5.730         ,0.000         ,0.000         
16:11:04.136229     ,0.881       ,0.000       ,19.979      ,16.920      ,16.920      ,14.596      ,2.324       ,0.000       ,0.000          ,0.000       ,0.000       ,0.000       ,0.000       ,0.000       ,0.000       ,0.000       ,0.00000       ,7883          ,0.605           ,332.842       ,37.600              ,-0.131              ,0.000           ,24945.31055       ,0.00000               ,0.000         ,5.730         ,5.730         ,0.000         ,-0.003        
16:11:04.145909     ,0.881       ,0.000       ,19.979      ,16.910      ,16.910      ,14.596      ,2.314       ,0.000       ,0.000          ,0.000       ,0.000       ,0.000       ,0.000       ,0.000       ,0.000       ,0.000       ,0.00000       ,7897          ,0.606           ,334.072       ,37.000              ,-0.129              ,0.000           ,24945.31445       ,0.00000               ,0.000         ,5.730         ,5.730         ,0.000         ,0.000         
16:11:04.157355     ,0.881       ,0.000       ,19.979      ,16.870      ,16.870      ,14.596      ,2.274       ,0.000       ,0.000          ,0.000       ,0.000       ,0.000       ,0.000       ,0.000       ,0.000       ,0.000       ,0.00000       ,7911          ,0.607           ,335.303       ,36.400              ,-0.127              ,0.000           ,24945.32227       ,0.00000               ,0.000         ,5.740         ,5.740         ,0.000         ,-0.001        
16:11:04.175892     ,0.881       ,0.000       ,19.979      ,16.890      ,16.890      ,14.596      ,2.294       ,0.000       ,0.000          ,0.000       ,0.000       ,0.000       ,0.000       ,0.000       ,0.000       ,0.000       ,0.00000       ,7937          ,0.609           ,337.588       ,34.600              ,-0.121              ,0.000           ,24945.32617       ,0.00000               ,0.000         ,5.740         ,5.740         ,0.000         ,-0.003        
16:11:04.187956     ,0.881       ,0.000       ,19.979      ,16.870      ,16.870      ,14.596      ,2.274       ,0.000       ,0.000          ,0.000       ,0.000       ,0.000       ,0.000       ,0.000       ,0.000       ,0.000       ,0.00000       ,7948          ,0.610           ,338.555       ,34.000              ,-0.119              ,0.000           ,24945.33398       ,0.00000               ,0.000         ,5.740         ,5.740         ,0.000         ,0.000         
16:11:04.209355     ,0.879       ,0.000       ,20.011      ,16.860      ,16.860      ,14.596      ,2.264       ,0.000       ,0.000          ,0.000       ,0.000       ,0.000       ,0.000       ,0.000       ,0.000       ,0.000       ,0.00000       ,7960          ,0.611           ,339.609       ,32.400              ,-0.113              ,0.000           ,24945.33789       ,0.00000               ,0.000         ,5.740         ,5.740         ,0.000         ,-0.001        
16:11:04.217391     ,0.879       ,0.000       ,20.011      ,16.890      ,16.890      ,14.596      ,2.294       ,0.000       ,0.000          ,0.000       ,0.000       ,0.000       ,0.000       ,0.000       ,0.000       ,0.000       ,0.00000       ,7980          ,0.612           ,341.367       ,31.400              ,-0.110              ,0.000           ,24945.34375       ,0.00000               ,0.000         ,5.750         ,5.750         ,0.000         ,0.000         
16:11:04.225905     ,0.879       ,0.000       ,20.011      ,16.850      ,16.850      ,14.596      ,2.254       ,0.000       ,0.000          ,0.000       ,0.000       ,0.000       ,0.000       ,0.000       ,0.000       ,0.000       ,0.00000       ,7989          ,0.613           ,342.158       ,29.800              ,-0.104              ,0.000           ,24945.34375       ,0.00000               ,0.000         ,5.750         ,5.750         ,0.000         ,0.001         
16:11:04.238498     ,0.879       ,0.000       ,20.011      ,16.830      ,16.830      ,14.596      ,2.234       ,0.000       ,0.000          ,0.000       ,0.000       ,0.000       ,0.000       ,0.000       ,0.000       ,0.000       ,0.00000       ,7996          ,0.613           ,342.773       ,29.000              ,-0.101              ,0.000           ,24945.34961       ,0.00000               ,0.000         ,5.750         ,5.750         ,0.000         ,0.000         
16:11:04.246915     ,0.879       ,0.000       ,20.011      ,16.810      ,16.810      ,14.596      ,2.214       ,0.000       ,0.000          ,0.000       ,0.000       ,0.000       ,0.000       ,0.000       ,0.000       ,0.000       ,0.00000       ,8004          ,0.614           ,343.477       ,28.200              ,-0.098              ,0.000           ,24945.34961       ,0.00000               ,0.000         ,5.750         ,5.750         ,0.000         ,-0.001        
16:11:04.255928     ,0.879       ,0.000       ,20.011      ,16.780      ,16.780      ,14.596      ,2.184       ,0.000       ,0.000          ,0.000       ,0.000       ,0.000       ,0.000       ,0.000       ,0.000       ,0.000       ,0.00000       ,8010          ,0.614           ,344.004       ,26.800              ,-0.094              ,0.000           ,24945.35156       ,0.00000               ,0.000         ,5.760         ,5.760         ,0.000         ,-0.001        
16:11:04.267979     ,0.879       ,0.000       ,20.011      ,16.750      ,16.750      ,14.596      ,2.154       ,0.000       ,0.000          ,0.000       ,0.000       ,0.000       ,0.000       ,0.000       ,0.000       ,0.000       ,0.00000       ,8016          ,0.615           ,344.531       ,25.600              ,-0.089              ,0.000           ,24945.35547       ,0.00000               ,0.000         ,5.760         ,5.760         ,0.000         ,-0.001        
16:11:04.275886     ,0.879       ,0.000       ,20.011      ,16.770      ,16.770      ,14.596      ,2.174       ,0.000       ,0.000          ,0.000       ,0.000       ,0.000       ,0.000       ,0.000       ,0.000       ,0.000       ,0.00000       ,8020          ,0.615           ,344.883       ,23.800              ,-0.083              ,0.000           ,24945.35547       ,0.00000               ,0.000         ,5.760         ,5.760         ,0.000         ,-0.001        
16:11:04.288223     ,0.879       ,0.000       ,20.011      ,16.750      ,16.750      ,14.596      ,2.154       ,0.000       ,0.000          ,0.000       ,0.000       ,0.000       ,0.000       ,0.000       ,0.000       ,0.000       ,0.00000       ,8024          ,0.615           ,345.234       ,22.600              ,-0.079              ,0.000           ,24945.35742       ,0.00000               ,0.000         ,5.770         ,5.770         ,0.000         ,-0.003        
16:11:04.295891     ,0.879       ,0.000       ,20.011      ,16.720      ,16.720      ,14.596      ,2.124       ,0.000       ,0.000          ,0.000       ,0.000       ,0.000       ,0.000       ,0.000       ,0.000       ,0.000       ,0.00000       ,8026          ,0.616           ,345.410       ,20.800              ,-0.073              ,0.000           ,24945.35742       ,0.00000               ,0.000         ,5.770         ,5.770         ,0.000         ,-0.001        
16:11:04.312801     ,0.881       ,0.000       ,19.979      ,16.710      ,16.710      ,14.596      ,2.114       ,0.000       ,0.000          ,0.000       ,0.000       ,0.000       ,0.000       ,0.000       ,0.000       ,0.000       ,0.00000       ,8028          ,0.616           ,345.586       ,19.000              ,-0.066              ,0.000           ,24945.35742       ,0.00000               ,0.000         ,5.770         ,5.770         ,0.000         ,0.000         
16:11:04.327068     ,0.881       ,0.000       ,19.979      ,16.610      ,16.610      ,14.596      ,2.014       ,0.000       ,0.000          ,0.000       ,0.000       ,0.000       ,0.000       ,0.000       ,0.000       ,0.000       ,0.00000       ,8029          ,0.616           ,345.674       ,17.600              ,-0.061              ,0.000           ,24945.35742       ,0.00000               ,0.000         ,5.770         ,5.770         ,0.000         ,-0.001        
16:11:04.335886     ,0.881       ,0.000       ,19.979      ,16.360      ,16.360      ,14.596      ,1.764       ,0.000       ,0.000          ,0.000       ,0.000       ,0.000       ,0.000       ,0.000       ,0.000       ,0.000       ,0.00000       ,8028          ,0.616           ,345.586       ,15.800              ,-0.055              ,0.000           ,24945.35742       ,0.00000               ,0.000         ,5.780         ,5.780         ,0.000         ,0.000         
16:11:04.347311     ,0.881       ,0.000       ,19.979      ,16.220      ,16.220      ,14.596      ,1.624       ,0.000       ,0.000          ,0.000       ,0.000       ,0.000       ,0.000       ,0.000       ,0.000       ,0.000       ,0.00000       ,8026          ,0.616           ,345.410       ,14.200              ,-0.050              ,0.000           ,24945.35742       ,0.00000               ,0.000         ,5.780         ,5.780         ,0.000         ,0.004         
16:11:04.355886     ,0.881       ,0.000       ,19.979      ,16.180      ,16.180      ,14.596      ,1.584       ,0.000       ,0.000          ,0.000       ,0.000       ,0.000       ,0.000       ,0.000       ,0.000       ,0.000       ,0.00000       ,8023          ,0.615           ,345.146       ,11.800              ,-0.041              ,0.000           ,24945.35547       ,0.00000               ,0.000         ,5.780         ,5.780         ,0.000         ,0.000         
16:11:04.368327     ,0.881       ,0.000       ,19.979      ,16.140      ,16.140      ,14.596      ,1.544       ,0.000       ,0.000          ,0.000       ,0.000       ,0.000       ,0.000       ,0.000       ,0.000       ,0.000       ,0.00000       ,8020          ,0.615           ,344.883       ,10.600              ,-0.037              ,0.000           ,24945.35352       ,0.00000               ,0.000         ,5.780         ,5.780         ,0.000         ,0.000         
16:11:04.375887     ,0.881       ,0.000       ,19.979      ,16.070      ,16.070      ,14.596      ,1.474       ,0.000       ,0.000          ,0.000       ,0.000       ,0.000       ,0.000       ,0.000       ,0.000       ,0.000       ,0.00000       ,8016          ,0.615           ,344.531       ,8.800               ,-0.031              ,0.000           ,24945.35352       ,0.00000               ,0.000         ,5.780         ,5.780         ,0.000         ,0.000         
16:11:04.395900     ,0.881       ,0.000       ,19.979      ,15.900      ,15.900      ,14.596      ,1.304       ,0.000       ,0.000          ,0.000       ,0.000       ,0.000       ,0.000       ,0.000       ,0.000       ,0.000       ,0.00000       ,8005          ,0.614           ,343.564       ,6.400               ,-0.022              ,0.000           ,24945.34961       ,0.00000               ,0.000         ,5.780         ,5.780         ,0.000         ,0.001         
16:11:04.406518     ,0.881       ,0.000       ,19.979      ,15.890      ,15.890      ,14.596      ,1.294       ,0.000       ,0.000          ,0.000       ,0.000       ,0.000       ,0.000       ,0.000       ,0.000       ,0.000       ,0.00000       ,7999          ,0.614           ,343.037       ,4.600               ,-0.016              ,0.000           ,24945.34766       ,0.00000               ,0.000         ,5.780         ,5.780         ,0.000         ,0.000         
16:11:04.421181     ,0.881       ,0.000       ,19.979      ,15.840      ,15.840      ,14.596      ,1.244       ,0.000       ,0.000          ,0.000       ,0.000       ,0.000       ,0.000       ,0.000       ,0.000       ,0.000       ,0.00000       ,7993          ,0.613           ,342.510       ,2.600               ,-0.009              ,0.000           ,24945.34375       ,0.00000               ,0.000         ,5.780         ,5.780         ,0.000         ,0.000         
16:11:04.431250     ,0.879       ,0.000       ,19.962      ,15.740      ,15.740      ,14.596      ,1.144       ,0.000       ,0.000          ,0.000       ,0.000       ,0.000       ,0.000       ,0.000       ,0.000       ,0.000       ,0.00000       ,7987          ,0.613           ,341.982       ,0.800               ,-0.003              ,0.000           ,24945.34180       ,0.00000               ,0.000         ,5.780         ,5.780         ,0.000         ,0.000         
16:11:04.445887     ,0.879       ,0.000       ,19.962      ,15.710      ,15.710      ,14.596      ,1.114       ,0.000       ,0.000          ,0.000       ,0.000       ,0.000       ,0.000       ,0.000       ,0.000       ,0.000       ,0.00000       ,7972          ,0.611           ,340.664       ,-1.000              ,0.003               ,0.000           ,24945.33984       ,0.00000               ,0.000         ,5.780         ,5.780         ,0.000         ,0.001         
16:11:04.456228     ,0.879       ,0.000       ,19.962      ,15.680      ,15.680      ,14.596      ,1.084       ,0.000       ,0.000          ,0.000       ,0.000       ,0.000       ,0.000       ,0.000       ,0.000       ,0.000       ,0.00000       ,7965          ,0.611           ,340.049       ,-2.400              ,0.008               ,0.000           ,24945.33398       ,0.00000               ,0.000         ,5.780         ,5.780         ,0.000         ,-0.001        
16:11:04.465892     ,0.879       ,0.000       ,19.962      ,15.690      ,15.690      ,14.596      ,1.094       ,0.000       ,0.000          ,0.000       ,0.000       ,0.000       ,0.000       ,0.000       ,0.000       ,0.000       ,0.00000       ,7957          ,0.610           ,339.346       ,-3.800              ,0.013               ,0.000           ,24945.33203       ,0.00000               ,0.000         ,5.780         ,5.780         ,0.000         ,-0.001        
16:11:04.478366     ,0.879       ,0.000       ,19.962      ,15.690      ,15.690      ,14.596      ,1.094       ,0.000       ,0.000          ,0.000       ,0.000       ,0.000       ,0.000       ,0.000       ,0.000       ,0.000       ,0.00000       ,7957          ,0.610           ,339.346       ,-4.600              ,0.016               ,0.000           ,24945.33008       ,0.00000               ,0.000         ,5.780         ,5.780         ,0.000         ,0.000         
16:11:04.485882     ,0.879       ,0.000       ,19.962      ,15.630      ,15.630      ,14.596      ,1.034       ,0.000       ,0.000          ,0.000       ,0.000       ,0.000       ,0.000       ,0.000       ,0.000       ,0.000       ,0.00000       ,7941          ,0.609           ,337.939       ,-6.200              ,0.022               ,0.000           ,24945.32617       ,0.00000               ,0.000         ,5.780         ,5.780         ,0.000         ,-0.001        
16:11:04.500695     ,0.879       ,0.000       ,19.962      ,15.600      ,15.600      ,14.596      ,1.004       ,0.000       ,0.000          ,0.000       ,0.000       ,0.000       ,0.000       ,0.000       ,0.000       ,0.000       ,0.00000       ,7932          ,0.608           ,337.148       ,-7.200              ,0.025               ,0.000           ,24945.32227       ,0.00000               ,0.000         ,5.780         ,5.780         ,0.000         ,0.000         
16:11:04.507033     ,0.879       ,0.000       ,19.962      ,15.560      ,15.560      ,14.596      ,0.964       ,0.000       ,0.000          ,0.000       ,0.000       ,0.000       ,0.000       ,0.000       ,0.000       ,0.000       ,0.00000       ,7923          ,0.608           ,336.357       ,-8.000              ,0.028               ,0.000           ,24945.32227       ,0.00000               ,0.000         ,5.780         ,5.780         ,0.000         ,0.000         
16:11:04.515887     ,0.879       ,0.000       ,19.962      ,15.540      ,15.540      ,14.596      ,0.944       ,0.000       ,0.000          ,0.000       ,0.000       ,0.000       ,0.000       ,0.000       ,0.000       ,0.000       ,0.00000       ,7915          ,0.607           ,335.654       ,-8.800              ,0.031               ,0.000           ,24945.31836       ,0.00000               ,0.000         ,5.780         ,5.780         ,0.000         ,-0.001        
16:11:04.529161     ,0.879       ,0.000       ,19.962      ,15.460      ,15.460      ,14.596      ,0.864       ,0.000       ,0.000          ,0.000       ,0.000       ,0.000       ,0.000       ,0.000       ,0.000       ,0.000       ,0.00000       ,7905          ,0.606           ,334.775       ,-9.600              ,0.034               ,0.000           ,24945.31445       ,0.00000               ,0.000         ,5.780         ,5.780         ,0.000         ,-0.001        
16:11:04.541002     ,0.878       ,0.000       ,20.011      ,15.440      ,15.440      ,14.596      ,0.844       ,0.000       ,0.000          ,0.000       ,0.000       ,0.000       ,0.000       ,0.000       ,0.000       ,0.000       ,0.00000       ,7896          ,0.606           ,333.984       ,-10.800             ,0.038               ,0.000           ,24945.31250       ,0.00000               ,0.000         ,5.780         ,5.780         ,0.000         ,-0.001        
16:11:04.558559     ,0.878       ,0.000       ,20.011      ,15.370      ,15.370      ,14.596      ,0.774       ,0.000       ,0.000          ,0.000       ,0.000       ,0.000       ,0.000       ,0.000       ,0.000       ,0.000       ,0.00000       ,7877          ,0.604           ,332.314       ,-11.800             ,0.041               ,0.000           ,24945.30469       ,0.00000               ,0.000         ,5.780         ,5.780         ,0.000         ,-0.001        
16:11:04.566883     ,0.878       ,0.000       ,20.011      ,15.280      ,15.280      ,14.596      ,0.684       ,0.000       ,0.000          ,0.000       ,0.000       ,0.000       ,0.000       ,0.000       ,0.000       ,0.000       ,0.00000       ,7867          ,0.603           ,331.436       ,-12.600             ,0.044               ,0.000           ,24945.30078       ,0.00000               ,0.000         ,5.780         ,5.780         ,0.000         ,0.000         
16:11:04.575880     ,0.878       ,0.000       ,20.011      ,15.250      ,15.250      ,14.596      ,0.654       ,0.000       ,0.000          ,0.000       ,0.000       ,0.000       ,0.000       ,0.000       ,0.000       ,0.000       ,0.00000       ,7856          ,0.603           ,330.469       ,-13.400             ,0.047               ,0.000           ,24945.29688       ,0.00000               ,0.000         ,5.780         ,5.780         ,0.000         ,0.000         
16:11:04.589847     ,0.878       ,0.000       ,20.011      ,15.260      ,15.260      ,14.596      ,0.664       ,0.000       ,0.000          ,0.000       ,0.000       ,0.000       ,0.000       ,0.000       ,0.000       ,0.000       ,0.00000       ,7846          ,0.602           ,329.590       ,-14.000             ,0.049               ,0.000           ,24945.29492       ,0.00000               ,0.000         ,5.780         ,5.780         ,0.000         ,0.009         
16:11:04.596276     ,0.878       ,0.000       ,20.011      ,15.280      ,15.280      ,14.596      ,0.684       ,0.000       ,0.000          ,0.000       ,0.000       ,0.000       ,0.000       ,0.000       ,0.000       ,0.000       ,0.00000       ,7835          ,0.601           ,328.623       ,-14.600             ,0.051               ,0.000           ,24945.29102       ,0.00000               ,0.000         ,5.780         ,5.780         ,0.000         ,0.000         
16:11:04.605946     ,0.878       ,0.000       ,20.011      ,15.250      ,15.250      ,14.596      ,0.654       ,0.000       ,0.000          ,0.000       ,0.000       ,0.000       ,0.000       ,0.000       ,0.000       ,0.000       ,0.00000       ,7824          ,0.600           ,327.656       ,-15.400             ,0.054               ,0.000           ,24945.28711       ,0.00000               ,0.000         ,5.780         ,5.780         ,0.000         ,-0.001        
16:11:04.618772     ,0.878       ,0.000       ,20.011      ,15.220      ,15.220      ,14.596      ,0.624       ,0.000       ,0.000          ,0.000       ,0.000       ,0.000       ,0.000       ,0.000       ,0.000       ,0.000       ,0.00000       ,7813          ,0.599           ,326.689       ,-16.000             ,0.056               ,0.000           ,24945.28320       ,0.00000               ,0.000         ,5.780         ,5.780         ,0.000         ,0.000         
16:11:04.626076     ,0.878       ,0.000       ,20.011      ,15.260      ,15.260      ,14.596      ,0.664       ,0.000       ,0.000          ,0.000       ,0.000       ,0.000       ,0.000       ,0.000       ,0.000       ,0.000       ,0.00000       ,7801          ,0.598           ,325.635       ,-16.600             ,0.058               ,0.000           ,24945.27930       ,0.00000               ,0.000         ,5.780         ,5.780         ,0.000         ,-0.001        
16:11:04.635879     ,0.878       ,0.000       ,20.011      ,15.240      ,15.240      ,14.596      ,0.644       ,0.000       ,0.000          ,0.000       ,0.000       ,0.000       ,0.000       ,0.000       ,0.000       ,0.000       ,0.00000       ,7790          ,0.597           ,324.668       ,-17.400             ,0.061               ,0.000           ,24945.27539       ,0.00000               ,0.000         ,5.780         ,5.780         ,0.000         ,-0.003        
16:11:04.650884     ,0.879       ,0.000       ,19.995      ,15.140      ,15.140      ,14.596      ,0.544       ,0.000       ,0.000          ,0.000       ,0.000       ,0.000       ,0.000       ,0.000       ,0.000       ,0.000       ,0.00000       ,7778          ,0.597           ,323.613       ,-18.000             ,0.063               ,0.000           ,24945.26953       ,0.00000               ,0.000         ,5.780         ,5.780         ,0.000         ,0.001         
16:11:04.660215     ,0.879       ,0.000       ,19.995      ,15.120      ,15.120      ,14.596      ,0.524       ,0.000       ,0.000          ,0.000       ,0.000       ,0.000       ,0.000       ,0.000       ,0.000       ,0.000       ,0.00000       ,7766          ,0.596           ,322.559       ,-18.400             ,0.064               ,0.000           ,24945.26562       ,0.00000               ,0.000         ,5.780         ,5.780         ,0.000         ,-0.003        
16:11:04.667552     ,0.879       ,0.000       ,19.995      ,15.160      ,15.160      ,14.596      ,0.564       ,0.000       ,0.000          ,0.000       ,0.000       ,0.000       ,0.000       ,0.000       ,0.000       ,0.000       ,0.00000       ,7754          ,0.595           ,321.504       ,-18.800             ,0.066               ,0.000           ,24945.26367       ,0.00000               ,0.000         ,5.780         ,5.780         ,0.000         ,0.000         
16:11:04.675875     ,0.879       ,0.000       ,19.995      ,15.160      ,15.160      ,14.596      ,0.564       ,0.000       ,0.000          ,0.000       ,0.000       ,0.000       ,0.000       ,0.000       ,0.000       ,0.000       ,0.00000       ,7742          ,0.594           ,320.449       ,-19.400             ,0.068               ,0.000           ,24945.25977       ,0.00000               ,0.000         ,5.780         ,5.780         ,0.000         ,-0.001        
16:11:04.691053     ,0.879       ,0.000       ,19.995      ,15.130      ,15.130      ,14.596      ,0.534       ,0.000       ,0.000          ,0.000       ,0.000       ,0.000       ,0.000       ,0.000       ,0.000       ,0.000       ,0.00000       ,7729          ,0.593           ,319.307       ,-20.000             ,0.070               ,0.000           ,24945.25195       ,0.00000               ,0.000         ,5.780         ,5.780         ,0.000         ,0.000         
16:11:04.697409     ,0.879       ,0.000       ,19.995      ,15.130      ,15.130      ,14.596      ,0.534       ,0.000       ,0.000          ,0.000       ,0.000       ,0.000       ,0.000       ,0.000       ,0.000       ,0.000       ,0.00000       ,7716          ,0.592           ,318.164       ,-20.600             ,0.072               ,0.000           ,24945.25000       ,0.00000               ,0.000         ,5.780         ,5.780         ,0.000         ,0.000         
16:11:04.705909     ,0.879       ,0.000       ,19.995      ,15.150      ,15.150      ,14.596      ,0.554       ,0.000       ,0.000          ,0.000       ,0.000       ,0.000       ,0.000       ,0.000       ,0.000       ,0.000       ,0.00000       ,7703          ,0.591           ,317.021       ,-21.000             ,0.073               ,0.000           ,24945.24414       ,0.00000               ,0.000         ,5.780         ,5.780         ,0.000         ,0.000         
16:11:04.717463     ,0.879       ,0.000       ,19.995      ,15.130      ,15.130      ,14.596      ,0.534       ,0.000       ,0.000          ,0.000       ,0.000       ,0.000       ,0.000       ,0.000       ,0.000       ,0.000       ,0.00000       ,7690          ,0.590           ,315.879       ,-21.400             ,0.075               ,0.000           ,24945.24219       ,0.00000               ,0.000         ,5.780         ,5.780         ,0.000         ,0.000         
16:11:04.725938     ,0.879       ,0.000       ,19.995      ,15.080      ,15.080      ,14.596      ,0.484       ,0.000       ,0.000          ,0.000       ,0.000       ,0.000       ,0.000       ,0.000       ,0.000       ,0.000       ,0.00000       ,7676          ,0.589           ,314.648       ,-22.000             ,0.077               ,0.000           ,24945.23633       ,0.00000               ,0.000         ,5.780         ,5.780         ,0.000         ,-0.001        
16:11:04.738709     ,0.879       ,0.000       ,19.995      ,15.080      ,15.080      ,14.596      ,0.484       ,0.000       ,0.000          ,0.000       ,0.000       ,0.000       ,0.000       ,0.000       ,0.000       ,0.000       ,0.00000       ,7662          ,0.588           ,313.418       ,-22.400             ,0.078               ,0.000           ,24945.23242       ,0.00000               ,0.000         ,5.780         ,5.780         ,0.000         ,-0.001        
16:11:04.749559     ,0.883       ,0.000       ,19.962      ,15.090      ,15.090      ,14.596      ,0.494       ,0.000       ,0.000          ,0.000       ,0.000       ,0.000       ,0.000       ,0.000       ,0.000       ,0.000       ,0.00000       ,7648          ,0.587           ,312.188       ,-23.400             ,0.082               ,0.000           ,24945.22656       ,0.00000               ,0.000         ,5.780         ,5.780         ,0.000         ,-0.001        
16:11:04.769278     ,0.883       ,0.000       ,19.962      ,15.060      ,15.060      ,14.596      ,0.464       ,0.000       ,0.000          ,0.000       ,0.000       ,0.000       ,0.000       ,0.000       ,0.000       ,0.000       ,0.00000       ,7618          ,0.584           ,309.551       ,-24.400             ,0.085               ,0.000           ,24945.21680       ,0.00000               ,0.000         ,5.780         ,5.780         ,0.000         ,-0.001        
16:11:04.776575     ,0.883       ,0.000       ,19.962      ,15.040      ,15.040      ,14.596      ,0.444       ,0.000       ,0.000          ,0.000       ,0.000       ,0.000       ,0.000       ,0.000       ,0.000       ,0.000       ,0.00000       ,7603          ,0.583           ,308.232       ,-24.800             ,0.087               ,0.000           ,24945.21094       ,0.00000               ,0.000         ,5.770         ,5.770         ,0.000         ,-0.001        
16:11:04.785937     ,0.883       ,0.000       ,19.962      ,14.970      ,14.970      ,14.596      ,0.374       ,0.000       ,0.000          ,0.000       ,0.000       ,0.000       ,0.000       ,0.000       ,0.000       ,0.000       ,0.00000       ,7586          ,0.582           ,306.738       ,-25.400             ,0.089               ,0.000           ,24945.20508       ,0.00000               ,0.000         ,5.770         ,5.770         ,0.000         ,-0.001        
16:11:04.798925     ,0.883       ,0.000       ,19.962      ,14.950      ,14.950      ,14.596      ,0.354       ,0.000       ,0.000          ,0.000       ,0.000       ,0.000       ,0.000       ,0.000       ,0.000       ,0.000       ,0.00000       ,7570          ,0.581           ,305.332       ,-26.000             ,0.091               ,0.000           ,24945.19922       ,0.00000               ,0.000         ,5.770         ,5.770         ,0.000         ,-0.001        
16:11:04.805917     ,0.883       ,0.000       ,19.962      ,14.930      ,14.930      ,14.596      ,0.334       ,0.000       ,0.000          ,0.000       ,0.000       ,0.000       ,0.000       ,0.000       ,0.000       ,0.000       ,0.00000       ,7553          ,0.579           ,303.838       ,-26.800             ,0.094               ,0.000           ,24945.19336       ,0.00000               ,0.000         ,5.760         ,5.760         ,0.000         ,0.000         
16:11:04.818990     ,0.883       ,0.000       ,19.962      ,14.930      ,14.930      ,14.596      ,0.334       ,0.000       ,0.000          ,0.000       ,0.000       ,0.000       ,0.000       ,0.000       ,0.000       ,0.000       ,0.00000       ,7536          ,0.578           ,302.344       ,-27.400             ,0.096               ,0.000           ,24945.18750       ,0.00000               ,0.000         ,5.760         ,5.760         ,0.000         ,-0.001        
16:11:04.826422     ,0.883       ,0.000       ,19.962      ,14.890      ,14.890      ,14.596      ,0.294       ,0.000       ,0.000          ,0.000       ,0.000       ,0.000       ,0.000       ,0.000       ,0.000       ,0.000       ,0.00000       ,7518          ,0.577           ,300.762       ,-28.000             ,0.098               ,0.000           ,24945.18164       ,0.00000               ,0.000         ,5.750         ,5.750         ,0.000         ,0.001         
16:11:04.835880     ,0.883       ,0.000       ,19.962      ,14.890      ,14.890      ,14.596      ,0.294       ,0.000       ,0.000          ,0.000       ,0.000       ,0.000       ,0.000       ,0.000       ,0.000       ,0.000       ,0.00000       ,7500          ,0.575           ,299.180       ,-28.800             ,0.101               ,0.000           ,24945.17578       ,0.00000               ,0.000         ,5.750         ,5.750         ,0.000         ,0.000         
16:11:04.846719     ,0.883       ,0.000       ,19.962      ,14.860      ,14.860      ,14.596      ,0.264       ,0.000       ,0.000          ,0.000       ,0.000       ,0.000       ,0.000       ,0.000       ,0.000       ,0.000       ,0.00000       ,7481          ,0.574           ,297.510       ,-29.400             ,0.103               ,0.000           ,24945.16992       ,0.00000               ,0.000         ,5.740         ,5.740         ,0.000         ,-0.003        
16:11:04.863890     ,0.881       ,0.000       ,20.011      ,14.850      ,14.850      ,14.596      ,0.254       ,0.000       ,0.000          ,0.000       ,0.000       ,0.000       ,0.000       ,0.000       ,0.000       ,0.000       ,0.00000       ,7463          ,0.572           ,295.928       ,-30.600             ,0.107               ,0.000           ,24945.16211       ,0.00000               ,0.000         ,5.740         ,5.740         ,0.000         ,0.001         
16:11:04.875880     ,0.881       ,0.000       ,20.011      ,14.870      ,14.870      ,14.596      ,0.274       ,0.000       ,0.000          ,0.000       ,0.000       ,0.000       ,0.000       ,0.000       ,0.000       ,0.000       ,0.00000       ,7424          ,0.569           ,292.500       ,-31.600             ,0.110               ,0.000           ,24945.15039       ,0.00000               ,0.000         ,5.730         ,5.730         ,0.000         ,0.000         
16:11:04.888174     ,0.881       ,0.000       ,20.011      ,14.860      ,14.860      ,14.596      ,0.264       ,0.000       ,0.000          ,0.000       ,0.000       ,0.000       ,0.000       ,0.000       ,0.000       ,0.000       ,0.00000       ,7404          ,0.568           ,290.742       ,-32.400             ,0.113               ,0.000           ,24945.14258       ,0.00000               ,0.000         ,5.720         ,5.720         ,0.000         ,-0.001        
16:11:04.896692     ,0.881       ,0.000       ,20.011      ,14.870      ,14.870      ,14.596      ,0.274       ,0.000       ,0.000          ,0.000       ,0.000       ,0.000       ,0.000       ,0.000       ,0.000       ,0.000       ,0.00000       ,7384          ,0.566           ,288.984       ,-33.000             ,0.115               ,0.000           ,24945.13672       ,0.00000               ,0.000         ,5.710         ,5.710         ,0.000         ,0.000         
16:11:04.905916     ,0.881       ,0.000       ,20.011      ,14.910      ,14.910      ,14.596      ,0.314       ,0.000       ,0.000          ,0.000       ,0.000       ,0.000       ,0.000       ,0.000       ,0.000       ,0.000       ,0.00000       ,7363          ,0.565           ,287.139       ,-33.800             ,0.118               ,0.000           ,24945.12891       ,0.00000               ,0.000         ,5.710         ,5.710         ,0.000         ,-0.001        
16:11:04.917754     ,0.881       ,0.000       ,20.011      ,14.910      ,14.910      ,14.596      ,0.314       ,0.000       ,0.000          ,0.000       ,0.000       ,0.000       ,0.000       ,0.000       ,0.000       ,0.000       ,0.00000       ,7342          ,0.563           ,285.293       ,-34.400             ,0.120               ,0.000           ,24945.12109       ,0.00000               ,0.000         ,5.700         ,5.700         ,0.000         ,0.000         
16:11:04.925879     ,0.881       ,0.000       ,20.011      ,14.900      ,14.900      ,14.596      ,0.304       ,0.000       ,0.000          ,0.000       ,0.000       ,0.000       ,0.000       ,0.000       ,0.000       ,0.000       ,0.00000       ,7321          ,0.562           ,283.447       ,-35.400             ,0.124               ,0.000           ,24945.11523       ,0.00000               ,0.000         ,5.700         ,5.700         ,0.000         ,0.000         
16:11:04.938883     ,0.881       ,0.000       ,20.011      ,14.910      ,14.910      ,14.596      ,0.314       ,0.000       ,0.000          ,0.000       ,0.000       ,0.000       ,0.000       ,0.000       ,0.000       ,0.000       ,0.00000       ,7300          ,0.560           ,281.602       ,-36.000             ,0.126               ,0.000           ,24945.10742       ,0.00000               ,0.000         ,5.690         ,5.690         ,0.000         ,-0.001        
16:11:04.946238     ,0.881       ,0.000       ,20.011      ,14.920      ,14.920      ,14.596      ,0.324       ,0.000       ,0.000          ,0.000       ,0.000       ,0.000       ,0.000       ,0.000       ,0.000       ,0.000       ,0.00000       ,7278          ,0.558           ,279.668       ,-36.800             ,0.128               ,0.000           ,24945.09961       ,0.00000               ,0.000         ,5.680         ,5.680         ,0.000         ,-0.003        
16:11:04.955874     ,0.881       ,0.000       ,20.011      ,14.950      ,14.950      ,14.596      ,0.354       ,0.000       ,0.000          ,0.000       ,0.000       ,0.000       ,0.000       ,0.000       ,0.000       ,0.000       ,0.00000       ,7256          ,0.557           ,277.734       ,-37.800             ,0.132               ,0.000           ,24945.09180       ,0.00000               ,0.000         ,5.680         ,5.680         ,0.000         ,0.000         
16:11:04.972982     ,0.879       ,0.000       ,20.028      ,14.920      ,14.920      ,14.596      ,0.324       ,0.000       ,0.000          ,0.000       ,0.000       ,0.000       ,0.000       ,0.000       ,0.000       ,0.000       ,0.00000       ,7234          ,0.555           ,275.801       ,-38.600             ,0.135               ,0.000           ,24945.08398       ,0.00000               ,0.000         ,5.670         ,5.670         ,0.000         ,-0.001        
16:11:04.985883     ,0.879       ,0.000       ,20.028      ,14.860      ,14.860      ,14.596      ,0.264       ,0.000       ,0.000          ,0.000       ,0.000       ,0.000       ,0.000       ,0.000       ,0.000       ,0.000       ,0.00000       ,7189          ,0.551           ,271.846       ,-39.600             ,0.138               ,0.000           ,24945.06641       ,0.00000               ,0.000         ,5.660         ,5.660         ,0.000         ,-0.004        
16:11:04.997027     ,0.879       ,0.000       ,20.028      ,14.850      ,14.850      ,14.596      ,0.254       ,0.000       ,0.000          ,0.000       ,0.000       ,0.000       ,0.000       ,0.000       ,0.000       ,0.000       ,0.00000       ,7166          ,0.550           ,269.824       ,-40.400             ,0.141               ,0.000           ,24945.05859       ,0.00000               ,0.000         ,5.650         ,5.650         ,0.000         ,0.000         
16:11:05.005876     ,0.879       ,0.000       ,20.028      ,14.840      ,14.840      ,14.596      ,0.244       ,0.000       ,0.000          ,0.000       ,0.000       ,0.000       ,0.000       ,0.000       ,0.000       ,0.000       ,0.00000       ,7142          ,0.548           ,267.715       ,-41.400             ,0.145               ,0.000           ,24945.05078       ,0.00000               ,0.000         ,5.650         ,5.650         ,0.000         ,-0.001        
16:11:05.018256     ,0.879       ,0.000       ,20.028      ,14.830      ,14.830      ,14.596      ,0.234       ,0.000       ,0.000          ,0.000       ,0.000       ,0.000       ,0.000       ,0.000       ,0.000       ,0.000       ,0.00000       ,7119          ,0.546           ,265.693       ,-42.000             ,0.147               ,0.000           ,24945.04297       ,0.00000               ,0.000         ,5.640         ,5.640         ,0.000         ,-0.001        
16:11:05.025875     ,0.879       ,0.000       ,20.028      ,14.860      ,14.860      ,14.596      ,0.264       ,0.000       ,0.000          ,0.000       ,0.000       ,0.000       ,0.000       ,0.000       ,0.000       ,0.000       ,0.00000       ,7095          ,0.544           ,263.584       ,-42.800             ,0.149               ,0.000           ,24945.03516       ,0.00000               ,0.000         ,5.630         ,5.630         ,0.000         ,0.000         
16:11:05.045878     ,0.879       ,0.000       ,20.028      ,14.860      ,14.860      ,14.596      ,0.264       ,0.000       ,0.000          ,0.000       ,0.000       ,0.000       ,0.000       ,0.000       ,0.000       ,0.000       ,0.00000       ,7071          ,0.542           ,261.475       ,-43.600             ,0.152               ,0.000           ,24945.02344       ,0.00000               ,0.000         ,5.620         ,5.620         ,0.000         ,0.000         
16:11:05.055924     ,0.879       ,0.000       ,20.028      ,14.890      ,14.890      ,14.596      ,0.294       ,0.000       ,0.000          ,0.000       ,0.000       ,0.000       ,0.000       ,0.000       ,0.000       ,0.000       ,0.00000       ,7022          ,0.539           ,257.168       ,-44.600             ,0.156               ,0.000           ,24945.00977       ,0.00000               ,0.000         ,5.620         ,5.620         ,0.000         ,-0.001        
16:11:05.068309     ,0.879       ,0.000       ,20.028      ,14.850      ,14.850      ,14.596      ,0.254       ,0.000       ,0.000          ,0.000       ,0.000       ,0.000       ,0.000       ,0.000       ,0.000       ,0.000       ,0.00000       ,6997          ,0.537           ,254.971       ,-45.200             ,0.158               ,0.000           ,24945.00195       ,0.00000               ,0.000         ,5.610         ,5.610         ,0.000         ,-0.001        
16:11:05.089714     ,0.879       ,0.000       ,20.028      ,14.770      ,14.770      ,14.596      ,0.174       ,0.000       ,0.000          ,0.000       ,0.000       ,0.000       ,0.000       ,0.000       ,0.000       ,0.000       ,0.00000       ,6946          ,0.533           ,250.488       ,-46.000             ,0.161               ,0.000           ,24944.98633       ,0.00000               ,0.000         ,5.610         ,5.610         ,0.000         ,0.000         
16:11:05.100893     ,0.879       ,0.000       ,19.995      ,14.720      ,14.720      ,14.596      ,0.124       ,0.000       ,0.000          ,0.000       ,0.000       ,0.000       ,0.000       ,0.000       ,0.000       ,0.000       ,0.00000       ,6920          ,0.531           ,248.203       ,-46.000             ,0.161               ,0.000           ,24944.97852       ,0.00000               ,0.000         ,5.600         ,5.600         ,0.000         ,0.000         
16:11:05.115881     ,0.879       ,0.000       ,19.995      ,14.780      ,14.780      ,14.596      ,0.184       ,0.000       ,0.000          ,0.000       ,0.000       ,0.000       ,0.000       ,0.000       ,0.000       ,0.000       ,0.00000       ,6867          ,0.527           ,243.545       ,-46.000             ,0.161               ,0.000           ,24944.96094       ,0.00000               ,0.000         ,5.590         ,5.590         ,0.000         ,0.001         
16:11:05.126876     ,0.879       ,0.000       ,19.995      ,14.710      ,14.710      ,14.596      ,0.114       ,0.000       ,0.000          ,0.000       ,0.000       ,0.000       ,0.000       ,0.000       ,0.000       ,0.000       ,0.00000       ,6840          ,0.525           ,241.172       ,-46.400             ,0.162               ,0.000           ,24944.95312       ,0.00000               ,0.000         ,5.590         ,5.590         ,0.000         ,0.000         
16:11:05.135886     ,0.879       ,0.000       ,19.995      ,14.660      ,14.660      ,14.596      ,0.064       ,0.000       ,0.000          ,0.000       ,0.000       ,0.000       ,0.000       ,0.000       ,0.000       ,0.000       ,0.00000       ,6814          ,0.523           ,238.887       ,-47.000             ,0.164               ,0.000           ,24944.94531       ,0.00000               ,0.000         ,5.590         ,5.590         ,0.000         ,-0.001        
16:11:05.147444     ,0.879       ,0.000       ,19.995      ,14.690      ,14.690      ,14.596      ,0.094       ,0.000       ,0.000          ,0.000       ,0.000       ,0.000       ,0.000       ,0.000       ,0.000       ,0.000       ,0.00000       ,6786          ,0.520           ,236.426       ,-47.000             ,0.164               ,0.000           ,24944.93750       ,0.00000               ,0.000         ,5.590         ,5.590         ,0.000         ,0.000         
16:11:05.155881     ,0.879       ,0.000       ,19.995      ,14.730      ,14.730      ,14.596      ,0.134       ,0.000       ,0.000          ,0.000       ,0.000       ,0.000       ,0.000       ,0.000       ,0.000       ,0.000       ,0.00000       ,6759          ,0.518           ,234.053       ,-47.000             ,0.164               ,0.000           ,24944.92773       ,0.00000               ,0.000         ,5.580         ,5.580         ,0.000         ,0.000         
16:11:05.178596     ,0.879       ,0.000       ,19.995      ,14.670      ,14.670      ,14.596      ,0.074       ,0.000       ,0.000          ,0.000       ,0.000       ,0.000       ,0.000       ,0.000       ,0.000       ,0.000       ,0.00000       ,6703          ,0.514           ,229.131       ,-47.600             ,0.166               ,0.000           ,24944.91211       ,0.00000               ,0.000         ,5.580         ,5.580         ,0.000         ,0.000         
16:11:05.187232     ,0.879       ,0.000       ,19.995      ,14.670      ,14.670      ,14.596      ,0.074       ,0.000       ,0.000          ,0.000       ,0.000       ,0.000       ,0.000       ,0.000       ,0.000       ,0.000       ,0.00000       ,6675          ,0.512           ,226.670       ,-48.000             ,0.168               ,0.000           ,24944.90430       ,0.00000               ,0.000         ,5.580         ,5.580         ,0.000         ,0.001         
16:11:05.195936     ,0.879       ,0.000       ,19.995      ,14.650      ,14.650      ,14.596      ,0.054       ,0.000       ,0.000          ,0.000       ,0.000       ,0.000       ,0.000       ,0.000       ,0.000       ,0.000       ,0.00000       ,6647          ,0.510           ,224.209       ,-48.000             ,0.168               ,0.000           ,24944.89648       ,0.00000               ,0.000         ,5.580         ,5.580         ,0.000         ,-0.001        
16:11:05.209943     ,0.879       ,0.000       ,19.995      ,14.610      ,14.610      ,14.596      ,0.014       ,0.000       ,0.000          ,0.000       ,0.000       ,0.000       ,0.000       ,0.000       ,0.000       ,0.000       ,0.00000       ,6618          ,0.508           ,221.660       ,-48.000             ,0.168               ,0.000           ,24944.88867       ,0.00000               ,0.000         ,5.580         ,5.580         ,0.000         ,-0.001        
16:11:05.223020     ,0.876       ,0.000       ,19.995      ,14.650      ,14.650      ,14.596      ,0.054       ,0.000       ,0.000          ,0.000       ,0.000       ,0.000       ,0.000       ,0.000       ,0.000       ,0.000       ,0.00000       ,6590          ,0.505           ,219.199       ,-48.000             ,0.168               ,0.000           ,24944.88086       ,0.00000               ,0.000         ,5.580         ,5.580         ,0.000         ,0.000         
16:11:05.230504     ,0.876       ,0.000       ,19.995      ,14.670      ,14.670      ,14.596      ,0.074       ,0.000       ,0.000          ,0.000       ,0.000       ,0.000       ,0.000       ,0.000       ,0.000       ,0.000       ,0.00000       ,6561          ,0.503           ,216.650       ,-48.000             ,0.168               ,0.000           ,24944.87109       ,0.00000               ,0.000         ,5.570         ,5.570         ,0.000         ,-0.001        
16:11:05.236890     ,0.876       ,0.000       ,19.995      ,14.650      ,14.650      ,14.596      ,0.054       ,0.000       ,0.000          ,0.000       ,0.000       ,0.000       ,0.000       ,0.000       ,0.000       ,0.000       ,0.00000       ,6531          ,0.501           ,214.014       ,-48.000             ,0.168               ,0.000           ,24944.86523       ,0.00000               ,0.000         ,5.570         ,5.570         ,0.000         ,-0.001        
16:11:05.250675     ,0.876       ,0.000       ,19.995      ,14.690      ,14.690      ,14.596      ,0.094       ,0.000       ,0.000          ,0.000       ,0.000       ,0.000       ,0.000       ,0.000       ,0.000       ,0.000       ,0.00000       ,6502          ,0.499           ,211.465       ,-48.000             ,0.168               ,0.000           ,24944.85547       ,0.00000               ,0.000         ,5.570         ,5.570         ,0.000         ,-0.001        
16:11:05.258107     ,0.876       ,0.000       ,19.995      ,14.730      ,14.730      ,14.596      ,0.134       ,0.000       ,0.000          ,0.000       ,0.000       ,0.000       ,0.000       ,0.000       ,0.000       ,0.000       ,0.00000       ,6471          ,0.496           ,208.740       ,-48.000             ,0.168               ,0.000           ,24944.84766       ,0.00000               ,0.000         ,5.570         ,5.570         ,0.000         ,0.000         
16:11:05.265873     ,0.876       ,0.000       ,19.995      ,14.740      ,14.740      ,14.596      ,0.144       ,0.000       ,0.000          ,0.000       ,0.000       ,0.000       ,0.000       ,0.000       ,0.000       ,0.000       ,0.00000       ,6441          ,0.494           ,206.104       ,-48.000             ,0.168               ,0.000           ,24944.84180       ,0.00000               ,0.000         ,5.570         ,5.570         ,0.000         ,0.000         
16:11:05.278381     ,0.876       ,0.000       ,19.995      ,14.740      ,14.740      ,14.596      ,0.144       ,0.000       ,0.000          ,0.000       ,0.000       ,0.000       ,0.000       ,0.000       ,0.000       ,0.000       ,0.00000       ,6410          ,0.492           ,203.379       ,-48.000             ,0.168               ,0.000           ,24944.83203       ,0.00000               ,0.000         ,5.570         ,5.570         ,0.000         ,0.003         
16:11:05.285920     ,0.876       ,0.000       ,19.995      ,14.790      ,14.790      ,14.596      ,0.194       ,0.000       ,0.000          ,0.000       ,0.000       ,0.000       ,0.000       ,0.000       ,0.000       ,0.000       ,0.00000       ,6379          ,0.489           ,200.654       ,-48.000             ,0.168               ,0.000           ,24944.82422       ,0.00000               ,0.000         ,5.570         ,5.570         ,0.000         ,-0.008        
16:11:05.297583     ,0.876       ,0.000       ,19.995      ,14.780      ,14.780      ,14.596      ,0.184       ,0.000       ,0.000          ,0.000       ,0.000       ,0.000       ,0.000       ,0.000       ,0.000       ,0.000       ,0.00000       ,6347          ,0.487           ,197.842       ,-48.200             ,0.168               ,0.000           ,24944.81445       ,0.00000               ,0.000         ,5.570         ,5.570         ,0.000         ,0.000         
16:11:05.305900     ,0.876       ,0.000       ,19.995      ,14.670      ,14.670      ,14.596      ,0.074       ,0.000       ,0.000          ,0.000       ,0.000       ,0.000       ,0.000       ,0.000       ,0.000       ,0.000       ,0.00000       ,6315          ,0.484           ,195.029       ,-48.800             ,0.170               ,0.000           ,24944.80273       ,0.00000               ,0.000         ,5.560         ,5.560         ,0.000         ,-0.001        
16:11:05.322332     ,0.881       ,0.000       ,20.077      ,14.620      ,14.620      ,14.596      ,0.024       ,0.000       ,0.000          ,0.000       ,0.000       ,0.000       ,0.000       ,0.000       ,0.000       ,0.000       ,0.00000       ,6283          ,0.482           ,192.217       ,-50.000             ,0.175               ,0.000           ,24944.79102       ,0.00000               ,0.000         ,5.560         ,5.560         ,0.000         ,0.000         
16:11:05.335882     ,0.881       ,0.000       ,20.077      ,14.680      ,14.680      ,14.596      ,0.084       ,0.000       ,0.000          ,0.000       ,0.000       ,0.000       ,0.000       ,0.000       ,0.000       ,0.000       ,0.00000       ,6217          ,0.477           ,186.416       ,-52.000             ,0.182               ,0.000           ,24944.76953       ,0.00000               ,0.000         ,5.560         ,5.560         ,0.000         ,-0.001        
16:11:05.347420     ,0.881       ,0.000       ,20.077      ,14.570      ,14.570      ,14.596      ,-0.026      ,0.000       ,0.000          ,0.000       ,0.000       ,0.000       ,0.000       ,0.000       ,0.000       ,0.000       ,0.00000       ,6183          ,0.474           ,183.428       ,-53.400             ,0.186               ,0.000           ,24944.75781       ,0.00000               ,0.000         ,5.560         ,5.560         ,0.000         ,0.000         
16:11:05.355860     ,0.881       ,0.000       ,20.077      ,14.540      ,14.540      ,14.596      ,-0.056      ,0.000       ,0.000          ,0.000       ,0.000       ,0.000       ,0.000       ,0.000       ,0.000       ,0.000       ,0.00000       ,6149          ,0.472           ,180.439       ,-55.200             ,0.193               ,0.000           ,24944.74805       ,0.00000               ,0.000         ,5.560         ,5.560         ,0.000         ,-0.001        
16:11:05.368520     ,0.881       ,0.000       ,20.077      ,14.630      ,14.630      ,14.596      ,0.034       ,0.000       ,0.000          ,0.000       ,0.000       ,0.000       ,0.000       ,0.000       ,0.000       ,0.000       ,0.00000       ,6114          ,0.469           ,177.363       ,-56.400             ,0.197               ,0.000           ,24944.73633       ,0.00000               ,0.000         ,5.550         ,5.550         ,0.000         ,-0.001        
16:11:05.375924     ,0.881       ,0.000       ,20.077      ,14.690      ,14.690      ,14.596      ,0.094       ,0.000       ,0.000          ,0.000       ,0.000       ,0.000       ,0.000       ,0.000       ,0.000       ,0.000       ,0.00000       ,6079          ,0.466           ,174.287       ,-57.800             ,0.202               ,0.000           ,24944.72266       ,0.00000               ,0.000         ,5.550         ,5.550         ,0.000         ,-0.001        
16:11:05.389713     ,0.881       ,0.000       ,20.077      ,14.620      ,14.620      ,14.596      ,0.024       ,0.000       ,0.000          ,0.000       ,0.000       ,0.000       ,0.000       ,0.000       ,0.000       ,0.000       ,0.00000       ,6043          ,0.463           ,171.123       ,-58.600             ,0.205               ,0.000           ,24944.71094       ,0.00000               ,0.000         ,5.550         ,5.550         ,0.000         ,-0.001        
16:11:05.397136     ,0.881       ,0.000       ,20.077      ,14.590      ,14.590      ,14.596      ,-0.006      ,0.000       ,0.000          ,0.000       ,0.000       ,0.000       ,0.000       ,0.000       ,0.000       ,0.000       ,0.00000       ,6008          ,0.461           ,168.047       ,-59.600             ,0.208               ,0.000           ,24944.69922       ,0.00000               ,0.000         ,5.550         ,5.550         ,0.000         ,-0.001        
16:11:05.405937     ,0.881       ,0.000       ,20.077      ,14.660      ,14.660      ,14.596      ,0.064       ,0.000       ,0.000          ,0.000       ,0.000       ,0.000       ,0.000       ,0.000       ,0.000       ,0.000       ,0.00000       ,5973          ,0.458           ,164.971       ,-61.200             ,0.214               ,0.000           ,24944.68750       ,0.00000               ,0.000         ,5.550         ,5.550         ,0.000         ,-0.001        
16:11:05.418283     ,0.881       ,0.000       ,20.077      ,14.680      ,14.680      ,14.596      ,0.084       ,0.000       ,0.000          ,0.000       ,0.000       ,0.000       ,0.000       ,0.000       ,0.000       ,0.000       ,0.00000       ,5937          ,0.455           ,161.807       ,-62.000             ,0.216               ,0.000           ,24944.67578       ,0.00000               ,0.000         ,5.550         ,5.550         ,0.000         ,-0.003        
16:11:05.429324     ,0.878       ,0.000       ,20.011      ,14.600      ,14.600      ,14.596      ,0.004       ,0.000       ,0.000          ,0.000       ,0.000       ,0.000       ,0.000       ,0.000       ,0.000       ,0.000       ,0.00000       ,5937          ,0.455           ,161.807       ,-63.200             ,0.221               ,0.000           ,24944.66406       ,0.00000               ,0.000         ,5.540         ,5.540         ,0.000         ,0.000         
16:11:05.438464     ,0.878       ,0.000       ,20.011      ,14.540      ,14.540      ,14.596      ,-0.056      ,0.000       ,0.000          ,0.000       ,0.000       ,0.000       ,0.000       ,0.000       ,0.000       ,0.000       ,0.00000       ,5866          ,0.450           ,155.566       ,-64.000             ,0.223               ,0.000           ,24944.65039       ,0.00000               ,0.000         ,5.540         ,5.540         ,0.000         ,0.000         
16:11:05.446923     ,0.878       ,0.000       ,20.011      ,14.540      ,14.540      ,14.596      ,-0.056      ,0.000       ,0.000          ,0.000       ,0.000       ,0.000       ,0.000       ,0.000       ,0.000       ,0.000       ,0.00000       ,5830          ,0.447           ,152.402       ,-64.600             ,0.225               ,0.000           ,24944.64062       ,0.00000               ,0.000         ,5.540         ,5.540         ,0.000         ,-0.001        
16:11:05.455880     ,0.878       ,0.000       ,20.011      ,14.570      ,14.570      ,14.596      ,-0.026      ,0.000       ,0.000          ,0.000       ,0.000       ,0.000       ,0.000       ,0.000       ,0.000       ,0.000       ,0.00000       ,5794          ,0.444           ,149.238       ,-65.400             ,0.228               ,0.000           ,24944.62695       ,0.00000               ,0.000         ,5.540         ,5.540         ,0.000         ,0.000         
16:11:05.468600     ,0.878       ,0.000       ,20.011      ,14.620      ,14.620      ,14.596      ,0.024       ,0.000       ,0.000          ,0.000       ,0.000       ,0.000       ,0.000       ,0.000       ,0.000       ,0.000       ,0.00000       ,5758          ,0.442           ,146.074       ,-66.000             ,0.230               ,0.000           ,24944.61523       ,0.00000               ,0.000         ,5.540         ,5.540         ,0.000         ,0.000         
16:11:05.476139     ,0.878       ,0.000       ,20.011      ,14.650      ,14.650      ,14.596      ,0.054       ,0.000       ,0.000          ,0.000       ,0.000       ,0.000       ,0.000       ,0.000       ,0.000       ,0.000       ,0.00000       ,5722          ,0.439           ,142.910       ,-66.600             ,0.232               ,0.000           ,24944.60547       ,0.00000               ,0.000         ,5.540         ,5.540         ,0.000         ,0.000         
16:11:05.485886     ,0.878       ,0.000       ,20.011      ,14.670      ,14.670      ,14.596      ,0.074       ,0.000       ,0.000          ,0.000       ,0.000       ,0.000       ,0.000       ,0.000       ,0.000       ,0.000       ,0.00000       ,5685          ,0.436           ,139.658       ,-67.000             ,0.234               ,0.000           ,24944.59375       ,0.00000               ,0.000         ,5.540         ,5.540         ,0.000         ,-0.003        
16:11:05.497351     ,0.878       ,0.000       ,20.011      ,14.620      ,14.620      ,14.596      ,0.024       ,0.000       ,0.000          ,0.000       ,0.000       ,0.000       ,0.000       ,0.000       ,0.000       ,0.000       ,0.00000       ,5649          ,0.433           ,136.494       ,-67.000             ,0.234               ,0.000           ,24944.58203       ,0.00000               ,0.000         ,5.540         ,5.540         ,0.000         ,-0.001        
16:11:05.505860     ,0.878       ,0.000       ,20.011      ,14.460      ,14.460      ,14.596      ,-0.136      ,0.000       ,0.000          ,0.000       ,0.000       ,0.000       ,0.000       ,0.000       ,0.000       ,0.000       ,0.00000       ,5612          ,0.430           ,133.242       ,-67.000             ,0.234               ,0.000           ,24944.57031       ,0.00000               ,0.000         ,5.540         ,5.540         ,0.000         ,0.000         
16:11:05.519626     ,0.878       ,0.000       ,20.011      ,14.550      ,14.550      ,14.596      ,-0.046      ,0.000       ,0.000          ,0.000       ,0.000       ,0.000       ,0.000       ,0.000       ,0.000       ,0.000       ,0.00000       ,5575          ,0.428           ,129.990       ,-67.200             ,0.235               ,0.000           ,24944.55664       ,0.00000               ,0.000         ,5.540         ,5.540         ,0.000         ,-0.001        
16:11:05.529528     ,0.879       ,0.000       ,20.011      ,14.620      ,14.620      ,14.596      ,0.024       ,0.000       ,0.000          ,0.000       ,0.000       ,0.000       ,0.000       ,0.000       ,0.000       ,0.000       ,0.00000       ,5537          ,0.425           ,126.650       ,-67.800             ,0.237               ,0.000           ,24944.54492       ,0.00000               ,0.000         ,5.530         ,5.530         ,0.000         ,-0.001        
16:11:05.545883     ,0.879       ,0.000       ,20.011      ,14.540      ,14.540      ,14.596      ,-0.056      ,0.000       ,0.000          ,0.000       ,0.000       ,0.000       ,0.000       ,0.000       ,0.000       ,0.000       ,0.00000       ,5500          ,0.422           ,123.398       ,-69.000             ,0.241               ,0.000           ,24944.51758       ,0.00000               ,0.000         ,5.530         ,5.530         ,0.000         ,-0.001        
16:11:05.556637     ,0.879       ,0.000       ,20.011      ,14.600      ,14.600      ,14.596      ,0.004       ,0.000       ,0.000          ,0.000       ,0.000       ,0.000       ,0.000       ,0.000       ,0.000       ,0.000       ,0.00000       ,5424          ,0.416           ,116.719       ,-69.800             ,0.244               ,0.000           ,24944.50586       ,0.00000               ,0.000         ,5.530         ,5.530         ,0.000         ,0.000         
16:11:05.565856     ,0.879       ,0.000       ,20.011      ,14.620      ,14.620      ,14.596      ,0.024       ,0.000       ,0.000          ,0.000       ,0.000       ,0.000       ,0.000       ,0.000       ,0.000       ,0.000       ,0.00000       ,5386          ,0.413           ,113.379       ,-70.400             ,0.246               ,0.000           ,24944.49219       ,0.00000               ,0.000         ,5.530         ,5.530         ,0.000         ,0.000         
16:11:05.577665     ,0.879       ,0.000       ,20.011      ,14.570      ,14.570      ,14.596      ,-0.026      ,0.000       ,0.000          ,0.000       ,0.000       ,0.000       ,0.000       ,0.000       ,0.000       ,0.000       ,0.00000       ,5347          ,0.410           ,109.951       ,-71.000             ,0.248               ,0.000           ,24944.48242       ,0.00000               ,0.000         ,5.530         ,5.530         ,0.000         ,0.004         
16:11:05.585868     ,0.879       ,0.000       ,20.011      ,14.620      ,14.620      ,14.596      ,0.024       ,0.000       ,0.000          ,0.000       ,0.000       ,0.000       ,0.000       ,0.000       ,0.000       ,0.000       ,0.00000       ,5309          ,0.407           ,106.611       ,-71.800             ,0.251               ,0.000           ,24944.46680       ,0.00000               ,0.000         ,5.530         ,5.530         ,0.000         ,0.000         
16:11:05.599791     ,0.879       ,0.000       ,20.011      ,14.600      ,14.600      ,14.596      ,0.004       ,0.000       ,0.000          ,0.000       ,0.000       ,0.000       ,0.000       ,0.000       ,0.000       ,0.000       ,0.00000       ,5270          ,0.404           ,103.184       ,-72.200             ,0.252               ,0.000           ,24944.45312       ,0.00000               ,0.000         ,5.520         ,5.520         ,0.000         ,0.000         
16:11:05.606137     ,0.879       ,0.000       ,20.011      ,14.500      ,14.500      ,14.596      ,-0.096      ,0.000       ,0.000          ,0.000       ,0.000       ,0.000       ,0.000       ,0.000       ,0.000       ,0.000       ,0.00000       ,5232          ,0.401           ,99.844        ,-72.600             ,0.253               ,0.000           ,24944.44141       ,0.00000               ,0.000         ,5.520         ,5.520         ,0.000         ,-0.001        
16:11:05.615897     ,0.879       ,0.000       ,20.011      ,14.530      ,14.530      ,14.596      ,-0.066      ,0.000       ,0.000          ,0.000       ,0.000       ,0.000       ,0.000       ,0.000       ,0.000       ,0.000       ,0.00000       ,5193          ,0.398           ,96.416        ,-73.400             ,0.256               ,0.000           ,24944.42969       ,0.00000               ,0.000         ,5.520         ,5.520         ,0.000         ,0.000         
16:11:05.630390     ,0.879       ,0.000       ,20.011      ,14.620      ,14.620      ,14.596      ,0.024       ,0.000       ,0.000          ,0.000       ,0.000       ,0.000       ,0.000       ,0.000       ,0.000       ,0.000       ,0.00000       ,5154          ,0.395           ,92.988        ,-73.800             ,0.258               ,0.000           ,24944.41211       ,0.00000               ,0.000         ,5.520         ,5.520         ,0.000         ,0.000         
16:11:05.641135     ,0.883       ,0.000       ,20.028      ,14.550      ,14.550      ,14.596      ,-0.046      ,0.000       ,0.000          ,0.000       ,0.000       ,0.000       ,0.000       ,0.000       ,0.000       ,0.000       ,0.00000       ,5116          ,0.392           ,89.648        ,-74.400             ,0.260               ,0.000           ,24944.40234       ,0.00000               ,0.000         ,5.520         ,5.520         ,0.000         ,0.000         
16:11:05.658699     ,0.883       ,0.000       ,20.028      ,14.440      ,14.440      ,14.596      ,-0.156      ,0.000       ,0.000          ,0.000       ,0.000       ,0.000       ,0.000       ,0.000       ,0.000       ,0.000       ,0.00000       ,5039          ,0.386           ,82.881        ,-75.000             ,0.262               ,0.000           ,24944.37695       ,0.00000               ,0.000         ,5.510         ,5.510         ,0.000         ,0.000         
16:11:05.665854     ,0.883       ,0.000       ,20.028      ,14.530      ,14.530      ,14.596      ,-0.066      ,0.000       ,0.000          ,0.000       ,0.000       ,0.000       ,0.000       ,0.000       ,0.000       ,0.000       ,0.00000       ,5001          ,0.384           ,79.541        ,-75.000             ,0.262               ,0.000           ,24944.36328       ,0.00000               ,0.000         ,5.510         ,5.510         ,0.000         ,-0.005        
16:11:05.678798     ,0.883       ,0.000       ,20.028      ,14.500      ,14.500      ,14.596      ,-0.096      ,0.000       ,0.000          ,0.000       ,0.000       ,0.000       ,0.000       ,0.000       ,0.000       ,0.000       ,0.00000       ,4962          ,0.381           ,76.113        ,-75.400             ,0.263               ,0.000           ,24944.34766       ,0.00000               ,0.000         ,5.510         ,5.510         ,0.000         ,-0.001        
16:11:05.687183     ,0.883       ,0.000       ,20.028      ,14.390      ,14.390      ,14.596      ,-0.206      ,0.000       ,0.000          ,0.000       ,0.000       ,0.000       ,0.000       ,0.000       ,0.000       ,0.000       ,0.00000       ,4924          ,0.378           ,72.773        ,-75.800             ,0.265               ,0.000           ,24944.33789       ,0.00000               ,0.000         ,5.510         ,5.510         ,0.000         ,-0.001        
16:11:05.695886     ,0.883       ,0.000       ,20.028      ,14.420      ,14.420      ,14.596      ,-0.176      ,0.000       ,0.000          ,0.000       ,0.000       ,0.000       ,0.000       ,0.000       ,0.000       ,0.000       ,0.00000       ,4885          ,0.375           ,69.346        ,-76.000             ,0.265               ,0.000           ,24944.32227       ,0.00000               ,0.000         ,5.510         ,5.510         ,0.000         ,-0.001        
16:11:05.710602     ,0.883       ,0.000       ,20.028      ,14.600      ,14.600      ,14.596      ,0.004       ,0.000       ,0.000          ,0.000       ,0.000       ,0.000       ,0.000       ,0.000       ,0.000       ,0.000       ,0.00000       ,4846          ,0.372           ,65.918        ,-76.200             ,0.266               ,0.000           ,24944.31055       ,0.00000               ,0.000         ,5.510         ,5.510         ,0.000         ,-0.001        
16:11:05.716900     ,0.883       ,0.000       ,20.028      ,14.610      ,14.610      ,14.596      ,0.014       ,0.000       ,0.000          ,0.000       ,0.000       ,0.000       ,0.000       ,0.000       ,0.000       ,0.000       ,0.00000       ,4809          ,0.369           ,62.666        ,-76.600             ,0.267               ,0.000           ,24944.29688       ,0.00000               ,0.000         ,5.510         ,5.510         ,0.000         ,0.000         
16:11:05.725849     ,0.883       ,0.000       ,20.028      ,14.480      ,14.480      ,14.596      ,-0.116      ,0.000       ,0.000          ,0.000       ,0.000       ,0.000       ,0.000       ,0.000       ,0.000       ,0.000       ,0.00000       ,4770          ,0.366           ,59.238        ,-77.000             ,0.269               ,0.000           ,24944.28516       ,0.00000               ,0.000         ,5.510         ,5.510         ,0.000         ,0.000         
16:11:05.739022     ,0.883       ,0.000       ,20.028      ,14.540      ,14.540      ,14.596      ,-0.056      ,0.000       ,0.000          ,0.000       ,0.000       ,0.000       ,0.000       ,0.000       ,0.000       ,0.000       ,0.00000       ,4731          ,0.363           ,55.811        ,-77.000             ,0.269               ,0.000           ,24944.26953       ,0.00000               ,0.000         ,5.520         ,5.520         ,0.000         ,0.000         
16:11:05.750016     ,0.881       ,0.000       ,20.011      ,14.770      ,14.770      ,14.596      ,0.174       ,0.000       ,0.000          ,0.000       ,0.000       ,0.000       ,0.000       ,0.000       ,0.000       ,0.000       ,0.00000       ,4693          ,0.360           ,52.471        ,-77.000             ,0.269               ,0.000           ,24944.25977       ,0.00000               ,0.000         ,5.520         ,5.520         ,0.000         ,0.000         
16:11:05.765855     ,0.881       ,0.000       ,20.011      ,14.740      ,14.740      ,14.596      ,0.144       ,0.000       ,0.000          ,0.000       ,0.000       ,0.000       ,0.000       ,0.000       ,0.000       ,0.000       ,0.00000       ,4654          ,0.357           ,49.043        ,-77.000             ,0.269               ,0.000           ,24944.24023       ,0.00000               ,0.000         ,5.520         ,5.520         ,0.000         ,-0.003        
16:11:05.775861     ,0.881       ,0.000       ,20.011      ,14.530      ,14.530      ,14.596      ,-0.066      ,0.000       ,0.000          ,0.000       ,0.000       ,0.000       ,0.000       ,0.000       ,0.000       ,0.000       ,0.00000       ,4577          ,0.351           ,42.275        ,-77.000             ,0.269               ,0.000           ,24944.21875       ,0.00000               ,0.000         ,5.520         ,5.520         ,0.000         ,0.000         
16:11:05.790564     ,0.881       ,0.000       ,20.011      ,14.630      ,14.630      ,14.596      ,0.034       ,0.000       ,0.000          ,0.000       ,0.000       ,0.000       ,0.000       ,0.000       ,0.000       ,0.000       ,0.00000       ,4538          ,0.348           ,38.848        ,-77.400             ,0.270               ,0.000           ,24944.20312       ,0.00000               ,0.000         ,5.520         ,5.520         ,0.000         ,0.001         
16:11:05.796990     ,0.881       ,0.000       ,20.011      ,14.630      ,14.630      ,14.596      ,0.034       ,0.000       ,0.000          ,0.000       ,0.000       ,0.000       ,0.000       ,0.000       ,0.000       ,0.000       ,0.00000       ,4500          ,0.345           ,35.508        ,-77.800             ,0.272               ,0.000           ,24944.19336       ,0.00000               ,0.000         ,5.530         ,5.530         ,0.000         ,-0.001        
16:11:05.805854     ,0.881       ,0.000       ,20.011      ,14.530      ,14.530      ,14.596      ,-0.066      ,0.000       ,0.000          ,0.000       ,0.000       ,0.000       ,0.000       ,0.000       ,0.000       ,0.000       ,0.00000       ,4461          ,0.342           ,32.080        ,-78.000             ,0.272               ,0.000           ,24944.17969       ,0.00000               ,0.000         ,5.530         ,5.530         ,0.000         ,-0.001        
16:11:05.818038     ,0.881       ,0.000       ,20.011      ,14.450      ,14.450      ,14.596      ,-0.146      ,0.000       ,0.000          ,0.000       ,0.000       ,0.000       ,0.000       ,0.000       ,0.000       ,0.000       ,0.00000       ,4422          ,0.339           ,28.652        ,-78.000             ,0.272               ,0.000           ,24944.16602       ,0.00000               ,0.000         ,5.530         ,5.530         ,0.000         ,0.000         
16:11:05.825878     ,0.881       ,0.000       ,20.011      ,14.500      ,14.500      ,14.596      ,-0.096      ,0.000       ,0.000          ,0.000       ,0.000       ,0.000       ,0.000       ,0.000       ,0.000       ,0.000       ,0.00000       ,4384          ,0.336           ,25.312        ,-78.000             ,0.272               ,0.000           ,24944.15430       ,0.00000               ,0.000         ,5.530         ,5.530         ,0.000         ,-0.001        
16:11:05.840091     ,0.881       ,0.000       ,20.011      ,14.600      ,14.600      ,14.596      ,0.004       ,0.000       ,0.000          ,0.000       ,0.000       ,0.000       ,0.000       ,0.000       ,0.000       ,0.000       ,0.00000       ,4346          ,0.333           ,21.973        ,-78.000             ,0.272               ,0.000           ,24944.13672       ,0.00000               ,0.000         ,5.540         ,5.540         ,0.000         ,0.000         
16:11:05.847575     ,0.881       ,0.000       ,20.011      ,14.490      ,14.490      ,14.596      ,-0.106      ,0.000       ,0.000          ,0.000       ,0.000       ,0.000       ,0.000       ,0.000       ,0.000       ,0.000       ,0.00000       ,4307          ,0.330           ,18.545        ,-78.000             ,0.272               ,0.000           ,24944.12891       ,0.00000               ,0.000         ,5.540         ,5.540         ,0.000         ,-0.001        
16:11:05.859404     ,0.881       ,0.000       ,19.995      ,14.320      ,14.320      ,14.596      ,-0.276      ,0.000       ,0.000          ,0.000       ,0.000       ,0.000       ,0.000       ,0.000       ,0.000       ,0.000       ,0.00000       ,4269          ,0.327           ,15.205        ,-78.000             ,0.272               ,0.000           ,24944.11523       ,0.00000               ,0.000         ,5.540         ,5.540         ,0.000         ,-0.001        
16:11:05.868465     ,0.881       ,0.000       ,19.995      ,14.330      ,14.330      ,14.596      ,-0.266      ,0.000       ,0.000          ,0.000       ,0.000       ,0.000       ,0.000       ,0.000       ,0.000       ,0.000       ,0.00000       ,4231          ,0.325           ,11.865        ,-78.000             ,0.272               ,0.000           ,24944.10156       ,0.00000               ,0.000         ,5.540         ,5.540         ,0.000         ,0.000         
16:11:05.875890     ,0.881       ,0.000       ,19.995      ,14.480      ,14.480      ,14.596      ,-0.116      ,0.000       ,0.000          ,0.000       ,0.000       ,0.000       ,0.000       ,0.000       ,0.000       ,0.000       ,0.00000       ,4193          ,0.322           ,8.525         ,-78.000             ,0.272               ,0.000           ,24944.08789       ,0.00000               ,0.000         ,5.540         ,5.540         ,0.000         ,0.000         
16:11:05.889808     ,0.881       ,0.000       ,19.995      ,14.510      ,14.510      ,14.596      ,-0.086      ,0.000       ,0.000          ,0.000       ,0.000       ,0.000       ,0.000       ,0.000       ,0.000       ,0.000       ,0.00000       ,4155          ,0.319           ,5.186         ,-78.000             ,0.272               ,0.000           ,24944.07422       ,0.00000               ,0.000         ,5.540         ,5.540         ,0.000         ,0.000         
16:11:05.896273     ,0.881       ,0.000       ,19.995      ,14.360      ,14.360      ,14.596      ,-0.236      ,0.000       ,0.000          ,0.000       ,0.000       ,0.000       ,0.000       ,0.000       ,0.000       ,0.000       ,0.00000       ,4117          ,0.316           ,1.846         ,-78.000             ,0.272               ,0.000           ,24944.06250       ,0.00000               ,0.000         ,5.540         ,5.540         ,0.000         ,0.000         
16:11:05.905861     ,0.881       ,0.000       ,19.995      ,14.320      ,14.320      ,14.596      ,-0.276      ,0.000       ,0.000          ,0.000       ,0.000       ,0.000       ,0.000       ,0.000       ,0.000       ,0.000       ,0.00000       ,4080          ,0.313           ,358.594       ,-78.000             ,0.272               ,0.000           ,24944.04883       ,0.00000               ,0.000         ,5.540         ,5.540         ,0.000         ,0.000         
16:11:05.918551     ,0.881       ,0.000       ,19.995      ,14.490      ,14.490      ,14.596      ,-0.106      ,0.000       ,0.000          ,0.000       ,0.000       ,0.000       ,0.000       ,0.000       ,0.000       ,0.000       ,0.00000       ,4042          ,0.310           ,355.254       ,-78.000             ,0.272               ,0.000           ,24944.03711       ,0.00000               ,0.000         ,5.540         ,5.540         ,0.000         ,-0.008        
16:11:05.925854     ,0.881       ,0.000       ,19.995      ,14.530      ,14.530      ,14.596      ,-0.066      ,0.000       ,0.000          ,0.000       ,0.000       ,0.000       ,0.000       ,0.000       ,0.000       ,0.000       ,0.00000       ,4005          ,0.307           ,352.002       ,-78.000             ,0.272               ,0.000           ,24944.02344       ,0.00000               ,0.000         ,5.540         ,5.540         ,0.000         ,0.000         
16:11:05.939691     ,0.881       ,0.000       ,19.995      ,14.300      ,14.300      ,14.596      ,-0.296      ,0.000       ,0.000          ,0.000       ,0.000       ,0.000       ,0.000       ,0.000       ,0.000       ,0.000       ,0.00000       ,3968          ,0.304           ,348.750       ,-78.000             ,0.272               ,0.000           ,24944.00977       ,0.00000               ,0.000         ,5.530         ,5.530         ,0.000         ,0.000         
16:11:05.947134     ,0.881       ,0.000       ,19.995      ,14.240      ,14.240      ,14.596      ,-0.356      ,0.000       ,0.000          ,0.000       ,0.000       ,0.000       ,0.000       ,0.000       ,0.000       ,0.000       ,0.00000       ,3931          ,0.302           ,345.498       ,-78.000             ,0.272               ,0.000           ,24943.99805       ,0.00000               ,0.000         ,5.530         ,5.530         ,0.000         ,0.000         
16:11:05.959406     ,0.881       ,0.000       ,20.011      ,14.460      ,14.460      ,14.596      ,-0.136      ,0.000       ,0.000          ,0.000       ,0.000       ,0.000       ,0.000       ,0.000       ,0.000       ,0.000       ,0.00000       ,3895          ,0.299           ,342.334       ,-78.000             ,0.272               ,0.000           ,24943.98633       ,0.00000               ,0.000         ,5.530         ,5.530         ,0.000         ,0.000         
16:11:05.968305     ,0.881       ,0.000       ,20.011      ,14.560      ,14.560      ,14.596      ,-0.036      ,0.000       ,0.000          ,0.000       ,0.000       ,0.000       ,0.000       ,0.000       ,0.000       ,0.000       ,0.00000       ,3858          ,0.296           ,339.082       ,-77.600             ,0.271               ,0.000           ,24943.97266       ,0.00000               ,0.000         ,5.520         ,5.520         ,0.000         ,-0.001        
16:11:05.976786     ,0.881       ,0.000       ,20.011      ,14.390      ,14.390      ,14.596      ,-0.206      ,0.000       ,0.000          ,0.000       ,0.000       ,0.000       ,0.000       ,0.000       ,0.000       ,0.000       ,0.00000       ,3822          ,0.293           ,335.918       ,-77.200             ,0.269               ,0.000           ,24943.96094       ,0.00000               ,0.000         ,5.520         ,5.520         ,0.000         ,-0.001        
16:11:05.985879     ,0.881       ,0.000       ,20.011      ,14.310      ,14.310      ,14.596      ,-0.286      ,0.000       ,0.000          ,0.000       ,0.000       ,0.000       ,0.000       ,0.000       ,0.000       ,0.000       ,0.00000       ,3786          ,0.290           ,332.754       ,-77.000             ,0.269               ,0.000           ,24943.94922       ,0.00000               ,0.000         ,5.520         ,5.520         ,0.000         ,-0.001        
16:11:05.998027     ,0.881       ,0.000       ,20.011      ,14.430      ,14.430      ,14.596      ,-0.166      ,0.000       ,0.000          ,0.000       ,0.000       ,0.000       ,0.000       ,0.000       ,0.000       ,0.000       ,0.00000       ,3750          ,0.288           ,329.590       ,-77.000             ,0.269               ,0.000           ,24943.93359       ,0.00000               ,0.000         ,5.510         ,5.510         ,0.000         ,-0.001        
16:11:06.006409     ,0.881       ,0.000       ,20.011      ,14.510      ,14.510      ,14.596      ,-0.086      ,0.000       ,0.000          ,0.000       ,0.000       ,0.000       ,0.000       ,0.000       ,0.000       ,0.000       ,0.00000       ,3715          ,0.285           ,326.514       ,-77.000             ,0.269               ,0.000           ,24943.92383       ,0.00000               ,0.000         ,5.500         ,5.500         ,0.000         ,0.001         
16:11:06.015880     ,0.881       ,0.000       ,20.011      ,14.450      ,14.450      ,14.596      ,-0.146      ,0.000       ,0.000          ,0.000       ,0.000       ,0.000       ,0.000       ,0.000       ,0.000       ,0.000       ,0.00000       ,3679          ,0.282           ,323.350       ,-76.600             ,0.267               ,0.000           ,24943.91211       ,0.00000               ,0.000         ,5.500         ,5.500         ,0.000         ,0.000         
16:11:06.027603     ,0.881       ,0.000       ,20.011      ,14.480      ,14.480      ,14.596      ,-0.116      ,0.000       ,0.000          ,0.000       ,0.000       ,0.000       ,0.000       ,0.000       ,0.000       ,0.000       ,0.00000       ,3644          ,0.279           ,320.273       ,-76.200             ,0.266               ,0.000           ,24943.90039       ,0.00000               ,0.000         ,5.490         ,5.490         ,0.000         ,-0.001        
16:11:06.035842     ,0.881       ,0.000       ,20.011      ,14.490      ,14.490      ,14.596      ,-0.106      ,0.000       ,0.000          ,0.000       ,0.000       ,0.000       ,0.000       ,0.000       ,0.000       ,0.000       ,0.00000       ,3608          ,0.277           ,317.109       ,-76.000             ,0.265               ,0.000           ,24943.88672       ,0.00000               ,0.000         ,5.490         ,5.490         ,0.000         ,0.000         
16:11:06.050865     ,0.881       ,0.000       ,20.011      ,14.460      ,14.460      ,14.596      ,-0.136      ,0.000       ,0.000          ,0.000       ,0.000       ,0.000       ,0.000       ,0.000       ,0.000       ,0.000       ,0.00000       ,3608          ,0.277           ,317.109       ,-75.800             ,0.265               ,0.000           ,24943.87109       ,0.00000               ,0.000         ,5.470         ,5.470         ,0.000         ,-0.001        
16:11:06.060669     ,0.883       ,0.000       ,19.979      ,14.450      ,14.450      ,14.596      ,-0.146      ,0.000       ,0.000          ,0.000       ,0.000       ,0.000       ,0.000       ,0.000       ,0.000       ,0.000       ,0.00000       ,3608          ,0.277           ,317.109       ,-75.200             ,0.262               ,0.000           ,24943.86328       ,0.00000               ,0.000         ,5.470         ,5.470         ,0.000         ,0.006         
16:11:06.078452     ,0.883       ,0.000       ,19.979      ,14.330      ,14.330      ,14.596      ,-0.266      ,0.000       ,0.000          ,0.000       ,0.000       ,0.000       ,0.000       ,0.000       ,0.000       ,0.000       ,0.00000       ,3608          ,0.277           ,317.109       ,-75.000             ,0.262               ,0.000           ,24943.83789       ,0.00000               ,0.000         ,5.450         ,5.450         ,0.000         ,-0.010        
16:11:06.085855     ,0.883       ,0.000       ,19.979      ,14.380      ,14.380      ,14.596      ,-0.216      ,0.000       ,0.000          ,0.000       ,0.000       ,0.000       ,0.000       ,0.000       ,0.000       ,0.000       ,0.00000       ,3608          ,0.277           ,317.109       ,-75.000             ,0.262               ,0.000           ,24943.82617       ,0.00000               ,0.000         ,5.440         ,5.440         ,0.000         ,-0.001        
16:11:06.099558     ,0.883       ,0.000       ,19.979      ,14.360      ,14.360      ,14.596      ,-0.236      ,0.000       ,0.000          ,0.000       ,0.000       ,0.000       ,0.000       ,0.000       ,0.000       ,0.000       ,0.00000       ,3608          ,0.277           ,317.109       ,-75.000             ,0.262               ,0.000           ,24943.81055       ,0.00000               ,0.000         ,5.440         ,5.440         ,0.000         ,-0.003        
16:11:06.106030     ,0.883       ,0.000       ,19.979      ,14.400      ,14.400      ,14.596      ,-0.196      ,0.000       ,0.000          ,0.000       ,0.000       ,0.000       ,0.000       ,0.000       ,0.000       ,0.000       ,0.00000       ,3608          ,0.277           ,317.109       ,-75.000             ,0.262               ,0.000           ,24943.80078       ,0.00000               ,0.000         ,5.430         ,5.430         ,0.000         ,-0.001        
16:11:06.115844     ,0.883       ,0.000       ,19.979      ,14.440      ,14.440      ,14.596      ,-0.156      ,0.000       ,0.000          ,0.000       ,0.000       ,0.000       ,0.000       ,0.000       ,0.000       ,0.000       ,0.00000       ,3327          ,0.255           ,292.412       ,-75.000             ,0.262               ,0.000           ,24943.78906       ,0.00000               ,0.000         ,5.430         ,5.430         ,0.000         ,0.000         
16:11:06.128266     ,0.883       ,0.000       ,19.979      ,14.400      ,14.400      ,14.596      ,-0.196      ,0.000       ,0.000          ,0.000       ,0.000       ,0.000       ,0.000       ,0.000       ,0.000       ,0.000       ,0.00000       ,3292          ,0.252           ,289.336       ,-74.800             ,0.261               ,0.000           ,24943.77539       ,0.00000               ,0.000         ,5.420         ,5.420         ,0.000         ,0.000         
16:11:06.135846     ,0.883       ,0.000       ,19.979      ,14.250      ,14.250      ,14.596      ,-0.346      ,0.000       ,0.000          ,0.000       ,0.000       ,0.000       ,0.000       ,0.000       ,0.000       ,0.000       ,0.00000       ,3292          ,0.252           ,289.336       ,-74.200             ,0.259               ,0.000           ,24943.76562       ,0.00000               ,0.000         ,5.410         ,5.410         ,0.000         ,0.000         
16:11:06.148353     ,0.883       ,0.000       ,19.979      ,14.280      ,14.280      ,14.596      ,-0.316      ,0.000       ,0.000          ,0.000       ,0.000       ,0.000       ,0.000       ,0.000       ,0.000       ,0.000       ,0.00000       ,3223          ,0.247           ,283.271       ,-74.000             ,0.258               ,0.000           ,24943.75195       ,0.00000               ,0.000         ,5.400         ,5.400         ,0.000         ,-0.001        
16:11:06.155883     ,0.883       ,0.000       ,19.979      ,14.270      ,14.270      ,14.596      ,-0.326      ,0.000       ,0.000          ,0.000       ,0.000       ,0.000       ,0.000       ,0.000       ,0.000       ,0.000       ,0.00000       ,3188          ,0.245           ,280.195       ,-74.000             ,0.258               ,0.000           ,24943.73828       ,0.00000               ,0.000         ,5.390         ,5.390         ,0.000         ,-0.001        
16:11:06.173075     ,0.883       ,0.000       ,20.011      ,14.250      ,14.250      ,14.596      ,-0.346      ,0.000       ,0.000          ,0.000       ,0.000       ,0.000       ,0.000       ,0.000       ,0.000       ,0.000       ,0.00000       ,3154          ,0.242           ,277.207       ,-74.000             ,0.258               ,0.000           ,24943.72461       ,0.00000               ,0.000         ,5.390         ,5.390         ,0.000         ,-0.008        
16:11:06.185842     ,0.883       ,0.000       ,20.011      ,14.340      ,14.340      ,14.596      ,-0.256      ,0.000       ,0.000          ,0.000       ,0.000       ,0.000       ,0.000       ,0.000       ,0.000       ,0.000       ,0.00000       ,3119          ,0.239           ,274.131       ,-74.000             ,0.258               ,0.000           ,24943.70312       ,0.00000               ,0.000         ,5.370         ,5.370         ,0.000         ,-0.001        
16:11:06.199343     ,0.883       ,0.000       ,20.011      ,14.480      ,14.480      ,14.596      ,-0.116      ,0.000       ,0.000          ,0.000       ,0.000       ,0.000       ,0.000       ,0.000       ,0.000       ,0.000       ,0.00000       ,3050          ,0.234           ,268.066       ,-74.000             ,0.258               ,0.000           ,24943.68750       ,0.00000               ,0.000         ,5.370         ,5.370         ,0.000         ,0.001         
16:11:06.206973     ,0.883       ,0.000       ,20.011      ,14.480      ,14.480      ,14.596      ,-0.116      ,0.000       ,0.000          ,0.000       ,0.000       ,0.000       ,0.000       ,0.000       ,0.000       ,0.000       ,0.00000       ,3015          ,0.231           ,264.990       ,-74.000             ,0.258               ,0.000           ,24943.67773       ,0.00000               ,0.000         ,5.360         ,5.360         ,0.000         ,-0.001        
16:11:06.215843     ,0.883       ,0.000       ,20.011      ,14.380      ,14.380      ,14.596      ,-0.216      ,0.000       ,0.000          ,0.000       ,0.000       ,0.000       ,0.000       ,0.000       ,0.000       ,0.000       ,0.00000       ,2980          ,0.229           ,261.914       ,-74.000             ,0.258               ,0.000           ,24943.66602       ,0.00000               ,0.000         ,5.360         ,5.360         ,0.000         ,-0.001        
16:11:06.227193     ,0.883       ,0.000       ,20.011      ,14.370      ,14.370      ,14.596      ,-0.226      ,0.000       ,0.000          ,0.000       ,0.000       ,0.000       ,0.000       ,0.000       ,0.000       ,0.000       ,0.00000       ,2944          ,0.226           ,258.750       ,-74.000             ,0.258               ,0.000           ,24943.65234       ,0.00000               ,0.000         ,5.350         ,5.350         ,0.000         ,-0.001        
16:11:06.235912     ,0.883       ,0.000       ,20.011      ,14.360      ,14.360      ,14.596      ,-0.236      ,0.000       ,0.000          ,0.000       ,0.000       ,0.000       ,0.000       ,0.000       ,0.000       ,0.000       ,0.00000       ,2909          ,0.223           ,255.674       ,-74.000             ,0.258               ,0.000           ,24943.64062       ,0.00000               ,0.000         ,5.350         ,5.350         ,0.000         ,0.000         
16:11:06.247837     ,0.883       ,0.000       ,20.011      ,14.360      ,14.360      ,14.596      ,-0.236      ,0.000       ,0.000          ,0.000       ,0.000       ,0.000       ,0.000       ,0.000       ,0.000       ,0.000       ,0.00000       ,2874          ,0.220           ,252.598       ,-74.000             ,0.258               ,0.000           ,24943.62695       ,0.00000               ,0.000         ,5.340         ,5.340         ,0.000         ,-0.001        
16:11:06.255842     ,0.883       ,0.000       ,20.011      ,14.430      ,14.430      ,14.596      ,-0.166      ,0.000       ,0.000          ,0.000       ,0.000       ,0.000       ,0.000       ,0.000       ,0.000       ,0.000       ,0.00000       ,2838          ,0.218           ,249.434       ,-74.000             ,0.258               ,0.000           ,24943.61523       ,0.00000               ,0.000         ,5.340         ,5.340         ,0.000         ,-0.001        
16:11:06.270438     ,0.883       ,0.000       ,20.011      ,14.370      ,14.370      ,14.596      ,-0.226      ,0.000       ,0.000          ,0.000       ,0.000       ,0.000       ,0.000       ,0.000       ,0.000       ,0.000       ,0.00000       ,2802          ,0.215           ,246.270       ,-74.000             ,0.258               ,0.000           ,24943.59961       ,0.00000               ,0.000         ,5.330         ,5.330         ,0.000         ,-0.001        
16:11:06.281306     ,0.879       ,0.000       ,19.995      ,14.320      ,14.320      ,14.596      ,-0.276      ,0.000       ,0.000          ,0.000       ,0.000       ,0.000       ,0.000       ,0.000       ,0.000       ,0.000       ,0.00000       ,2767          ,0.212           ,243.193       ,-74.000             ,0.258               ,0.000           ,24943.58984       ,0.00000               ,0.000         ,5.330         ,5.330         ,0.000         ,0.000         
16:11:06.295850     ,0.879       ,0.000       ,19.995      ,14.440      ,14.440      ,14.596      ,-0.156      ,0.000       ,0.000          ,0.000       ,0.000       ,0.000       ,0.000       ,0.000       ,0.000       ,0.000       ,0.00000       ,2695          ,0.207           ,236.865       ,-74.000             ,0.258               ,0.000           ,24943.56641       ,0.00000               ,0.000         ,5.330         ,5.330         ,0.000         ,0.000         
16:11:06.307737     ,0.879       ,0.000       ,19.995      ,14.320      ,14.320      ,14.596      ,-0.276      ,0.000       ,0.000          ,0.000       ,0.000       ,0.000       ,0.000       ,0.000       ,0.000       ,0.000       ,0.00000       ,2660          ,0.204           ,233.789       ,-74.000             ,0.258               ,0.000           ,24943.55273       ,0.00000               ,0.000         ,5.320         ,5.320         ,0.000         ,0.000         
16:11:06.325853     ,0.879       ,0.000       ,19.995      ,14.310      ,14.310      ,14.596      ,-0.286      ,0.000       ,0.000          ,0.000       ,0.000       ,0.000       ,0.000       ,0.000       ,0.000       ,0.000       ,0.00000       ,2624          ,0.201           ,230.625       ,-74.000             ,0.258               ,0.000           ,24943.53516       ,0.00000               ,0.000         ,5.310         ,5.310         ,0.000         ,-0.001        
16:11:06.337766     ,0.879       ,0.000       ,19.995      ,14.340      ,14.340      ,14.596      ,-0.256      ,0.000       ,0.000          ,0.000       ,0.000       ,0.000       ,0.000       ,0.000       ,0.000       ,0.000       ,0.00000       ,2553          ,0.196           ,224.385       ,-74.000             ,0.258               ,0.000           ,24943.51562       ,0.00000               ,0.000         ,5.310         ,5.310         ,0.000         ,0.001         
16:11:06.345844     ,0.879       ,0.000       ,19.995      ,14.280      ,14.280      ,14.596      ,-0.316      ,0.000       ,0.000          ,0.000       ,0.000       ,0.000       ,0.000       ,0.000       ,0.000       ,0.000       ,0.00000       ,2517          ,0.193           ,221.221       ,-74.000             ,0.258               ,0.000           ,24943.50391       ,0.00000               ,0.000         ,5.310         ,5.310         ,0.000         ,0.000         
16:11:06.359345     ,0.879       ,0.000       ,19.995      ,14.180      ,14.180      ,14.596      ,-0.416      ,0.000       ,0.000          ,0.000       ,0.000       ,0.000       ,0.000       ,0.000       ,0.000       ,0.000       ,0.00000       ,2482          ,0.190           ,218.145       ,-74.000             ,0.258               ,0.000           ,24943.49023       ,0.00000               ,0.000         ,5.300         ,5.300         ,0.000         ,0.000         
16:11:06.365869     ,0.879       ,0.000       ,19.995      ,14.220      ,14.220      ,14.596      ,-0.376      ,0.000       ,0.000          ,0.000       ,0.000       ,0.000       ,0.000       ,0.000       ,0.000       ,0.000       ,0.00000       ,2446          ,0.188           ,214.980       ,-74.000             ,0.258               ,0.000           ,24943.48047       ,0.00000               ,0.000         ,5.300         ,5.300         ,0.000         ,-0.001        
16:11:06.380312     ,0.879       ,0.000       ,19.995      ,14.270      ,14.270      ,14.596      ,-0.326      ,0.000       ,0.000          ,0.000       ,0.000       ,0.000       ,0.000       ,0.000       ,0.000       ,0.000       ,0.00000       ,2411          ,0.185           ,211.904       ,-74.000             ,0.258               ,0.000           ,24943.46484       ,0.00000               ,0.000         ,5.290         ,5.290         ,0.000         ,-0.001        
16:11:06.385841     ,0.879       ,0.000       ,19.995      ,14.220      ,14.220      ,14.596      ,-0.376      ,0.000       ,0.000          ,0.000       ,0.000       ,0.000       ,0.000       ,0.000       ,0.000       ,0.000       ,0.00000       ,2376          ,0.182           ,208.828       ,-74.000             ,0.258               ,0.000           ,24943.45508       ,0.00000               ,0.000         ,5.290         ,5.290         ,0.000         ,-0.001        
16:11:06.401875     ,0.881       ,0.000       ,20.028      ,14.280      ,14.280      ,14.596      ,-0.316      ,0.000       ,0.000          ,0.000       ,0.000       ,0.000       ,0.000       ,0.000       ,0.000       ,0.000       ,0.00000       ,2340          ,0.179           ,205.664       ,-74.000             ,0.258               ,0.000           ,24943.44141       ,0.00000               ,0.000         ,5.290         ,5.290         ,0.000         ,0.000         
16:11:06.415839     ,0.881       ,0.000       ,20.028      ,14.240      ,14.240      ,14.596      ,-0.356      ,0.000       ,0.000          ,0.000       ,0.000       ,0.000       ,0.000       ,0.000       ,0.000       ,0.000       ,0.00000       ,2270          ,0.174           ,199.512       ,-74.000             ,0.258               ,0.000           ,24943.41797       ,0.00000               ,0.000         ,5.280         ,5.280         ,0.000         ,-0.001        
16:11:06.426772     ,0.881       ,0.000       ,20.028      ,14.190      ,14.190      ,14.596      ,-0.406      ,0.000       ,0.000          ,0.000       ,0.000       ,0.000       ,0.000       ,0.000       ,0.000       ,0.000       ,0.00000       ,2235          ,0.171           ,196.436       ,-74.000             ,0.258               ,0.000           ,24943.40625       ,0.00000               ,0.000         ,5.280         ,5.280         ,0.000         ,-0.001        
16:11:06.435833     ,0.881       ,0.000       ,20.028      ,14.200      ,14.200      ,14.596      ,-0.396      ,0.000       ,0.000          ,0.000       ,0.000       ,0.000       ,0.000       ,0.000       ,0.000       ,0.000       ,0.00000       ,2199          ,0.169           ,193.271       ,-74.000             ,0.258               ,0.000           ,24943.39453       ,0.00000               ,0.000         ,5.280         ,5.280         ,0.000         ,0.000         
16:11:06.445833     ,0.881       ,0.000       ,20.028      ,14.260      ,14.260      ,14.596      ,-0.336      ,0.000       ,0.000          ,0.000       ,0.000       ,0.000       ,0.000       ,0.000       ,0.000       ,0.000       ,0.00000       ,2164          ,0.166           ,190.195       ,-74.000             ,0.258               ,0.000           ,24943.38281       ,0.00000               ,0.000         ,5.280         ,5.280         ,0.000         ,0.000         
16:11:06.465875     ,0.881       ,0.000       ,20.028      ,14.200      ,14.200      ,14.596      ,-0.396      ,0.000       ,0.000          ,0.000       ,0.000       ,0.000       ,0.000       ,0.000       ,0.000       ,0.000       ,0.00000       ,2129          ,0.163           ,187.119       ,-74.000             ,0.258               ,0.000           ,24943.36719       ,0.00000               ,0.000         ,5.270         ,5.270         ,0.000         ,0.000         
16:11:06.476380     ,0.881       ,0.000       ,20.028      ,14.310      ,14.310      ,14.596      ,-0.286      ,0.000       ,0.000          ,0.000       ,0.000       ,0.000       ,0.000       ,0.000       ,0.000       ,0.000       ,0.00000       ,2058          ,0.158           ,180.879       ,-74.000             ,0.258               ,0.000           ,24943.34570       ,0.00000               ,0.000         ,5.270         ,5.270         ,0.000         ,0.001         
16:11:06.485844     ,0.881       ,0.000       ,20.028      ,14.270      ,14.270      ,14.596      ,-0.326      ,0.000       ,0.000          ,0.000       ,0.000       ,0.000       ,0.000       ,0.000       ,0.000       ,0.000       ,0.00000       ,2022          ,0.155           ,177.715       ,-74.000             ,0.258               ,0.000           ,24943.33203       ,0.00000               ,0.000         ,5.270         ,5.270         ,0.000         ,-0.001        
16:11:06.495885     ,0.881       ,0.000       ,20.028      ,14.260      ,14.260      ,14.596      ,-0.336      ,0.000       ,0.000          ,0.000       ,0.000       ,0.000       ,0.000       ,0.000       ,0.000       ,0.000       ,0.00000       ,1987          ,0.152           ,174.639       ,-73.600             ,0.257               ,0.000           ,24943.32031       ,0.00000               ,0.000         ,5.270         ,5.270         ,0.000         ,0.000         
16:11:06.509513     ,0.881       ,0.000       ,20.028      ,14.240      ,14.240      ,14.596      ,-0.356      ,0.000       ,0.000          ,0.000       ,0.000       ,0.000       ,0.000       ,0.000       ,0.000       ,0.000       ,0.00000       ,1951          ,0.150           ,171.475       ,-73.200             ,0.256               ,0.000           ,24943.30469       ,0.00000               ,0.000         ,5.270         ,5.270         ,0.000         ,-0.001        
16:11:06.522304     ,0.881       ,0.000       ,20.028      ,14.210      ,14.210      ,14.596      ,-0.386      ,0.000       ,0.000          ,0.000       ,0.000       ,0.000       ,0.000       ,0.000       ,0.000       ,0.000       ,0.00000       ,1916          ,0.147           ,168.398       ,-73.000             ,0.255               ,0.000           ,24943.29688       ,0.00000               ,0.000         ,5.270         ,5.270         ,0.000         ,-0.001        
16:11:06.529674     ,0.881       ,0.000       ,20.028      ,14.220      ,14.220      ,14.596      ,-0.376      ,0.000       ,0.000          ,0.000       ,0.000       ,0.000       ,0.000       ,0.000       ,0.000       ,0.000       ,0.00000       ,1881          ,0.144           ,165.322       ,-73.000             ,0.255               ,0.000           ,24943.28125       ,0.00000               ,0.000         ,5.270         ,5.270         ,0.000         ,0.000         
16:11:06.536994     ,0.881       ,0.000       ,20.028      ,14.210      ,14.210      ,14.596      ,-0.386      ,0.000       ,0.000          ,0.000       ,0.000       ,0.000       ,0.000       ,0.000       ,0.000       ,0.000       ,0.00000       ,1845          ,0.142           ,162.158       ,-73.000             ,0.255               ,0.000           ,24943.27148       ,0.00000               ,0.000         ,5.270         ,5.270         ,0.000         ,0.000         
16:11:06.555828     ,0.881       ,0.000       ,20.028      ,14.270      ,14.270      ,14.596      ,-0.326      ,0.000       ,0.000          ,0.000       ,0.000       ,0.000       ,0.000       ,0.000       ,0.000       ,0.000       ,0.00000       ,1774          ,0.136           ,155.918       ,-73.000             ,0.255               ,0.000           ,24943.24805       ,0.00000               ,0.000         ,5.270         ,5.270         ,0.000         ,-0.001        
16:11:06.566502     ,0.881       ,0.000       ,20.028      ,14.280      ,14.280      ,14.596      ,-0.316      ,0.000       ,0.000          ,0.000       ,0.000       ,0.000       ,0.000       ,0.000       ,0.000       ,0.000       ,0.00000       ,1738          ,0.133           ,152.754       ,-73.000             ,0.255               ,0.000           ,24943.23633       ,0.00000               ,0.000         ,5.270         ,5.270         ,0.000         ,-0.001        
16:11:06.575871     ,0.881       ,0.000       ,20.028      ,14.240      ,14.240      ,14.596      ,-0.356      ,0.000       ,0.000          ,0.000       ,0.000       ,0.000       ,0.000       ,0.000       ,0.000       ,0.000       ,0.00000       ,1703          ,0.131           ,149.678       ,-73.000             ,0.255               ,0.000           ,24943.22461       ,0.00000               ,0.000         ,5.270         ,5.270         ,0.000         ,0.000         
16:11:06.587497     ,0.881       ,0.000       ,20.028      ,14.220      ,14.220      ,14.596      ,-0.376      ,0.000       ,0.000          ,0.000       ,0.000       ,0.000       ,0.000       ,0.000       ,0.000       ,0.000       ,0.00000       ,1667          ,0.128           ,146.514       ,-73.000             ,0.255               ,0.000           ,24943.21094       ,0.00000               ,0.000         ,5.270         ,5.270         ,0.000         ,0.001         
16:11:06.595839     ,0.881       ,0.000       ,20.028      ,14.180      ,14.180      ,14.596      ,-0.416      ,0.000       ,0.000          ,0.000       ,0.000       ,0.000       ,0.000       ,0.000       ,0.000       ,0.000       ,0.00000       ,1632          ,0.125           ,143.438       ,-73.000             ,0.255               ,0.000           ,24943.19922       ,0.00000               ,0.000         ,5.260         ,5.260         ,0.000         ,-0.001        
16:11:06.608836     ,0.881       ,0.000       ,20.028      ,14.160      ,14.160      ,14.596      ,-0.436      ,0.000       ,0.000          ,0.000       ,0.000       ,0.000       ,0.000       ,0.000       ,0.000       ,0.000       ,0.00000       ,1596          ,0.122           ,140.273       ,-73.000             ,0.255               ,0.000           ,24943.18359       ,0.00000               ,0.000         ,5.260         ,5.260         ,0.000         ,0.000         
16:11:06.617398     ,0.881       ,0.000       ,20.028      ,14.160      ,14.160      ,14.596      ,-0.436      ,0.000       ,0.000          ,0.000       ,0.000       ,0.000       ,0.000       ,0.000       ,0.000       ,0.000       ,0.00000       ,1560          ,0.120           ,137.109       ,-73.000             ,0.255               ,0.000           ,24943.17383       ,0.00000               ,0.000         ,5.260         ,5.260         ,0.000         ,0.000         
16:11:06.629291     ,0.883       ,0.000       ,20.044      ,14.150      ,14.150      ,14.596      ,-0.446      ,0.000       ,0.000          ,0.000       ,0.000       ,0.000       ,0.000       ,0.000       ,0.000       ,0.000       ,0.00000       ,1525          ,0.117           ,134.033       ,-73.000             ,0.255               ,0.000           ,24943.16406       ,0.00000               ,0.000         ,5.260         ,5.260         ,0.000         ,0.000         
16:11:06.639425     ,0.883       ,0.000       ,20.044      ,14.150      ,14.150      ,14.596      ,-0.446      ,0.000       ,0.000          ,0.000       ,0.000       ,0.000       ,0.000       ,0.000       ,0.000       ,0.000       ,0.00000       ,1489          ,0.114           ,130.869       ,-73.000             ,0.255               ,0.000           ,24943.14844       ,0.00000               ,0.000         ,5.260         ,5.260         ,0.000         ,0.000         
16:11:06.646862     ,0.883       ,0.000       ,20.044      ,14.150      ,14.150      ,14.596      ,-0.446      ,0.000       ,0.000          ,0.000       ,0.000       ,0.000       ,0.000       ,0.000       ,0.000       ,0.000       ,0.00000       ,1453          ,0.111           ,127.705       ,-73.000             ,0.255               ,0.000           ,24943.13672       ,0.00000               ,0.000         ,5.260         ,5.260         ,0.000         ,-0.001        
16:11:06.659601     ,0.883       ,0.000       ,20.044      ,14.200      ,14.200      ,14.596      ,-0.396      ,0.000       ,0.000          ,0.000       ,0.000       ,0.000       ,0.000       ,0.000       ,0.000       ,0.000       ,0.00000       ,1418          ,0.109           ,124.629       ,-73.000             ,0.255               ,0.000           ,24943.12305       ,0.00000               ,0.000         ,5.260         ,5.260         ,0.000         ,0.001         
16:11:06.665943     ,0.883       ,0.000       ,20.044      ,14.220      ,14.220      ,14.596      ,-0.376      ,0.000       ,0.000          ,0.000       ,0.000       ,0.000       ,0.000       ,0.000       ,0.000       ,0.000       ,0.00000       ,1382          ,0.106           ,121.465       ,-73.000             ,0.255               ,0.000           ,24943.11328       ,0.00000               ,0.000         ,5.220         ,5.220         ,0.000         ,0.000         
16:11:06.675892     ,0.883       ,0.000       ,20.044      ,14.130      ,14.130      ,14.596      ,-0.466      ,0.000       ,0.000          ,0.000       ,0.000       ,0.000       ,0.000       ,0.000       ,0.000       ,0.000       ,0.00000       ,1346          ,0.103           ,118.301       ,-73.400             ,0.256               ,0.000           ,24943.10156       ,0.00000               ,0.000         ,5.220         ,5.220         ,0.000         ,0.000         
16:11:06.695859     ,0.883       ,0.000       ,20.044      ,14.150      ,14.150      ,14.596      ,-0.446      ,0.000       ,0.000          ,0.000       ,0.000       ,0.000       ,0.000       ,0.000       ,0.000       ,0.000       ,0.00000       ,1310          ,0.100           ,115.137       ,-74.000             ,0.258               ,0.000           ,24943.08398       ,0.00000               ,0.000         ,5.220         ,5.220         ,0.000         ,-0.001        
16:11:06.706230     ,0.883       ,0.000       ,20.044      ,14.310      ,14.310      ,14.596      ,-0.286      ,0.000       ,0.000          ,0.000       ,0.000       ,0.000       ,0.000       ,0.000       ,0.000       ,0.000       ,0.00000       ,1239          ,0.095           ,108.896       ,-74.000             ,0.258               ,0.000           ,24943.06250       ,0.00000               ,0.000         ,5.240         ,5.240         ,0.000         ,0.000         
16:11:06.715887     ,0.883       ,0.000       ,20.044      ,14.370      ,14.370      ,14.596      ,-0.226      ,0.000       ,0.000          ,0.000       ,0.000       ,0.000       ,0.000       ,0.000       ,0.000       ,0.000       ,0.00000       ,1203          ,0.092           ,105.732       ,-74.000             ,0.258               ,0.000           ,24943.04883       ,0.00000               ,0.000         ,5.240         ,5.240         ,0.000         ,0.000         
16:11:06.726188     ,0.883       ,0.000       ,20.044      ,14.420      ,14.420      ,14.596      ,-0.176      ,0.000       ,0.000          ,0.000       ,0.000       ,0.000       ,0.000       ,0.000       ,0.000       ,0.000       ,0.00000       ,1167          ,0.090           ,102.568       ,-74.000             ,0.258               ,0.000           ,24943.03906       ,0.00000               ,0.000         ,5.230         ,5.230         ,0.000         ,-0.001        
16:11:06.739421     ,0.878       ,0.000       ,20.028      ,14.480      ,14.480      ,14.596      ,-0.116      ,0.000       ,0.000          ,0.000       ,0.000       ,0.000       ,0.000       ,0.000       ,0.000       ,0.000       ,0.00000       ,1131          ,0.087           ,99.404        ,-74.000             ,0.258               ,0.000           ,24943.02539       ,0.00000               ,0.000         ,5.230         ,5.230         ,0.000         ,0.000         
16:11:06.746379     ,0.878       ,0.000       ,20.028      ,14.450      ,14.450      ,14.596      ,-0.146      ,0.000       ,0.000          ,0.000       ,0.000       ,0.000       ,0.000       ,0.000       ,0.000       ,0.000       ,0.00000       ,1096          ,0.084           ,96.328        ,-74.000             ,0.258               ,0.000           ,24943.01367       ,0.00000               ,0.000         ,5.230         ,5.230         ,0.000         ,-0.001        
16:11:06.755851     ,0.878       ,0.000       ,20.028      ,14.380      ,14.380      ,14.596      ,-0.216      ,0.000       ,0.000          ,0.000       ,0.000       ,0.000       ,0.000       ,0.000       ,0.000       ,0.000       ,0.00000       ,1060          ,0.081           ,93.164        ,-74.000             ,0.258               ,0.000           ,24943.00000       ,0.00000               ,0.000         ,5.220         ,5.220         ,0.000         ,-0.009        
16:11:06.768765     ,0.878       ,0.000       ,20.028      ,14.420      ,14.420      ,14.596      ,-0.176      ,0.000       ,0.000          ,0.000       ,0.000       ,0.000       ,0.000       ,0.000       ,0.000       ,0.000       ,0.00000       ,1024          ,0.079           ,90.000        ,-74.400             ,0.260               ,0.000           ,24942.98438       ,0.00000               ,0.000         ,5.220         ,5.220         ,0.000         ,-0.001        
16:11:06.776189     ,0.878       ,0.000       ,20.028      ,14.330      ,14.330      ,14.596      ,-0.266      ,0.000       ,0.000          ,0.000       ,0.000       ,0.000       ,0.000       ,0.000       ,0.000       ,0.000       ,0.00000       ,988           ,0.076           ,86.836        ,-74.800             ,0.261               ,0.000           ,24942.97461       ,0.00000               ,0.000         ,5.210         ,5.210         ,0.000         ,-0.003        
16:11:06.790867     ,0.878       ,0.000       ,20.028      ,14.330      ,14.330      ,14.596      ,-0.266      ,0.000       ,0.000          ,0.000       ,0.000       ,0.000       ,0.000       ,0.000       ,0.000       ,0.000       ,0.00000       ,952           ,0.073           ,83.672        ,-75.000             ,0.262               ,0.000           ,24942.96094       ,0.00000               ,0.000         ,5.210         ,5.210         ,0.000         ,0.001         
16:11:06.797270     ,0.878       ,0.000       ,20.028      ,14.340      ,14.340      ,14.596      ,-0.256      ,0.000       ,0.000          ,0.000       ,0.000       ,0.000       ,0.000       ,0.000       ,0.000       ,0.000       ,0.00000       ,917           ,0.070           ,80.596        ,-75.000             ,0.262               ,0.000           ,24942.94922       ,0.00000               ,0.000         ,5.200         ,5.200         ,0.000         ,0.000         
16:11:06.805828     ,0.878       ,0.000       ,20.028      ,14.360      ,14.360      ,14.596      ,-0.236      ,0.000       ,0.000          ,0.000       ,0.000       ,0.000       ,0.000       ,0.000       ,0.000       ,0.000       ,0.00000       ,882           ,0.068           ,77.520        ,-75.000             ,0.262               ,0.000           ,24942.93555       ,0.00000               ,0.000         ,5.200         ,5.200         ,0.000         ,-0.001        
16:11:06.818557     ,0.878       ,0.000       ,20.028      ,14.300      ,14.300      ,14.596      ,-0.296      ,0.000       ,0.000          ,0.000       ,0.000       ,0.000       ,0.000       ,0.000       ,0.000       ,0.000       ,0.00000       ,846           ,0.065           ,74.355        ,-75.000             ,0.262               ,0.000           ,24942.92383       ,0.00000               ,0.000         ,5.190         ,5.190         ,0.000         ,-0.009        
16:11:06.826056     ,0.878       ,0.000       ,20.028      ,14.300      ,14.300      ,14.596      ,-0.296      ,0.000       ,0.000          ,0.000       ,0.000       ,0.000       ,0.000       ,0.000       ,0.000       ,0.000       ,0.00000       ,811           ,0.062           ,71.279        ,-75.000             ,0.262               ,0.000           ,24942.91211       ,0.00000               ,0.000         ,5.190         ,5.190         ,0.000         ,-0.001        
16:11:06.839413     ,0.881       ,0.000       ,20.028      ,14.330      ,14.330      ,14.596      ,-0.266      ,0.000       ,0.000          ,0.000       ,0.000       ,0.000       ,0.000       ,0.000       ,0.000       ,0.000       ,0.00000       ,776           ,0.060           ,68.203        ,-75.000             ,0.262               ,0.000           ,24942.89844       ,0.00000               ,0.000         ,5.180         ,5.180         ,0.000         ,0.000         
16:11:06.849541     ,0.881       ,0.000       ,20.028      ,14.240      ,14.240      ,14.596      ,-0.356      ,0.000       ,0.000          ,0.000       ,0.000       ,0.000       ,0.000       ,0.000       ,0.000       ,0.000       ,0.00000       ,741           ,0.057           ,65.127        ,-75.000             ,0.262               ,0.000           ,24942.88477       ,0.00000               ,0.000         ,5.180         ,5.180         ,0.000         ,-0.001        
16:11:06.857033     ,0.881       ,0.000       ,20.028      ,14.260      ,14.260      ,14.596      ,-0.336      ,0.000       ,0.000          ,0.000       ,0.000       ,0.000       ,0.000       ,0.000       ,0.000       ,0.000       ,0.00000       ,707           ,0.054           ,62.139        ,-75.000             ,0.262               ,0.000           ,24942.87500       ,0.00000               ,0.000         ,5.180         ,5.180         ,0.000         ,0.000         
16:11:06.865836     ,0.881       ,0.000       ,20.028      ,14.280      ,14.280      ,14.596      ,-0.316      ,0.000       ,0.000          ,0.000       ,0.000       ,0.000       ,0.000       ,0.000       ,0.000       ,0.000       ,0.00000       ,672           ,0.052           ,59.062        ,-75.000             ,0.262               ,0.000           ,24942.86328       ,0.00000               ,0.000         ,5.180         ,5.180         ,0.000         ,-0.001        
16:11:06.878382     ,0.881       ,0.000       ,20.028      ,14.320      ,14.320      ,14.596      ,-0.276      ,0.000       ,0.000          ,0.000       ,0.000       ,0.000       ,0.000       ,0.000       ,0.000       ,0.000       ,0.00000       ,638           ,0.049           ,56.074        ,-74.600             ,0.260               ,0.000           ,24942.85156       ,0.00000               ,0.000         ,5.170         ,5.170         ,0.000         ,-0.001        
16:11:06.885825     ,0.881       ,0.000       ,20.028      ,14.270      ,14.270      ,14.596      ,-0.326      ,0.000       ,0.000          ,0.000       ,0.000       ,0.000       ,0.000       ,0.000       ,0.000       ,0.000       ,0.00000       ,604           ,0.046           ,53.086        ,-74.000             ,0.258               ,0.000           ,24942.83984       ,0.00000               ,0.000         ,5.170         ,5.170         ,0.000         ,-0.001        
16:11:06.900936     ,0.881       ,0.000       ,20.028      ,14.320      ,14.320      ,14.596      ,-0.276      ,0.000       ,0.000          ,0.000       ,0.000       ,0.000       ,0.000       ,0.000       ,0.000       ,0.000       ,0.00000       ,571           ,0.044           ,50.186        ,-74.000             ,0.258               ,0.000           ,24942.82422       ,0.00000               ,0.000         ,5.160         ,5.160         ,0.000         ,0.000         
16:11:06.909386     ,0.881       ,0.000       ,20.028      ,14.370      ,14.370      ,14.596      ,-0.226      ,0.000       ,0.000          ,0.000       ,0.000       ,0.000       ,0.000       ,0.000       ,0.000       ,0.000       ,0.00000       ,537           ,0.041           ,47.197        ,-73.800             ,0.258               ,0.000           ,24942.81445       ,0.00000               ,0.000         ,5.160         ,5.160         ,0.000         ,0.000         
16:11:06.915831     ,0.881       ,0.000       ,20.028      ,14.420      ,14.420      ,14.596      ,-0.176      ,0.000       ,0.000          ,0.000       ,0.000       ,0.000       ,0.000       ,0.000       ,0.000       ,0.000       ,0.00000       ,504           ,0.039           ,44.297        ,-73.200             ,0.256               ,0.000           ,24942.80469       ,0.00000               ,0.000         ,5.160         ,5.160         ,0.000         ,0.000         
16:11:06.929760     ,0.881       ,0.000       ,20.028      ,14.400      ,14.400      ,14.596      ,-0.196      ,0.000       ,0.000          ,0.000       ,0.000       ,0.000       ,0.000       ,0.000       ,0.000       ,0.000       ,0.00000       ,471           ,0.036           ,41.396        ,-72.800             ,0.254               ,0.000           ,24942.79297       ,0.00000               ,0.000         ,5.160         ,5.160         ,0.000         ,-0.001        
16:11:06.939736     ,0.881       ,0.000       ,20.028      ,14.390      ,14.390      ,14.596      ,-0.206      ,0.000       ,0.000          ,0.000       ,0.000       ,0.000       ,0.000       ,0.000       ,0.000       ,0.000       ,0.00000       ,438           ,0.034           ,38.496        ,-72.200             ,0.252               ,0.000           ,24942.78320       ,0.00000               ,0.000         ,5.150         ,5.150         ,0.000         ,-0.001        
16:11:06.950052     ,0.881       ,0.000       ,20.028      ,14.370      ,14.370      ,14.596      ,-0.226      ,0.000       ,0.000          ,0.000       ,0.000       ,0.000       ,0.000       ,0.000       ,0.000       ,0.000       ,0.00000       ,405           ,0.031           ,35.596        ,-71.600             ,0.250               ,0.000           ,24942.77148       ,0.00000               ,0.000         ,5.150         ,5.150         ,0.000         ,-0.001        
16:11:06.956557     ,0.881       ,0.000       ,20.028      ,14.270      ,14.270      ,14.596      ,-0.326      ,0.000       ,0.000          ,0.000       ,0.000       ,0.000       ,0.000       ,0.000       ,0.000       ,0.000       ,0.00000       ,373           ,0.029           ,32.783        ,-71.000             ,0.248               ,0.000           ,24942.76367       ,0.00000               ,0.000         ,5.150         ,5.150         ,0.000         ,0.000         
16:11:06.965823     ,0.881       ,0.000       ,20.028      ,14.280      ,14.280      ,14.596      ,-0.316      ,0.000       ,0.000          ,0.000       ,0.000       ,0.000       ,0.000       ,0.000       ,0.000       ,0.000       ,0.00000       ,341           ,0.026           ,29.971        ,-70.200             ,0.245               ,0.000           ,24942.75195       ,0.00000               ,0.000         ,5.150         ,5.150         ,0.000         ,0.000         
16:11:06.978926     ,0.881       ,0.000       ,20.028      ,14.310      ,14.310      ,14.596      ,-0.286      ,0.000       ,0.000          ,0.000       ,0.000       ,0.000       ,0.000       ,0.000       ,0.000       ,0.000       ,0.00000       ,308           ,0.024           ,27.070        ,-69.800             ,0.244               ,0.000           ,24942.73828       ,0.00000               ,0.000         ,5.150         ,5.150         ,0.000         ,-0.001        
16:11:06.987467     ,0.881       ,0.000       ,20.028      ,14.270      ,14.270      ,14.596      ,-0.326      ,0.000       ,0.000          ,0.000       ,0.000       ,0.000       ,0.000       ,0.000       ,0.000       ,0.000       ,0.00000       ,277           ,0.021           ,24.346        ,-69.400             ,0.242               ,0.000           ,24942.73047       ,0.00000               ,0.000         ,5.150         ,5.150         ,0.000         ,-0.001        
16:11:06.995825     ,0.881       ,0.000       ,20.028      ,14.240      ,14.240      ,14.596      ,-0.356      ,0.000       ,0.000          ,0.000       ,0.000       ,0.000       ,0.000       ,0.000       ,0.000       ,0.000       ,0.00000       ,245           ,0.019           ,21.533        ,-69.000             ,0.241               ,0.000           ,24942.71875       ,0.00000               ,0.000         ,5.160         ,5.160         ,0.000         ,0.001         
16:11:07.007825     ,0.881       ,0.000       ,20.028      ,14.310      ,14.310      ,14.596      ,-0.286      ,0.000       ,0.000          ,0.000       ,0.000       ,0.000       ,0.000       ,0.000       ,0.000       ,0.000       ,0.00000       ,214           ,0.016           ,18.809        ,-69.000             ,0.241               ,0.000           ,24942.70508       ,0.00000               ,0.000         ,5.160         ,5.160         ,0.000         ,0.000         
16:11:07.020579     ,0.881       ,0.000       ,20.028      ,14.360      ,14.360      ,14.596      ,-0.236      ,0.000       ,0.000          ,0.000       ,0.000       ,0.000       ,0.000       ,0.000       ,0.000       ,0.000       ,0.00000       ,182           ,0.014           ,15.996        ,-68.800             ,0.240               ,0.000           ,24942.69141       ,0.00000               ,0.000         ,5.160         ,5.160         ,0.000         ,0.000         
16:11:07.027032     ,0.881       ,0.000       ,20.028      ,14.310      ,14.310      ,14.596      ,-0.286      ,0.000       ,0.000          ,0.000       ,0.000       ,0.000       ,0.000       ,0.000       ,0.000       ,0.000       ,0.00000       ,151           ,0.012           ,13.271        ,-68.400             ,0.239               ,0.000           ,24942.68555       ,0.00000               ,0.000         ,5.160         ,5.160         ,0.000         ,-0.001        
16:11:07.039463     ,0.881       ,0.000       ,20.061      ,14.250      ,14.250      ,14.596      ,-0.346      ,0.000       ,0.000          ,0.000       ,0.000       ,0.000       ,0.000       ,0.000       ,0.000       ,0.000       ,0.00000       ,120           ,0.009           ,10.547        ,-68.000             ,0.237               ,0.000           ,24942.67578       ,0.00000               ,0.000         ,5.160         ,5.160         ,0.000         ,0.000         
16:11:07.050462     ,0.881       ,0.000       ,20.061      ,14.280      ,14.280      ,14.596      ,-0.316      ,0.000       ,0.000          ,0.000       ,0.000       ,0.000       ,0.000       ,0.000       ,0.000       ,0.000       ,0.00000       ,89            ,0.007           ,7.822         ,-67.800             ,0.237               ,0.000           ,24942.66016       ,0.00000               ,0.000         ,5.170         ,5.170         ,0.000         ,0.000         
16:11:07.056862     ,0.881       ,0.000       ,20.061      ,14.260      ,14.260      ,14.596      ,-0.336      ,0.000       ,0.000          ,0.000       ,0.000       ,0.000       ,0.000       ,0.000       ,0.000       ,0.000       ,0.00000       ,59            ,0.005           ,5.186         ,-67.400             ,0.235               ,0.000           ,24942.65430       ,0.00000               ,0.000         ,5.170         ,5.170         ,0.000         ,-0.001        
16:11:07.065826     ,0.881       ,0.000       ,20.061      ,14.240      ,14.240      ,14.596      ,-0.356      ,0.000       ,0.000          ,0.000       ,0.000       ,0.000       ,0.000       ,0.000       ,0.000       ,0.000       ,0.00000       ,29            ,0.002           ,2.549         ,-67.000             ,0.234               ,0.000           ,24942.64258       ,0.00000               ,0.000         ,5.170         ,5.170         ,0.000         ,-0.001        
16:11:07.078107     ,0.881       ,0.000       ,20.061      ,14.270      ,14.270      ,14.596      ,-0.326      ,0.000       ,0.000          ,0.000       ,0.000       ,0.000       ,0.000       ,0.000       ,0.000       ,0.000       ,0.00000       ,2147483646    ,-0.000          ,359.824       ,-66.600             ,0.232               ,0.000           ,24942.63281       ,0.00000               ,0.000         ,5.170         ,5.170         ,0.000         ,0.001         
16:11:07.085819     ,0.881       ,0.000       ,20.061      ,13.610      ,13.610      ,14.596      ,-0.986      ,0.000       ,0.000          ,0.000       ,0.000       ,0.000       ,0.000       ,0.000       ,0.000       ,0.000       ,0.00000       ,2147483622    ,-0.002          ,357.715       ,-66.000             ,0.230               ,0.000           ,24942.62500       ,0.00000               ,0.000         ,5.170         ,5.170         ,0.000         ,-0.001        
16:11:07.099454     ,0.881       ,0.000       ,20.061      ,0.950       ,0.950       ,14.596      ,-13.646     ,0.000       ,0.000          ,0.000       ,0.000       ,0.000       ,0.000       ,0.000       ,0.000       ,0.000       ,0.00000       ,2147483608    ,-0.003          ,356.484       ,-64.600             ,0.225               ,0.000           ,24942.62500       ,0.00000               ,0.000         ,5.180         ,5.180         ,0.000         ,-0.001        
16:11:07.106898     ,0.881       ,0.000       ,20.061      ,0.100       ,0.100       ,14.596      ,-14.496     ,0.000       ,0.000          ,0.000       ,0.000       ,0.000       ,0.000       ,0.000       ,0.000       ,0.000       ,0.00000       ,2147483603    ,-0.003          ,356.045       ,-62.000             ,0.216               ,0.000           ,24942.62695       ,0.00000               ,0.000         ,5.180         ,5.180         ,0.000         ,0.001         
16:11:07.115820     ,0.881       ,0.000       ,20.061      ,1.030       ,1.030       ,14.596      ,-13.566     ,0.000       ,0.000          ,0.000       ,0.000       ,0.000       ,0.000       ,0.000       ,0.000       ,0.000       ,0.00000       ,2147483605    ,-0.003          ,356.221       ,-56.600             ,0.198               ,0.000           ,24942.62695       ,0.00000               ,0.000         ,5.180         ,5.180         ,0.000         ,-0.001        
16:11:07.129374     ,0.881       ,0.000       ,20.061      ,3.590       ,3.590       ,14.596      ,-11.006     ,0.000       ,0.000          ,0.000       ,0.000       ,0.000       ,0.000       ,0.000       ,0.000       ,0.000       ,0.00000       ,2147483615    ,-0.003          ,357.100       ,-51.600             ,0.180               ,0.000           ,24942.62891       ,0.00000               ,0.000         ,5.190         ,5.190         ,0.000         ,0.000         
16:11:07.139281     ,0.878       ,0.000       ,20.044      ,12.790      ,12.790      ,14.596      ,-1.806      ,0.000       ,0.000          ,0.000       ,0.000       ,0.000       ,0.000       ,0.000       ,0.000       ,0.000       ,0.00000       ,2147483626    ,-0.002          ,358.066       ,-44.600             ,0.156               ,0.000           ,24942.63086       ,0.00000               ,0.000         ,5.190         ,5.190         ,0.000         ,-0.001        
16:11:07.149667     ,0.878       ,0.000       ,20.044      ,16.930      ,16.930      ,14.596      ,2.334       ,0.000       ,0.000          ,0.000       ,0.000       ,0.000       ,0.000       ,0.000       ,0.000       ,0.000       ,0.00000       ,2147483638    ,-0.001          ,359.121       ,-40.600             ,0.142               ,0.000           ,24942.63281       ,0.00000               ,0.000         ,5.200         ,5.200         ,0.000         ,-0.001        
16:11:07.156102     ,0.878       ,0.000       ,20.044      ,18.380      ,18.380      ,14.596      ,3.784       ,0.000       ,0.000          ,0.000       ,0.000       ,0.000       ,0.000       ,0.000       ,0.000       ,0.000       ,0.00000       ,1             ,0.000           ,0.088         ,-36.600             ,0.128               ,0.000           ,24942.63672       ,0.00000               ,0.000         ,5.200         ,5.200         ,0.000         ,0.000         
16:11:07.165853     ,0.878       ,0.000       ,20.044      ,16.980      ,16.980      ,14.596      ,2.384       ,0.000       ,0.000          ,0.000       ,0.000       ,0.000       ,0.000       ,0.000       ,0.000       ,0.000       ,0.00000       ,1             ,0.000           ,0.088         ,-31.000             ,0.108               ,0.000           ,24942.64062       ,0.00000               ,0.000         ,5.200         ,5.200         ,0.000         ,-0.001        
16:11:07.176188     ,0.878       ,0.000       ,20.044      ,16.370      ,16.370      ,14.596      ,1.774       ,0.000       ,0.000          ,0.000       ,0.000       ,0.000       ,0.000       ,0.000       ,0.000       ,0.000       ,0.00000       ,25            ,0.002           ,2.197         ,-26.800             ,0.094               ,0.000           ,24942.64648       ,0.00000               ,0.000         ,5.210         ,5.210         ,0.000         ,-0.001        
16:11:07.185838     ,0.878       ,0.000       ,20.044      ,16.030      ,16.030      ,14.596      ,1.434       ,0.000       ,0.000          ,0.000       ,0.000       ,0.000       ,0.000       ,0.000       ,0.000       ,0.000       ,0.00000       ,38            ,0.003           ,3.340         ,-20.600             ,0.072               ,0.000           ,24942.65039       ,0.00000               ,0.000         ,5.210         ,5.210         ,0.000         ,0.000         
16:11:07.199654     ,0.878       ,0.000       ,20.044      ,12.070      ,12.070      ,14.596      ,-2.526      ,0.000       ,0.000          ,0.000       ,0.000       ,0.000       ,0.000       ,0.000       ,0.000       ,0.000       ,0.00000       ,47            ,0.004           ,4.131         ,-16.600             ,0.058               ,0.000           ,24942.65234       ,0.00000               ,0.000         ,5.210         ,5.210         ,0.000         ,0.000         
16:11:07.207155     ,0.878       ,0.000       ,20.044      ,11.330      ,11.330      ,14.596      ,-3.266      ,0.000       ,0.000          ,0.000       ,0.000       ,0.000       ,0.000       ,0.000       ,0.000       ,0.000       ,0.00000       ,53            ,0.004           ,4.658         ,-13.200             ,0.046               ,0.000           ,24942.65430       ,0.00000               ,0.000         ,5.220         ,5.220         ,0.000         ,-0.001        
16:11:07.215882     ,0.878       ,0.000       ,20.044      ,14.910      ,14.910      ,14.596      ,0.314       ,0.000       ,0.000          ,0.000       ,0.000       ,0.000       ,0.000       ,0.000       ,0.000       ,0.000       ,0.00000       ,56            ,0.004           ,4.922         ,-10.000             ,0.035               ,0.000           ,24942.65430       ,0.00000               ,0.000         ,5.220         ,5.220         ,0.000         ,-0.001        
16:11:07.229051     ,0.878       ,0.000       ,20.044      ,17.200      ,17.200      ,14.596      ,2.604       ,0.000       ,0.000          ,0.000       ,0.000       ,0.000       ,0.000       ,0.000       ,0.000       ,0.000       ,0.00000       ,58            ,0.004           ,5.098         ,-8.600              ,0.030               ,0.000           ,24942.65625       ,0.00000               ,0.000         ,5.220         ,5.220         ,0.000         ,-0.001        
16:11:07.239308     ,0.881       ,0.000       ,20.044      ,17.930      ,17.930      ,14.596      ,3.334       ,0.000       ,0.000          ,0.000       ,0.000       ,0.000       ,0.000       ,0.000       ,0.000       ,0.000       ,0.00000       ,61            ,0.005           ,5.361         ,-6.800              ,0.024               ,0.000           ,24942.65820       ,0.00000               ,0.000         ,5.230         ,5.230         ,0.000         ,0.000         
16:11:07.250402     ,0.881       ,0.000       ,20.044      ,17.210      ,17.210      ,14.596      ,2.614       ,0.000       ,0.000          ,0.000       ,0.000       ,0.000       ,0.000       ,0.000       ,0.000       ,0.000       ,0.00000       ,67            ,0.005           ,5.889         ,-5.600              ,0.020               ,0.000           ,24942.66016       ,0.00000               ,0.000         ,5.230         ,5.230         ,0.000         ,0.000         
16:11:07.256716     ,0.881       ,0.000       ,20.044      ,15.320      ,15.320      ,14.596      ,0.724       ,0.000       ,0.000          ,0.000       ,0.000       ,0.000       ,0.000       ,0.000       ,0.000       ,0.000       ,0.00000       ,73            ,0.006           ,6.416         ,-4.400              ,0.015               ,0.000           ,24942.66016       ,0.00000               ,0.000         ,5.230         ,5.230         ,0.000         ,0.000         
16:11:07.265816     ,0.881       ,0.000       ,20.044      ,14.210      ,14.210      ,14.596      ,-0.386      ,0.000       ,0.000          ,0.000       ,0.000       ,0.000       ,0.000       ,0.000       ,0.000       ,0.000       ,0.00000       ,77            ,0.006           ,6.768         ,-2.800              ,0.010               ,0.000           ,24942.66211       ,0.00000               ,0.000         ,5.230         ,5.230         ,0.000         ,-0.001        
16:11:07.278752     ,0.881       ,0.000       ,20.044      ,12.720      ,12.720      ,14.596      ,-1.876      ,0.000       ,0.000          ,0.000       ,0.000       ,0.000       ,0.000       ,0.000       ,0.000       ,0.000       ,0.00000       ,78            ,0.006           ,6.855         ,-1.800              ,0.006               ,0.000           ,24942.66211       ,0.00000               ,0.000         ,5.240         ,5.240         ,0.000         ,-0.001        
16:11:07.286082     ,0.881       ,0.000       ,20.044      ,13.420      ,13.420      ,14.596      ,-1.176      ,0.000       ,0.000          ,0.000       ,0.000       ,0.000       ,0.000       ,0.000       ,0.000       ,0.000       ,0.00000       ,78            ,0.006           ,6.855         ,-1.200              ,0.004               ,0.000           ,24942.66016       ,0.00000               ,0.000         ,5.240         ,5.240         ,0.000         ,-0.001        
16:11:07.295810     ,0.881       ,0.000       ,20.044      ,15.690      ,15.690      ,14.596      ,1.094       ,0.000       ,0.000          ,0.000       ,0.000       ,0.000       ,0.000       ,0.000       ,0.000       ,0.000       ,0.00000       ,76            ,0.006           ,6.680         ,-1.000              ,0.003               ,0.000           ,24942.66016       ,0.00000               ,0.000         ,5.240         ,5.240         ,0.000         ,0.000         
16:11:07.306166     ,0.881       ,0.000       ,20.044      ,16.510      ,16.510      ,14.596      ,1.914       ,0.000       ,0.000          ,0.000       ,0.000       ,0.000       ,0.000       ,0.000       ,0.000       ,0.000       ,0.00000       ,73            ,0.006           ,6.416         ,-1.000              ,0.003               ,0.000           ,24942.66016       ,0.00000               ,0.000         ,5.240         ,5.240         ,0.000         ,0.000         
16:11:07.319919     ,0.881       ,0.000       ,20.044      ,16.510      ,16.510      ,14.596      ,1.914       ,0.000       ,0.000          ,0.000       ,0.000       ,0.000       ,0.000       ,0.000       ,0.000       ,0.000       ,0.00000       ,71            ,0.005           ,6.240         ,-1.400              ,0.005               ,0.000           ,24942.66016       ,0.00000               ,0.000         ,5.240         ,5.240         ,0.000         ,0.000         
16:11:07.326351     ,0.881       ,0.000       ,20.044      ,16.510      ,16.510      ,14.596      ,1.914       ,0.000       ,0.000          ,0.000       ,0.000       ,0.000       ,0.000       ,0.000       ,0.000       ,0.000       ,0.00000       ,71            ,0.005           ,6.240         ,-1.800              ,0.006               ,0.000           ,24942.66016       ,0.00000               ,0.000         ,5.240         ,5.240         ,0.000         ,0.000         
16:11:07.339308     ,0.881       ,0.000       ,20.028      ,13.780      ,13.780      ,14.596      ,-0.816      ,0.000       ,0.000          ,0.000       ,0.000       ,0.000       ,0.000       ,0.000       ,0.000       ,0.000       ,0.00000       ,70            ,0.005           ,6.152         ,-2.000              ,0.007               ,0.000           ,24942.66016       ,0.00000               ,0.000         ,5.220         ,5.220         ,0.000         ,-0.001        
16:11:07.348616     ,0.881       ,0.000       ,20.028      ,12.740      ,12.740      ,14.596      ,-1.856      ,0.000       ,0.000          ,0.000       ,0.000       ,0.000       ,0.000       ,0.000       ,0.000       ,0.000       ,0.00000       ,67            ,0.005           ,5.889         ,-2.000              ,0.007               ,0.000           ,24942.65625       ,0.00000               ,0.000         ,5.220         ,5.220         ,0.000         ,-0.001        
16:11:07.356055     ,0.881       ,0.000       ,20.028      ,13.250      ,13.250      ,14.596      ,-1.346      ,0.000       ,0.000          ,0.000       ,0.000       ,0.000       ,0.000       ,0.000       ,0.000       ,0.000       ,0.00000       ,61            ,0.005           ,5.361         ,-2.000              ,0.007               ,0.000           ,24942.65625       ,0.00000               ,0.000         ,5.220         ,5.220         ,0.000         ,-0.009        
16:11:07.365835     ,0.881       ,0.000       ,20.028      ,14.510      ,14.510      ,14.596      ,-0.086      ,0.000       ,0.000          ,0.000       ,0.000       ,0.000       ,0.000       ,0.000       ,0.000       ,0.000       ,0.00000       ,56            ,0.004           ,4.922         ,-2.400              ,0.008               ,0.000           ,24942.65430       ,0.00000               ,0.000         ,5.220         ,5.220         ,0.000         ,0.000         
16:11:07.379512     ,0.881       ,0.000       ,20.028      ,16.040      ,16.040      ,14.596      ,1.444       ,0.000       ,0.000          ,0.000       ,0.000       ,0.000       ,0.000       ,0.000       ,0.000       ,0.000       ,0.00000       ,50            ,0.004           ,4.395         ,-3.000              ,0.010               ,0.000           ,24942.65039       ,0.00000               ,0.000         ,5.220         ,5.220         ,0.000         ,-0.001        
16:11:07.387086     ,0.881       ,0.000       ,20.028      ,15.930      ,15.930      ,14.596      ,1.334       ,0.000       ,0.000          ,0.000       ,0.000       ,0.000       ,0.000       ,0.000       ,0.000       ,0.000       ,0.00000       ,45            ,0.003           ,3.955         ,-3.800              ,0.013               ,0.000           ,24942.65039       ,0.00000               ,0.000         ,5.220         ,5.220         ,0.000         ,0.000         
16:11:07.395819     ,0.881       ,0.000       ,20.028      ,15.930      ,15.930      ,14.596      ,1.334       ,0.000       ,0.000          ,0.000       ,0.000       ,0.000       ,0.000       ,0.000       ,0.000       ,0.000       ,0.00000       ,42            ,0.003           ,3.691         ,-4.800              ,0.017               ,0.000           ,24942.65039       ,0.00000               ,0.000         ,5.220         ,5.220         ,0.000         ,-0.001        
16:11:07.411023     ,0.881       ,0.000       ,20.028      ,15.040      ,15.040      ,14.596      ,0.444       ,0.000       ,0.000          ,0.000       ,0.000       ,0.000       ,0.000       ,0.000       ,0.000       ,0.000       ,0.00000       ,39            ,0.003           ,3.428         ,-5.000              ,0.017               ,0.000           ,24942.64844       ,0.00000               ,0.000         ,5.220         ,5.220         ,0.000         ,0.000         
16:11:07.417485     ,0.881       ,0.000       ,20.028      ,13.070      ,13.070      ,14.596      ,-1.526      ,0.000       ,0.000          ,0.000       ,0.000       ,0.000       ,0.000       ,0.000       ,0.000       ,0.000       ,0.00000       ,36            ,0.003           ,3.164         ,-5.000              ,0.017               ,0.000           ,24942.64648       ,0.00000               ,0.000         ,5.220         ,5.220         ,0.000         ,0.000         
16:11:07.425822     ,0.881       ,0.000       ,20.028      ,12.650      ,12.650      ,14.596      ,-1.946      ,0.000       ,0.000          ,0.000       ,0.000       ,0.000       ,0.000       ,0.000       ,0.000       ,0.000       ,0.00000       ,31            ,0.002           ,2.725         ,-5.000              ,0.017               ,0.000           ,24942.64648       ,0.00000               ,0.000         ,5.220         ,5.220         ,0.000         ,-0.001        
16:11:07.441538     ,0.878       ,0.000       ,20.011      ,14.310      ,14.310      ,14.596      ,-0.286      ,0.000       ,0.000          ,0.000       ,0.000       ,0.000       ,0.000       ,0.000       ,0.000       ,0.000       ,0.00000       ,25            ,0.002           ,2.197         ,-5.600              ,0.020               ,0.000           ,24942.64062       ,0.00000               ,0.000         ,5.220         ,5.220         ,0.000         ,0.000         
16:11:07.455814     ,0.878       ,0.000       ,20.011      ,15.710      ,15.710      ,14.596      ,1.114       ,0.000       ,0.000          ,0.000       ,0.000       ,0.000       ,0.000       ,0.000       ,0.000       ,0.000       ,0.00000       ,14            ,0.001           ,1.230         ,-6.600              ,0.023               ,0.000           ,24942.64062       ,0.00000               ,0.000         ,5.220         ,5.220         ,0.000         ,0.005         
16:11:07.468405     ,0.878       ,0.000       ,20.011      ,15.300      ,15.300      ,14.596      ,0.704       ,0.000       ,0.000          ,0.000       ,0.000       ,0.000       ,0.000       ,0.000       ,0.000       ,0.000       ,0.00000       ,11            ,0.001           ,0.967         ,-7.000              ,0.024               ,0.000           ,24942.63867       ,0.00000               ,0.000         ,5.240         ,5.240         ,0.000         ,-0.001        
16:11:07.475955     ,0.878       ,0.000       ,20.011      ,14.620      ,14.620      ,14.596      ,0.024       ,0.000       ,0.000          ,0.000       ,0.000       ,0.000       ,0.000       ,0.000       ,0.000       ,0.000       ,0.00000       ,8             ,0.001           ,0.703         ,-7.000              ,0.024               ,0.000           ,24942.63867       ,0.00000               ,0.000         ,5.240         ,5.240         ,0.000         ,0.000         
