Time                ,Current(A)  ,TargetCurrent(A),Voltage(V)  ,PressureRaw(kg),PressureFiltered(kg),F0(kg)      ,DeltaF      ,PI_P(mA)    ,PI_I(mA)    ,PI_D(mA)    ,PI_LastCurrent(mA),Feedforward(mA),AlgoDeltaF(kg),AlgoPressure(kg),RopeLength(m) ,EncoderValue  ,EncoderAngle(deg),MotorSpeed(rpm),MotorLinearVel(m/s) ,MotorTheoryVel(m/s) ,MotorPosition(m),RopeVelocityRaw(m/s),RopeVelocityFiltered(m/s),WeightRaw(kg) ,WeightFiltered(kg),TargetTorque(Nm),ActualTorque(Nm)
17:42:06.194417     ,0.051       ,0.880       ,0.869       ,16.180      ,16.175      ,16.172      ,0.003       ,0.017       ,-0.000      ,-0.068      ,-0.068      ,880.000     ,0.003       ,16.175      ,0.00000       ,1517          ,133.330         ,0.000         ,-0.000              ,-0.000              ,23921.871       ,0.00000           ,0.00000               ,0.000         ,0.000         ,0.000         ,0.001         
17:42:06.205185     ,0.051       ,0.880       ,0.885       ,16.190      ,16.175      ,16.172      ,0.003       ,0.017       ,-0.000      ,-0.068      ,-0.068      ,880.000     ,0.003       ,16.175      ,0.00000       ,1517          ,133.330         ,0.000         ,-0.000              ,-0.000              ,23921.871       ,0.00000           ,0.00000               ,0.000         ,0.000         ,0.000         ,0.000         
17:42:06.214364     ,0.051       ,0.880       ,0.869       ,16.190      ,16.176      ,16.172      ,0.004       ,0.021       ,-0.000      ,-0.059      ,-0.059      ,880.000     ,0.004       ,16.176      ,0.00000       ,1517          ,133.330         ,0.000         ,-0.000              ,-0.000              ,23921.871       ,0.00000           ,0.00000               ,0.000         ,0.000         ,0.000         ,0.000         
17:42:06.226264     ,0.049       ,0.880       ,0.869       ,16.190      ,16.176      ,16.172      ,0.004       ,0.021       ,-0.000      ,-0.059      ,-0.059      ,880.000     ,0.004       ,16.176      ,0.00000       ,1517          ,133.330         ,0.000         ,-0.000              ,-0.000              ,23921.871       ,0.00000           ,0.00000               ,0.000         ,0.000         ,0.000         ,0.000         
17:42:06.234384     ,0.051       ,0.880       ,0.869       ,16.180      ,16.176      ,16.172      ,0.004       ,0.019       ,-0.000      ,-0.106      ,-0.106      ,880.000     ,0.004       ,16.176      ,0.00000       ,1517          ,133.330         ,0.000         ,-0.000              ,-0.000              ,23921.871       ,0.00000           ,0.00000               ,0.000         ,0.000         ,0.000         ,0.000         
17:42:06.246084     ,0.049       ,0.880       ,0.885       ,16.180      ,16.176      ,16.172      ,0.004       ,0.019       ,-0.000      ,-0.106      ,-0.106      ,880.000     ,0.004       ,16.176      ,0.00000       ,1517          ,133.330         ,0.000         ,-0.000              ,-0.000              ,23921.871       ,0.00000           ,0.00000               ,0.000         ,0.000         ,0.000         ,0.001         
17:42:06.254365     ,0.049       ,0.880       ,0.869       ,16.180      ,16.175      ,16.172      ,0.003       ,0.015       ,-0.000      ,-0.082      ,-0.082      ,880.000     ,0.003       ,16.175      ,0.00000       ,1517          ,133.330         ,0.000         ,-0.000              ,-0.000              ,23921.871       ,0.00000           ,0.00000               ,0.000         ,0.000         ,0.000         ,0.001         
17:42:06.265631     ,0.051       ,0.880       ,0.885       ,16.190      ,16.176      ,16.172      ,0.003       ,0.015       ,-0.000      ,-0.082      ,-0.082      ,880.000     ,0.003       ,16.175      ,0.00000       ,1517          ,133.330         ,0.000         ,-0.000              ,-0.000              ,23921.871       ,0.00000           ,0.00000               ,0.000         ,0.000         ,0.000         ,0.001         
17:42:06.274366     ,0.049       ,0.880       ,0.885       ,16.190      ,16.177      ,16.172      ,0.005       ,0.026       ,-0.000      ,-0.116      ,-0.116      ,880.000     ,0.005       ,16.177      ,0.00000       ,1517          ,133.330         ,0.000         ,-0.000              ,-0.000              ,23921.871       ,0.00000           ,0.00000               ,0.000         ,0.000         ,0.000         ,0.001         
17:42:06.286646     ,0.049       ,0.880       ,0.869       ,16.180      ,16.177      ,16.172      ,0.005       ,0.026       ,-0.000      ,-0.116      ,-0.116      ,880.000     ,0.005       ,16.177      ,0.00000       ,1517          ,133.330         ,0.000         ,-0.000              ,-0.000              ,23921.871       ,0.00000           ,0.00000               ,0.000         ,0.000         ,0.000         ,0.001         
17:42:06.294363     ,0.049       ,0.880       ,0.869       ,16.180      ,16.176      ,16.172      ,0.005       ,0.023       ,-0.000      ,-0.102      ,-0.102      ,880.000     ,0.005       ,16.176      ,0.00000       ,1517          ,133.330         ,0.000         ,-0.000              ,-0.000              ,23921.871       ,0.00000           ,0.00000               ,0.000         ,0.000         ,0.000         ,0.001         
17:42:06.306521     ,0.049       ,0.880       ,0.869       ,16.180      ,16.176      ,16.172      ,0.005       ,0.023       ,-0.000      ,-0.102      ,-0.102      ,880.000     ,0.005       ,16.176      ,0.00000       ,1517          ,133.330         ,0.000         ,-0.000              ,-0.000              ,23921.871       ,0.00000           ,0.00000               ,0.000         ,0.000         ,-0.000        ,-0.004        
17:42:06.314461     ,0.051       ,0.880       ,0.885       ,16.190      ,16.176      ,16.172      ,0.006       ,0.028       ,-0.000      ,-0.082      ,-0.082      ,880.000     ,0.006       ,16.177      ,0.00000       ,1517          ,133.330         ,0.000         ,-0.000              ,-0.000              ,23921.871       ,0.00000           ,0.00000               ,0.000         ,0.000         ,-0.000        ,-0.004        
17:42:06.325351     ,0.051       ,0.880       ,0.885       ,16.180      ,16.175      ,16.172      ,0.005       ,0.024       ,-0.000      ,-0.134      ,-0.134      ,880.000     ,0.005       ,16.176      ,0.00000       ,1517          ,133.330         ,0.000         ,-0.000              ,-0.000              ,23921.871       ,0.00000           ,0.00000               ,0.000         ,0.000         ,0.000         ,0.000         
17:42:06.334430     ,0.049       ,0.880       ,0.885       ,16.180      ,16.175      ,16.172      ,0.003       ,0.014       ,-0.000      ,-0.077      ,-0.077      ,880.000     ,0.003       ,16.175      ,0.00000       ,1517          ,133.330         ,0.000         ,-0.000              ,-0.000              ,23921.871       ,0.00000           ,0.00000               ,0.000         ,0.000         ,0.000         ,0.000         
17:42:06.346141     ,0.049       ,0.880       ,0.869       ,16.190      ,16.178      ,16.172      ,0.004       ,0.018       ,-0.000      ,-0.019      ,-0.019      ,880.000     ,0.004       ,16.175      ,0.00000       ,1517          ,133.330         ,0.000         ,-0.000              ,-0.000              ,23921.871       ,0.00000           ,0.00000               ,0.000         ,0.000         ,-0.001        ,-0.008        
17:42:06.354404     ,0.049       ,0.880       ,0.869       ,16.190      ,16.177      ,16.172      ,0.006       ,0.029       ,-0.000      ,-0.087      ,-0.087      ,880.000     ,0.006       ,16.178      ,0.00000       ,1517          ,133.330         ,0.000         ,-0.000              ,-0.000              ,23921.871       ,0.00000           ,0.00000               ,0.000         ,0.000         ,-0.001        ,-0.008        
17:42:06.364832     ,0.051       ,0.880       ,0.869       ,16.190      ,16.177      ,16.172      ,0.006       ,0.029       ,-0.000      ,-0.163      ,-0.163      ,880.000     ,0.006       ,16.177      ,0.00000       ,1517          ,133.330         ,0.000         ,-0.000              ,-0.000              ,23921.871       ,0.00000           ,0.00000               ,0.000         ,0.000         ,-0.001        ,-0.013        
17:42:06.374372     ,0.049       ,0.880       ,0.885       ,16.180      ,16.177      ,16.172      ,0.006       ,0.028       ,-0.000      ,-0.112      ,-0.112      ,880.000     ,0.006       ,16.177      ,0.00000       ,1517          ,133.330         ,0.000         ,-0.000              ,-0.000              ,23921.871       ,0.00000           ,0.00000               ,0.000         ,0.000         ,-0.001        ,-0.013        
17:42:06.387967     ,0.049       ,0.880       ,0.869       ,16.180      ,16.177      ,16.172      ,0.006       ,0.028       ,-0.000      ,-0.112      ,-0.112      ,880.000     ,0.006       ,16.177      ,0.00000       ,1517          ,133.330         ,0.000         ,-0.000              ,-0.000              ,23921.871       ,0.00000           ,0.00000               ,0.000         ,0.000         ,0.000         ,0.001         
17:42:06.394366     ,0.049       ,0.880       ,0.885       ,16.180      ,16.176      ,16.172      ,0.004       ,0.021       ,-0.000      ,-0.116      ,-0.116      ,880.000     ,0.004       ,16.176      ,0.00000       ,1517          ,133.330         ,0.000         ,-0.000              ,-0.000              ,23921.871       ,0.00000           ,0.00000               ,0.000         ,0.000         ,0.000         ,0.001         
17:42:06.406701     ,0.049       ,0.880       ,0.869       ,16.180      ,16.175      ,16.172      ,0.004       ,0.021       ,-0.000      ,-0.116      ,-0.116      ,880.000     ,0.004       ,16.176      ,0.00000       ,1517          ,133.330         ,0.000         ,-0.000              ,-0.000              ,23921.871       ,0.00000           ,0.00000               ,0.000         ,0.000         ,-0.001        ,-0.006        
17:42:06.414363     ,0.049       ,0.880       ,0.869       ,16.180      ,16.173      ,16.172      ,0.002       ,0.008       ,-0.000      ,-0.033      ,-0.033      ,880.000     ,0.002       ,16.173      ,0.00000       ,1517          ,133.330         ,0.000         ,-0.000              ,-0.000              ,23921.871       ,0.00000           ,0.00000               ,0.000         ,0.000         ,-0.001        ,-0.006        
17:42:06.424412     ,0.051       ,0.880       ,0.885       ,16.180      ,16.173      ,16.172      ,0.002       ,0.008       ,-0.000      ,-0.033      ,-0.033      ,880.000     ,0.002       ,16.173      ,0.00000       ,1517          ,133.330         ,0.000         ,-0.000              ,-0.000              ,23921.871       ,0.00000           ,0.00000               ,0.000         ,0.000         ,0.000         ,0.001         
17:42:06.434513     ,0.051       ,0.880       ,0.869       ,16.190      ,16.174      ,16.172      ,0.002       ,0.009       ,-0.000      ,-0.008      ,-0.008      ,880.000     ,0.002       ,16.173      ,0.00000       ,1517          ,133.330         ,0.000         ,-0.000              ,-0.000              ,23921.871       ,0.00000           ,0.00000               ,0.000         ,0.000         ,0.000         ,0.001         
17:42:06.445456     ,0.051       ,0.880       ,0.885       ,16.190      ,16.175      ,16.172      ,0.003       ,0.014       ,-0.000      ,-0.038      ,-0.038      ,880.000     ,0.003       ,16.174      ,0.00000       ,1517          ,133.330         ,0.000         ,-0.000              ,-0.000              ,23921.871       ,0.00000           ,0.00000               ,0.000         ,0.000         ,0.000         ,0.001         
17:42:06.454365     ,0.051       ,0.880       ,0.869       ,16.190      ,16.175      ,16.172      ,0.004       ,0.018       ,-0.000      ,-0.070      ,-0.070      ,880.000     ,0.004       ,16.175      ,0.00000       ,1517          ,133.330         ,0.000         ,-0.000              ,-0.000              ,23921.871       ,0.00000           ,0.00000               ,0.000         ,0.000         ,0.000         ,0.001         
17:42:06.464364     ,0.049       ,0.880       ,0.885       ,16.190      ,16.176      ,16.172      ,0.005       ,0.024       ,-0.000      ,-0.082      ,-0.082      ,880.000     ,0.005       ,16.176      ,0.00000       ,1517          ,133.330         ,0.000         ,-0.000              ,-0.000              ,23921.871       ,0.00000           ,0.00000               ,0.000         ,0.000         ,-0.000        ,-0.004        
17:42:06.474374     ,0.049       ,0.880       ,0.869       ,16.190      ,16.178      ,16.172      ,0.007       ,0.034       ,-0.000      ,-0.119      ,-0.119      ,880.000     ,0.007       ,16.178      ,0.00000       ,1517          ,133.330         ,0.000         ,-0.000              ,-0.000              ,23921.871       ,0.00000           ,0.00000               ,0.000         ,0.000         ,-0.000        ,-0.004        
17:42:06.484490     ,0.049       ,0.880       ,0.869       ,16.180      ,16.178      ,16.172      ,0.007       ,0.034       ,-0.000      ,-0.119      ,-0.119      ,880.000     ,0.007       ,16.178      ,0.00000       ,1517          ,133.330         ,0.000         ,-0.000              ,-0.000              ,23921.871       ,0.00000           ,0.00000               ,0.000         ,0.000         ,-0.000        ,-0.004        
17:42:06.494365     ,0.049       ,0.880       ,0.885       ,16.180      ,16.178      ,16.172      ,0.006       ,0.030       ,-0.000      ,-0.174      ,-0.174      ,880.000     ,0.006       ,16.178      ,0.00000       ,1517          ,133.330         ,0.000         ,-0.000              ,-0.000              ,23921.871       ,0.00000           ,0.00000               ,0.000         ,0.000         ,-0.000        ,-0.004        
17:42:06.504378     ,0.049       ,0.880       ,0.885       ,16.180      ,16.178      ,16.172      ,0.006       ,0.030       ,-0.000      ,-0.174      ,-0.174      ,880.000     ,0.006       ,16.178      ,0.00000       ,1517          ,133.330         ,0.000         ,-0.000              ,-0.000              ,23921.871       ,0.00000           ,0.00000               ,0.000         ,0.000         ,0.000         ,0.003         
17:42:06.520255     ,0.049       ,0.880       ,0.869       ,16.190      ,16.179      ,16.172      ,0.006       ,0.030       ,-0.000      ,-0.174      ,-0.174      ,880.000     ,0.006       ,16.178      ,0.00000       ,1517          ,133.330         ,0.000         ,-0.000              ,-0.000              ,23921.871       ,0.00000           ,0.00000               ,0.000         ,0.000         ,-0.000        ,-0.003        
17:42:06.524379     ,0.049       ,0.880       ,0.869       ,16.190      ,16.178      ,16.172      ,0.007       ,0.034       ,-0.000      ,-0.106      ,-0.106      ,880.000     ,0.007       ,16.179      ,0.00000       ,1517          ,133.330         ,0.000         ,-0.000              ,-0.000              ,23921.871       ,0.00000           ,0.00000               ,0.000         ,0.000         ,-0.000        ,-0.003        
17:42:06.540543     ,0.049       ,0.880       ,0.869       ,16.190      ,16.178      ,16.172      ,0.006       ,0.032       ,-0.000      ,-0.156      ,-0.156      ,880.000     ,0.006       ,16.178      ,0.00000       ,1517          ,133.330         ,0.000         ,-0.000              ,-0.000              ,23921.871       ,0.00000           ,0.00000               ,0.000         ,0.000         ,-0.000        ,-0.003        
17:42:06.544372     ,0.049       ,0.880       ,0.869       ,16.160      ,16.173      ,16.172      ,0.006       ,0.032       ,-0.000      ,-0.156      ,-0.156      ,880.000     ,0.006       ,16.178      ,0.00000       ,1517          ,133.330         ,0.000         ,-0.000              ,-0.000              ,23921.871       ,0.00000           ,0.00000               ,0.000         ,0.000         ,-0.000        ,-0.003        
17:42:06.559545     ,0.051       ,0.880       ,0.885       ,16.190      ,16.175      ,16.172      ,0.002       ,0.008       ,-0.000      ,-0.115      ,-0.115      ,880.000     ,0.002       ,16.173      ,0.00000       ,1517          ,133.330         ,0.000         ,-0.000              ,-0.000              ,23921.871       ,0.00000           ,0.00000               ,0.000         ,0.000         ,0.000         ,0.001         
17:42:06.564384     ,0.051       ,0.880       ,0.885       ,16.180      ,16.173      ,16.172      ,0.003       ,0.016       ,-0.000      ,0.066       ,0.066       ,880.000     ,0.003       ,16.175      ,0.00000       ,1517          ,133.330         ,0.000         ,-0.000              ,-0.000              ,23921.871       ,0.00000           ,0.00000               ,0.000         ,0.000         ,0.000         ,0.001         
17:42:06.578493     ,0.051       ,0.880       ,0.885       ,16.190      ,16.173      ,16.172      ,0.001       ,0.006       ,-0.000      ,-0.096      ,-0.096      ,880.000     ,0.001       ,16.173      ,0.00000       ,1517          ,133.330         ,0.000         ,-0.000              ,-0.000              ,23921.871       ,0.00000           ,0.00000               ,0.000         ,0.000         ,0.000         ,0.000         
17:42:06.584433     ,0.051       ,0.880       ,0.869       ,16.180      ,16.172      ,16.172      ,0.002       ,0.009       ,-0.000      ,0.017       ,0.017       ,880.000     ,0.002       ,16.173      ,0.00000       ,1517          ,133.330         ,0.000         ,-0.000              ,-0.000              ,23921.871       ,0.00000           ,0.00000               ,0.000         ,0.000         ,0.000         ,0.000         
17:42:06.598517     ,0.051       ,0.880       ,0.885       ,16.190      ,16.178      ,16.172      ,0.006       ,0.031       ,-0.000      ,0.016       ,0.016       ,880.000     ,0.006       ,16.178      ,0.00000       ,1517          ,133.330         ,0.000         ,-0.000              ,-0.000              ,23921.871       ,0.00000           ,0.00000               ,0.000         ,0.000         ,-0.000        ,-0.001        
17:42:06.604427     ,0.051       ,0.880       ,0.885       ,16.180      ,16.175      ,16.172      ,0.006       ,0.031       ,-0.000      ,0.016       ,0.016       ,880.000     ,0.006       ,16.178      ,0.00000       ,1517          ,133.330         ,0.000         ,-0.000              ,-0.000              ,23921.871       ,0.00000           ,0.00000               ,0.000         ,0.000         ,-0.000        ,-0.001        
17:42:06.619688     ,0.049       ,0.880       ,0.869       ,16.190      ,16.176      ,16.172      ,0.003       ,0.016       ,-0.000      ,-0.235      ,-0.235      ,880.000     ,0.003       ,16.175      ,0.00000       ,1517          ,133.330         ,0.000         ,-0.000              ,-0.000              ,23921.871       ,0.00000           ,0.00000               ,0.000         ,0.000         ,0.000         ,0.001         
17:42:06.624383     ,0.049       ,0.880       ,0.869       ,16.190      ,16.176      ,16.172      ,0.005       ,0.024       ,-0.000      ,-0.003      ,-0.003      ,880.000     ,0.005       ,16.176      ,0.00000       ,1517          ,133.330         ,0.000         ,-0.000              ,-0.000              ,23921.871       ,0.00000           ,0.00000               ,0.000         ,0.000         ,0.000         ,0.001         
17:42:06.640890     ,0.051       ,0.880       ,0.869       ,16.180      ,16.177      ,16.172      ,0.005       ,0.023       ,-0.000      ,-0.126      ,-0.126      ,880.000     ,0.005       ,16.176      ,0.00000       ,1517          ,133.330         ,0.000         ,-0.000              ,-0.000              ,23921.871       ,0.00000           ,0.00000               ,0.000         ,0.000         ,0.000         ,0.001         
17:42:06.644372     ,0.051       ,0.880       ,0.869       ,16.190      ,16.177      ,16.172      ,0.005       ,0.025       ,-0.000      ,-0.087      ,-0.087      ,880.000     ,0.005       ,16.177      ,0.00000       ,1517          ,133.330         ,0.000         ,-0.000              ,-0.000              ,23921.871       ,0.00000           ,0.00000               ,0.000         ,0.000         ,0.000         ,0.001         
17:42:06.660838     ,0.049       ,0.880       ,0.869       ,16.180      ,16.178      ,16.172      ,0.006       ,0.028       ,-0.000      ,-0.106      ,-0.106      ,880.000     ,0.006       ,16.177      ,0.00000       ,1517          ,133.330         ,0.000         ,-0.000              ,-0.000              ,23921.871       ,0.00000           ,0.00000               ,0.000         ,0.000         ,-0.000        ,-0.004        
17:42:06.664365     ,0.049       ,0.880       ,0.869       ,16.180      ,16.176      ,16.172      ,0.006       ,0.030       ,-0.000      ,-0.122      ,-0.122      ,880.000     ,0.006       ,16.178      ,0.00000       ,1517          ,133.330         ,0.000         ,-0.000              ,-0.000              ,23921.871       ,0.00000           ,0.00000               ,0.000         ,0.000         ,-0.000        ,-0.004        
17:42:06.680747     ,0.051       ,0.880       ,0.885       ,16.180      ,16.175      ,16.172      ,0.006       ,0.030       ,-0.000      ,-0.122      ,-0.122      ,880.000     ,0.006       ,16.178      ,0.00000       ,1517          ,133.330         ,0.000         ,-0.000              ,-0.000              ,23921.871       ,0.00000           ,0.00000               ,0.000         ,0.000         ,0.000         ,0.001         
17:42:06.684565     ,0.051       ,0.880       ,0.885       ,16.180      ,16.175      ,16.172      ,0.003       ,0.017       ,-0.000      ,-0.131      ,-0.131      ,880.000     ,0.003       ,16.175      ,0.00000       ,1517          ,133.330         ,0.000         ,-0.000              ,-0.000              ,23921.871       ,0.00000           ,0.00000               ,0.000         ,0.000         ,0.000         ,0.001         
17:42:06.700770     ,0.051       ,0.880       ,0.869       ,16.180      ,16.173      ,16.172      ,0.004       ,0.018       ,-0.000      ,-0.014      ,-0.014      ,880.000     ,0.004       ,16.175      ,0.00000       ,1517          ,133.330         ,0.000         ,-0.000              ,-0.000              ,23921.871       ,0.00000           ,0.00000               ,0.000         ,0.000         ,0.000         ,0.000         
17:42:06.704450     ,0.051       ,0.880       ,0.869       ,16.180      ,16.173      ,16.172      ,0.004       ,0.018       ,-0.000      ,-0.014      ,-0.014      ,880.000     ,0.004       ,16.175      ,0.00000       ,1517          ,133.330         ,0.000         ,-0.000              ,-0.000              ,23921.871       ,0.00000           ,0.00000               ,0.000         ,0.000         ,0.000         ,0.000         
17:42:06.720750     ,0.049       ,0.880       ,0.869       ,16.190      ,16.174      ,16.172      ,0.001       ,0.005       ,-0.000      ,-0.076      ,-0.076      ,880.000     ,0.001       ,16.173      ,0.00000       ,1517          ,133.330         ,0.000         ,-0.000              ,-0.000              ,23921.871       ,0.00000           ,0.00000               ,0.000         ,0.000         ,-0.000        ,-0.004        
17:42:06.724387     ,0.049       ,0.880       ,0.869       ,16.180      ,16.173      ,16.172      ,0.002       ,0.010       ,-0.000      ,0.033       ,0.033       ,880.000     ,0.002       ,16.174      ,0.00000       ,1517          ,133.330         ,0.000         ,-0.000              ,-0.000              ,23921.871       ,0.00000           ,0.00000               ,0.000         ,0.000         ,-0.000        ,-0.004        
17:42:06.738753     ,0.049       ,0.880       ,0.885       ,16.190      ,16.174      ,16.172      ,0.001       ,0.011       ,-0.000      ,0.004       ,-0.058      ,880.000     ,0.001       ,16.173      ,0.00000       ,1517          ,133.330         ,0.000         ,-0.000              ,-0.000              ,23921.871       ,0.00000           ,0.00000               ,0.000         ,0.000         ,-0.001        ,-0.006        
17:42:06.744373     ,0.049       ,0.880       ,0.885       ,16.180      ,16.174      ,16.172      ,0.002       ,0.011       ,-0.000      ,0.004       ,0.004       ,880.000     ,0.002       ,16.174      ,0.00000       ,1517          ,133.330         ,0.000         ,-0.000              ,-0.000              ,23921.871       ,0.00000           ,0.00000               ,0.000         ,0.000         ,-0.001        ,-0.006        
17:42:06.756616     ,0.051       ,0.880       ,0.869       ,16.190      ,16.176      ,16.172      ,0.002       ,0.010       ,-0.000      ,-0.070      ,-0.070      ,880.000     ,0.002       ,16.174      ,0.00000       ,1517          ,133.330         ,0.000         ,-0.000              ,-0.000              ,23921.871       ,0.00000           ,0.00000               ,0.000         ,0.000         ,0.000         ,0.003         
17:42:06.764369     ,0.049       ,0.880       ,0.869       ,16.180      ,16.175      ,16.172      ,0.004       ,0.021       ,-0.000      ,-0.037      ,-0.037      ,880.000     ,0.004       ,16.176      ,0.00000       ,1517          ,133.330         ,0.000         ,-0.000              ,-0.000              ,23921.871       ,0.00000           ,0.00000               ,0.000         ,0.000         ,0.000         ,0.003         
17:42:06.777968     ,0.049       ,0.880       ,0.869       ,16.180      ,16.176      ,16.172      ,0.003       ,0.015       ,-0.000      ,-0.131      ,-0.131      ,880.000     ,0.003       ,16.175      ,0.00000       ,1517          ,133.330         ,0.000         ,-0.000              ,-0.000              ,23921.871       ,0.00000           ,0.00000               ,0.000         ,0.000         ,-0.000        ,-0.001        
17:42:06.784425     ,0.049       ,0.880       ,0.869       ,16.180      ,16.176      ,16.172      ,0.004       ,0.021       ,-0.000      ,-0.036      ,-0.036      ,880.000     ,0.004       ,16.176      ,0.00000       ,1517          ,133.330         ,0.000         ,-0.000              ,-0.000              ,23921.871       ,0.00000           ,0.00000               ,0.000         ,0.000         ,-0.000        ,-0.001        
17:42:06.796865     ,0.049       ,0.880       ,0.869       ,16.190      ,16.177      ,16.172      ,0.003       ,0.016       ,-0.000      ,-0.106      ,-0.106      ,880.000     ,0.003       ,16.175      ,0.00000       ,1517          ,133.330         ,0.000         ,-0.000              ,-0.000              ,23921.871       ,0.00000           ,0.00000               ,0.000         ,0.000         ,0.000         ,0.001         
17:42:06.804403     ,0.051       ,0.880       ,0.885       ,16.190      ,16.176      ,16.172      ,0.005       ,0.026       ,-0.000      ,-0.042      ,-0.042      ,880.000     ,0.005       ,16.177      ,0.00000       ,1517          ,133.330         ,0.000         ,-0.000              ,-0.000              ,23921.871       ,0.00000           ,0.00000               ,0.000         ,0.000         ,0.000         ,0.001         
17:42:06.816909     ,0.049       ,0.880       ,0.885       ,16.180      ,16.175      ,16.172      ,0.005       ,0.023       ,-0.000      ,-0.149      ,-0.149      ,880.000     ,0.005       ,16.176      ,0.00000       ,1517          ,133.330         ,0.000         ,-0.000              ,-0.000              ,23921.871       ,0.00000           ,0.00000               ,0.000         ,0.000         ,0.000         ,0.000         
17:42:06.824377     ,0.049       ,0.880       ,0.885       ,16.190      ,16.177      ,16.172      ,0.004       ,0.019       ,-0.000      ,-0.075      ,-0.075      ,880.000     ,0.004       ,16.175      ,0.00000       ,1517          ,133.330         ,0.000         ,-0.000              ,-0.000              ,23921.871       ,0.00000           ,0.00000               ,0.000         ,0.000         ,0.000         ,0.000         
17:42:06.835746     ,0.049       ,0.880       ,0.869       ,16.180      ,16.176      ,16.172      ,0.005       ,0.025       ,-0.000      ,-0.059      ,-0.059      ,880.000     ,0.005       ,16.177      ,0.00000       ,1517          ,133.330         ,0.000         ,-0.000              ,-0.000              ,23921.871       ,0.00000           ,0.00000               ,0.000         ,0.000         ,-0.000        ,-0.001        
17:42:06.844375     ,0.049       ,0.880       ,0.869       ,16.180      ,16.175      ,16.172      ,0.004       ,0.022       ,-0.000      ,-0.122      ,-0.122      ,880.000     ,0.004       ,16.176      ,0.00000       ,1517          ,133.330         ,0.000         ,-0.000              ,-0.000              ,23921.871       ,0.00000           ,0.00000               ,0.000         ,0.000         ,-0.000        ,-0.001        
17:42:06.856641     ,0.051       ,0.880       ,0.869       ,16.180      ,16.174      ,16.172      ,0.003       ,0.014       ,-0.000      ,-0.077      ,-0.077      ,880.000     ,0.003       ,16.175      ,0.00000       ,1517          ,133.330         ,0.000         ,-0.000              ,-0.000              ,23921.871       ,0.00000           ,0.00000               ,0.000         ,0.000         ,0.000         ,0.003         
17:42:06.864373     ,0.051       ,0.880       ,0.885       ,16.180      ,16.175      ,16.172      ,0.002       ,0.011       ,-0.000      ,-0.027      ,-0.027      ,880.000     ,0.002       ,16.174      ,0.00000       ,1517          ,133.330         ,0.000         ,-0.000              ,-0.000              ,23921.871       ,0.00000           ,0.00000               ,0.000         ,0.000         ,0.000         ,0.003         
17:42:06.876677     ,0.051       ,0.880       ,0.869       ,16.190      ,16.175      ,16.172      ,0.003       ,0.016       ,-0.000      ,-0.031      ,-0.031      ,880.000     ,0.003       ,16.175      ,0.00000       ,1517          ,133.330         ,0.000         ,-0.000              ,-0.000              ,23921.871       ,0.00000           ,0.00000               ,0.000         ,0.000         ,-0.000        ,-0.003        
17:42:06.884396     ,0.051       ,0.880       ,0.869       ,16.190      ,16.175      ,16.172      ,0.003       ,0.017       ,-0.000      ,-0.087      ,-0.087      ,880.000     ,0.003       ,16.175      ,0.00000       ,1517          ,133.330         ,0.000         ,-0.000              ,-0.000              ,23921.871       ,0.00000           ,0.00000               ,0.000         ,0.000         ,-0.000        ,-0.003        
17:42:06.895578     ,0.051       ,0.880       ,0.885       ,16.190      ,16.176      ,16.172      ,0.003       ,0.015       ,-0.000      ,-0.073      ,-0.073      ,880.000     ,0.003       ,16.175      ,0.00000       ,1517          ,133.330         ,0.000         ,-0.000              ,-0.000              ,23921.871       ,0.00000           ,0.00000               ,0.000         ,0.000         ,0.000         ,0.000         
17:42:06.904438     ,0.049       ,0.880       ,0.869       ,16.180      ,16.174      ,16.172      ,0.004       ,0.019       ,-0.000      ,-0.050      ,-0.050      ,880.000     ,0.004       ,16.176      ,0.00000       ,1517          ,133.330         ,0.000         ,-0.000              ,-0.000              ,23921.871       ,0.00000           ,0.00000               ,0.000         ,0.000         ,0.000         ,0.000         
17:42:06.915553     ,0.049       ,0.880       ,0.869       ,16.180      ,16.174      ,16.172      ,0.003       ,0.014       ,-0.000      ,-0.096      ,-0.096      ,880.000     ,0.003       ,16.174      ,0.00000       ,1517          ,133.330         ,0.000         ,-0.000              ,-0.000              ,23921.871       ,0.00000           ,0.00000               ,0.000         ,0.000         ,-0.000        ,-0.003        
17:42:06.924378     ,0.051       ,0.880       ,0.869       ,16.190      ,16.174      ,16.172      ,0.002       ,0.012       ,-0.000      ,-0.034      ,-0.034      ,880.000     ,0.002       ,16.174      ,0.00000       ,1517          ,133.330         ,0.000         ,-0.000              ,-0.000              ,23921.871       ,0.00000           ,0.00000               ,0.000         ,0.000         ,-0.000        ,-0.003        
17:42:06.936684     ,0.051       ,0.880       ,0.869       ,16.190      ,16.177      ,16.172      ,0.003       ,0.014       ,-0.000      ,-0.042      ,-0.042      ,880.000     ,0.003       ,16.174      ,0.00000       ,1517          ,133.330         ,0.000         ,-0.000              ,-0.000              ,23921.871       ,0.00000           ,0.00000               ,0.000         ,0.000         ,0.000         ,0.000         
17:42:06.944375     ,0.049       ,0.880       ,0.869       ,16.180      ,16.175      ,16.172      ,0.005       ,0.025       ,-0.000      ,-0.060      ,-0.060      ,880.000     ,0.005       ,16.177      ,0.00000       ,1517          ,133.330         ,0.000         ,-0.000              ,-0.000              ,23921.871       ,0.00000           ,0.00000               ,0.000         ,0.000         ,0.000         ,0.000         
17:42:06.957622     ,0.051       ,0.880       ,0.869       ,16.160      ,16.173      ,16.172      ,0.004       ,0.018       ,-0.000      ,-0.146      ,-0.146      ,880.000     ,0.004       ,16.175      ,0.00000       ,1517          ,133.330         ,0.000         ,-0.000              ,-0.000              ,23921.871       ,0.00000           ,0.00000               ,0.000         ,0.000         ,0.000         ,0.001         
17:42:06.964376     ,0.049       ,0.880       ,0.869       ,16.180      ,16.174      ,16.172      ,0.001       ,0.005       ,-0.000      ,-0.041      ,-0.041      ,880.000     ,0.001       ,16.173      ,0.00000       ,1517          ,133.330         ,0.000         ,-0.000              ,-0.000              ,23921.871       ,0.00000           ,0.00000               ,0.000         ,0.000         ,0.000         ,0.001         
17:42:06.976785     ,0.051       ,0.880       ,0.869       ,16.180      ,16.172      ,16.172      ,0.002       ,0.010       ,-0.000      ,0.033       ,0.033       ,880.000     ,0.002       ,16.174      ,0.00000       ,1517          ,133.330         ,0.000         ,-0.000              ,-0.000              ,23921.871       ,0.00000           ,0.00000               ,0.000         ,0.000         ,-0.000        ,-0.001        
17:42:06.984424     ,0.051       ,0.880       ,0.869       ,16.180      ,16.170      ,16.172      ,0.000       ,0.002       ,-0.000      ,-0.065      ,-0.065      ,880.000     ,0.000       ,16.172      ,0.00000       ,1517          ,133.330         ,0.000         ,-0.000              ,-0.000              ,23921.871       ,0.00000           ,0.00000               ,0.000         ,0.000         ,-0.000        ,-0.001        
17:42:06.995752     ,0.051       ,0.880       ,0.885       ,16.180      ,16.169      ,16.172      ,-0.002      ,-0.013      ,-0.000      ,0.079       ,0.028       ,880.000     ,-0.002      ,16.170      ,0.00000       ,1517          ,133.330         ,0.000         ,-0.000              ,-0.000              ,23921.871       ,0.00000           ,0.00000               ,0.000         ,0.000         ,-0.000        ,-0.004        
17:42:07.004436     ,0.051       ,0.880       ,0.869       ,16.160      ,16.168      ,16.172      ,-0.003      ,-0.013      ,-0.000      ,0.079       ,0.079       ,880.000     ,-0.003      ,16.169      ,0.00000       ,1517          ,133.330         ,0.000         ,-0.000              ,-0.000              ,23921.871       ,0.00000           ,0.00000               ,0.000         ,0.000         ,-0.000        ,-0.004        
17:42:07.016528     ,0.049       ,0.880       ,0.869       ,16.180      ,16.167      ,16.172      ,-0.004      ,-0.018      ,-0.000      ,0.064       ,0.064       ,880.000     ,-0.004      ,16.168      ,0.00000       ,1517          ,133.330         ,0.000         ,-0.000              ,-0.000              ,23921.871       ,0.00000           ,0.00000               ,0.000         ,0.000         ,0.000         ,0.000         
17:42:07.024378     ,0.051       ,0.880       ,0.869       ,16.180      ,16.167      ,16.172      ,-0.005      ,-0.023      ,-0.000      ,0.095       ,0.095       ,880.000     ,-0.005      ,16.167      ,0.00000       ,1517          ,133.330         ,0.000         ,-0.000              ,-0.000              ,23921.871       ,0.00000           ,0.00000               ,0.000         ,0.000         ,0.000         ,0.000         
17:42:07.036311     ,0.051       ,0.880       ,0.869       ,16.190      ,16.168      ,16.172      ,-0.005      ,-0.026      ,-0.000      ,0.111       ,0.111       ,880.000     ,-0.005      ,16.167      ,0.00000       ,1517          ,133.330         ,0.000         ,-0.000              ,-0.000              ,23921.871       ,0.00000           ,0.00000               ,0.000         ,0.000         ,0.000         ,0.000         
17:42:07.044367     ,0.049       ,0.880       ,0.869       ,16.180      ,16.168      ,16.172      ,-0.003      ,-0.017      ,-0.000      ,0.112       ,0.112       ,880.000     ,-0.003      ,16.168      ,0.00000       ,1517          ,133.330         ,0.000         ,-0.000              ,-0.000              ,23921.871       ,0.00000           ,0.00000               ,0.000         ,0.000         ,0.000         ,0.000         
17:42:07.057071     ,0.051       ,0.880       ,0.885       ,16.180      ,16.172      ,16.172      ,-0.003      ,-0.017      ,-0.000      ,0.035       ,0.035       ,880.000     ,-0.003      ,16.168      ,0.00000       ,1517          ,133.330         ,0.000         ,-0.000              ,-0.000              ,23921.871       ,0.00000           ,0.00000               ,0.000         ,0.000         ,-0.000        ,-0.004        
17:42:07.064366     ,0.051       ,0.880       ,0.885       ,16.180      ,16.172      ,16.172      ,0.000       ,0.002       ,-0.000      ,0.070       ,0.070       ,880.000     ,0.000       ,16.172      ,0.00000       ,1517          ,133.330         ,0.000         ,-0.000              ,-0.000              ,23921.871       ,0.00000           ,0.00000               ,0.000         ,0.000         ,-0.000        ,-0.004        
17:42:07.076302     ,0.049       ,0.880       ,0.869       ,16.180      ,16.172      ,16.172      ,0.000       ,0.001       ,-0.000      ,-0.084      ,-0.084      ,880.000     ,0.000       ,16.172      ,0.00000       ,1517          ,133.330         ,0.000         ,-0.000              ,-0.000              ,23921.871       ,0.00000           ,0.00000               ,0.000         ,0.000         ,-0.000        ,-0.001        
17:42:07.084405     ,0.051       ,0.880       ,0.869       ,16.180      ,16.171      ,16.172      ,0.001       ,0.003       ,-0.000      ,0.000       ,0.000       ,880.000     ,0.001       ,16.172      ,0.00000       ,1517          ,133.330         ,0.000         ,-0.000              ,-0.000              ,23921.871       ,0.00000           ,0.00000               ,0.000         ,0.000         ,-0.000        ,-0.001        
17:42:07.097533     ,0.049       ,0.880       ,0.869       ,16.190      ,16.174      ,16.172      ,-0.000      ,-0.001      ,-0.000      ,-0.023      ,-0.023      ,880.000     ,-0.000      ,16.171      ,0.00000       ,1517          ,133.330         ,0.000         ,-0.000              ,-0.000              ,23921.871       ,0.00000           ,0.00000               ,0.000         ,0.000         ,-0.000        ,-0.004        
17:42:07.104380     ,0.049       ,0.880       ,0.885       ,16.180      ,16.174      ,16.172      ,0.003       ,0.013       ,-0.000      ,0.023       ,0.023       ,880.000     ,0.003       ,16.174      ,0.00000       ,1517          ,133.330         ,0.000         ,-0.000              ,-0.000              ,23921.871       ,0.00000           ,0.00000               ,0.000         ,0.000         ,-0.000        ,-0.004        
17:42:07.119560     ,0.049       ,0.880       ,0.869       ,16.180      ,16.174      ,16.172      ,0.002       ,0.012       ,-0.000      ,-0.106      ,-0.106      ,880.000     ,0.002       ,16.174      ,0.00000       ,1517          ,133.330         ,0.000         ,-0.000              ,-0.000              ,23921.871       ,0.00000           ,0.00000               ,0.000         ,0.000         ,-0.000        ,-0.003        
17:42:07.124370     ,0.049       ,0.880       ,0.869       ,16.190      ,16.175      ,16.172      ,0.002       ,0.011       ,-0.000      ,-0.049      ,-0.049      ,880.000     ,0.002       ,16.174      ,0.00000       ,1517          ,133.330         ,0.000         ,-0.000              ,-0.000              ,23921.871       ,0.00000           ,0.00000               ,0.000         ,0.000         ,-0.000        ,-0.003        
17:42:07.139330     ,0.051       ,0.880       ,0.853       ,16.180      ,16.175      ,16.172      ,0.002       ,0.011       ,-0.000      ,-0.049      ,-0.049      ,880.000     ,0.002       ,16.174      ,0.00000       ,1517          ,133.330         ,0.000         ,-0.000              ,-0.000              ,23921.871       ,0.00000           ,0.00000               ,0.000         ,0.000         ,0.000         ,0.001         
17:42:07.144366     ,0.051       ,0.880       ,0.853       ,16.180      ,16.173      ,16.172      ,0.003       ,0.014       ,-0.000      ,-0.038      ,-0.038      ,880.000     ,0.003       ,16.175      ,0.00000       ,1517          ,133.330         ,0.000         ,-0.000              ,-0.000              ,23921.871       ,0.00000           ,0.00000               ,0.000         ,0.000         ,0.000         ,0.001         
17:42:07.158134     ,0.049       ,0.880       ,0.885       ,16.180      ,16.174      ,16.172      ,0.001       ,0.006       ,-0.000      ,-0.072      ,-0.072      ,880.000     ,0.001       ,16.173      ,0.00000       ,1517          ,133.330         ,0.000         ,-0.000              ,-0.000              ,23921.871       ,0.00000           ,0.00000               ,0.000         ,0.000         ,0.000         ,0.000         
17:42:07.164363     ,0.049       ,0.880       ,0.885       ,16.180      ,16.174      ,16.172      ,0.001       ,0.006       ,-0.000      ,-0.072      ,-0.072      ,880.000     ,0.001       ,16.173      ,0.00000       ,1517          ,133.330         ,0.000         ,-0.000              ,-0.000              ,23921.871       ,0.00000           ,0.00000               ,0.000         ,0.000         ,0.000         ,0.000         
17:42:07.176985     ,0.051       ,0.880       ,0.869       ,16.180      ,16.172      ,16.172      ,0.002       ,0.012       ,-0.000      ,0.014       ,0.014       ,880.000     ,0.002       ,16.174      ,0.00000       ,1517          ,133.330         ,0.000         ,-0.000              ,-0.000              ,23921.871       ,0.00000           ,0.00000               ,0.000         ,0.000         ,0.000         ,0.003         
17:42:07.184392     ,0.051       ,0.880       ,0.885       ,16.190      ,16.174      ,16.172      ,0.001       ,0.004       ,-0.000      ,-0.071      ,-0.071      ,880.000     ,0.001       ,16.172      ,0.00000       ,1517          ,133.330         ,0.000         ,-0.000              ,-0.000              ,23921.871       ,0.00000           ,0.00000               ,0.000         ,0.000         ,0.000         ,0.003         
17:42:07.195793     ,0.051       ,0.880       ,0.885       ,16.180      ,16.174      ,16.172      ,0.003       ,0.014       ,-0.000      ,0.015       ,0.015       ,880.000     ,0.003       ,16.174      ,0.00000       ,1517          ,133.330         ,0.000         ,-0.000              ,-0.000              ,23921.871       ,0.00000           ,0.00000               ,0.000         ,0.000         ,0.000         ,0.001         
17:42:07.204392     ,0.049       ,0.880       ,0.885       ,16.180      ,16.173      ,16.172      ,0.002       ,0.010       ,-0.000      ,-0.094      ,-0.094      ,880.000     ,0.002       ,16.174      ,0.00000       ,1517          ,133.330         ,0.000         ,-0.000              ,-0.000              ,23921.871       ,0.00000           ,0.00000               ,0.000         ,0.000         ,0.000         ,0.001         
17:42:07.215512     ,0.049       ,0.880       ,0.869       ,16.180      ,16.173      ,16.172      ,0.001       ,0.007       ,-0.000      ,-0.027      ,-0.027      ,880.000     ,0.001       ,16.173      ,0.00000       ,1517          ,133.330         ,0.000         ,-0.000              ,-0.000              ,23921.871       ,0.00000           ,0.00000               ,0.000         ,0.000         ,-0.000        ,-0.003        
17:42:07.224425     ,0.049       ,0.880       ,0.869       ,16.180      ,16.173      ,16.172      ,0.001       ,0.006       ,-0.000      ,-0.018      ,-0.018      ,880.000     ,0.001       ,16.173      ,0.00000       ,1517          ,133.330         ,0.000         ,-0.000              ,-0.000              ,23921.871       ,0.00000           ,0.00000               ,0.000         ,0.000         ,-0.000        ,-0.003        
17:42:07.235224     ,0.051       ,0.880       ,0.885       ,16.180      ,16.171      ,16.172      ,0.001       ,0.006       ,-0.000      ,-0.019      ,-0.019      ,880.000     ,0.001       ,16.173      ,0.00000       ,1517          ,133.330         ,0.000         ,-0.000              ,-0.000              ,23921.871       ,0.00000           ,0.00000               ,0.000         ,0.000         ,0.000         ,0.001         
17:42:07.244376     ,0.051       ,0.880       ,0.869       ,16.180      ,16.172      ,16.172      ,-0.000      ,-0.001      ,-0.000      ,-0.027      ,-0.027      ,880.000     ,-0.000      ,16.171      ,0.00000       ,1517          ,133.330         ,0.000         ,-0.000              ,-0.000              ,23921.871       ,0.00000           ,0.00000               ,0.000         ,0.000         ,0.000         ,0.001         
17:42:07.254934     ,0.051       ,0.880       ,0.869       ,16.180      ,16.172      ,16.172      ,0.001       ,0.003       ,-0.000      ,0.032       ,0.032       ,880.000     ,0.001       ,16.172      ,0.00000       ,1517          ,133.330         ,0.000         ,-0.000              ,-0.000              ,23921.871       ,0.00000           ,0.00000               ,0.000         ,0.000         ,0.000         ,0.001         
17:42:07.264379     ,0.051       ,0.880       ,0.885       ,16.180      ,16.172      ,16.172      ,0.001       ,0.003       ,-0.000      ,-0.024      ,-0.024      ,880.000     ,0.001       ,16.172      ,0.00000       ,1517          ,133.330         ,0.000         ,-0.000              ,-0.000              ,23921.871       ,0.00000           ,0.00000               ,0.000         ,0.000         ,0.000         ,0.001         
17:42:07.276932     ,0.051       ,0.880       ,0.869       ,16.180      ,16.172      ,16.172      ,0.001       ,0.003       ,-0.000      ,-0.024      ,-0.024      ,880.000     ,0.001       ,16.172      ,0.00000       ,1517          ,133.330         ,0.000         ,-0.000              ,-0.000              ,23921.871       ,0.00000           ,0.00000               ,0.000         ,0.000         ,0.000         ,0.000         
17:42:07.284380     ,0.049       ,0.880       ,0.885       ,16.160      ,16.168      ,16.172      ,-0.004      ,-0.018      ,-0.000      ,0.006       ,0.006       ,880.000     ,-0.004      ,16.168      ,0.00000       ,1517          ,133.330         ,0.000         ,-0.000              ,-0.000              ,23921.871       ,0.00000           ,0.00000               ,0.000         ,0.000         ,0.000         ,0.000         
17:42:07.295525     ,0.051       ,0.880       ,0.885       ,16.180      ,16.169      ,16.172      ,-0.004      ,-0.018      ,-0.000      ,0.006       ,0.006       ,880.000     ,-0.004      ,16.168      ,0.00000       ,1517          ,133.330         ,0.000         ,-0.000              ,-0.000              ,23921.871       ,0.00000           ,0.00000               ,0.000         ,0.000         ,0.000         ,0.000         
17:42:07.304515     ,0.051       ,0.880       ,0.885       ,16.160      ,16.165      ,16.172      ,-0.004      ,-0.018      ,-0.000      ,0.006       ,0.006       ,880.000     ,-0.004      ,16.168      ,0.00000       ,1517          ,133.330         ,0.000         ,-0.000              ,-0.000              ,23921.871       ,0.00000           ,0.00000               ,0.000         ,0.000         ,0.000         ,0.000         
17:42:07.314377     ,0.049       ,0.880       ,0.869       ,16.180      ,16.166      ,16.172      ,-0.006      ,-0.030      ,-0.000      ,0.185       ,0.185       ,880.000     ,-0.006      ,16.166      ,0.00000       ,1517          ,133.330         ,0.000         ,-0.000              ,-0.000              ,23921.871       ,0.00000           ,0.00000               ,0.000         ,0.000         ,0.000         ,0.000         
17:42:07.324400     ,0.049       ,0.880       ,0.885       ,16.180      ,16.165      ,16.172      ,-0.006      ,-0.030      ,-0.000      ,0.185       ,0.185       ,880.000     ,-0.006      ,16.166      ,0.00000       ,1517          ,133.330         ,0.000         ,-0.000              ,-0.000              ,23921.871       ,0.00000           ,0.00000               ,0.000         ,0.000         ,0.000         ,0.000         
17:42:07.334393     ,0.049       ,0.880       ,0.885       ,16.190      ,16.169      ,16.172      ,-0.007      ,-0.033      ,-0.000      ,0.114       ,0.114       ,880.000     ,-0.007      ,16.165      ,0.00000       ,1517          ,133.330         ,0.000         ,-0.000              ,-0.000              ,23921.871       ,0.00000           ,0.00000               ,0.000         ,0.000         ,-0.000        ,-0.001        
17:42:07.344368     ,0.049       ,0.880       ,0.869       ,16.190      ,16.169      ,16.172      ,-0.003      ,-0.015      ,-0.000      ,0.143       ,0.143       ,880.000     ,-0.003      ,16.169      ,0.00000       ,1517          ,133.330         ,0.000         ,-0.000              ,-0.000              ,23921.871       ,0.00000           ,0.00000               ,0.000         ,0.000         ,-0.000        ,-0.001        
17:42:07.354467     ,0.049       ,0.880       ,0.869       ,16.180      ,16.171      ,16.172      ,-0.003      ,-0.015      ,-0.000      ,0.143       ,0.143       ,880.000     ,-0.003      ,16.169      ,0.00000       ,1517          ,133.330         ,0.000         ,-0.000              ,-0.000              ,23921.871       ,0.00000           ,0.00000               ,0.000         ,0.000         ,0.000         ,0.001         
17:42:07.364369     ,0.049       ,0.880       ,0.869       ,16.180      ,16.171      ,16.172      ,-0.001      ,-0.003      ,-0.000      ,-0.015      ,-0.015      ,880.000     ,-0.001      ,16.171      ,0.00000       ,1517          ,133.330         ,0.000         ,-0.000              ,-0.000              ,23921.871       ,0.00000           ,0.00000               ,0.000         ,0.000         ,0.000         ,0.001         
17:42:07.374373     ,0.049       ,0.880       ,0.869       ,16.180      ,16.173      ,16.172      ,-0.001      ,-0.003      ,-0.000      ,-0.015      ,-0.015      ,880.000     ,-0.001      ,16.171      ,0.00000       ,1517          ,133.330         ,0.000         ,-0.000              ,-0.000              ,23921.871       ,0.00000           ,0.00000               ,0.000         ,0.000         ,0.000         ,0.000         
17:42:07.389917     ,0.049       ,0.880       ,0.869       ,16.160      ,16.170      ,16.172      ,0.001       ,0.005       ,-0.000      ,-0.036      ,-0.036      ,880.000     ,0.001       ,16.173      ,0.00000       ,1517          ,133.330         ,0.000         ,-0.000              ,-0.000              ,23921.871       ,0.00000           ,0.00000               ,0.000         ,0.000         ,0.000         ,0.000         
17:42:07.394368     ,0.049       ,0.880       ,0.869       ,16.180      ,16.171      ,16.172      ,0.001       ,0.005       ,-0.000      ,-0.036      ,-0.036      ,880.000     ,0.001       ,16.173      ,0.00000       ,1517          ,133.330         ,0.000         ,-0.000              ,-0.000              ,23921.871       ,0.00000           ,0.00000               ,0.000         ,0.000         ,0.000         ,0.000         
17:42:07.408599     ,0.051       ,0.880       ,0.885       ,16.180      ,16.172      ,16.172      ,-0.001      ,-0.003      ,-0.000      ,-0.054      ,-0.054      ,880.000     ,-0.001      ,16.171      ,0.00000       ,1517          ,133.330         ,0.000         ,-0.000              ,-0.000              ,23921.871       ,0.00000           ,0.00000               ,0.000         ,0.000         ,-0.000        ,-0.003        
17:42:07.414372     ,0.049       ,0.880       ,0.869       ,16.180      ,16.171      ,16.172      ,0.001       ,0.003       ,-0.000      ,0.045       ,0.045       ,880.000     ,0.001       ,16.172      ,0.00000       ,1517          ,133.330         ,0.000         ,-0.000              ,-0.000              ,23921.871       ,0.00000           ,0.00000               ,0.000         ,0.000         ,-0.000        ,-0.003        
17:42:07.426120     ,0.051       ,0.880       ,0.885       ,16.180      ,16.169      ,16.172      ,-0.000      ,-0.002      ,-0.000      ,-0.036      ,-0.036      ,880.000     ,-0.000      ,16.171      ,0.00000       ,1517          ,133.330         ,0.000         ,-0.000              ,-0.000              ,23921.871       ,0.00000           ,0.00000               ,0.000         ,0.000         ,0.000         ,0.000         
17:42:07.434387     ,0.051       ,0.880       ,0.885       ,16.180      ,16.170      ,16.172      ,-0.003      ,-0.013      ,-0.000      ,0.028       ,0.028       ,880.000     ,-0.003      ,16.169      ,0.00000       ,1517          ,133.330         ,0.000         ,-0.000              ,-0.000              ,23921.871       ,0.00000           ,0.00000               ,0.000         ,0.000         ,0.000         ,0.000         
17:42:07.446950     ,0.049       ,0.880       ,0.885       ,16.180      ,16.168      ,16.172      ,-0.001      ,-0.006      ,-0.000      ,0.093       ,0.093       ,880.000     ,-0.001      ,16.170      ,0.00000       ,1517          ,133.330         ,0.000         ,-0.000              ,-0.000              ,23921.871       ,0.00000           ,0.00000               ,0.000         ,0.000         ,0.000         ,0.000         
17:42:07.454397     ,0.049       ,0.880       ,0.869       ,16.190      ,16.170      ,16.172      ,-0.003      ,-0.017      ,-0.000      ,-0.001      ,-0.001      ,880.000     ,-0.003      ,16.168      ,0.00000       ,1517          ,133.330         ,0.000         ,-0.000              ,-0.000              ,23921.871       ,0.00000           ,0.00000               ,0.000         ,0.000         ,0.000         ,0.000         
17:42:07.465507     ,0.049       ,0.880       ,0.885       ,16.160      ,16.167      ,16.172      ,-0.002      ,-0.009      ,-0.000      ,0.108       ,0.108       ,880.000     ,-0.002      ,16.170      ,0.00000       ,1517          ,133.330         ,0.000         ,-0.000              ,-0.000              ,23921.871       ,0.00000           ,0.00000               ,0.000         ,0.000         ,0.000         ,0.000         
17:42:07.474407     ,0.051       ,0.880       ,0.869       ,16.180      ,16.170      ,16.172      ,-0.005      ,-0.023      ,-0.000      ,0.009       ,0.009       ,880.000     ,-0.005      ,16.167      ,0.00000       ,1517          ,133.330         ,0.000         ,-0.000              ,-0.000              ,23921.871       ,0.00000           ,0.00000               ,0.000         ,0.000         ,0.000         ,0.000         
17:42:07.485194     ,0.049       ,0.880       ,0.869       ,16.160      ,16.168      ,16.172      ,-0.002      ,-0.010      ,-0.000      ,0.144       ,0.144       ,880.000     ,-0.002      ,16.170      ,0.00000       ,1517          ,133.330         ,0.000         ,-0.000              ,-0.000              ,23921.871       ,0.00000           ,0.00000               ,0.000         ,0.000         ,-0.001        ,-0.008        
17:42:07.494371     ,0.049       ,0.880       ,0.869       ,16.180      ,16.169      ,16.172      ,-0.004      ,-0.019      ,-0.000      ,-0.007      ,-0.007      ,880.000     ,-0.004      ,16.168      ,0.00000       ,1517          ,133.330         ,0.000         ,-0.000              ,-0.000              ,23921.871       ,0.00000           ,0.00000               ,0.000         ,0.000         ,-0.001        ,-0.008        
17:42:07.504389     ,0.049       ,0.880       ,0.869       ,16.180      ,16.167      ,16.172      ,-0.003      ,-0.013      ,-0.000      ,0.111       ,0.111       ,880.000     ,-0.003      ,16.169      ,0.00000       ,1517          ,133.330         ,0.000         ,-0.000              ,-0.000              ,23921.871       ,0.00000           ,0.00000               ,0.000         ,0.000         ,0.000         ,0.000         
17:42:07.514373     ,0.049       ,0.880       ,0.885       ,16.190      ,16.171      ,16.172      ,-0.001      ,-0.004      ,-0.000      ,0.025       ,0.025       ,880.000     ,-0.001      ,16.171      ,0.00000       ,1517          ,133.330         ,0.000         ,-0.000              ,-0.000              ,23921.871       ,0.00000           ,0.00000               ,0.000         ,0.000         ,0.000         ,0.000         
17:42:07.524378     ,0.049       ,0.880       ,0.885       ,16.180      ,16.168      ,16.172      ,-0.001      ,-0.004      ,-0.000      ,0.025       ,0.025       ,880.000     ,-0.001      ,16.171      ,0.00000       ,1517          ,133.330         ,0.000         ,-0.000              ,-0.000              ,23921.871       ,0.00000           ,0.00000               ,0.000         ,0.000         ,0.000         ,0.001         
17:42:07.540536     ,0.049       ,0.880       ,0.869       ,16.180      ,16.170      ,16.172      ,-0.001      ,-0.004      ,-0.000      ,0.025       ,0.025       ,880.000     ,-0.001      ,16.171      ,0.00000       ,1517          ,133.330         ,0.000         ,-0.000              ,-0.000              ,23921.871       ,0.00000           ,0.00000               ,0.000         ,0.000         ,-0.000        ,-0.001        
17:42:07.544361     ,0.049       ,0.880       ,0.869       ,16.180      ,16.169      ,16.172      ,-0.002      ,-0.009      ,-0.000      ,-0.019      ,-0.019      ,880.000     ,-0.002      ,16.170      ,0.00000       ,1517          ,133.330         ,0.000         ,-0.000              ,-0.000              ,23921.871       ,0.00000           ,0.00000               ,0.000         ,0.000         ,-0.000        ,-0.001        
17:42:07.559291     ,0.051       ,0.880       ,0.885       ,16.180      ,16.170      ,16.172      ,-0.002      ,-0.009      ,-0.000      ,-0.019      ,-0.019      ,880.000     ,-0.002      ,16.170      ,0.00000       ,1517          ,133.330         ,0.000         ,-0.000              ,-0.000              ,23921.871       ,0.00000           ,0.00000               ,0.000         ,0.000         ,0.000         ,0.000         
17:42:07.564361     ,0.051       ,0.880       ,0.885       ,16.180      ,16.171      ,16.172      ,-0.001      ,-0.005      ,-0.000      ,0.016       ,0.016       ,880.000     ,-0.001      ,16.171      ,0.00000       ,1517          ,133.330         ,0.000         ,-0.000              ,-0.000              ,23921.871       ,0.00000           ,0.00000               ,0.000         ,0.000         ,0.000         ,0.000         
17:42:07.578029     ,0.051       ,0.880       ,0.869       ,16.160      ,16.169      ,16.172      ,-0.001      ,-0.005      ,-0.000      ,0.016       ,0.016       ,880.000     ,-0.001      ,16.171      ,0.00000       ,1517          ,133.330         ,0.000         ,-0.000              ,-0.000              ,23921.871       ,0.00000           ,0.00000               ,0.000         ,0.000         ,0.000         ,0.000         
17:42:07.584379     ,0.051       ,0.880       ,0.869       ,16.150      ,16.166      ,16.172      ,-0.005      ,-0.027      ,-0.000      ,0.015       ,0.015       ,880.000     ,-0.005      ,16.166      ,0.00000       ,1517          ,133.330         ,0.000         ,-0.000              ,-0.000              ,23921.871       ,0.00000           ,0.00000               ,0.000         ,0.000         ,0.000         ,0.000         
17:42:07.596954     ,0.049       ,0.880       ,0.869       ,16.180      ,16.167      ,16.172      ,-0.005      ,-0.027      ,-0.000      ,0.015       ,0.015       ,880.000     ,-0.005      ,16.166      ,0.00000       ,1517          ,133.330         ,0.000         ,-0.000              ,-0.000              ,23921.871       ,0.00000           ,0.00000               ,0.000         ,0.000         ,0.000         ,0.000         
17:42:07.604450     ,0.051       ,0.880       ,0.885       ,16.180      ,16.166      ,16.172      ,-0.004      ,-0.022      ,-0.000      ,0.198       ,0.198       ,880.000     ,-0.004      ,16.167      ,0.00000       ,1517          ,133.330         ,0.000         ,-0.000              ,-0.000              ,23921.871       ,0.00000           ,0.00000               ,0.000         ,0.000         ,0.000         ,0.000         
17:42:07.614508     ,0.049       ,0.880       ,0.885       ,16.180      ,16.163      ,16.172      ,-0.006      ,-0.043      ,-0.000      ,0.148       ,0.068       ,880.000     ,-0.006      ,16.166      ,0.00000       ,1517          ,133.330         ,0.000         ,-0.000              ,-0.000              ,23921.871       ,0.00000           ,0.00000               ,0.000         ,0.000         ,0.000         ,0.003         
17:42:07.624364     ,0.051       ,0.880       ,0.885       ,16.180      ,16.164      ,16.172      ,-0.008      ,-0.038      ,-0.000      ,0.223       ,0.223       ,880.000     ,-0.008      ,16.164      ,0.00000       ,1517          ,133.330         ,0.000         ,-0.000              ,-0.000              ,23921.871       ,0.00000           ,0.00000               ,0.000         ,0.000         ,0.000         ,0.003         
17:42:07.635100     ,0.049       ,0.880       ,0.869       ,16.180      ,16.167      ,16.172      ,-0.008      ,-0.038      ,-0.000      ,0.223       ,0.223       ,880.000     ,-0.008      ,16.164      ,0.00000       ,1517          ,133.330         ,0.000         ,-0.000              ,-0.000              ,23921.871       ,0.00000           ,0.00000               ,0.000         ,0.000         ,-0.000        ,-0.001        
17:42:07.644365     ,0.051       ,0.880       ,0.869       ,16.180      ,16.166      ,16.172      ,-0.006      ,-0.030      ,-0.000      ,0.037       ,0.037       ,880.000     ,-0.006      ,16.166      ,0.00000       ,1517          ,133.330         ,0.000         ,-0.000              ,-0.000              ,23921.871       ,0.00000           ,0.00000               ,0.000         ,0.000         ,-0.000        ,-0.001        
17:42:07.655969     ,0.051       ,0.880       ,0.869       ,16.180      ,16.167      ,16.172      ,-0.006      ,-0.030      ,-0.000      ,0.037       ,0.037       ,880.000     ,-0.006      ,16.166      ,0.00000       ,1517          ,133.330         ,0.000         ,-0.000              ,-0.000              ,23921.871       ,0.00000           ,0.00000               ,0.000         ,0.000         ,-0.000        ,-0.003        
17:42:07.664363     ,0.049       ,0.880       ,0.869       ,16.180      ,16.170      ,16.172      ,-0.002      ,-0.011      ,-0.000      ,0.069       ,0.069       ,880.000     ,-0.002      ,16.170      ,0.00000       ,1517          ,133.330         ,0.000         ,-0.000              ,-0.000              ,23921.871       ,0.00000           ,0.00000               ,0.000         ,0.000         ,-0.000        ,-0.003        
17:42:07.675695     ,0.049       ,0.880       ,0.869       ,16.180      ,16.172      ,16.172      ,-0.002      ,-0.011      ,-0.000      ,0.069       ,0.069       ,880.000     ,-0.002      ,16.170      ,0.00000       ,1517          ,133.330         ,0.000         ,-0.000              ,-0.000              ,23921.871       ,0.00000           ,0.00000               ,0.000         ,0.000         ,0.000         ,0.001         
17:42:07.684378     ,0.051       ,0.880       ,0.869       ,16.160      ,16.170      ,16.172      ,-0.001      ,-0.007      ,-0.000      ,-0.060      ,-0.060      ,880.000     ,-0.001      ,16.170      ,0.00000       ,1517          ,133.330         ,0.000         ,-0.000              ,-0.000              ,23921.871       ,0.00000           ,0.00000               ,0.000         ,0.000         ,0.000         ,0.001         
17:42:07.694427     ,0.051       ,0.880       ,0.869       ,16.180      ,16.171      ,16.172      ,-0.001      ,-0.007      ,-0.000      ,-0.060      ,-0.060      ,880.000     ,-0.001      ,16.170      ,0.00000       ,1517          ,133.330         ,0.000         ,-0.000              ,-0.000              ,23921.871       ,0.00000           ,0.00000               ,0.000         ,0.000         ,-0.000        ,-0.004        
17:42:07.704383     ,0.049       ,0.880       ,0.885       ,16.160      ,16.167      ,16.172      ,-0.000      ,-0.002      ,-0.000      ,0.065       ,0.065       ,880.000     ,-0.000      ,16.171      ,0.00000       ,1517          ,133.330         ,0.000         ,-0.000              ,-0.000              ,23921.871       ,0.00000           ,0.00000               ,0.000         ,0.000         ,-0.000        ,-0.004        
17:42:07.715084     ,0.051       ,0.880       ,0.869       ,16.180      ,16.166      ,16.172      ,-0.004      ,-0.022      ,-0.000      ,-0.014      ,-0.014      ,880.000     ,-0.004      ,16.167      ,0.00000       ,1517          ,133.330         ,0.000         ,-0.000              ,-0.000              ,23921.871       ,0.00000           ,0.00000               ,0.000         ,0.000         ,-0.000        ,-0.003        
17:42:07.724369     ,0.051       ,0.880       ,0.869       ,16.180      ,16.165      ,16.172      ,-0.007      ,-0.035      ,-0.000      ,0.123       ,0.123       ,880.000     ,-0.007      ,16.165      ,0.00000       ,1517          ,133.330         ,0.000         ,-0.000              ,-0.000              ,23921.871       ,0.00000           ,0.00000               ,0.000         ,0.000         ,-0.000        ,-0.003        
17:42:07.734751     ,0.051       ,0.880       ,0.869       ,16.190      ,16.168      ,16.172      ,-0.007      ,-0.035      ,-0.000      ,0.123       ,0.123       ,880.000     ,-0.007      ,16.165      ,0.00000       ,1517          ,133.330         ,0.000         ,-0.000              ,-0.000              ,23921.871       ,0.00000           ,0.00000               ,0.000         ,0.000         ,0.000         ,0.001         
17:42:07.744370     ,0.049       ,0.880       ,0.869       ,16.180      ,16.166      ,16.172      ,-0.006      ,-0.028      ,-0.000      ,0.001       ,0.001       ,880.000     ,-0.006      ,16.166      ,0.00000       ,1517          ,133.330         ,0.000         ,-0.000              ,-0.000              ,23921.871       ,0.00000           ,0.00000               ,0.000         ,0.000         ,0.000         ,0.001         
17:42:07.754385     ,0.051       ,0.880       ,0.885       ,16.180      ,16.169      ,16.172      ,-0.006      ,-0.028      ,-0.000      ,0.001       ,0.001       ,880.000     ,-0.006      ,16.166      ,0.00000       ,1517          ,133.330         ,0.000         ,-0.000              ,-0.000              ,23921.871       ,0.00000           ,0.00000               ,0.000         ,0.000         ,0.000         ,0.001         
17:42:07.764364     ,0.051       ,0.880       ,0.885       ,16.190      ,16.171      ,16.172      ,-0.000      ,-0.002      ,-0.000      ,-0.015      ,-0.015      ,880.000     ,-0.000      ,16.171      ,0.00000       ,1517          ,133.330         ,0.000         ,-0.000              ,-0.000              ,23921.871       ,0.00000           ,0.00000               ,0.000         ,0.000         ,0.000         ,0.001         
17:42:07.774491     ,0.051       ,0.880       ,0.885       ,16.160      ,16.169      ,16.172      ,-0.000      ,-0.002      ,-0.000      ,-0.015      ,-0.015      ,880.000     ,-0.000      ,16.171      ,0.00000       ,1517          ,133.330         ,0.000         ,-0.000              ,-0.000              ,23921.871       ,0.00000           ,0.00000               ,0.000         ,0.000         ,0.000         ,0.001         
17:42:07.791273     ,0.049       ,0.880       ,0.885       ,16.160      ,16.167      ,16.172      ,-0.000      ,-0.002      ,-0.000      ,-0.015      ,-0.015      ,880.000     ,-0.000      ,16.171      ,0.00000       ,1517          ,133.330         ,0.000         ,-0.000              ,-0.000              ,23921.871       ,0.00000           ,0.00000               ,0.000         ,0.000         ,0.000         ,0.003         
17:42:07.794471     ,0.049       ,0.880       ,0.885       ,16.180      ,16.170      ,16.172      ,-0.005      ,-0.023      ,-0.000      ,-0.037      ,-0.037      ,880.000     ,-0.005      ,16.167      ,0.00000       ,1517          ,133.330         ,0.000         ,-0.000              ,-0.000              ,23921.871       ,0.00000           ,0.00000               ,0.000         ,0.000         ,0.000         ,0.003         
17:42:07.810015     ,0.049       ,0.880       ,0.869       ,16.180      ,16.170      ,16.172      ,-0.002      ,-0.008      ,-0.000      ,0.176       ,0.176       ,880.000     ,-0.002      ,16.170      ,0.00000       ,1517          ,133.330         ,0.000         ,-0.000              ,-0.000              ,23921.871       ,0.00000           ,0.00000               ,0.000         ,0.000         ,-0.000        ,-0.003        
17:42:07.814553     ,0.049       ,0.880       ,0.869       ,16.180      ,16.167      ,16.172      ,-0.002      ,-0.008      ,-0.000      ,0.176       ,0.176       ,880.000     ,-0.002      ,16.170      ,0.00000       ,1517          ,133.330         ,0.000         ,-0.000              ,-0.000              ,23921.871       ,0.00000           ,0.00000               ,0.000         ,0.000         ,-0.000        ,-0.003        
17:42:07.829807     ,0.049       ,0.880       ,0.869       ,16.180      ,16.168      ,16.172      ,-0.005      ,-0.023      ,-0.000      ,-0.025      ,-0.025      ,880.000     ,-0.005      ,16.167      ,0.00000       ,1517          ,133.330         ,0.000         ,-0.000              ,-0.000              ,23921.871       ,0.00000           ,0.00000               ,0.000         ,0.000         ,-0.000        ,-0.003        
17:42:07.834623     ,0.049       ,0.880       ,0.869       ,16.180      ,16.169      ,16.172      ,-0.003      ,-0.016      ,-0.000      ,0.154       ,0.154       ,880.000     ,-0.003      ,16.168      ,0.00000       ,1517          ,133.330         ,0.000         ,-0.000              ,-0.000              ,23921.871       ,0.00000           ,0.00000               ,0.000         ,0.000         ,-0.000        ,-0.003        
17:42:07.848473     ,0.051       ,0.880       ,0.869       ,16.160      ,16.164      ,16.172      ,-0.003      ,-0.013      ,-0.000      ,0.035       ,0.035       ,880.000     ,-0.003      ,16.169      ,0.00000       ,1517          ,133.330         ,0.000         ,-0.000              ,-0.000              ,23921.871       ,0.00000           ,0.00000               ,0.000         ,0.000         ,0.000         ,0.000         
17:42:07.854508     ,0.049       ,0.880       ,0.869       ,16.180      ,16.165      ,16.172      ,-0.008      ,-0.040      ,-0.000      ,0.039       ,0.039       ,880.000     ,-0.008      ,16.164      ,0.00000       ,1517          ,133.330         ,0.000         ,-0.000              ,-0.000              ,23921.871       ,0.00000           ,0.00000               ,0.000         ,0.000         ,0.000         ,0.000         
17:42:07.866039     ,0.051       ,0.880       ,0.885       ,16.160      ,16.163      ,16.172      ,-0.007      ,-0.034      ,-0.000      ,0.267       ,0.267       ,880.000     ,-0.007      ,16.165      ,0.00000       ,1517          ,133.330         ,0.000         ,-0.000              ,-0.000              ,23921.871       ,0.00000           ,0.00000               ,0.000         ,0.000         ,0.000         ,0.004         
17:42:07.874668     ,0.051       ,0.880       ,0.869       ,16.180      ,16.166      ,16.172      ,-0.008      ,-0.042      ,-0.000      ,0.115       ,0.115       ,880.000     ,-0.008      ,16.163      ,0.00000       ,1517          ,133.330         ,0.000         ,-0.000              ,-0.000              ,23921.871       ,0.00000           ,0.00000               ,0.000         ,0.000         ,0.000         ,0.004         
17:42:07.884387     ,0.051       ,0.880       ,0.869       ,16.180      ,16.166      ,16.172      ,-0.006      ,-0.030      ,-0.000      ,0.201       ,0.201       ,880.000     ,-0.006      ,16.166      ,0.00000       ,1517          ,133.330         ,0.000         ,-0.000              ,-0.000              ,23921.871       ,0.00000           ,0.00000               ,0.000         ,0.000         ,-0.001        ,-0.008        
17:42:07.894604     ,0.051       ,0.880       ,0.869       ,16.190      ,16.171      ,16.172      ,-0.006      ,-0.030      ,-0.000      ,0.201       ,0.201       ,880.000     ,-0.006      ,16.166      ,0.00000       ,1517          ,133.330         ,0.000         ,-0.000              ,-0.000              ,23921.871       ,0.00000           ,0.00000               ,0.000         ,0.000         ,-0.001        ,-0.008        
17:42:07.904376     ,0.051       ,0.880       ,0.869       ,16.180      ,16.168      ,16.172      ,-0.001      ,-0.004      ,-0.000      ,0.074       ,0.074       ,880.000     ,-0.001      ,16.171      ,0.00000       ,1517          ,133.330         ,0.000         ,-0.000              ,-0.000              ,23921.871       ,0.00000           ,0.00000               ,0.000         ,0.000         ,-0.000        ,-0.003        
17:42:07.922299     ,0.049       ,0.880       ,0.885       ,16.180      ,16.170      ,16.172      ,-0.001      ,-0.004      ,-0.000      ,0.074       ,0.074       ,880.000     ,-0.001      ,16.171      ,0.00000       ,1517          ,133.330         ,0.000         ,-0.000              ,-0.000              ,23921.871       ,0.00000           ,0.00000               ,0.000         ,0.000         ,0.000         ,0.003         
17:42:07.924370     ,0.049       ,0.880       ,0.885       ,16.180      ,16.170      ,16.172      ,-0.001      ,-0.006      ,-0.000      ,-0.093      ,-0.093      ,880.000     ,-0.001      ,16.170      ,0.00000       ,1517          ,133.330         ,0.000         ,-0.000              ,-0.000              ,23921.871       ,0.00000           ,0.00000               ,0.000         ,0.000         ,0.000         ,0.003         
17:42:07.942126     ,0.049       ,0.880       ,0.869       ,16.180      ,16.171      ,16.172      ,-0.001      ,-0.006      ,-0.000      ,-0.093      ,-0.093      ,880.000     ,-0.001      ,16.170      ,0.00000       ,1517          ,133.330         ,0.000         ,-0.000              ,-0.000              ,23921.871       ,0.00000           ,0.00000               ,0.000         ,0.000         ,0.000         ,0.000         
17:42:07.944358     ,0.049       ,0.880       ,0.869       ,16.160      ,16.167      ,16.172      ,-0.001      ,-0.006      ,-0.000      ,0.033       ,0.033       ,880.000     ,-0.001      ,16.171      ,0.00000       ,1517          ,133.330         ,0.000         ,-0.000              ,-0.000              ,23921.871       ,0.00000           ,0.00000               ,0.000         ,0.000         ,0.000         ,0.000         
17:42:07.960869     ,0.049       ,0.880       ,0.885       ,16.180      ,16.170      ,16.172      ,-0.001      ,-0.006      ,-0.000      ,0.033       ,0.033       ,880.000     ,-0.001      ,16.171      ,0.00000       ,1517          ,133.330         ,0.000         ,-0.000              ,-0.000              ,23921.871       ,0.00000           ,0.00000               ,0.000         ,0.000         ,0.000         ,0.001         
17:42:07.964361     ,0.049       ,0.880       ,0.885       ,16.180      ,16.171      ,16.172      ,-0.002      ,-0.008      ,-0.000      ,0.021       ,0.021       ,880.000     ,-0.002      ,16.170      ,0.00000       ,1517          ,133.330         ,0.000         ,-0.000              ,-0.000              ,23921.871       ,0.00000           ,0.00000               ,0.000         ,0.000         ,0.000         ,0.001         
17:42:07.978623     ,0.049       ,0.880       ,0.885       ,16.180      ,16.170      ,16.172      ,-0.002      ,-0.008      ,-0.000      ,0.021       ,0.021       ,880.000     ,-0.002      ,16.170      ,0.00000       ,1517          ,133.330         ,0.000         ,-0.000              ,-0.000              ,23921.871       ,0.00000           ,0.00000               ,0.000         ,0.000         ,0.000         ,0.000         
17:42:07.984375     ,0.049       ,0.880       ,0.869       ,16.180      ,16.169      ,16.172      ,-0.003      ,-0.014      ,-0.000      ,0.019       ,0.019       ,880.000     ,-0.003      ,16.169      ,0.00000       ,1517          ,133.330         ,0.000         ,-0.000              ,-0.000              ,23921.871       ,0.00000           ,0.00000               ,0.000         ,0.000         ,0.000         ,0.000         
17:42:07.996257     ,0.051       ,0.880       ,0.869       ,16.180      ,16.171      ,16.172      ,-0.003      ,-0.014      ,-0.000      ,0.019       ,0.019       ,880.000     ,-0.003      ,16.169      ,0.00000       ,1517          ,133.330         ,0.000         ,-0.000              ,-0.000              ,23921.871       ,0.00000           ,0.00000               ,0.000         ,0.000         ,0.000         ,0.000         
17:42:08.004392     ,0.051       ,0.880       ,0.869       ,16.180      ,16.169      ,16.172      ,-0.003      ,-0.014      ,-0.000      ,0.088       ,0.088       ,880.000     ,-0.003      ,16.169      ,0.00000       ,1517          ,133.330         ,0.000         ,-0.000              ,-0.000              ,23921.871       ,0.00000           ,0.00000               ,0.000         ,0.000         ,0.000         ,0.000         
17:42:08.014769     ,0.049       ,0.880       ,0.869       ,16.190      ,16.170      ,16.172      ,-0.003      ,-0.014      ,-0.000      ,0.088       ,0.088       ,880.000     ,-0.003      ,16.169      ,0.00000       ,1517          ,133.330         ,0.000         ,-0.000              ,-0.000              ,23921.871       ,0.00000           ,0.00000               ,0.000         ,0.000         ,0.000         ,0.000         
17:42:08.024382     ,0.049       ,0.880       ,0.869       ,16.180      ,16.171      ,16.172      ,-0.001      ,-0.004      ,-0.000      ,-0.001      ,-0.001      ,880.000     ,-0.001      ,16.171      ,0.00000       ,1517          ,133.330         ,0.000         ,-0.000              ,-0.000              ,23921.871       ,0.00000           ,0.00000               ,0.000         ,0.000         ,0.000         ,0.000         
17:42:08.035499     ,0.051       ,0.880       ,0.869       ,16.180      ,16.172      ,16.172      ,-0.001      ,-0.004      ,-0.000      ,-0.001      ,-0.001      ,880.000     ,-0.001      ,16.171      ,0.00000       ,1517          ,133.330         ,0.000         ,-0.000              ,-0.000              ,23921.871       ,0.00000           ,0.00000               ,0.000         ,0.000         ,-0.000        ,-0.003        
17:42:08.044369     ,0.051       ,0.880       ,0.869       ,16.180      ,16.174      ,16.172      ,0.002       ,0.010       ,-0.000      ,-0.039      ,-0.039      ,880.000     ,0.002       ,16.174      ,0.00000       ,1517          ,133.330         ,0.000         ,-0.000              ,-0.000              ,23921.871       ,0.00000           ,0.00000               ,0.000         ,0.000         ,-0.000        ,-0.003        
17:42:08.054975     ,0.049       ,0.880       ,0.869       ,16.160      ,16.171      ,16.172      ,0.002       ,0.010       ,-0.000      ,-0.039      ,-0.039      ,880.000     ,0.002       ,16.174      ,0.00000       ,1517          ,133.330         ,0.000         ,-0.000              ,-0.000              ,23921.871       ,0.00000           ,0.00000               ,0.000         ,0.000         ,0.000         ,0.000         
17:42:08.064366     ,0.051       ,0.880       ,0.853       ,16.160      ,16.167      ,16.172      ,-0.004      ,-0.022      ,-0.000      ,0.058       ,0.058       ,880.000     ,-0.004      ,16.167      ,0.00000       ,1517          ,133.330         ,0.000         ,-0.000              ,-0.000              ,23921.871       ,0.00000           ,0.00000               ,0.000         ,0.000         ,0.000         ,0.000         
17:42:08.074383     ,0.051       ,0.880       ,0.853       ,16.180      ,16.168      ,16.172      ,-0.004      ,-0.022      ,-0.000      ,0.058       ,0.058       ,880.000     ,-0.004      ,16.167      ,0.00000       ,1517          ,133.330         ,0.000         ,-0.000              ,-0.000              ,23921.871       ,0.00000           ,0.00000               ,0.000         ,0.000         ,0.000         ,0.000         
17:42:08.084376     ,0.051       ,0.880       ,0.885       ,16.160      ,16.164      ,16.172      ,-0.008      ,-0.040      ,-0.000      ,0.170       ,0.170       ,880.000     ,-0.008      ,16.164      ,0.00000       ,1517          ,133.330         ,0.000         ,-0.000              ,-0.000              ,23921.871       ,0.00000           ,0.00000               ,0.000         ,0.000         ,0.000         ,0.000         
17:42:08.095262     ,0.051       ,0.880       ,0.869       ,16.180      ,16.162      ,16.172      ,-0.008      ,-0.040      ,-0.000      ,0.170       ,0.170       ,880.000     ,-0.008      ,16.164      ,0.00000       ,1517          ,133.330         ,0.000         ,-0.000              ,-0.000              ,23921.871       ,0.00000           ,0.00000               ,0.000         ,0.000         ,0.000         ,0.003         
17:42:08.104387     ,0.051       ,0.880       ,0.885       ,16.180      ,16.164      ,16.172      ,-0.009      ,-0.047      ,-0.000      ,0.234       ,0.234       ,880.000     ,-0.009      ,16.162      ,0.00000       ,1517          ,133.330         ,0.000         ,-0.000              ,-0.000              ,23921.871       ,0.00000           ,0.00000               ,0.000         ,0.000         ,0.000         ,0.003         
17:42:08.114366     ,0.051       ,0.880       ,0.885       ,16.190      ,16.166      ,16.172      ,-0.005      ,-0.027      ,-0.000      ,0.213       ,0.213       ,880.000     ,-0.005      ,16.166      ,0.00000       ,1517          ,133.330         ,0.000         ,-0.000              ,-0.000              ,23921.871       ,0.00000           ,0.00000               ,0.000         ,0.000         ,0.000         ,0.001         
17:42:08.124374     ,0.049       ,0.880       ,0.869       ,16.180      ,16.164      ,16.172      ,-0.007      ,-0.037      ,-0.000      ,0.027       ,0.027       ,880.000     ,-0.007      ,16.164      ,0.00000       ,1517          ,133.330         ,0.000         ,-0.000              ,-0.000              ,23921.871       ,0.00000           ,0.00000               ,0.000         ,0.000         ,0.000         ,0.001         
17:42:08.134377     ,0.049       ,0.880       ,0.869       ,16.160      ,16.165      ,16.172      ,-0.007      ,-0.037      ,-0.000      ,0.027       ,0.027       ,880.000     ,-0.007      ,16.164      ,0.00000       ,1517          ,133.330         ,0.000         ,-0.000              ,-0.000              ,23921.871       ,0.00000           ,0.00000               ,0.000         ,0.000         ,-0.000        ,-0.001        
17:42:08.150240     ,0.051       ,0.880       ,0.869       ,16.160      ,16.164      ,16.172      ,-0.007      ,-0.037      ,-0.000      ,0.027       ,0.027       ,880.000     ,-0.007      ,16.164      ,0.00000       ,1517          ,133.330         ,0.000         ,-0.000              ,-0.000              ,23921.871       ,0.00000           ,0.00000               ,0.000         ,0.000         ,-0.000        ,-0.003        
17:42:08.154389     ,0.051       ,0.880       ,0.869       ,16.160      ,16.163      ,16.172      ,-0.008      ,-0.040      ,-0.000      ,0.190       ,0.190       ,880.000     ,-0.008      ,16.164      ,0.00000       ,1517          ,133.330         ,0.000         ,-0.000              ,-0.000              ,23921.871       ,0.00000           ,0.00000               ,0.000         ,0.000         ,-0.000        ,-0.003        
17:42:08.168941     ,0.049       ,0.880       ,0.869       ,16.160      ,16.161      ,16.172      ,-0.008      ,-0.041      ,-0.000      ,0.174       ,0.174       ,880.000     ,-0.008      ,16.163      ,0.00000       ,1517          ,133.330         ,0.000         ,-0.000              ,-0.000              ,23921.871       ,0.00000           ,0.00000               ,0.000         ,0.000         ,0.000         ,0.000         
17:42:08.174373     ,0.049       ,0.880       ,0.869       ,16.190      ,16.164      ,16.172      ,-0.008      ,-0.041      ,-0.000      ,0.174       ,0.174       ,880.000     ,-0.008      ,16.163      ,0.00000       ,1517          ,133.330         ,0.000         ,-0.000              ,-0.000              ,23921.871       ,0.00000           ,0.00000               ,0.000         ,0.000         ,0.000         ,0.000         
17:42:08.187657     ,0.049       ,0.880       ,0.885       ,16.190      ,16.167      ,16.172      ,-0.008      ,-0.024      ,-0.000      ,0.147       ,0.166       ,880.000     ,-0.008      ,16.164      ,0.00000       ,1517          ,133.330         ,0.000         ,-0.000              ,-0.000              ,23921.871       ,0.00000           ,0.00000               ,0.000         ,0.000         ,0.000         ,0.000         
17:42:08.194371     ,0.049       ,0.880       ,0.869       ,16.180      ,16.166      ,16.172      ,-0.005      ,-0.024      ,-0.000      ,0.147       ,0.147       ,880.000     ,-0.005      ,16.167      ,0.00000       ,1517          ,133.330         ,0.000         ,-0.000              ,-0.000              ,23921.871       ,0.00000           ,0.00000               ,0.000         ,0.000         ,0.000         ,0.000         
17:42:08.206449     ,0.049       ,0.880       ,0.885       ,16.180      ,16.166      ,16.172      ,-0.006      ,-0.029      ,-0.000      ,0.037       ,0.037       ,880.000     ,-0.006      ,16.166      ,0.00000       ,1517          ,133.330         ,0.000         ,-0.000              ,-0.000              ,23921.871       ,0.00000           ,0.00000               ,0.000         ,0.000         ,-0.000        ,-0.004        
17:42:08.214368     ,0.049       ,0.880       ,0.885       ,16.180      ,16.168      ,16.172      ,-0.006      ,-0.029      ,-0.000      ,0.134       ,0.134       ,880.000     ,-0.006      ,16.166      ,0.00000       ,1517          ,133.330         ,0.000         ,-0.000              ,-0.000              ,23921.871       ,0.00000           ,0.00000               ,0.000         ,0.000         ,-0.000        ,-0.004        
17:42:08.227257     ,0.049       ,0.880       ,0.869       ,16.180      ,16.167      ,16.172      ,-0.004      ,-0.018      ,-0.000      ,0.117       ,0.117       ,880.000     ,-0.004      ,16.168      ,0.00000       ,1517          ,133.330         ,0.000         ,-0.000              ,-0.000              ,23921.871       ,0.00000           ,0.00000               ,0.000         ,0.000         ,0.000         ,0.001         
17:42:08.234384     ,0.049       ,0.880       ,0.869       ,16.180      ,16.169      ,16.172      ,-0.004      ,-0.022      ,-0.000      ,0.032       ,0.032       ,880.000     ,-0.004      ,16.167      ,0.00000       ,1517          ,133.330         ,0.000         ,-0.000              ,-0.000              ,23921.871       ,0.00000           ,0.00000               ,0.000         ,0.000         ,0.000         ,0.001         
17:42:08.244907     ,0.051       ,0.880       ,0.885       ,16.160      ,16.170      ,16.172      ,-0.003      ,-0.013      ,-0.000      ,0.104       ,0.104       ,880.000     ,-0.003      ,16.169      ,0.00000       ,1517          ,133.330         ,0.000         ,-0.000              ,-0.000              ,23921.871       ,0.00000           ,0.00000               ,0.000         ,0.000         ,-0.000        ,-0.003        
17:42:08.254404     ,0.049       ,0.880       ,0.869       ,16.180      ,16.173      ,16.172      ,-0.002      ,-0.010      ,-0.000      ,0.015       ,0.015       ,880.000     ,-0.002      ,16.170      ,0.00000       ,1517          ,133.330         ,0.000         ,-0.000              ,-0.000              ,23921.871       ,0.00000           ,0.00000               ,0.000         ,0.000         ,-0.000        ,-0.003        
17:42:08.264399     ,0.049       ,0.880       ,0.869       ,16.180      ,16.173      ,16.172      ,0.001       ,0.004       ,-0.000      ,0.031       ,0.031       ,880.000     ,0.001       ,16.173      ,0.00000       ,1517          ,133.330         ,0.000         ,-0.000              ,-0.000              ,23921.871       ,0.00000           ,0.00000               ,0.000         ,0.000         ,0.000         ,0.001         
17:42:08.280971     ,0.051       ,0.880       ,0.853       ,16.180      ,16.171      ,16.172      ,0.001       ,0.004       ,-0.000      ,0.031       ,0.031       ,880.000     ,0.001       ,16.173      ,0.00000       ,1517          ,133.330         ,0.000         ,-0.000              ,-0.000              ,23921.871       ,0.00000           ,0.00000               ,0.000         ,0.000         ,-0.000        ,-0.003        
17:42:08.284386     ,0.051       ,0.880       ,0.853       ,16.190      ,16.170      ,16.172      ,-0.001      ,-0.005      ,-0.000      ,-0.076      ,-0.076      ,880.000     ,-0.001      ,16.171      ,0.00000       ,1517          ,133.330         ,0.000         ,-0.000              ,-0.000              ,23921.871       ,0.00000           ,0.00000               ,0.000         ,0.000         ,-0.000        ,-0.003        
17:42:08.299633     ,0.051       ,0.880       ,0.869       ,16.190      ,16.173      ,16.172      ,-0.002      ,-0.009      ,-0.000      ,0.054       ,0.054       ,880.000     ,-0.002      ,16.170      ,0.00000       ,1517          ,133.330         ,0.000         ,-0.000              ,-0.000              ,23921.871       ,0.00000           ,0.00000               ,0.000         ,0.000         ,0.000         ,0.000         
17:42:08.304400     ,0.051       ,0.880       ,0.869       ,16.180      ,16.170      ,16.172      ,-0.002      ,-0.009      ,-0.000      ,0.054       ,0.054       ,880.000     ,-0.002      ,16.170      ,0.00000       ,1517          ,133.330         ,0.000         ,-0.000              ,-0.000              ,23921.871       ,0.00000           ,0.00000               ,0.000         ,0.000         ,0.000         ,0.000         
17:42:08.318320     ,0.049       ,0.880       ,0.885       ,16.180      ,16.171      ,16.172      ,-0.001      ,-0.006      ,-0.000      ,0.052       ,0.052       ,880.000     ,-0.001      ,16.170      ,0.00000       ,1517          ,133.330         ,0.000         ,-0.000              ,-0.000              ,23921.871       ,0.00000           ,0.00000               ,0.000         ,0.000         ,0.000         ,0.001         
17:42:08.324381     ,0.049       ,0.880       ,0.869       ,16.190      ,16.175      ,16.172      ,-0.001      ,-0.004      ,-0.000      ,0.015       ,0.015       ,880.000     ,-0.001      ,16.171      ,0.00000       ,1517          ,133.330         ,0.000         ,-0.000              ,-0.000              ,23921.871       ,0.00000           ,0.00000               ,0.000         ,0.000         ,0.000         ,0.001         
17:42:08.336966     ,0.051       ,0.880       ,0.885       ,16.180      ,16.175      ,16.172      ,0.003       ,0.015       ,-0.000      ,0.006       ,0.006       ,880.000     ,0.003       ,16.175      ,0.00000       ,1517          ,133.330         ,0.000         ,-0.000              ,-0.000              ,23921.871       ,0.00000           ,0.00000               ,0.000         ,0.000         ,0.000         ,0.000         
17:42:08.344377     ,0.049       ,0.880       ,0.885       ,16.180      ,16.175      ,16.172      ,0.003       ,0.016       ,-0.000      ,-0.135      ,-0.135      ,880.000     ,0.003       ,16.175      ,0.00000       ,1517          ,133.330         ,0.000         ,-0.000              ,-0.000              ,23921.871       ,0.00000           ,0.00000               ,0.000         ,0.000         ,0.000         ,0.000         
17:42:08.358978     ,0.047       ,0.880       ,0.869       ,16.180      ,16.177      ,16.172      ,0.004       ,0.018       ,-0.000      ,-0.071      ,-0.071      ,880.000     ,0.004       ,16.175      ,0.00000       ,1517          ,133.330         ,0.000         ,-0.000              ,-0.000              ,23921.871       ,0.00000           ,0.00000               ,0.000         ,0.000         ,-0.001        ,-0.006        
17:42:08.364389     ,0.051       ,0.880       ,0.885       ,16.160      ,16.173      ,16.172      ,0.005       ,0.025       ,-0.000      ,-0.082      ,-0.082      ,880.000     ,0.005       ,16.177      ,0.00000       ,1517          ,133.330         ,0.000         ,-0.000              ,-0.000              ,23921.871       ,0.00000           ,0.00000               ,0.000         ,0.000         ,-0.001        ,-0.006        
17:42:08.379845     ,0.051       ,0.880       ,0.885       ,16.190      ,16.172      ,16.172      ,0.001       ,0.006       ,-0.000      ,-0.124      ,-0.124      ,880.000     ,0.001       ,16.173      ,0.00000       ,1517          ,133.330         ,0.000         ,-0.000              ,-0.000              ,23921.871       ,0.00000           ,0.00000               ,0.000         ,0.000         ,0.000         ,0.000         
17:42:08.384379     ,0.051       ,0.880       ,0.885       ,16.180      ,16.171      ,16.172      ,0.001       ,0.004       ,-0.000      ,0.049       ,0.049       ,880.000     ,0.001       ,16.172      ,0.00000       ,1517          ,133.330         ,0.000         ,-0.000              ,-0.000              ,23921.871       ,0.00000           ,0.00000               ,0.000         ,0.000         ,0.000         ,0.000         
17:42:08.398541     ,0.051       ,0.880       ,0.885       ,16.190      ,16.171      ,16.172      ,-0.001      ,-0.003      ,-0.000      ,-0.007      ,-0.007      ,880.000     ,-0.001      ,16.171      ,0.00000       ,1517          ,133.330         ,0.000         ,-0.000              ,-0.000              ,23921.871       ,0.00000           ,0.00000               ,0.000         ,0.000         ,0.000         ,0.000         
17:42:08.404392     ,0.051       ,0.880       ,0.885       ,16.180      ,16.170      ,16.172      ,-0.001      ,-0.003      ,-0.000      ,0.042       ,0.042       ,880.000     ,-0.001      ,16.171      ,0.00000       ,1517          ,133.330         ,0.000         ,-0.000              ,-0.000              ,23921.871       ,0.00000           ,0.00000               ,0.000         ,0.000         ,0.000         ,0.000         
17:42:08.417361     ,0.049       ,0.880       ,0.869       ,16.190      ,16.174      ,16.172      ,-0.002      ,-0.010      ,-0.000      ,0.008       ,0.008       ,880.000     ,-0.002      ,16.170      ,0.00000       ,1517          ,133.330         ,0.000         ,-0.000              ,-0.000              ,23921.871       ,0.00000           ,0.00000               ,0.000         ,0.000         ,0.000         ,0.000         
17:42:08.424383     ,0.049       ,0.880       ,0.869       ,16.180      ,16.172      ,16.172      ,0.003       ,0.014       ,-0.000      ,0.070       ,0.070       ,880.000     ,0.003       ,16.174      ,0.00000       ,1517          ,133.330         ,0.000         ,-0.000              ,-0.000              ,23921.871       ,0.00000           ,0.00000               ,0.000         ,0.000         ,0.000         ,0.000         
17:42:08.436166     ,0.049       ,0.880       ,0.869       ,16.180      ,16.173      ,16.172      ,0.000       ,0.002       ,-0.000      ,-0.150      ,-0.150      ,880.000     ,0.000       ,16.172      ,0.00000       ,1517          ,133.330         ,0.000         ,-0.000              ,-0.000              ,23921.871       ,0.00000           ,0.00000               ,0.000         ,0.000         ,0.000         ,0.001         
17:42:08.444367     ,0.051       ,0.880       ,0.885       ,16.180      ,16.174      ,16.172      ,0.002       ,0.009       ,-0.000      ,0.038       ,0.038       ,880.000     ,0.002       ,16.173      ,0.00000       ,1517          ,133.330         ,0.000         ,-0.000              ,-0.000              ,23921.871       ,0.00000           ,0.00000               ,0.000         ,0.000         ,0.000         ,0.001         
17:42:08.456083     ,0.051       ,0.880       ,0.869       ,16.180      ,16.175      ,16.172      ,0.002       ,0.009       ,-0.000      ,-0.064      ,-0.064      ,880.000     ,0.002       ,16.174      ,0.00000       ,1517          ,133.330         ,0.000         ,-0.000              ,-0.000              ,23921.871       ,0.00000           ,0.00000               ,0.000         ,0.000         ,0.000         ,0.000         
17:42:08.464401     ,0.051       ,0.880       ,0.869       ,16.180      ,16.174      ,16.172      ,0.004       ,0.018       ,-0.000      ,-0.037      ,-0.037      ,880.000     ,0.004       ,16.175      ,0.00000       ,1517          ,133.330         ,0.000         ,-0.000              ,-0.000              ,23921.871       ,0.00000           ,0.00000               ,0.000         ,0.000         ,0.000         ,0.000         
17:42:08.476944     ,0.049       ,0.880       ,0.885       ,16.190      ,16.176      ,16.172      ,0.002       ,0.012       ,-0.000      ,-0.105      ,-0.105      ,880.000     ,0.002       ,16.174      ,0.00000       ,1517          ,133.330         ,0.000         ,-0.000              ,-0.000              ,23921.871       ,0.00000           ,0.00000               ,0.000         ,0.000         ,-0.000        ,-0.004        
17:42:08.484410     ,0.051       ,0.880       ,0.885       ,16.180      ,16.174      ,16.172      ,0.004       ,0.020       ,-0.000      ,-0.024      ,-0.024      ,880.000     ,0.004       ,16.176      ,0.00000       ,1517          ,133.330         ,0.000         ,-0.000              ,-0.000              ,23921.871       ,0.00000           ,0.00000               ,0.000         ,0.000         ,-0.000        ,-0.004        
17:42:08.497699     ,0.051       ,0.880       ,0.869       ,16.180      ,16.173      ,16.172      ,0.003       ,0.013       ,-0.000      ,-0.111      ,-0.111      ,880.000     ,0.003       ,16.174      ,0.00000       ,1517          ,133.330         ,0.000         ,-0.000              ,-0.000              ,23921.871       ,0.00000           ,0.00000               ,0.000         ,0.000         ,0.000         ,0.003         
17:42:08.504399     ,0.049       ,0.880       ,0.869       ,16.180      ,16.172      ,16.172      ,0.001       ,0.007       ,-0.000      ,-0.023      ,-0.023      ,880.000     ,0.001       ,16.173      ,0.00000       ,1517          ,133.330         ,0.000         ,-0.000              ,-0.000              ,23921.871       ,0.00000           ,0.00000               ,0.000         ,0.000         ,0.000         ,0.003         
17:42:08.516336     ,0.049       ,0.880       ,0.885       ,16.180      ,16.172      ,16.172      ,0.001       ,0.003       ,-0.000      ,-0.002      ,-0.002      ,880.000     ,0.001       ,16.172      ,0.00000       ,1517          ,133.330         ,0.000         ,-0.000              ,-0.000              ,23921.871       ,0.00000           ,0.00000               ,0.000         ,0.000         ,-0.000        ,-0.003        
17:42:08.524373     ,0.051       ,0.880       ,0.869       ,16.200      ,16.174      ,16.172      ,0.001       ,0.003       ,-0.000      ,0.000       ,0.000       ,880.000     ,0.001       ,16.172      ,0.00000       ,1517          ,133.330         ,0.000         ,-0.000              ,-0.000              ,23921.871       ,0.00000           ,0.00000               ,0.000         ,0.000         ,-0.000        ,-0.003        
17:42:08.535983     ,0.051       ,0.880       ,0.869       ,16.200      ,16.178      ,16.172      ,0.003       ,0.014       ,-0.000      ,-0.013      ,-0.013      ,880.000     ,0.003       ,16.174      ,0.00000       ,1517          ,133.330         ,0.000         ,-0.000              ,-0.000              ,23921.871       ,0.00000           ,0.00000               ,0.000         ,0.000         ,0.000         ,0.000         
17:42:08.544370     ,0.049       ,0.880       ,0.885       ,16.200      ,16.181      ,16.172      ,0.006       ,0.032       ,-0.000      ,-0.098      ,-0.098      ,880.000     ,0.006       ,16.178      ,0.00000       ,1517          ,133.330         ,0.000         ,-0.000              ,-0.000              ,23921.871       ,0.00000           ,0.00000               ,0.000         ,0.000         ,0.000         ,0.000         
17:42:08.555688     ,0.051       ,0.880       ,0.853       ,16.200      ,16.184      ,16.172      ,0.009       ,0.047       ,-0.000      ,-0.197      ,-0.197      ,880.000     ,0.009       ,16.181      ,0.00000       ,1517          ,133.330         ,0.000         ,-0.000              ,-0.000              ,23921.871       ,0.00000           ,0.00000               ,0.000         ,0.000         ,-0.000        ,-0.001        
17:42:08.564382     ,0.051       ,0.880       ,0.869       ,16.190      ,16.186      ,16.172      ,0.012       ,0.062       ,-0.000      ,0.000       ,0.062       ,880.000     ,0.012       ,16.184      ,0.00000       ,1517          ,133.330         ,0.000         ,-0.000              ,-0.000              ,23921.871       ,0.00000           ,0.00000               ,0.000         ,0.000         ,-0.000        ,-0.001        
17:42:08.575310     ,0.051       ,0.880       ,0.869       ,16.200      ,16.187      ,16.172      ,0.014       ,0.070       ,-0.000      ,-0.026      ,0.044       ,880.000     ,0.014       ,16.186      ,0.00000       ,1517          ,133.330         ,0.000         ,-0.000              ,-0.000              ,23921.871       ,0.00000           ,0.00000               ,0.000         ,0.000         ,0.000         ,0.003         
17:42:08.584374     ,0.049       ,0.880       ,0.885       ,16.200      ,16.188      ,16.172      ,0.017       ,0.083       ,-0.000      ,0.019       ,0.102       ,880.000     ,0.017       ,16.188      ,0.00000       ,1517          ,133.330         ,0.000         ,-0.000              ,-0.000              ,23921.871       ,0.00000           ,0.00000               ,0.000         ,0.000         ,0.000         ,0.003         
17:42:08.596147     ,0.051       ,0.880       ,0.869       ,16.210      ,16.192      ,16.172      ,0.017       ,0.083       ,-0.000      ,0.019       ,0.102       ,880.000     ,0.017       ,16.188      ,0.00000       ,1517          ,133.330         ,0.000         ,-0.000              ,-0.000              ,23921.871       ,0.00000           ,0.00000               ,0.000         ,0.000         ,0.000         ,0.003         
17:42:08.604378     ,0.049       ,0.880       ,0.869       ,16.210      ,16.194      ,16.172      ,0.022       ,0.111       ,0.000       ,-0.022      ,0.089       ,880.000     ,0.022       ,16.194      ,0.00000       ,1517          ,133.330         ,0.000         ,-0.000              ,-0.000              ,23921.871       ,0.00000           ,0.00000               ,0.000         ,0.000         ,0.000         ,0.003         
17:42:08.614776     ,0.051       ,0.880       ,0.869       ,16.210      ,16.197      ,16.172      ,0.022       ,0.111       ,0.000       ,-0.022      ,0.089       ,880.000     ,0.022       ,16.194      ,0.00000       ,1517          ,133.330         ,0.000         ,-0.000              ,-0.000              ,23921.871       ,0.00000           ,0.00000               ,0.000         ,0.000         ,-0.000        ,-0.003        
17:42:08.624364     ,0.051       ,0.880       ,0.869       ,16.210      ,16.198      ,16.172      ,0.026       ,0.129       ,0.000       ,0.030       ,0.159       ,880.000     ,0.026       ,16.198      ,0.00000       ,1517          ,133.330         ,0.000         ,-0.000              ,-0.000              ,23921.871       ,0.00000           ,0.00000               ,0.000         ,0.000         ,-0.000        ,-0.003        
17:42:08.635522     ,0.051       ,0.880       ,0.885       ,16.210      ,16.199      ,16.172      ,0.026       ,0.129       ,0.000       ,0.030       ,0.159       ,880.000     ,0.026       ,16.198      ,0.00000       ,1517          ,133.330         ,0.000         ,-0.000              ,-0.000              ,23921.871       ,0.00000           ,0.00000               ,0.000         ,0.000         ,0.000         ,0.000         
17:42:08.644363     ,0.051       ,0.880       ,0.869       ,16.190      ,16.196      ,16.172      ,0.024       ,0.119       ,0.000       ,-0.088      ,0.032       ,880.000     ,0.024       ,16.196      ,0.00000       ,1517          ,133.330         ,0.000         ,-0.000              ,-0.000              ,23921.871       ,0.00000           ,0.00000               ,0.000         ,0.000         ,0.000         ,0.000         
17:42:08.656351     ,0.049       ,0.880       ,0.885       ,16.190      ,16.194      ,16.172      ,0.024       ,0.119       ,0.000       ,-0.088      ,0.032       ,880.000     ,0.024       ,16.196      ,0.00000       ,1517          ,133.330         ,0.000         ,-0.000              ,-0.000              ,23921.871       ,0.00000           ,0.00000               ,0.000         ,0.000         ,0.000         ,0.000         
17:42:08.664371     ,0.051       ,0.880       ,0.885       ,16.180      ,16.191      ,16.172      ,0.019       ,0.097       ,0.000       ,-0.029      ,0.068       ,880.000     ,0.019       ,16.191      ,0.00000       ,1517          ,133.330         ,0.000         ,-0.000              ,-0.000              ,23921.871       ,0.00000           ,0.00000               ,0.000         ,0.000         ,0.000         ,0.000         
17:42:08.676156     ,0.051       ,0.880       ,0.869       ,16.180      ,16.188      ,16.172      ,0.019       ,0.097       ,0.000       ,-0.029      ,0.068       ,880.000     ,0.019       ,16.191      ,0.00000       ,1517          ,133.330         ,0.000         ,-0.000              ,-0.000              ,23921.871       ,0.00000           ,0.00000               ,0.000         ,0.000         ,0.000         ,0.000         
17:42:08.684376     ,0.051       ,0.880       ,0.869       ,16.190      ,16.185      ,16.172      ,0.013       ,0.065       ,0.000       ,0.007       ,0.073       ,880.000     ,0.013       ,16.185      ,0.00000       ,1517          ,133.330         ,0.000         ,-0.000              ,-0.000              ,23921.871       ,0.00000           ,0.00000               ,0.000         ,0.000         ,0.000         ,0.000         
17:42:08.697097     ,0.051       ,0.880       ,0.869       ,16.200      ,16.185      ,16.172      ,0.013       ,0.065       ,0.000       ,0.007       ,0.073       ,880.000     ,0.013       ,16.185      ,0.00000       ,1517          ,133.330         ,0.000         ,-0.000              ,-0.000              ,23921.871       ,0.00000           ,0.00000               ,0.000         ,0.000         ,0.000         ,0.000         
17:42:08.704366     ,0.049       ,0.880       ,0.869       ,16.210      ,16.185      ,16.172      ,0.013       ,0.065       ,0.000       ,-0.009      ,0.056       ,880.000     ,0.013       ,16.185      ,0.00000       ,1517          ,133.330         ,0.000         ,-0.000              ,-0.000              ,23921.871       ,0.00000           ,0.00000               ,0.000         ,0.000         ,0.000         ,0.000         
17:42:08.715844     ,0.051       ,0.880       ,0.869       ,16.220      ,16.187      ,16.172      ,0.013       ,0.065       ,0.000       ,-0.009      ,0.056       ,880.000     ,0.013       ,16.185      ,0.00000       ,1517          ,133.330         ,0.000         ,-0.000              ,-0.000              ,23921.871       ,0.00000           ,0.00000               ,0.000         ,0.000         ,0.000         ,0.000         
17:42:08.724363     ,0.051       ,0.880       ,0.885       ,16.220      ,16.191      ,16.172      ,0.019       ,0.096       ,0.000       ,0.013       ,0.109       ,880.000     ,0.019       ,16.191      ,0.00000       ,1517          ,133.330         ,0.000         ,-0.000              ,-0.000              ,23921.871       ,0.00000           ,0.00000               ,0.000         ,0.000         ,0.000         ,0.000         
17:42:08.735603     ,0.051       ,0.880       ,0.869       ,16.210      ,16.193      ,16.172      ,0.019       ,0.096       ,0.000       ,0.013       ,0.109       ,880.000     ,0.019       ,16.191      ,0.00000       ,1517          ,133.330         ,0.000         ,-0.000              ,-0.000              ,23921.871       ,0.00000           ,0.00000               ,0.000         ,0.000         ,-0.001        ,-0.005        
17:42:08.744362     ,0.051       ,0.880       ,0.869       ,16.200      ,16.195      ,16.172      ,0.024       ,0.118       ,0.000       ,-0.003      ,0.115       ,880.000     ,0.024       ,16.195      ,0.00000       ,1517          ,133.330         ,0.000         ,-0.000              ,-0.000              ,23921.871       ,0.00000           ,0.00000               ,0.000         ,0.000         ,-0.001        ,-0.005        
17:42:08.755540     ,0.049       ,0.880       ,0.869       ,16.200      ,16.198      ,16.172      ,0.024       ,0.118       ,0.000       ,-0.003      ,0.115       ,880.000     ,0.024       ,16.195      ,0.00000       ,1517          ,133.330         ,0.000         ,-0.000              ,-0.000              ,23921.871       ,0.00000           ,0.00000               ,0.000         ,0.000         ,0.000         ,0.001         
17:42:08.764372     ,0.051       ,0.880       ,0.869       ,16.190      ,16.198      ,16.172      ,0.026       ,0.132       ,0.000       ,-0.060      ,0.072       ,880.000     ,0.026       ,16.198      ,0.00000       ,1517          ,133.330         ,0.000         ,-0.000              ,-0.000              ,23921.871       ,0.00000           ,0.00000               ,0.000         ,0.000         ,0.000         ,0.001         
17:42:08.775444     ,0.049       ,0.880       ,0.869       ,16.190      ,16.197      ,16.172      ,0.026       ,0.132       ,0.000       ,-0.060      ,0.072       ,880.000     ,0.026       ,16.198      ,0.00000       ,1517          ,133.330         ,0.000         ,-0.000              ,-0.000              ,23921.871       ,0.00000           ,0.00000               ,0.000         ,0.000         ,0.000         ,0.000         
17:42:08.784375     ,0.049       ,0.880       ,0.869       ,16.200      ,16.197      ,16.172      ,0.025       ,0.126       ,0.000       ,0.017       ,0.143       ,880.000     ,0.025       ,16.197      ,0.00000       ,1517          ,133.330         ,0.000         ,-0.000              ,-0.000              ,23921.871       ,0.00000           ,0.00000               ,0.000         ,0.000         ,0.000         ,0.000         
17:42:08.795184     ,0.051       ,0.880       ,0.869       ,16.220      ,16.198      ,16.172      ,0.025       ,0.126       ,0.000       ,0.017       ,0.143       ,880.000     ,0.025       ,16.197      ,0.00000       ,1517          ,133.330         ,0.000         ,-0.000              ,-0.000              ,23921.871       ,0.00000           ,0.00000               ,0.000         ,0.000         ,-0.001        ,-0.005        
17:42:08.804389     ,0.049       ,0.880       ,0.885       ,16.240      ,16.200      ,16.172      ,0.028       ,0.142       ,0.000       ,0.008       ,0.149       ,880.000     ,0.028       ,16.200      ,0.00000       ,1517          ,133.330         ,0.000         ,-0.000              ,-0.000              ,23921.871       ,0.00000           ,0.00000               ,0.000         ,0.000         ,-0.001        ,-0.005        
17:42:08.815918     ,0.049       ,0.880       ,0.869       ,16.240      ,16.203      ,16.172      ,0.028       ,0.142       ,0.000       ,0.008       ,0.149       ,880.000     ,0.028       ,16.200      ,0.00000       ,1517          ,133.330         ,0.000         ,-0.000              ,-0.000              ,23921.871       ,0.00000           ,0.00000               ,0.000         ,0.000         ,-0.000        ,-0.003        
17:42:08.824365     ,0.049       ,0.880       ,0.869       ,16.260      ,16.211      ,16.172      ,0.039       ,0.194       ,0.000       ,0.102       ,0.296       ,880.000     ,0.039       ,16.211      ,0.00000       ,1517          ,133.330         ,0.000         ,-0.000              ,-0.000              ,23921.871       ,0.00000           ,0.00000               ,0.000         ,0.000         ,-0.000        ,-0.003        
17:42:08.834528     ,0.051       ,0.880       ,0.869       ,16.260      ,16.219      ,16.172      ,0.039       ,0.194       ,0.000       ,0.102       ,0.296       ,880.000     ,0.039       ,16.211      ,0.00000       ,1517          ,133.330         ,0.000         ,-0.000              ,-0.000              ,23921.871       ,0.00000           ,0.00000               ,0.000         ,0.000         ,-0.000        ,-0.003        
17:42:08.844365     ,0.051       ,0.880       ,0.869       ,16.260      ,16.228      ,16.172      ,0.056       ,0.281       ,0.000       ,0.003       ,0.284       ,880.000     ,0.056       ,16.228      ,0.00000       ,1517          ,133.330         ,0.000         ,-0.000              ,-0.000              ,23921.871       ,0.00000           ,0.00000               ,0.000         ,0.000         ,-0.000        ,-0.003        
17:42:08.855451     ,0.049       ,0.880       ,0.885       ,16.250      ,16.235      ,16.172      ,0.056       ,0.281       ,0.000       ,0.003       ,0.284       ,880.000     ,0.056       ,16.228      ,0.00000       ,1517          ,133.330         ,0.000         ,-0.000              ,-0.000              ,23921.871       ,0.00000           ,0.00000               ,0.000         ,0.000         ,-0.000        ,-0.003        
17:42:08.864376     ,0.049       ,0.880       ,0.869       ,16.260      ,16.245      ,16.172      ,0.074       ,0.368       ,0.000       ,0.072       ,0.440       ,880.000     ,0.074       ,16.245      ,0.00000       ,1517          ,133.330         ,0.000         ,-0.000              ,-0.000              ,23921.871       ,0.00000           ,0.00000               ,0.000         ,0.000         ,-0.000        ,-0.003        
17:42:08.875132     ,0.051       ,0.880       ,0.885       ,16.270      ,16.252      ,16.172      ,0.074       ,0.368       ,0.000       ,0.072       ,0.440       ,880.000     ,0.074       ,16.245      ,0.00000       ,1517          ,133.330         ,0.000         ,-0.000              ,-0.000              ,23921.871       ,0.00000           ,0.00000               ,0.000         ,0.000         ,0.000         ,0.000         
17:42:08.884381     ,0.051       ,0.880       ,0.869       ,16.270      ,16.257      ,16.172      ,0.085       ,0.426       ,0.000       ,-0.051      ,0.375       ,880.000     ,0.085       ,16.257      ,0.00000       ,1517          ,133.330         ,0.000         ,-0.000              ,-0.000              ,23921.871       ,0.00000           ,0.00000               ,0.000         ,0.000         ,0.000         ,0.000         
17:42:08.900346     ,0.049       ,0.880       ,0.885       ,16.270      ,16.259      ,16.172      ,0.085       ,0.426       ,0.000       ,-0.051      ,0.375       ,880.000     ,0.085       ,16.257      ,0.00000       ,1517          ,133.330         ,0.000         ,-0.000              ,-0.000              ,23921.871       ,0.00000           ,0.00000               ,0.000         ,0.000         ,0.000         ,0.000         
17:42:08.904389     ,0.049       ,0.880       ,0.885       ,16.270      ,16.260      ,16.172      ,0.087       ,0.435       ,0.000       ,-0.055      ,0.381       ,880.000     ,0.087       ,16.259      ,0.00000       ,1517          ,133.330         ,0.000         ,-0.000              ,-0.000              ,23921.871       ,0.00000           ,0.00000               ,0.000         ,0.000         ,0.000         ,0.000         
17:42:08.920143     ,0.051       ,0.880       ,0.853       ,16.280      ,16.261      ,16.172      ,0.089       ,0.444       ,0.000       ,-0.002      ,0.441       ,880.000     ,0.089       ,16.260      ,0.00000       ,1517          ,133.330         ,0.000         ,-0.000              ,-0.000              ,23921.871       ,0.00000           ,0.00000               ,0.000         ,0.000         ,0.000         ,0.001         
17:42:08.924369     ,0.051       ,0.880       ,0.853       ,16.270      ,16.259      ,16.172      ,0.090       ,0.448       ,0.000       ,-0.018      ,0.430       ,880.000     ,0.090       ,16.261      ,0.00000       ,1517          ,133.330         ,0.000         ,-0.000              ,-0.000              ,23921.871       ,0.00000           ,0.00000               ,0.000         ,0.000         ,0.000         ,0.001         
17:42:08.939208     ,0.049       ,0.880       ,0.869       ,16.260      ,16.258      ,16.172      ,0.088       ,0.438       ,0.000       ,-0.056      ,0.382       ,880.000     ,0.088       ,16.259      ,0.00000       ,1517          ,133.330         ,0.000         ,-0.000              ,-0.000              ,23921.871       ,0.00000           ,0.00000               ,0.000         ,0.000         ,0.000         ,0.000         
17:42:08.944364     ,0.049       ,0.880       ,0.869       ,16.280      ,16.262      ,16.172      ,0.086       ,0.431       ,0.000       ,0.011       ,0.441       ,880.000     ,0.086       ,16.258      ,0.00000       ,1517          ,133.330         ,0.000         ,-0.000              ,-0.000              ,23921.871       ,0.00000           ,0.00000               ,0.000         ,0.000         ,0.000         ,0.000         
17:42:08.959078     ,0.049       ,0.880       ,0.869       ,16.280      ,16.265      ,16.172      ,0.090       ,0.449       ,0.000       ,0.104       ,0.554       ,880.000     ,0.090       ,16.262      ,0.00000       ,1517          ,133.330         ,0.000         ,-0.000              ,-0.000              ,23921.871       ,0.00000           ,0.00000               ,0.000         ,0.000         ,0.000         ,0.000         
17:42:08.964372     ,0.049       ,0.880       ,0.853       ,16.310      ,16.271      ,16.172      ,0.099       ,0.495       ,0.000       ,0.051       ,0.546       ,880.000     ,0.099       ,16.271      ,0.00000       ,1517          ,133.330         ,0.000         ,-0.000              ,-0.000              ,23921.871       ,0.00000           ,0.00000               ,0.000         ,0.000         ,0.000         ,0.000         
17:42:08.976757     ,0.051       ,0.880       ,0.869       ,16.320      ,16.278      ,16.172      ,0.099       ,0.495       ,0.000       ,0.051       ,0.546       ,880.000     ,0.099       ,16.271      ,0.00000       ,1517          ,133.330         ,0.000         ,-0.000              ,-0.000              ,23921.871       ,0.00000           ,0.00000               ,0.000         ,0.000         ,0.000         ,0.003         
17:42:08.984374     ,0.049       ,0.880       ,0.885       ,16.360      ,16.293      ,16.172      ,0.122       ,0.608       ,0.000       ,0.144       ,0.752       ,880.000     ,0.122       ,16.293      ,0.00000       ,1517          ,133.330         ,0.000         ,-0.000              ,-0.000              ,23921.871       ,0.00000           ,0.00000               ,0.000         ,0.000         ,0.000         ,0.003         
17:42:08.995594     ,0.049       ,0.880       ,0.885       ,16.330      ,16.298      ,16.172      ,0.122       ,0.608       ,0.000       ,0.144       ,0.752       ,880.000     ,0.122       ,16.293      ,0.00000       ,1517          ,133.330         ,0.000         ,-0.000              ,-0.000              ,23921.871       ,0.00000           ,0.00000               ,0.000         ,0.000         ,0.000         ,0.000         
17:42:09.004388     ,0.051       ,0.880       ,0.885       ,16.280      ,16.298      ,16.172      ,0.126       ,0.632       ,0.000       ,-0.098      ,0.534       ,880.000     ,0.126       ,16.298      ,0.00000       ,1517          ,133.330         ,0.000         ,-0.000              ,-0.000              ,23921.871       ,0.00000           ,0.00000               ,0.000         ,0.000         ,0.000         ,0.000         
17:42:09.014376     ,0.049       ,0.880       ,0.885       ,16.300      ,16.301      ,16.172      ,0.130       ,0.649       ,0.000       ,0.068       ,0.717       ,880.000     ,0.130       ,16.301      ,0.00000       ,1517          ,133.330         ,0.000         ,-0.000              ,-0.000              ,23921.871       ,0.00000           ,0.00000               ,0.000         ,0.000         ,0.000         ,0.003         
17:42:09.024364     ,0.051       ,0.880       ,0.869       ,16.390      ,16.320      ,16.172      ,0.149       ,0.743       ,0.000       ,0.309       ,1.053       ,880.000     ,0.149       ,16.320      ,0.00000       ,1517          ,133.330         ,0.000         ,-0.000              ,-0.000              ,23921.871       ,0.00000           ,0.00000               ,0.000         ,0.000         ,0.000         ,0.003         
17:42:09.034378     ,0.051       ,0.880       ,0.869       ,16.450      ,16.338      ,16.172      ,0.149       ,0.743       ,0.000       ,0.309       ,1.053       ,880.000     ,0.149       ,16.320      ,0.00008       ,1518          ,133.418         ,0.000         ,-0.000              ,-0.000              ,23921.871       ,0.00000           ,0.00000               ,0.000         ,0.000         ,-0.000        ,-0.003        
17:42:09.044369     ,0.049       ,0.880       ,0.869       ,16.550      ,16.373      ,16.172      ,0.201       ,1.007       ,0.000       ,0.680       ,1.687       ,880.000     ,0.201       ,16.373      ,0.00008       ,1518          ,133.418         ,0.000         ,-0.000              ,-0.000              ,23921.871       ,0.00000           ,0.00000               ,0.000         ,0.000         ,-0.000        ,-0.003        
17:42:09.054388     ,0.049       ,0.880       ,0.869       ,16.600      ,16.419      ,16.172      ,0.201       ,1.007       ,0.000       ,0.680       ,1.687       ,880.000     ,0.201       ,16.373      ,0.00015       ,1519          ,133.506         ,0.000         ,-0.000              ,-0.000              ,23921.871       ,0.00000           ,0.00000               ,0.000         ,0.000         ,-0.001        ,-0.005        
17:42:09.072155     ,0.051       ,0.880       ,0.885       ,16.650      ,16.467      ,16.172      ,0.201       ,1.007       ,0.000       ,0.680       ,1.687       ,880.000     ,0.201       ,16.373      ,0.00015       ,1519          ,133.506         ,0.000         ,-0.000              ,-0.000              ,23921.871       ,0.00000           ,0.00000               ,0.000         ,0.000         ,-0.000        ,-0.003        
17:42:09.074423     ,0.051       ,0.880       ,0.885       ,16.650      ,16.505      ,16.172      ,0.295       ,1.477       ,0.000       ,0.821       ,2.298       ,880.000     ,0.295       ,16.467      ,0.00023       ,1520          ,133.594         ,0.000         ,-0.000              ,-0.000              ,23921.871       ,0.00000           ,0.00000               ,0.000         ,0.000         ,-0.000        ,-0.003        
17:42:09.094015     ,0.051       ,0.880       ,0.869       ,16.620      ,16.541      ,16.172      ,0.369       ,1.845       ,0.000       ,-0.403      ,1.443       ,880.000     ,0.369       ,16.541      ,0.00038       ,1522          ,133.770         ,0.000         ,-0.000              ,-0.000              ,23921.871       ,0.00000           ,0.00000               ,0.000         ,0.000         ,0.550         ,-0.006        
17:42:09.094356     ,0.051       ,0.880       ,0.869       ,16.670      ,16.582      ,16.172      ,0.369       ,1.845       ,0.000       ,-0.403      ,1.443       ,880.000     ,0.369       ,16.541      ,0.00046       ,1523          ,133.857         ,0.000         ,-0.000              ,-0.000              ,23921.871       ,0.00000           ,0.00000               ,0.000         ,0.000         ,-0.001        ,-0.006        
17:42:09.104384     ,0.051       ,0.880       ,0.869       ,16.750      ,16.633      ,16.172      ,0.461       ,2.306       ,0.000       ,0.366       ,2.671       ,880.000     ,0.461       ,16.633      ,0.00061       ,1525          ,134.033         ,0.000         ,-0.000              ,0.001               ,23921.871       ,-0.01538          ,-0.00023              ,0.000         ,0.000         ,-0.001        ,-0.006        
17:42:09.114375     ,0.051       ,0.880       ,0.869       ,16.800      ,16.678      ,16.172      ,0.461       ,2.306       ,0.000       ,0.366       ,2.671       ,880.000     ,0.461       ,16.633      ,0.00069       ,1526          ,134.121         ,0.000         ,-0.000              ,0.001               ,23921.871       ,-0.01538          ,-0.00023              ,0.000         ,0.000         ,-0.001        ,-0.005        
17:42:09.124376     ,0.051       ,0.880       ,0.869       ,16.870      ,16.725      ,16.172      ,0.553       ,2.767       ,0.000       ,0.006       ,2.774       ,880.000     ,0.553       ,16.725      ,0.00084       ,1528          ,134.297         ,0.000         ,-0.000              ,0.002               ,23921.873       ,-0.01538          ,-0.00066              ,0.000         ,0.000         ,-0.001        ,-0.005        
17:42:09.134383     ,0.051       ,0.880       ,0.869       ,16.910      ,16.772      ,16.172      ,0.553       ,2.767       ,0.000       ,0.006       ,2.774       ,880.000     ,0.553       ,16.725      ,0.00100       ,1530          ,134.473         ,0.200         ,-0.001              ,0.002               ,23921.873       ,-0.01538          ,-0.00066              ,0.000         ,0.000         ,-0.001        ,-0.009        
17:42:09.148756     ,0.049       ,0.880       ,0.853       ,16.920      ,16.805      ,16.172      ,0.553       ,2.767       ,0.000       ,0.006       ,2.774       ,880.000     ,0.553       ,16.725      ,0.00123       ,1533          ,134.736         ,0.400         ,-0.001              ,0.004               ,23921.873       ,-0.01532          ,-0.00125              ,0.000         ,0.000         ,-0.001        ,-0.008        
17:42:09.154378     ,0.049       ,0.880       ,0.853       ,16.900      ,16.825      ,16.172      ,0.634       ,3.168       ,0.000       ,-0.246      ,2.922       ,880.000     ,0.634       ,16.805      ,0.00138       ,1535          ,134.912         ,0.600         ,-0.002              ,0.004               ,23921.873       ,-0.01532          ,-0.00125              ,0.000         ,0.000         ,-0.001        ,-0.008        
17:42:09.167322     ,0.051       ,0.880       ,0.869       ,16.900      ,16.847      ,16.172      ,0.653       ,3.265       ,0.000       ,-1.215      ,2.050       ,880.000     ,0.653       ,16.825      ,0.00161       ,1538          ,135.176         ,0.800         ,-0.003              ,0.009               ,23921.873       ,-0.01535          ,-0.00305              ,0.000         ,0.000         ,-0.001        ,-0.010        
17:42:09.174394     ,0.051       ,0.880       ,0.869       ,16.920      ,16.871      ,16.172      ,0.653       ,3.265       ,0.000       ,-1.215      ,2.050       ,880.000     ,0.653       ,16.825      ,0.00176       ,1540          ,135.352         ,1.000         ,-0.003              ,0.009               ,23921.873       ,-0.01535          ,-0.00305              ,0.000         ,0.000         ,-0.001        ,-0.010        
17:42:09.188139     ,0.049       ,0.880       ,0.869       ,17.010      ,16.907      ,16.172      ,0.699       ,3.496       ,0.000       ,0.540       ,4.036       ,880.000     ,0.699       ,16.871      ,0.00199       ,1543          ,135.615         ,1.000         ,-0.003              ,0.012               ,23921.873       ,-0.01535          ,-0.00409              ,0.000         ,0.000         ,-0.001        ,-0.013        
17:42:09.194365     ,0.051       ,0.880       ,0.869       ,17.040      ,16.941      ,16.172      ,0.735       ,3.677       ,0.000       ,-0.201      ,3.476       ,880.000     ,0.735       ,16.907      ,0.00222       ,1546          ,135.879         ,1.000         ,-0.003              ,0.016               ,23921.875       ,-0.02306          ,-0.00532              ,0.000         ,0.000         ,-0.001        ,-0.013        
17:42:09.206922     ,0.049       ,0.880       ,0.869       ,17.040      ,16.969      ,16.172      ,0.769       ,3.845       ,0.000       ,-0.053      ,3.792       ,880.000     ,0.769       ,16.941      ,0.00222       ,1546          ,135.879         ,1.000         ,-0.003              ,0.020               ,23921.875       ,-0.02298          ,-0.00671              ,0.000         ,0.000         ,-0.001        ,-0.014        
17:42:09.214378     ,0.051       ,0.880       ,0.869       ,17.040      ,16.990      ,16.172      ,0.797       ,3.986       ,0.000       ,-0.110      ,3.876       ,880.000     ,0.797       ,16.969      ,0.00268       ,1552          ,136.406         ,1.000         ,-0.003              ,0.025               ,23921.875       ,-0.02298          ,-0.00823              ,0.000         ,0.000         ,-0.001        ,-0.014        
17:42:09.225432     ,0.049       ,0.880       ,0.869       ,17.020      ,17.002      ,16.172      ,0.818       ,4.090       ,0.000       ,-0.144      ,3.947       ,880.000     ,0.818       ,16.990      ,0.00291       ,1555          ,136.670         ,1.000         ,-0.003              ,0.030               ,23921.875       ,-0.02301          ,-0.00988              ,0.000         ,0.000         ,-0.002        ,-0.015        
17:42:09.234382     ,0.051       ,0.880       ,0.853       ,17.010      ,17.000      ,16.172      ,0.830       ,4.150       ,0.000       ,-0.180      ,3.970       ,880.000     ,0.830       ,17.002      ,0.00322       ,1559          ,137.021         ,1.000         ,-0.003              ,0.034               ,23921.875       ,-0.02302          ,-0.01139              ,0.000         ,0.000         ,-0.002        ,-0.015        
17:42:09.245169     ,0.051       ,0.880       ,0.869       ,17.030      ,17.006      ,16.172      ,0.829       ,4.143       ,0.000       ,-0.265      ,3.879       ,880.000     ,0.829       ,17.000      ,0.00345       ,1562          ,137.285         ,1.000         ,-0.003              ,0.039               ,23921.875       ,-0.03072          ,-0.01290              ,0.000         ,0.000         ,-0.001        ,-0.014        
17:42:09.254388     ,0.049       ,0.880       ,0.869       ,17.040      ,17.016      ,16.172      ,0.834       ,4.170       ,0.000       ,0.132       ,4.301       ,880.000     ,0.834       ,17.006      ,0.00368       ,1565          ,137.549         ,1.000         ,-0.003              ,0.043               ,23921.875       ,-0.02297          ,-0.01430              ,0.000         ,0.000         ,-0.001        ,-0.014        
17:42:09.264383     ,0.051       ,0.880       ,0.869       ,17.040      ,17.024      ,16.172      ,0.844       ,4.222       ,0.000       ,0.103       ,4.325       ,880.000     ,0.844       ,17.016      ,0.00399       ,1569          ,137.900         ,1.000         ,-0.003              ,0.046               ,23921.875       ,-0.02305          ,-0.01549              ,0.000         ,0.000         ,-0.002        ,-0.015        
17:42:09.274366     ,0.051       ,0.880       ,0.869       ,17.020      ,17.028      ,16.172      ,0.853       ,4.263       ,0.000       ,-0.042      ,4.221       ,880.000     ,0.853       ,17.024      ,0.00422       ,1572          ,138.164         ,1.000         ,-0.003              ,0.050               ,23921.875       ,-0.03066          ,-0.01674              ,0.000         ,0.000         ,-0.002        ,-0.015        
17:42:09.284379     ,0.051       ,0.880       ,0.869       ,17.010      ,17.027      ,16.172      ,0.856       ,4.282       ,0.000       ,-0.092      ,4.190       ,880.000     ,0.856       ,17.028      ,0.00453       ,1576          ,138.516         ,1.000         ,-0.003              ,0.050               ,23921.875       ,-0.03066          ,-0.01674              ,0.000         ,0.000         ,-0.001        ,-0.014        
17:42:09.299870     ,0.049       ,0.880       ,0.885       ,17.000      ,17.018      ,16.172      ,0.856       ,4.282       ,0.000       ,-0.092      ,4.190       ,880.000     ,0.856       ,17.028      ,0.00476       ,1579          ,138.779         ,1.000         ,-0.003              ,0.054               ,23921.875       ,-0.02298          ,-0.01791              ,0.000         ,0.000         ,-0.001        ,-0.013        
17:42:09.304384     ,0.049       ,0.880       ,0.885       ,16.960      ,17.002      ,16.172      ,0.847       ,4.234       ,0.000       ,-0.266      ,3.968       ,880.000     ,0.847       ,17.018      ,0.00506       ,1583          ,139.131         ,1.000         ,-0.003              ,0.054               ,23921.875       ,-0.02298          ,-0.01791              ,0.000         ,0.000         ,-0.001        ,-0.013        
17:42:09.318504     ,0.049       ,0.880       ,0.869       ,16.960      ,16.989      ,16.172      ,0.830       ,4.151       ,0.000       ,-0.137      ,4.014       ,880.000     ,0.830       ,17.002      ,0.00529       ,1586          ,139.395         ,1.000         ,-0.003              ,0.060               ,23921.875       ,-0.03065          ,-0.01986              ,0.000         ,0.000         ,-0.002        ,-0.015        
17:42:09.324395     ,0.049       ,0.880       ,0.869       ,17.010      ,16.989      ,16.172      ,0.830       ,4.151       ,0.000       ,-0.137      ,4.014       ,880.000     ,0.830       ,17.002      ,0.00560       ,1590          ,139.746         ,1.000         ,-0.003              ,0.060               ,23921.875       ,-0.03065          ,-0.01986              ,0.000         ,0.000         ,-0.002        ,-0.015        
17:42:09.337361     ,0.049       ,0.880       ,0.869       ,17.030      ,16.990      ,16.172      ,0.817       ,4.085       ,0.000       ,0.063       ,4.147       ,880.000     ,0.817       ,16.989      ,0.00583       ,1593          ,140.010         ,1.000         ,-0.003              ,0.062               ,23921.875       ,-0.03066          ,-0.02079              ,0.000         ,0.000         ,-0.001        ,-0.014        
17:42:09.344368     ,0.051       ,0.880       ,0.869       ,17.020      ,16.988      ,16.172      ,0.818       ,4.091       ,0.000       ,0.293       ,4.384       ,880.000     ,0.818       ,16.990      ,0.00614       ,1597          ,140.361         ,1.000         ,-0.003              ,0.065               ,23921.875       ,-0.02305          ,-0.02159              ,0.000         ,0.000         ,-0.001        ,-0.014        
17:42:09.355077     ,0.049       ,0.880       ,0.869       ,16.980      ,16.987      ,16.172      ,0.817       ,4.083       ,0.000       ,-0.060      ,4.022       ,880.000     ,0.817       ,16.988      ,0.00644       ,1601          ,140.713         ,0.800         ,-0.003              ,0.067               ,23921.875       ,-0.03065          ,-0.02237              ,0.000         ,0.000         ,-0.002        ,-0.015        
17:42:09.364387     ,0.051       ,0.880       ,0.869       ,16.960      ,16.984      ,16.172      ,0.815       ,4.075       ,0.000       ,0.002       ,4.076       ,880.000     ,0.815       ,16.987      ,0.00667       ,1604          ,140.977         ,0.600         ,-0.002              ,0.069               ,23921.875       ,-0.03071          ,-0.02304              ,0.000         ,0.000         ,-0.002        ,-0.015        
17:42:09.375898     ,0.049       ,0.880       ,0.869       ,16.970      ,16.978      ,16.172      ,0.812       ,4.061       ,0.000       ,-0.024      ,4.037       ,880.000     ,0.812       ,16.984      ,0.00698       ,1608          ,141.328         ,0.400         ,-0.001              ,0.071               ,23921.875       ,-0.02299          ,-0.02361              ,0.000         ,0.000         ,-0.002        ,-0.015        
17:42:09.384379     ,0.051       ,0.880       ,0.869       ,16.970      ,16.972      ,16.172      ,0.806       ,4.031       ,0.000       ,-0.062      ,3.969       ,880.000     ,0.806       ,16.978      ,0.00729       ,1612          ,141.680         ,0.200         ,-0.001              ,0.073               ,23921.875       ,-0.03062          ,-0.02421              ,0.000         ,0.000         ,-0.002        ,-0.015        
17:42:09.394527     ,0.049       ,0.880       ,0.869       ,16.980      ,16.972      ,16.172      ,0.801       ,4.004       ,0.000       ,0.009       ,4.012       ,880.000     ,0.801       ,16.972      ,0.00752       ,1615          ,141.943         ,0.000         ,-0.000              ,0.074               ,23921.875       ,-0.03076          ,-0.02472              ,0.000         ,0.000         ,-0.002        ,-0.015        
17:42:09.404378     ,0.051       ,0.880       ,0.869       ,17.020      ,16.981      ,16.172      ,0.800       ,3.999       ,0.000       ,0.091       ,4.091       ,880.000     ,0.800       ,16.972      ,0.00782       ,1619          ,142.295         ,0.000         ,-0.000              ,0.075               ,23921.875       ,-0.02296          ,-0.02515              ,0.000         ,0.000         ,-0.002        ,-0.015        
17:42:09.414388     ,0.051       ,0.880       ,0.869       ,17.030      ,16.989      ,16.172      ,0.810       ,4.048       ,0.000       ,0.211       ,4.259       ,880.000     ,0.810       ,16.981      ,0.00813       ,1623          ,142.646         ,0.000         ,-0.000              ,0.075               ,23921.875       ,-0.02296          ,-0.02515              ,0.000         ,0.000         ,-0.002        ,-0.015        
17:42:09.424469     ,0.051       ,0.880       ,0.885       ,16.980      ,16.983      ,16.172      ,0.810       ,4.056       ,0.000       ,-0.161      ,4.259       ,880.000     ,0.810       ,16.981      ,0.00844       ,1627          ,142.998         ,0.000         ,-0.000              ,0.077               ,23921.875       ,-0.03074          ,-0.02564              ,0.000         ,0.000         ,-0.002        ,-0.015        
17:42:09.434386     ,0.051       ,0.880       ,0.885       ,16.950      ,16.975      ,16.172      ,0.811       ,4.056       ,0.000       ,-0.161      ,3.895       ,880.000     ,0.811       ,16.983      ,0.00874       ,1631          ,143.350         ,0.000         ,-0.000              ,0.077               ,23921.875       ,-0.03074          ,-0.02564              ,0.000         ,0.000         ,-0.001        ,-0.014        
17:42:09.450211     ,0.051       ,0.880       ,0.885       ,16.970      ,16.974      ,16.172      ,0.811       ,4.056       ,0.000       ,-0.161      ,3.895       ,880.000     ,0.811       ,16.983      ,0.00905       ,1635          ,143.701         ,0.000         ,-0.000              ,0.078               ,23921.875       ,-0.03069          ,-0.02605              ,0.000         ,0.000         ,-0.001        ,-0.014        
17:42:09.454388     ,0.051       ,0.880       ,0.885       ,16.980      ,16.972      ,16.172      ,0.803       ,4.014       ,0.000       ,-0.199      ,3.816       ,880.000     ,0.803       ,16.974      ,0.00936       ,1639          ,144.053         ,0.000         ,-0.000              ,0.078               ,23921.875       ,-0.03069          ,-0.02605              ,0.000         ,0.000         ,-0.001        ,-0.014        
17:42:09.470022     ,0.049       ,0.880       ,0.869       ,17.010      ,16.973      ,16.172      ,0.803       ,4.014       ,0.000       ,-0.199      ,3.816       ,880.000     ,0.803       ,16.974      ,0.00959       ,1642          ,144.316         ,0.000         ,-0.000              ,0.079               ,23921.875       ,-0.03065          ,-0.02640              ,0.000         ,0.000         ,-0.001        ,-0.013        
17:42:09.474371     ,0.049       ,0.880       ,0.869       ,17.010      ,16.973      ,16.172      ,0.802       ,4.009       ,0.000       ,0.145       ,4.154       ,880.000     ,0.802       ,16.973      ,0.00997       ,1647          ,144.756         ,0.000         ,-0.000              ,0.079               ,23921.875       ,-0.03065          ,-0.02640              ,0.000         ,0.000         ,-0.001        ,-0.013        
17:42:09.489835     ,0.051       ,0.880       ,0.869       ,17.020      ,16.991      ,16.172      ,0.810       ,4.049       ,0.000       ,0.183       ,4.232       ,880.000     ,0.810       ,16.982      ,0.01028       ,1651          ,145.107         ,0.000         ,-0.000              ,0.081               ,23921.875       ,-0.03824          ,-0.02706              ,0.000         ,0.000         ,-0.002        ,-0.015        
17:42:09.494369     ,0.051       ,0.880       ,0.869       ,17.010      ,16.992      ,16.172      ,0.810       ,4.049       ,0.000       ,0.183       ,4.232       ,880.000     ,0.810       ,16.982      ,0.01058       ,1655          ,145.459         ,0.000         ,-0.000              ,0.081               ,23921.875       ,-0.03824          ,-0.02706              ,0.000         ,0.000         ,-0.002        ,-0.015        
17:42:09.508514     ,0.051       ,0.880       ,0.869       ,16.970      ,16.986      ,16.172      ,0.821       ,4.103       ,0.000       ,0.051       ,4.154       ,880.000     ,0.821       ,16.992      ,0.01089       ,1659          ,145.811         ,0.000         ,-0.000              ,0.082               ,23921.875       ,-0.03065          ,-0.02737              ,0.000         ,0.000         ,-0.002        ,-0.015        
17:42:09.514373     ,0.051       ,0.880       ,0.885       ,16.970      ,16.980      ,16.172      ,0.815       ,4.073       ,0.000       ,-0.334      ,3.739       ,880.000     ,0.815       ,16.986      ,0.01120       ,1663          ,146.162         ,0.000         ,-0.000              ,0.083               ,23921.875       ,-0.03069          ,-0.02775              ,0.000         ,0.000         ,-0.002        ,-0.015        
17:42:09.528070     ,0.051       ,0.880       ,0.869       ,16.980      ,16.981      ,16.172      ,0.809       ,4.043       ,0.000       ,0.004       ,4.047       ,880.000     ,0.809       ,16.980      ,0.01158       ,1668          ,146.602         ,0.000         ,-0.000              ,0.084               ,23921.875       ,-0.03067          ,-0.02807              ,0.000         ,0.000         ,-0.002        ,-0.015        
17:42:09.534382     ,0.051       ,0.880       ,0.869       ,17.010      ,16.984      ,16.172      ,0.809       ,4.045       ,0.000       ,0.121       ,4.166       ,880.000     ,0.809       ,16.981      ,0.01189       ,1672          ,146.953         ,0.000         ,-0.000              ,0.085               ,23921.875       ,-0.03828          ,-0.02846              ,0.000         ,0.000         ,-0.002        ,-0.015        
17:42:09.548786     ,0.051       ,0.880       ,0.869       ,17.020      ,16.988      ,16.172      ,0.813       ,4.063       ,0.000       ,0.070       ,4.133       ,880.000     ,0.813       ,16.984      ,0.01227       ,1677          ,147.393         ,0.000         ,-0.000              ,0.087               ,23921.875       ,-0.03056          ,-0.02890              ,0.000         ,0.000         ,-0.002        ,-0.015        
17:42:09.554383     ,0.051       ,0.880       ,0.869       ,17.030      ,16.997      ,16.172      ,0.817       ,4.083       ,0.000       ,0.004       ,4.087       ,880.000     ,0.817       ,16.988      ,0.01266       ,1682          ,147.832         ,0.000         ,-0.000              ,0.087               ,23921.875       ,-0.03056          ,-0.02890              ,0.000         ,0.000         ,-0.002        ,-0.015        
17:42:09.567262     ,0.051       ,0.880       ,0.869       ,17.010      ,16.998      ,16.172      ,0.825       ,4.125       ,0.000       ,0.090       ,4.214       ,880.000     ,0.825       ,16.997      ,0.01304       ,1687          ,148.271         ,0.000         ,-0.000              ,0.090               ,23921.875       ,-0.03840          ,-0.02993              ,0.000         ,0.000         ,-0.002        ,-0.015        
17:42:09.574371     ,0.049       ,0.880       ,0.885       ,17.010      ,16.998      ,16.172      ,0.826       ,4.130       ,0.000       ,-0.147      ,3.983       ,880.000     ,0.826       ,16.998      ,0.01342       ,1692          ,148.711         ,0.000         ,-0.000              ,0.092               ,23921.875       ,-0.03828          ,-0.03050              ,0.000         ,0.000         ,-0.002        ,-0.015        
17:42:09.585838     ,0.051       ,0.880       ,0.885       ,16.980      ,16.992      ,16.172      ,0.826       ,4.132       ,0.000       ,-0.015      ,4.117       ,880.000     ,0.826       ,16.998      ,0.01381       ,1697          ,149.150         ,0.000         ,-0.000              ,0.094               ,23921.875       ,-0.03827          ,-0.03122              ,0.000         ,0.000         ,-0.002        ,-0.015        
17:42:09.594366     ,0.049       ,0.880       ,0.869       ,16.980      ,16.989      ,16.172      ,0.820       ,4.099       ,0.000       ,-0.136      ,3.964       ,880.000     ,0.820       ,16.992      ,0.01427       ,1703          ,149.678         ,0.000         ,-0.000              ,0.095               ,23921.875       ,-0.03845          ,-0.03183              ,0.000         ,0.000         ,-0.002        ,-0.015        
17:42:09.605488     ,0.049       ,0.880       ,0.885       ,17.010      ,16.992      ,16.172      ,0.817       ,4.087       ,0.000       ,0.079       ,4.166       ,880.000     ,0.817       ,16.989      ,0.01465       ,1708          ,150.117         ,0.000         ,-0.000              ,0.098               ,23921.875       ,-0.04605          ,-0.03258              ,0.000         ,0.000         ,-0.002        ,-0.015        
17:42:09.614370     ,0.049       ,0.880       ,0.885       ,17.010      ,16.997      ,16.172      ,0.821       ,4.103       ,0.000       ,0.114       ,4.217       ,880.000     ,0.821       ,16.992      ,0.01511       ,1714          ,150.645         ,0.000         ,-0.000              ,0.100               ,23921.875       ,-0.03838          ,-0.03333              ,0.000         ,0.000         ,-0.002        ,-0.015        
17:42:09.626193     ,0.049       ,0.880       ,0.869       ,16.980      ,16.992      ,16.172      ,0.825       ,4.125       ,0.000       ,0.024       ,4.148       ,880.000     ,0.825       ,16.997      ,0.01557       ,1720          ,151.172         ,0.000         ,-0.000              ,0.103               ,23921.875       ,-0.04592          ,-0.03420              ,0.000         ,0.000         ,-0.001        ,-0.013        
17:42:09.634383     ,0.051       ,0.880       ,0.869       ,16.980      ,16.990      ,16.172      ,0.820       ,4.100       ,0.000       ,-0.186      ,3.914       ,880.000     ,0.820       ,16.992      ,0.01603       ,1726          ,151.699         ,0.000         ,-0.000              ,0.105               ,23921.875       ,-0.04605          ,-0.03505              ,0.000         ,0.000         ,-0.001        ,-0.013        
17:42:09.644805     ,0.047       ,0.880       ,0.869       ,16.960      ,16.983      ,16.172      ,0.818       ,4.092       ,0.000       ,0.067       ,4.159       ,880.000     ,0.818       ,16.990      ,0.01657       ,1733          ,152.314         ,0.000         ,-0.000              ,0.108               ,23921.875       ,-0.04606          ,-0.03601              ,0.000         ,0.000         ,-0.001        ,-0.014        
17:42:09.654375     ,0.051       ,0.880       ,0.869       ,16.960      ,16.972      ,16.172      ,0.811       ,4.056       ,0.000       ,-0.111      ,3.946       ,880.000     ,0.811       ,16.983      ,0.01703       ,1739          ,152.842         ,0.000         ,-0.000              ,0.111               ,23921.875       ,-0.05361          ,-0.03705              ,0.000         ,0.000         ,-0.001        ,-0.014        
17:42:09.664375     ,0.051       ,0.880       ,0.869       ,16.960      ,16.963      ,16.172      ,0.800       ,3.999       ,0.000       ,-0.086      ,3.913       ,880.000     ,0.800       ,16.972      ,0.01756       ,1746          ,153.457         ,0.000         ,-0.000              ,0.111               ,23921.875       ,-0.05361          ,-0.03705              ,0.000         ,0.000         ,-0.001        ,-0.010        
17:42:09.674370     ,0.051       ,0.880       ,0.869       ,16.980      ,16.964      ,16.172      ,0.792       ,3.960       ,0.000       ,0.073       ,4.033       ,880.000     ,0.792       ,16.964      ,0.01810       ,1753          ,154.072         ,0.000         ,-0.000              ,0.114               ,23921.875       ,-0.04610          ,-0.03805              ,0.000         ,0.000         ,-0.001        ,-0.010        
17:42:09.684380     ,0.051       ,0.880       ,0.869       ,17.000      ,16.966      ,16.172      ,0.792       ,3.960       ,0.000       ,0.073       ,4.033       ,880.000     ,0.792       ,16.964      ,0.01864       ,1760          ,154.688         ,0.000         ,-0.000              ,0.114               ,23921.875       ,-0.04610          ,-0.03805              ,0.000         ,0.000         ,-0.001        ,-0.014        
17:42:09.694374     ,0.049       ,0.880       ,0.885       ,16.970      ,16.965      ,16.172      ,0.794       ,3.972       ,0.000       ,0.201       ,4.173       ,880.000     ,0.794       ,16.966      ,0.01917       ,1767          ,155.303         ,0.000         ,-0.000              ,0.121               ,23921.875       ,-0.05381          ,-0.04028              ,0.000         ,0.000         ,-0.001        ,-0.014        
17:42:09.704398     ,0.049       ,0.880       ,0.885       ,16.950      ,16.961      ,16.172      ,0.794       ,3.972       ,0.000       ,0.201       ,4.173       ,880.000     ,0.794       ,16.966      ,0.01979       ,1775          ,156.006         ,0.000         ,-0.000              ,0.121               ,23921.875       ,-0.05381          ,-0.04028              ,0.000         ,0.000         ,-0.002        ,-0.017        
17:42:09.714370     ,0.049       ,0.880       ,0.869       ,16.930      ,16.955      ,16.172      ,0.789       ,3.945       ,0.000       ,-0.153      ,3.792       ,880.000     ,0.789       ,16.961      ,0.02040       ,1783          ,156.709         ,0.000         ,-0.000              ,0.125               ,23921.875       ,-0.06137          ,-0.04161              ,0.000         ,0.000         ,-0.002        ,-0.017        
17:42:09.724391     ,0.049       ,0.880       ,0.869       ,16.920      ,16.947      ,16.172      ,0.784       ,3.919       ,0.000       ,0.001       ,3.920       ,880.000     ,0.784       ,16.955      ,0.02102       ,1791          ,157.412         ,0.000         ,-0.000              ,0.125               ,23921.875       ,-0.06137          ,-0.04161              ,0.000         ,0.000         ,-0.001        ,-0.013        
17:42:09.739677     ,0.049       ,0.880       ,0.869       ,16.920      ,16.938      ,16.172      ,0.784       ,3.919       ,0.000       ,0.001       ,3.920       ,880.000     ,0.784       ,16.955      ,0.02163       ,1799          ,158.115         ,0.000         ,-0.000              ,0.129               ,23921.875       ,-0.06128          ,-0.04296              ,0.000         ,0.000         ,-0.001        ,-0.014        
17:42:09.744364     ,0.049       ,0.880       ,0.869       ,16.930      ,16.934      ,16.172      ,0.766       ,3.830       ,0.000       ,-0.250      ,3.579       ,880.000     ,0.766       ,16.938      ,0.02224       ,1807          ,158.818         ,0.000         ,-0.000              ,0.129               ,23921.875       ,-0.06128          ,-0.04296              ,0.000         ,0.000         ,-0.001        ,-0.014        
17:42:09.758279     ,0.051       ,0.880       ,0.869       ,16.930      ,16.931      ,16.172      ,0.763       ,3.814       ,0.000       ,0.293       ,4.106       ,880.000     ,0.763       ,16.934      ,0.02293       ,1816          ,159.609         ,0.000         ,-0.000              ,0.138               ,23921.875       ,-0.06127          ,-0.04596              ,0.000         ,0.000         ,-0.002        ,-0.015        
17:42:09.764368     ,0.051       ,0.880       ,0.869       ,16.950      ,16.930      ,16.172      ,0.763       ,3.814       ,0.000       ,0.293       ,4.106       ,880.000     ,0.763       ,16.934      ,0.02362       ,1825          ,160.400         ,0.000         ,-0.000              ,0.138               ,23921.875       ,-0.06127          ,-0.04596              ,0.000         ,0.000         ,-0.002        ,-0.015        
17:42:09.776983     ,0.051       ,0.880       ,0.869       ,16.930      ,16.924      ,16.172      ,0.752       ,3.761       ,0.000       ,-0.014      ,3.747       ,880.000     ,0.752       ,16.924      ,0.02431       ,1834          ,161.191         ,0.000         ,-0.000              ,0.143               ,23921.875       ,-0.06900          ,-0.04758              ,0.000         ,0.000         ,-0.002        ,-0.015        
17:42:09.784382     ,0.049       ,0.880       ,0.869       ,16.890      ,16.913      ,16.172      ,0.752       ,3.761       ,0.000       ,-0.014      ,3.747       ,880.000     ,0.752       ,16.924      ,0.02500       ,1843          ,161.982         ,0.000         ,-0.000              ,0.148               ,23921.875       ,-0.06889          ,-0.04930              ,0.000         ,0.000         ,-0.002        ,-0.015        
17:42:09.795612     ,0.051       ,0.880       ,0.869       ,16.890      ,16.905      ,16.172      ,0.741       ,3.669       ,0.000       ,0.065       ,3.600       ,880.000     ,0.741       ,16.913      ,0.02569       ,1852          ,162.773         ,0.000         ,-0.000              ,0.153               ,23921.875       ,-0.06921          ,-0.05100              ,0.000         ,0.000         ,-0.002        ,-0.015        
17:42:09.804393     ,0.049       ,0.880       ,0.869       ,16.890      ,16.902      ,16.172      ,0.734       ,3.669       ,0.000       ,0.065       ,3.734       ,880.000     ,0.734       ,16.905      ,0.02646       ,1862          ,163.652         ,0.000         ,-0.000              ,0.158               ,23921.875       ,-0.06891          ,-0.05278              ,0.000         ,0.000         ,-0.002        ,-0.015        
17:42:09.815172     ,0.051       ,0.880       ,0.869       ,16.870      ,16.892      ,16.172      ,0.730       ,3.649       ,0.000       ,0.076       ,3.725       ,880.000     ,0.730       ,16.902      ,0.02723       ,1872          ,164.531         ,0.000         ,-0.000              ,0.164               ,23921.875       ,-0.07683          ,-0.05465              ,0.000         ,0.000         ,-0.001        ,-0.014        
17:42:09.824370     ,0.049       ,0.880       ,0.885       ,16.870      ,16.886      ,16.172      ,0.720       ,3.602       ,0.000       ,-0.114      ,3.487       ,880.000     ,0.720       ,16.892      ,0.02800       ,1882          ,165.410         ,0.000         ,-0.000              ,0.170               ,23921.875       ,-0.07656          ,-0.05657              ,0.000         ,0.000         ,-0.001        ,-0.014        
17:42:09.834373     ,0.049       ,0.880       ,0.885       ,16.860      ,16.882      ,16.172      ,0.715       ,3.573       ,0.000       ,0.075       ,3.648       ,880.000     ,0.715       ,16.886      ,0.02884       ,1893          ,166.377         ,0.000         ,-0.000              ,0.170               ,23921.875       ,-0.07656          ,-0.05657              ,0.000         ,0.000         ,-0.002        ,-0.015        
17:42:09.844389     ,0.049       ,0.880       ,0.885       ,16.860      ,16.882      ,16.172      ,0.715       ,3.573       ,0.000       ,0.075       ,3.648       ,880.000     ,0.715       ,16.886      ,0.02968       ,1904          ,167.344         ,0.000         ,-0.000              ,0.175               ,23921.875       ,-0.07656          ,-0.05844              ,0.000         ,0.000         ,-0.002        ,-0.015        
17:42:09.854379     ,0.049       ,0.880       ,0.885       ,16.850      ,16.860      ,16.172      ,0.700       ,3.502       ,0.000       ,-0.164      ,3.338       ,880.000     ,0.700       ,16.872      ,0.03053       ,1915          ,168.311         ,0.000         ,-0.000              ,0.175               ,23921.875       ,-0.07656          ,-0.05844              ,0.000         ,0.000         ,-0.002        ,-0.015        
17:42:09.871500     ,0.051       ,0.880       ,0.885       ,16.800      ,16.844      ,16.172      ,0.700       ,3.502       ,0.000       ,-0.164      ,3.338       ,880.000     ,0.700       ,16.872      ,0.03137       ,1926          ,169.277         ,0.000         ,-0.000              ,0.181               ,23921.875       ,-0.08429          ,-0.06037              ,0.000         ,0.000         ,-0.001        ,-0.014        
17:42:09.874367     ,0.051       ,0.880       ,0.885       ,16.810      ,16.831      ,16.172      ,0.672       ,3.359       ,0.000       ,-0.292      ,3.067       ,880.000     ,0.672       ,16.844      ,0.03229       ,1938          ,170.332         ,0.000         ,-0.000              ,0.181               ,23921.875       ,-0.08429          ,-0.06037              ,0.000         ,0.000         ,-0.001        ,-0.014        
17:42:09.889333     ,0.049       ,0.880       ,0.869       ,16.850      ,16.829      ,16.172      ,0.672       ,3.359       ,0.000       ,-0.292      ,3.067       ,880.000     ,0.672       ,16.844      ,0.03321       ,1950          ,171.387         ,0.000         ,-0.000              ,0.187               ,23921.875       ,-0.08433          ,-0.06235              ,0.000         ,0.000         ,-0.001        ,-0.008        
17:42:09.894380     ,0.049       ,0.880       ,0.869       ,16.860      ,16.829      ,16.172      ,0.657       ,3.287       ,0.000       ,0.282       ,3.568       ,880.000     ,0.657       ,16.829      ,0.03413       ,1962          ,172.441         ,0.000         ,-0.000              ,0.187               ,23921.875       ,-0.08433          ,-0.06235              ,0.000         ,0.000         ,-0.001        ,-0.008        
17:42:09.908187     ,0.051       ,0.880       ,0.885       ,16.840      ,16.824      ,16.172      ,0.657       ,3.284       ,0.000       ,0.282       ,3.566       ,880.000     ,0.657       ,16.829      ,0.03505       ,1974          ,173.496         ,0.000         ,-0.000              ,0.200               ,23921.875       ,-0.09180          ,-0.06667              ,0.000         ,0.000         ,-0.001        ,-0.013        
17:42:09.914365     ,0.051       ,0.880       ,0.885       ,16.840      ,16.828      ,16.172      ,0.657       ,3.284       ,0.000       ,0.282       ,3.566       ,880.000     ,0.657       ,16.829      ,0.03605       ,1987          ,174.639         ,0.000         ,-0.000              ,0.200               ,23921.875       ,-0.09180          ,-0.06667              ,0.000         ,0.000         ,-0.001        ,-0.013        
17:42:09.925831     ,0.049       ,0.880       ,0.853       ,16.850      ,16.833      ,16.172      ,0.657       ,3.284       ,0.000       ,0.006       ,3.290       ,880.000     ,0.657       ,16.828      ,0.03705       ,2000          ,175.781         ,0.000         ,-0.000              ,0.207               ,23921.875       ,-0.09973          ,-0.06897              ,0.000         ,0.000         ,-0.002        ,-0.017        
17:42:09.934387     ,0.049       ,0.880       ,0.869       ,16.840      ,16.830      ,16.172      ,0.661       ,3.306       ,0.000       ,0.090       ,3.395       ,880.000     ,0.661       ,16.833      ,0.03812       ,2014          ,177.012         ,0.000         ,-0.000              ,0.214               ,23921.875       ,-0.09955          ,-0.07139              ,0.000         ,0.000         ,-0.002        ,-0.017        
17:42:09.946548     ,0.049       ,0.880       ,0.869       ,16.840      ,16.829      ,16.172      ,0.658       ,3.290       ,0.000       ,-0.148      ,3.143       ,880.000     ,0.658       ,16.830      ,0.03912       ,2027          ,178.154         ,0.000         ,-0.000              ,0.222               ,23921.875       ,-0.10763          ,-0.07402              ,0.000         ,0.000         ,-0.001        ,-0.014        
17:42:09.954383     ,0.051       ,0.880       ,0.885       ,16.870      ,16.838      ,16.172      ,0.657       ,3.286       ,0.000       ,0.041       ,3.327       ,880.000     ,0.657       ,16.829      ,0.04019       ,2041          ,179.385         ,0.000         ,-0.000              ,0.230               ,23921.875       ,-0.09959          ,-0.07660              ,0.000         ,0.000         ,-0.001        ,-0.014        
17:42:09.965126     ,0.051       ,0.880       ,0.869       ,16.900      ,16.850      ,16.172      ,0.667       ,3.333       ,0.000       ,0.208       ,3.540       ,880.000     ,0.667       ,16.838      ,0.04126       ,2055          ,180.615         ,0.000         ,-0.000              ,0.238               ,23921.875       ,-0.10752          ,-0.07926              ,0.000         ,0.000         ,-0.000        ,-0.004        
17:42:09.974369     ,0.051       ,0.880       ,0.869       ,16.900      ,16.857      ,16.172      ,0.678       ,3.392       ,0.000       ,0.049       ,3.441       ,880.000     ,0.678       ,16.850      ,0.04234       ,2069          ,181.846         ,0.000         ,-0.000              ,0.246               ,23921.875       ,-0.10723          ,-0.08198              ,0.000         ,0.000         ,-0.000        ,-0.004        
17:42:09.984366     ,0.051       ,0.880       ,0.869       ,16.890      ,16.863      ,16.172      ,0.685       ,3.427       ,0.000       ,-0.100      ,3.326       ,880.000     ,0.685       ,16.857      ,0.04341       ,2083          ,183.076         ,0.000         ,-0.000              ,0.246               ,23921.875       ,-0.10723          ,-0.08198              ,0.000         ,0.000         ,-0.002        ,-0.015        
17:42:09.994365     ,0.049       ,0.880       ,0.869       ,16.890      ,16.871      ,16.172      ,0.699       ,3.495       ,0.000       ,0.135       ,3.629       ,880.000     ,0.699       ,16.871      ,0.04456       ,2098          ,184.395         ,0.000         ,-0.000              ,0.254               ,23921.875       ,-0.10741          ,-0.08463              ,0.000         ,0.000         ,-0.002        ,-0.015        
17:42:10.004428     ,0.049       ,0.880       ,0.869       ,16.890      ,16.875      ,16.172      ,0.699       ,3.495       ,0.000       ,0.135       ,3.629       ,880.000     ,0.699       ,16.871      ,0.04571       ,2113          ,185.713         ,0.000         ,-0.000              ,0.254               ,23921.875       ,-0.10741          ,-0.08463              ,0.000         ,0.000         ,-0.001        ,-0.014        
17:42:10.014373     ,0.051       ,0.880       ,0.885       ,16.870      ,16.873      ,16.172      ,0.701       ,3.506       ,0.000       ,-0.227      ,3.279       ,880.000     ,0.701       ,16.873      ,0.04686       ,2128          ,187.031         ,0.000         ,-0.000              ,0.262               ,23921.875       ,-0.11479          ,-0.08735              ,0.000         ,0.000         ,-0.001        ,-0.014        
17:42:10.024370     ,0.051       ,0.880       ,0.885       ,16.870      ,16.873      ,16.172      ,0.701       ,3.506       ,0.000       ,-0.227      ,3.279       ,880.000     ,0.701       ,16.873      ,0.04801       ,2143          ,188.350         ,0.000         ,-0.000              ,0.262               ,23921.875       ,-0.11479          ,-0.08735              ,0.000         ,0.000         ,-0.001        ,-0.014        
17:42:10.039424     ,0.051       ,0.880       ,0.869       ,16.910      ,16.886      ,16.172      ,0.701       ,3.506       ,0.000       ,-0.227      ,3.279       ,880.000     ,0.701       ,16.873      ,0.04916       ,2158          ,189.668         ,0.000         ,-0.000              ,0.270               ,23921.875       ,-0.11488          ,-0.09000              ,0.000         ,0.000         ,-0.002        ,-0.015        
17:42:10.044485     ,0.051       ,0.880       ,0.869       ,16.910      ,16.889      ,16.172      ,0.714       ,3.569       ,0.000       ,0.208       ,3.778       ,880.000     ,0.714       ,16.886      ,0.05031       ,2173          ,190.986         ,0.000         ,-0.000              ,0.270               ,23921.875       ,-0.11488          ,-0.09000              ,0.000         ,0.000         ,-0.002        ,-0.015        
17:42:10.057189     ,0.049       ,0.880       ,0.869       ,16.900      ,16.889      ,16.172      ,0.718       ,3.589       ,0.000       ,-0.176      ,3.413       ,880.000     ,0.718       ,16.889      ,0.05147       ,2188          ,192.305         ,0.000         ,-0.000              ,0.285               ,23921.875       ,-0.11485          ,-0.09504              ,0.000         ,0.000         ,-0.001        ,-0.014        
17:42:10.064431     ,0.049       ,0.880       ,0.869       ,16.890      ,16.889      ,16.172      ,0.718       ,3.589       ,0.000       ,-0.176      ,3.413       ,880.000     ,0.718       ,16.889      ,0.05269       ,2204          ,193.711         ,0.000         ,-0.000              ,0.285               ,23921.875       ,-0.11485          ,-0.09504              ,0.000         ,0.000         ,-0.001        ,-0.014        
17:42:10.074831     ,0.051       ,0.880       ,0.869       ,16.900      ,16.889      ,16.172      ,0.718       ,3.589       ,0.000       ,-0.078      ,3.510       ,880.000     ,0.718       ,16.889      ,0.05384       ,2219          ,195.029         ,0.000         ,-0.000              ,0.292               ,23921.875       ,-0.12262          ,-0.09746              ,0.000         ,0.000         ,-0.002        ,-0.015        
17:42:10.084416     ,0.051       ,0.880       ,0.869       ,16.900      ,16.887      ,16.172      ,0.717       ,3.585       ,0.000       ,-0.011      ,3.574       ,880.000     ,0.717       ,16.889      ,0.05507       ,2235          ,196.436         ,0.000         ,-0.000              ,0.299               ,23921.875       ,-0.11494          ,-0.09963              ,0.000         ,0.000         ,-0.002        ,-0.015        
17:42:10.094365     ,0.051       ,0.880       ,0.869       ,16.900      ,16.887      ,16.172      ,0.715       ,3.575       ,0.000       ,-0.031      ,3.544       ,880.000     ,0.715       ,16.887      ,0.05622       ,2250          ,197.754         ,0.000         ,-0.000              ,0.299               ,23921.875       ,-0.11494          ,-0.09963              ,0.000         ,0.000         ,-0.001        ,-0.014        
17:42:10.104551     ,0.049       ,0.880       ,0.885       ,16.930      ,16.895      ,16.172      ,0.715       ,3.575       ,0.000       ,-0.031      ,3.544       ,880.000     ,0.715       ,16.887      ,0.05745       ,2266          ,199.160         ,0.000         ,-0.000              ,0.305               ,23921.875       ,-0.12298          ,-0.10182              ,0.000         ,0.000         ,-0.001        ,-0.014        
17:42:10.114373     ,0.049       ,0.880       ,0.885       ,16.970      ,16.909      ,16.172      ,0.723       ,3.615       ,0.000       ,0.203       ,3.817       ,880.000     ,0.723       ,16.895      ,0.05867       ,2282          ,200.566         ,0.000         ,-0.000              ,0.305               ,23921.875       ,-0.12298          ,-0.10182              ,0.000         ,0.000         ,-0.002        ,-0.015        
17:42:10.130927     ,0.051       ,0.880       ,0.869       ,16.970      ,16.917      ,16.172      ,0.723       ,3.615       ,0.000       ,0.203       ,3.817       ,880.000     ,0.723       ,16.895      ,0.05983       ,2297          ,201.885         ,0.000         ,-0.000              ,0.312               ,23921.875       ,-0.12282          ,-0.10391              ,0.000         ,0.000         ,-0.002        ,-0.017        
17:42:10.134384     ,0.051       ,0.880       ,0.869       ,16.930      ,16.920      ,16.172      ,0.746       ,3.729       ,0.000       ,0.296       ,4.025       ,880.000     ,0.746       ,16.917      ,0.06098       ,2312          ,203.203         ,0.000         ,-0.000              ,0.312               ,23921.875       ,-0.12282          ,-0.10391              ,0.000         ,0.000         ,-0.002        ,-0.017        
17:42:10.148469     ,0.051       ,0.880       ,0.869       ,16.960      ,16.931      ,16.172      ,0.746       ,3.729       ,0.000       ,0.296       ,4.025       ,880.000     ,0.746       ,16.917      ,0.06220       ,2328          ,204.609         ,0.000         ,-0.000              ,0.317               ,23921.875       ,-0.11495          ,-0.10581              ,0.000         ,0.000         ,-0.002        ,-0.015        
17:42:10.154393     ,0.049       ,0.880       ,0.869       ,16.980      ,16.941      ,16.172      ,0.770       ,3.848       ,0.000       ,-0.052      ,3.795       ,880.000     ,0.770       ,16.941      ,0.06335       ,2343          ,205.928         ,0.000         ,-0.000              ,0.323               ,23921.875       ,-0.12246          ,-0.10764              ,0.000         ,0.000         ,-0.002        ,-0.015        
17:42:10.167103     ,0.049       ,0.880       ,0.869       ,16.930      ,16.938      ,16.172      ,0.770       ,3.848       ,0.000       ,-0.052      ,3.795       ,880.000     ,0.770       ,16.941      ,0.06450       ,2358          ,207.246         ,0.000         ,-0.000              ,0.328               ,23921.875       ,-0.11528          ,-0.10921              ,0.000         ,0.000         ,-0.002        ,-0.015        
17:42:10.174362     ,0.049       ,0.880       ,0.869       ,16.910      ,16.935      ,16.172      ,0.763       ,3.816       ,0.000       ,-0.338      ,3.478       ,880.000     ,0.763       ,16.935      ,0.06565       ,2373          ,208.564         ,0.000         ,-0.000              ,0.328               ,23921.875       ,-0.11528          ,-0.10921              ,0.000         ,0.000         ,-0.002        ,-0.015        
17:42:10.184780     ,0.051       ,0.880       ,0.869       ,16.930      ,16.942      ,16.172      ,0.763       ,3.816       ,0.000       ,-0.338      ,3.478       ,880.000     ,0.763       ,16.935      ,0.06680       ,2388          ,209.883         ,0.000         ,-0.000              ,0.332               ,23921.875       ,-0.11502          ,-0.11055              ,0.000         ,0.000         ,-0.002        ,-0.015        
17:42:10.194363     ,0.049       ,0.880       ,0.869       ,16.960      ,16.944      ,16.172      ,0.772       ,3.861       ,0.000       ,-0.116      ,3.745       ,880.000     ,0.772       ,16.944      ,0.06788       ,2402          ,211.113         ,0.000         ,-0.000              ,0.335               ,23921.875       ,-0.11519          ,-0.11168              ,0.000         ,0.000         ,-0.002        ,-0.015        
17:42:10.205627     ,0.049       ,0.880       ,0.869       ,16.850      ,16.919      ,16.172      ,0.772       ,3.861       ,0.000       ,-0.116      ,3.745       ,880.000     ,0.772       ,16.944      ,0.06903       ,2417          ,212.432         ,0.000         ,-0.000              ,0.338               ,23921.875       ,-0.10723          ,-0.11253              ,0.000         ,0.000         ,-0.002        ,-0.017        
17:42:10.214373     ,0.051       ,0.880       ,0.869       ,16.780      ,16.894      ,16.172      ,0.722       ,3.611       ,0.000       ,-0.002      ,3.610       ,880.000     ,0.722       ,16.894      ,0.07003       ,2430          ,213.574         ,0.000         ,-0.000              ,0.339               ,23921.875       ,-0.11522          ,-0.11314              ,0.000         ,0.000         ,-0.002        ,-0.017        
17:42:10.226453     ,0.049       ,0.880       ,0.869       ,16.790      ,16.875      ,16.172      ,0.722       ,3.611       ,0.000       ,-0.002      ,3.610       ,880.000     ,0.722       ,16.894      ,0.07110       ,2444          ,214.805         ,0.000         ,-0.000              ,0.340               ,23921.875       ,-0.09966          ,-0.11343              ,0.000         ,0.000         ,-0.002        ,-0.015        
17:42:10.234381     ,0.051       ,0.880       ,0.869       ,16.800      ,16.853      ,16.172      ,0.681       ,3.404       ,0.000       ,-0.087      ,3.317       ,880.000     ,0.681       ,16.853      ,0.07210       ,2457          ,215.947         ,0.000         ,-0.000              ,0.340               ,23921.875       ,-0.10730          ,-0.11345              ,0.000         ,0.000         ,-0.002        ,-0.015        
17:42:10.246056     ,0.051       ,0.880       ,0.885       ,16.720      ,16.809      ,16.172      ,0.681       ,3.404       ,0.000       ,-0.087      ,3.317       ,880.000     ,0.681       ,16.853      ,0.07309       ,2470          ,217.090         ,0.000         ,-0.000              ,0.339               ,23921.875       ,-0.09957          ,-0.11311              ,0.000         ,0.000         ,-0.002        ,-0.017        
17:42:10.254379     ,0.049       ,0.880       ,0.869       ,16.690      ,16.781      ,16.172      ,0.609       ,3.045       ,0.000       ,0.321       ,3.366       ,880.000     ,0.609       ,16.781      ,0.07409       ,2483          ,218.232         ,0.000         ,-0.000              ,0.338               ,23921.875       ,-0.09975          ,-0.11259              ,0.000         ,0.000         ,-0.002        ,-0.017        
17:42:10.264702     ,0.049       ,0.880       ,0.869       ,16.710      ,16.764      ,16.172      ,0.609       ,3.045       ,0.000       ,0.321       ,3.366       ,880.000     ,0.609       ,16.781      ,0.07501       ,2495          ,219.287         ,0.000         ,-0.000              ,0.335               ,23921.875       ,-0.09993          ,-0.11181              ,0.000         ,0.000         ,-0.002        ,-0.015        
17:42:10.274364     ,0.051       ,0.880       ,0.869       ,16.710      ,16.739      ,16.172      ,0.567       ,2.837       ,0.000       ,-0.163      ,2.674       ,880.000     ,0.567       ,16.739      ,0.07593       ,2507          ,220.342         ,0.000         ,-0.000              ,0.332               ,23921.875       ,-0.09197          ,-0.11081              ,0.000         ,0.000         ,-0.002        ,-0.015        
17:42:10.285647     ,0.049       ,0.880       ,0.869       ,16.610      ,16.695      ,16.172      ,0.567       ,2.837       ,0.000       ,-0.163      ,2.674       ,880.000     ,0.567       ,16.739      ,0.07678       ,2518          ,221.309         ,0.000         ,-0.000              ,0.329               ,23921.875       ,-0.09195          ,-0.10960              ,0.000         ,0.000         ,-0.001        ,-0.013        
17:42:10.294370     ,0.051       ,0.880       ,0.869       ,16.600      ,16.671      ,16.172      ,0.499       ,2.495       ,0.000       ,0.391       ,2.886       ,880.000     ,0.499       ,16.671      ,0.07762       ,2529          ,222.275         ,0.000         ,-0.000              ,0.324               ,23921.875       ,-0.08435          ,-0.10811              ,0.000         ,0.000         ,-0.001        ,-0.013        
17:42:10.305619     ,0.051       ,0.880       ,0.869       ,16.610      ,16.655      ,16.172      ,0.499       ,2.495       ,0.000       ,0.391       ,2.886       ,880.000     ,0.499       ,16.671      ,0.07839       ,2539          ,223.154         ,0.000         ,-0.000              ,0.320               ,23921.875       ,-0.08429          ,-0.10651              ,0.000         ,0.000         ,-0.001        ,-0.014        
17:42:10.314387     ,0.051       ,0.880       ,0.869       ,16.610      ,16.635      ,16.172      ,0.463       ,2.314       ,0.000       ,-0.086      ,2.229       ,880.000     ,0.463       ,16.635      ,0.07908       ,2548          ,223.945         ,0.000         ,-0.000              ,0.314               ,23921.875       ,-0.07652          ,-0.10456              ,0.000         ,0.000         ,-0.001        ,-0.014        
17:42:10.325858     ,0.049       ,0.880       ,0.885       ,16.600      ,16.613      ,16.172      ,0.463       ,2.314       ,0.000       ,-0.086      ,2.229       ,880.000     ,0.463       ,16.635      ,0.07984       ,2558          ,224.824         ,0.000         ,-0.000              ,0.307               ,23921.875       ,-0.06936          ,-0.10245              ,0.000         ,0.000         ,-0.001        ,-0.013        
17:42:10.334374     ,0.051       ,0.880       ,0.869       ,16.610      ,16.611      ,16.172      ,0.439       ,2.197       ,0.000       ,0.384       ,2.581       ,880.000     ,0.439       ,16.611      ,0.08046       ,2566          ,225.527         ,0.000         ,-0.000              ,0.301               ,23921.875       ,-0.07658          ,-0.10020              ,0.000         ,0.000         ,-0.001        ,-0.013        
17:42:10.345744     ,0.049       ,0.880       ,0.885       ,16.610      ,16.606      ,16.172      ,0.439       ,2.197       ,0.000       ,0.384       ,2.581       ,880.000     ,0.439       ,16.611      ,0.08115       ,2575          ,226.318         ,0.000         ,-0.000              ,0.293               ,23921.875       ,-0.06138          ,-0.09771              ,0.000         ,0.000         ,-0.002        ,-0.015        
17:42:10.354376     ,0.049       ,0.880       ,0.869       ,16.590      ,16.595      ,16.172      ,0.423       ,2.116       ,0.000       ,-0.121      ,1.995       ,880.000     ,0.423       ,16.595      ,0.08168       ,2582          ,226.934         ,0.000         ,-0.000              ,0.285               ,23921.875       ,-0.06906          ,-0.09513              ,0.000         ,0.000         ,-0.002        ,-0.015        
17:42:10.365491     ,0.049       ,0.880       ,0.869       ,16.560      ,16.582      ,16.172      ,0.423       ,2.116       ,0.000       ,-0.121      ,1.995       ,880.000     ,0.423       ,16.595      ,0.08222       ,2589          ,227.549         ,0.000         ,-0.000              ,0.277               ,23921.875       ,-0.05372          ,-0.09225              ,0.000         ,0.000         ,-0.001        ,-0.014        
17:42:10.374366     ,0.051       ,0.880       ,0.869       ,16.570      ,16.578      ,16.172      ,0.407       ,2.033       ,0.000       ,0.168       ,2.201       ,880.000     ,0.407       ,16.578      ,0.08276       ,2596          ,228.164         ,0.000         ,-0.000              ,0.268               ,23921.875       ,-0.05365          ,-0.08923              ,0.000         ,0.000         ,-0.001        ,-0.014        
17:42:10.384380     ,0.049       ,0.880       ,0.869       ,16.570      ,16.574      ,16.172      ,0.402       ,2.012       ,0.000       ,-0.000      ,2.012       ,880.000     ,0.402       ,16.574      ,0.08322       ,2602          ,228.691         ,0.000         ,-0.000              ,0.258               ,23921.875       ,-0.05368          ,-0.08608              ,0.000         ,0.000         ,-0.002        ,-0.015        
17:42:10.394367     ,0.049       ,0.880       ,0.869       ,16.570      ,16.570      ,16.172      ,0.399       ,1.993       ,0.000       ,0.004       ,1.997       ,880.000     ,0.399       ,16.570      ,0.08368       ,2608          ,229.219         ,0.000         ,-0.000              ,0.249               ,23921.875       ,-0.04609          ,-0.08283              ,0.000         ,0.000         ,-0.002        ,-0.015        
17:42:10.404764     ,0.049       ,0.880       ,0.869       ,16.610      ,16.575      ,16.172      ,0.399       ,1.993       ,0.000       ,0.004       ,1.997       ,880.000     ,0.399       ,16.570      ,0.08406       ,2613          ,229.658         ,0.000         ,-0.000              ,0.249               ,23921.875       ,-0.04609          ,-0.08283              ,0.000         ,0.000         ,-0.001        ,-0.014        
17:42:10.414389     ,0.049       ,0.880       ,0.869       ,16.620      ,16.582      ,16.172      ,0.410       ,2.052       ,0.000       ,0.317       ,2.369       ,880.000     ,0.410       ,16.582      ,0.08445       ,2618          ,230.098         ,0.000         ,-0.000              ,0.238               ,23921.875       ,-0.04597          ,-0.07950              ,0.000         ,0.000         ,-0.001        ,-0.014        
17:42:10.424908     ,0.049       ,0.880       ,0.869       ,16.570      ,16.576      ,16.172      ,0.410       ,2.052       ,0.000       ,0.317       ,2.369       ,880.000     ,0.410       ,16.582      ,0.08483       ,2623          ,230.537         ,0.000         ,-0.000              ,0.238               ,23921.875       ,-0.04597          ,-0.07950              ,0.000         ,0.000         ,-0.001        ,-0.014        
17:42:10.441244     ,0.049       ,0.880       ,0.869       ,16.570      ,16.573      ,16.172      ,0.410       ,2.052       ,0.000       ,0.317       ,2.369       ,880.000     ,0.410       ,16.582      ,0.08514       ,2627          ,230.889         ,0.000         ,-0.000              ,0.228               ,23921.875       ,-0.03831          ,-0.07609              ,0.000         ,0.000         ,-0.001        ,-0.014        
17:42:10.444359     ,0.049       ,0.880       ,0.869       ,16.570      ,16.573      ,16.172      ,0.401       ,2.006       ,0.000       ,-0.425      ,1.581       ,880.000     ,0.401       ,16.573      ,0.08537       ,2630          ,231.152         ,0.000         ,-0.000              ,0.228               ,23921.875       ,-0.03831          ,-0.07609              ,0.000         ,0.000         ,-0.001        ,-0.014        
17:42:10.460098     ,0.049       ,0.880       ,0.869       ,16.600      ,16.574      ,16.172      ,0.401       ,2.006       ,0.000       ,-0.425      ,1.581       ,880.000     ,0.401       ,16.573      ,0.08560       ,2633          ,231.416         ,0.000         ,-0.000              ,0.218               ,23921.875       ,-0.03075          ,-0.07261              ,0.000         ,0.000         ,-0.001        ,-0.014        
17:42:10.464388     ,0.049       ,0.880       ,0.869       ,16.590      ,16.573      ,16.172      ,0.402       ,2.012       ,0.000       ,0.212       ,2.225       ,880.000     ,0.402       ,16.574      ,0.08575       ,2635          ,231.592         ,0.000         ,-0.000              ,0.218               ,23921.875       ,-0.03075          ,-0.07261              ,0.000         ,0.000         ,-0.001        ,-0.014        
17:42:10.478745     ,0.049       ,0.880       ,0.885       ,16.600      ,16.581      ,16.172      ,0.401       ,2.004       ,0.000       ,-0.057      ,1.948       ,880.000     ,0.401       ,16.573      ,0.08590       ,2637          ,231.768         ,0.000         ,-0.000              ,0.195               ,23921.875       ,-0.01532          ,-0.06497              ,0.000         ,0.000         ,-0.001        ,-0.014        
17:42:10.484390     ,0.049       ,0.880       ,0.885       ,16.620      ,16.589      ,16.172      ,0.401       ,2.004       ,0.000       ,-0.057      ,1.948       ,880.000     ,0.401       ,16.573      ,0.08606       ,2639          ,231.943         ,0.000         ,-0.000              ,0.195               ,23921.875       ,-0.01532          ,-0.06497              ,0.000         ,0.000         ,-0.001        ,-0.014        
17:42:10.497263     ,0.051       ,0.880       ,0.869       ,16.610      ,16.592      ,16.172      ,0.417       ,2.086       ,0.000       ,0.359       ,2.445       ,880.000     ,0.417       ,16.589      ,0.08613       ,2640          ,232.031         ,0.000         ,-0.000              ,0.183               ,23921.875       ,-0.01537          ,-0.06087              ,0.000         ,0.000         ,-0.001        ,-0.014        
17:42:10.504397     ,0.049       ,0.880       ,0.869       ,16.590      ,16.587      ,16.172      ,0.420       ,2.102       ,0.000       ,-0.267      ,1.835       ,880.000     ,0.420       ,16.592      ,0.08613       ,2640          ,232.031         ,0.000         ,-0.000              ,0.170               ,23921.875       ,-0.00765          ,-0.05668              ,0.000         ,0.000         ,-0.001        ,-0.014        
17:42:10.514785     ,0.049       ,0.880       ,0.869       ,16.570      ,16.584      ,16.172      ,0.415       ,2.076       ,0.000       ,-0.163      ,1.913       ,880.000     ,0.415       ,16.587      ,0.08621       ,2641          ,232.119         ,0.000         ,-0.000              ,0.157               ,23921.875       ,0.00000           ,-0.05232              ,0.000         ,0.000         ,-0.002        ,-0.015        
17:42:10.524385     ,0.051       ,0.880       ,0.885       ,16.540      ,16.577      ,16.172      ,0.412       ,2.062       ,0.000       ,0.047       ,2.109       ,880.000     ,0.412       ,16.584      ,0.08621       ,2641          ,232.119         ,0.000         ,-0.000              ,0.144               ,23921.875       ,-0.00766          ,-0.04793              ,0.000         ,0.000         ,-0.002        ,-0.015        
17:42:10.534379     ,0.051       ,0.880       ,0.885       ,16.330      ,16.534      ,16.172      ,0.406       ,2.029       ,0.000       ,-0.079      ,1.950       ,880.000     ,0.406       ,16.577      ,0.08621       ,2641          ,232.119         ,0.000         ,-0.000              ,0.144               ,23921.875       ,-0.00766          ,-0.04793              ,0.000         ,0.000         ,-0.001        ,-0.013        
17:42:10.544379     ,0.049       ,0.880       ,0.869       ,16.210      ,16.480      ,16.172      ,0.308       ,1.542       ,0.000       ,-1.815      ,-0.273      ,880.000     ,0.308       ,16.480      ,0.08613       ,2640          ,232.031         ,0.000         ,-0.000              ,0.131               ,23921.875       ,0.00000           ,-0.04350              ,0.000         ,0.000         ,-0.001        ,-0.013        
17:42:10.554373     ,0.049       ,0.880       ,0.869       ,16.140      ,16.419      ,16.172      ,0.308       ,1.542       ,0.000       ,-1.815      ,-0.273      ,880.000     ,0.308       ,16.480      ,0.08606       ,2639          ,231.943         ,0.000         ,-0.000              ,0.131               ,23921.875       ,0.00000           ,-0.04350              ,0.000         ,0.000         ,-0.001        ,-0.010        
17:42:10.570810     ,0.051       ,0.880       ,0.885       ,16.120      ,16.351      ,16.172      ,0.308       ,1.542       ,0.000       ,-1.815      ,-0.273      ,880.000     ,0.308       ,16.480      ,0.08598       ,2638          ,231.855         ,0.000         ,-0.000              ,0.117               ,23921.875       ,0.00766           ,-0.03893              ,0.000         ,0.000         ,-0.001        ,-0.009        
17:42:10.574366     ,0.051       ,0.880       ,0.885       ,16.010      ,16.256      ,16.172      ,0.179       ,0.895       ,0.000       ,-0.638      ,0.257       ,880.000     ,0.179       ,16.351      ,0.08598       ,2638          ,231.855         ,0.000         ,-0.000              ,0.117               ,23921.875       ,0.00766           ,-0.03893              ,0.000         ,0.000         ,-0.001        ,-0.009        
17:42:10.590909     ,0.051       ,0.880       ,0.869       ,15.970      ,16.180      ,16.172      ,0.179       ,0.895       ,0.000       ,-0.638      ,0.257       ,880.000     ,0.179       ,16.351      ,0.08590       ,2637          ,231.768         ,0.000         ,-0.000              ,0.103               ,23921.873       ,0.00768           ,-0.03436              ,0.000         ,0.000         ,-0.001        ,-0.008        
17:42:10.594368     ,0.051       ,0.880       ,0.869       ,16.040      ,16.123      ,16.172      ,0.008       ,0.042       ,0.000       ,-0.994      ,-0.994      ,880.000     ,0.008       ,16.180      ,0.08583       ,2636          ,231.680         ,0.000         ,-0.000              ,0.103               ,23921.873       ,0.00768           ,-0.03436              ,0.000         ,0.000         ,-0.001        ,-0.008        
17:42:10.609555     ,0.049       ,0.880       ,0.885       ,16.040      ,16.067      ,16.172      ,-0.049      ,-0.244      ,0.000       ,2.267       ,2.023       ,880.000     ,-0.049      ,16.123      ,0.08575       ,2635          ,231.592         ,-0.200        ,0.001               ,0.077               ,23921.873       ,0.00766           ,-0.02564              ,0.000         ,0.000         ,-0.001        ,-0.010        
17:42:10.614383     ,0.049       ,0.880       ,0.885       ,15.980      ,16.007      ,16.172      ,-0.049      ,-0.244      ,0.000       ,2.267       ,2.023       ,880.000     ,-0.049      ,16.123      ,0.08567       ,2634          ,231.504         ,-0.400        ,0.001               ,0.077               ,23921.873       ,0.00766           ,-0.02564              ,0.000         ,0.000         ,-0.001        ,-0.010        
17:42:10.628308     ,0.051       ,0.880       ,0.885       ,15.950      ,15.976      ,16.172      ,-0.165      ,-0.826      ,0.000       ,-1.182      ,-2.007      ,880.000     ,-0.165      ,16.007      ,0.08560       ,2633          ,231.416         ,-0.600        ,0.002               ,0.065               ,23921.873       ,0.00764           ,-0.02168              ,0.000         ,0.000         ,-0.001        ,-0.010        
17:42:10.634377     ,0.049       ,0.880       ,0.885       ,15.930      ,15.963      ,16.172      ,-0.196      ,-0.978      ,0.000       ,1.717       ,0.738       ,880.000     ,-0.196      ,15.976      ,0.08552       ,2632          ,231.328         ,-0.800        ,0.003               ,0.054               ,23921.873       ,0.00769           ,-0.01797              ,0.000         ,0.000         ,-0.001        ,-0.010        
17:42:10.646015     ,0.049       ,0.880       ,0.885       ,15.930      ,15.948      ,16.172      ,-0.209      ,-1.044      ,0.000       ,0.346       ,-0.698      ,880.000     ,-0.209      ,15.963      ,0.08552       ,2632          ,231.328         ,-1.000        ,0.003               ,0.044               ,23921.873       ,0.00768           ,-0.01458              ,0.000         ,0.000         ,-0.001        ,-0.005        
17:42:10.654390     ,0.049       ,0.880       ,0.885       ,15.920      ,15.940      ,16.172      ,-0.223      ,-1.117      ,0.000       ,-0.026      ,-1.143      ,880.000     ,-0.223      ,15.948      ,0.08544       ,2631          ,231.240         ,-1.000        ,0.003               ,0.035               ,23921.873       ,0.00000           ,-0.01170              ,0.000         ,0.000         ,-0.001        ,-0.005        
17:42:10.665711     ,0.049       ,0.880       ,0.869       ,15.930      ,15.944      ,16.172      ,-0.231      ,-1.157      ,0.000       ,0.127       ,-1.030      ,880.000     ,-0.231      ,15.940      ,0.08544       ,2631          ,231.240         ,-1.000        ,0.003               ,0.027               ,23921.873       ,0.00768           ,-0.00903              ,0.000         ,0.000         ,-0.001        ,-0.009        
17:42:10.674382     ,0.049       ,0.880       ,0.853       ,15.960      ,15.949      ,16.172      ,-0.228      ,-1.139      ,0.000       ,0.237       ,-0.902      ,880.000     ,-0.228      ,15.944      ,0.08537       ,2630          ,231.152         ,-1.000        ,0.003               ,0.020               ,23921.873       ,0.00000           ,-0.00675              ,0.000         ,0.000         ,-0.001        ,-0.009        
17:42:10.687671     ,0.049       ,0.880       ,0.869       ,15.950      ,15.945      ,16.172      ,-0.223      ,-1.114      ,0.000       ,0.025       ,-1.089      ,880.000     ,-0.223      ,15.949      ,0.08537       ,2630          ,231.152         ,-1.000        ,0.003               ,0.014               ,23921.873       ,0.00767           ,-0.00482              ,0.000         ,0.000         ,-0.000        ,-0.004        
17:42:10.694374     ,0.051       ,0.880       ,0.869       ,15.930      ,15.933      ,16.172      ,-0.227      ,-1.133      ,0.000       ,-0.174      ,-1.307      ,880.000     ,-0.227      ,15.945      ,0.08537       ,2630          ,231.152         ,-1.000        ,0.003               ,0.010               ,23921.873       ,0.00000           ,-0.00329              ,0.000         ,0.000         ,-0.000        ,-0.004        
17:42:10.706558     ,0.051       ,0.880       ,0.869       ,15.930      ,15.925      ,16.172      ,-0.238      ,-1.192      ,0.000       ,-0.162      ,-1.354      ,880.000     ,-0.238      ,15.933      ,0.08537       ,2630          ,231.152         ,-0.800        ,0.003               ,0.006               ,23921.873       ,0.00000           ,-0.00211              ,0.000         ,0.000         ,-0.001        ,-0.008        
17:42:10.714383     ,0.049       ,0.880       ,0.885       ,15.970      ,15.927      ,16.172      ,-0.246      ,-1.231      ,0.000       ,0.080       ,-1.151      ,880.000     ,-0.246      ,15.925      ,0.08537       ,2630          ,231.152         ,-0.600        ,0.002               ,0.004               ,23921.873       ,0.00000           ,-0.00122              ,0.000         ,0.000         ,-0.001        ,-0.008        
17:42:10.727391     ,0.051       ,0.880       ,0.869       ,15.980      ,15.930      ,16.172      ,-0.244      ,-1.221      ,0.000       ,0.197       ,-1.024      ,880.000     ,-0.244      ,15.927      ,0.08537       ,2630          ,231.152         ,-0.400        ,0.001               ,0.002               ,23921.873       ,0.00000           ,-0.00057              ,0.000         ,0.000         ,-0.000        ,-0.003        
17:42:10.734384     ,0.051       ,0.880       ,0.869       ,16.070      ,15.954      ,16.172      ,-0.242      ,-1.208      ,0.000       ,0.012       ,-1.196      ,880.000     ,-0.242      ,15.930      ,0.08537       ,2630          ,231.152         ,-0.200        ,0.001               ,0.000               ,23921.873       ,0.00000           ,-0.00014              ,0.000         ,0.000         ,-0.000        ,-0.003        
17:42:10.746878     ,0.051       ,0.880       ,0.869       ,16.100      ,15.984      ,16.172      ,-0.218      ,-1.089      ,0.000       ,0.424       ,-0.665      ,880.000     ,-0.218      ,15.954      ,0.08537       ,2630          ,231.152         ,0.000         ,-0.000              ,-0.000              ,23921.873       ,0.00000           ,0.00011               ,0.000         ,0.000         ,-0.001        ,-0.008        
17:42:10.754386     ,0.049       ,0.880       ,0.853       ,16.120      ,16.015      ,16.172      ,-0.188      ,-0.939      ,0.000       ,0.124       ,-0.815      ,880.000     ,-0.188      ,15.984      ,0.08537       ,2630          ,231.152         ,0.000         ,-0.000              ,-0.001              ,23921.873       ,0.00000           ,0.00032               ,0.000         ,0.000         ,-0.001        ,-0.008        
17:42:10.765512     ,0.051       ,0.880       ,0.869       ,16.100      ,16.035      ,16.172      ,-0.157      ,-0.785      ,0.000       ,0.014       ,-0.771      ,880.000     ,-0.157      ,16.015      ,0.08537       ,2630          ,231.152         ,0.000         ,-0.000              ,-0.001              ,23921.873       ,0.00000           ,0.00039               ,0.000         ,0.000         ,-0.001        ,-0.006        
17:42:10.774372     ,0.049       ,0.880       ,0.869       ,16.090      ,16.057      ,16.172      ,-0.137      ,-0.683      ,0.000       ,-0.205      ,-0.888      ,880.000     ,-0.137      ,16.035      ,0.08537       ,2630          ,231.152         ,0.000         ,-0.000              ,-0.001              ,23921.873       ,0.00000           ,0.00045               ,0.000         ,0.000         ,-0.001        ,-0.006        
17:42:10.787638     ,0.049       ,0.880       ,0.869       ,16.060      ,16.064      ,16.172      ,-0.114      ,-0.572      ,0.000       ,0.036       ,-0.536      ,880.000     ,-0.114      ,16.057      ,0.08537       ,2630          ,231.152         ,0.000         ,-0.000              ,-0.001              ,23921.873       ,0.00000           ,0.00045               ,0.000         ,0.000         ,-0.001        ,-0.008        
17:42:10.794362     ,0.051       ,0.880       ,0.869       ,16.000      ,16.061      ,16.172      ,-0.110      ,-0.551      ,0.000       ,-0.364      ,-0.915      ,880.000     ,-0.110      ,16.061      ,0.08537       ,2630          ,231.152         ,0.000         ,-0.000              ,-0.001              ,23921.873       ,0.00000           ,0.00038               ,0.000         ,0.000         ,-0.001        ,-0.008        
17:42:10.806691     ,0.049       ,0.880       ,0.869       ,16.010      ,16.060      ,16.172      ,-0.110      ,-0.551      ,0.000       ,-0.364      ,-0.915      ,880.000     ,-0.110      ,16.061      ,0.08537       ,2630          ,231.152         ,0.000         ,-0.000              ,-0.001              ,23921.873       ,0.00000           ,0.00032               ,0.000         ,0.000         ,-0.001        ,-0.006        
17:42:10.814374     ,0.051       ,0.880       ,0.869       ,16.010      ,16.056      ,16.172      ,-0.116      ,-0.580      ,0.000       ,-0.043      ,-0.623      ,880.000     ,-0.116      ,16.056      ,0.08537       ,2630          ,231.152         ,0.000         ,-0.000              ,-0.001              ,23921.873       ,0.00000           ,0.00027               ,0.000         ,0.000         ,-0.001        ,-0.006        
17:42:10.824366     ,0.051       ,0.880       ,0.885       ,16.010      ,16.043      ,16.172      ,-0.116      ,-0.580      ,0.000       ,-0.043      ,-0.623      ,880.000     ,-0.116      ,16.056      ,0.08537       ,2630          ,231.152         ,0.000         ,-0.000              ,-0.001              ,23921.873       ,0.00000           ,0.00023               ,0.000         ,0.000         ,-0.001        ,-0.008        
17:42:10.834374     ,0.051       ,0.880       ,0.885       ,16.070      ,16.037      ,16.172      ,-0.135      ,-0.673      ,0.000       ,-0.293      ,-0.966      ,880.000     ,-0.135      ,16.037      ,0.08537       ,2630          ,231.152         ,0.000         ,-0.000              ,-0.001              ,23921.873       ,0.00000           ,0.00023               ,0.000         ,0.000         ,-0.001        ,-0.008        
17:42:10.844365     ,0.051       ,0.880       ,0.869       ,16.070      ,16.033      ,16.172      ,-0.138      ,-0.692      ,0.000       ,0.297       ,-0.395      ,880.000     ,-0.138      ,16.033      ,0.08537       ,2630          ,231.152         ,0.000         ,-0.000              ,-0.001              ,23921.873       ,0.00000           ,0.00020               ,0.000         ,0.000         ,-0.001        ,-0.008        
17:42:10.854422     ,0.051       ,0.880       ,0.869       ,16.040      ,16.021      ,16.172      ,-0.138      ,-0.692      ,0.000       ,0.297       ,-0.395      ,880.000     ,-0.138      ,16.033      ,0.08537       ,2630          ,231.152         ,0.000         ,-0.000              ,-0.001              ,23921.873       ,0.00000           ,0.00017               ,0.000         ,0.000         ,-0.001        ,-0.008        
17:42:10.864384     ,0.051       ,0.880       ,0.869       ,16.060      ,16.020      ,16.172      ,-0.151      ,-0.753      ,0.000       ,-0.170      ,-0.923      ,880.000     ,-0.151      ,16.021      ,0.08537       ,2630          ,231.152         ,0.000         ,-0.000              ,-0.001              ,23921.873       ,0.00000           ,0.00017               ,0.000         ,0.000         ,-0.001        ,-0.011        
17:42:10.881359     ,0.051       ,0.880       ,0.885       ,16.030      ,16.022      ,16.172      ,-0.151      ,-0.753      ,0.000       ,-0.170      ,-0.923      ,880.000     ,-0.151      ,16.021      ,0.08537       ,2630          ,231.152         ,0.000         ,-0.000              ,-0.000              ,23921.873       ,0.00000           ,0.00014               ,0.000         ,0.000         ,-0.001        ,-0.008        
17:42:10.884377     ,0.051       ,0.880       ,0.885       ,16.030      ,16.023      ,16.172      ,-0.149      ,-0.746      ,0.000       ,0.273       ,-0.473      ,880.000     ,-0.149      ,16.022      ,0.08537       ,2630          ,231.152         ,0.000         ,-0.000              ,-0.000              ,23921.873       ,0.00000           ,0.00014               ,0.000         ,0.000         ,-0.001        ,-0.008        
17:42:10.900135     ,0.051       ,0.880       ,0.869       ,16.020      ,16.027      ,16.172      ,-0.149      ,-0.746      ,0.000       ,0.273       ,-0.473      ,880.000     ,-0.149      ,16.022      ,0.08537       ,2630          ,231.152         ,0.000         ,-0.000              ,-0.000              ,23921.873       ,0.00000           ,0.00012               ,0.000         ,0.000         ,-0.001        ,-0.008        
17:42:10.904373     ,0.051       ,0.880       ,0.869       ,16.030      ,16.037      ,16.172      ,-0.145      ,-0.724      ,0.000       ,0.063       ,-0.661      ,880.000     ,-0.145      ,16.027      ,0.08537       ,2630          ,231.152         ,0.000         ,-0.000              ,-0.000              ,23921.873       ,0.00000           ,0.00012               ,0.000         ,0.000         ,-0.001        ,-0.008        
17:42:10.918707     ,0.051       ,0.880       ,0.853       ,16.080      ,16.044      ,16.172      ,-0.135      ,-0.674      ,0.000       ,0.106       ,-0.568      ,880.000     ,-0.135      ,16.037      ,0.08537       ,2630          ,231.152         ,0.000         ,-0.000              ,-0.000              ,23921.873       ,0.00000           ,0.00009               ,0.000         ,0.000         ,-0.001        ,-0.006        
17:42:10.924366     ,0.051       ,0.880       ,0.853       ,16.100      ,16.052      ,16.172      ,-0.135      ,-0.674      ,0.000       ,0.106       ,-0.568      ,880.000     ,-0.135      ,16.037      ,0.08537       ,2630          ,231.152         ,0.000         ,-0.000              ,-0.000              ,23921.873       ,0.00000           ,0.00009               ,0.000         ,0.000         ,-0.001        ,-0.006        
17:42:10.937236     ,0.049       ,0.880       ,0.885       ,16.130      ,16.060      ,16.172      ,-0.119      ,-0.596      ,0.000       ,0.114       ,-0.482      ,880.000     ,-0.119      ,16.052      ,0.08537       ,2630          ,231.152         ,0.000         ,-0.000              ,-0.000              ,23921.873       ,0.00000           ,0.00007               ,0.000         ,0.000         ,-0.001        ,-0.008        
17:42:10.944361     ,0.049       ,0.880       ,0.885       ,16.140      ,16.069      ,16.172      ,-0.112      ,-0.560      ,0.000       ,-0.167      ,-0.728      ,880.000     ,-0.112      ,16.060      ,0.08537       ,2630          ,231.152         ,0.000         ,-0.000              ,-0.000              ,23921.873       ,0.00000           ,0.00006               ,0.000         ,0.000         ,-0.001        ,-0.008        
17:42:10.957995     ,0.051       ,0.880       ,0.885       ,16.140      ,16.081      ,16.172      ,-0.102      ,-0.451      ,0.000       ,0.042       ,-0.459      ,880.000     ,-0.102      ,16.069      ,0.08537       ,2630          ,231.152         ,0.000         ,-0.000              ,-0.000              ,23921.873       ,0.00000           ,0.00005               ,0.000         ,0.000         ,-0.001        ,-0.009        
17:42:10.964390     ,0.051       ,0.880       ,0.869       ,16.120      ,16.088      ,16.172      ,-0.090      ,-0.451      ,0.000       ,0.042       ,-0.409      ,880.000     ,-0.090      ,16.081      ,0.08537       ,2630          ,231.152         ,0.000         ,-0.000              ,-0.000              ,23921.873       ,0.00000           ,0.00005               ,0.000         ,0.000         ,-0.001        ,-0.009        
17:42:10.976587     ,0.051       ,0.880       ,0.885       ,16.070      ,16.093      ,16.172      ,-0.083      ,-0.416      ,0.000       ,-0.097      ,-0.513      ,880.000     ,-0.083      ,16.088      ,0.08537       ,2630          ,231.152         ,0.000         ,-0.000              ,-0.000              ,23921.873       ,0.00000           ,0.00004               ,0.000         ,0.000         ,-0.001        ,-0.008        
17:42:10.984373     ,0.051       ,0.880       ,0.869       ,16.040      ,16.092      ,16.172      ,-0.079      ,-0.395      ,0.000       ,-0.060      ,-0.455      ,880.000     ,-0.079      ,16.093      ,0.08537       ,2630          ,231.152         ,0.000         ,-0.000              ,-0.000              ,23921.873       ,0.00000           ,0.00003               ,0.000         ,0.000         ,-0.001        ,-0.008        
17:42:10.996283     ,0.049       ,0.880       ,0.869       ,16.040      ,16.091      ,16.172      ,-0.079      ,-0.403      ,0.000       ,-0.025      ,-0.480      ,880.000     ,-0.079      ,16.092      ,0.08537       ,2630          ,231.152         ,0.000         ,-0.000              ,-0.000              ,23921.873       ,0.00000           ,0.00003               ,0.000         ,0.000         ,-0.001        ,-0.008        
17:42:11.004385     ,0.049       ,0.880       ,0.869       ,16.030      ,16.082      ,16.172      ,-0.081      ,-0.403      ,0.000       ,-0.025      ,-0.428      ,880.000     ,-0.081      ,16.091      ,0.08537       ,2630          ,231.152         ,0.000         ,-0.000              ,-0.000              ,23921.873       ,0.00000           ,0.00002               ,0.000         ,0.000         ,-0.001        ,-0.008        
17:42:11.014977     ,0.049       ,0.880       ,0.885       ,16.060      ,16.072      ,16.172      ,-0.090      ,-0.449      ,0.000       ,-0.159      ,-0.608      ,880.000     ,-0.090      ,16.082      ,0.08537       ,2630          ,231.152         ,0.000         ,-0.000              ,-0.000              ,23921.873       ,0.00000           ,0.00002               ,0.000         ,0.000         ,-0.001        ,-0.005        
17:42:11.024374     ,0.049       ,0.880       ,0.869       ,16.070      ,16.064      ,16.172      ,-0.099      ,-0.497      ,0.000       ,-0.003      ,-0.500      ,880.000     ,-0.099      ,16.072      ,0.08537       ,2630          ,231.152         ,0.000         ,-0.000              ,-0.000              ,23921.873       ,0.00000           ,0.00002               ,0.000         ,0.000         ,-0.001        ,-0.005        
17:42:11.035724     ,0.049       ,0.880       ,0.869       ,16.130      ,16.064      ,16.172      ,-0.108      ,-0.541      ,0.000       ,0.012       ,-0.528      ,880.000     ,-0.108      ,16.064      ,0.08537       ,2630          ,231.152         ,0.000         ,-0.000              ,-0.000              ,23921.873       ,0.00000           ,0.00001               ,0.000         ,0.000         ,-0.001        ,-0.008        
17:42:11.044376     ,0.051       ,0.880       ,0.885       ,16.130      ,16.061      ,16.172      ,-0.108      ,-0.541      ,0.000       ,0.177       ,-0.364      ,880.000     ,-0.108      ,16.064      ,0.08537       ,2630          ,231.152         ,0.000         ,-0.000              ,-0.000              ,23921.873       ,0.00000           ,0.00001               ,0.000         ,0.000         ,-0.001        ,-0.008        
17:42:11.056601     ,0.049       ,0.880       ,0.869       ,16.140      ,16.068      ,16.172      ,-0.110      ,-0.552      ,0.000       ,-0.045      ,-0.597      ,880.000     ,-0.110      ,16.061      ,0.08537       ,2630          ,231.152         ,0.000         ,-0.000              ,-0.000              ,23921.873       ,0.00000           ,0.00001               ,0.000         ,0.000         ,-0.001        ,-0.008        
17:42:11.064381     ,0.051       ,0.880       ,0.869       ,16.140      ,16.079      ,16.172      ,-0.103      ,-0.516      ,0.000       ,0.190       ,-0.326      ,880.000     ,-0.103      ,16.068      ,0.08537       ,2630          ,231.152         ,0.000         ,-0.000              ,-0.000              ,23921.873       ,0.00000           ,0.00001               ,0.000         ,0.000         ,-0.001        ,-0.008        
17:42:11.075342     ,0.049       ,0.880       ,0.885       ,16.130      ,16.097      ,16.172      ,-0.092      ,-0.461      ,0.000       ,0.074       ,-0.387      ,880.000     ,-0.092      ,16.079      ,0.08537       ,2630          ,231.152         ,0.000         ,-0.000              ,-0.000              ,23921.873       ,0.00000           ,0.00001               ,0.000         ,0.000         ,-0.001        ,-0.005        
17:42:11.084379     ,0.051       ,0.880       ,0.869       ,16.130      ,16.109      ,16.172      ,-0.075      ,-0.376      ,0.000       ,0.123       ,-0.253      ,880.000     ,-0.075      ,16.097      ,0.08537       ,2630          ,231.152         ,0.000         ,-0.000              ,-0.000              ,23921.873       ,0.00000           ,0.00001               ,0.000         ,0.000         ,-0.001        ,-0.005        
17:42:11.095174     ,0.049       ,0.880       ,0.885       ,16.100      ,16.119      ,16.172      ,-0.062      ,-0.312      ,0.000       ,-0.089      ,-0.402      ,880.000     ,-0.062      ,16.109      ,0.08537       ,2630          ,231.152         ,0.000         ,-0.000              ,-0.000              ,23921.873       ,0.00000           ,0.00001               ,0.000         ,0.000         ,-0.001        ,-0.008        
17:42:11.104374     ,0.049       ,0.880       ,0.869       ,16.120      ,16.128      ,16.172      ,-0.053      ,-0.263      ,0.000       ,-0.056      ,-0.319      ,880.000     ,-0.053      ,16.119      ,0.08537       ,2630          ,231.152         ,0.000         ,-0.000              ,-0.000              ,23921.873       ,0.00000           ,0.00000               ,0.000         ,0.000         ,-0.001        ,-0.008        
17:42:11.114826     ,0.051       ,0.880       ,0.885       ,16.130      ,16.131      ,16.172      ,-0.044      ,-0.220      ,0.000       ,-0.024      ,-0.244      ,880.000     ,-0.044      ,16.128      ,0.08537       ,2630          ,231.152         ,0.000         ,-0.000              ,-0.000              ,23921.873       ,0.00000           ,0.00000               ,0.000         ,0.000         ,-0.001        ,-0.006        
17:42:11.124373     ,0.051       ,0.880       ,0.869       ,16.130      ,16.128      ,16.172      ,-0.041      ,-0.205      ,0.000       ,-0.112      ,-0.318      ,880.000     ,-0.041      ,16.131      ,0.08537       ,2630          ,231.152         ,0.000         ,-0.000              ,-0.000              ,23921.873       ,0.00000           ,0.00000               ,0.000         ,0.000         ,-0.001        ,-0.006        
17:42:11.134508     ,0.051       ,0.880       ,0.869       ,16.130      ,16.121      ,16.172      ,-0.044      ,-0.219      ,0.000       ,-0.115      ,-0.334      ,880.000     ,-0.044      ,16.128      ,0.08537       ,2630          ,231.152         ,0.000         ,-0.000              ,-0.000              ,23921.873       ,0.00000           ,0.00000               ,0.000         ,0.000         ,-0.001        ,-0.008        
17:42:11.144364     ,0.051       ,0.880       ,0.869       ,16.130      ,16.118      ,16.172      ,-0.054      ,-0.269      ,0.000       ,-0.145      ,-0.414      ,880.000     ,-0.054      ,16.118      ,0.08537       ,2630          ,231.152         ,0.000         ,-0.000              ,-0.000              ,23921.873       ,0.00000           ,0.00000               ,0.000         ,0.000         ,-0.001        ,-0.008        
17:42:11.155325     ,0.051       ,0.880       ,0.869       ,16.140      ,16.115      ,16.172      ,-0.054      ,-0.269      ,0.000       ,-0.145      ,-0.414      ,880.000     ,-0.054      ,16.118      ,0.08537       ,2630          ,231.152         ,0.000         ,-0.000              ,-0.000              ,23921.873       ,0.00000           ,0.00000               ,0.000         ,0.000         ,-0.001        ,-0.009        
17:42:11.164393     ,0.049       ,0.880       ,0.869       ,16.120      ,16.111      ,16.172      ,-0.057      ,-0.283      ,0.000       ,0.142       ,-0.141      ,880.000     ,-0.057      ,16.115      ,0.08537       ,2630          ,231.152         ,0.000         ,-0.000              ,-0.000              ,23921.873       ,0.00000           ,0.00000               ,0.000         ,0.000         ,-0.001        ,-0.009        
17:42:11.174363     ,0.049       ,0.880       ,0.869       ,16.100      ,16.109      ,16.172      ,-0.063      ,-0.313      ,0.000       ,-0.060      ,-0.372      ,880.000     ,-0.063      ,16.109      ,0.08537       ,2630          ,231.152         ,0.000         ,-0.000              ,-0.000              ,23921.873       ,0.00000           ,0.00000               ,0.000         ,0.000         ,-0.001        ,-0.006        
17:42:11.184371     ,0.049       ,0.880       ,0.869       ,16.090      ,16.108      ,16.172      ,-0.063      ,-0.316      ,0.000       ,0.104       ,-0.212      ,880.000     ,-0.063      ,16.108      ,0.08537       ,2630          ,231.152         ,0.000         ,-0.000              ,-0.000              ,23921.873       ,0.00000           ,0.00000               ,0.000         ,0.000         ,-0.001        ,-0.006        
17:42:11.194361     ,0.049       ,0.880       ,0.869       ,16.100      ,16.109      ,16.172      ,-0.063      ,-0.316      ,0.000       ,0.104       ,-0.212      ,880.000     ,-0.063      ,16.108      ,0.08537       ,2630          ,231.152         ,0.000         ,-0.000              ,-0.000              ,23921.873       ,0.00000           ,0.00000               ,0.000         ,0.000         ,-0.001        ,-0.008        
17:42:11.210802     ,0.051       ,0.880       ,0.885       ,16.100      ,16.105      ,16.172      ,-0.066      ,-0.332      ,0.000       ,-0.050      ,-0.382      ,880.000     ,-0.066      ,16.105      ,0.08537       ,2630          ,231.152         ,0.000         ,-0.000              ,-0.000              ,23921.873       ,0.00000           ,0.00000               ,0.000         ,0.000         ,-0.001        ,-0.010        
17:42:11.214375     ,0.051       ,0.880       ,0.885       ,16.130      ,16.106      ,16.172      ,-0.066      ,-0.332      ,0.000       ,-0.050      ,-0.382      ,880.000     ,-0.066      ,16.105      ,0.08537       ,2630          ,231.152         ,0.000         ,-0.000              ,-0.000              ,23921.873       ,0.00000           ,0.00000               ,0.000         ,0.000         ,-0.001        ,-0.010        
17:42:11.229417     ,0.049       ,0.880       ,0.869       ,16.140      ,16.108      ,16.172      ,-0.063      ,-0.317      ,0.000       ,0.122       ,-0.196      ,880.000     ,-0.063      ,16.108      ,0.08537       ,2630          ,231.152         ,0.000         ,-0.000              ,-0.000              ,23921.873       ,0.00000           ,0.00000               ,0.000         ,0.000         ,-0.001        ,-0.009        
17:42:11.234382     ,0.049       ,0.880       ,0.869       ,16.140      ,16.109      ,16.172      ,-0.063      ,-0.317      ,0.000       ,0.122       ,-0.196      ,880.000     ,-0.063      ,16.108      ,0.08537       ,2630          ,231.152         ,0.000         ,-0.000              ,-0.000              ,23921.873       ,0.00000           ,0.00000               ,0.000         ,0.000         ,-0.001        ,-0.009        
17:42:11.248282     ,0.049       ,0.880       ,0.869       ,16.130      ,16.108      ,16.172      ,-0.062      ,-0.312      ,0.000       ,-0.036      ,-0.348      ,880.000     ,-0.062      ,16.109      ,0.08537       ,2630          ,231.152         ,0.000         ,-0.000              ,-0.000              ,23921.873       ,0.00000           ,0.00000               ,0.000         ,0.000         ,-0.001        ,-0.006        
17:42:11.254381     ,0.049       ,0.880       ,0.869       ,16.120      ,16.110      ,16.172      ,-0.062      ,-0.312      ,0.000       ,-0.036      ,-0.348      ,880.000     ,-0.062      ,16.109      ,0.08537       ,2630          ,231.152         ,0.000         ,-0.000              ,-0.000              ,23921.873       ,0.00000           ,0.00000               ,0.000         ,0.000         ,-0.001        ,-0.006        
17:42:11.266864     ,0.049       ,0.880       ,0.869       ,16.090      ,16.106      ,16.172      ,-0.062      ,-0.308      ,0.000       ,-0.004      ,-0.312      ,880.000     ,-0.062      ,16.110      ,0.08537       ,2630          ,231.152         ,0.000         ,-0.000              ,-0.000              ,23921.873       ,0.00000           ,0.00000               ,0.000         ,0.000         ,-0.001        ,-0.011        
17:42:11.274371     ,0.051       ,0.880       ,0.869       ,16.090      ,16.106      ,16.172      ,-0.065      ,-0.326      ,0.000       ,-0.093      ,-0.419      ,880.000     ,-0.065      ,16.106      ,0.08537       ,2630          ,231.152         ,0.000         ,-0.000              ,-0.000              ,23921.873       ,0.00000           ,0.00000               ,0.000         ,0.000         ,-0.001        ,-0.011        
17:42:11.286695     ,0.051       ,0.880       ,0.869       ,16.080      ,16.103      ,16.172      ,-0.066      ,-0.330      ,0.000       ,0.059       ,-0.271      ,880.000     ,-0.066      ,16.106      ,0.08537       ,2630          ,231.152         ,0.000         ,-0.000              ,-0.000              ,23921.873       ,0.00000           ,0.00000               ,0.000         ,0.000         ,-0.001        ,-0.009        
17:42:11.294368     ,0.049       ,0.880       ,0.853       ,16.080      ,16.100      ,16.172      ,-0.068      ,-0.342      ,0.000       ,-0.029      ,-0.371      ,880.000     ,-0.068      ,16.103      ,0.08537       ,2630          ,231.152         ,0.000         ,-0.000              ,-0.000              ,23921.873       ,0.00000           ,0.00000               ,0.000         ,0.000         ,-0.001        ,-0.009        
17:42:11.306689     ,0.051       ,0.880       ,0.869       ,16.080      ,16.093      ,16.172      ,-0.072      ,-0.360      ,0.000       ,-0.027      ,-0.386      ,880.000     ,-0.072      ,16.100      ,0.08537       ,2630          ,231.152         ,0.000         ,-0.000              ,-0.000              ,23921.873       ,0.00000           ,0.00000               ,0.000         ,0.000         ,-0.001        ,-0.005        
17:42:11.314388     ,0.049       ,0.880       ,0.869       ,16.100      ,16.090      ,16.172      ,-0.079      ,-0.394      ,0.000       ,-0.067      ,-0.461      ,880.000     ,-0.079      ,16.093      ,0.08537       ,2630          ,231.152         ,0.000         ,-0.000              ,-0.000              ,23921.873       ,0.00000           ,0.00000               ,0.000         ,0.000         ,-0.001        ,-0.005        
17:42:11.329488     ,0.049       ,0.880       ,0.885       ,16.120      ,16.087      ,16.172      ,-0.082      ,-0.409      ,0.000       ,0.081       ,-0.328      ,880.000     ,-0.082      ,16.090      ,0.08537       ,2630          ,231.152         ,0.000         ,-0.000              ,-0.000              ,23921.873       ,0.00000           ,0.00000               ,0.000         ,0.000         ,-0.001        ,-0.005        
17:42:11.334377     ,0.051       ,0.880       ,0.885       ,16.130      ,16.087      ,16.172      ,-0.085      ,-0.425      ,0.000       ,-0.008      ,-0.434      ,880.000     ,-0.085      ,16.087      ,0.08537       ,2630          ,231.152         ,0.000         ,-0.000              ,-0.000              ,23921.873       ,0.00000           ,0.00000               ,0.000         ,0.000         ,-0.001        ,-0.005        
17:42:11.348113     ,0.051       ,0.880       ,0.885       ,16.150      ,16.093      ,16.172      ,-0.085      ,-0.426      ,0.000       ,0.065       ,-0.361      ,880.000     ,-0.085      ,16.087      ,0.08537       ,2630          ,231.152         ,0.000         ,-0.000              ,-0.000              ,23921.873       ,0.00000           ,0.00000               ,0.000         ,0.000         ,-0.001        ,-0.006        
17:42:11.354382     ,0.049       ,0.880       ,0.885       ,16.150      ,16.102      ,16.172      ,-0.079      ,-0.396      ,0.000       ,0.121       ,-0.275      ,880.000     ,-0.079      ,16.093      ,0.08537       ,2630          ,231.152         ,0.000         ,-0.000              ,-0.000              ,23921.873       ,0.00000           ,0.00000               ,0.000         ,0.000         ,-0.001        ,-0.006        
17:42:11.366683     ,0.049       ,0.880       ,0.853       ,16.140      ,16.111      ,16.172      ,-0.069      ,-0.302      ,0.000       ,-0.017      ,-0.270      ,880.000     ,-0.069      ,16.102      ,0.08537       ,2630          ,231.152         ,0.000         ,-0.000              ,-0.000              ,23921.873       ,0.00000           ,0.00000               ,0.000         ,0.000         ,-0.000        ,-0.004        
17:42:11.374369     ,0.049       ,0.880       ,0.885       ,16.130      ,16.119      ,16.172      ,-0.060      ,-0.302      ,0.000       ,-0.017      ,-0.319      ,880.000     ,-0.060      ,16.111      ,0.08537       ,2630          ,231.152         ,0.000         ,-0.000              ,-0.000              ,23921.873       ,0.00000           ,0.00000               ,0.000         ,0.000         ,-0.000        ,-0.004        
17:42:11.388565     ,0.049       ,0.880       ,0.869       ,16.130      ,16.128      ,16.172      ,-0.052      ,-0.262      ,0.000       ,-0.019      ,-0.281      ,880.000     ,-0.052      ,16.119      ,0.08537       ,2630          ,231.152         ,0.000         ,-0.000              ,-0.000              ,23921.873       ,0.00000           ,0.00000               ,0.000         ,0.000         ,-0.001        ,-0.006        
17:42:11.394374     ,0.049       ,0.880       ,0.869       ,16.100      ,16.127      ,16.172      ,-0.044      ,-0.219      ,0.000       ,0.009       ,-0.211      ,880.000     ,-0.044      ,16.128      ,0.08537       ,2630          ,231.152         ,0.000         ,-0.000              ,-0.000              ,23921.873       ,0.00000           ,0.00000               ,0.000         ,0.000         ,-0.001        ,-0.006        
17:42:11.409466     ,0.049       ,0.880       ,0.869       ,16.100      ,16.124      ,16.172      ,-0.045      ,-0.225      ,0.000       ,-0.193      ,-0.419      ,880.000     ,-0.045      ,16.127      ,0.08537       ,2630          ,231.152         ,0.000         ,-0.000              ,-0.000              ,23921.873       ,0.00000           ,0.00000               ,0.000         ,0.000         ,-0.001        ,-0.008        
17:42:11.414382     ,0.049       ,0.880       ,0.869       ,16.100      ,16.119      ,16.172      ,-0.048      ,-0.239      ,0.000       ,-0.031      ,-0.270      ,880.000     ,-0.048      ,16.124      ,0.08537       ,2630          ,231.152         ,0.000         ,-0.000              ,-0.000              ,23921.873       ,0.00000           ,0.00000               ,0.000         ,0.000         ,-0.001        ,-0.008        
17:42:11.428044     ,0.051       ,0.880       ,0.853       ,16.090      ,16.110      ,16.172      ,-0.062      ,-0.310      ,0.000       ,-0.087      ,-0.396      ,880.000     ,-0.062      ,16.110      ,0.08537       ,2630          ,231.152         ,0.000         ,-0.000              ,-0.000              ,23921.873       ,0.00000           ,0.00000               ,0.000         ,0.000         ,-0.001        ,-0.006        
17:42:11.434373     ,0.051       ,0.880       ,0.869       ,16.100      ,16.100      ,16.172      ,-0.062      ,-0.310      ,0.000       ,-0.087      ,-0.396      ,880.000     ,-0.062      ,16.110      ,0.08537       ,2630          ,231.152         ,0.000         ,-0.000              ,-0.000              ,23921.873       ,0.00000           ,0.00000               ,0.000         ,0.000         ,-0.001        ,-0.006        
17:42:11.446512     ,0.051       ,0.880       ,0.885       ,16.100      ,16.094      ,16.172      ,-0.072      ,-0.360      ,0.000       ,-0.017      ,-0.377      ,880.000     ,-0.072      ,16.100      ,0.08537       ,2630          ,231.152         ,0.000         ,-0.000              ,-0.000              ,23921.873       ,0.00000           ,0.00000               ,0.000         ,0.000         ,-0.001        ,-0.008        
17:42:11.454378     ,0.049       ,0.880       ,0.869       ,16.140      ,16.095      ,16.172      ,-0.078      ,-0.388      ,0.000       ,0.087       ,-0.302      ,880.000     ,-0.078      ,16.094      ,0.08537       ,2630          ,231.152         ,0.000         ,-0.000              ,-0.000              ,23921.873       ,0.00000           ,0.00000               ,0.000         ,0.000         ,-0.001        ,-0.008        
17:42:11.467302     ,0.049       ,0.880       ,0.885       ,16.130      ,16.095      ,16.172      ,-0.077      ,-0.383      ,0.000       ,0.137       ,-0.246      ,880.000     ,-0.077      ,16.095      ,0.08537       ,2630          ,231.152         ,0.000         ,-0.000              ,-0.000              ,23921.873       ,0.00000           ,0.00000               ,0.000         ,0.000         ,-0.001        ,-0.008        
17:42:11.474368     ,0.049       ,0.880       ,0.869       ,16.140      ,16.102      ,16.172      ,-0.077      ,-0.383      ,0.000       ,-0.023      ,-0.405      ,880.000     ,-0.077      ,16.095      ,0.08537       ,2630          ,231.152         ,0.000         ,-0.000              ,-0.000              ,23921.873       ,0.00000           ,0.00000               ,0.000         ,0.000         ,-0.001        ,-0.008        
17:42:11.486099     ,0.049       ,0.880       ,0.869       ,16.140      ,16.109      ,16.172      ,-0.070      ,-0.350      ,0.000       ,0.131       ,-0.219      ,880.000     ,-0.070      ,16.102      ,0.08537       ,2630          ,231.152         ,0.000         ,-0.000              ,-0.000              ,23921.873       ,0.00000           ,0.00000               ,0.000         ,0.000         ,-0.001        ,-0.009        
17:42:11.494371     ,0.049       ,0.880       ,0.885       ,16.130      ,16.117      ,16.172      ,-0.063      ,-0.313      ,0.000       ,0.015       ,-0.298      ,880.000     ,-0.063      ,16.109      ,0.08537       ,2630          ,231.152         ,0.000         ,-0.000              ,-0.000              ,23921.873       ,0.00000           ,0.00000               ,0.000         ,0.000         ,-0.001        ,-0.009        
17:42:11.506276     ,0.051       ,0.880       ,0.869       ,16.100      ,16.115      ,16.172      ,-0.055      ,-0.273      ,0.000       ,0.016       ,-0.257      ,880.000     ,-0.055      ,16.117      ,0.08537       ,2630          ,231.152         ,0.000         ,-0.000              ,-0.000              ,23921.873       ,0.00000           ,0.00000               ,0.000         ,0.000         ,-0.001        ,-0.008        
17:42:11.514392     ,0.049       ,0.880       ,0.885       ,16.120      ,16.120      ,16.172      ,-0.057      ,-0.284      ,0.000       ,-0.208      ,-0.492      ,880.000     ,-0.057      ,16.115      ,0.08537       ,2630          ,231.152         ,0.000         ,-0.000              ,-0.000              ,23921.873       ,0.00000           ,0.00000               ,0.000         ,0.000         ,-0.001        ,-0.008        
17:42:11.526247     ,0.049       ,0.880       ,0.869       ,16.120      ,16.121      ,16.172      ,-0.052      ,-0.258      ,0.000       ,0.151       ,-0.107      ,880.000     ,-0.052      ,16.120      ,0.08537       ,2630          ,231.152         ,0.000         ,-0.000              ,0.000               ,23921.873       ,0.00000           ,-0.00000              ,0.000         ,0.000         ,-0.000        ,-0.001        
17:42:11.534377     ,0.049       ,0.880       ,0.869       ,16.130      ,16.121      ,16.172      ,-0.051      ,-0.253      ,0.000       ,-0.086      ,-0.339      ,880.000     ,-0.051      ,16.121      ,0.08537       ,2630          ,231.152         ,0.000         ,-0.000              ,0.000               ,23921.873       ,0.00000           ,-0.00000              ,0.000         ,0.000         ,-0.000        ,-0.001        
17:42:11.546839     ,0.051       ,0.880       ,0.869       ,16.150      ,16.122      ,16.172      ,-0.051      ,-0.256      ,0.000       ,-0.029      ,-0.285      ,880.000     ,-0.051      ,16.121      ,0.08537       ,2630          ,231.152         ,0.000         ,-0.000              ,0.000               ,23921.873       ,0.00000           ,-0.00000              ,0.000         ,0.000         ,-0.001        ,-0.006        
17:42:11.554376     ,0.051       ,0.880       ,0.869       ,16.150      ,16.125      ,16.172      ,-0.050      ,-0.249      ,0.000       ,0.036       ,-0.213      ,880.000     ,-0.050      ,16.122      ,0.08537       ,2630          ,231.152         ,0.000         ,-0.000              ,0.000               ,23921.873       ,0.00000           ,-0.00000              ,0.000         ,0.000         ,-0.001        ,-0.006        
17:42:11.565456     ,0.049       ,0.880       ,0.885       ,16.160      ,16.126      ,16.172      ,-0.046      ,-0.232      ,0.000       ,0.045       ,-0.186      ,880.000     ,-0.046      ,16.125      ,0.08537       ,2630          ,231.152         ,0.000         ,-0.000              ,0.000               ,23921.873       ,0.00000           ,-0.00000              ,0.000         ,0.000         ,-0.000        ,-0.004        
17:42:11.574370     ,0.051       ,0.880       ,0.885       ,16.160      ,16.130      ,16.172      ,-0.045      ,-0.227      ,0.000       ,-0.055      ,-0.282      ,880.000     ,-0.045      ,16.126      ,0.08537       ,2630          ,231.152         ,0.000         ,-0.000              ,0.000               ,23921.873       ,0.00000           ,-0.00000              ,0.000         ,0.000         ,-0.000        ,-0.004        
17:42:11.585306     ,0.051       ,0.880       ,0.885       ,16.150      ,16.133      ,16.172      ,-0.042      ,-0.211      ,0.000       ,0.051       ,-0.160      ,880.000     ,-0.042      ,16.130      ,0.08537       ,2630          ,231.152         ,0.000         ,-0.000              ,0.000               ,23921.873       ,0.00000           ,-0.00000              ,0.000         ,0.000         ,-0.001        ,-0.008        
17:42:11.594362     ,0.049       ,0.880       ,0.885       ,16.140      ,16.135      ,16.172      ,-0.037      ,-0.183      ,0.000       ,0.044       ,-0.139      ,880.000     ,-0.037      ,16.135      ,0.08537       ,2630          ,231.152         ,0.000         ,-0.000              ,0.000               ,23921.873       ,0.00000           ,-0.00000              ,0.000         ,0.000         ,-0.001        ,-0.008        
17:42:11.605052     ,0.051       ,0.880       ,0.869       ,16.140      ,16.140      ,16.172      ,-0.037      ,-0.183      ,0.000       ,0.044       ,-0.139      ,880.000     ,-0.037      ,16.135      ,0.08537       ,2630          ,231.152         ,0.000         ,-0.000              ,0.000               ,23921.873       ,0.00000           ,-0.00000              ,0.000         ,0.000         ,-0.001        ,-0.008        
17:42:11.614371     ,0.051       ,0.880       ,0.869       ,16.150      ,16.144      ,16.172      ,-0.028      ,-0.140      ,0.000       ,0.059       ,-0.082      ,880.000     ,-0.028      ,16.144      ,0.08537       ,2630          ,231.152         ,0.000         ,-0.000              ,0.000               ,23921.873       ,0.00000           ,-0.00000              ,0.000         ,0.000         ,-0.001        ,-0.008        
17:42:11.627165     ,0.051       ,0.880       ,0.869       ,16.160      ,16.146      ,16.172      ,-0.028      ,-0.126      ,0.000       ,-0.114      ,-0.082      ,880.000     ,-0.028      ,16.144      ,0.08537       ,2630          ,231.152         ,0.000         ,-0.000              ,0.000               ,23921.873       ,0.00000           ,-0.00000              ,0.000         ,0.000         ,-0.000        ,-0.004        
17:42:11.634368     ,0.051       ,0.880       ,0.853       ,16.190      ,16.152      ,16.172      ,-0.019      ,-0.096      ,0.000       ,0.065       ,-0.031      ,880.000     ,-0.019      ,16.152      ,0.08537       ,2630          ,231.152         ,0.000         ,-0.000              ,0.000               ,23921.873       ,0.00000           ,-0.00000              ,0.000         ,0.000         ,-0.000        ,-0.004        
17:42:11.645751     ,0.049       ,0.880       ,0.869       ,16.190      ,16.156      ,16.172      ,-0.019      ,-0.096      ,0.000       ,0.065       ,-0.031      ,880.000     ,-0.019      ,16.152      ,0.08537       ,2630          ,231.152         ,0.000         ,-0.000              ,0.000               ,23921.873       ,0.00000           ,-0.00000              ,0.000         ,0.000         ,-0.001        ,-0.008        
17:42:11.654371     ,0.051       ,0.880       ,0.869       ,16.190      ,16.160      ,16.172      ,-0.012      ,-0.061      ,0.000       ,-0.017      ,-0.077      ,880.000     ,-0.012      ,16.160      ,0.08537       ,2630          ,231.152         ,0.000         ,-0.000              ,0.000               ,23921.873       ,0.00000           ,-0.00000              ,0.000         ,0.000         ,-0.001        ,-0.008        
17:42:11.664387     ,0.051       ,0.880       ,0.885       ,16.160      ,16.158      ,16.172      ,-0.012      ,-0.061      ,0.000       ,-0.017      ,-0.077      ,880.000     ,-0.012      ,16.160      ,0.08537       ,2630          ,231.152         ,0.000         ,-0.000              ,0.000               ,23921.873       ,0.00000           ,-0.00000              ,0.000         ,0.000         ,-0.001        ,-0.006        
17:42:11.674365     ,0.051       ,0.880       ,0.885       ,16.140      ,16.156      ,16.172      ,-0.015      ,-0.077      ,0.000       ,-0.004      ,-0.081      ,880.000     ,-0.015      ,16.156      ,0.08537       ,2630          ,231.152         ,0.000         ,-0.000              ,0.000               ,23921.873       ,0.00000           ,-0.00000              ,0.000         ,0.000         ,-0.001        ,-0.006        
17:42:11.684365     ,0.051       ,0.880       ,0.869       ,16.130      ,16.152      ,16.172      ,-0.020      ,-0.099      ,0.000       ,-0.053      ,-0.153      ,880.000     ,-0.020      ,16.152      ,0.08537       ,2630          ,231.152         ,0.000         ,-0.000              ,0.000               ,23921.873       ,0.00000           ,-0.00000              ,0.000         ,0.000         ,-0.001        ,-0.006        
17:42:11.694369     ,0.049       ,0.880       ,0.885       ,16.100      ,16.144      ,16.172      ,-0.027      ,-0.137      ,0.000       ,-0.060      ,-0.197      ,880.000     ,-0.027      ,16.144      ,0.08537       ,2630          ,231.152         ,0.000         ,-0.000              ,0.000               ,23921.873       ,0.00000           ,-0.00000              ,0.000         ,0.000         ,-0.001        ,-0.006        
17:42:11.705207     ,0.049       ,0.880       ,0.885       ,16.080      ,16.132      ,16.172      ,-0.027      ,-0.137      ,0.000       ,-0.060      ,-0.197      ,880.000     ,-0.027      ,16.144      ,0.08537       ,2630          ,231.152         ,0.000         ,-0.000              ,0.000               ,23921.873       ,0.00000           ,-0.00000              ,0.000         ,0.000         ,-0.001        ,-0.008        
17:42:11.714381     ,0.051       ,0.880       ,0.885       ,16.080      ,16.122      ,16.172      ,-0.049      ,-0.247      ,0.000       ,0.031       ,-0.216      ,880.000     ,-0.049      ,16.122      ,0.08537       ,2630          ,231.152         ,0.000         ,-0.000              ,0.000               ,23921.873       ,0.00000           ,-0.00000              ,0.000         ,0.000         ,-0.001        ,-0.008        
17:42:11.727190     ,0.049       ,0.880       ,0.853       ,16.070      ,16.107      ,16.172      ,-0.049      ,-0.247      ,0.000       ,0.031       ,-0.216      ,880.000     ,-0.049      ,16.122      ,0.08537       ,2630          ,231.152         ,0.000         ,-0.000              ,0.000               ,23921.873       ,0.00000           ,-0.00000              ,0.000         ,0.000         ,-0.001        ,-0.009        
17:42:11.734415     ,0.049       ,0.880       ,0.869       ,16.070      ,16.090      ,16.172      ,-0.064      ,-0.321      ,0.000       ,-0.089      ,-0.410      ,880.000     ,-0.064      ,16.107      ,0.08537       ,2630          ,231.152         ,0.000         ,-0.000              ,0.000               ,23921.873       ,0.00000           ,-0.00000              ,0.000         ,0.000         ,-0.001        ,-0.009        
17:42:11.744956     ,0.051       ,0.880       ,0.869       ,16.060      ,16.074      ,16.172      ,-0.082      ,-0.409      ,0.000       ,-0.056      ,-0.464      ,880.000     ,-0.082      ,16.090      ,0.08537       ,2630          ,231.152         ,0.000         ,-0.000              ,0.000               ,23921.873       ,0.00000           ,-0.00000              ,0.000         ,0.000         ,-0.001        ,-0.006        
17:42:11.754373     ,0.049       ,0.880       ,0.885       ,16.030      ,16.058      ,16.172      ,-0.114      ,-0.570      ,0.000       ,-0.017      ,-0.587      ,880.000     ,-0.114      ,16.058      ,0.08537       ,2630          ,231.152         ,0.000         ,-0.000              ,0.000               ,23921.873       ,0.00000           ,-0.00000              ,0.000         ,0.000         ,-0.001        ,-0.006        
17:42:11.764378     ,0.049       ,0.880       ,0.869       ,16.010      ,16.041      ,16.172      ,-0.130      ,-0.651      ,0.000       ,0.004       ,-0.647      ,880.000     ,-0.130      ,16.041      ,0.08537       ,2630          ,231.152         ,0.000         ,-0.000              ,0.000               ,23921.873       ,0.00000           ,-0.00000              ,0.000         ,0.000         ,-0.001        ,-0.008        
17:42:11.774363     ,0.051       ,0.880       ,0.869       ,15.970      ,16.024      ,16.172      ,-0.147      ,-0.736      ,0.000       ,-0.013      ,-0.749      ,880.000     ,-0.147      ,16.024      ,0.08537       ,2630          ,231.152         ,0.000         ,-0.000              ,0.000               ,23921.873       ,0.00000           ,-0.00000              ,0.000         ,0.000         ,-0.001        ,-0.008        
17:42:11.784382     ,0.051       ,0.880       ,0.869       ,15.960      ,16.009      ,16.172      ,-0.147      ,-0.736      ,0.000       ,-0.013      ,-0.749      ,880.000     ,-0.147      ,16.024      ,0.08537       ,2630          ,231.152         ,0.000         ,-0.000              ,0.000               ,23921.873       ,0.00000           ,-0.00000              ,0.000         ,0.000         ,-0.001        ,-0.008        
17:42:11.794379     ,0.051       ,0.880       ,0.869       ,15.930      ,15.991      ,16.172      ,-0.147      ,-0.736      ,0.000       ,-0.013      ,-0.749      ,880.000     ,-0.147      ,16.024      ,0.08537       ,2630          ,231.152         ,0.000         ,-0.000              ,0.000               ,23921.873       ,0.00000           ,-0.00000              ,0.000         ,0.000         ,-0.001        ,-0.008        
17:42:11.804393     ,0.051       ,0.880       ,0.869       ,15.920      ,15.974      ,16.172      ,-0.181      ,-0.903      ,0.000       ,-0.330      ,-1.233      ,880.000     ,-0.181      ,15.991      ,0.08537       ,2630          ,231.152         ,0.000         ,-0.000              ,0.000               ,23921.873       ,0.00000           ,-0.00000              ,0.000         ,0.000         ,-0.001        ,-0.006        
17:42:11.818995     ,0.049       ,0.880       ,0.869       ,15.900      ,15.954      ,16.172      ,-0.181      ,-0.903      ,0.000       ,-0.330      ,-1.233      ,880.000     ,-0.181      ,15.991      ,0.08537       ,2630          ,231.152         ,0.000         ,-0.000              ,0.000               ,23921.873       ,0.00000           ,-0.00000              ,0.000         ,0.000         ,-0.000        ,-0.003        
17:42:11.824365     ,0.049       ,0.880       ,0.869       ,15.900      ,15.936      ,16.172      ,-0.218      ,-1.090      ,0.000       ,-0.078      ,-1.168      ,880.000     ,-0.218      ,15.954      ,0.08537       ,2630          ,231.152         ,0.000         ,-0.000              ,0.000               ,23921.873       ,0.00000           ,-0.00000              ,0.000         ,0.000         ,-0.000        ,-0.003        
17:42:11.838962     ,0.049       ,0.880       ,0.869       ,15.890      ,15.916      ,16.172      ,-0.235      ,-1.177      ,0.000       ,0.398       ,-0.779      ,880.000     ,-0.235      ,15.936      ,0.08537       ,2630          ,231.152         ,0.000         ,-0.000              ,0.000               ,23921.873       ,0.00000           ,-0.00000              ,0.000         ,0.000         ,-0.001        ,-0.005        
17:42:11.844361     ,0.049       ,0.880       ,0.869       ,15.860      ,15.895      ,16.172      ,-0.235      ,-1.177      ,0.000       ,0.398       ,-0.779      ,880.000     ,-0.235      ,15.936      ,0.08537       ,2630          ,231.152         ,0.000         ,-0.000              ,0.000               ,23921.873       ,0.00000           ,-0.00000              ,0.000         ,0.000         ,-0.001        ,-0.005        
17:42:11.857800     ,0.051       ,0.880       ,0.885       ,15.850      ,15.878      ,16.172      ,-0.276      ,-1.381      ,0.000       ,-0.467      ,-1.848      ,880.000     ,-0.276      ,15.895      ,0.08537       ,2630          ,231.152         ,0.000         ,-0.000              ,0.000               ,23921.873       ,0.00000           ,-0.00000              ,0.000         ,0.000         ,0.000         ,0.001         
17:42:11.864393     ,0.051       ,0.880       ,0.869       ,15.850      ,15.867      ,16.172      ,-0.294      ,-1.469      ,0.000       ,0.463       ,-1.006      ,880.000     ,-0.294      ,15.878      ,0.08529       ,2629          ,231.064         ,0.000         ,-0.000              ,0.000               ,23921.873       ,0.00000           ,-0.00000              ,0.000         ,0.000         ,0.000         ,0.001         
17:42:11.876590     ,0.051       ,0.880       ,0.869       ,15.830      ,15.854      ,16.172      ,-0.305      ,-1.525      ,0.000       ,0.131       ,-1.394      ,880.000     ,-0.305      ,15.867      ,0.08529       ,2629          ,231.064         ,0.000         ,-0.000              ,-0.000              ,23921.873       ,0.00767           ,0.00012               ,0.000         ,0.000         ,-0.001        ,-0.005        
17:42:11.884395     ,0.051       ,0.880       ,0.885       ,15.810      ,15.841      ,16.172      ,-0.318      ,-1.589      ,0.000       ,-0.037      ,-1.626      ,880.000     ,-0.318      ,15.854      ,0.08529       ,2629          ,231.064         ,0.000         ,-0.000              ,-0.001              ,23921.873       ,0.00000           ,0.00021               ,0.000         ,0.000         ,-0.001        ,-0.005        
17:42:11.898562     ,0.049       ,0.880       ,0.869       ,15.800      ,15.832      ,16.172      ,-0.331      ,-1.699      ,0.000       ,0.078       ,-1.653      ,880.000     ,-0.331      ,15.841      ,0.08521       ,2628          ,230.977         ,0.000         ,-0.000              ,-0.001              ,23921.873       ,0.00000           ,0.00030               ,0.000         ,0.000         ,-0.000        ,-0.003        
17:42:11.904380     ,0.049       ,0.880       ,0.869       ,15.800      ,15.823      ,16.172      ,-0.340      ,-1.699      ,0.000       ,0.078       ,-1.621      ,880.000     ,-0.340      ,15.832      ,0.08521       ,2628          ,230.977         ,0.000         ,-0.000              ,-0.001              ,23921.873       ,0.00000           ,0.00030               ,0.000         ,0.000         ,-0.000        ,-0.003        
17:42:11.917232     ,0.051       ,0.880       ,0.885       ,15.790      ,15.810      ,16.172      ,-0.349      ,-1.745      ,0.000       ,-0.003      ,-1.747      ,880.000     ,-0.349      ,15.823      ,0.08514       ,2627          ,230.889         ,0.000         ,-0.000              ,-0.002              ,23921.873       ,0.00000           ,0.00064               ,0.000         ,0.000         ,-0.001        ,-0.006        
17:42:11.924366     ,0.051       ,0.880       ,0.869       ,15.780      ,15.798      ,16.172      ,-0.362      ,-1.809      ,0.000       ,-0.076      ,-1.885      ,880.000     ,-0.362      ,15.810      ,0.08506       ,2626          ,230.801         ,0.000         ,-0.000              ,-0.003              ,23921.873       ,0.00767           ,0.00089               ,0.000         ,0.000         ,-0.001        ,-0.006        
17:42:11.936080     ,0.051       ,0.880       ,0.869       ,15.750      ,15.784      ,16.172      ,-0.374      ,-1.868      ,0.000       ,0.023       ,-1.846      ,880.000     ,-0.374      ,15.798      ,0.08498       ,2625          ,230.713         ,0.000         ,-0.000              ,-0.004              ,23921.873       ,0.00766           ,0.00121               ,0.000         ,0.000         ,-0.001        ,-0.008        
17:42:11.944365     ,0.051       ,0.880       ,0.885       ,15.740      ,15.772      ,16.172      ,-0.387      ,-1.937      ,0.000       ,-0.038      ,-1.975      ,880.000     ,-0.387      ,15.784      ,0.08491       ,2624          ,230.625         ,0.000         ,-0.000              ,-0.005              ,23921.873       ,0.00768           ,0.00161               ,0.000         ,0.000         ,-0.001        ,-0.008        
17:42:11.955901     ,0.051       ,0.880       ,0.869       ,15.740      ,15.760      ,16.172      ,-0.400      ,-2.000      ,0.000       ,0.021       ,-1.980      ,880.000     ,-0.400      ,15.772      ,0.08483       ,2623          ,230.537         ,0.000         ,-0.000              ,-0.006              ,23921.873       ,0.00766           ,0.00206               ,0.000         ,0.000         ,-0.001        ,-0.006        
17:42:11.964404     ,0.051       ,0.880       ,0.885       ,15.720      ,15.747      ,16.172      ,-0.412      ,-2.059      ,0.000       ,0.019       ,-2.039      ,880.000     ,-0.412      ,15.760      ,0.08475       ,2622          ,230.449         ,0.000         ,-0.000              ,-0.008              ,23921.873       ,0.00767           ,0.00255               ,0.000         ,0.000         ,-0.001        ,-0.006        
17:42:11.976572     ,0.051       ,0.880       ,0.885       ,15.710      ,15.735      ,16.172      ,-0.425      ,-2.123      ,0.000       ,-0.022      ,-2.146      ,880.000     ,-0.425      ,15.747      ,0.08468       ,2621          ,230.361         ,0.000         ,-0.000              ,-0.009              ,23921.871       ,0.00767           ,0.00298               ,0.000         ,0.000         ,-0.000        ,-0.003        
17:42:11.984405     ,0.049       ,0.880       ,0.885       ,15.690      ,15.724      ,16.172      ,-0.437      ,-2.185      ,0.000       ,0.009       ,-2.175      ,880.000     ,-0.437      ,15.735      ,0.08452       ,2619          ,230.186         ,0.000         ,-0.000              ,-0.010              ,23921.871       ,0.00766           ,0.00345               ,0.000         ,0.000         ,-0.000        ,-0.003        
17:42:11.995213     ,0.049       ,0.880       ,0.885       ,15.680      ,15.712      ,16.172      ,-0.448      ,-2.240      ,0.000       ,0.028       ,-2.212      ,880.000     ,-0.448      ,15.724      ,0.08445       ,2618          ,230.098         ,0.000         ,-0.000              ,-0.012              ,23921.871       ,0.01536           ,0.00408               ,0.000         ,0.000         ,-0.000        ,-0.004        
17:42:12.004381     ,0.051       ,0.880       ,0.885       ,15.670      ,15.697      ,16.172      ,-0.460      ,-2.300      ,0.000       ,-0.022      ,-2.323      ,880.000     ,-0.460      ,15.712      ,0.08429       ,2616          ,229.922         ,0.000         ,-0.000              ,-0.014              ,23921.871       ,0.00765           ,0.00462               ,0.000         ,0.000         ,-0.000        ,-0.004        
17:42:12.014382     ,0.049       ,0.880       ,0.869       ,15.650      ,15.683      ,16.172      ,-0.475      ,-2.373      ,0.000       ,-0.048      ,-2.421      ,880.000     ,-0.475      ,15.697      ,0.08414       ,2614          ,229.746         ,0.000         ,-0.000              ,-0.016              ,23921.871       ,0.01536           ,0.00531               ,0.000         ,0.000         ,-0.000        ,-0.003        
17:42:12.024363     ,0.051       ,0.880       ,0.885       ,15.620      ,15.665      ,16.172      ,-0.489      ,-2.444      ,0.000       ,0.004       ,-2.440      ,880.000     ,-0.489      ,15.683      ,0.08399       ,2612          ,229.570         ,0.000         ,-0.000              ,-0.018              ,23921.871       ,0.01534           ,0.00601               ,0.000         ,0.000         ,-0.000        ,-0.003        
17:42:12.034380     ,0.051       ,0.880       ,0.885       ,15.610      ,15.651      ,16.172      ,-0.506      ,-2.531      ,0.000       ,-0.062      ,-2.593      ,880.000     ,-0.506      ,15.665      ,0.08383       ,2610          ,229.395         ,0.000         ,-0.000              ,-0.018              ,23921.871       ,0.01534           ,0.00601               ,0.000         ,0.000         ,-0.000        ,-0.001        
17:42:12.051004     ,0.051       ,0.880       ,0.869       ,15.590      ,15.634      ,16.172      ,-0.506      ,-2.531      ,0.000       ,-0.062      ,-2.593      ,880.000     ,-0.506      ,15.665      ,0.08360       ,2607          ,229.131         ,0.000         ,-0.000              ,-0.020              ,23921.871       ,0.01533           ,0.00672               ,0.000         ,0.000         ,0.000         ,0.001         
17:42:12.054382     ,0.051       ,0.880       ,0.869       ,15.560      ,15.614      ,16.172      ,-0.538      ,-2.688      ,0.000       ,-0.280      ,-2.969      ,880.000     ,-0.538      ,15.634      ,0.08345       ,2605          ,228.955         ,0.000         ,-0.000              ,-0.020              ,23921.871       ,0.01533           ,0.00672               ,0.000         ,0.000         ,0.000         ,0.001         
17:42:12.072034     ,0.049       ,0.880       ,0.869       ,15.550      ,15.595      ,16.172      ,-0.558      ,-2.790      ,0.000       ,0.223       ,-2.567      ,880.000     ,-0.558      ,15.614      ,0.08330       ,2603          ,228.779         ,0.000         ,-0.000              ,-0.025              ,23921.871       ,0.01534           ,0.00837               ,0.000         ,0.000         ,0.000         ,0.001         
17:42:12.074361     ,0.049       ,0.880       ,0.869       ,15.540      ,15.580      ,16.172      ,-0.558      ,-2.790      ,0.000       ,0.223       ,-2.567      ,880.000     ,-0.558      ,15.614      ,0.08307       ,2600          ,228.516         ,0.000         ,-0.000              ,-0.025              ,23921.871       ,0.01534           ,0.00837               ,0.000         ,0.000         ,0.000         ,0.001         
17:42:12.090820     ,0.051       ,0.880       ,0.869       ,15.540      ,15.564      ,16.172      ,-0.608      ,-3.041      ,0.000       ,0.365       ,-2.676      ,880.000     ,-0.608      ,15.564      ,0.08283       ,2597          ,228.252         ,-0.200        ,0.001               ,-0.028              ,23921.871       ,0.02299           ,0.00930               ,0.000         ,0.000         ,-0.000        ,-0.001        
17:42:12.094360     ,0.051       ,0.880       ,0.869       ,15.500      ,15.543      ,16.172      ,-0.608      ,-3.041      ,0.000       ,0.365       ,-2.676      ,880.000     ,-0.608      ,15.564      ,0.08260       ,2594          ,227.988         ,-0.400        ,0.001               ,-0.028              ,23921.871       ,0.02299           ,0.00930               ,0.000         ,0.000         ,-0.000        ,-0.001        
17:42:12.109579     ,0.051       ,0.880       ,0.885       ,15.500      ,15.543      ,16.172      ,-0.628      ,-3.142      ,0.000       ,-0.087      ,-3.229      ,880.000     ,-0.628      ,15.543      ,0.08237       ,2591          ,227.725         ,-0.600        ,0.002               ,-0.034              ,23921.871       ,0.02297           ,0.01142               ,0.000         ,0.000         ,-0.000        ,-0.001        
17:42:12.114383     ,0.051       ,0.880       ,0.885       ,15.500      ,15.543      ,16.172      ,-0.628      ,-3.142      ,0.000       ,0.407       ,-2.735      ,880.000     ,-0.628      ,15.543      ,0.08214       ,2588          ,227.461         ,-0.800        ,0.003               ,-0.034              ,23921.871       ,0.02297           ,0.01142               ,0.000         ,0.000         ,-0.000        ,-0.001        
17:42:12.128167     ,0.051       ,0.880       ,0.869       ,15.500      ,15.543      ,16.172      ,-0.628      ,-3.142      ,0.000       ,0.000       ,-3.142      ,880.000     ,-0.628      ,15.543      ,0.08191       ,2585          ,227.197         ,-1.000        ,0.003               ,-0.041              ,23921.871       ,0.02304           ,0.01359               ,0.000         ,0.000         ,0.000         ,0.003         
17:42:12.134374     ,0.051       ,0.880       ,0.869       ,15.480      ,15.526      ,16.172      ,-0.628      ,-3.142      ,0.000       ,0.000       ,-3.142      ,880.000     ,-0.628      ,15.543      ,0.08161       ,2581          ,226.846         ,-1.000        ,0.003               ,-0.044              ,23921.871       ,0.02299           ,0.01466               ,0.000         ,0.000         ,0.000         ,0.003         
17:42:12.147782     ,0.051       ,0.880       ,0.869       ,15.480      ,15.511      ,16.172      ,-0.646      ,-3.229      ,0.000       ,-0.348      ,-3.577      ,880.000     ,-0.646      ,15.526      ,0.08138       ,2578          ,226.582         ,-1.000        ,0.003               ,-0.047              ,23921.871       ,0.03073           ,0.01579               ,0.000         ,0.000         ,0.000         ,0.000         
17:42:12.154374     ,0.049       ,0.880       ,0.885       ,15.460      ,15.495      ,16.172      ,-0.661      ,-3.303      ,0.000       ,0.051       ,-3.252      ,880.000     ,-0.661      ,15.511      ,0.08107       ,2574          ,226.230         ,-1.000        ,0.003               ,-0.051              ,23921.871       ,0.02297           ,0.01688               ,0.000         ,0.000         ,0.000         ,0.000         
17:42:12.167505     ,0.051       ,0.880       ,0.869       ,15.480      ,15.483      ,16.172      ,-0.677      ,-3.384      ,0.000       ,-0.026      ,-3.410      ,880.000     ,-0.677      ,15.495      ,0.08076       ,2570          ,225.879         ,-0.800        ,0.003               ,-0.054              ,23921.871       ,0.03073           ,0.01791               ,0.000         ,0.000         ,0.000         ,0.001         
17:42:12.174366     ,0.049       ,0.880       ,0.885       ,15.460      ,15.474      ,16.172      ,-0.689      ,-3.443      ,0.000       ,0.084       ,-3.359      ,880.000     ,-0.689      ,15.483      ,0.08053       ,2567          ,225.615         ,-0.600        ,0.002               ,-0.057              ,23921.871       ,0.03067           ,0.01902               ,0.000         ,0.000         ,0.000         ,0.001         
17:42:12.187672     ,0.049       ,0.880       ,0.869       ,15.450      ,15.466      ,16.172      ,-0.698      ,-3.489      ,0.000       ,0.057       ,-3.431      ,880.000     ,-0.698      ,15.474      ,0.08023       ,2563          ,225.264         ,-0.400        ,0.001               ,-0.060              ,23921.871       ,0.02301           ,0.01997               ,0.000         ,0.000         ,0.000         ,0.004         
17:42:12.194365     ,0.051       ,0.880       ,0.869       ,15.450      ,15.457      ,16.172      ,-0.706      ,-3.530      ,0.000       ,0.014       ,-3.517      ,880.000     ,-0.706      ,15.466      ,0.07992       ,2559          ,224.912         ,-0.200        ,0.001               ,-0.063              ,23921.871       ,0.03068           ,0.02088               ,0.000         ,0.000         ,0.000         ,0.004         
17:42:12.206332     ,0.049       ,0.880       ,0.869       ,15.440      ,15.451      ,16.172      ,-0.715      ,-3.574      ,0.000       ,-0.006      ,-3.580      ,880.000     ,-0.715      ,15.457      ,0.07961       ,2555          ,224.561         ,0.000         ,-0.000              ,-0.065              ,23921.871       ,0.03065           ,0.02178               ,0.000         ,0.000         ,0.000         ,0.000         
17:42:12.214377     ,0.049       ,0.880       ,0.869       ,15.430      ,15.440      ,16.172      ,-0.721      ,-3.605      ,0.000       ,0.050       ,-3.555      ,880.000     ,-0.721      ,15.451      ,0.07931       ,2551          ,224.209         ,0.000         ,-0.000              ,-0.068              ,23921.871       ,0.03070           ,0.02265               ,0.000         ,0.000         ,0.000         ,0.000         
17:42:12.226071     ,0.051       ,0.880       ,0.869       ,15.430      ,15.436      ,16.172      ,-0.731      ,-3.657      ,0.000       ,-0.084      ,-3.741      ,880.000     ,-0.731      ,15.440      ,0.07900       ,2547          ,223.857         ,0.000         ,-0.000              ,-0.071              ,23921.871       ,0.03067           ,0.02351               ,0.000         ,0.000         ,0.000         ,0.003         
17:42:12.234374     ,0.049       ,0.880       ,0.869       ,15.430      ,15.433      ,16.172      ,-0.736      ,-3.680      ,0.000       ,0.114       ,-3.566      ,880.000     ,-0.736      ,15.436      ,0.07862       ,2542          ,223.418         ,0.000         ,-0.000              ,-0.073              ,23921.871       ,0.03065           ,0.02436               ,0.000         ,0.000         ,0.000         ,0.003         
17:42:12.247650     ,0.051       ,0.880       ,0.869       ,15.430      ,15.429      ,16.172      ,-0.739      ,-3.714      ,0.000       ,-0.018      ,-3.660      ,880.000     ,-0.739      ,15.433      ,0.07831       ,2538          ,223.066         ,0.000         ,-0.000              ,-0.076              ,23921.871       ,0.03841           ,0.02519               ,0.000         ,0.000         ,0.000         ,0.001         
17:42:12.254372     ,0.049       ,0.880       ,0.869       ,15.430      ,15.426      ,16.172      ,-0.743      ,-3.714      ,0.000       ,-0.018      ,-3.732      ,880.000     ,-0.743      ,15.429      ,0.07800       ,2534          ,222.715         ,0.000         ,-0.000              ,-0.078              ,23921.871       ,0.03062           ,0.02601               ,0.000         ,0.000         ,0.000         ,0.001         
17:42:12.266224     ,0.051       ,0.880       ,0.885       ,15.430      ,15.424      ,16.172      ,-0.746      ,-3.728      ,0.000       ,0.020       ,-3.708      ,880.000     ,-0.746      ,15.426      ,0.07762       ,2529          ,222.275         ,0.000         ,-0.000              ,-0.080              ,23921.871       ,0.03074           ,0.02671               ,0.000         ,0.000         ,-0.000        ,-0.003        
17:42:12.274367     ,0.051       ,0.880       ,0.853       ,15.430      ,15.422      ,16.172      ,-0.748      ,-3.738      ,0.000       ,0.020       ,-3.717      ,880.000     ,-0.748      ,15.424      ,0.07731       ,2525          ,221.924         ,0.000         ,-0.000              ,-0.082              ,23921.871       ,0.03834           ,0.02742               ,0.000         ,0.000         ,-0.000        ,-0.003        
17:42:12.287099     ,0.049       ,0.880       ,0.869       ,15.430      ,15.421      ,16.172      ,-0.750      ,-3.748      ,0.000       ,-0.006      ,-3.754      ,880.000     ,-0.750      ,15.422      ,0.07693       ,2520          ,221.484         ,0.000         ,-0.000              ,-0.084              ,23921.871       ,0.03068           ,0.02814               ,0.000         ,0.000         ,-0.000        ,-0.003        
17:42:12.294426     ,0.051       ,0.880       ,0.869       ,15.420      ,15.418      ,16.172      ,-0.751      ,-3.756      ,0.000       ,0.012       ,-3.744      ,880.000     ,-0.751      ,15.421      ,0.07655       ,2515          ,221.045         ,0.000         ,-0.000              ,-0.087              ,23921.871       ,0.03837           ,0.02887               ,0.000         ,0.000         ,-0.000        ,-0.003        
17:42:12.306793     ,0.051       ,0.880       ,0.885       ,15.400      ,15.414      ,16.172      ,-0.753      ,-3.767      ,0.000       ,-0.014      ,-3.781      ,880.000     ,-0.753      ,15.418      ,0.07624       ,2511          ,220.693         ,0.000         ,-0.000              ,-0.089              ,23921.871       ,0.03832           ,0.02960               ,0.000         ,0.000         ,0.001         ,0.010         
17:42:12.314432     ,0.049       ,0.880       ,0.869       ,15.420      ,15.414      ,16.172      ,-0.758      ,-3.788      ,0.000       ,-0.042      ,-3.830      ,880.000     ,-0.758      ,15.414      ,0.07586       ,2506          ,220.254         ,0.000         ,-0.000              ,-0.091              ,23921.871       ,0.03070           ,0.03022               ,0.000         ,0.000         ,0.001         ,0.010         
17:42:12.327491     ,0.049       ,0.880       ,0.885       ,15.420      ,15.414      ,16.172      ,-0.757      ,-3.786      ,0.000       ,0.093       ,-3.693      ,880.000     ,-0.757      ,15.414      ,0.07547       ,2501          ,219.814         ,0.000         ,-0.000              ,-0.093              ,23921.871       ,0.03835           ,0.03087               ,0.000         ,0.000         ,-0.000        ,-0.003        
17:42:12.334495     ,0.049       ,0.880       ,0.869       ,15.430      ,15.413      ,16.172      ,-0.758      ,-3.790      ,0.000       ,-0.021      ,-3.811      ,880.000     ,-0.758      ,15.414      ,0.07509       ,2496          ,219.375         ,0.000         ,-0.000              ,-0.095              ,23921.871       ,0.03829           ,0.03153               ,0.000         ,0.000         ,-0.000        ,-0.003        
17:42:12.347154     ,0.051       ,0.880       ,0.869       ,15.430      ,15.414      ,16.172      ,-0.758      ,-3.791      ,0.000       ,0.009       ,-3.782      ,880.000     ,-0.758      ,15.413      ,0.07470       ,2491          ,218.936         ,0.000         ,-0.000              ,-0.096              ,23921.871       ,0.03832           ,0.03209               ,0.000         ,0.000         ,-0.000        ,-0.004        
17:42:12.354474     ,0.049       ,0.880       ,0.869       ,15.440      ,15.418      ,16.172      ,-0.758      ,-3.790      ,0.000       ,0.008       ,-3.782      ,880.000     ,-0.758      ,15.414      ,0.07432       ,2486          ,218.496         ,0.000         ,-0.000              ,-0.098              ,23921.871       ,0.03831           ,0.03268               ,0.000         ,0.000         ,-0.000        ,-0.004        
17:42:12.365613     ,0.049       ,0.880       ,0.869       ,15.440      ,15.419      ,16.172      ,-0.754      ,-3.768      ,0.000       ,0.087       ,-3.681      ,880.000     ,-0.754      ,15.418      ,0.07394       ,2481          ,218.057         ,0.000         ,-0.000              ,-0.100              ,23921.871       ,0.03848           ,0.03330               ,0.000         ,0.000         ,0.000         ,0.000         
17:42:12.374365     ,0.049       ,0.880       ,0.885       ,15.450      ,15.423      ,16.172      ,-0.753      ,-3.766      ,0.000       ,-0.083      ,-3.848      ,880.000     ,-0.753      ,15.419      ,0.07355       ,2476          ,217.617         ,0.000         ,-0.000              ,-0.101              ,23921.871       ,0.03834           ,0.03383               ,0.000         ,0.000         ,0.000         ,0.000         
17:42:12.384368     ,0.049       ,0.880       ,0.885       ,15.450      ,15.426      ,16.172      ,-0.749      ,-3.746      ,0.000       ,0.072       ,-3.674      ,880.000     ,-0.749      ,15.423      ,0.07317       ,2471          ,217.178         ,0.000         ,-0.000              ,-0.101              ,23921.871       ,0.03834           ,0.03383               ,0.000         ,0.000         ,-0.000        ,-0.001        
17:42:12.400796     ,0.051       ,0.880       ,0.869       ,15.460      ,15.434      ,16.172      ,-0.749      ,-3.746      ,0.000       ,0.072       ,-3.674      ,880.000     ,-0.749      ,15.423      ,0.07271       ,2465          ,216.650         ,0.000         ,-0.000              ,-0.103              ,23921.871       ,0.03833           ,0.03439               ,0.000         ,0.000         ,-0.000        ,-0.001        
17:42:12.404373     ,0.051       ,0.880       ,0.869       ,15.460      ,15.439      ,16.172      ,-0.738      ,-3.691      ,0.000       ,0.141       ,-3.550      ,880.000     ,-0.738      ,15.434      ,0.07233       ,2460          ,216.211         ,0.000         ,-0.000              ,-0.103              ,23921.871       ,0.03833           ,0.03439               ,0.000         ,0.000         ,-0.000        ,-0.001        
17:42:12.420644     ,0.051       ,0.880       ,0.885       ,15.460      ,15.445      ,16.172      ,-0.738      ,-3.691      ,0.000       ,0.141       ,-3.550      ,880.000     ,-0.738      ,15.434      ,0.07233       ,2460          ,216.211         ,0.000         ,-0.000              ,-0.105              ,23921.871       ,0.04596           ,0.03499               ,0.000         ,0.000         ,-0.000        ,-0.004        
17:42:12.424368     ,0.051       ,0.880       ,0.885       ,15.450      ,15.447      ,16.172      ,-0.727      ,-3.634      ,0.000       ,0.005       ,-3.629      ,880.000     ,-0.727      ,15.445      ,0.07148       ,2449          ,215.244         ,0.000         ,-0.000              ,-0.105              ,23921.871       ,0.04596           ,0.03499               ,0.000         ,0.000         ,-0.000        ,-0.004        
17:42:12.439518     ,0.051       ,0.880       ,0.885       ,15.460      ,15.450      ,16.172      ,-0.727      ,-3.634      ,0.000       ,0.005       ,-3.629      ,880.000     ,-0.727      ,15.445      ,0.07102       ,2443          ,214.717         ,0.000         ,-0.000              ,-0.106              ,23921.871       ,0.03839           ,0.03549               ,0.000         ,0.000         ,-0.000        ,-0.004        
17:42:12.444363     ,0.051       ,0.880       ,0.885       ,15.460      ,15.450      ,16.172      ,-0.722      ,-3.609      ,0.000       ,-0.126      ,-3.735      ,880.000     ,-0.722      ,15.450      ,0.07056       ,2437          ,214.189         ,0.000         ,-0.000              ,-0.106              ,23921.871       ,0.03839           ,0.03549               ,0.000         ,0.000         ,-0.000        ,-0.004        
17:42:12.459474     ,0.051       ,0.880       ,0.869       ,15.480      ,15.454      ,16.172      ,-0.721      ,-3.606      ,0.000       ,-0.088      ,-3.694      ,880.000     ,-0.721      ,15.450      ,0.07010       ,2431          ,213.662         ,0.000         ,-0.000              ,-0.110              ,23921.871       ,0.04608           ,0.03682               ,0.000         ,0.000         ,-0.000        ,-0.001        
17:42:12.464391     ,0.051       ,0.880       ,0.869       ,15.460      ,15.453      ,16.172      ,-0.721      ,-3.606      ,0.000       ,-0.088      ,-3.694      ,880.000     ,-0.721      ,15.450      ,0.06964       ,2425          ,213.135         ,0.000         ,-0.000              ,-0.110              ,23921.871       ,0.04608           ,0.03682               ,0.000         ,0.000         ,-0.000        ,-0.001        
17:42:12.478005     ,0.051       ,0.880       ,0.885       ,15.460      ,15.454      ,16.172      ,-0.719      ,-3.593      ,0.000       ,0.039       ,-3.554      ,880.000     ,-0.719      ,15.453      ,0.06918       ,2419          ,212.607         ,0.000         ,-0.000              ,-0.113              ,23921.871       ,0.04602           ,0.03751               ,0.000         ,0.000         ,0.001         ,0.009         
17:42:12.484379     ,0.049       ,0.880       ,0.885       ,15.460      ,15.454      ,16.172      ,-0.717      ,-3.586      ,0.000       ,-0.025      ,-3.612      ,880.000     ,-0.717      ,15.454      ,0.06872       ,2413          ,212.080         ,0.000         ,-0.000              ,-0.115              ,23921.871       ,0.04594           ,0.03821               ,0.000         ,0.000         ,0.001         ,0.009         
17:42:12.496484     ,0.051       ,0.880       ,0.869       ,15.480      ,15.458      ,16.172      ,-0.717      ,-3.571      ,0.000       ,0.063       ,-3.613      ,880.000     ,-0.717      ,15.454      ,0.06826       ,2407          ,211.553         ,0.000         ,-0.000              ,-0.117              ,23921.871       ,0.04610           ,0.03893               ,0.000         ,0.000         ,0.001         ,0.005         
17:42:12.504376     ,0.051       ,0.880       ,0.869       ,15.480      ,15.458      ,16.172      ,-0.714      ,-3.571      ,0.000       ,0.063       ,-3.507      ,880.000     ,-0.714      ,15.458      ,0.06773       ,2400          ,210.938         ,0.000         ,-0.000              ,-0.119              ,23921.871       ,0.04596           ,0.03965               ,0.000         ,0.000         ,0.001         ,0.005         
17:42:12.515140     ,0.051       ,0.880       ,0.885       ,15.480      ,15.461      ,16.172      ,-0.714      ,-3.571      ,0.000       ,-0.063      ,-3.634      ,880.000     ,-0.714      ,15.458      ,0.06727       ,2394          ,210.410         ,0.000         ,-0.000              ,-0.121              ,23921.871       ,0.05377           ,0.04049               ,0.000         ,0.000         ,0.001         ,0.008         
17:42:12.524373     ,0.051       ,0.880       ,0.885       ,15.480      ,15.461      ,16.172      ,-0.711      ,-3.555      ,0.000       ,0.061       ,-3.494      ,880.000     ,-0.711      ,15.461      ,0.06673       ,2387          ,209.795         ,0.000         ,-0.000              ,-0.124              ,23921.871       ,0.04601           ,0.04132               ,0.000         ,0.000         ,0.001         ,0.008         
17:42:12.534470     ,0.051       ,0.880       ,0.885       ,15.500      ,15.464      ,16.172      ,-0.711      ,-3.555      ,0.000       ,-0.061      ,-3.617      ,880.000     ,-0.711      ,15.461      ,0.06627       ,2381          ,209.268         ,0.000         ,-0.000              ,-0.124              ,23921.871       ,0.04601           ,0.04132               ,0.000         ,0.000         ,0.002         ,0.017         
17:42:12.544363     ,0.051       ,0.880       ,0.869       ,15.480      ,15.468      ,16.172      ,-0.704      ,-3.520      ,0.000       ,0.143       ,-3.377      ,880.000     ,-0.704      ,15.468      ,0.06573       ,2374          ,208.652         ,0.000         ,-0.000              ,-0.126              ,23921.871       ,0.05367           ,0.04214               ,0.000         ,0.000         ,0.002         ,0.017         
17:42:12.554599     ,0.051       ,0.880       ,0.869       ,15.480      ,15.468      ,16.172      ,-0.704      ,-3.520      ,0.000       ,0.143       ,-3.377      ,880.000     ,-0.704      ,15.468      ,0.06519       ,2367          ,208.037         ,0.000         ,-0.000              ,-0.126              ,23921.871       ,0.05367           ,0.04214               ,0.000         ,0.000         ,0.001         ,0.006         
17:42:12.570415     ,0.049       ,0.880       ,0.885       ,15.500      ,15.475      ,16.172      ,-0.704      ,-3.520      ,0.000       ,0.143       ,-3.377      ,880.000     ,-0.704      ,15.468      ,0.06466       ,2360          ,207.422         ,0.000         ,-0.000              ,-0.129              ,23921.871       ,0.05363           ,0.04307               ,0.000         ,0.000         ,0.000         ,0.000         
17:42:12.574541     ,0.049       ,0.880       ,0.885       ,15.500      ,15.479      ,16.172      ,-0.696      ,-3.482      ,0.000       ,0.008       ,-3.474      ,880.000     ,-0.696      ,15.475      ,0.06412       ,2353          ,206.807         ,0.000         ,-0.000              ,-0.129              ,23921.871       ,0.05363           ,0.04307               ,0.000         ,0.000         ,0.000         ,0.000         
17:42:12.589155     ,0.051       ,0.880       ,0.869       ,15.500      ,15.479      ,16.172      ,-0.696      ,-3.482      ,0.000       ,0.008       ,-3.474      ,880.000     ,-0.696      ,15.475      ,0.06351       ,2345          ,206.104         ,0.000         ,-0.000              ,-0.132              ,23921.871       ,0.05370           ,0.04397               ,0.000         ,0.000         ,-0.000        ,-0.004        
17:42:12.594687     ,0.051       ,0.880       ,0.869       ,15.460      ,15.476      ,16.172      ,-0.693      ,-3.464      ,0.000       ,-0.080      ,-3.544      ,880.000     ,-0.693      ,15.479      ,0.06297       ,2338          ,205.488         ,0.000         ,-0.000              ,-0.135              ,23921.871       ,0.06138           ,0.04497               ,0.000         ,0.000         ,-0.000        ,-0.004        
17:42:12.606907     ,0.051       ,0.880       ,0.869       ,15.460      ,15.473      ,16.172      ,-0.695      ,-3.476      ,0.000       ,-0.119      ,-3.595      ,880.000     ,-0.695      ,15.476      ,0.06243       ,2331          ,204.873         ,0.000         ,-0.000              ,-0.138              ,23921.871       ,0.05365           ,0.04593               ,0.000         ,0.000         ,0.001         ,0.009         
17:42:12.614767     ,0.051       ,0.880       ,0.869       ,15.450      ,15.472      ,16.172      ,-0.695      ,-3.476      ,0.000       ,-0.119      ,-3.595      ,880.000     ,-0.695      ,15.476      ,0.06182       ,2323          ,204.170         ,0.000         ,-0.000              ,-0.138              ,23921.871       ,0.05365           ,0.04593               ,0.000         ,0.000         ,0.001         ,0.009         
17:42:12.625584     ,0.049       ,0.880       ,0.869       ,15.450      ,15.465      ,16.172      ,-0.700      ,-3.501      ,0.000       ,-0.050      ,-3.551      ,880.000     ,-0.700      ,15.472      ,0.06121       ,2315          ,203.467         ,0.000         ,-0.000              ,-0.141              ,23921.871       ,0.06136           ,0.04698               ,0.000         ,0.000         ,0.001         ,0.005         
17:42:12.634672     ,0.051       ,0.880       ,0.869       ,15.440      ,15.456      ,16.172      ,-0.706      ,-3.580      ,0.000       ,-0.065      ,-3.561      ,880.000     ,-0.706      ,15.465      ,0.06067       ,2308          ,202.852         ,0.000         ,-0.000              ,-0.144              ,23921.871       ,0.06135           ,0.04810               ,0.000         ,0.000         ,0.001         ,0.005         
17:42:12.646142     ,0.051       ,0.880       ,0.885       ,15.450      ,15.453      ,16.172      ,-0.716      ,-3.580      ,0.000       ,-0.065      ,-3.645      ,880.000     ,-0.716      ,15.456      ,0.06006       ,2300          ,202.148         ,0.000         ,-0.000              ,-0.147              ,23921.871       ,0.05370           ,0.04917               ,0.000         ,0.000         ,-0.000        ,-0.004        
17:42:12.654367     ,0.049       ,0.880       ,0.885       ,15.460      ,15.449      ,16.172      ,-0.723      ,-3.615      ,0.000       ,-0.034      ,-3.649      ,880.000     ,-0.723      ,15.449      ,0.05944       ,2292          ,201.445         ,0.000         ,-0.000              ,-0.151              ,23921.871       ,0.06130           ,0.05019               ,0.000         ,0.000         ,-0.000        ,-0.004        
17:42:12.664377     ,0.049       ,0.880       ,0.853       ,15.430      ,15.440      ,16.172      ,-0.732      ,-3.660      ,0.000       ,-0.092      ,-3.752      ,880.000     ,-0.732      ,15.440      ,0.05883       ,2284          ,200.742         ,0.000         ,-0.000              ,-0.154              ,23921.871       ,0.06142           ,0.05129               ,0.000         ,0.000         ,0.001         ,0.006         
17:42:12.674750     ,0.047       ,0.880       ,0.869       ,15.420      ,15.431      ,16.172      ,-0.732      ,-3.660      ,0.000       ,-0.092      ,-3.752      ,880.000     ,-0.732      ,15.440      ,0.05821       ,2276          ,200.039         ,0.000         ,-0.000              ,-0.157              ,23921.871       ,0.06137           ,0.05234               ,0.000         ,0.000         ,0.001         ,0.006         
17:42:12.684708     ,0.049       ,0.880       ,0.885       ,15.420      ,15.427      ,16.172      ,-0.744      ,-3.722      ,0.000       ,0.092       ,-3.630      ,880.000     ,-0.744      ,15.427      ,0.05760       ,2268          ,199.336         ,0.000         ,-0.000              ,-0.160              ,23921.871       ,0.06130           ,0.05334               ,0.000         ,0.000         ,-0.001        ,-0.005        
17:42:12.694715     ,0.051       ,0.880       ,0.869       ,15.400      ,15.420      ,16.172      ,-0.744      ,-3.722      ,0.000       ,0.092       ,-3.630      ,880.000     ,-0.744      ,15.427      ,0.05699       ,2260          ,198.633         ,0.000         ,-0.000              ,-0.163              ,23921.871       ,0.06142           ,0.05432               ,0.000         ,0.000         ,-0.001        ,-0.005        
17:42:12.705799     ,0.049       ,0.880       ,0.869       ,15.390      ,15.411      ,16.172      ,-0.752      ,-3.760      ,0.000       ,-0.072      ,-3.832      ,880.000     ,-0.752      ,15.420      ,0.05637       ,2252          ,197.930         ,0.000         ,-0.000              ,-0.165              ,23921.871       ,0.06128           ,0.05514               ,0.000         ,0.000         ,0.001         ,0.005         
17:42:12.714380     ,0.051       ,0.880       ,0.869       ,15.390      ,15.407      ,16.172      ,-0.765      ,-3.825      ,0.000       ,0.109       ,-3.716      ,880.000     ,-0.765      ,15.407      ,0.05576       ,2244          ,197.227         ,0.000         ,-0.000              ,-0.168              ,23921.871       ,0.06143           ,0.05596               ,0.000         ,0.000         ,0.001         ,0.005         
17:42:12.725507     ,0.049       ,0.880       ,0.869       ,15.380      ,15.400      ,16.172      ,-0.772      ,-3.858      ,0.000       ,-0.058      ,-3.917      ,880.000     ,-0.772      ,15.400      ,0.05515       ,2236          ,196.523         ,0.000         ,-0.000              ,-0.170              ,23921.871       ,0.06137           ,0.05665               ,0.000         ,0.000         ,-0.000        ,-0.001        
17:42:12.734371     ,0.049       ,0.880       ,0.853       ,15.380      ,15.391      ,16.172      ,-0.781      ,-3.905      ,0.000       ,-0.050      ,-3.954      ,880.000     ,-0.781      ,15.391      ,0.05446       ,2227          ,195.732         ,0.000         ,-0.000              ,-0.172              ,23921.871       ,0.06135           ,0.05724               ,0.000         ,0.000         ,-0.000        ,-0.001        
17:42:12.744365     ,0.051       ,0.880       ,0.869       ,15.360      ,15.380      ,16.172      ,-0.791      ,-3.957      ,0.000       ,-0.025      ,-3.982      ,880.000     ,-0.791      ,15.380      ,0.05384       ,2219          ,195.029         ,0.000         ,-0.000              ,-0.174              ,23921.871       ,0.06906           ,0.05798               ,0.000         ,0.000         ,-0.000        ,-0.003        
17:42:12.754367     ,0.051       ,0.880       ,0.869       ,15.340      ,15.368      ,16.172      ,-0.803      ,-4.017      ,0.000       ,-0.032      ,-4.049      ,880.000     ,-0.803      ,15.368      ,0.05323       ,2211          ,194.326         ,0.000         ,-0.000              ,-0.176              ,23921.871       ,0.06129           ,0.05860               ,0.000         ,0.000         ,-0.000        ,-0.003        
17:42:12.764385     ,0.051       ,0.880       ,0.869       ,15.360      ,15.361      ,16.172      ,-0.803      ,-4.017      ,0.000       ,-0.032      ,-4.049      ,880.000     ,-0.803      ,15.368      ,0.05262       ,2203          ,193.623         ,0.000         ,-0.000              ,-0.176              ,23921.871       ,0.06129           ,0.05860               ,0.000         ,0.000         ,0.001         ,0.008         
17:42:12.774363     ,0.049       ,0.880       ,0.869       ,15.360      ,15.356      ,16.172      ,-0.816      ,-4.080      ,0.000       ,-0.010      ,-4.090      ,880.000     ,-0.816      ,15.356      ,0.05208       ,2196          ,193.008         ,0.000         ,-0.000              ,-0.177              ,23921.871       ,0.06142           ,0.05913               ,0.000         ,0.000         ,0.001         ,0.008         
17:42:12.784371     ,0.049       ,0.880       ,0.869       ,15.330      ,15.346      ,16.172      ,-0.816      ,-4.080      ,0.000       ,-0.010      ,-4.090      ,880.000     ,-0.816      ,15.356      ,0.05147       ,2188          ,192.305         ,0.000         ,-0.000              ,-0.177              ,23921.871       ,0.06142           ,0.05913               ,0.000         ,0.000         ,0.001         ,0.011         
17:42:12.800045     ,0.051       ,0.880       ,0.853       ,15.340      ,15.342      ,16.172      ,-0.816      ,-4.080      ,0.000       ,-0.010      ,-4.090      ,880.000     ,-0.816      ,15.356      ,0.05085       ,2180          ,191.602         ,0.000         ,-0.000              ,-0.178              ,23921.871       ,0.05366           ,0.05946               ,0.000         ,0.000         ,-0.000        ,-0.004        
17:42:12.804372     ,0.051       ,0.880       ,0.853       ,15.340      ,15.342      ,16.172      ,-0.829      ,-4.147      ,0.000       ,-0.016      ,-4.163      ,880.000     ,-0.829      ,15.342      ,0.05024       ,2172          ,190.898         ,0.000         ,-0.000              ,-0.178              ,23921.871       ,0.05366           ,0.05946               ,0.000         ,0.000         ,-0.000        ,-0.004        
17:42:12.819514     ,0.051       ,0.880       ,0.869       ,15.340      ,15.337      ,16.172      ,-0.829      ,-4.147      ,0.000       ,-0.016      ,-4.163      ,880.000     ,-0.829      ,15.342      ,0.04962       ,2164          ,190.195         ,0.000         ,-0.000              ,-0.179              ,23921.871       ,0.06125           ,0.05975               ,0.000         ,0.000         ,-0.000        ,-0.004        
17:42:12.824363     ,0.051       ,0.880       ,0.869       ,15.330      ,15.330      ,16.172      ,-0.835      ,-4.175      ,0.000       ,0.152       ,-4.023      ,880.000     ,-0.835      ,15.337      ,0.04901       ,2156          ,189.492         ,0.000         ,-0.000              ,-0.179              ,23921.871       ,0.06125           ,0.05975               ,0.000         ,0.000         ,-0.000        ,-0.004        
17:42:12.838565     ,0.049       ,0.880       ,0.869       ,15.330      ,15.330      ,16.172      ,-0.841      ,-4.207      ,0.000       ,-0.010      ,-4.217      ,880.000     ,-0.841      ,15.330      ,0.04840       ,2148          ,188.789         ,0.000         ,-0.000              ,-0.181              ,23921.871       ,0.06150           ,0.06019               ,0.000         ,0.000         ,-0.001        ,-0.005        
17:42:12.844374     ,0.049       ,0.880       ,0.869       ,15.340      ,15.329      ,16.172      ,-0.841      ,-4.207      ,0.000       ,-0.010      ,-4.217      ,880.000     ,-0.841      ,15.330      ,0.04778       ,2140          ,188.086         ,0.000         ,-0.000              ,-0.181              ,23921.871       ,0.06150           ,0.06019               ,0.000         ,0.000         ,-0.001        ,-0.005        
17:42:12.856298     ,0.049       ,0.880       ,0.885       ,15.360      ,15.331      ,16.172      ,-0.842      ,-4.212      ,0.000       ,0.103       ,-4.109      ,880.000     ,-0.842      ,15.329      ,0.04725       ,2133          ,187.471         ,0.000         ,-0.000              ,-0.181              ,23921.871       ,0.06130           ,0.06036               ,0.000         ,0.000         ,0.001         ,0.005         
17:42:12.864401     ,0.049       ,0.880       ,0.869       ,15.340      ,15.330      ,16.172      ,-0.840      ,-4.201      ,0.000       ,0.067       ,-4.134      ,880.000     ,-0.840      ,15.331      ,0.04663       ,2125          ,186.768         ,0.000         ,-0.000              ,-0.181              ,23921.871       ,0.05371           ,0.06039               ,0.000         ,0.000         ,0.001         ,0.005         
17:42:12.877119     ,0.049       ,0.880       ,0.869       ,15.320      ,15.328      ,16.172      ,-0.842      ,-4.209      ,0.000       ,-0.078      ,-4.287      ,880.000     ,-0.842      ,15.330      ,0.04602       ,2117          ,186.064         ,0.000         ,-0.000              ,-0.181              ,23921.871       ,0.06137           ,0.06042               ,0.000         ,0.000         ,0.001         ,0.009         
17:42:12.884395     ,0.051       ,0.880       ,0.853       ,15.310      ,15.326      ,16.172      ,-0.844      ,-4.219      ,0.000       ,-0.007      ,-4.227      ,880.000     ,-0.844      ,15.328      ,0.04548       ,2110          ,185.449         ,0.000         ,-0.000              ,-0.181              ,23921.871       ,0.06137           ,0.06033               ,0.000         ,0.000         ,0.001         ,0.009         
17:42:12.895863     ,0.051       ,0.880       ,0.853       ,15.310      ,15.322      ,16.172      ,-0.846      ,-4.231      ,0.000       ,-0.005      ,-4.235      ,880.000     ,-0.846      ,15.326      ,0.04487       ,2102          ,184.746         ,0.000         ,-0.000              ,-0.180              ,23921.871       ,0.05373           ,0.06014               ,0.000         ,0.000         ,0.000         ,0.004         
17:42:12.904380     ,0.051       ,0.880       ,0.869       ,15.300      ,15.314      ,16.172      ,-0.849      ,-4.246      ,0.000       ,-0.017      ,-4.263      ,880.000     ,-0.849      ,15.322      ,0.04426       ,2094          ,184.043         ,0.000         ,-0.000              ,-0.180              ,23921.871       ,0.06129           ,0.05997               ,0.000         ,0.000         ,0.000         ,0.004         
17:42:12.916576     ,0.049       ,0.880       ,0.869       ,15.300      ,15.310      ,16.172      ,-0.857      ,-4.287      ,0.000       ,-0.101      ,-4.388      ,880.000     ,-0.857      ,15.314      ,0.04372       ,2087          ,183.428         ,0.000         ,-0.000              ,-0.180              ,23921.871       ,0.06138           ,0.05995               ,0.000         ,0.000         ,0.001         ,0.005         
17:42:12.924366     ,0.049       ,0.880       ,0.869       ,15.280      ,15.303      ,16.172      ,-0.862      ,-4.310      ,0.000       ,0.070       ,-4.240      ,880.000     ,-0.862      ,15.310      ,0.04310       ,2079          ,182.725         ,0.000         ,-0.000              ,-0.179              ,23921.871       ,0.05374           ,0.05982               ,0.000         ,0.000         ,0.001         ,0.005         
17:42:12.937468     ,0.049       ,0.880       ,0.885       ,15.300      ,15.299      ,16.172      ,-0.869      ,-4.344      ,0.000       ,-0.045      ,-4.389      ,880.000     ,-0.869      ,15.303      ,0.04257       ,2072          ,182.109         ,0.000         ,-0.000              ,-0.179              ,23921.871       ,0.06132           ,0.05970               ,0.000         ,0.000         ,0.001         ,0.005         
17:42:12.944362     ,0.049       ,0.880       ,0.869       ,15.270      ,15.288      ,16.172      ,-0.873      ,-4.363      ,0.000       ,0.062       ,-4.301      ,880.000     ,-0.873      ,15.299      ,0.04195       ,2064          ,181.406         ,0.000         ,-0.000              ,-0.178              ,23921.871       ,0.05375           ,0.05949               ,0.000         ,0.000         ,0.001         ,0.005         
17:42:12.956127     ,0.049       ,0.880       ,0.869       ,15.270      ,15.280      ,16.172      ,-0.884      ,-4.419      ,0.000       ,-0.146      ,-4.565      ,880.000     ,-0.884      ,15.288      ,0.04142       ,2057          ,180.791         ,0.000         ,-0.000              ,-0.178              ,23921.871       ,0.06124           ,0.05931               ,0.000         ,0.000         ,-0.001        ,-0.005        
17:42:12.964398     ,0.049       ,0.880       ,0.869       ,15.270      ,15.273      ,16.172      ,-0.892      ,-4.460      ,0.000       ,0.058       ,-4.402      ,880.000     ,-0.892      ,15.280      ,0.04080       ,2049          ,180.088         ,0.000         ,-0.000              ,-0.177              ,23921.871       ,0.05375           ,0.05916               ,0.000         ,0.000         ,-0.001        ,-0.005        
17:42:12.974702     ,0.049       ,0.880       ,0.885       ,15.270      ,15.270      ,16.172      ,-0.899      ,-4.495      ,0.000       ,0.023       ,-4.472      ,880.000     ,-0.899      ,15.273      ,0.04027       ,2042          ,179.473         ,0.000         ,-0.000              ,-0.177              ,23921.871       ,0.06138           ,0.05903               ,0.000         ,0.000         ,0.000         ,0.004         
17:42:12.984399     ,0.051       ,0.880       ,0.885       ,15.270      ,15.264      ,16.172      ,-0.902      ,-4.508      ,0.000       ,0.091       ,-4.416      ,880.000     ,-0.902      ,15.270      ,0.03973       ,2035          ,178.857         ,0.000         ,-0.000              ,-0.176              ,23921.871       ,0.05363           ,0.05880               ,0.000         ,0.000         ,0.000         ,0.004         
17:42:12.994673     ,0.051       ,0.880       ,0.885       ,15.270      ,15.264      ,16.172      ,-0.907      ,-4.537      ,0.000       ,-0.069      ,-4.606      ,880.000     ,-0.907      ,15.264      ,0.03912       ,2027          ,178.154         ,0.000         ,-0.000              ,-0.176              ,23921.871       ,0.05363           ,0.05880               ,0.000         ,0.000         ,0.001         ,0.008         
17:42:13.004374     ,0.049       ,0.880       ,0.869       ,15.260      ,15.262      ,16.172      ,-0.910      ,-4.549      ,0.000       ,0.071       ,-4.478      ,880.000     ,-0.910      ,15.262      ,0.03858       ,2020          ,177.539         ,0.000         ,-0.000              ,-0.176              ,23921.871       ,0.05376           ,0.05861               ,0.000         ,0.000         ,0.001         ,0.008         
17:42:13.015392     ,0.049       ,0.880       ,0.869       ,15.250      ,15.258      ,16.172      ,-0.910      ,-4.549      ,0.000       ,0.071       ,-4.478      ,880.000     ,-0.910      ,15.262      ,0.03804       ,2013          ,176.924         ,0.000         ,-0.000              ,-0.175              ,23921.871       ,0.05374           ,0.05833               ,0.000         ,0.000         ,-0.000        ,-0.001        
17:42:13.024385     ,0.049       ,0.880       ,0.869       ,15.220      ,15.249      ,16.172      ,-0.923      ,-4.613      ,0.000       ,-0.206      ,-4.819      ,880.000     ,-0.923      ,15.249      ,0.03751       ,2006          ,176.309         ,0.000         ,-0.000              ,-0.175              ,23921.871       ,0.05374           ,0.05833               ,0.000         ,0.000         ,-0.000        ,-0.001        
17:42:13.034379     ,0.049       ,0.880       ,0.853       ,15.220      ,15.242      ,16.172      ,-0.930      ,-4.648      ,0.000       ,0.112       ,-4.536      ,880.000     ,-0.930      ,15.242      ,0.03697       ,1999          ,175.693         ,0.000         ,-0.000              ,-0.174              ,23921.871       ,0.05374           ,0.05799               ,0.000         ,0.000         ,-0.000        ,-0.003        
17:42:13.044377     ,0.049       ,0.880       ,0.869       ,15.220      ,15.235      ,16.172      ,-0.937      ,-4.684      ,-0.000      ,-0.002      ,-4.686      ,880.000     ,-0.937      ,15.235      ,0.03643       ,1992          ,175.078         ,0.000         ,-0.000              ,-0.173              ,23921.871       ,0.05368           ,0.05769               ,0.000         ,0.000         ,-0.000        ,-0.003        
17:42:13.056332     ,0.051       ,0.880       ,0.869       ,15.210      ,15.227      ,16.172      ,-0.937      ,-4.684      ,-0.000      ,-0.002      ,-4.686      ,880.000     ,-0.937      ,15.235      ,0.03590       ,1985          ,174.463         ,0.000         ,-0.000              ,-0.172              ,23921.871       ,0.05361           ,0.05732               ,0.000         ,0.000         ,0.001         ,0.005         
17:42:13.064389     ,0.051       ,0.880       ,0.869       ,15.240      ,15.224      ,16.172      ,-0.948      ,-4.740      ,-0.000      ,0.107       ,-4.634      ,880.000     ,-0.948      ,15.224      ,0.03536       ,1978          ,173.848         ,0.000         ,-0.000              ,-0.171              ,23921.871       ,0.05374           ,0.05700               ,0.000         ,0.000         ,0.001         ,0.005         
17:42:13.076038     ,0.049       ,0.880       ,0.869       ,15.240      ,15.223      ,16.172      ,-0.948      ,-4.740      ,-0.000      ,0.107       ,-4.634      ,880.000     ,-0.948      ,15.224      ,0.03482       ,1971          ,173.232         ,0.000         ,-0.000              ,-0.170              ,23921.871       ,0.05371           ,0.05663               ,0.000         ,0.000         ,0.000         ,0.004         
17:42:13.084381     ,0.049       ,0.880       ,0.869       ,15.220      ,15.217      ,16.172      ,-0.954      ,-4.772      ,-0.000      ,-0.101      ,-4.873      ,880.000     ,-0.954      ,15.217      ,0.03436       ,1965          ,172.705         ,0.000         ,-0.000              ,-0.169              ,23921.871       ,0.05365           ,0.05630               ,0.000         ,0.000         ,0.000         ,0.004         
17:42:13.095665     ,0.051       ,0.880       ,0.885       ,15.220      ,15.214      ,16.172      ,-0.954      ,-4.772      ,-0.000      ,-0.101      ,-4.873      ,880.000     ,-0.954      ,15.217      ,0.03382       ,1958          ,172.090         ,0.000         ,-0.000              ,-0.167              ,23921.871       ,0.04607           ,0.05580               ,0.000         ,0.000         ,-0.000        ,-0.004        
17:42:13.104376     ,0.049       ,0.880       ,0.869       ,15.210      ,15.213      ,16.172      ,-0.959      ,-4.794      ,-0.000      ,0.056       ,-4.738      ,880.000     ,-0.959      ,15.213      ,0.03336       ,1952          ,171.562         ,0.000         ,-0.000              ,-0.166              ,23921.871       ,0.05366           ,0.05537               ,0.000         ,0.000         ,-0.000        ,-0.004        
17:42:13.115408     ,0.051       ,0.880       ,0.869       ,15.200      ,15.207      ,16.172      ,-0.959      ,-4.794      ,-0.000      ,0.056       ,-4.738      ,880.000     ,-0.959      ,15.213      ,0.03283       ,1945          ,170.947         ,0.000         ,-0.000              ,-0.165              ,23921.871       ,0.04605           ,0.05489               ,0.000         ,0.000         ,0.000         ,0.000         
17:42:13.124365     ,0.049       ,0.880       ,0.853       ,15.190      ,15.203      ,16.172      ,-0.969      ,-4.843      ,-0.000      ,0.019       ,-4.824      ,880.000     ,-0.969      ,15.203      ,0.03237       ,1939          ,170.420         ,0.000         ,-0.000              ,-0.163              ,23921.871       ,0.05368           ,0.05448               ,0.000         ,0.000         ,0.000         ,0.000         
17:42:13.135272     ,0.049       ,0.880       ,0.885       ,15.210      ,15.206      ,16.172      ,-0.969      ,-4.830      ,-0.000      ,0.139       ,-4.691      ,880.000     ,-0.969      ,15.203      ,0.03183       ,1932          ,169.805         ,0.000         ,-0.000              ,-0.162              ,23921.871       ,0.04603           ,0.05401               ,0.000         ,0.000         ,0.001         ,0.006         
17:42:13.144364     ,0.051       ,0.880       ,0.869       ,15.200      ,15.203      ,16.172      ,-0.969      ,-4.844      ,-0.000      ,-0.108      ,-4.952      ,880.000     ,-0.969      ,15.203      ,0.03137       ,1926          ,169.277         ,0.000         ,-0.000              ,-0.161              ,23921.871       ,0.05372           ,0.05362               ,0.000         ,0.000         ,0.001         ,0.006         
17:42:13.156165     ,0.049       ,0.880       ,0.885       ,15.200      ,15.199      ,16.172      ,-0.969      ,-4.844      ,-0.000      ,-0.108      ,-4.952      ,880.000     ,-0.969      ,15.203      ,0.03091       ,1920          ,168.750         ,0.000         ,-0.000              ,-0.160              ,23921.871       ,0.04593           ,0.05317               ,0.000         ,0.000         ,-0.000        ,-0.003        
17:42:13.164391     ,0.049       ,0.880       ,0.869       ,15.220      ,15.199      ,16.172      ,-0.973      ,-4.863      ,-0.000      ,0.069       ,-4.794      ,880.000     ,-0.973      ,15.199      ,0.03037       ,1913          ,168.135         ,0.000         ,-0.000              ,-0.158              ,23921.871       ,0.04610           ,0.05267               ,0.000         ,0.000         ,-0.000        ,-0.003        
17:42:13.174364     ,0.051       ,0.880       ,0.869       ,15.250      ,15.205      ,16.172      ,-0.967      ,-4.836      ,-0.000      ,0.113       ,-4.723      ,880.000     ,-0.967      ,15.205      ,0.02991       ,1907          ,167.607         ,0.000         ,-0.000              ,-0.157              ,23921.871       ,0.05370           ,0.05225               ,0.000         ,0.000         ,-0.000        ,-0.003        
17:42:13.184374     ,0.049       ,0.880       ,0.869       ,15.270      ,15.210      ,16.172      ,-0.962      ,-4.810      ,-0.000      ,-0.008      ,-4.818      ,880.000     ,-0.962      ,15.210      ,0.02945       ,1901          ,167.080         ,0.000         ,-0.000              ,-0.155              ,23921.871       ,0.04597           ,0.05178               ,0.000         ,0.000         ,-0.000        ,-0.003        
17:42:13.194363     ,0.049       ,0.880       ,0.869       ,15.260      ,15.217      ,16.172      ,-0.962      ,-4.810      ,-0.000      ,-0.008      ,-4.818      ,880.000     ,-0.962      ,15.210      ,0.02899       ,1895          ,166.553         ,0.000         ,-0.000              ,-0.155              ,23921.871       ,0.04597           ,0.05178               ,0.000         ,0.000         ,-0.000        ,-0.003        
17:42:13.204372     ,0.051       ,0.880       ,0.869       ,15.250      ,15.226      ,16.172      ,-0.946      ,-4.728      ,-0.000      ,0.229       ,-4.499      ,880.000     ,-0.946      ,15.226      ,0.02853       ,1889          ,166.025         ,0.000         ,-0.000              ,-0.154              ,23921.871       ,0.04589           ,0.05137               ,0.000         ,0.000         ,-0.000        ,-0.003        
17:42:13.214403     ,0.051       ,0.880       ,0.869       ,15.250      ,15.235      ,16.172      ,-0.946      ,-4.728      ,-0.000      ,0.229       ,-4.499      ,880.000     ,-0.946      ,15.226      ,0.02815       ,1884          ,165.586         ,0.000         ,-0.000              ,-0.154              ,23921.871       ,0.04589           ,0.05137               ,0.000         ,0.000         ,0.000         ,0.004         
17:42:13.229945     ,0.051       ,0.880       ,0.869       ,15.250      ,15.241      ,16.172      ,-0.946      ,-4.728      ,-0.000      ,0.229       ,-4.499      ,880.000     ,-0.946      ,15.226      ,0.02769       ,1878          ,165.059         ,0.000         ,-0.000              ,-0.153              ,23921.871       ,0.04602           ,0.05091               ,0.000         ,0.000         ,0.001         ,0.008         
17:42:13.234376     ,0.051       ,0.880       ,0.869       ,15.260      ,15.246      ,16.172      ,-0.931      ,-4.653      ,-0.000      ,-0.033      ,-4.687      ,880.000     ,-0.931      ,15.241      ,0.02723       ,1872          ,164.531         ,0.000         ,-0.000              ,-0.153              ,23921.871       ,0.04602           ,0.05091               ,0.000         ,0.000         ,0.001         ,0.008         
17:42:13.248694     ,0.051       ,0.880       ,0.869       ,15.250      ,15.249      ,16.172      ,-0.926      ,-4.628      ,-0.000      ,-0.196      ,-4.824      ,880.000     ,-0.926      ,15.246      ,0.02684       ,1867          ,164.092         ,0.000         ,-0.000              ,-0.150              ,23921.871       ,0.04603           ,0.05007               ,0.000         ,0.000         ,0.001         ,0.008         
17:42:13.254381     ,0.051       ,0.880       ,0.869       ,15.250      ,15.251      ,16.172      ,-0.926      ,-4.628      ,-0.000      ,-0.196      ,-4.824      ,880.000     ,-0.926      ,15.246      ,0.02638       ,1861          ,163.564         ,0.000         ,-0.000              ,-0.150              ,23921.871       ,0.04603           ,0.05007               ,0.000         ,0.000         ,0.001         ,0.008         
17:42:13.267399     ,0.049       ,0.880       ,0.885       ,15.300      ,15.258      ,16.172      ,-0.920      ,-4.566      ,-0.000      ,0.031       ,-4.594      ,880.000     ,-0.920      ,15.251      ,0.02600       ,1856          ,163.125         ,0.000         ,-0.000              ,-0.149              ,23921.871       ,0.04608           ,0.04969               ,0.000         ,0.000         ,0.001         ,0.008         
17:42:13.274359     ,0.051       ,0.880       ,0.885       ,15.320      ,15.265      ,16.172      ,-0.913      ,-4.566      ,-0.000      ,0.031       ,-4.536      ,880.000     ,-0.913      ,15.258      ,0.02554       ,1850          ,162.598         ,0.000         ,-0.000              ,-0.147              ,23921.871       ,0.03835           ,0.04914               ,0.000         ,0.000         ,0.001         ,0.008         
17:42:13.286078     ,0.051       ,0.880       ,0.869       ,15.310      ,15.267      ,16.172      ,-0.907      ,-4.534      ,-0.000      ,-0.010      ,-4.544      ,880.000     ,-0.907      ,15.265      ,0.02516       ,1845          ,162.158         ,0.000         ,-0.000              ,-0.146              ,23921.871       ,0.04597           ,0.04867               ,0.000         ,0.000         ,0.001         ,0.013         
17:42:13.294368     ,0.051       ,0.880       ,0.885       ,15.320      ,15.276      ,16.172      ,-0.905      ,-4.523      ,-0.000      ,-0.084      ,-4.607      ,880.000     ,-0.905      ,15.267      ,0.02470       ,1839          ,161.631         ,0.000         ,-0.000              ,-0.144              ,23921.871       ,0.03842           ,0.04816               ,0.000         ,0.000         ,0.001         ,0.013         
17:42:13.305920     ,0.049       ,0.880       ,0.869       ,15.360      ,15.295      ,16.172      ,-0.896      ,-4.478      ,-0.000      ,0.136       ,-4.342      ,880.000     ,-0.896      ,15.276      ,0.02439       ,1835          ,161.279         ,0.000         ,-0.000              ,-0.143              ,23921.871       ,0.04596           ,0.04760               ,0.000         ,0.000         ,0.000         ,0.003         
17:42:13.314433     ,0.049       ,0.880       ,0.869       ,15.370      ,15.309      ,16.172      ,-0.877      ,-4.383      ,-0.000      ,0.198       ,-4.184      ,880.000     ,-0.877      ,15.295      ,0.02401       ,1830          ,160.840         ,0.000         ,-0.000              ,-0.141              ,23921.871       ,0.03070           ,0.04690               ,0.000         ,0.000         ,0.000         ,0.003         
17:42:13.325535     ,0.049       ,0.880       ,0.869       ,15.360      ,15.320      ,16.172      ,-0.863      ,-4.316      ,-0.000      ,-0.111      ,-4.426      ,880.000     ,-0.863      ,15.309      ,0.02362       ,1825          ,160.400         ,0.000         ,-0.000              ,-0.139              ,23921.871       ,0.03838           ,0.04620               ,0.000         ,0.000         ,0.000         ,0.004         
17:42:13.334371     ,0.049       ,0.880       ,0.869       ,15.360      ,15.336      ,16.172      ,-0.852      ,-4.258      ,-0.000      ,-0.038      ,-4.296      ,880.000     ,-0.852      ,15.320      ,0.02332       ,1821          ,160.049         ,0.000         ,-0.000              ,-0.136              ,23921.871       ,0.03830           ,0.04548               ,0.000         ,0.000         ,0.000         ,0.004         
17:42:13.344363     ,0.049       ,0.880       ,0.869       ,15.380      ,15.352      ,16.172      ,-0.836      ,-4.180      ,-0.000      ,0.082       ,-4.098      ,880.000     ,-0.836      ,15.336      ,0.02293       ,1816          ,159.609         ,0.000         ,-0.000              ,-0.136              ,23921.871       ,0.03830           ,0.04548               ,0.000         ,0.000         ,0.000         ,0.003         
17:42:13.354369     ,0.051       ,0.880       ,0.869       ,15.390      ,15.360      ,16.172      ,-0.811      ,-4.056      ,-0.000      ,0.181       ,-3.875      ,880.000     ,-0.811      ,15.360      ,0.02263       ,1812          ,159.258         ,0.000         ,-0.000              ,-0.134              ,23921.871       ,0.03072           ,0.04464               ,0.000         ,0.000         ,0.000         ,0.003         
17:42:13.364395     ,0.051       ,0.880       ,0.869       ,15.430      ,15.373      ,16.172      ,-0.811      ,-4.056      ,-0.000      ,0.181       ,-3.875      ,880.000     ,-0.811      ,15.360      ,0.02232       ,1808          ,158.906         ,0.000         ,-0.000              ,-0.134              ,23921.871       ,0.03072           ,0.04464               ,0.000         ,0.000         ,-0.000        ,-0.001        
17:42:13.380135     ,0.049       ,0.880       ,0.885       ,15.450      ,15.387      ,16.172      ,-0.811      ,-4.056      ,-0.000      ,0.181       ,-3.875      ,880.000     ,-0.811      ,15.360      ,0.02232       ,1808          ,158.906         ,0.000         ,-0.000              ,-0.131              ,23921.871       ,0.03070           ,0.04370               ,0.000         ,0.000         ,0.002         ,0.018         
17:42:13.384383     ,0.049       ,0.880       ,0.885       ,15.450      ,15.387      ,16.172      ,-0.784      ,-3.922      ,-0.000      ,0.043       ,-3.879      ,880.000     ,-0.784      ,15.387      ,0.02186       ,1802          ,158.379         ,0.000         ,-0.000              ,-0.131              ,23921.871       ,0.03070           ,0.04370               ,0.000         ,0.000         ,0.002         ,0.018         
17:42:13.397836     ,0.049       ,0.880       ,0.869       ,15.510      ,15.410      ,16.172      ,-0.784      ,-3.922      ,-0.000      ,0.043       ,-3.879      ,880.000     ,-0.784      ,15.387      ,0.02163       ,1799          ,158.115         ,0.000         ,-0.000              ,-0.128              ,23921.871       ,0.03070           ,0.04267               ,0.000         ,0.000         ,-0.000        ,-0.003        
17:42:13.404459     ,0.049       ,0.880       ,0.885       ,15.510      ,15.428      ,16.172      ,-0.762      ,-3.808      ,-0.000      ,-0.082      ,-3.890      ,880.000     ,-0.762      ,15.410      ,0.02140       ,1796          ,157.852         ,0.000         ,-0.000              ,-0.125              ,23921.871       ,0.02297           ,0.04156               ,0.000         ,0.000         ,-0.000        ,-0.003        
17:42:13.416546     ,0.049       ,0.880       ,0.885       ,15.510      ,15.446      ,16.172      ,-0.744      ,-3.721      ,-0.000      ,-0.104      ,-3.825      ,880.000     ,-0.744      ,15.428      ,0.02125       ,1794          ,157.676         ,0.000         ,-0.000              ,-0.121              ,23921.871       ,0.02290           ,0.04027               ,0.000         ,0.000         ,0.001         ,0.009         
17:42:13.424362     ,0.049       ,0.880       ,0.885       ,15.530      ,15.466      ,16.172      ,-0.705      ,-3.526      ,-0.000      ,0.427       ,-3.099      ,880.000     ,-0.705      ,15.466      ,0.02117       ,1793          ,157.588         ,0.000         ,-0.000              ,-0.121              ,23921.871       ,0.02290           ,0.04027               ,0.000         ,0.000         ,0.001         ,0.009         
17:42:13.435437     ,0.051       ,0.880       ,0.869       ,15.550      ,15.491      ,16.172      ,-0.705      ,-3.526      ,-0.000      ,0.427       ,-3.099      ,880.000     ,-0.705      ,15.466      ,0.02102       ,1791          ,157.412         ,0.000         ,-0.000              ,-0.116              ,23921.871       ,0.00766           ,0.03871               ,0.000         ,0.000         ,0.000         ,0.004         
17:42:13.444369     ,0.049       ,0.880       ,0.869       ,15.560      ,15.508      ,16.172      ,-0.664      ,-3.320      ,-0.000      ,-0.143      ,-3.464      ,880.000     ,-0.664      ,15.508      ,0.02102       ,1791          ,157.412         ,0.000         ,-0.000              ,-0.111              ,23921.871       ,0.01536           ,0.03693               ,0.000         ,0.000         ,0.000         ,0.004         
17:42:13.455388     ,0.049       ,0.880       ,0.869       ,15.570      ,15.527      ,16.172      ,-0.664      ,-3.320      ,-0.000      ,-0.143      ,-3.464      ,880.000     ,-0.664      ,15.508      ,0.02094       ,1790          ,157.324         ,0.000         ,-0.000              ,-0.105              ,23921.871       ,0.00000           ,0.03496               ,0.000         ,0.000         ,-0.000        ,-0.003        
17:42:13.464407     ,0.049       ,0.880       ,0.853       ,15.620      ,15.552      ,16.172      ,-0.619      ,-3.097      ,-0.000      ,0.112       ,-2.985      ,880.000     ,-0.619      ,15.552      ,0.02094       ,1790          ,157.324         ,0.000         ,-0.000              ,-0.098              ,23921.871       ,0.00768           ,0.03282               ,0.000         ,0.000         ,-0.000        ,-0.003        
17:42:13.475308     ,0.049       ,0.880       ,0.885       ,15.720      ,15.585      ,16.172      ,-0.619      ,-3.097      ,-0.000      ,0.112       ,-2.985      ,880.000     ,-0.619      ,15.552      ,0.02094       ,1790          ,157.324         ,0.000         ,-0.000              ,-0.091              ,23921.871       ,0.00000           ,0.03043               ,0.000         ,0.000         ,0.000         ,0.001         
17:42:13.484380     ,0.051       ,0.880       ,0.869       ,15.930      ,15.644      ,16.172      ,-0.528      ,-2.639      ,-0.000      ,0.516       ,-2.123      ,880.000     ,-0.528      ,15.644      ,0.02102       ,1791          ,157.412         ,0.000         ,-0.000              ,-0.084              ,23921.871       ,0.00000           ,0.02793               ,0.000         ,0.000         ,0.000         ,0.001         
17:42:13.494365     ,0.051       ,0.880       ,0.885       ,15.980      ,15.701      ,16.172      ,-0.470      ,-2.351      ,-0.000      ,-0.020      ,-2.371      ,880.000     ,-0.470      ,15.701      ,0.02109       ,1792          ,157.500         ,0.000         ,-0.000              ,-0.076              ,23921.871       ,-0.00768          ,0.02524               ,0.000         ,0.000         ,0.000         ,0.000         
17:42:13.504369     ,0.051       ,0.880       ,0.885       ,15.930      ,15.752      ,16.172      ,-0.420      ,-2.100      ,-0.000      ,-0.151      ,-2.252      ,880.000     ,-0.420      ,15.752      ,0.02117       ,1793          ,157.588         ,0.000         ,-0.000              ,-0.067              ,23921.871       ,-0.00766          ,0.02237               ,0.000         ,0.000         ,0.000         ,0.000         
17:42:13.516035     ,0.051       ,0.880       ,0.885       ,15.950      ,15.810      ,16.172      ,-0.420      ,-2.100      ,-0.000      ,-0.151      ,-2.252      ,880.000     ,-0.420      ,15.752      ,0.02132       ,1795          ,157.764         ,0.000         ,-0.000              ,-0.058              ,23921.871       ,-0.00767          ,0.01947               ,0.000         ,0.000         ,-0.000        ,-0.004        
17:42:13.524466     ,0.051       ,0.880       ,0.885       ,16.060      ,15.883      ,16.172      ,-0.362      ,-1.809      ,-0.000      ,0.163       ,-1.646      ,880.000     ,-0.362      ,15.810      ,0.02140       ,1796          ,157.852         ,0.000         ,-0.000              ,-0.049              ,23921.871       ,-0.01536          ,0.01644               ,0.000         ,0.000         ,-0.000        ,-0.004        
17:42:13.535725     ,0.051       ,0.880       ,0.885       ,16.060      ,15.883      ,16.172      ,-0.288      ,-1.441      ,-0.000      ,0.306       ,-1.136      ,880.000     ,-0.288      ,15.883      ,0.02155       ,1798          ,158.027         ,0.200         ,-0.001              ,-0.041              ,23921.871       ,-0.00766          ,0.01363               ,0.000         ,0.000         ,-0.000        ,-0.004        
17:42:13.544368     ,0.049       ,0.880       ,0.885       ,16.020      ,15.921      ,16.172      ,-0.250      ,-1.251      ,-0.000      ,0.762       ,-0.489      ,880.000     ,-0.250      ,15.921      ,0.02171       ,1800          ,158.203         ,0.400         ,-0.001              ,-0.032              ,23921.871       ,-0.01535          ,0.01078               ,0.000         ,0.000         ,-0.000        ,-0.004        
17:42:13.554372     ,0.049       ,0.880       ,0.885       ,16.060      ,15.968      ,16.172      ,-0.250      ,-1.251      ,-0.000      ,0.762       ,-0.489      ,880.000     ,-0.250      ,15.921      ,0.02186       ,1802          ,158.379         ,0.600         ,-0.002              ,-0.032              ,23921.871       ,-0.01535          ,0.01078               ,0.000         ,0.000         ,0.001         ,0.009         
17:42:13.570109     ,0.051       ,0.880       ,0.885       ,16.200      ,16.043      ,16.172      ,-0.250      ,-1.251      ,-0.000      ,0.762       ,-0.489      ,880.000     ,-0.250      ,15.921      ,0.02201       ,1804          ,158.555         ,0.800         ,-0.003              ,-0.024              ,23921.871       ,-0.01532          ,0.00812               ,0.000         ,0.000         ,-0.001        ,-0.006        
17:42:13.574374     ,0.051       ,0.880       ,0.885       ,16.240      ,16.100      ,16.172      ,-0.129      ,-0.646      ,-0.000      ,1.660       ,1.014       ,880.000     ,-0.129      ,16.043      ,0.02217       ,1806          ,158.730         ,1.000         ,-0.003              ,-0.024              ,23921.871       ,-0.01532          ,0.00812               ,0.000         ,0.000         ,-0.001        ,-0.006        
17:42:13.591373     ,0.049       ,0.880       ,0.885       ,16.200      ,16.117      ,16.172      ,-0.129      ,-0.646      ,-0.000      ,1.660       ,1.014       ,880.000     ,-0.129      ,16.043      ,0.02232       ,1808          ,158.906         ,1.000         ,-0.003              ,-0.017              ,23921.873       ,-0.01535          ,0.00553               ,0.000         ,0.000         ,-0.001        ,-0.006        
17:42:13.594357     ,0.049       ,0.880       ,0.885       ,16.200      ,16.142      ,16.172      ,-0.055      ,-0.275      ,-0.000      ,-0.937      ,-1.212      ,880.000     ,-0.055      ,16.117      ,0.02255       ,1811          ,159.170         ,1.000         ,-0.003              ,-0.017              ,23921.873       ,-0.01535          ,0.00553               ,0.000         ,0.000         ,-0.001        ,-0.006        
17:42:13.610161     ,0.049       ,0.880       ,0.885       ,16.240      ,16.171      ,16.172      ,-0.055      ,-0.275      ,-0.000      ,-0.937      ,-1.212      ,880.000     ,-0.055      ,16.117      ,0.02270       ,1813          ,159.346         ,1.000         ,-0.003              ,-0.009              ,23921.873       ,-0.01533          ,0.00309               ,0.000         ,0.000         ,-0.001        ,-0.011        
17:42:13.614411     ,0.049       ,0.880       ,0.885       ,16.270      ,16.186      ,16.172      ,-0.001      ,-0.004      ,-0.000      ,-0.385      ,-0.385      ,880.000     ,-0.001      ,16.171      ,0.02270       ,1813          ,159.346         ,1.000         ,-0.003              ,-0.009              ,23921.873       ,-0.01533          ,0.00309               ,0.000         ,0.000         ,-0.001        ,-0.011        
17:42:13.628773     ,0.049       ,0.880       ,0.885       ,16.260      ,16.201      ,16.172      ,-0.001      ,-0.004      ,-0.000      ,-0.385      ,-0.385      ,880.000     ,-0.001      ,16.171      ,0.02309       ,1818          ,159.785         ,1.000         ,-0.003              ,-0.002              ,23921.873       ,-0.01536          ,0.00078               ,0.000         ,0.000         ,-0.001        ,-0.010        
17:42:13.634370     ,0.049       ,0.880       ,0.869       ,16.300      ,16.235      ,16.172      ,0.063       ,0.314       ,-0.000      ,0.057       ,0.371       ,880.000     ,0.063       ,16.235      ,0.02332       ,1821          ,160.049         ,1.000         ,-0.003              ,0.004               ,23921.873       ,-0.01918          ,-0.00135              ,0.000         ,0.000         ,-0.001        ,-0.010        
17:42:13.648247     ,0.049       ,0.880       ,0.869       ,16.370      ,16.273      ,16.172      ,0.063       ,0.314       ,-0.000      ,0.057       ,0.371       ,880.000     ,0.063       ,16.235      ,0.02355       ,1824          ,160.312         ,1.000         ,-0.003              ,0.010               ,23921.873       ,-0.02303          ,-0.00339              ,0.000         ,0.000         ,-0.001        ,-0.011        
17:42:13.654421     ,0.049       ,0.880       ,0.869       ,16.380      ,16.297      ,16.172      ,0.063       ,0.314       ,-0.000      ,0.057       ,0.371       ,880.000     ,0.063       ,16.235      ,0.02370       ,1826          ,160.488         ,1.000         ,-0.003              ,0.010               ,23921.873       ,-0.02303          ,-0.00339              ,0.000         ,0.000         ,-0.001        ,-0.011        
17:42:13.666766     ,0.049       ,0.880       ,0.869       ,16.370      ,16.311      ,16.172      ,0.126       ,0.628       ,-0.000      ,0.589       ,1.217       ,880.000     ,0.126       ,16.297      ,0.02393       ,1829          ,160.752         ,1.000         ,-0.003              ,0.016               ,23921.873       ,-0.01535          ,-0.00524              ,0.000         ,0.000         ,-0.001        ,-0.010        
17:42:13.674366     ,0.051       ,0.880       ,0.885       ,16.370      ,16.311      ,16.172      ,0.139       ,0.696       ,-0.000      ,-0.271      ,0.425       ,880.000     ,0.139       ,16.311      ,0.02416       ,1832          ,161.016         ,1.000         ,-0.003              ,0.021               ,23921.873       ,-0.02297          ,-0.00693              ,0.000         ,0.000         ,-0.001        ,-0.010        
17:42:13.686474     ,0.051       ,0.880       ,0.869       ,16.400      ,16.333      ,16.172      ,0.139       ,0.696       ,-0.000      ,-0.271      ,0.425       ,880.000     ,0.139       ,16.311      ,0.02439       ,1835          ,161.279         ,1.000         ,-0.003              ,0.026               ,23921.875       ,-0.02304          ,-0.00859              ,0.000         ,0.000         ,-0.001        ,-0.010        
17:42:13.694366     ,0.049       ,0.880       ,0.869       ,16.420      ,16.354      ,16.172      ,0.182       ,0.910       ,-0.000      ,-0.038      ,0.871       ,880.000     ,0.182       ,16.354      ,0.02462       ,1838          ,161.543         ,1.000         ,-0.003              ,0.030               ,23921.875       ,-0.02290          ,-0.01012              ,0.000         ,0.000         ,-0.001        ,-0.010        
17:42:13.706183     ,0.051       ,0.880       ,0.885       ,16.440      ,16.369      ,16.172      ,0.182       ,0.910       ,-0.000      ,-0.038      ,0.871       ,880.000     ,0.182       ,16.354      ,0.02485       ,1841          ,161.807         ,1.000         ,-0.003              ,0.035               ,23921.875       ,-0.02309          ,-0.01154              ,0.000         ,0.000         ,-0.001        ,-0.013        
17:42:13.714392     ,0.051       ,0.880       ,0.869       ,16.440      ,16.387      ,16.172      ,0.215       ,1.077       ,-0.000      ,0.055       ,1.132       ,880.000     ,0.215       ,16.387      ,0.02508       ,1844          ,162.070         ,1.000         ,-0.003              ,0.039               ,23921.875       ,-0.02302          ,-0.01286              ,0.000         ,0.000         ,-0.001        ,-0.013        
17:42:13.724992     ,0.049       ,0.880       ,0.869       ,16.450      ,16.410      ,16.172      ,0.238       ,1.191       ,-0.000      ,0.092       ,1.284       ,880.000     ,0.238       ,16.410      ,0.02531       ,1847          ,162.334         ,1.000         ,-0.003              ,0.042               ,23921.875       ,-0.02303          ,-0.01409              ,0.000         ,0.000         ,-0.001        ,-0.013        
17:42:13.734441     ,0.049       ,0.880       ,0.885       ,16.460      ,16.427      ,16.172      ,0.238       ,1.191       ,-0.000      ,0.092       ,1.284       ,880.000     ,0.238       ,16.410      ,0.02562       ,1851          ,162.686         ,1.000         ,-0.003              ,0.046               ,23921.875       ,-0.02300          ,-0.01526              ,0.000         ,0.000         ,-0.001        ,-0.013        
17:42:13.744603     ,0.049       ,0.880       ,0.885       ,16.450      ,16.435      ,16.172      ,0.255       ,1.274       ,-0.000      ,-0.123      ,1.151       ,880.000     ,0.255       ,16.427      ,0.02585       ,1854          ,162.949         ,1.000         ,-0.003              ,0.049               ,23921.875       ,-0.03071          ,-0.01642              ,0.000         ,0.000         ,-0.001        ,-0.013        
17:42:13.754373     ,0.051       ,0.880       ,0.869       ,16.440      ,16.438      ,16.172      ,0.266       ,1.332       ,-0.000      ,-0.128      ,1.204       ,880.000     ,0.266       ,16.438      ,0.02615       ,1858          ,163.301         ,1.000         ,-0.003              ,0.052               ,23921.875       ,-0.02298          ,-0.01741              ,0.000         ,0.000         ,-0.001        ,-0.013        
17:42:13.764414     ,0.051       ,0.880       ,0.869       ,16.460      ,16.444      ,16.172      ,0.266       ,1.332       ,-0.000      ,-0.128      ,1.204       ,880.000     ,0.266       ,16.438      ,0.02638       ,1861          ,163.564         ,1.000         ,-0.003              ,0.055               ,23921.875       ,-0.03070          ,-0.01848              ,0.000         ,0.000         ,-0.002        ,-0.017        
17:42:13.774368     ,0.047       ,0.880       ,0.820       ,16.490      ,16.451      ,16.172      ,0.279       ,1.396       ,-0.000      ,0.030       ,1.425       ,880.000     ,0.279       ,16.451      ,0.02669       ,1865          ,163.916         ,1.000         ,-0.003              ,0.058               ,23921.875       ,-0.02303          ,-0.01939              ,0.000         ,0.000         ,-0.002        ,-0.017        
17:42:13.785989     ,0.051       ,0.880       ,0.853       ,16.510      ,16.458      ,16.172      ,0.279       ,1.396       ,-0.000      ,0.030       ,1.425       ,880.000     ,0.279       ,16.451      ,0.02700       ,1869          ,164.268         ,0.800         ,-0.003              ,0.061               ,23921.875       ,-0.03065          ,-0.02028              ,0.000         ,0.000         ,-0.001        ,-0.013        
17:42:13.794367     ,0.049       ,0.880       ,0.869       ,16.510      ,16.465      ,16.172      ,0.294       ,1.468       ,-0.000      ,0.020       ,1.488       ,880.000     ,0.294       ,16.465      ,0.02730       ,1873          ,164.619         ,0.600         ,-0.002              ,0.063               ,23921.875       ,-0.03062          ,-0.02115              ,0.000         ,0.000         ,-0.001        ,-0.013        
17:42:13.806646     ,0.049       ,0.880       ,0.885       ,16.480      ,16.470      ,16.172      ,0.294       ,1.468       ,-0.000      ,0.020       ,1.488       ,880.000     ,0.294       ,16.465      ,0.02761       ,1877          ,164.971         ,0.400         ,-0.001              ,0.066               ,23921.875       ,-0.03074          ,-0.02200              ,0.000         ,0.000         ,-0.001        ,-0.014        
17:42:13.814405     ,0.049       ,0.880       ,0.869       ,16.490      ,16.476      ,16.172      ,0.305       ,1.523       ,-0.000      ,0.018       ,1.541       ,880.000     ,0.305       ,16.476      ,0.02792       ,1881          ,165.322         ,0.200         ,-0.001              ,0.069               ,23921.875       ,-0.03056          ,-0.02284              ,0.000         ,0.000         ,-0.001        ,-0.014        
17:42:13.826312     ,0.051       ,0.880       ,0.869       ,16.530      ,16.486      ,16.172      ,0.305       ,1.523       ,-0.000      ,0.018       ,1.541       ,880.000     ,0.305       ,16.476      ,0.02830       ,1886          ,165.762         ,0.000         ,-0.000              ,0.071               ,23921.875       ,-0.03082          ,-0.02367              ,0.000         ,0.000         ,-0.001        ,-0.014        
17:42:13.834393     ,0.051       ,0.880       ,0.869       ,16.550      ,16.497      ,16.172      ,0.325       ,1.624       ,-0.000      ,0.007       ,1.631       ,880.000     ,0.325       ,16.497      ,0.02861       ,1890          ,166.113         ,0.000         ,-0.000              ,0.074               ,23921.875       ,-0.03831          ,-0.02461              ,0.000         ,0.000         ,-0.001        ,-0.014        
17:42:13.846242     ,0.049       ,0.880       ,0.869       ,16.550      ,16.506      ,16.172      ,0.325       ,1.624       ,-0.000      ,0.007       ,1.631       ,880.000     ,0.325       ,16.497      ,0.02899       ,1895          ,166.553         ,0.000         ,-0.000              ,0.076               ,23921.875       ,-0.03072          ,-0.02541              ,0.000         ,0.000         ,-0.001        ,-0.013        
17:42:13.854368     ,0.049       ,0.880       ,0.869       ,16.560      ,16.521      ,16.172      ,0.350       ,1.749       ,-0.000      ,0.114       ,1.863       ,880.000     ,0.350       ,16.521      ,0.02930       ,1899          ,166.904         ,0.000         ,-0.000              ,0.079               ,23921.875       ,-0.03832          ,-0.02631              ,0.000         ,0.000         ,-0.001        ,-0.013        
17:42:13.864798     ,0.049       ,0.880       ,0.869       ,16.570      ,16.534      ,16.172      ,0.350       ,1.749       ,-0.000      ,0.114       ,1.863       ,880.000     ,0.350       ,16.521      ,0.02968       ,1904          ,167.344         ,0.000         ,-0.000              ,0.081               ,23921.875       ,-0.03069          ,-0.02708              ,0.000         ,0.000         ,-0.001        ,-0.013        
17:42:13.874361     ,0.051       ,0.880       ,0.869       ,16.560      ,16.538      ,16.172      ,0.366       ,1.832       ,-0.000      ,-0.180      ,1.652       ,880.000     ,0.366       ,16.538      ,0.03007       ,1909          ,167.783         ,0.000         ,-0.000              ,0.084               ,23921.875       ,-0.03837          ,-0.02797              ,0.000         ,0.000         ,-0.001        ,-0.013        
17:42:13.886690     ,0.049       ,0.880       ,0.869       ,16.540      ,16.538      ,16.172      ,0.366       ,1.832       ,-0.000      ,-0.180      ,1.652       ,880.000     ,0.366       ,16.538      ,0.03053       ,1915          ,168.311         ,0.000         ,-0.000              ,0.087               ,23921.875       ,-0.03833          ,-0.02883              ,0.000         ,0.000         ,-0.001        ,-0.009        
17:42:13.894367     ,0.051       ,0.880       ,0.885       ,16.550      ,16.543      ,16.172      ,0.372       ,1.859       ,-0.000      ,0.103       ,1.961       ,880.000     ,0.372       ,16.543      ,0.03091       ,1920          ,168.750         ,0.000         ,-0.000              ,0.089               ,23921.875       ,-0.04605          ,-0.02980              ,0.000         ,0.000         ,-0.001        ,-0.009        
17:42:13.905463     ,0.051       ,0.880       ,0.869       ,16.590      ,16.554      ,16.172      ,0.372       ,1.859       ,-0.000      ,0.103       ,1.961       ,880.000     ,0.372       ,16.543      ,0.03137       ,1926          ,169.277         ,0.000         ,-0.000              ,0.092               ,23921.875       ,-0.03829          ,-0.03074              ,0.000         ,0.000         ,-0.001        ,-0.013        
17:42:13.914388     ,0.049       ,0.880       ,0.869       ,16.600      ,16.560      ,16.172      ,0.389       ,1.944       ,-0.000      ,-0.066      ,1.878       ,880.000     ,0.389       ,16.560      ,0.03175       ,1931          ,169.717         ,0.000         ,-0.000              ,0.095               ,23921.875       ,-0.04601          ,-0.03177              ,0.000         ,0.000         ,-0.001        ,-0.013        
17:42:13.926147     ,0.051       ,0.880       ,0.869       ,16.590      ,16.565      ,16.172      ,0.389       ,1.944       ,-0.000      ,-0.066      ,1.878       ,880.000     ,0.389       ,16.560      ,0.03221       ,1937          ,170.244         ,0.000         ,-0.000              ,0.098               ,23921.875       ,-0.03840          ,-0.03275              ,0.000         ,0.000         ,-0.001        ,-0.008        
17:42:13.934383     ,0.049       ,0.880       ,0.869       ,16.600      ,16.573      ,16.172      ,0.401       ,2.006       ,-0.000      ,0.079       ,2.085       ,880.000     ,0.401       ,16.573      ,0.03267       ,1943          ,170.771         ,0.000         ,-0.000              ,0.101               ,23921.875       ,-0.04594          ,-0.03371              ,0.000         ,0.000         ,-0.001        ,-0.008        
17:42:13.945805     ,0.051       ,0.880       ,0.885       ,16.620      ,16.582      ,16.172      ,0.401       ,2.006       ,-0.000      ,0.079       ,2.085       ,880.000     ,0.401       ,16.573      ,0.03321       ,1950          ,171.387         ,0.000         ,-0.000              ,0.104               ,23921.875       ,-0.04609          ,-0.03475              ,0.000         ,0.000         ,-0.001        ,-0.014        
17:42:13.954383     ,0.049       ,0.880       ,0.869       ,16.610      ,16.583      ,16.172      ,0.412       ,2.058       ,-0.000      ,-0.154      ,1.904       ,880.000     ,0.412       ,16.583      ,0.03375       ,1957          ,172.002         ,0.000         ,-0.000              ,0.108               ,23921.875       ,-0.05364          ,-0.03586              ,0.000         ,0.000         ,-0.001        ,-0.014        
17:42:13.964409     ,0.051       ,0.880       ,0.869       ,16.600      ,16.585      ,16.172      ,0.414       ,2.068       ,-0.000      ,0.016       ,2.084       ,880.000     ,0.414       ,16.585      ,0.03421       ,1963          ,172.529         ,0.000         ,-0.000              ,0.111               ,23921.875       ,-0.05369          ,-0.03716              ,0.000         ,0.000         ,-0.001        ,-0.013        
17:42:13.974366     ,0.049       ,0.880       ,0.869       ,16.610      ,16.594      ,16.172      ,0.422       ,2.111       ,-0.000      ,0.130       ,2.241       ,880.000     ,0.422       ,16.594      ,0.03467       ,1969          ,173.057         ,0.000         ,-0.000              ,0.115               ,23921.875       ,-0.04605          ,-0.03837              ,0.000         ,0.000         ,-0.001        ,-0.013        
17:42:13.984389     ,0.049       ,0.880       ,0.869       ,16.650      ,16.607      ,16.172      ,0.422       ,2.111       ,-0.000      ,0.130       ,2.241       ,880.000     ,0.422       ,16.594      ,0.03520       ,1976          ,173.672         ,0.000         ,-0.000              ,0.115               ,23921.875       ,-0.04605          ,-0.03837              ,0.000         ,0.000         ,-0.001        ,-0.014        
17:42:14.003047     ,0.051       ,0.880       ,0.869       ,16.660      ,16.615      ,16.172      ,0.443       ,2.217       ,-0.000      ,0.251       ,2.468       ,880.000     ,0.443       ,16.615      ,0.03582       ,1984          ,174.375         ,0.000         ,-0.000              ,0.119               ,23921.875       ,-0.04602          ,-0.03952              ,0.000         ,0.000         ,-0.002        ,-0.017        
17:42:14.004441     ,0.051       ,0.880       ,0.869       ,16.650      ,16.621      ,16.172      ,0.443       ,2.217       ,-0.000      ,0.251       ,2.468       ,880.000     ,0.443       ,16.615      ,0.03643       ,1992          ,175.078         ,0.000         ,-0.000              ,0.119               ,23921.875       ,-0.04602          ,-0.03952              ,0.000         ,0.000         ,-0.002        ,-0.017        
17:42:14.014401     ,0.049       ,0.880       ,0.853       ,16.650      ,16.629      ,16.172      ,0.457       ,2.287       ,-0.000      ,-0.143      ,2.143       ,880.000     ,0.457       ,16.629      ,0.03689       ,1998          ,175.605         ,0.000         ,-0.000              ,0.122               ,23921.875       ,-0.06123          ,-0.04072              ,0.000         ,0.000         ,-0.002        ,-0.017        
17:42:14.024365     ,0.049       ,0.880       ,0.853       ,16.660      ,16.637      ,16.172      ,0.457       ,2.287       ,-0.000      ,-0.143      ,2.143       ,880.000     ,0.457       ,16.629      ,0.03751       ,2006          ,176.309         ,0.000         ,-0.000              ,0.122               ,23921.875       ,-0.06123          ,-0.04072              ,0.000         ,0.000         ,-0.002        ,-0.015        
17:42:14.041609     ,0.051       ,0.880       ,0.869       ,16.670      ,16.640      ,16.172      ,0.457       ,2.287       ,-0.000      ,-0.143      ,2.143       ,880.000     ,0.457       ,16.629      ,0.03804       ,2013          ,176.924         ,0.000         ,-0.000              ,0.126               ,23921.875       ,-0.04609          ,-0.04186              ,0.000         ,0.000         ,-0.001        ,-0.014        
17:42:14.044360     ,0.051       ,0.880       ,0.869       ,16.670      ,16.644      ,16.172      ,0.468       ,2.342       ,-0.000      ,-0.060      ,2.281       ,880.000     ,0.468       ,16.640      ,0.03873       ,2022          ,177.715         ,0.000         ,-0.000              ,0.126               ,23921.875       ,-0.04609          ,-0.04186              ,0.000         ,0.000         ,-0.001        ,-0.014        
17:42:14.061357     ,0.051       ,0.880       ,0.885       ,16.690      ,16.655      ,16.172      ,0.468       ,2.416       ,-0.000      ,0.077       ,2.281       ,880.000     ,0.468       ,16.640      ,0.03927       ,2029          ,178.330         ,0.000         ,-0.000              ,0.129               ,23921.875       ,-0.05376          ,-0.04294              ,0.000         ,0.000         ,-0.001        ,-0.014        
17:42:14.064415     ,0.051       ,0.880       ,0.885       ,16.720      ,16.669      ,16.172      ,0.483       ,2.416       ,-0.000      ,0.077       ,2.492       ,880.000     ,0.483       ,16.655      ,0.03988       ,2037          ,179.033         ,0.000         ,-0.000              ,0.129               ,23921.875       ,-0.05376          ,-0.04294              ,0.000         ,0.000         ,-0.001        ,-0.014        
17:42:14.079889     ,0.051       ,0.880       ,0.869       ,16.730      ,16.680      ,16.172      ,0.497       ,2.486       ,-0.000      ,-0.015      ,2.471       ,880.000     ,0.497       ,16.669      ,0.04050       ,2045          ,179.736         ,0.000         ,-0.000              ,0.136               ,23921.875       ,-0.06142          ,-0.04531              ,0.000         ,0.000         ,-0.001        ,-0.014        
17:42:14.084460     ,0.051       ,0.880       ,0.869       ,16.720      ,16.687      ,16.172      ,0.497       ,2.486       ,-0.000      ,-0.015      ,2.471       ,880.000     ,0.497       ,16.669      ,0.04119       ,2054          ,180.527         ,0.000         ,-0.000              ,0.136               ,23921.875       ,-0.06142          ,-0.04531              ,0.000         ,0.000         ,-0.001        ,-0.014        
17:42:14.098421     ,0.051       ,0.880       ,0.869       ,16.710      ,16.694      ,16.172      ,0.516       ,2.578       ,-0.000      ,0.087       ,2.665       ,880.000     ,0.516       ,16.687      ,0.04188       ,2063          ,181.318         ,0.000         ,-0.000              ,0.140               ,23921.875       ,-0.06890          ,-0.04668              ,0.000         ,0.000         ,-0.001        ,-0.013        
17:42:14.104380     ,0.051       ,0.880       ,0.885       ,16.720      ,16.701      ,16.172      ,0.523       ,2.613       ,-0.000      ,-0.229      ,2.384       ,880.000     ,0.523       ,16.694      ,0.04241       ,2070          ,181.934         ,0.000         ,-0.000              ,0.144               ,23921.875       ,-0.06920          ,-0.04808              ,0.000         ,0.000         ,-0.001        ,-0.013        
17:42:14.117190     ,0.051       ,0.880       ,0.869       ,16.750      ,16.710      ,16.172      ,0.530       ,2.649       ,-0.000      ,0.006       ,2.655       ,880.000     ,0.530       ,16.701      ,0.04310       ,2079          ,182.725         ,0.000         ,-0.000              ,0.148               ,23921.875       ,-0.05373          ,-0.04927              ,0.000         ,0.000         ,-0.001        ,-0.013        
17:42:14.124369     ,0.051       ,0.880       ,0.869       ,16.750      ,16.717      ,16.172      ,0.539       ,2.693       ,-0.000      ,0.028       ,2.721       ,880.000     ,0.539       ,16.710      ,0.04372       ,2087          ,183.428         ,0.000         ,-0.000              ,0.152               ,23921.875       ,-0.06902          ,-0.05062              ,0.000         ,0.000         ,-0.001        ,-0.013        
17:42:14.139156     ,0.051       ,0.880       ,0.885       ,16.740      ,16.723      ,16.172      ,0.545       ,2.727       ,-0.000      ,-0.035      ,2.693       ,880.000     ,0.545       ,16.717      ,0.04441       ,2096          ,184.219         ,0.000         ,-0.000              ,0.156               ,23921.875       ,-0.06135          ,-0.05201              ,0.000         ,0.000         ,-0.001        ,-0.013        
17:42:14.144360     ,0.049       ,0.880       ,0.885       ,16.730      ,16.728      ,16.172      ,0.552       ,2.759       ,-0.000      ,-0.013      ,2.746       ,880.000     ,0.552       ,16.723      ,0.04510       ,2105          ,185.010         ,0.000         ,-0.000              ,0.160               ,23921.875       ,-0.06907          ,-0.05330              ,0.000         ,0.000         ,-0.001        ,-0.013        
17:42:14.157688     ,0.049       ,0.880       ,0.869       ,16.740      ,16.732      ,16.172      ,0.557       ,2.784       ,-0.000      ,-0.026      ,2.758       ,880.000     ,0.557       ,16.728      ,0.04579       ,2114          ,185.801         ,0.000         ,-0.000              ,0.164               ,23921.875       ,-0.06893          ,-0.05474              ,0.000         ,0.000         ,-0.001        ,-0.013        
17:42:14.164423     ,0.049       ,0.880       ,0.885       ,16.720      ,16.727      ,16.172      ,0.561       ,2.803       ,-0.000      ,-0.026      ,2.777       ,880.000     ,0.561       ,16.732      ,0.04640       ,2122          ,186.504         ,0.000         ,-0.000              ,0.169               ,23921.875       ,-0.06906          ,-0.05619              ,0.000         ,0.000         ,-0.001        ,-0.013        
17:42:14.177343     ,0.051       ,0.880       ,0.885       ,16.730      ,16.725      ,16.172      ,0.555       ,2.775       ,-0.000      ,-0.184      ,2.591       ,880.000     ,0.555       ,16.727      ,0.04717       ,2132          ,187.383         ,0.000         ,-0.000              ,0.173               ,23921.875       ,-0.06137          ,-0.05755              ,0.000         ,0.000         ,-0.001        ,-0.010        
17:42:14.184394     ,0.049       ,0.880       ,0.885       ,16.750      ,16.728      ,16.172      ,0.553       ,2.766       ,-0.000      ,0.072       ,2.838       ,880.000     ,0.553       ,16.725      ,0.04778       ,2140          ,188.086         ,0.000         ,-0.000              ,0.177               ,23921.875       ,-0.07664          ,-0.05892              ,0.000         ,0.000         ,-0.001        ,-0.010        
17:42:14.198205     ,0.049       ,0.880       ,0.885       ,16.780      ,16.736      ,16.172      ,0.556       ,2.781       ,-0.000      ,0.101       ,2.882       ,880.000     ,0.556       ,16.728      ,0.04855       ,2150          ,188.965         ,0.000         ,-0.000              ,0.180               ,23921.875       ,-0.06145          ,-0.05998              ,0.000         ,0.000         ,-0.001        ,-0.014        
17:42:14.204416     ,0.051       ,0.880       ,0.885       ,16.780      ,16.739      ,16.172      ,0.564       ,2.821       ,-0.000      ,0.094       ,2.915       ,880.000     ,0.564       ,16.736      ,0.04909       ,2157          ,189.580         ,0.000         ,-0.000              ,0.183               ,23921.875       ,-0.07656          ,-0.06099              ,0.000         ,0.000         ,-0.001        ,-0.014        
17:42:14.216730     ,0.051       ,0.880       ,0.869       ,16.770      ,16.745      ,16.172      ,0.568       ,2.838       ,-0.000      ,-0.088      ,2.750       ,880.000     ,0.568       ,16.739      ,0.04978       ,2166          ,190.371         ,0.000         ,-0.000              ,0.186               ,23921.875       ,-0.05371          ,-0.06185              ,0.000         ,0.000         ,-0.001        ,-0.014        
17:42:14.224371     ,0.051       ,0.880       ,0.869       ,16.770      ,16.750      ,16.172      ,0.573       ,2.866       ,-0.000      ,0.042       ,2.907       ,880.000     ,0.573       ,16.745      ,0.05047       ,2175          ,191.162         ,0.000         ,-0.000              ,0.188               ,23921.875       ,-0.06910          ,-0.06258              ,0.000         ,0.000         ,-0.001        ,-0.014        
17:42:14.236585     ,0.049       ,0.880       ,0.885       ,16.770      ,16.755      ,16.172      ,0.578       ,2.892       ,-0.000      ,-0.005      ,2.887       ,880.000     ,0.578       ,16.750      ,0.05116       ,2184          ,191.953         ,0.000         ,-0.000              ,0.190               ,23921.875       ,-0.06901          ,-0.06332              ,0.000         ,0.000         ,-0.001        ,-0.011        
17:42:14.244365     ,0.049       ,0.880       ,0.869       ,16.750      ,16.753      ,16.172      ,0.583       ,2.915       ,-0.000      ,-0.017      ,2.898       ,880.000     ,0.583       ,16.755      ,0.05193       ,2194          ,192.832         ,0.000         ,-0.000              ,0.192               ,23921.875       ,-0.06907          ,-0.06394              ,0.000         ,0.000         ,-0.001        ,-0.011        
17:42:14.258474     ,0.049       ,0.880       ,0.869       ,16.750      ,16.755      ,16.172      ,0.582       ,2.915       ,-0.000      ,0.054       ,2.792       ,880.000     ,0.582       ,16.753      ,0.05254       ,2202          ,193.535         ,0.000         ,-0.000              ,0.194               ,23921.875       ,-0.07664          ,-0.06459              ,0.000         ,0.000         ,-0.001        ,-0.010        
17:42:14.264415     ,0.051       ,0.880       ,0.885       ,16.780      ,16.762      ,16.172      ,0.583       ,2.915       ,-0.000      ,0.054       ,2.968       ,880.000     ,0.583       ,16.755      ,0.05315       ,2210          ,194.238         ,0.000         ,-0.000              ,0.195               ,23921.875       ,-0.06137          ,-0.06503              ,0.000         ,0.000         ,-0.001        ,-0.010        
17:42:14.278148     ,0.049       ,0.880       ,0.869       ,16.790      ,16.766      ,16.172      ,0.590       ,2.971       ,-0.000      ,-0.060      ,3.066       ,880.000     ,0.590       ,16.762      ,0.05384       ,2219          ,195.029         ,0.000         ,-0.000              ,0.196               ,23921.875       ,-0.06138          ,-0.06540              ,0.000         ,0.000         ,-0.001        ,-0.013        
17:42:14.284424     ,0.049       ,0.880       ,0.869       ,16.780      ,16.764      ,16.172      ,0.594       ,2.971       ,-0.000      ,-0.060      ,2.910       ,880.000     ,0.594       ,16.766      ,0.05453       ,2228          ,195.820         ,0.000         ,-0.000              ,0.197               ,23921.875       ,-0.06900          ,-0.06560              ,0.000         ,0.000         ,-0.001        ,-0.013        
17:42:14.297754     ,0.047       ,0.880       ,0.869       ,16.790      ,16.767      ,16.172      ,0.593       ,2.964       ,-0.000      ,-0.110      ,2.854       ,880.000     ,0.593       ,16.764      ,0.05522       ,2237          ,196.611         ,0.000         ,-0.000              ,0.198               ,23921.875       ,-0.06909          ,-0.06588              ,0.000         ,0.000         ,-0.001        ,-0.014        
17:42:14.304370     ,0.049       ,0.880       ,0.869       ,16.780      ,16.768      ,16.172      ,0.596       ,2.978       ,-0.000      ,0.085       ,3.063       ,880.000     ,0.596       ,16.767      ,0.05584       ,2245          ,197.314         ,0.000         ,-0.000              ,0.198               ,23921.875       ,-0.06895          ,-0.06601              ,0.000         ,0.000         ,-0.001        ,-0.014        
17:42:14.317662     ,0.051       ,0.880       ,0.869       ,16.790      ,16.768      ,16.172      ,0.597       ,2.983       ,-0.000      ,-0.037      ,2.946       ,880.000     ,0.597       ,16.768      ,0.05653       ,2254          ,198.105         ,0.000         ,-0.000              ,0.199               ,23921.875       ,-0.06138          ,-0.06623              ,0.000         ,0.000         ,-0.001        ,-0.013        
17:42:14.324366     ,0.051       ,0.880       ,0.869       ,16.810      ,16.773      ,16.172      ,0.597       ,2.983       ,-0.000      ,-0.022      ,2.961       ,880.000     ,0.597       ,16.768      ,0.05714       ,2262          ,198.809         ,0.000         ,-0.000              ,0.199               ,23921.875       ,-0.06906          ,-0.06642              ,0.000         ,0.000         ,-0.001        ,-0.013        
17:42:14.337537     ,0.051       ,0.880       ,0.885       ,16.840      ,16.786      ,16.172      ,0.602       ,3.008       ,-0.000      ,0.102       ,3.110       ,880.000     ,0.602       ,16.773      ,0.05783       ,2271          ,199.600         ,0.000         ,-0.000              ,0.199               ,23921.875       ,-0.06132          ,-0.06647              ,0.000         ,0.000         ,-0.002        ,-0.015        
17:42:14.344367     ,0.051       ,0.880       ,0.869       ,16.850      ,16.798      ,16.172      ,0.615       ,3.074       ,-0.000      ,0.164       ,3.238       ,880.000     ,0.615       ,16.786      ,0.05852       ,2280          ,200.391         ,0.000         ,-0.000              ,0.200               ,23921.875       ,-0.06910          ,-0.06651              ,0.000         ,0.000         ,-0.002        ,-0.015        
17:42:14.357449     ,0.051       ,0.880       ,0.885       ,16.840      ,16.809      ,16.172      ,0.626       ,3.132       ,-0.000      ,-0.032      ,3.100       ,880.000     ,0.626       ,16.798      ,0.05906       ,2287          ,201.006         ,0.000         ,-0.000              ,0.199               ,23921.875       ,-0.06892          ,-0.06643              ,0.000         ,0.000         ,-0.001        ,-0.008        
17:42:14.364434     ,0.049       ,0.880       ,0.853       ,16.860      ,16.821      ,16.172      ,0.637       ,3.185       ,-0.000      ,-0.019      ,3.166       ,880.000     ,0.637       ,16.809      ,0.05967       ,2295          ,201.709         ,0.000         ,-0.000              ,0.199               ,23921.875       ,-0.05367          ,-0.06624              ,0.000         ,0.000         ,-0.001        ,-0.008        
17:42:14.375995     ,0.049       ,0.880       ,0.885       ,16.860      ,16.830      ,16.172      ,0.649       ,3.246       ,-0.000      ,0.031       ,3.277       ,880.000     ,0.649       ,16.821      ,0.06029       ,2303          ,202.412         ,0.000         ,-0.000              ,0.198               ,23921.875       ,-0.06148          ,-0.06608              ,0.000         ,0.000         ,-0.001        ,-0.014        
17:42:14.384402     ,0.051       ,0.880       ,0.853       ,16.870      ,16.837      ,16.172      ,0.658       ,3.291       ,-0.000      ,-0.066      ,3.224       ,880.000     ,0.658       ,16.830      ,0.06090       ,2311          ,203.115         ,0.000         ,-0.000              ,0.198               ,23921.875       ,-0.06128          ,-0.06583              ,0.000         ,0.000         ,-0.001        ,-0.014        
17:42:14.394363     ,0.051       ,0.880       ,0.853       ,16.890      ,16.847      ,16.172      ,0.665       ,3.326       ,-0.000      ,-0.037      ,3.289       ,880.000     ,0.665       ,16.837      ,0.06151       ,2319          ,203.818         ,0.000         ,-0.000              ,0.198               ,23921.875       ,-0.06128          ,-0.06583              ,0.000         ,0.000         ,-0.001        ,-0.014        
17:42:14.404453     ,0.049       ,0.880       ,0.885       ,16.920      ,16.864      ,16.172      ,0.665       ,3.326       ,-0.000      ,-0.037      ,3.289       ,880.000     ,0.665       ,16.837      ,0.06213       ,2327          ,204.521         ,0.000         ,-0.000              ,0.197               ,23921.875       ,-0.06143          ,-0.06551              ,0.000         ,0.000         ,-0.001        ,-0.014        
17:42:14.414387     ,0.049       ,0.880       ,0.885       ,16.910      ,16.873      ,16.172      ,0.692       ,3.462       ,-0.000      ,0.406       ,3.868       ,880.000     ,0.692       ,16.864      ,0.06266       ,2334          ,205.137         ,0.000         ,-0.000              ,0.197               ,23921.875       ,-0.06143          ,-0.06551              ,0.000         ,0.000         ,-0.001        ,-0.013        
17:42:14.424362     ,0.051       ,0.880       ,0.885       ,16.910      ,16.883      ,16.172      ,0.711       ,3.555       ,-0.000      ,-0.177      ,3.378       ,880.000     ,0.711       ,16.883      ,0.06320       ,2341          ,205.752         ,0.000         ,-0.000              ,0.195               ,23921.875       ,-0.06137          ,-0.06512              ,0.000         ,0.000         ,-0.001        ,-0.013        
17:42:14.434382     ,0.051       ,0.880       ,0.885       ,16.900      ,16.889      ,16.172      ,0.711       ,3.555       ,-0.000      ,-0.177      ,3.378       ,880.000     ,0.711       ,16.883      ,0.06374       ,2348          ,206.367         ,0.000         ,-0.000              ,0.195               ,23921.875       ,-0.06137          ,-0.06512              ,0.000         ,0.000         ,-0.001        ,-0.014        
17:42:14.449786     ,0.049       ,0.880       ,0.869       ,16.900      ,16.893      ,16.172      ,0.711       ,3.555       ,-0.000      ,-0.177      ,3.378       ,880.000     ,0.711       ,16.883      ,0.06435       ,2356          ,207.070         ,0.000         ,-0.000              ,0.194               ,23921.875       ,-0.05364          ,-0.06467              ,0.000         ,0.000         ,-0.001        ,-0.014        
17:42:14.454387     ,0.049       ,0.880       ,0.869       ,16.910      ,16.895      ,16.172      ,0.721       ,3.606       ,-0.000      ,-0.164      ,3.442       ,880.000     ,0.721       ,16.893      ,0.06481       ,2362          ,207.598         ,0.000         ,-0.000              ,0.194               ,23921.875       ,-0.05364          ,-0.06467              ,0.000         ,0.000         ,-0.001        ,-0.014        
17:42:14.468531     ,0.051       ,0.880       ,0.869       ,16.900      ,16.897      ,16.172      ,0.723       ,3.615       ,-0.000      ,-0.170      ,3.445       ,880.000     ,0.723       ,16.895      ,0.06535       ,2369          ,208.213         ,0.000         ,-0.000              ,0.191               ,23921.875       ,-0.04604          ,-0.06352              ,0.000         ,0.000         ,-0.002        ,-0.015        
17:42:14.474366     ,0.051       ,0.880       ,0.869       ,16.910      ,16.899      ,16.172      ,0.723       ,3.615       ,-0.000      ,-0.170      ,3.445       ,880.000     ,0.723       ,16.895      ,0.06581       ,2375          ,208.740         ,0.000         ,-0.000              ,0.191               ,23921.875       ,-0.04604          ,-0.06352              ,0.000         ,0.000         ,-0.002        ,-0.015        
17:42:14.486381     ,0.051       ,0.880       ,0.869       ,16.930      ,16.905      ,16.172      ,0.728       ,3.638       ,-0.000      ,0.058       ,3.696       ,880.000     ,0.728       ,16.899      ,0.06634       ,2382          ,209.355         ,0.000         ,-0.000              ,0.188               ,23921.875       ,-0.04596          ,-0.06261              ,0.000         ,0.000         ,-0.001        ,-0.014        
17:42:14.494370     ,0.051       ,0.880       ,0.885       ,16.930      ,16.907      ,16.172      ,0.733       ,3.664       ,0.000       ,0.010       ,3.675       ,880.000     ,0.733       ,16.905      ,0.06688       ,2389          ,209.971         ,0.000         ,-0.000              ,0.185               ,23921.875       ,-0.05363          ,-0.06162              ,0.000         ,0.000         ,-0.001        ,-0.014        
17:42:14.505080     ,0.049       ,0.880       ,0.853       ,16.910      ,16.903      ,16.172      ,0.735       ,3.676       ,0.000       ,-0.058      ,3.617       ,880.000     ,0.735       ,16.907      ,0.06734       ,2395          ,210.498         ,0.000         ,-0.000              ,0.182               ,23921.875       ,-0.05377          ,-0.06077              ,0.000         ,0.000         ,-0.001        ,-0.014        
17:42:14.514389     ,0.049       ,0.880       ,0.869       ,16.900      ,16.902      ,16.172      ,0.732       ,3.659       ,0.000       ,-0.113      ,3.546       ,880.000     ,0.732       ,16.903      ,0.06773       ,2400          ,210.938         ,0.000         ,-0.000              ,0.179               ,23921.875       ,-0.04601          ,-0.05982              ,0.000         ,0.000         ,-0.001        ,-0.014        
17:42:14.524917     ,0.049       ,0.880       ,0.869       ,16.900      ,16.902      ,16.172      ,0.731       ,3.654       ,0.000       ,0.049       ,3.703       ,880.000     ,0.731       ,16.902      ,0.06826       ,2407          ,211.553         ,0.000         ,-0.000              ,0.179               ,23921.875       ,-0.04601          ,-0.05982              ,0.000         ,0.000         ,-0.001        ,-0.014        
17:42:14.534376     ,0.051       ,0.880       ,0.885       ,16.900      ,16.899      ,16.172      ,0.728       ,3.639       ,0.000       ,-0.044      ,3.595       ,880.000     ,0.728       ,16.899      ,0.06865       ,2412          ,211.992         ,0.000         ,-0.000              ,0.176               ,23921.875       ,-0.03841          ,-0.05867              ,0.000         ,0.000         ,-0.001        ,-0.014        
17:42:14.544369     ,0.051       ,0.880       ,0.885       ,16.890      ,16.896      ,16.172      ,0.728       ,3.639       ,0.000       ,-0.044      ,3.595       ,880.000     ,0.728       ,16.899      ,0.06911       ,2418          ,212.520         ,0.000         ,-0.000              ,0.172               ,23921.875       ,-0.03839          ,-0.05735              ,0.000         ,0.000         ,-0.001        ,-0.011        
17:42:14.554368     ,0.051       ,0.880       ,0.885       ,16.890      ,16.895      ,16.172      ,0.723       ,3.617       ,0.000       ,-0.026      ,3.591       ,880.000     ,0.723       ,16.895      ,0.06957       ,2424          ,213.047         ,0.000         ,-0.000              ,0.172               ,23921.875       ,-0.03839          ,-0.05735              ,0.000         ,0.000         ,-0.001        ,-0.011        
17:42:14.564409     ,0.051       ,0.880       ,0.885       ,16.900      ,16.895      ,16.172      ,0.723       ,3.617       ,0.000       ,-0.026      ,3.591       ,880.000     ,0.723       ,16.895      ,0.06995       ,2429          ,213.486         ,0.000         ,-0.000              ,0.172               ,23921.875       ,-0.03839          ,-0.05735              ,0.000         ,0.000         ,-0.001        ,-0.010        
17:42:14.579836     ,0.049       ,0.880       ,0.869       ,16.890      ,16.890      ,16.172      ,0.723       ,3.617       ,0.000       ,-0.026      ,3.591       ,880.000     ,0.723       ,16.895      ,0.07033       ,2434          ,213.926         ,0.000         ,-0.000              ,0.168               ,23921.875       ,-0.04587          ,-0.05599              ,0.000         ,0.000         ,-0.001        ,-0.014        
17:42:14.585672     ,0.051       ,0.880       ,0.885       ,16.890      ,16.890      ,16.172      ,0.718       ,3.592       ,0.000       ,-0.011      ,3.581       ,880.000     ,0.718       ,16.890      ,0.07072       ,2439          ,214.365         ,0.000         ,-0.000              ,0.164               ,23921.875       ,-0.03833          ,-0.05461              ,0.000         ,0.000         ,-0.001        ,-0.014        
17:42:14.598610     ,0.051       ,0.880       ,0.885       ,16.840      ,16.876      ,16.172      ,0.718       ,3.592       ,0.000       ,-0.011      ,3.581       ,880.000     ,0.718       ,16.890      ,0.07118       ,2445          ,214.893         ,0.000         ,-0.000              ,0.164               ,23921.875       ,-0.03833          ,-0.05461              ,0.000         ,0.000         ,-0.001        ,-0.011        
17:42:14.604394     ,0.051       ,0.880       ,0.885       ,16.850      ,16.869      ,16.172      ,0.698       ,3.488       ,0.000       ,0.127       ,3.615       ,880.000     ,0.698       ,16.869      ,0.07148       ,2449          ,215.244         ,0.000         ,-0.000              ,0.160               ,23921.875       ,-0.04598          ,-0.05320              ,0.000         ,0.000         ,-0.001        ,-0.011        
17:42:14.618640     ,0.051       ,0.880       ,0.869       ,16.860      ,16.864      ,16.172      ,0.698       ,3.488       ,0.000       ,0.127       ,3.615       ,880.000     ,0.698       ,16.869      ,0.07148       ,2449          ,215.244         ,0.000         ,-0.000              ,0.155               ,23921.875       ,-0.03069          ,-0.05178              ,0.000         ,0.000         ,-0.001        ,-0.014        
17:42:14.624412     ,0.049       ,0.880       ,0.869       ,16.850      ,16.856      ,16.172      ,0.693       ,3.464       ,0.000       ,0.047       ,3.511       ,880.000     ,0.693       ,16.864      ,0.07217       ,2458          ,216.035         ,0.000         ,-0.000              ,0.151               ,23921.875       ,-0.03069          ,-0.05034              ,0.000         ,0.000         ,-0.001        ,-0.014        
17:42:14.637365     ,0.049       ,0.880       ,0.885       ,16.830      ,16.846      ,16.172      ,0.684       ,3.420       ,0.000       ,-0.077      ,3.343       ,880.000     ,0.684       ,16.856      ,0.07256       ,2463          ,216.475         ,0.000         ,-0.000              ,0.146               ,23921.875       ,-0.03451          ,-0.04883              ,0.000         ,0.000         ,-0.001        ,-0.014        
17:42:14.644425     ,0.049       ,0.880       ,0.869       ,16.800      ,16.839      ,16.172      ,0.674       ,3.369       ,0.000       ,-0.029      ,3.340       ,880.000     ,0.674       ,16.846      ,0.07286       ,2467          ,216.826         ,0.000         ,-0.000              ,0.142               ,23921.875       ,-0.03840          ,-0.04731              ,0.000         ,0.000         ,-0.001        ,-0.014        
17:42:14.657212     ,0.051       ,0.880       ,0.885       ,16.790      ,16.827      ,16.172      ,0.667       ,3.335       ,0.000       ,0.067       ,3.403       ,880.000     ,0.667       ,16.839      ,0.07317       ,2471          ,217.178         ,0.000         ,-0.000              ,0.137               ,23921.875       ,-0.03061          ,-0.04579              ,0.000         ,0.000         ,-0.001        ,-0.013        
17:42:14.664453     ,0.051       ,0.880       ,0.885       ,16.750      ,16.807      ,16.172      ,0.655       ,3.277       ,0.000       ,-0.098      ,3.179       ,880.000     ,0.655       ,16.827      ,0.07348       ,2475          ,217.529         ,0.000         ,-0.000              ,0.133               ,23921.875       ,-0.03068          ,-0.04439              ,0.000         ,0.000         ,-0.001        ,-0.013        
17:42:14.675912     ,0.049       ,0.880       ,0.869       ,16.750      ,16.790      ,16.172      ,0.619       ,3.093       ,0.000       ,0.072       ,3.164       ,880.000     ,0.619       ,16.790      ,0.07371       ,2478          ,217.793         ,0.000         ,-0.000              ,0.129               ,23921.875       ,-0.03074          ,-0.04307              ,0.000         ,0.000         ,-0.001        ,-0.013        
17:42:14.684505     ,0.049       ,0.880       ,0.869       ,16.730      ,16.773      ,16.172      ,0.619       ,3.093       ,0.000       ,0.072       ,3.164       ,880.000     ,0.619       ,16.790      ,0.07394       ,2481          ,218.057         ,0.000         ,-0.000              ,0.125               ,23921.875       ,-0.02298          ,-0.04162              ,0.000         ,0.000         ,-0.001        ,-0.013        
17:42:14.694490     ,0.049       ,0.880       ,0.885       ,16.720      ,16.758      ,16.172      ,0.601       ,3.007       ,0.000       ,-0.010      ,2.997       ,880.000     ,0.601       ,16.773      ,0.07417       ,2484          ,218.320         ,0.000         ,-0.000              ,0.120               ,23921.875       ,-0.02304          ,-0.04015              ,0.000         ,0.000         ,-0.001        ,-0.013        
17:42:14.704373     ,0.051       ,0.880       ,0.885       ,16.720      ,16.742      ,16.172      ,0.570       ,2.852       ,0.000       ,-0.620      ,2.231       ,880.000     ,0.570       ,16.742      ,0.07432       ,2486          ,218.496         ,0.000         ,-0.000              ,0.116               ,23921.875       ,-0.02304          ,-0.03856              ,0.000         ,0.000         ,-0.001        ,-0.013        
17:42:14.715186     ,0.049       ,0.880       ,0.869       ,16.690      ,16.726      ,16.172      ,0.570       ,2.852       ,0.000       ,-0.620      ,2.231       ,880.000     ,0.570       ,16.742      ,0.07447       ,2488          ,218.672         ,0.000         ,-0.000              ,0.111               ,23921.875       ,-0.01536          ,-0.03697              ,0.000         ,0.000         ,-0.001        ,-0.014        
17:42:14.724421     ,0.049       ,0.880       ,0.869       ,16.670      ,16.707      ,16.172      ,0.555       ,2.774       ,0.000       ,0.309       ,3.083       ,880.000     ,0.555       ,16.726      ,0.07463       ,2490          ,218.848         ,0.000         ,-0.000              ,0.106               ,23921.875       ,-0.01535          ,-0.03540              ,0.000         ,0.000         ,-0.001        ,-0.014        
17:42:14.737257     ,0.049       ,0.880       ,0.869       ,16.670      ,16.694      ,16.172      ,0.536       ,2.678       ,0.000       ,-0.070      ,2.608       ,880.000     ,0.536       ,16.707      ,0.07470       ,2491          ,218.936         ,0.000         ,-0.000              ,0.101               ,23921.875       ,-0.01533          ,-0.03377              ,0.000         ,0.000         ,-0.001        ,-0.013        
17:42:14.744424     ,0.049       ,0.880       ,0.885       ,16.660      ,16.681      ,16.172      ,0.522       ,2.610       ,0.000       ,0.110       ,2.721       ,880.000     ,0.522       ,16.694      ,0.07470       ,2491          ,218.936         ,0.000         ,-0.000              ,0.096               ,23921.875       ,-0.00768          ,-0.03193              ,0.000         ,0.000         ,-0.001        ,-0.013        
17:42:14.756048     ,0.049       ,0.880       ,0.869       ,16.660      ,16.669      ,16.172      ,0.509       ,2.547       ,0.000       ,0.020       ,2.568       ,880.000     ,0.509       ,16.681      ,0.07478       ,2492          ,219.023         ,0.000         ,-0.000              ,0.090               ,23921.875       ,0.00000           ,-0.02990              ,0.000         ,0.000         ,-0.001        ,-0.014        
17:42:14.764581     ,0.051       ,0.880       ,0.853       ,16.550      ,16.645      ,16.172      ,0.498       ,2.489       ,0.000       ,0.018       ,2.508       ,880.000     ,0.498       ,16.669      ,0.07478       ,2492          ,219.023         ,0.000         ,-0.000              ,0.084               ,23921.875       ,-0.00766          ,-0.02783              ,0.000         ,0.000         ,-0.001        ,-0.014        
17:42:14.775949     ,0.051       ,0.880       ,0.869       ,16.430      ,16.607      ,16.172      ,0.473       ,2.366       ,0.000       ,-0.260      ,2.106       ,880.000     ,0.473       ,16.645      ,0.07478       ,2492          ,219.023         ,0.000         ,-0.000              ,0.077               ,23921.875       ,0.00000           ,-0.02562              ,0.000         ,0.000         ,-0.001        ,-0.013        
17:42:14.784584     ,0.051       ,0.880       ,0.869       ,16.240      ,16.540      ,16.172      ,0.435       ,2.175       ,0.000       ,-0.271      ,1.904       ,880.000     ,0.435       ,16.607      ,0.07470       ,2491          ,218.936         ,0.000         ,-0.000              ,0.070               ,23921.875       ,0.00000           ,-0.02338              ,0.000         ,0.000         ,-0.001        ,-0.013        
17:42:14.794446     ,0.051       ,0.880       ,0.885       ,16.200      ,16.474      ,16.172      ,0.369       ,1.843       ,0.000       ,-0.564      ,1.278       ,880.000     ,0.369       ,16.540      ,0.07463       ,2490          ,218.848         ,0.000         ,-0.000              ,0.063               ,23921.875       ,0.00768           ,-0.02103              ,0.000         ,0.000         ,-0.001        ,-0.010        
17:42:14.804673     ,0.049       ,0.880       ,0.869       ,16.210      ,16.405      ,16.172      ,0.302       ,1.512       ,0.000       ,0.004       ,1.515       ,880.000     ,0.302       ,16.474      ,0.07455       ,2489          ,218.760         ,0.000         ,-0.000              ,0.056               ,23921.875       ,0.00766           ,-0.01856              ,0.000         ,0.000         ,-0.001        ,-0.010        
17:42:14.814388     ,0.049       ,0.880       ,0.869       ,16.180      ,16.338      ,16.172      ,0.233       ,1.166       ,0.000       ,-0.058      ,1.108       ,880.000     ,0.233       ,16.405      ,0.07447       ,2488          ,218.672         ,0.000         ,-0.000              ,0.056               ,23921.873       ,0.00766           ,-0.01856              ,0.000         ,0.000         ,-0.000        ,-0.001        
17:42:14.830809     ,0.051       ,0.880       ,0.885       ,16.130      ,16.267      ,16.172      ,0.096       ,0.479       ,0.000       ,-1.365      ,-0.886      ,880.000     ,0.096       ,16.267      ,0.07440       ,2487          ,218.584         ,-0.200        ,0.001               ,0.048               ,23921.873       ,0.00766           ,-0.01613              ,0.000         ,0.000         ,-0.001        ,-0.008        
17:42:14.834519     ,0.051       ,0.880       ,0.885       ,16.160      ,16.224      ,16.172      ,0.096       ,0.479       ,0.000       ,-1.365      ,-0.886      ,880.000     ,0.096       ,16.267      ,0.07424       ,2485          ,218.408         ,-0.400        ,0.001               ,0.048               ,23921.873       ,0.00766           ,-0.01613              ,0.000         ,0.000         ,-0.001        ,-0.008        
17:42:14.849426     ,0.051       ,0.880       ,0.869       ,16.160      ,16.180      ,16.172      ,0.096       ,0.479       ,0.000       ,-1.365      ,-0.886      ,880.000     ,0.096       ,16.267      ,0.07417       ,2484          ,218.320         ,-0.600        ,0.002               ,0.041               ,23921.873       ,0.00766           ,-0.01371              ,0.000         ,0.000         ,-0.001        ,-0.009        
17:42:14.854381     ,0.051       ,0.880       ,0.869       ,16.140      ,16.137      ,16.172      ,0.008       ,0.042       ,0.000       ,0.832       ,0.832       ,880.000     ,0.008       ,16.180      ,0.07401       ,2482          ,218.145         ,-0.800        ,0.003               ,0.041               ,23921.873       ,0.00766           ,-0.01371              ,0.000         ,0.000         ,-0.001        ,-0.009        
17:42:14.869428     ,0.051       ,0.880       ,0.918       ,16.030      ,16.097      ,16.172      ,-0.035      ,-0.175      ,0.000       ,0.881       ,0.706       ,880.000     ,-0.035      ,16.137      ,0.07394       ,2481          ,218.057         ,-1.000        ,0.003               ,0.027               ,23921.873       ,0.01535           ,-0.00892              ,0.000         ,0.000         ,-0.001        ,-0.006        
17:42:14.874381     ,0.051       ,0.880       ,0.918       ,16.030      ,16.085      ,16.172      ,-0.035      ,-0.175      ,0.000       ,0.881       ,0.706       ,880.000     ,-0.035      ,16.137      ,0.07386       ,2480          ,217.969         ,-1.000        ,0.003               ,0.027               ,23921.873       ,0.01535           ,-0.00892              ,0.000         ,0.000         ,-0.001        ,-0.006        
17:42:14.888304     ,0.049       ,0.880       ,0.885       ,16.070      ,16.082      ,16.172      ,-0.087      ,-0.434      ,0.000       ,-0.168      ,-0.602      ,880.000     ,-0.087      ,16.085      ,0.07371       ,2478          ,217.793         ,-1.000        ,0.003               ,0.020               ,23921.873       ,0.00766           ,-0.00678              ,0.000         ,0.000         ,-0.001        ,-0.006        
17:42:14.894372     ,0.049       ,0.880       ,0.885       ,16.080      ,16.081      ,16.172      ,-0.089      ,-0.446      ,0.000       ,0.988       ,0.542       ,880.000     ,-0.089      ,16.082      ,0.07363       ,2477          ,217.705         ,-1.000        ,0.003               ,0.014               ,23921.873       ,0.01536           ,-0.00461              ,0.000         ,0.000         ,-0.001        ,-0.006        
17:42:14.907160     ,0.051       ,0.880       ,0.885       ,16.070      ,16.074      ,16.172      ,-0.091      ,-0.455      ,0.000       ,0.011       ,-0.444      ,880.000     ,-0.091      ,16.081      ,0.07355       ,2476          ,217.617         ,-1.000        ,0.003               ,0.008               ,23921.873       ,0.00766           ,-0.00265              ,0.000         ,0.000         ,-0.001        ,-0.006        
17:42:14.914391     ,0.051       ,0.880       ,0.869       ,16.060      ,16.076      ,16.172      ,-0.098      ,-0.489      ,0.000       ,-0.100      ,-0.589      ,880.000     ,-0.098      ,16.074      ,0.07348       ,2475          ,217.529         ,-1.000        ,0.003               ,0.003               ,23921.873       ,0.00767           ,-0.00087              ,0.000         ,0.000         ,-0.001        ,-0.006        
17:42:14.926851     ,0.049       ,0.880       ,0.869       ,16.040      ,16.066      ,16.172      ,-0.096      ,-0.478      ,0.000       ,0.181       ,-0.298      ,880.000     ,-0.096      ,16.076      ,0.07340       ,2474          ,217.441         ,-1.000        ,0.003               ,-0.002              ,23921.873       ,0.00767           ,0.00064               ,0.000         ,0.000         ,-0.001        ,-0.005        
17:42:14.934395     ,0.051       ,0.880       ,0.885       ,16.020      ,16.045      ,16.172      ,-0.106      ,-0.530      ,0.000       ,-0.252      ,-0.782      ,880.000     ,-0.106      ,16.066      ,0.07332       ,2473          ,217.354         ,-1.000        ,0.003               ,-0.006              ,23921.873       ,0.00766           ,0.00192               ,0.000         ,0.000         ,-0.001        ,-0.005        
17:42:14.946417     ,0.049       ,0.880       ,0.885       ,15.980      ,16.022      ,16.172      ,-0.127      ,-0.636      ,0.000       ,-0.214      ,-0.849      ,880.000     ,-0.127      ,16.045      ,0.07332       ,2473          ,217.354         ,-1.000        ,0.003               ,-0.009              ,23921.871       ,0.00768           ,0.00301               ,0.000         ,0.000         ,-0.000        ,-0.004        
17:42:14.954376     ,0.051       ,0.880       ,0.869       ,15.980      ,16.010      ,16.172      ,-0.150      ,-0.748      ,0.000       ,-0.029      ,-0.777      ,880.000     ,-0.150      ,16.022      ,0.07325       ,2472          ,217.266         ,-1.000        ,0.003               ,-0.011              ,23921.871       ,0.00000           ,0.00383               ,0.000         ,0.000         ,-0.000        ,-0.004        
17:42:14.968447     ,0.049       ,0.880       ,0.869       ,16.020      ,16.009      ,16.172      ,-0.162      ,-0.815      ,0.000       ,0.232       ,-0.609      ,880.000     ,-0.162      ,16.010      ,0.07317       ,2471          ,217.178         ,-1.000        ,0.003               ,-0.014              ,23921.871       ,0.00767           ,0.00452               ,0.000         ,0.000         ,-0.001        ,-0.005        
17:42:14.974417     ,0.049       ,0.880       ,0.885       ,16.060      ,16.015      ,16.172      ,-0.163      ,-0.815      ,0.000       ,0.232       ,-0.583      ,880.000     ,-0.163      ,16.009      ,0.07317       ,2471          ,217.178         ,-1.000        ,0.003               ,-0.015              ,23921.871       ,0.00768           ,0.00499               ,0.000         ,0.000         ,-0.001        ,-0.005        
17:42:14.987240     ,0.051       ,0.880       ,0.869       ,16.030      ,16.013      ,16.172      ,-0.157      ,-0.785      ,0.000       ,0.138       ,-0.646      ,880.000     ,-0.157      ,16.015      ,0.07317       ,2471          ,217.178         ,-1.000        ,0.003               ,-0.016              ,23921.871       ,0.00000           ,0.00528               ,0.000         ,0.000         ,-0.001        ,-0.005        
17:42:14.994363     ,0.051       ,0.880       ,0.885       ,16.020      ,16.014      ,16.172      ,-0.159      ,-0.793      ,0.000       ,-0.157      ,-0.950      ,880.000     ,-0.159      ,16.013      ,0.07317       ,2471          ,217.178         ,-1.000        ,0.003               ,-0.016              ,23921.871       ,0.00000           ,0.00529               ,0.000         ,0.000         ,-0.001        ,-0.005        
17:42:15.007973     ,0.051       ,0.880       ,0.885       ,16.000      ,16.011      ,16.172      ,-0.158      ,-0.788      ,0.000       ,0.056       ,-0.732      ,880.000     ,-0.158      ,16.014      ,0.07317       ,2471          ,217.178         ,-0.800        ,0.003               ,-0.016              ,23921.871       ,0.00000           ,0.00519               ,0.000         ,0.000         ,-0.001        ,-0.005        
17:42:15.014389     ,0.049       ,0.880       ,0.853       ,16.020      ,16.008      ,16.172      ,-0.160      ,-0.802      ,0.000       ,-0.077      ,-0.880      ,880.000     ,-0.160      ,16.011      ,0.07317       ,2471          ,217.178         ,-0.600        ,0.002               ,-0.015              ,23921.871       ,0.00000           ,0.00499               ,0.000         ,0.000         ,-0.001        ,-0.005        
17:42:15.027733     ,0.049       ,0.880       ,0.869       ,16.070      ,16.012      ,16.172      ,-0.160      ,-0.801      ,0.000       ,0.122       ,-0.678      ,880.000     ,-0.160      ,16.012      ,0.07317       ,2471          ,217.178         ,-0.400        ,0.001               ,-0.014              ,23921.871       ,0.00000           ,0.00470               ,0.000         ,0.000         ,-0.000        ,-0.003        
17:42:15.034410     ,0.049       ,0.880       ,0.869       ,16.120      ,16.030      ,16.172      ,-0.160      ,-0.801      ,0.000       ,0.122       ,-0.678      ,880.000     ,-0.160      ,16.012      ,0.07317       ,2471          ,217.178         ,-0.200        ,0.001               ,-0.013              ,23921.871       ,0.00000           ,0.00434               ,0.000         ,0.000         ,-0.000        ,-0.003        
17:42:15.045409     ,0.051       ,0.880       ,0.869       ,16.190      ,16.059      ,16.172      ,-0.141      ,-0.707      ,0.000       ,0.311       ,-0.396      ,880.000     ,-0.141      ,16.030      ,0.07317       ,2471          ,217.178         ,0.000         ,-0.000              ,-0.012              ,23921.871       ,0.00000           ,0.00392               ,0.000         ,0.000         ,-0.001        ,-0.006        
17:42:15.054389     ,0.049       ,0.880       ,0.869       ,16.210      ,16.091      ,16.172      ,-0.112      ,-0.561      ,0.000       ,0.208       ,-0.353      ,880.000     ,-0.112      ,16.059      ,0.07317       ,2471          ,217.178         ,0.000         ,-0.000              ,-0.011              ,23921.871       ,0.00000           ,0.00356               ,0.000         ,0.000         ,-0.001        ,-0.006        
17:42:15.069763     ,0.051       ,0.880       ,0.885       ,16.210      ,16.118      ,16.172      ,-0.081      ,-0.404      ,0.000       ,0.044       ,-0.360      ,880.000     ,-0.081      ,16.091      ,0.07317       ,2471          ,217.178         ,0.000         ,-0.000              ,-0.009              ,23921.871       ,0.00000           ,0.00314               ,0.000         ,0.000         ,-0.001        ,-0.005        
17:42:15.074363     ,0.051       ,0.880       ,0.885       ,16.210      ,16.140      ,16.172      ,-0.054      ,-0.270      ,0.000       ,-0.091      ,-0.362      ,880.000     ,-0.054      ,16.118      ,0.07317       ,2471          ,217.178         ,0.000         ,-0.000              ,-0.009              ,23921.871       ,0.00000           ,0.00314               ,0.000         ,0.000         ,-0.001        ,-0.005        
17:42:15.090703     ,0.049       ,0.880       ,0.853       ,16.180      ,16.158      ,16.172      ,-0.031      ,-0.156      ,0.000       ,-0.079      ,-0.235      ,880.000     ,-0.031      ,16.140      ,0.07317       ,2471          ,217.178         ,0.000         ,-0.000              ,-0.007              ,23921.871       ,0.00000           ,0.00227               ,0.000         ,0.000         ,-0.001        ,-0.005        
17:42:15.094363     ,0.049       ,0.880       ,0.853       ,16.150      ,16.165      ,16.172      ,-0.014      ,-0.071      ,0.000       ,-0.117      ,-0.187      ,880.000     ,-0.014      ,16.158      ,0.07317       ,2471          ,217.178         ,0.000         ,-0.000              ,-0.007              ,23921.871       ,0.00000           ,0.00227               ,0.000         ,0.000         ,-0.001        ,-0.005        
17:42:15.109548     ,0.049       ,0.880       ,0.885       ,16.120      ,16.169      ,16.172      ,-0.006      ,-0.032      ,0.000       ,-0.057      ,-0.057      ,880.000     ,-0.006      ,16.165      ,0.07317       ,2471          ,217.178         ,0.000         ,-0.000              ,-0.005              ,23921.871       ,0.00000           ,0.00164               ,0.000         ,0.000         ,-0.001        ,-0.005        
17:42:15.114385     ,0.049       ,0.880       ,0.885       ,16.100      ,16.167      ,16.172      ,-0.003      ,-0.013      ,0.000       ,-0.026      ,-0.026      ,880.000     ,-0.003      ,16.169      ,0.07317       ,2471          ,217.178         ,0.000         ,-0.000              ,-0.005              ,23921.871       ,0.00000           ,0.00164               ,0.000         ,0.000         ,-0.001        ,-0.005        
17:42:15.127155     ,0.049       ,0.880       ,0.853       ,16.100      ,16.157      ,16.172      ,-0.005      ,-0.024      ,0.000       ,-0.024      ,-0.024      ,880.000     ,-0.005      ,16.167      ,0.07317       ,2471          ,217.178         ,0.000         ,-0.000              ,-0.004              ,23921.871       ,0.00000           ,0.00119               ,0.000         ,0.000         ,-0.000        ,-0.004        
17:42:15.134473     ,0.051       ,0.880       ,0.869       ,16.100      ,16.141      ,16.172      ,-0.015      ,-0.075      ,0.000       ,-0.165      ,-0.240      ,880.000     ,-0.015      ,16.157      ,0.07317       ,2471          ,217.178         ,0.000         ,-0.000              ,-0.003              ,23921.871       ,0.00000           ,0.00101               ,0.000         ,0.000         ,-0.000        ,-0.004        
17:42:15.148158     ,0.049       ,0.880       ,0.869       ,16.120      ,16.126      ,16.172      ,-0.030      ,-0.152      ,0.000       ,-0.101      ,-0.253      ,880.000     ,-0.030      ,16.141      ,0.07317       ,2471          ,217.178         ,0.000         ,-0.000              ,-0.003              ,23921.871       ,0.00000           ,0.00086               ,0.000         ,0.000         ,-0.001        ,-0.005        
17:42:15.154407     ,0.051       ,0.880       ,0.885       ,16.140      ,16.113      ,16.172      ,-0.046      ,-0.231      ,0.000       ,-0.006      ,-0.237      ,880.000     ,-0.046      ,16.126      ,0.07317       ,2471          ,217.178         ,0.000         ,-0.000              ,-0.002              ,23921.871       ,0.00000           ,0.00073               ,0.000         ,0.000         ,-0.001        ,-0.005        
17:42:15.166911     ,0.051       ,0.880       ,0.885       ,16.150      ,16.106      ,16.172      ,-0.058      ,-0.292      ,0.000       ,0.069       ,-0.223      ,880.000     ,-0.058      ,16.113      ,0.07317       ,2471          ,217.178         ,0.000         ,-0.000              ,-0.002              ,23921.871       ,0.00000           ,0.00062               ,0.000         ,0.000         ,-0.001        ,-0.005        
17:42:15.174407     ,0.049       ,0.880       ,0.869       ,16.150      ,16.104      ,16.172      ,-0.065      ,-0.327      ,0.000       ,0.103       ,-0.224      ,880.000     ,-0.065      ,16.106      ,0.07317       ,2471          ,217.178         ,0.000         ,-0.000              ,-0.002              ,23921.871       ,0.00000           ,0.00053               ,0.000         ,0.000         ,-0.001        ,-0.005        
17:42:15.185593     ,0.051       ,0.880       ,0.869       ,16.140      ,16.108      ,16.172      ,-0.068      ,-0.338      ,0.000       ,0.099       ,-0.238      ,880.000     ,-0.068      ,16.104      ,0.07317       ,2471          ,217.178         ,0.000         ,-0.000              ,-0.001              ,23921.871       ,0.00000           ,0.00045               ,0.000         ,0.000         ,-0.001        ,-0.005        
17:42:15.194372     ,0.051       ,0.880       ,0.869       ,16.150      ,16.118      ,16.172      ,-0.063      ,-0.316      ,0.000       ,0.126       ,-0.190      ,880.000     ,-0.063      ,16.108      ,0.07317       ,2471          ,217.178         ,0.000         ,-0.000              ,-0.001              ,23921.871       ,0.00000           ,0.00038               ,0.000         ,0.000         ,-0.001        ,-0.005        
17:42:15.206426     ,0.049       ,0.880       ,0.885       ,16.150      ,16.129      ,16.172      ,-0.053      ,-0.266      ,0.000       ,0.115       ,-0.151      ,880.000     ,-0.053      ,16.118      ,0.07317       ,2471          ,217.178         ,0.000         ,-0.000              ,-0.001              ,23921.871       ,0.00000           ,0.00032               ,0.000         ,0.000         ,-0.001        ,-0.005        
17:42:15.214387     ,0.051       ,0.880       ,0.869       ,16.130      ,16.135      ,16.172      ,-0.042      ,-0.212      ,0.000       ,0.015       ,-0.197      ,880.000     ,-0.042      ,16.129      ,0.07317       ,2471          ,217.178         ,0.000         ,-0.000              ,-0.001              ,23921.871       ,0.00000           ,0.00027               ,0.000         ,0.000         ,-0.001        ,-0.005        
17:42:15.226337     ,0.049       ,0.880       ,0.885       ,16.130      ,16.140      ,16.172      ,-0.032      ,-0.160      ,0.000       ,-0.039      ,-0.198      ,880.000     ,-0.032      ,16.140      ,0.07317       ,2471          ,217.178         ,0.000         ,-0.000              ,-0.001              ,23921.871       ,0.00000           ,0.00023               ,0.000         ,0.000         ,-0.001        ,-0.005        
17:42:15.234405     ,0.049       ,0.880       ,0.869       ,16.130      ,16.141      ,16.172      ,-0.032      ,-0.160      ,0.000       ,-0.039      ,-0.198      ,880.000     ,-0.032      ,16.140      ,0.07317       ,2471          ,217.178         ,0.000         ,-0.000              ,-0.001              ,23921.871       ,0.00000           ,0.00020               ,0.000         ,0.000         ,-0.001        ,-0.005        
17:42:15.247194     ,0.051       ,0.880       ,0.869       ,16.130      ,16.136      ,16.172      ,-0.030      ,-0.152      ,0.000       ,-0.056      ,-0.208      ,880.000     ,-0.030      ,16.141      ,0.07317       ,2471          ,217.178         ,0.000         ,-0.000              ,-0.001              ,23921.871       ,0.00000           ,0.00017               ,0.000         ,0.000         ,-0.000        ,-0.004        
17:42:15.254390     ,0.049       ,0.880       ,0.869       ,16.150      ,16.132      ,16.172      ,-0.035      ,-0.177      ,0.000       ,-0.133      ,-0.310      ,880.000     ,-0.035      ,16.136      ,0.07317       ,2471          ,217.178         ,0.000         ,-0.000              ,-0.000              ,23921.871       ,0.00000           ,0.00014               ,0.000         ,0.000         ,-0.000        ,-0.004        
17:42:15.264920     ,0.051       ,0.880       ,0.869       ,16.160      ,16.132      ,16.172      ,-0.040      ,-0.198      ,0.000       ,0.018       ,-0.180      ,880.000     ,-0.040      ,16.132      ,0.07317       ,2471          ,217.178         ,0.000         ,-0.000              ,-0.000              ,23921.871       ,0.00000           ,0.00012               ,0.000         ,0.000         ,-0.001        ,-0.006        
17:42:15.274380     ,0.051       ,0.880       ,0.885       ,16.180      ,16.135      ,16.172      ,-0.040      ,-0.200      ,0.000       ,0.078       ,-0.122      ,880.000     ,-0.040      ,16.132      ,0.07317       ,2471          ,217.178         ,0.000         ,-0.000              ,-0.000              ,23921.871       ,0.00000           ,0.00010               ,0.000         ,0.000         ,-0.001        ,-0.006        
17:42:15.284478     ,0.051       ,0.880       ,0.885       ,16.160      ,16.136      ,16.172      ,-0.037      ,-0.184      ,0.000       ,0.068       ,-0.117      ,880.000     ,-0.037      ,16.135      ,0.07317       ,2471          ,217.178         ,0.000         ,-0.000              ,-0.000              ,23921.871       ,0.00000           ,0.00010               ,0.000         ,0.000         ,-0.001        ,-0.006        
17:42:15.294363     ,0.049       ,0.880       ,0.869       ,16.160      ,16.141      ,16.172      ,-0.030      ,-0.152      ,0.000       ,0.068       ,-0.083      ,880.000     ,-0.030      ,16.141      ,0.07317       ,2471          ,217.178         ,0.000         ,-0.000              ,-0.000              ,23921.871       ,0.00000           ,0.00009               ,0.000         ,0.000         ,-0.001        ,-0.006        
17:42:15.304373     ,0.049       ,0.880       ,0.869       ,16.160      ,16.146      ,16.172      ,-0.030      ,-0.152      ,0.000       ,0.068       ,-0.083      ,880.000     ,-0.030      ,16.141      ,0.07317       ,2471          ,217.178         ,0.000         ,-0.000              ,-0.000              ,23921.871       ,0.00000           ,0.00009               ,0.000         ,0.000         ,-0.001        ,-0.005        
17:42:15.314374     ,0.051       ,0.880       ,0.885       ,16.160      ,16.151      ,16.172      ,-0.020      ,-0.102      ,0.000       ,0.070       ,-0.032      ,880.000     ,-0.020      ,16.151      ,0.07317       ,2471          ,217.178         ,0.000         ,-0.000              ,-0.000              ,23921.871       ,0.00000           ,0.00007               ,0.000         ,0.000         ,-0.001        ,-0.005        
17:42:15.324366     ,0.051       ,0.880       ,0.885       ,16.160      ,16.153      ,16.172      ,-0.020      ,-0.102      ,0.000       ,0.070       ,-0.032      ,880.000     ,-0.020      ,16.151      ,0.07317       ,2471          ,217.178         ,0.000         ,-0.000              ,-0.000              ,23921.871       ,0.00000           ,0.00007               ,0.000         ,0.000         ,-0.000        ,-0.004        
17:42:15.334444     ,0.049       ,0.880       ,0.869       ,16.140      ,16.154      ,16.172      ,-0.020      ,-0.102      ,0.000       ,0.070       ,-0.032      ,880.000     ,-0.020      ,16.151      ,0.07317       ,2471          ,217.178         ,0.000         ,-0.000              ,-0.000              ,23921.871       ,0.00000           ,0.00006               ,0.000         ,0.000         ,-0.000        ,-0.004        
17:42:15.344377     ,0.051       ,0.880       ,0.869       ,16.140      ,16.152      ,16.172      ,-0.020      ,-0.100      ,0.000       ,-0.086      ,-0.186      ,880.000     ,-0.020      ,16.152      ,0.07317       ,2471          ,217.178         ,0.000         ,-0.000              ,-0.000              ,23921.871       ,0.00000           ,0.00005               ,0.000         ,0.000         ,-0.000        ,-0.004        
17:42:15.354379     ,0.049       ,0.880       ,0.869       ,16.140      ,16.147      ,16.172      ,-0.024      ,-0.122      ,0.000       ,-0.051      ,-0.172      ,880.000     ,-0.024      ,16.147      ,0.07317       ,2471          ,217.178         ,0.000         ,-0.000              ,-0.000              ,23921.871       ,0.00000           ,0.00005               ,0.000         ,0.000         ,-0.000        ,-0.004        
17:42:15.364397     ,0.049       ,0.880       ,0.869       ,16.140      ,16.141      ,16.172      ,-0.024      ,-0.122      ,0.000       ,-0.051      ,-0.172      ,880.000     ,-0.024      ,16.147      ,0.07317       ,2471          ,217.178         ,0.000         ,-0.000              ,-0.000              ,23921.871       ,0.00000           ,0.00005               ,0.000         ,0.000         ,-0.000        ,-0.004        
17:42:15.381695     ,0.051       ,0.880       ,0.885       ,16.130      ,16.133      ,16.172      ,-0.024      ,-0.122      ,0.000       ,-0.051      ,-0.172      ,880.000     ,-0.024      ,16.147      ,0.07317       ,2471          ,217.178         ,0.000         ,-0.000              ,-0.000              ,23921.871       ,0.00000           ,0.00004               ,0.000         ,0.000         ,-0.000        ,-0.004        
17:42:15.384471     ,0.051       ,0.880       ,0.885       ,16.130      ,16.130      ,16.172      ,-0.038      ,-0.192      ,0.000       ,-0.191      ,-0.383      ,880.000     ,-0.038      ,16.133      ,0.07317       ,2471          ,217.178         ,0.000         ,-0.000              ,-0.000              ,23921.871       ,0.00000           ,0.00004               ,0.000         ,0.000         ,-0.000        ,-0.004        
17:42:15.400638     ,0.049       ,0.880       ,0.869       ,16.130      ,16.126      ,16.172      ,-0.038      ,-0.192      ,0.000       ,-0.191      ,-0.383      ,880.000     ,-0.038      ,16.133      ,0.07317       ,2471          ,217.178         ,0.000         ,-0.000              ,-0.000              ,23921.871       ,0.00000           ,0.00003               ,0.000         ,0.000         ,-0.001        ,-0.005        
17:42:15.404379     ,0.049       ,0.880       ,0.869       ,16.120      ,16.122      ,16.172      ,-0.045      ,-0.226      ,0.000       ,0.145       ,-0.082      ,880.000     ,-0.045      ,16.126      ,0.07317       ,2471          ,217.178         ,0.000         ,-0.000              ,-0.000              ,23921.871       ,0.00000           ,0.00003               ,0.000         ,0.000         ,-0.001        ,-0.005        
17:42:15.419468     ,0.049       ,0.880       ,0.885       ,16.120      ,16.119      ,16.172      ,-0.050      ,-0.248      ,0.000       ,0.051       ,-0.197      ,880.000     ,-0.050      ,16.122      ,0.07317       ,2471          ,217.178         ,0.000         ,-0.000              ,-0.000              ,23921.871       ,0.00000           ,0.00002               ,0.000         ,0.000         ,-0.001        ,-0.005        
17:42:15.424368     ,0.049       ,0.880       ,0.885       ,16.120      ,16.118      ,16.172      ,-0.050      ,-0.248      ,0.000       ,0.051       ,-0.197      ,880.000     ,-0.050      ,16.122      ,0.07317       ,2471          ,217.178         ,0.000         ,-0.000              ,-0.000              ,23921.871       ,0.00000           ,0.00002               ,0.000         ,0.000         ,-0.001        ,-0.005        
17:42:15.438155     ,0.051       ,0.880       ,0.885       ,16.150      ,16.121      ,16.172      ,-0.054      ,-0.269      ,0.000       ,0.001       ,-0.268      ,880.000     ,-0.054      ,16.118      ,0.07317       ,2471          ,217.178         ,0.000         ,-0.000              ,-0.000              ,23921.871       ,0.00000           ,0.00002               ,0.000         ,0.000         ,-0.000        ,-0.004        
17:42:15.444365     ,0.049       ,0.880       ,0.885       ,16.140      ,16.121      ,16.172      ,-0.050      ,-0.252      ,0.000       ,0.153       ,-0.098      ,880.000     ,-0.050      ,16.121      ,0.07317       ,2471          ,217.178         ,0.000         ,-0.000              ,-0.000              ,23921.871       ,0.00000           ,0.00002               ,0.000         ,0.000         ,-0.000        ,-0.004        
17:42:15.456839     ,0.049       ,0.880       ,0.869       ,16.180      ,16.130      ,16.172      ,-0.050      ,-0.252      ,0.000       ,-0.069      ,-0.321      ,880.000     ,-0.050      ,16.121      ,0.07317       ,2471          ,217.178         ,0.000         ,-0.000              ,-0.000              ,23921.871       ,0.00000           ,0.00001               ,0.000         ,0.000         ,-0.001        ,-0.006        
17:42:15.464393     ,0.049       ,0.880       ,0.869       ,16.150      ,16.132      ,16.172      ,-0.042      ,-0.209      ,0.000       ,0.170       ,-0.039      ,880.000     ,-0.042      ,16.130      ,0.07317       ,2471          ,217.178         ,0.000         ,-0.000              ,-0.000              ,23921.871       ,0.00000           ,0.00001               ,0.000         ,0.000         ,-0.001        ,-0.006        
17:42:15.475400     ,0.049       ,0.880       ,0.869       ,16.160      ,16.138      ,16.172      ,-0.040      ,-0.198      ,0.000       ,-0.126      ,-0.325      ,880.000     ,-0.040      ,16.132      ,0.07317       ,2471          ,217.178         ,0.000         ,-0.000              ,-0.000              ,23921.871       ,0.00000           ,0.00001               ,0.000         ,0.000         ,-0.001        ,-0.005        
17:42:15.484407     ,0.049       ,0.880       ,0.869       ,16.160      ,16.141      ,16.172      ,-0.034      ,-0.168      ,0.000       ,0.077       ,-0.091      ,880.000     ,-0.034      ,16.138      ,0.07317       ,2471          ,217.178         ,0.000         ,-0.000              ,-0.000              ,23921.871       ,0.00000           ,0.00001               ,0.000         ,0.000         ,-0.001        ,-0.005        
17:42:15.494415     ,0.049       ,0.880       ,0.869       ,16.130      ,16.143      ,16.172      ,-0.031      ,-0.155      ,0.000       ,-0.067      ,-0.222      ,880.000     ,-0.031      ,16.141      ,0.07317       ,2471          ,217.178         ,0.000         ,-0.000              ,-0.000              ,23921.871       ,0.00000           ,0.00001               ,0.000         ,0.000         ,-0.001        ,-0.006        
17:42:15.504380     ,0.049       ,0.880       ,0.869       ,16.130      ,16.139      ,16.172      ,-0.033      ,-0.164      ,0.000       ,-0.090      ,-0.254      ,880.000     ,-0.033      ,16.139      ,0.07317       ,2471          ,217.178         ,0.000         ,-0.000              ,-0.000              ,23921.871       ,0.00000           ,0.00001               ,0.000         ,0.000         ,-0.001        ,-0.006        
17:42:15.514389     ,0.049       ,0.880       ,0.869       ,16.100      ,16.136      ,16.172      ,-0.033      ,-0.164      ,0.000       ,-0.090      ,-0.254      ,880.000     ,-0.033      ,16.139      ,0.07317       ,2471          ,217.178         ,0.000         ,-0.000              ,-0.000              ,23921.871       ,0.00000           ,0.00001               ,0.000         ,0.000         ,-0.000        ,-0.003        
17:42:15.532446     ,0.051       ,0.880       ,0.869       ,16.100      ,16.129      ,16.172      ,-0.033      ,-0.164      ,0.000       ,-0.090      ,-0.254      ,880.000     ,-0.033      ,16.139      ,0.07317       ,2471          ,217.178         ,0.000         ,-0.000              ,-0.000              ,23921.871       ,0.00000           ,0.00001               ,0.000         ,0.000         ,-0.001        ,-0.008        
17:42:15.534368     ,0.051       ,0.880       ,0.869       ,16.080      ,16.116      ,16.172      ,-0.043      ,-0.214      ,0.000       ,-0.163      ,-0.377      ,880.000     ,-0.043      ,16.129      ,0.07317       ,2471          ,217.178         ,0.000         ,-0.000              ,-0.000              ,23921.871       ,0.00000           ,0.00001               ,0.000         ,0.000         ,-0.001        ,-0.008        
17:42:15.551432     ,0.051       ,0.880       ,0.885       ,16.080      ,16.106      ,16.172      ,-0.066      ,-0.331      ,0.000       ,-0.270      ,-0.600      ,880.000     ,-0.066      ,16.106      ,0.07317       ,2471          ,217.178         ,0.000         ,-0.000              ,-0.000              ,23921.871       ,0.00000           ,0.00001               ,0.000         ,0.000         ,-0.000        ,-0.003        
17:42:15.554405     ,0.051       ,0.880       ,0.885       ,16.090      ,16.094      ,16.172      ,-0.066      ,-0.331      ,0.000       ,-0.270      ,-0.600      ,880.000     ,-0.066      ,16.106      ,0.07317       ,2471          ,217.178         ,0.000         ,-0.000              ,-0.000              ,23921.871       ,0.00000           ,0.00001               ,0.000         ,0.000         ,-0.000        ,-0.003        
17:42:15.570322     ,0.049       ,0.880       ,0.869       ,16.100      ,16.088      ,16.172      ,-0.066      ,-0.331      ,0.000       ,-0.270      ,-0.600      ,880.000     ,-0.066      ,16.106      ,0.07317       ,2471          ,217.178         ,0.000         ,-0.000              ,-0.000              ,23921.871       ,0.00000           ,0.00000               ,0.000         ,0.000         ,-0.000        ,-0.003        
17:42:15.574362     ,0.049       ,0.880       ,0.869       ,16.120      ,16.085      ,16.172      ,-0.083      ,-0.417      ,0.000       ,0.124       ,-0.293      ,880.000     ,-0.083      ,16.088      ,0.07317       ,2471          ,217.178         ,0.000         ,-0.000              ,-0.000              ,23921.871       ,0.00000           ,0.00000               ,0.000         ,0.000         ,-0.000        ,-0.003        
17:42:15.589320     ,0.051       ,0.880       ,0.885       ,16.120      ,16.086      ,16.172      ,-0.087      ,-0.433      ,0.000       ,0.281       ,-0.152      ,880.000     ,-0.087      ,16.085      ,0.07317       ,2471          ,217.178         ,0.000         ,-0.000              ,-0.000              ,23921.871       ,0.00000           ,0.00000               ,0.000         ,0.000         ,-0.001        ,-0.005        
17:42:15.594426     ,0.051       ,0.880       ,0.885       ,16.130      ,16.092      ,16.172      ,-0.087      ,-0.433      ,0.000       ,0.281       ,-0.152      ,880.000     ,-0.087      ,16.085      ,0.07317       ,2471          ,217.178         ,0.000         ,-0.000              ,-0.000              ,23921.871       ,0.00000           ,0.00000               ,0.000         ,0.000         ,-0.001        ,-0.005        
17:42:15.607968     ,0.051       ,0.880       ,0.885       ,16.140      ,16.100      ,16.172      ,-0.087      ,-0.433      ,0.000       ,0.281       ,-0.152      ,880.000     ,-0.087      ,16.085      ,0.07317       ,2471          ,217.178         ,0.000         ,-0.000              ,-0.000              ,23921.871       ,0.00000           ,0.00000               ,0.000         ,0.000         ,-0.001        ,-0.006        
17:42:15.614373     ,0.049       ,0.880       ,0.885       ,16.140      ,16.109      ,16.172      ,-0.063      ,-0.314      ,0.000       ,-0.114      ,-0.428      ,880.000     ,-0.063      ,16.109      ,0.07317       ,2471          ,217.178         ,0.000         ,-0.000              ,-0.000              ,23921.871       ,0.00000           ,0.00000               ,0.000         ,0.000         ,-0.001        ,-0.006        
17:42:15.625541     ,0.049       ,0.880       ,0.869       ,16.140      ,16.117      ,16.172      ,-0.063      ,-0.314      ,0.000       ,-0.114      ,-0.428      ,880.000     ,-0.063      ,16.109      ,0.07317       ,2471          ,217.178         ,0.000         ,-0.000              ,-0.000              ,23921.871       ,0.00000           ,0.00000               ,0.000         ,0.000         ,-0.000        ,-0.004        
17:42:15.634370     ,0.049       ,0.880       ,0.869       ,16.130      ,16.124      ,16.172      ,-0.048      ,-0.241      ,0.000       ,0.110       ,-0.131      ,880.000     ,-0.048      ,16.124      ,0.07317       ,2471          ,217.178         ,0.000         ,-0.000              ,-0.000              ,23921.871       ,0.00000           ,0.00000               ,0.000         ,0.000         ,-0.000        ,-0.004        
17:42:15.645189     ,0.051       ,0.880       ,0.869       ,16.130      ,16.128      ,16.172      ,-0.048      ,-0.241      ,0.000       ,0.110       ,-0.131      ,880.000     ,-0.048      ,16.124      ,0.07317       ,2471          ,217.178         ,0.000         ,-0.000              ,-0.000              ,23921.871       ,0.00000           ,0.00000               ,0.000         ,0.000         ,-0.001        ,-0.006        
17:42:15.654368     ,0.049       ,0.880       ,0.885       ,16.120      ,16.128      ,16.172      ,-0.044      ,-0.220      ,0.000       ,-0.101      ,-0.321      ,880.000     ,-0.044      ,16.128      ,0.07317       ,2471          ,217.178         ,0.000         ,-0.000              ,-0.000              ,23921.871       ,0.00000           ,0.00000               ,0.000         ,0.000         ,-0.001        ,-0.006        
17:42:15.664876     ,0.051       ,0.880       ,0.869       ,16.100      ,16.122      ,16.172      ,-0.044      ,-0.220      ,0.000       ,-0.101      ,-0.321      ,880.000     ,-0.044      ,16.128      ,0.07317       ,2471          ,217.178         ,0.000         ,-0.000              ,-0.000              ,23921.871       ,0.00000           ,0.00000               ,0.000         ,0.000         ,-0.001        ,-0.006        
17:42:15.674467     ,0.049       ,0.880       ,0.869       ,16.100      ,16.116      ,16.172      ,-0.049      ,-0.246      ,0.000       ,-0.096      ,-0.343      ,880.000     ,-0.049      ,16.122      ,0.07317       ,2471          ,217.178         ,0.000         ,-0.000              ,-0.000              ,23921.871       ,0.00000           ,0.00000               ,0.000         ,0.000         ,-0.001        ,-0.006        
17:42:15.684607     ,0.051       ,0.880       ,0.869       ,16.090      ,16.109      ,16.172      ,-0.056      ,-0.278      ,0.000       ,-0.019      ,-0.297      ,880.000     ,-0.056      ,16.116      ,0.07317       ,2471          ,217.178         ,0.000         ,-0.000              ,-0.000              ,23921.871       ,0.00000           ,0.00000               ,0.000         ,0.000         ,-0.001        ,-0.005        
17:42:15.694362     ,0.049       ,0.880       ,0.869       ,16.090      ,16.100      ,16.172      ,-0.072      ,-0.359      ,0.000       ,-0.021      ,-0.380      ,880.000     ,-0.072      ,16.100      ,0.07317       ,2471          ,217.178         ,0.000         ,-0.000              ,-0.000              ,23921.871       ,0.00000           ,0.00000               ,0.000         ,0.000         ,-0.001        ,-0.005        
17:42:15.704753     ,0.051       ,0.880       ,0.869       ,16.090      ,16.092      ,16.172      ,-0.072      ,-0.359      ,0.000       ,-0.021      ,-0.380      ,880.000     ,-0.072      ,16.100      ,0.07317       ,2471          ,217.178         ,0.000         ,-0.000              ,-0.000              ,23921.871       ,0.00000           ,0.00000               ,0.000         ,0.000         ,-0.001        ,-0.005        
17:42:15.714366     ,0.051       ,0.880       ,0.869       ,16.080      ,16.086      ,16.172      ,-0.085      ,-0.426      ,0.000       ,0.028       ,-0.399      ,880.000     ,-0.085      ,16.086      ,0.07317       ,2471          ,217.178         ,0.000         ,-0.000              ,-0.000              ,23921.871       ,0.00000           ,0.00000               ,0.000         ,0.000         ,-0.001        ,-0.005        
17:42:15.724360     ,0.049       ,0.880       ,0.869       ,16.080      ,16.080      ,16.172      ,-0.091      ,-0.456      ,0.000       ,0.001       ,-0.455      ,880.000     ,-0.091      ,16.080      ,0.07317       ,2471          ,217.178         ,0.000         ,-0.000              ,-0.000              ,23921.871       ,0.00000           ,0.00000               ,0.000         ,0.000         ,0.000         ,0.001         
17:42:15.734365     ,0.049       ,0.880       ,0.885       ,16.100      ,16.080      ,16.172      ,-0.091      ,-0.457      ,0.000       ,0.117       ,-0.340      ,880.000     ,-0.091      ,16.080      ,0.07317       ,2471          ,217.178         ,0.000         ,-0.000              ,-0.000              ,23921.871       ,0.00000           ,0.00000               ,0.000         ,0.000         ,0.000         ,0.001         
17:42:15.744371     ,0.051       ,0.880       ,0.885       ,16.100      ,16.080      ,16.172      ,-0.092      ,-0.459      ,0.000       ,-0.004      ,-0.463      ,880.000     ,-0.092      ,16.080      ,0.07317       ,2471          ,217.178         ,0.000         ,-0.000              ,-0.000              ,23921.871       ,0.00000           ,0.00000               ,0.000         ,0.000         ,-0.001        ,-0.006        
17:42:15.754453     ,0.051       ,0.880       ,0.853       ,16.130      ,16.085      ,16.172      ,-0.092      ,-0.459      ,0.000       ,-0.004      ,-0.463      ,880.000     ,-0.092      ,16.080      ,0.07317       ,2471          ,217.178         ,0.000         ,-0.000              ,-0.000              ,23921.871       ,0.00000           ,0.00000               ,0.000         ,0.000         ,-0.001        ,-0.006        
17:42:15.764380     ,0.051       ,0.880       ,0.853       ,16.130      ,16.092      ,16.172      ,-0.086      ,-0.432      ,0.000       ,0.116       ,-0.316      ,880.000     ,-0.086      ,16.085      ,0.07317       ,2471          ,217.178         ,0.000         ,-0.000              ,-0.000              ,23921.871       ,0.00000           ,0.00000               ,0.000         ,0.000         ,-0.001        ,-0.006        
17:42:15.780324     ,0.051       ,0.880       ,0.869       ,16.130      ,16.100      ,16.172      ,-0.086      ,-0.432      ,0.000       ,0.116       ,-0.316      ,880.000     ,-0.086      ,16.085      ,0.07317       ,2471          ,217.178         ,0.000         ,-0.000              ,-0.000              ,23921.871       ,0.00000           ,0.00000               ,0.000         ,0.000         ,-0.000        ,-0.003        
17:42:15.784393     ,0.051       ,0.880       ,0.869       ,16.130      ,16.105      ,16.172      ,-0.072      ,-0.359      ,0.000       ,0.183       ,-0.176      ,880.000     ,-0.072      ,16.100      ,0.07317       ,2471          ,217.178         ,0.000         ,-0.000              ,-0.000              ,23921.871       ,0.00000           ,0.00000               ,0.000         ,0.000         ,-0.000        ,-0.003        
17:42:15.799089     ,0.051       ,0.880       ,0.853       ,16.130      ,16.113      ,16.172      ,-0.072      ,-0.359      ,0.000       ,0.183       ,-0.176      ,880.000     ,-0.072      ,16.100      ,0.07317       ,2471          ,217.178         ,0.000         ,-0.000              ,-0.000              ,23921.871       ,0.00000           ,0.00000               ,0.000         ,0.000         ,-0.001        ,-0.006        
17:42:15.804376     ,0.051       ,0.880       ,0.869       ,16.120      ,16.115      ,16.172      ,-0.057      ,-0.285      ,0.000       ,-0.228      ,-0.512      ,880.000     ,-0.057      ,16.115      ,0.07317       ,2471          ,217.178         ,0.000         ,-0.000              ,-0.000              ,23921.871       ,0.00000           ,0.00000               ,0.000         ,0.000         ,-0.001        ,-0.006        
17:42:15.818173     ,0.049       ,0.880       ,0.869       ,16.100      ,16.114      ,16.172      ,-0.057      ,-0.285      ,0.000       ,-0.228      ,-0.512      ,880.000     ,-0.057      ,16.115      ,0.07317       ,2471          ,217.178         ,0.000         ,-0.000              ,-0.000              ,23921.871       ,0.00000           ,0.00000               ,0.000         ,0.000         ,0.000         ,0.000         
17:42:15.824369     ,0.049       ,0.880       ,0.869       ,16.100      ,16.114      ,16.172      ,-0.058      ,-0.289      ,0.000       ,-0.053      ,-0.343      ,880.000     ,-0.058      ,16.114      ,0.07317       ,2471          ,217.178         ,0.000         ,-0.000              ,-0.000              ,23921.871       ,0.00000           ,0.00000               ,0.000         ,0.000         ,0.000         ,0.000         
17:42:15.837953     ,0.051       ,0.880       ,0.885       ,16.100      ,16.111      ,16.172      ,-0.058      ,-0.289      ,0.000       ,-0.053      ,-0.343      ,880.000     ,-0.058      ,16.114      ,0.07317       ,2471          ,217.178         ,0.000         ,-0.000              ,-0.000              ,23921.871       ,0.00000           ,0.00000               ,0.000         ,0.000         ,-0.001        ,-0.006        
17:42:15.844359     ,0.049       ,0.880       ,0.869       ,16.100      ,16.105      ,16.172      ,-0.066      ,-0.331      ,0.000       ,-0.055      ,-0.386      ,880.000     ,-0.066      ,16.105      ,0.07317       ,2471          ,217.178         ,0.000         ,-0.000              ,-0.000              ,23921.871       ,0.00000           ,0.00000               ,0.000         ,0.000         ,-0.001        ,-0.006        
17:42:15.856711     ,0.049       ,0.880       ,0.869       ,16.100      ,16.100      ,16.172      ,-0.066      ,-0.331      ,0.000       ,-0.055      ,-0.386      ,880.000     ,-0.066      ,16.105      ,0.07317       ,2471          ,217.178         ,0.000         ,-0.000              ,-0.000              ,23921.871       ,0.00000           ,0.00000               ,0.000         ,0.000         ,-0.000        ,-0.004        
17:42:15.864381     ,0.049       ,0.880       ,0.869       ,16.100      ,16.096      ,16.172      ,-0.076      ,-0.379      ,0.000       ,0.043       ,-0.336      ,880.000     ,-0.076      ,16.096      ,0.07317       ,2471          ,217.178         ,0.000         ,-0.000              ,-0.000              ,23921.871       ,0.00000           ,0.00000               ,0.000         ,0.000         ,-0.000        ,-0.004        
17:42:15.875372     ,0.049       ,0.880       ,0.885       ,16.130      ,16.097      ,16.172      ,-0.076      ,-0.379      ,0.000       ,0.043       ,-0.336      ,880.000     ,-0.076      ,16.096      ,0.07317       ,2471          ,217.178         ,0.000         ,-0.000              ,-0.000              ,23921.871       ,0.00000           ,0.00000               ,0.000         ,0.000         ,-0.001        ,-0.006        
17:42:15.884389     ,0.049       ,0.880       ,0.885       ,16.120      ,16.096      ,16.172      ,-0.076      ,-0.379      ,0.000       ,-0.033      ,-0.412      ,880.000     ,-0.076      ,16.096      ,0.07317       ,2471          ,217.178         ,0.000         ,-0.000              ,-0.000              ,23921.871       ,0.00000           ,0.00000               ,0.000         ,0.000         ,-0.001        ,-0.006        
17:42:15.896068     ,0.051       ,0.880       ,0.869       ,16.130      ,16.099      ,16.172      ,-0.076      ,-0.379      ,0.000       ,-0.033      ,-0.412      ,880.000     ,-0.076      ,16.096      ,0.07317       ,2471          ,217.178         ,0.000         ,-0.000              ,-0.000              ,23921.871       ,0.00000           ,0.00000               ,0.000         ,0.000         ,-0.001        ,-0.006        
17:42:15.904386     ,0.049       ,0.880       ,0.853       ,16.140      ,16.106      ,16.172      ,-0.065      ,-0.327      ,0.000       ,0.077       ,-0.250      ,880.000     ,-0.065      ,16.106      ,0.07317       ,2471          ,217.178         ,0.000         ,-0.000              ,-0.000              ,23921.871       ,0.00000           ,0.00000               ,0.000         ,0.000         ,-0.001        ,-0.006        
17:42:15.917011     ,0.051       ,0.880       ,0.869       ,16.130      ,16.113      ,16.172      ,-0.065      ,-0.327      ,0.000       ,0.077       ,-0.250      ,880.000     ,-0.065      ,16.106      ,0.07317       ,2471          ,217.178         ,0.000         ,-0.000              ,-0.000              ,23921.871       ,0.00000           ,0.00000               ,0.000         ,0.000         ,-0.000        ,-0.004        
17:42:15.924375     ,0.051       ,0.880       ,0.885       ,16.130      ,16.116      ,16.172      ,-0.056      ,-0.279      ,0.000       ,-0.078      ,-0.358      ,880.000     ,-0.056      ,16.116      ,0.07317       ,2471          ,217.178         ,0.000         ,-0.000              ,-0.000              ,23921.871       ,0.00000           ,0.00000               ,0.000         ,0.000         ,-0.000        ,-0.004        
17:42:15.934811     ,0.049       ,0.880       ,0.869       ,16.140      ,16.123      ,16.172      ,-0.056      ,-0.279      ,0.000       ,-0.078      ,-0.358      ,880.000     ,-0.056      ,16.116      ,0.07317       ,2471          ,217.178         ,0.000         ,-0.000              ,-0.000              ,23921.871       ,0.00000           ,0.00000               ,0.000         ,0.000         ,-0.001        ,-0.006        
17:42:15.944376     ,0.051       ,0.880       ,0.885       ,16.130      ,16.126      ,16.172      ,-0.046      ,-0.229      ,0.000       ,-0.097      ,-0.326      ,880.000     ,-0.046      ,16.126      ,0.07317       ,2471          ,217.178         ,0.000         ,-0.000              ,-0.000              ,23921.871       ,0.00000           ,0.00000               ,0.000         ,0.000         ,-0.001        ,-0.006        
17:42:15.954822     ,0.049       ,0.880       ,0.869       ,16.130      ,16.126      ,16.172      ,-0.046      ,-0.229      ,0.000       ,-0.097      ,-0.326      ,880.000     ,-0.046      ,16.126      ,0.07317       ,2471          ,217.178         ,0.000         ,-0.000              ,-0.000              ,23921.871       ,0.00000           ,0.00000               ,0.000         ,0.000         ,-0.001        ,-0.006        
17:42:15.964384     ,0.051       ,0.880       ,0.885       ,16.140      ,16.128      ,16.172      ,-0.043      ,-0.217      ,0.000       ,0.050       ,-0.167      ,880.000     ,-0.043      ,16.128      ,0.07317       ,2471          ,217.178         ,0.000         ,-0.000              ,-0.000              ,23921.871       ,0.00000           ,0.00000               ,0.000         ,0.000         ,-0.001        ,-0.006        
17:42:15.974367     ,0.051       ,0.880       ,0.869       ,16.140      ,16.129      ,16.172      ,-0.043      ,-0.214      ,0.000       ,-0.037      ,-0.250      ,880.000     ,-0.043      ,16.129      ,0.07317       ,2471          ,217.178         ,0.000         ,-0.000              ,-0.000              ,23921.871       ,0.00000           ,0.00000               ,0.000         ,0.000         ,-0.001        ,-0.005        
17:42:15.984388     ,0.049       ,0.880       ,0.869       ,16.140      ,16.127      ,16.172      ,-0.045      ,-0.223      ,0.000       ,-0.049      ,-0.271      ,880.000     ,-0.045      ,16.127      ,0.07317       ,2471          ,217.178         ,0.000         ,-0.000              ,-0.000              ,23921.871       ,0.00000           ,0.00000               ,0.000         ,0.000         ,-0.001        ,-0.005        
17:42:15.994379     ,0.049       ,0.880       ,0.869       ,16.140      ,16.128      ,16.172      ,-0.045      ,-0.223      ,0.000       ,-0.049      ,-0.271      ,880.000     ,-0.045      ,16.127      ,0.07317       ,2471          ,217.178         ,0.000         ,-0.000              ,-0.000              ,23921.871       ,0.00000           ,0.00000               ,0.000         ,0.000         ,-0.001        ,-0.006        
17:42:16.009963     ,0.051       ,0.880       ,0.869       ,16.130      ,16.127      ,16.172      ,-0.045      ,-0.223      ,0.000       ,-0.049      ,-0.271      ,880.000     ,-0.045      ,16.127      ,0.07317       ,2471          ,217.178         ,0.000         ,-0.000              ,-0.000              ,23921.871       ,0.00000           ,0.00000               ,0.000         ,0.000         ,-0.001        ,-0.006        
17:42:16.014380     ,0.051       ,0.880       ,0.869       ,16.140      ,16.128      ,16.172      ,-0.045      ,-0.223      ,0.000       ,0.035       ,-0.187      ,880.000     ,-0.045      ,16.127      ,0.07317       ,2471          ,217.178         ,0.000         ,-0.000              ,-0.000              ,23921.871       ,0.00000           ,0.00000               ,0.000         ,0.000         ,-0.001        ,-0.006        
17:42:16.027371     ,0.049       ,0.880       ,0.869       ,16.130      ,16.127      ,16.172      ,-0.044      ,-0.220      ,0.000       ,0.010       ,-0.210      ,880.000     ,-0.044      ,16.128      ,0.07317       ,2471          ,217.178         ,0.000         ,-0.000              ,-0.000              ,23921.871       ,0.00000           ,0.00000               ,0.000         ,0.000         ,-0.001        ,-0.006        
17:42:16.034388     ,0.049       ,0.880       ,0.869       ,16.130      ,16.127      ,16.172      ,-0.044      ,-0.220      ,0.000       ,0.010       ,-0.210      ,880.000     ,-0.044      ,16.128      ,0.07317       ,2471          ,217.178         ,0.000         ,-0.000              ,-0.000              ,23921.871       ,0.00000           ,0.00000               ,0.000         ,0.000         ,-0.001        ,-0.006        
17:42:16.047164     ,0.049       ,0.880       ,0.869       ,16.130      ,16.126      ,16.172      ,-0.045      ,-0.225      ,0.000       ,-0.027      ,-0.252      ,880.000     ,-0.045      ,16.127      ,0.07317       ,2471          ,217.178         ,0.000         ,-0.000              ,-0.000              ,23921.871       ,0.00000           ,0.00000               ,0.000         ,0.000         ,-0.000        ,-0.003        
17:42:16.054377     ,0.049       ,0.880       ,0.869       ,16.130      ,16.126      ,16.172      ,-0.046      ,-0.228      ,0.000       ,0.005       ,-0.223      ,880.000     ,-0.046      ,16.126      ,0.07317       ,2471          ,217.178         ,0.000         ,-0.000              ,-0.000              ,23921.871       ,0.00000           ,0.00000               ,0.000         ,0.000         ,-0.000        ,-0.003        
17:42:16.069066     ,0.049       ,0.880       ,0.869       ,16.120      ,16.122      ,16.172      ,-0.045      ,-0.226      ,0.000       ,0.018       ,-0.209      ,880.000     ,-0.045      ,16.126      ,0.07317       ,2471          ,217.178         ,0.000         ,-0.000              ,-0.000              ,23921.871       ,0.00000           ,0.00000               ,0.000         ,0.000         ,-0.001        ,-0.005        
17:42:16.074368     ,0.049       ,0.880       ,0.869       ,16.120      ,16.120      ,16.172      ,-0.050      ,-0.248      ,0.000       ,-0.091      ,-0.339      ,880.000     ,-0.050      ,16.122      ,0.07317       ,2471          ,217.178         ,0.000         ,-0.000              ,-0.000              ,23921.871       ,0.00000           ,0.00000               ,0.000         ,0.000         ,-0.001        ,-0.005        
17:42:16.090152     ,0.051       ,0.880       ,0.885       ,16.120      ,16.117      ,16.172      ,-0.052      ,-0.259      ,0.000       ,0.041       ,-0.218      ,880.000     ,-0.052      ,16.120      ,0.07317       ,2471          ,217.178         ,0.000         ,-0.000              ,-0.000              ,23921.871       ,0.00000           ,0.00000               ,0.000         ,0.000         ,-0.000        ,-0.001        
17:42:16.094372     ,0.051       ,0.880       ,0.885       ,16.120      ,16.115      ,16.172      ,-0.054      ,-0.271      ,0.000       ,-0.004      ,-0.275      ,880.000     ,-0.054      ,16.117      ,0.07317       ,2471          ,217.178         ,0.000         ,-0.000              ,-0.000              ,23921.871       ,0.00000           ,0.00000               ,0.000         ,0.000         ,-0.000        ,-0.001        
17:42:16.108853     ,0.051       ,0.880       ,0.869       ,16.120      ,16.113      ,16.172      ,-0.057      ,-0.283      ,0.000       ,0.001       ,-0.282      ,880.000     ,-0.057      ,16.115      ,0.07317       ,2471          ,217.178         ,0.000         ,-0.000              ,-0.000              ,23921.871       ,0.00000           ,0.00000               ,0.000         ,0.000         ,-0.001        ,-0.005        
17:42:16.114390     ,0.051       ,0.880       ,0.869       ,16.120      ,16.112      ,16.172      ,-0.059      ,-0.294      ,0.000       ,0.003       ,-0.291      ,880.000     ,-0.059      ,16.113      ,0.07317       ,2471          ,217.178         ,0.000         ,-0.000              ,-0.000              ,23921.871       ,0.00000           ,0.00000               ,0.000         ,0.000         ,-0.001        ,-0.005        
17:42:16.126347     ,0.051       ,0.880       ,0.869       ,16.120      ,16.112      ,16.172      ,-0.059      ,-0.296      ,0.000       ,0.038       ,-0.258      ,880.000     ,-0.059      ,16.112      ,0.07317       ,2471          ,217.178         ,0.000         ,-0.000              ,-0.000              ,23921.871       ,0.00000           ,0.00000               ,0.000         ,0.000         ,-0.001        ,-0.006        
17:42:16.134382     ,0.051       ,0.880       ,0.869       ,16.100      ,16.108      ,16.172      ,-0.060      ,-0.299      ,0.000       ,-0.005      ,-0.304      ,880.000     ,-0.060      ,16.112      ,0.07317       ,2471          ,217.178         ,0.000         ,-0.000              ,-0.000              ,23921.871       ,0.00000           ,0.00000               ,0.000         ,0.000         ,-0.001        ,-0.006        
17:42:16.147025     ,0.051       ,0.880       ,0.869       ,16.120      ,16.108      ,16.172      ,-0.064      ,-0.319      ,0.000       ,-0.067      ,-0.385      ,880.000     ,-0.064      ,16.108      ,0.07317       ,2471          ,217.178         ,0.000         ,-0.000              ,-0.000              ,23921.871       ,0.00000           ,0.00000               ,0.000         ,0.000         ,-0.001        ,-0.005        
17:42:16.154388     ,0.049       ,0.880       ,0.885       ,16.130      ,16.110      ,16.172      ,-0.063      ,-0.316      ,0.000       ,0.089       ,-0.227      ,880.000     ,-0.063      ,16.108      ,0.07317       ,2471          ,217.178         ,0.000         ,-0.000              ,-0.000              ,23921.871       ,0.00000           ,0.00000               ,0.000         ,0.000         ,-0.001        ,-0.005        
17:42:16.167925     ,0.051       ,0.880       ,0.869       ,16.120      ,16.109      ,16.172      ,-0.062      ,-0.308      ,0.000       ,0.023       ,-0.284      ,880.000     ,-0.062      ,16.110      ,0.07317       ,2471          ,217.178         ,0.000         ,-0.000              ,-0.000              ,23921.871       ,0.00000           ,0.00000               ,0.000         ,0.000         ,-0.001        ,-0.006        
17:42:16.174382     ,0.051       ,0.880       ,0.869       ,16.120      ,16.109      ,16.172      ,-0.062      ,-0.311      ,0.000       ,-0.049      ,-0.360      ,880.000     ,-0.062      ,16.109      ,0.07317       ,2471          ,217.178         ,0.000         ,-0.000              ,-0.000              ,23921.871       ,0.00000           ,0.00000               ,0.000         ,0.000         ,-0.001        ,-0.006        
17:42:16.189853     ,0.051       ,0.880       ,0.869       ,16.120      ,16.112      ,16.172      ,-0.063      ,-0.314      ,0.000       ,0.006       ,-0.308      ,880.000     ,-0.063      ,16.109      ,0.07317       ,2471          ,217.178         ,0.000         ,-0.000              ,-0.000              ,23921.871       ,0.00000           ,0.00000               ,0.000         ,0.000         ,-0.000        ,-0.003        
17:42:16.194374     ,0.051       ,0.880       ,0.869       ,16.100      ,16.108      ,16.172      ,-0.059      ,-0.297      ,0.000       ,0.075       ,-0.222      ,880.000     ,-0.059      ,16.112      ,0.07317       ,2471          ,217.178         ,0.000         ,-0.000              ,-0.000              ,23921.871       ,0.00000           ,0.00000               ,0.000         ,0.000         ,-0.000        ,-0.003        
17:42:16.208656     ,0.049       ,0.880       ,0.869       ,16.090      ,16.103      ,16.172      ,-0.063      ,-0.317      ,0.000       ,-0.145      ,-0.463      ,880.000     ,-0.063      ,16.108      ,0.07317       ,2471          ,217.178         ,0.000         ,-0.000              ,-0.000              ,23921.871       ,0.00000           ,0.00000               ,0.000         ,0.000         ,-0.001        ,-0.006        
17:42:16.214385     ,0.051       ,0.880       ,0.869       ,16.090      ,16.100      ,16.172      ,-0.069      ,-0.345      ,0.000       ,-0.033      ,-0.378      ,880.000     ,-0.069      ,16.103      ,0.07317       ,2471          ,217.178         ,0.000         ,-0.000              ,-0.000              ,23921.871       ,0.00000           ,0.00000               ,0.000         ,0.000         ,-0.001        ,-0.006        
17:42:16.226219     ,0.051       ,0.880       ,0.869       ,16.090      ,16.097      ,16.172      ,-0.072      ,-0.358      ,0.000       ,0.061       ,-0.297      ,880.000     ,-0.072      ,16.100      ,0.07317       ,2471          ,217.178         ,0.000         ,-0.000              ,-0.000              ,23921.871       ,0.00000           ,0.00000               ,0.000         ,0.000         ,-0.001        ,-0.005        
17:42:16.234401     ,0.049       ,0.880       ,0.885       ,16.080      ,16.090      ,16.172      ,-0.075      ,-0.376      ,0.000       ,-0.018      ,-0.394      ,880.000     ,-0.075      ,16.097      ,0.07317       ,2471          ,217.178         ,0.000         ,-0.000              ,-0.000              ,23921.871       ,0.00000           ,0.00000               ,0.000         ,0.000         ,-0.001        ,-0.005        
17:42:16.248050     ,0.051       ,0.880       ,0.885       ,16.080      ,16.085      ,16.172      ,-0.082      ,-0.409      ,0.000       ,-0.065      ,-0.475      ,880.000     ,-0.082      ,16.090      ,0.07317       ,2471          ,217.178         ,0.000         ,-0.000              ,-0.000              ,23921.871       ,0.00000           ,0.00000               ,0.000         ,0.000         ,-0.001        ,-0.006        
17:42:16.254439     ,0.049       ,0.880       ,0.869       ,16.100      ,16.084      ,16.172      ,-0.086      ,-0.431      ,0.000       ,0.047       ,-0.385      ,880.000     ,-0.086      ,16.085      ,0.07317       ,2471          ,217.178         ,0.000         ,-0.000              ,-0.000              ,23921.871       ,0.00000           ,0.00000               ,0.000         ,0.000         ,-0.001        ,-0.006        
17:42:16.267972     ,0.051       ,0.880       ,0.869       ,16.100      ,16.082      ,16.172      ,-0.087      ,-0.436      ,0.000       ,0.069       ,-0.367      ,880.000     ,-0.087      ,16.084      ,0.07317       ,2471          ,217.178         ,0.000         ,-0.000              ,-0.000              ,23921.871       ,0.00000           ,0.00000               ,0.000         ,0.000         ,-0.001        ,-0.005        
17:42:16.274381     ,0.049       ,0.880       ,0.885       ,16.120      ,16.083      ,16.172      ,-0.090      ,-0.449      ,0.000       ,-0.031      ,-0.480      ,880.000     ,-0.090      ,16.082      ,0.07317       ,2471          ,217.178         ,0.000         ,-0.000              ,-0.000              ,23921.871       ,0.00000           ,0.00000               ,0.000         ,0.000         ,-0.001        ,-0.005        
17:42:16.287706     ,0.049       ,0.880       ,0.869       ,16.130      ,16.089      ,16.172      ,-0.088      ,-0.441      ,0.000       ,0.080       ,-0.361      ,880.000     ,-0.088      ,16.083      ,0.07317       ,2471          ,217.178         ,0.000         ,-0.000              ,-0.000              ,23921.871       ,0.00000           ,0.00000               ,0.000         ,0.000         ,-0.000        ,-0.004        
17:42:16.294376     ,0.049       ,0.880       ,0.869       ,16.130      ,16.097      ,16.172      ,-0.082      ,-0.411      ,0.000       ,0.089       ,-0.322      ,880.000     ,-0.082      ,16.089      ,0.07317       ,2471          ,217.178         ,0.000         ,-0.000              ,-0.000              ,23921.871       ,0.00000           ,0.00000               ,0.000         ,0.000         ,-0.000        ,-0.004        
17:42:16.306389     ,0.049       ,0.880       ,0.869       ,16.140      ,16.104      ,16.172      ,-0.075      ,-0.376      ,0.000       ,0.025       ,-0.351      ,880.000     ,-0.075      ,16.097      ,0.07317       ,2471          ,217.178         ,0.000         ,-0.000              ,-0.000              ,23921.871       ,0.00000           ,0.00000               ,0.000         ,0.000         ,-0.000        ,-0.004        
17:42:16.314386     ,0.051       ,0.880       ,0.869       ,16.140      ,16.113      ,16.172      ,-0.068      ,-0.338      ,0.000       ,0.005       ,-0.334      ,880.000     ,-0.068      ,16.104      ,0.07317       ,2471          ,217.178         ,0.000         ,-0.000              ,-0.000              ,23921.871       ,0.00000           ,0.00000               ,0.000         ,0.000         ,-0.000        ,-0.004        
17:42:16.327010     ,0.051       ,0.880       ,0.885       ,16.130      ,16.119      ,16.172      ,-0.058      ,-0.291      ,0.000       ,0.041       ,-0.250      ,880.000     ,-0.058      ,16.113      ,0.07317       ,2471          ,217.178         ,0.000         ,-0.000              ,-0.000              ,23921.871       ,0.00000           ,0.00000               ,0.000         ,0.000         ,-0.000        ,-0.003        
17:42:16.334408     ,0.051       ,0.880       ,0.869       ,16.130      ,16.123      ,16.172      ,-0.053      ,-0.265      ,0.000       ,-0.084      ,-0.349      ,880.000     ,-0.053      ,16.119      ,0.07317       ,2471          ,217.178         ,0.000         ,-0.000              ,-0.000              ,23921.871       ,0.00000           ,0.00000               ,0.000         ,0.000         ,-0.000        ,-0.003        
17:42:16.348806     ,0.049       ,0.880       ,0.885       ,16.120      ,16.126      ,16.172      ,-0.048      ,-0.242      ,0.000       ,-0.015      ,-0.257      ,880.000     ,-0.048      ,16.123      ,0.07317       ,2471          ,217.178         ,0.000         ,-0.000              ,-0.000              ,23921.871       ,0.00000           ,0.00000               ,0.000         ,0.000         ,-0.001        ,-0.006        
17:42:16.354386     ,0.051       ,0.880       ,0.869       ,16.130      ,16.126      ,16.172      ,-0.046      ,-0.231      ,0.000       ,-0.045      ,-0.275      ,880.000     ,-0.046      ,16.126      ,0.07317       ,2471          ,217.178         ,0.000         ,-0.000              ,-0.000              ,23921.871       ,0.00000           ,0.00000               ,0.000         ,0.000         ,-0.001        ,-0.006        
17:42:16.368587     ,0.051       ,0.880       ,0.853       ,16.130      ,16.125      ,16.172      ,-0.045      ,-0.233      ,0.000       ,-0.042      ,-0.256      ,880.000     ,-0.045      ,16.126      ,0.07317       ,2471          ,217.178         ,0.000         ,-0.000              ,-0.000              ,23921.871       ,0.00000           ,0.00000               ,0.000         ,0.000         ,-0.000        ,-0.004        
17:42:16.374380     ,0.049       ,0.880       ,0.885       ,16.130      ,16.124      ,16.172      ,-0.047      ,-0.233      ,0.000       ,-0.042      ,-0.275      ,880.000     ,-0.047      ,16.125      ,0.07317       ,2471          ,217.178         ,0.000         ,-0.000              ,-0.000              ,23921.871       ,0.00000           ,0.00000               ,0.000         ,0.000         ,-0.000        ,-0.004        
17:42:16.387519     ,0.051       ,0.880       ,0.869       ,16.120      ,16.120      ,16.172      ,-0.048      ,-0.240      ,0.000       ,-0.000      ,-0.240      ,880.000     ,-0.048      ,16.124      ,0.07317       ,2471          ,217.178         ,0.000         ,-0.000              ,-0.000              ,23921.871       ,0.00000           ,0.00000               ,0.000         ,0.000         ,-0.001        ,-0.008        
17:42:16.394373     ,0.051       ,0.880       ,0.869       ,16.130      ,16.119      ,16.172      ,-0.052      ,-0.260      ,0.000       ,-0.058      ,-0.318      ,880.000     ,-0.052      ,16.120      ,0.07317       ,2471          ,217.178         ,0.000         ,-0.000              ,-0.000              ,23921.871       ,0.00000           ,0.00000               ,0.000         ,0.000         ,-0.001        ,-0.008        
17:42:16.406329     ,0.049       ,0.880       ,0.869       ,16.130      ,16.117      ,16.172      ,-0.052      ,-0.262      ,0.000       ,0.078       ,-0.184      ,880.000     ,-0.052      ,16.119      ,0.07317       ,2471          ,217.178         ,0.000         ,-0.000              ,-0.000              ,23921.871       ,0.00000           ,0.00000               ,0.000         ,0.000         ,-0.001        ,-0.006        
17:42:16.414388     ,0.051       ,0.880       ,0.869       ,16.140      ,16.119      ,16.172      ,-0.054      ,-0.271      ,0.000       ,-0.030      ,-0.301      ,880.000     ,-0.054      ,16.117      ,0.07317       ,2471          ,217.178         ,0.000         ,-0.000              ,-0.000              ,23921.871       ,0.00000           ,0.00000               ,0.000         ,0.000         ,-0.001        ,-0.006        
17:42:16.426140     ,0.051       ,0.880       ,0.869       ,16.140      ,16.121      ,16.172      ,-0.053      ,-0.265      ,0.000       ,0.060       ,-0.204      ,880.000     ,-0.053      ,16.119      ,0.07317       ,2471          ,217.178         ,0.000         ,-0.000              ,-0.000              ,23921.871       ,0.00000           ,0.00000               ,0.000         ,0.000         ,-0.001        ,-0.005        
17:42:16.434391     ,0.049       ,0.880       ,0.869       ,16.140      ,16.125      ,16.172      ,-0.051      ,-0.255      ,0.000       ,0.014       ,-0.242      ,880.000     ,-0.051      ,16.121      ,0.07317       ,2471          ,217.178         ,0.000         ,-0.000              ,-0.000              ,23921.871       ,0.00000           ,0.00000               ,0.000         ,0.000         ,-0.001        ,-0.005        
17:42:16.444633     ,0.051       ,0.880       ,0.853       ,16.140      ,16.127      ,16.172      ,-0.047      ,-0.235      ,0.000       ,0.044       ,-0.191      ,880.000     ,-0.047      ,16.125      ,0.07317       ,2471          ,217.178         ,0.000         ,-0.000              ,-0.000              ,23921.871       ,0.00000           ,0.00000               ,0.000         ,0.000         ,-0.000        ,-0.003        
17:42:16.454377     ,0.049       ,0.880       ,0.869       ,16.150      ,16.131      ,16.172      ,-0.045      ,-0.224      ,0.000       ,-0.038      ,-0.262      ,880.000     ,-0.045      ,16.127      ,0.07317       ,2471          ,217.178         ,0.000         ,-0.000              ,-0.000              ,23921.871       ,0.00000           ,0.00000               ,0.000         ,0.000         ,-0.000        ,-0.003        
17:42:16.464386     ,0.049       ,0.880       ,0.869       ,16.150      ,16.133      ,16.172      ,-0.041      ,-0.203      ,0.000       ,0.040       ,-0.163      ,880.000     ,-0.041      ,16.131      ,0.07317       ,2471          ,217.178         ,0.000         ,-0.000              ,-0.000              ,23921.871       ,0.00000           ,0.00000               ,0.000         ,0.000         ,-0.001        ,-0.006        
17:42:16.474369     ,0.049       ,0.880       ,0.885       ,16.160      ,16.137      ,16.172      ,-0.034      ,-0.172      ,0.000       ,0.039       ,-0.134      ,880.000     ,-0.034      ,16.137      ,0.07317       ,2471          ,217.178         ,0.000         ,-0.000              ,-0.000              ,23921.871       ,0.00000           ,0.00000               ,0.000         ,0.000         ,-0.001        ,-0.006        
17:42:16.484386     ,0.049       ,0.880       ,0.885       ,16.160      ,16.141      ,16.172      ,-0.034      ,-0.172      ,0.000       ,0.039       ,-0.134      ,880.000     ,-0.034      ,16.137      ,0.07317       ,2471          ,217.178         ,0.000         ,-0.000              ,-0.000              ,23921.871       ,0.00000           ,0.00000               ,0.000         ,0.000         ,-0.001        ,-0.006        
17:42:16.494376     ,0.049       ,0.880       ,0.869       ,16.150      ,16.143      ,16.172      ,-0.029      ,-0.145      ,0.000       ,-0.013      ,-0.158      ,880.000     ,-0.029      ,16.143      ,0.07317       ,2471          ,217.178         ,0.000         ,-0.000              ,-0.000              ,23921.871       ,0.00000           ,0.00000               ,0.000         ,0.000         ,-0.001        ,-0.006        
17:42:16.504379     ,0.049       ,0.880       ,0.869       ,16.140      ,16.142      ,16.172      ,-0.029      ,-0.145      ,0.000       ,-0.013      ,-0.158      ,880.000     ,-0.029      ,16.143      ,0.07317       ,2471          ,217.178         ,0.000         ,-0.000              ,-0.000              ,23921.871       ,0.00000           ,0.00000               ,0.000         ,0.000         ,-0.001        ,-0.006        
17:42:16.514383     ,0.049       ,0.880       ,0.885       ,16.130      ,16.140      ,16.172      ,-0.032      ,-0.159      ,0.000       ,-0.164      ,-0.322      ,880.000     ,-0.032      ,16.140      ,0.07317       ,2471          ,217.178         ,0.000         ,-0.000              ,-0.000              ,23921.871       ,0.00000           ,0.00000               ,0.000         ,0.000         ,-0.001        ,-0.006        
17:42:16.524378     ,0.049       ,0.880       ,0.885       ,16.130      ,16.137      ,16.172      ,-0.032      ,-0.159      ,0.000       ,-0.164      ,-0.322      ,880.000     ,-0.032      ,16.140      ,0.07317       ,2471          ,217.178         ,0.000         ,-0.000              ,-0.000              ,23921.871       ,0.00000           ,0.00000               ,0.000         ,0.000         ,-0.001        ,-0.006        
17:42:16.538924     ,0.049       ,0.880       ,0.869       ,16.130      ,16.134      ,16.172      ,-0.032      ,-0.159      ,0.000       ,-0.164      ,-0.322      ,880.000     ,-0.032      ,16.140      ,0.07317       ,2471          ,217.178         ,0.000         ,-0.000              ,-0.000              ,23921.871       ,0.00000           ,0.00000               ,0.000         ,0.000         ,-0.000        ,-0.004        
17:42:16.544367     ,0.049       ,0.880       ,0.869       ,16.140      ,16.132      ,16.172      ,-0.038      ,-0.191      ,0.000       ,-0.073      ,-0.263      ,880.000     ,-0.038      ,16.134      ,0.07317       ,2471          ,217.178         ,0.000         ,-0.000              ,-0.000              ,23921.871       ,0.00000           ,0.00000               ,0.000         ,0.000         ,-0.000        ,-0.004        
17:42:16.557584     ,0.049       ,0.880       ,0.869       ,16.140      ,16.131      ,16.172      ,-0.038      ,-0.191      ,0.000       ,-0.073      ,-0.263      ,880.000     ,-0.038      ,16.134      ,0.07317       ,2471          ,217.178         ,0.000         ,-0.000              ,-0.000              ,23921.871       ,0.00000           ,0.00000               ,0.000         ,0.000         ,-0.001        ,-0.005        
17:42:16.564384     ,0.049       ,0.880       ,0.869       ,16.140      ,16.129      ,16.172      ,-0.043      ,-0.213      ,0.000       ,0.031       ,-0.182      ,880.000     ,-0.043      ,16.129      ,0.07317       ,2471          ,217.178         ,0.000         ,-0.000              ,-0.000              ,23921.871       ,0.00000           ,0.00000               ,0.000         ,0.000         ,-0.001        ,-0.005        
17:42:16.576129     ,0.049       ,0.880       ,0.885       ,16.150      ,16.129      ,16.172      ,-0.043      ,-0.213      ,0.000       ,0.031       ,-0.182      ,880.000     ,-0.043      ,16.129      ,0.07317       ,2471          ,217.178         ,0.000         ,-0.000              ,-0.000              ,23921.871       ,0.00000           ,0.00000               ,0.000         ,0.000         ,-0.001        ,-0.006        
17:42:16.584391     ,0.049       ,0.880       ,0.885       ,16.150      ,16.130      ,16.172      ,-0.042      ,-0.208      ,0.000       ,0.049       ,-0.159      ,880.000     ,-0.042      ,16.130      ,0.07317       ,2471          ,217.178         ,0.000         ,-0.000              ,-0.000              ,23921.871       ,0.00000           ,0.00000               ,0.000         ,0.000         ,-0.001        ,-0.006        
17:42:16.594673     ,0.049       ,0.880       ,0.869       ,16.150      ,16.131      ,16.172      ,-0.042      ,-0.208      ,0.000       ,0.049       ,-0.159      ,880.000     ,-0.042      ,16.130      ,0.07317       ,2471          ,217.178         ,0.000         ,-0.000              ,-0.000              ,23921.871       ,0.00000           ,0.00000               ,0.000         ,0.000         ,-0.001        ,-0.006        
17:42:16.604379     ,0.049       ,0.880       ,0.869       ,16.140      ,16.133      ,16.172      ,-0.039      ,-0.196      ,0.000       ,0.008       ,-0.187      ,880.000     ,-0.039      ,16.133      ,0.07317       ,2471          ,217.178         ,0.000         ,-0.000              ,-0.000              ,23921.871       ,0.00000           ,0.00000               ,0.000         ,0.000         ,-0.001        ,-0.006        
17:42:16.614378     ,0.049       ,0.880       ,0.885       ,16.150      ,16.137      ,16.172      ,-0.035      ,-0.173      ,0.000       ,0.063       ,-0.110      ,880.000     ,-0.035      ,16.137      ,0.07317       ,2471          ,217.178         ,0.000         ,-0.000              ,-0.000              ,23921.871       ,0.00000           ,0.00000               ,0.000         ,0.000         ,-0.001        ,-0.006        
17:42:16.624367     ,0.049       ,0.880       ,0.869       ,16.150      ,16.139      ,16.172      ,-0.032      ,-0.161      ,0.000       ,-0.044      ,-0.205      ,880.000     ,-0.032      ,16.139      ,0.07317       ,2471          ,217.178         ,0.000         ,-0.000              ,-0.000              ,23921.871       ,0.00000           ,0.00000               ,0.000         ,0.000         ,-0.001        ,-0.006        
17:42:16.636482     ,0.049       ,0.880       ,0.869       ,16.150      ,16.141      ,16.172      ,-0.032      ,-0.161      ,0.000       ,-0.044      ,-0.205      ,880.000     ,-0.032      ,16.139      ,0.07317       ,2471          ,217.178         ,0.000         ,-0.000              ,-0.000              ,23921.871       ,0.00000           ,0.00000               ,0.000         ,0.000         ,-0.000        ,-0.003        
17:42:16.644366     ,0.051       ,0.880       ,0.869       ,16.150      ,16.142      ,16.172      ,-0.030      ,-0.150      ,0.000       ,-0.022      ,-0.173      ,880.000     ,-0.030      ,16.142      ,0.07317       ,2471          ,217.178         ,0.000         ,-0.000              ,-0.000              ,23921.871       ,0.00000           ,0.00000               ,0.000         ,0.000         ,-0.000        ,-0.003        
17:42:16.656325     ,0.049       ,0.880       ,0.885       ,16.150      ,16.143      ,16.172      ,-0.030      ,-0.150      ,0.000       ,-0.022      ,-0.173      ,880.000     ,-0.030      ,16.142      ,0.07317       ,2471          ,217.178         ,0.000         ,-0.000              ,-0.000              ,23921.871       ,0.00000           ,0.00000               ,0.000         ,0.000         ,-0.001        ,-0.006        
17:42:16.664387     ,0.051       ,0.880       ,0.869       ,16.150      ,16.142      ,16.172      ,-0.030      ,-0.151      ,0.000       ,-0.052      ,-0.203      ,880.000     ,-0.030      ,16.142      ,0.07317       ,2471          ,217.178         ,0.000         ,-0.000              ,-0.000              ,23921.871       ,0.00000           ,0.00000               ,0.000         ,0.000         ,-0.001        ,-0.006        
17:42:16.674941     ,0.051       ,0.880       ,0.869       ,16.150      ,16.141      ,16.172      ,-0.030      ,-0.151      ,0.000       ,-0.052      ,-0.203      ,880.000     ,-0.030      ,16.142      ,0.07317       ,2471          ,217.178         ,0.000         ,-0.000              ,-0.000              ,23921.871       ,0.00000           ,0.00000               ,0.000         ,0.000         ,-0.001        ,-0.006        
17:42:16.684383     ,0.051       ,0.880       ,0.885       ,16.140      ,16.139      ,16.172      ,-0.033      ,-0.165      ,0.000       ,-0.021      ,-0.186      ,880.000     ,-0.033      ,16.139      ,0.07317       ,2471          ,217.178         ,0.000         ,-0.000              ,-0.000              ,23921.871       ,0.00000           ,0.00000               ,0.000         ,0.000         ,-0.001        ,-0.006        
