Time                ,Current(A)  ,TargetCurrent(A),Voltage(V)  ,PressureRaw(kg),PressureFiltered(kg),F0(kg)      ,DeltaF      ,PI_P(Nm)    ,PI_I(Nm)    ,PI_D(Nm)    ,PI_LastTorque(Nm),Feedforward(mA),FeedforwardTorque(Nm),AlgoDeltaF(kg),AlgoPressure(kg),RopeLength(m) ,EncoderValue    ,EncoderAngle(deg),MotorSpeed(rpm)     ,MotorLinearVel(m/s) ,MotorTheoryVel(m/s),MotorPosition(m)  ,RopeVelocityRaw(m/s)  ,RopeVelocityFiltered(m/s),WeightRaw(kg) ,WeightFiltered(kg),TargetTorque(Nm),ActualTorque(Nm)
19:59:40.205006     ,0.878       ,0.880       ,18.963      ,16.130      ,16.132      ,16.149      ,-0.017      ,-0.005      ,-0.001      ,-0.000      ,-0.006      ,880.000     ,0.000       ,-0.017      ,16.132      ,0.02447       ,121           ,10.635          ,0.000         ,-0.000              ,0.000               ,24028.439       ,0.00000           ,-0.00000              ,0.000         ,0.000         ,-0.006        ,-0.004        
19:59:40.215004     ,0.878       ,0.880       ,18.963      ,16.130      ,16.130      ,16.149      ,-0.019      ,-0.006      ,-0.001      ,0.000       ,-0.006      ,880.000     ,0.000       ,-0.019      ,16.130      ,0.02447       ,121           ,10.635          ,0.000         ,-0.000              ,0.000               ,24028.439       ,0.00000           ,-0.00000              ,0.000         ,0.000         ,-0.006        ,-0.004        
19:59:40.225610     ,0.878       ,0.880       ,18.963      ,16.130      ,16.131      ,16.149      ,-0.019      ,-0.006      ,-0.001      ,0.000       ,-0.006      ,880.000     ,0.000       ,-0.019      ,16.130      ,0.02447       ,121           ,10.635          ,0.000         ,-0.000              ,0.000               ,24028.439       ,0.00000           ,-0.00000              ,0.000         ,0.000         ,-0.006        ,-0.006        
19:59:40.235005     ,0.878       ,0.880       ,18.963      ,16.130      ,16.127      ,16.149      ,-0.022      ,-0.007      ,-0.001      ,-0.000      ,-0.007      ,880.000     ,0.000       ,-0.022      ,16.127      ,0.02447       ,121           ,10.635          ,0.000         ,-0.000              ,0.000               ,24028.439       ,0.00000           ,-0.00000              ,0.000         ,0.000         ,-0.007        ,-0.006        
19:59:40.248755     ,0.878       ,0.880       ,18.963      ,16.130      ,16.124      ,16.149      ,-0.022      ,-0.007      ,-0.001      ,-0.000      ,-0.007      ,880.000     ,0.000       ,-0.022      ,16.127      ,0.02447       ,121           ,10.635          ,0.000         ,-0.000              ,0.000               ,24028.439       ,0.00000           ,-0.00000              ,0.000         ,0.000         ,-0.007        ,-0.006        
19:59:40.258616     ,0.883       ,0.880       ,18.980      ,16.120      ,16.122      ,16.149      ,-0.027      ,-0.008      ,-0.001      ,-0.000      ,-0.009      ,880.000     ,0.000       ,-0.027      ,16.122      ,0.02447       ,121           ,10.635          ,0.000         ,-0.000              ,0.000               ,24028.439       ,0.00000           ,-0.00000              ,0.000         ,0.000         ,-0.009        ,-0.006        
19:59:40.269054     ,0.883       ,0.880       ,18.980      ,16.130      ,16.121      ,16.149      ,-0.027      ,-0.008      ,-0.001      ,-0.000      ,-0.009      ,880.000     ,0.000       ,-0.027      ,16.122      ,0.02447       ,121           ,10.635          ,0.000         ,-0.000              ,0.000               ,24028.439       ,0.00000           ,-0.00000              ,0.000         ,0.000         ,-0.009        ,-0.006        
19:59:40.275002     ,0.883       ,0.880       ,18.980      ,16.120      ,16.118      ,16.149      ,-0.031      ,-0.009      ,-0.001      ,-0.000      ,-0.010      ,880.000     ,0.000       ,-0.031      ,16.118      ,0.02447       ,121           ,10.635          ,0.000         ,-0.000              ,0.000               ,24028.439       ,0.00000           ,-0.00000              ,0.000         ,0.000         ,-0.010        ,-0.006        
19:59:40.291308     ,0.883       ,0.880       ,18.980      ,16.120      ,16.116      ,16.149      ,-0.031      ,-0.009      ,-0.001      ,-0.000      ,-0.010      ,880.000     ,0.000       ,-0.031      ,16.118      ,0.02447       ,121           ,10.635          ,0.000         ,-0.000              ,0.000               ,24028.439       ,0.00000           ,-0.00000              ,0.000         ,0.000         ,-0.010        ,-0.011        
19:59:40.295004     ,0.883       ,0.880       ,18.980      ,16.120      ,16.114      ,16.149      ,-0.035      ,-0.010      ,-0.001      ,0.000       ,-0.011      ,880.000     ,0.000       ,-0.035      ,16.114      ,0.02447       ,121           ,10.635          ,0.000         ,-0.000              ,0.000               ,24028.439       ,0.00000           ,-0.00000              ,0.000         ,0.000         ,-0.011        ,-0.011        
19:59:40.311463     ,0.883       ,0.880       ,18.980      ,16.130      ,16.116      ,16.149      ,-0.033      ,-0.010      ,-0.001      ,0.000       ,-0.011      ,880.000     ,0.000       ,-0.033      ,16.116      ,0.02447       ,121           ,10.635          ,0.000         ,-0.000              ,0.000               ,24028.439       ,0.00000           ,-0.00000              ,0.000         ,0.000         ,-0.011        ,-0.010        
19:59:40.315002     ,0.883       ,0.880       ,18.980      ,16.120      ,16.114      ,16.149      ,-0.035      ,-0.010      ,-0.001      ,-0.000      ,-0.011      ,880.000     ,0.000       ,-0.035      ,16.114      ,0.02447       ,121           ,10.635          ,0.000         ,-0.000              ,0.000               ,24028.439       ,0.00000           ,-0.00000              ,0.000         ,0.000         ,-0.011        ,-0.010        
19:59:40.333771     ,0.883       ,0.880       ,18.980      ,16.130      ,16.116      ,16.149      ,-0.033      ,-0.010      ,-0.001      ,0.000       ,-0.011      ,880.000     ,0.000       ,-0.033      ,16.116      ,0.02447       ,121           ,10.635          ,0.000         ,-0.000              ,0.000               ,24028.439       ,0.00000           ,-0.00000              ,0.000         ,0.000         ,-0.011        ,-0.010        
19:59:40.334998     ,0.883       ,0.880       ,18.980      ,16.120      ,16.115      ,16.149      ,-0.034      ,-0.010      ,-0.001      ,-0.000      ,-0.011      ,880.000     ,0.000       ,-0.034      ,16.115      ,0.02447       ,121           ,10.635          ,0.000         ,-0.000              ,0.000               ,24028.439       ,0.00000           ,-0.00000              ,0.000         ,0.000         ,-0.011        ,-0.010        
19:59:40.345008     ,0.883       ,0.880       ,18.980      ,16.130      ,16.116      ,16.149      ,-0.032      ,-0.010      ,-0.001      ,0.000       ,-0.011      ,880.000     ,0.000       ,-0.032      ,16.116      ,0.02447       ,121           ,10.635          ,0.000         ,-0.000              ,0.000               ,24028.439       ,0.00000           ,-0.00000              ,0.000         ,0.000         ,-0.011        ,-0.010        
19:59:40.358461     ,0.879       ,0.880       ,18.947      ,16.130      ,16.116      ,16.149      ,-0.033      ,-0.010      ,-0.001      ,-0.000      ,-0.011      ,880.000     ,0.000       ,-0.033      ,16.116      ,0.02447       ,121           ,10.635          ,0.000         ,-0.000              ,0.000               ,24028.439       ,0.00000           ,-0.00000              ,0.000         ,0.000         ,-0.011        ,-0.013        
19:59:40.370390     ,0.879       ,0.880       ,18.947      ,16.130      ,16.118      ,16.149      ,-0.031      ,-0.009      ,-0.001      ,0.000       ,-0.010      ,880.000     ,0.000       ,-0.031      ,16.118      ,0.02447       ,121           ,10.635          ,0.000         ,-0.000              ,0.000               ,24028.439       ,0.00000           ,-0.00000              ,0.000         ,0.000         ,-0.010        ,-0.010        
19:59:40.375000     ,0.879       ,0.880       ,18.947      ,16.120      ,16.117      ,16.149      ,-0.032      ,-0.010      ,-0.001      ,-0.000      ,-0.011      ,880.000     ,0.000       ,-0.032      ,16.117      ,0.02447       ,121           ,10.635          ,0.000         ,-0.000              ,0.000               ,24028.439       ,0.00000           ,-0.00000              ,0.000         ,0.000         ,-0.011        ,-0.010        
19:59:40.391759     ,0.879       ,0.880       ,18.947      ,16.120      ,16.118      ,16.149      ,-0.031      ,-0.009      ,-0.001      ,0.000       ,-0.010      ,880.000     ,0.000       ,-0.031      ,16.118      ,0.02447       ,121           ,10.635          ,0.000         ,-0.000              ,0.000               ,24028.439       ,0.00000           ,-0.00000              ,0.000         ,0.000         ,-0.010        ,-0.010        
19:59:40.395000     ,0.879       ,0.880       ,18.947      ,16.130      ,16.118      ,16.149      ,-0.031      ,-0.009      ,-0.001      ,-0.000      ,-0.010      ,880.000     ,0.000       ,-0.031      ,16.118      ,0.02447       ,121           ,10.635          ,0.000         ,-0.000              ,0.000               ,24028.439       ,0.00000           ,-0.00000              ,0.000         ,0.000         ,-0.010        ,-0.010        
19:59:40.404997     ,0.879       ,0.880       ,18.947      ,16.130      ,16.118      ,16.149      ,-0.030      ,-0.009      ,-0.001      ,-0.000      ,-0.010      ,880.000     ,0.000       ,-0.030      ,16.118      ,0.02447       ,121           ,10.635          ,0.000         ,-0.000              ,0.000               ,24028.439       ,0.00000           ,-0.00000              ,0.000         ,0.000         ,-0.010        ,-0.010        
19:59:40.423051     ,0.879       ,0.880       ,18.947      ,16.400      ,16.165      ,16.149      ,-0.031      ,-0.009      ,-0.001      ,-0.000      ,-0.010      ,880.000     ,0.000       ,-0.031      ,16.118      ,0.02447       ,121           ,10.635          ,0.000         ,-0.000              ,0.000               ,24028.439       ,0.00000           ,-0.00000              ,0.000         ,0.000         ,-0.010        ,-0.011        
19:59:40.430315     ,0.879       ,0.880       ,18.947      ,16.400      ,16.165      ,16.149      ,0.016       ,0.005       ,-0.001      ,0.000       ,0.004       ,880.000     ,0.000       ,0.016       ,16.165      ,0.02447       ,121           ,10.635          ,0.000         ,-0.000              ,0.000               ,24028.439       ,0.00000           ,-0.00000              ,0.000         ,0.000         ,0.004         ,-0.010        
19:59:40.434990     ,0.879       ,0.880       ,18.947      ,16.590      ,16.232      ,16.149      ,0.084       ,0.025       ,-0.001      ,0.000       ,0.024       ,880.000     ,0.000       ,0.084       ,16.232      ,0.02447       ,121           ,10.635          ,0.000         ,-0.000              ,0.000               ,24028.439       ,0.00000           ,-0.00000              ,0.000         ,0.000         ,0.024         ,-0.010        
19:59:40.450079     ,0.879       ,0.880       ,18.947      ,16.600      ,16.292      ,16.149      ,0.143       ,0.043       ,-0.001      ,-0.000      ,0.042       ,880.000     ,0.000       ,0.143       ,16.292      ,0.02454       ,122           ,10.723          ,0.000         ,-0.000              ,0.000               ,24028.441       ,-0.00767          ,-0.00011              ,0.000         ,0.000         ,0.042         ,0.020         
19:59:40.458457     ,0.878       ,0.880       ,18.947      ,16.480      ,16.339      ,16.149      ,0.190       ,0.057       ,-0.001      ,-0.000      ,0.056       ,880.000     ,0.000       ,0.190       ,16.339      ,0.02462       ,123           ,10.811          ,0.000         ,-0.000              ,0.001               ,24028.441       ,-0.00766          ,-0.00033              ,0.000         ,0.000         ,0.056         ,0.020         
19:59:40.472542     ,0.878       ,0.880       ,18.947      ,16.240      ,16.366      ,16.149      ,0.190       ,0.057       ,-0.001      ,-0.000      ,0.056       ,880.000     ,0.000       ,0.190       ,16.339      ,0.02470       ,124           ,10.898          ,0.200         ,-0.001              ,0.001               ,24028.441       ,-0.00766          ,-0.00033              ,0.000         ,0.000         ,0.056         ,0.057         
19:59:40.475027     ,0.878       ,0.880       ,18.947      ,16.220      ,16.369      ,16.149      ,0.220       ,0.066       ,-0.000      ,-0.000      ,0.066       ,880.000     ,0.000       ,0.220       ,16.369      ,0.02485       ,126           ,11.074          ,0.400         ,-0.001              ,0.003               ,24028.441       ,-0.01535          ,-0.00111              ,0.000         ,0.000         ,0.066         ,0.057         
19:59:40.491433     ,0.878       ,0.880       ,18.947      ,16.240      ,16.360      ,16.149      ,0.212       ,0.063       ,-0.000      ,-0.000      ,0.063       ,880.000     ,0.000       ,0.212       ,16.360      ,0.02493       ,127           ,11.162          ,0.600         ,-0.002              ,0.005               ,24028.443       ,-0.00767          ,-0.00163              ,0.000         ,0.000         ,0.063         ,0.065         
19:59:40.494995     ,0.878       ,0.880       ,18.947      ,16.190      ,16.340      ,16.149      ,0.191       ,0.057       ,-0.000      ,-0.000      ,0.057       ,880.000     ,0.000       ,0.191       ,16.340      ,0.02508       ,129           ,11.338          ,0.800         ,-0.003              ,0.007               ,24028.443       ,-0.01534          ,-0.00231              ,0.000         ,0.000         ,0.057         ,0.065         
19:59:40.510361     ,0.878       ,0.880       ,18.947      ,16.250      ,16.328      ,16.149      ,0.179       ,0.054       ,-0.000      ,0.000       ,0.054       ,880.000     ,0.000       ,0.179       ,16.328      ,0.02516       ,130           ,11.426          ,1.200         ,-0.004              ,0.009               ,24028.445       ,-0.00767          ,-0.00300              ,0.000         ,0.000         ,0.054         ,0.056         
19:59:40.514999     ,0.878       ,0.880       ,18.947      ,16.400      ,16.344      ,16.149      ,0.195       ,0.059       ,0.000       ,0.000       ,0.059       ,880.000     ,0.000       ,0.195       ,16.344      ,0.02531       ,132           ,11.602          ,1.400         ,-0.005              ,0.011               ,24028.445       ,-0.01534          ,-0.00381              ,0.000         ,0.000         ,0.059         ,0.056         
19:59:40.531214     ,0.878       ,0.880       ,18.947      ,16.530      ,16.345      ,16.149      ,0.197       ,0.059       ,0.000       ,-0.000      ,0.059       ,880.000     ,0.000       ,0.197       ,16.345      ,0.02546       ,134           ,11.777          ,1.600         ,-0.006              ,0.014               ,24028.447       ,-0.01535          ,-0.00474              ,0.000         ,0.000         ,0.059         ,0.057         
19:59:40.534995     ,0.878       ,0.880       ,18.947      ,16.460      ,16.319      ,16.149      ,0.170       ,0.051       ,0.000       ,-0.000      ,0.051       ,880.000     ,0.000       ,0.170       ,16.319      ,0.02569       ,137           ,12.041          ,1.800         ,-0.006              ,0.018               ,24028.447       ,-0.02301          ,-0.00587              ,0.000         ,0.000         ,0.051         ,0.057         
19:59:40.549768     ,0.878       ,0.880       ,18.947      ,16.320      ,16.300      ,16.149      ,0.152       ,0.045       ,0.000       ,0.000       ,0.046       ,880.000     ,0.000       ,0.152       ,16.300      ,0.02592       ,140           ,12.305          ,2.200         ,-0.008              ,0.021               ,24028.447       ,-0.02301          ,-0.00706              ,0.000         ,0.000         ,0.046         ,0.051         
19:59:40.558495     ,0.879       ,0.880       ,18.963      ,16.300      ,16.306      ,16.149      ,0.157       ,0.047       ,0.000       ,0.000       ,0.048       ,880.000     ,0.000       ,0.157       ,16.306      ,0.02615       ,143           ,12.568          ,2.400         ,-0.008              ,0.025               ,24028.447       ,-0.02301          ,-0.00830              ,0.000         ,0.000         ,0.048         ,0.051         
19:59:40.570923     ,0.879       ,0.880       ,18.963      ,16.450      ,16.343      ,16.149      ,0.157       ,0.047       ,0.000       ,0.000       ,0.048       ,880.000     ,0.000       ,0.157       ,16.306      ,0.02631       ,145           ,12.744          ,2.600         ,-0.009              ,0.025               ,24028.449       ,-0.02301          ,-0.00830              ,0.000         ,0.000         ,0.048         ,0.044         
19:59:40.574979     ,0.879       ,0.880       ,18.963      ,16.510      ,16.379      ,16.149      ,0.230       ,0.069       ,0.001       ,-0.000      ,0.070       ,880.000     ,0.000       ,0.230       ,16.379      ,0.02661       ,149           ,13.096          ,2.800         ,-0.010              ,0.032               ,24028.449       ,-0.03066          ,-0.01070              ,0.000         ,0.000         ,0.070         ,0.044         
19:59:40.589574     ,0.879       ,0.880       ,18.963      ,16.510      ,16.424      ,16.149      ,0.230       ,0.069       ,0.001       ,-0.000      ,0.070       ,880.000     ,0.000       ,0.230       ,16.379      ,0.02684       ,152           ,13.359          ,3.200         ,-0.011              ,0.032               ,24028.453       ,-0.03066          ,-0.01070              ,0.000         ,0.000         ,0.070         ,0.069         
19:59:40.594989     ,0.879       ,0.880       ,18.963      ,16.450      ,16.463      ,16.149      ,0.314       ,0.094       ,0.001       ,-0.000      ,0.095       ,880.000     ,0.000       ,0.314       ,16.463      ,0.02715       ,156           ,13.711          ,3.400         ,-0.012              ,0.040               ,24028.453       ,-0.03069          ,-0.01328              ,0.000         ,0.000         ,0.095         ,0.069         
19:59:40.608279     ,0.879       ,0.880       ,18.963      ,16.360      ,16.467      ,16.149      ,0.314       ,0.095       ,0.001       ,-0.000      ,0.097       ,880.000     ,0.000       ,0.314       ,16.463      ,0.02746       ,160           ,14.062          ,3.800         ,-0.013              ,0.040               ,24028.455       ,-0.03069          ,-0.01328              ,0.000         ,0.000         ,0.097         ,0.095         
19:59:40.614986     ,0.879       ,0.880       ,18.963      ,16.270      ,16.422      ,16.149      ,0.273       ,0.082       ,0.002       ,-0.000      ,0.084       ,880.000     ,0.000       ,0.273       ,16.422      ,0.02777       ,164           ,14.414          ,4.200         ,-0.015              ,0.049               ,24028.455       ,-0.03063          ,-0.01621              ,0.000         ,0.000         ,0.084         ,0.095         
19:59:40.626988     ,0.879       ,0.880       ,18.963      ,16.120      ,16.352      ,16.149      ,0.273       ,0.082       ,0.002       ,-0.000      ,0.084       ,880.000     ,0.000       ,0.273       ,16.422      ,0.02815       ,169           ,14.854          ,4.800         ,-0.017              ,0.049               ,24028.459       ,-0.03063          ,-0.01621              ,0.000         ,0.000         ,0.063         ,0.083         
19:59:40.635007     ,0.879       ,0.880       ,18.963      ,16.120      ,16.296      ,16.149      ,0.148       ,0.044       ,0.002       ,0.000       ,0.046       ,880.000     ,0.000       ,0.148       ,16.296      ,0.02853       ,174           ,15.293          ,5.200         ,-0.018              ,0.058               ,24028.459       ,-0.03840          ,-0.01939              ,0.000         ,0.000         ,0.046         ,0.083         
19:59:40.647777     ,0.879       ,0.880       ,18.963      ,16.360      ,16.293      ,16.149      ,0.145       ,0.043       ,0.002       ,0.000       ,0.045       ,880.000     ,0.000       ,0.145       ,16.293      ,0.02899       ,180           ,15.820          ,5.800         ,-0.020              ,0.058               ,24028.463       ,-0.03840          ,-0.01939              ,0.000         ,0.000         ,0.045         ,0.046         
19:59:40.658486     ,0.879       ,0.880       ,18.980      ,16.540      ,16.316      ,16.149      ,0.167       ,0.050       ,0.002       ,0.000       ,0.052       ,880.000     ,0.000       ,0.167       ,16.316      ,0.02938       ,185           ,16.260          ,6.200         ,-0.022              ,0.068               ,24028.463       ,-0.03830          ,-0.02275              ,0.000         ,0.000         ,0.052         ,0.046         
19:59:40.666407     ,0.879       ,0.880       ,18.980      ,16.620      ,16.344      ,16.149      ,0.167       ,0.050       ,0.002       ,0.000       ,0.052       ,880.000     ,0.000       ,0.167       ,16.316      ,0.02991       ,192           ,16.875          ,6.600         ,-0.023              ,0.068               ,24028.467       ,-0.03830          ,-0.02275              ,0.000         ,0.000         ,0.061         ,0.051         
19:59:40.674983     ,0.879       ,0.880       ,18.980      ,16.530      ,16.373      ,16.149      ,0.224       ,0.067       ,0.002       ,0.000       ,0.069       ,880.000     ,0.000       ,0.224       ,16.373      ,0.03037       ,198           ,17.402          ,6.800         ,-0.024              ,0.080               ,24028.467       ,-0.04597          ,-0.02667              ,0.000         ,0.000         ,0.069         ,0.051         
19:59:40.686050     ,0.879       ,0.880       ,18.980      ,16.330      ,16.379      ,16.149      ,0.224       ,0.067       ,0.002       ,0.000       ,0.069       ,880.000     ,0.000       ,0.224       ,16.373      ,0.03083       ,204           ,17.930          ,7.200         ,-0.025              ,0.080               ,24028.473       ,-0.04597          ,-0.02667              ,0.000         ,0.000         ,0.069         ,0.067         
19:59:40.695003     ,0.879       ,0.880       ,18.980      ,16.260      ,16.365      ,16.149      ,0.216       ,0.065       ,0.003       ,-0.000      ,0.067       ,880.000     ,0.000       ,0.216       ,16.365      ,0.03137       ,211           ,18.545          ,7.400         ,-0.026              ,0.092               ,24028.473       ,-0.05363          ,-0.03069              ,0.000         ,0.000         ,0.067         ,0.067         
19:59:40.707686     ,0.879       ,0.880       ,18.980      ,16.260      ,16.356      ,16.149      ,0.216       ,0.065       ,0.003       ,-0.000      ,0.067       ,880.000     ,0.000       ,0.216       ,16.365      ,0.03198       ,219           ,19.248          ,8.000         ,-0.028              ,0.092               ,24028.477       ,-0.05363          ,-0.03069              ,0.000         ,0.000         ,0.065         ,0.069         
19:59:40.715004     ,0.879       ,0.880       ,18.980      ,16.250      ,16.348      ,16.149      ,0.199       ,0.060       ,0.003       ,0.000       ,0.063       ,880.000     ,0.000       ,0.199       ,16.348      ,0.03252       ,226           ,19.863          ,8.600         ,-0.030              ,0.105               ,24028.477       ,-0.05363          ,-0.03507              ,0.000         ,0.000         ,0.063         ,0.069         
19:59:40.726192     ,0.879       ,0.880       ,18.980      ,16.370      ,16.367      ,16.149      ,0.199       ,0.060       ,0.003       ,0.000       ,0.063       ,880.000     ,0.000       ,0.199       ,16.348      ,0.03313       ,234           ,20.566          ,9.400         ,-0.033              ,0.105               ,24028.482       ,-0.05363          ,-0.03507              ,0.000         ,0.000         ,0.068         ,0.065         
19:59:40.734998     ,0.879       ,0.880       ,18.980      ,16.460      ,16.397      ,16.149      ,0.248       ,0.075       ,0.003       ,0.000       ,0.078       ,880.000     ,0.000       ,0.248       ,16.397      ,0.03375       ,242           ,21.270          ,10.000        ,-0.035              ,0.119               ,24028.482       ,-0.06138          ,-0.03952              ,0.000         ,0.000         ,0.078         ,0.065         
19:59:40.745982     ,0.879       ,0.880       ,18.980      ,16.530      ,16.409      ,16.149      ,0.248       ,0.075       ,0.003       ,0.000       ,0.078       ,880.000     ,0.000       ,0.248       ,16.397      ,0.03436       ,250           ,21.973          ,10.800        ,-0.038              ,0.119               ,24028.488       ,-0.06138          ,-0.03952              ,0.000         ,0.000         ,0.078         ,0.079         
19:59:40.758540     ,0.879       ,0.880       ,18.980      ,16.400      ,16.379      ,16.149      ,0.230       ,0.069       ,0.003       ,-0.000      ,0.073       ,880.000     ,0.000       ,0.230       ,16.379      ,0.03505       ,259           ,22.764          ,11.200        ,-0.039              ,0.132               ,24028.488       ,-0.06900          ,-0.04391              ,0.000         ,0.000         ,0.073         ,0.072         
19:59:40.772925     ,0.879       ,0.880       ,18.980      ,16.180      ,16.289      ,16.149      ,0.174       ,0.052       ,0.004       ,-0.000      ,0.056       ,880.000     ,0.000       ,0.174       ,16.323      ,0.03643       ,277           ,24.346          ,11.800        ,-0.041              ,0.138               ,24028.494       ,-0.06906          ,-0.04607              ,0.000         ,0.000         ,0.056         ,0.072         
19:59:40.774993     ,0.879       ,0.880       ,18.980      ,16.180      ,16.289      ,16.149      ,0.140       ,0.042       ,0.004       ,0.000       ,0.046       ,880.000     ,0.000       ,0.140       ,16.289      ,0.03643       ,277           ,24.346          ,12.200        ,-0.043              ,0.145               ,24028.494       ,-0.06901          ,-0.04825              ,0.000         ,0.000         ,0.046         ,0.072         
19:59:40.785466     ,0.879       ,0.880       ,18.980      ,16.360      ,16.298      ,16.149      ,0.140       ,0.042       ,0.004       ,0.000       ,0.046       ,880.000     ,0.000       ,0.140       ,16.289      ,0.03720       ,287           ,25.225          ,12.800        ,-0.045              ,0.145               ,24028.500       ,-0.06901          ,-0.04825              ,0.000         ,0.000         ,0.046         ,0.046         
19:59:40.795005     ,0.879       ,0.880       ,18.980      ,16.440      ,16.313      ,16.149      ,0.164       ,0.049       ,0.004       ,0.000       ,0.053       ,880.000     ,0.000       ,0.164       ,16.313      ,0.03789       ,296           ,26.016          ,13.200        ,-0.046              ,0.158               ,24028.500       ,-0.06902          ,-0.05275              ,0.000         ,0.000         ,0.053         ,0.046         
19:59:40.806201     ,0.879       ,0.880       ,18.980      ,16.480      ,16.346      ,16.149      ,0.164       ,0.049       ,0.004       ,0.000       ,0.053       ,880.000     ,0.000       ,0.164       ,16.313      ,0.03866       ,306           ,26.895          ,13.800        ,-0.048              ,0.158               ,24028.510       ,-0.06902          ,-0.05275              ,0.000         ,0.000         ,0.063         ,0.051         
19:59:40.814999     ,0.879       ,0.880       ,18.980      ,16.490      ,16.400      ,16.149      ,0.251       ,0.075       ,0.004       ,0.000       ,0.080       ,880.000     ,0.000       ,0.251       ,16.400      ,0.03950       ,317           ,27.861          ,14.200        ,-0.050              ,0.171               ,24028.510       ,-0.08432          ,-0.05709              ,0.000         ,0.000         ,0.080         ,0.051         
19:59:40.827017     ,0.879       ,0.880       ,18.980      ,16.400      ,16.410      ,16.149      ,0.251       ,0.075       ,0.004       ,0.000       ,0.080       ,880.000     ,0.000       ,0.251       ,16.400      ,0.04027       ,327           ,28.740          ,14.800        ,-0.052              ,0.171               ,24028.516       ,-0.08432          ,-0.05709              ,0.000         ,0.000         ,0.083         ,0.077         
19:59:40.834998     ,0.879       ,0.880       ,18.980      ,16.310      ,16.377      ,16.149      ,0.228       ,0.068       ,0.005       ,-0.000      ,0.073       ,880.000     ,0.000       ,0.228       ,16.377      ,0.04111       ,338           ,29.707          ,15.200        ,-0.053              ,0.184               ,24028.516       ,-0.08429          ,-0.06139              ,0.000         ,0.000         ,0.073         ,0.077         
19:59:40.847658     ,0.879       ,0.880       ,18.980      ,16.100      ,16.320      ,16.149      ,0.228       ,0.068       ,0.005       ,-0.000      ,0.073       ,880.000     ,0.000       ,0.228       ,16.377      ,0.04203       ,350           ,30.762          ,16.000        ,-0.056              ,0.184               ,24028.523       ,-0.08429          ,-0.06139              ,0.000         ,0.000         ,0.056         ,0.070         
19:59:40.858530     ,0.881       ,0.880       ,18.996      ,16.140      ,16.291      ,16.149      ,0.143       ,0.043       ,0.005       ,0.000       ,0.048       ,880.000     ,0.000       ,0.143       ,16.291      ,0.04287       ,361           ,31.729          ,16.600        ,-0.058              ,0.198               ,24028.523       ,-0.08440          ,-0.06586              ,0.000         ,0.000         ,0.048         ,0.070         
19:59:40.867377     ,0.881       ,0.880       ,18.996      ,16.440      ,16.316      ,16.149      ,0.143       ,0.043       ,0.005       ,0.000       ,0.048       ,880.000     ,0.000       ,0.143       ,16.291      ,0.04380       ,373           ,32.783          ,17.400        ,-0.061              ,0.198               ,24028.531       ,-0.08440          ,-0.06586              ,0.000         ,0.000         ,0.055         ,0.047         
19:59:40.874985     ,0.881       ,0.880       ,18.996      ,16.600      ,16.357      ,16.149      ,0.209       ,0.063       ,0.005       ,0.000       ,0.068       ,880.000     ,0.000       ,0.209       ,16.357      ,0.04472       ,385           ,33.838          ,18.000        ,-0.063              ,0.211               ,24028.531       ,-0.09196          ,-0.07028              ,0.000         ,0.000         ,0.068         ,0.047         
19:59:40.887319     ,0.881       ,0.880       ,18.996      ,16.650      ,16.391      ,16.149      ,0.209       ,0.063       ,0.005       ,0.000       ,0.068       ,880.000     ,0.000       ,0.209       ,16.357      ,0.04564       ,397           ,34.893          ,18.800        ,-0.066              ,0.211               ,24028.541       ,-0.09196          ,-0.07028              ,0.000         ,0.000         ,0.078         ,0.067         
19:59:40.894996     ,0.881       ,0.880       ,18.996      ,16.500      ,16.419      ,16.149      ,0.270       ,0.081       ,0.005       ,-0.000      ,0.086       ,880.000     ,0.000       ,0.270       ,16.419      ,0.04663       ,410           ,36.035          ,19.200        ,-0.067              ,0.224               ,24028.545       ,-0.09970          ,-0.07465              ,0.000         ,0.000         ,0.086         ,0.067         
19:59:40.905913     ,0.881       ,0.880       ,18.996      ,16.380      ,16.426      ,16.149      ,0.270       ,0.081       ,0.005       ,-0.000      ,0.086       ,880.000     ,0.000       ,0.270       ,16.419      ,0.04755       ,422           ,37.090          ,19.800        ,-0.069              ,0.224               ,24028.549       ,-0.09970          ,-0.07465              ,0.000         ,0.000         ,0.086         ,0.085         
19:59:40.915013     ,0.881       ,0.880       ,18.996      ,16.210      ,16.382      ,16.149      ,0.233       ,0.070       ,0.006       ,-0.000      ,0.075       ,880.000     ,0.000       ,0.233       ,16.382      ,0.04863       ,436           ,38.320          ,20.200        ,-0.071              ,0.237               ,24028.549       ,-0.10738          ,-0.07897              ,0.000         ,0.000         ,0.075         ,0.085         
19:59:40.926658     ,0.881       ,0.880       ,18.996      ,16.190      ,16.350      ,16.149      ,0.233       ,0.070       ,0.006       ,-0.000      ,0.075       ,880.000     ,0.000       ,0.233       ,16.382      ,0.04962       ,449           ,39.463          ,20.800        ,-0.073              ,0.237               ,24028.559       ,-0.10738          ,-0.07897              ,0.000         ,0.000         ,0.066         ,0.074         
19:59:40.934994     ,0.881       ,0.880       ,18.996      ,16.210      ,16.334      ,16.149      ,0.185       ,0.056       ,0.006       ,0.000       ,0.061       ,880.000     ,0.000       ,0.185       ,16.334      ,0.05062       ,462           ,40.605          ,21.200        ,-0.074              ,0.250               ,24028.559       ,-0.09963          ,-0.08325              ,0.000         ,0.000         ,0.061         ,0.074         
19:59:40.946493     ,0.881       ,0.880       ,18.996      ,16.320      ,16.350      ,16.149      ,0.185       ,0.056       ,0.006       ,0.000       ,0.061       ,880.000     ,0.000       ,0.185       ,16.334      ,0.05170       ,476           ,41.836          ,21.800        ,-0.076              ,0.250               ,24028.568       ,-0.09963          ,-0.08325              ,0.000         ,0.000         ,0.066         ,0.061         
19:59:40.958552     ,0.881       ,0.880       ,18.947      ,16.590      ,16.390      ,16.149      ,0.241       ,0.072       ,0.006       ,0.000       ,0.079       ,880.000     ,0.000       ,0.241       ,16.390      ,0.05277       ,490           ,43.066          ,22.200        ,-0.077              ,0.262               ,24028.568       ,-0.10735          ,-0.08732              ,0.000         ,0.000         ,0.079         ,0.061         
19:59:40.966228     ,0.881       ,0.880       ,18.947      ,16.600      ,16.412      ,16.149      ,0.241       ,0.072       ,0.006       ,0.000       ,0.079       ,880.000     ,0.000       ,0.241       ,16.390      ,0.05384       ,504           ,44.297          ,22.800        ,-0.080              ,0.262               ,24028.578       ,-0.10735          ,-0.08732              ,0.000         ,0.000         ,0.085         ,0.075         
19:59:40.974992     ,0.881       ,0.880       ,18.947      ,16.380      ,16.379      ,16.149      ,0.230       ,0.069       ,0.007       ,-0.000      ,0.075       ,880.000     ,0.000       ,0.230       ,16.379      ,0.05499       ,519           ,45.615          ,23.200        ,-0.081              ,0.274               ,24028.578       ,-0.11491          ,-0.09131              ,0.000         ,0.000         ,0.075         ,0.075         
19:59:40.986073     ,0.881       ,0.880       ,18.947      ,16.200      ,16.335      ,16.149      ,0.230       ,0.069       ,0.007       ,-0.000      ,0.075       ,880.000     ,0.000       ,0.230       ,16.379      ,0.05614       ,534           ,46.934          ,23.800        ,-0.083              ,0.274               ,24028.588       ,-0.11491          ,-0.09131              ,0.000         ,0.000         ,0.075         ,0.074         
19:59:40.995056     ,0.881       ,0.880       ,18.947      ,16.100      ,16.297      ,16.149      ,0.148       ,0.045       ,0.007       ,0.000       ,0.051       ,880.000     ,0.000       ,0.148       ,16.297      ,0.05737       ,550           ,48.340          ,24.200        ,-0.084              ,0.286               ,24028.588       ,-0.12259          ,-0.09548              ,0.000         ,0.000         ,0.051         ,0.074         
19:59:41.007793     ,0.881       ,0.880       ,18.947      ,16.180      ,16.265      ,16.149      ,0.148       ,0.045       ,0.007       ,0.000       ,0.051       ,880.000     ,0.000       ,0.148       ,16.297      ,0.05852       ,565           ,49.658          ,25.000        ,-0.087              ,0.286               ,24028.600       ,-0.12259          ,-0.09548              ,0.000         ,0.000         ,0.042         ,0.055         
19:59:41.014995     ,0.881       ,0.880       ,18.947      ,16.420      ,16.289      ,16.149      ,0.140       ,0.042       ,0.007       ,0.000       ,0.049       ,880.000     ,0.000       ,0.140       ,16.289      ,0.05975       ,581           ,51.064          ,25.600        ,-0.089              ,0.299               ,24028.600       ,-0.12294          ,-0.09965              ,0.000         ,0.000         ,0.049         ,0.055         
19:59:41.026618     ,0.881       ,0.880       ,18.947      ,16.460      ,16.334      ,16.149      ,0.140       ,0.042       ,0.007       ,0.000       ,0.049       ,880.000     ,0.000       ,0.140       ,16.289      ,0.06098       ,597           ,52.471          ,26.400        ,-0.092              ,0.299               ,24028.611       ,-0.12294          ,-0.09965              ,0.000         ,0.000         ,0.049         ,0.050         
19:59:41.034999     ,0.881       ,0.880       ,18.947      ,16.550      ,16.383      ,16.149      ,0.234       ,0.070       ,0.007       ,0.000       ,0.077       ,880.000     ,0.000       ,0.234       ,16.383      ,0.06220       ,613           ,53.877          ,27.000        ,-0.094              ,0.312               ,24028.611       ,-0.12261          ,-0.10384              ,0.000         ,0.000         ,0.077         ,0.050         
19:59:41.047294     ,0.881       ,0.880       ,18.947      ,16.540      ,16.413      ,16.149      ,0.234       ,0.070       ,0.007       ,0.000       ,0.077       ,880.000     ,0.000       ,0.234       ,16.383      ,0.06351       ,630           ,55.371          ,27.800        ,-0.097              ,0.312               ,24028.623       ,-0.12261          ,-0.10384              ,0.000         ,0.000         ,0.087         ,0.075         
19:59:41.058552     ,0.879       ,0.880       ,18.963      ,16.260      ,16.376      ,16.149      ,0.228       ,0.068       ,0.008       ,-0.000      ,0.076       ,880.000     ,0.000       ,0.228       ,16.376      ,0.06481       ,647           ,56.865          ,28.200        ,-0.098              ,0.324               ,24028.629       ,-0.13027          ,-0.10815              ,0.000         ,0.000         ,0.076         ,0.074         
19:59:41.064978     ,0.879       ,0.880       ,18.963      ,16.080      ,16.303      ,16.149      ,0.228       ,0.068       ,0.008       ,-0.000      ,0.076       ,880.000     ,0.000       ,0.228       ,16.376      ,0.06611       ,664           ,58.359          ,28.800        ,-0.101              ,0.324               ,24028.633       ,-0.13027          ,-0.10815              ,0.000         ,0.000         ,0.076         ,0.074         
19:59:41.074992     ,0.879       ,0.880       ,18.963      ,15.980      ,16.255      ,16.149      ,0.106       ,0.032       ,0.008       ,0.000       ,0.040       ,880.000     ,0.000       ,0.106       ,16.255      ,0.06750       ,682           ,59.941          ,29.200        ,-0.102              ,0.338               ,24028.635       ,-0.13783          ,-0.11254              ,0.000         ,0.000         ,0.040         ,0.074         
19:59:41.085926     ,0.879       ,0.880       ,18.963      ,16.140      ,16.240      ,16.149      ,0.106       ,0.032       ,0.008       ,0.000       ,0.040       ,880.000     ,0.000       ,0.106       ,16.255      ,0.06888       ,700           ,61.523          ,29.800        ,-0.104              ,0.338               ,24028.648       ,-0.13783          ,-0.11254              ,0.000         ,0.000         ,0.035         ,0.041         
19:59:41.095004     ,0.879       ,0.880       ,18.963      ,16.540      ,16.281      ,16.149      ,0.132       ,0.040       ,0.008       ,0.000       ,0.048       ,880.000     ,0.000       ,0.132       ,16.281      ,0.07026       ,718           ,63.105          ,30.200        ,-0.105              ,0.351               ,24028.648       ,-0.13817          ,-0.11687              ,0.000         ,0.000         ,0.048         ,0.041         
19:59:41.105729     ,0.879       ,0.880       ,18.963      ,16.620      ,16.336      ,16.149      ,0.132       ,0.040       ,0.008       ,0.000       ,0.048       ,880.000     ,0.000       ,0.132       ,16.281      ,0.07171       ,737           ,64.775          ,30.800        ,-0.108              ,0.351               ,24028.660       ,-0.13817          ,-0.11687              ,0.000         ,0.000         ,0.064         ,0.046         
19:59:41.115000     ,0.879       ,0.880       ,18.963      ,16.530      ,16.361      ,16.149      ,0.212       ,0.064       ,0.008       ,-0.000      ,0.072       ,880.000     ,0.000       ,0.212       ,16.361      ,0.07309       ,755           ,66.357          ,31.200        ,-0.109              ,0.364               ,24028.660       ,-0.13823          ,-0.12129              ,0.000         ,0.000         ,0.072         ,0.046         
19:59:41.125385     ,0.879       ,0.880       ,18.963      ,16.430      ,16.375      ,16.149      ,0.212       ,0.064       ,0.008       ,-0.000      ,0.072       ,880.000     ,0.000       ,0.212       ,16.361      ,0.07455       ,774           ,68.027          ,32.000        ,-0.112              ,0.364               ,24028.674       ,-0.13823          ,-0.12129              ,0.000         ,0.000         ,0.076         ,0.071         
19:59:41.135002     ,0.879       ,0.880       ,18.963      ,16.270      ,16.357      ,16.149      ,0.208       ,0.063       ,0.008       ,-0.000      ,0.071       ,880.000     ,0.000       ,0.208       ,16.357      ,0.07601       ,793           ,69.697          ,32.600        ,-0.114              ,0.377               ,24028.674       ,-0.14580          ,-0.12565              ,0.000         ,0.000         ,0.071         ,0.071         
19:59:41.146100     ,0.879       ,0.880       ,18.963      ,16.200      ,16.308      ,16.149      ,0.208       ,0.063       ,0.008       ,-0.000      ,0.071       ,880.000     ,0.000       ,0.208       ,16.357      ,0.07754       ,813           ,71.455          ,33.400        ,-0.117              ,0.377               ,24028.686       ,-0.14580          ,-0.12565              ,0.000         ,0.000         ,0.056         ,0.069         
19:59:41.158546     ,0.879       ,0.880       ,18.963      ,16.150      ,16.288      ,16.149      ,0.139       ,0.042       ,0.009       ,0.000       ,0.050       ,880.000     ,0.000       ,0.139       ,16.288      ,0.07908       ,833           ,73.213          ,34.000        ,-0.119              ,0.390               ,24028.686       ,-0.15334          ,-0.13008              ,0.000         ,0.000         ,0.050         ,0.069         
19:59:41.165828     ,0.879       ,0.880       ,18.963      ,16.280      ,16.318      ,16.149      ,0.139       ,0.042       ,0.009       ,0.000       ,0.050       ,880.000     ,0.000       ,0.139       ,16.288      ,0.08061       ,853           ,74.971          ,34.800        ,-0.121              ,0.390               ,24028.701       ,-0.15334          ,-0.13008              ,0.000         ,0.000         ,0.050         ,0.046         
19:59:41.174986     ,0.879       ,0.880       ,18.963      ,16.650      ,16.396      ,16.149      ,0.247       ,0.074       ,0.009       ,0.000       ,0.083       ,880.000     ,0.000       ,0.247       ,16.396      ,0.08214       ,873           ,76.729          ,35.200        ,-0.123              ,0.403               ,24028.701       ,-0.15346          ,-0.13444              ,0.000         ,0.000         ,0.083         ,0.046         
19:59:41.187616     ,0.879       ,0.880       ,18.963      ,16.670      ,16.443      ,16.149      ,0.247       ,0.074       ,0.009       ,0.000       ,0.083       ,880.000     ,0.000       ,0.247       ,16.396      ,0.08368       ,893           ,78.486          ,35.800        ,-0.125              ,0.403               ,24028.715       ,-0.15346          ,-0.13444              ,0.000         ,0.000         ,0.097         ,0.084         
19:59:41.194999     ,0.879       ,0.880       ,18.963      ,16.360      ,16.412      ,16.149      ,0.263       ,0.079       ,0.009       ,-0.000      ,0.088       ,880.000     ,0.000       ,0.263       ,16.412      ,0.08529       ,914           ,80.332          ,36.200        ,-0.126              ,0.416               ,24028.723       ,-0.16104          ,-0.13856              ,0.000         ,0.000         ,0.088         ,0.084         
19:59:41.205306     ,0.879       ,0.880       ,18.963      ,16.150      ,16.364      ,16.149      ,0.263       ,0.079       ,0.009       ,-0.000      ,0.088       ,880.000     ,0.000       ,0.263       ,16.412      ,0.08690       ,935           ,82.178          ,36.800        ,-0.128              ,0.416               ,24028.730       ,-0.16104          ,-0.13856              ,0.000         ,0.000         ,0.088         ,0.084         
19:59:41.215005     ,0.879       ,0.880       ,18.963      ,16.080      ,16.316      ,16.149      ,0.167       ,0.050       ,0.010       ,0.000       ,0.060       ,880.000     ,0.000       ,0.167       ,16.316      ,0.08851       ,956           ,84.023          ,37.200        ,-0.130              ,0.428               ,24028.730       ,-0.16130          ,-0.14259              ,0.000         ,0.000         ,0.060         ,0.084         
19:59:41.225945     ,0.879       ,0.880       ,18.963      ,16.210      ,16.264      ,16.149      ,0.167       ,0.050       ,0.010       ,0.000       ,0.060       ,880.000     ,0.000       ,0.167       ,16.316      ,0.09020       ,978           ,85.957          ,37.800        ,-0.132              ,0.428               ,24028.746       ,-0.16130          ,-0.14259              ,0.000         ,0.000         ,0.044         ,0.052         
19:59:41.234998     ,0.879       ,0.880       ,18.963      ,16.400      ,16.266      ,16.149      ,0.117       ,0.035       ,0.010       ,0.000       ,0.045       ,880.000     ,0.000       ,0.117       ,16.266      ,0.09189       ,1000          ,87.891          ,38.200        ,-0.133              ,0.440               ,24028.746       ,-0.16888          ,-0.14678              ,0.000         ,0.000         ,0.045         ,0.052         
19:59:41.248845     ,0.879       ,0.880       ,18.963      ,16.490      ,16.321      ,16.149      ,0.117       ,0.035       ,0.010       ,0.000       ,0.045       ,880.000     ,0.000       ,0.117       ,16.266      ,0.09350       ,1021          ,89.736          ,38.800        ,-0.135              ,0.440               ,24028.760       ,-0.16888          ,-0.14678              ,0.000         ,0.000         ,0.045         ,0.043         
19:59:41.258612     ,0.879       ,0.880       ,19.029      ,16.730      ,16.411      ,16.149      ,0.262       ,0.079       ,0.010       ,0.000       ,0.089       ,880.000     ,0.000       ,0.262       ,16.411      ,0.09518       ,1043          ,91.670          ,39.200        ,-0.137              ,0.452               ,24028.760       ,-0.16854          ,-0.15055              ,0.000         ,0.000         ,0.089         ,0.043         
19:59:41.267731     ,0.879       ,0.880       ,19.029      ,16.740      ,16.472      ,16.149      ,0.262       ,0.079       ,0.010       ,0.000       ,0.089       ,880.000     ,0.000       ,0.262       ,16.411      ,0.09687       ,1065          ,93.604          ,39.800        ,-0.139              ,0.452               ,24028.775       ,-0.16854          ,-0.15055              ,0.000         ,0.000         ,0.107         ,0.088         
19:59:41.274981     ,0.879       ,0.880       ,19.029      ,16.480      ,16.461      ,16.149      ,0.312       ,0.094       ,0.010       ,-0.000      ,0.104       ,880.000     ,0.000       ,0.312       ,16.461      ,0.09863       ,1088          ,95.625          ,40.200        ,-0.140              ,0.463               ,24028.783       ,-0.17636          ,-0.15424              ,0.000         ,0.000         ,0.104         ,0.088         
19:59:41.286403     ,0.879       ,0.880       ,19.029      ,16.300      ,16.428      ,16.149      ,0.312       ,0.094       ,0.010       ,-0.000      ,0.104       ,880.000     ,0.000       ,0.312       ,16.461      ,0.10032       ,1110          ,97.559          ,40.800        ,-0.142              ,0.463               ,24028.793       ,-0.17636          ,-0.15424              ,0.000         ,0.000         ,0.094         ,0.102         
19:59:41.294993     ,0.879       ,0.880       ,19.029      ,16.070      ,16.394      ,16.149      ,0.245       ,0.074       ,0.011       ,-0.000      ,0.084       ,880.000     ,0.000       ,0.245       ,16.394      ,0.10209       ,1133          ,99.580          ,41.200        ,-0.144              ,0.474               ,24028.793       ,-0.17622          ,-0.15786              ,0.000         ,0.000         ,0.084         ,0.102         
19:59:41.306082     ,0.879       ,0.880       ,19.029      ,16.310      ,16.394      ,16.149      ,0.245       ,0.074       ,0.011       ,-0.000      ,0.084       ,880.000     ,0.000       ,0.245       ,16.394      ,0.10385       ,1156          ,101.602         ,41.800        ,-0.146              ,0.474               ,24028.807       ,-0.17622          ,-0.15786              ,0.000         ,0.000         ,0.084         ,0.083         
19:59:41.314989     ,0.879       ,0.880       ,19.029      ,16.710      ,16.451      ,16.149      ,0.302       ,0.091       ,0.011       ,0.000       ,0.102       ,880.000     ,0.000       ,0.302       ,16.451      ,0.10554       ,1178          ,103.535         ,42.200        ,-0.147              ,0.484               ,24028.807       ,-0.16886          ,-0.16120              ,0.000         ,0.000         ,0.102         ,0.083         
19:59:41.325764     ,0.879       ,0.880       ,19.029      ,16.840      ,16.524      ,16.149      ,0.302       ,0.091       ,0.011       ,0.000       ,0.102       ,880.000     ,0.000       ,0.302       ,16.451      ,0.10730       ,1201          ,105.557         ,42.800        ,-0.149              ,0.484               ,24028.824       ,-0.16886          ,-0.16120              ,0.000         ,0.000         ,0.124         ,0.098         
19:59:41.335005     ,0.879       ,0.880       ,19.029      ,16.730      ,16.552      ,16.149      ,0.404       ,0.121       ,0.012       ,-0.000      ,0.133       ,880.000     ,0.000       ,0.404       ,16.552      ,0.10914       ,1225          ,107.666         ,43.200        ,-0.151              ,0.493               ,24028.824       ,-0.18421          ,-0.16417              ,0.000         ,0.000         ,0.133         ,0.098         
19:59:41.348626     ,0.879       ,0.880       ,19.029      ,16.610      ,16.580      ,16.149      ,0.404       ,0.121       ,0.012       ,-0.000      ,0.133       ,880.000     ,0.000       ,0.404       ,16.552      ,0.11091       ,1248          ,109.688         ,43.800        ,-0.153              ,0.493               ,24028.840       ,-0.18421          ,-0.16417              ,0.000         ,0.000         ,0.141         ,0.136         
19:59:41.358496     ,0.878       ,0.880       ,18.996      ,16.300      ,16.525      ,16.149      ,0.376       ,0.113       ,0.012       ,-0.000      ,0.125       ,880.000     ,0.000       ,0.376       ,16.525      ,0.11267       ,1271          ,111.709         ,44.200        ,-0.154              ,0.501               ,24028.840       ,-0.17616          ,-0.16704              ,0.000         ,0.000         ,0.125         ,0.136         
19:59:41.368412     ,0.878       ,0.880       ,18.996      ,16.210      ,16.445      ,16.149      ,0.376       ,0.113       ,0.012       ,-0.000      ,0.125       ,880.000     ,0.000       ,0.376       ,16.525      ,0.11451       ,1295          ,113.818         ,44.800        ,-0.156              ,0.501               ,24028.855       ,-0.17616          ,-0.16704              ,0.000         ,0.000         ,0.101         ,0.124         
19:59:41.374993     ,0.878       ,0.880       ,18.996      ,16.220      ,16.401      ,16.149      ,0.252       ,0.076       ,0.013       ,0.000       ,0.088       ,880.000     ,0.000       ,0.252       ,16.401      ,0.11635       ,1319          ,115.928         ,45.200        ,-0.158              ,0.509               ,24028.855       ,-0.18399          ,-0.16976              ,0.000         ,0.000         ,0.088         ,0.124         
19:59:41.387163     ,0.878       ,0.880       ,18.996      ,16.220      ,16.401      ,16.149      ,0.252       ,0.076       ,0.013       ,0.000       ,0.088       ,880.000     ,0.000       ,0.252       ,16.401      ,0.11819       ,1343          ,118.037         ,45.800        ,-0.160              ,0.509               ,24028.873       ,-0.18399          ,-0.16976              ,0.000         ,0.000         ,0.088         ,0.086         
19:59:41.394999     ,0.878       ,0.880       ,18.996      ,16.720      ,16.476      ,16.149      ,0.327       ,0.098       ,0.013       ,0.000       ,0.111       ,880.000     ,0.000       ,0.327       ,16.476      ,0.11996       ,1366          ,120.059         ,46.200        ,-0.161              ,0.517               ,24028.873       ,-0.17657          ,-0.17224              ,0.000         ,0.000         ,0.111         ,0.086         
19:59:41.405739     ,0.878       ,0.880       ,18.996      ,16.790      ,16.532      ,16.149      ,0.327       ,0.098       ,0.013       ,0.000       ,0.111       ,880.000     ,0.000       ,0.327       ,16.476      ,0.12187       ,1391          ,122.256         ,46.600        ,-0.163              ,0.517               ,24028.889       ,-0.17657          ,-0.17224              ,0.000         ,0.000         ,0.111         ,0.113         
19:59:41.414994     ,0.878       ,0.880       ,18.996      ,16.790      ,16.532      ,16.149      ,0.383       ,0.115       ,0.013       ,-0.000      ,0.128       ,880.000     ,0.000       ,0.383       ,16.532      ,0.12372       ,1415          ,124.365         ,46.800        ,-0.163              ,0.524               ,24028.889       ,-0.18434          ,-0.17469              ,0.000         ,0.000         ,0.128         ,0.113         
19:59:41.424986     ,0.878       ,0.880       ,18.996      ,16.380      ,16.518      ,16.149      ,0.369       ,0.111       ,0.014       ,-0.000      ,0.124       ,880.000     ,0.000       ,0.369       ,16.518      ,0.12563       ,1440          ,126.562         ,47.200        ,-0.165              ,0.528               ,24028.902       ,-0.19171          ,-0.17599              ,0.000         ,0.000         ,0.124         ,0.128         
19:59:41.435001     ,0.878       ,0.880       ,18.996      ,16.120      ,16.456      ,16.149      ,0.307       ,0.092       ,0.014       ,-0.000      ,0.106       ,880.000     ,0.000       ,0.307       ,16.456      ,0.12755       ,1465          ,128.760         ,47.400        ,-0.165              ,0.532               ,24028.908       ,-0.19181          ,-0.17720              ,0.000         ,0.000         ,0.106         ,0.128         
19:59:41.444998     ,0.878       ,0.880       ,18.996      ,16.220      ,16.422      ,16.149      ,0.273       ,0.082       ,0.014       ,0.000       ,0.096       ,880.000     ,0.000       ,0.273       ,16.422      ,0.12947       ,1490          ,130.957         ,47.800        ,-0.167              ,0.535               ,24028.918       ,-0.19162          ,-0.17847              ,0.000         ,0.000         ,0.096         ,0.123         
19:59:41.458456     ,0.879       ,0.880       ,19.013      ,16.430      ,16.355      ,16.149      ,0.206       ,0.062       ,0.014       ,-0.000      ,0.076       ,880.000     ,0.000       ,0.206       ,16.355      ,0.13131       ,1514          ,133.066         ,48.200        ,-0.168              ,0.539               ,24028.924       ,-0.18401          ,-0.17965              ,0.000         ,0.000         ,0.076         ,0.085         
19:59:41.465008     ,0.879       ,0.880       ,19.013      ,16.560      ,16.329      ,16.149      ,0.180       ,0.054       ,0.014       ,0.000       ,0.068       ,880.000     ,0.000       ,0.180       ,16.329      ,0.13323       ,1539          ,135.264         ,48.600        ,-0.170              ,0.542               ,24028.943       ,-0.19175          ,-0.18078              ,0.000         ,0.000         ,0.068         ,0.085         
19:59:41.474989     ,0.879       ,0.880       ,19.013      ,16.720      ,16.408      ,16.149      ,0.260       ,0.078       ,0.015       ,0.000       ,0.092       ,880.000     ,0.000       ,0.260       ,16.408      ,0.13522       ,1565          ,137.549         ,48.800        ,-0.170              ,0.546               ,24028.943       ,-0.19946          ,-0.18196              ,0.000         ,0.000         ,0.092         ,0.085         
19:59:41.485010     ,0.879       ,0.880       ,19.013      ,16.830      ,16.523      ,16.149      ,0.374       ,0.112       ,0.015       ,0.000       ,0.127       ,880.000     ,0.000       ,0.374       ,16.523      ,0.13714       ,1590          ,139.746         ,49.200        ,-0.172              ,0.549               ,24028.953       ,-0.19179          ,-0.18309              ,0.000         ,0.000         ,0.127         ,0.067         
19:59:41.501819     ,0.879       ,0.880       ,19.013      ,16.720      ,16.574      ,16.149      ,0.425       ,0.128       ,0.015       ,-0.000      ,0.143       ,880.000     ,0.000       ,0.425       ,16.574      ,0.13906       ,1615          ,141.943         ,49.400        ,-0.172              ,0.553               ,24028.969       ,-0.19158          ,-0.18427              ,0.000         ,0.000         ,0.143         ,0.126         
19:59:41.504992     ,0.879       ,0.880       ,19.013      ,16.550      ,16.571      ,16.149      ,0.422       ,0.127       ,0.015       ,-0.000      ,0.142       ,880.000     ,0.000       ,0.422       ,16.571      ,0.14105       ,1641          ,144.229         ,49.600        ,-0.173              ,0.556               ,24028.979       ,-0.19962          ,-0.18539              ,0.000         ,0.000         ,0.142         ,0.126         
19:59:41.521725     ,0.879       ,0.880       ,19.013      ,16.120      ,16.511      ,16.149      ,0.363       ,0.109       ,0.016       ,-0.000      ,0.124       ,880.000     ,0.000       ,0.363       ,16.511      ,0.14297       ,1666          ,146.426         ,50.000        ,-0.175              ,0.559               ,24028.986       ,-0.19177          ,-0.18646              ,0.000         ,0.000         ,0.124         ,0.145         
19:59:41.524994     ,0.879       ,0.880       ,19.013      ,16.190      ,16.481      ,16.149      ,0.332       ,0.100       ,0.016       ,0.000       ,0.115       ,880.000     ,0.000       ,0.332       ,16.481      ,0.14496       ,1692          ,148.711         ,50.400        ,-0.176              ,0.562               ,24028.996       ,-0.19936          ,-0.18748              ,0.000         ,0.000         ,0.115         ,0.145         
19:59:41.543699     ,0.879       ,0.880       ,19.013      ,16.490      ,16.489      ,16.149      ,0.340       ,0.102       ,0.016       ,0.000       ,0.118       ,880.000     ,0.000       ,0.340       ,16.489      ,0.14688       ,1717          ,150.908         ,50.800        ,-0.177              ,0.565               ,24029.006       ,-0.19175          ,-0.18835              ,0.000         ,0.000         ,0.118         ,0.112         
19:59:41.544991     ,0.879       ,0.880       ,19.013      ,16.590      ,16.498      ,16.149      ,0.350       ,0.105       ,0.016       ,0.000       ,0.121       ,880.000     ,0.000       ,0.350       ,16.498      ,0.14895       ,1744          ,153.281         ,51.200        ,-0.179              ,0.568               ,24029.006       ,-0.20701          ,-0.18932              ,0.000         ,0.000         ,0.121         ,0.112         
19:59:41.558459     ,0.879       ,0.880       ,18.996      ,16.560      ,16.483      ,16.149      ,0.334       ,0.100       ,0.016       ,-0.000      ,0.117       ,880.000     ,0.000       ,0.334       ,16.483      ,0.15094       ,1770          ,155.566         ,51.600        ,-0.180              ,0.571               ,24029.014       ,-0.19948          ,-0.19037              ,0.000         ,0.000         ,0.117         ,0.121         
19:59:41.564982     ,0.879       ,0.880       ,18.996      ,16.530      ,16.501      ,16.149      ,0.353       ,0.106       ,0.017       ,0.000       ,0.123       ,880.000     ,0.000       ,0.353       ,16.501      ,0.15294       ,1796          ,157.852         ,51.800        ,-0.181              ,0.574               ,24029.025       ,-0.19948          ,-0.19139              ,0.000         ,0.000         ,0.123         ,0.121         
19:59:41.581283     ,0.879       ,0.880       ,18.996      ,16.430      ,16.471      ,16.149      ,0.322       ,0.097       ,0.017       ,-0.000      ,0.114       ,880.000     ,0.000       ,0.322       ,16.471      ,0.15501       ,1823          ,160.225         ,52.200        ,-0.182              ,0.577               ,24029.043       ,-0.20724          ,-0.19237              ,0.000         ,0.000         ,0.114         ,0.119         
19:59:41.584980     ,0.879       ,0.880       ,18.996      ,16.330      ,16.398      ,16.149      ,0.249       ,0.075       ,0.017       ,-0.000      ,0.092       ,880.000     ,0.000       ,0.249       ,16.398      ,0.15708       ,1850          ,162.598         ,52.400        ,-0.183              ,0.580               ,24029.053       ,-0.20705          ,-0.19343              ,0.000         ,0.000         ,0.092         ,0.119         
19:59:41.602069     ,0.879       ,0.880       ,18.996      ,16.270      ,16.352      ,16.149      ,0.203       ,0.061       ,0.017       ,0.000       ,0.078       ,880.000     ,0.000       ,0.203       ,16.352      ,0.15915       ,1877          ,164.971         ,52.800        ,-0.184              ,0.584               ,24029.062       ,-0.20715          ,-0.19456              ,0.000         ,0.000         ,0.078         ,0.091         
19:59:41.604985     ,0.879       ,0.880       ,18.996      ,16.390      ,16.369      ,16.149      ,0.221       ,0.066       ,0.017       ,0.000       ,0.084       ,880.000     ,0.000       ,0.221       ,16.369      ,0.16122       ,1904          ,167.344         ,53.200        ,-0.186              ,0.587               ,24029.070       ,-0.20680          ,-0.19563              ,0.000         ,0.000         ,0.084         ,0.091         
19:59:41.615000     ,0.879       ,0.880       ,18.996      ,16.690      ,16.442      ,16.149      ,0.293       ,0.088       ,0.018       ,0.000       ,0.105       ,880.000     ,0.000       ,0.293       ,16.442      ,0.16329       ,1931          ,169.717         ,53.600        ,-0.187              ,0.590               ,24029.070       ,-0.20734          ,-0.19678              ,0.000         ,0.000         ,0.105         ,0.091         
19:59:41.624989     ,0.879       ,0.880       ,18.996      ,16.810      ,16.518      ,16.149      ,0.369       ,0.111       ,0.018       ,0.000       ,0.129       ,880.000     ,0.000       ,0.369       ,16.518      ,0.16536       ,1958          ,172.090         ,53.800        ,-0.188              ,0.594               ,24029.090       ,-0.20688          ,-0.19786              ,0.000         ,0.000         ,0.129         ,0.084         
19:59:41.641228     ,0.879       ,0.880       ,18.996      ,16.660      ,16.551      ,16.149      ,0.402       ,0.121       ,0.018       ,-0.000      ,0.139       ,880.000     ,0.000       ,0.402       ,16.551      ,0.16743       ,1985          ,174.463         ,54.200        ,-0.189              ,0.597               ,24029.102       ,-0.20730          ,-0.19902              ,0.000         ,0.000         ,0.139         ,0.130         
19:59:41.644988     ,0.879       ,0.880       ,18.996      ,16.540      ,16.565      ,16.149      ,0.416       ,0.125       ,0.018       ,-0.000      ,0.143       ,880.000     ,0.000       ,0.416       ,16.565      ,0.16958       ,2013          ,176.924         ,54.400        ,-0.190              ,0.600               ,24029.111       ,-0.21463          ,-0.20012              ,0.000         ,0.000         ,0.143         ,0.130         
19:59:41.663245     ,0.881       ,0.880       ,19.013      ,16.330      ,16.536      ,16.149      ,0.387       ,0.116       ,0.019       ,-0.000      ,0.135       ,880.000     ,0.000       ,0.387       ,16.536      ,0.17165       ,2040          ,179.297         ,54.800        ,-0.191              ,0.600               ,24029.121       ,-0.21463          ,-0.20012              ,0.000         ,0.000         ,0.135         ,0.140         
19:59:41.665013     ,0.881       ,0.880       ,19.013      ,16.250      ,16.475      ,16.149      ,0.326       ,0.098       ,0.019       ,-0.000      ,0.117       ,880.000     ,0.000       ,0.326       ,16.475      ,0.17380       ,2068          ,181.758         ,55.200        ,-0.193              ,0.607               ,24029.121       ,-0.21459          ,-0.20228              ,0.000         ,0.000         ,0.117         ,0.140         
19:59:41.678411     ,0.881       ,0.880       ,19.013      ,16.240      ,16.424      ,16.149      ,0.326       ,0.098       ,0.019       ,-0.000      ,0.117       ,880.000     ,0.000       ,0.326       ,16.475      ,0.17595       ,2096          ,184.219         ,55.800        ,-0.195              ,0.607               ,24029.141       ,-0.21459          ,-0.20228              ,0.000         ,0.000         ,0.117         ,0.114         
19:59:41.684986     ,0.881       ,0.880       ,19.013      ,16.380      ,16.427      ,16.149      ,0.279       ,0.084       ,0.019       ,0.000       ,0.103       ,880.000     ,0.000       ,0.279       ,16.427      ,0.17810       ,2124          ,186.680         ,56.200        ,-0.196              ,0.610               ,24029.141       ,-0.21476          ,-0.20335              ,0.000         ,0.000         ,0.103         ,0.114         
19:59:41.698094     ,0.881       ,0.880       ,19.013      ,16.690      ,16.469      ,16.149      ,0.279       ,0.096       ,0.019       ,0.000       ,0.103       ,880.000     ,0.000       ,0.279       ,16.427      ,0.18024       ,2152          ,189.141         ,56.600        ,-0.198              ,0.610               ,24029.160       ,-0.21476          ,-0.20335              ,0.000         ,0.000         ,0.115         ,0.100         
19:59:41.705044     ,0.881       ,0.880       ,19.013      ,16.770      ,16.508      ,16.149      ,0.359       ,0.108       ,0.019       ,-0.000      ,0.127       ,880.000     ,0.000       ,0.359       ,16.508      ,0.18247       ,2181          ,191.689         ,56.800        ,-0.198              ,0.616               ,24029.160       ,-0.22245          ,-0.20546              ,0.000         ,0.000         ,0.127         ,0.100         
19:59:41.716624     ,0.881       ,0.880       ,19.013      ,16.560      ,16.494      ,16.149      ,0.359       ,0.108       ,0.019       ,-0.000      ,0.127       ,880.000     ,0.000       ,0.359       ,16.508      ,0.18461       ,2209          ,194.150         ,57.000        ,-0.199              ,0.616               ,24029.182       ,-0.22245          ,-0.20546              ,0.000         ,0.000         ,0.123         ,0.127         
19:59:41.724991     ,0.881       ,0.880       ,19.013      ,16.430      ,16.474      ,16.149      ,0.325       ,0.097       ,0.020       ,-0.000      ,0.117       ,880.000     ,0.000       ,0.325       ,16.474      ,0.18684       ,2238          ,196.699         ,57.000        ,-0.199              ,0.623               ,24029.182       ,-0.22267          ,-0.20762              ,0.000         ,0.000         ,0.117         ,0.127         
19:59:41.737290     ,0.881       ,0.880       ,19.013      ,16.380      ,16.459      ,16.149      ,0.325       ,0.097       ,0.020       ,-0.000      ,0.117       ,880.000     ,0.000       ,0.325       ,16.474      ,0.18906       ,2267          ,199.248         ,57.200        ,-0.200              ,0.623               ,24029.199       ,-0.22267          ,-0.20762              ,0.000         ,0.000         ,0.113         ,0.116         
19:59:41.745006     ,0.881       ,0.880       ,19.013      ,16.390      ,16.436      ,16.149      ,0.287       ,0.086       ,0.020       ,-0.000      ,0.107       ,880.000     ,0.000       ,0.287       ,16.436      ,0.19129       ,2296          ,201.797         ,57.400        ,-0.200              ,0.630               ,24029.209       ,-0.22225          ,-0.21004              ,0.000         ,0.000         ,0.107         ,0.116         
19:59:41.759528     ,0.883       ,0.880       ,18.963      ,16.450      ,16.440      ,16.149      ,0.291       ,0.087       ,0.021       ,0.000       ,0.108       ,880.000     ,0.000       ,0.291       ,16.440      ,0.19351       ,2325          ,204.346         ,57.600        ,-0.201              ,0.630               ,24029.219       ,-0.22225          ,-0.21004              ,0.000         ,0.000         ,0.108         ,0.104         
19:59:41.765004     ,0.883       ,0.880       ,18.963      ,16.560      ,16.494      ,16.149      ,0.345       ,0.104       ,0.021       ,0.000       ,0.124       ,880.000     ,0.000       ,0.345       ,16.494      ,0.19574       ,2354          ,206.895         ,57.800        ,-0.202              ,0.637               ,24029.219       ,-0.22265          ,-0.21243              ,0.000         ,0.000         ,0.124         ,0.104         
19:59:41.776663     ,0.883       ,0.880       ,18.963      ,16.650      ,16.545      ,16.149      ,0.345       ,0.104       ,0.021       ,0.000       ,0.124       ,880.000     ,0.000       ,0.345       ,16.494      ,0.19796       ,2383          ,209.443         ,58.200        ,-0.203              ,0.637               ,24029.240       ,-0.22265          ,-0.21243              ,0.000         ,0.000         ,0.140         ,0.123         
19:59:41.785003     ,0.883       ,0.880       ,18.963      ,16.590      ,16.553      ,16.149      ,0.404       ,0.121       ,0.021       ,-0.000      ,0.143       ,880.000     ,0.000       ,0.404       ,16.553      ,0.20026       ,2413          ,212.080         ,58.400        ,-0.204              ,0.644               ,24029.240       ,-0.23024          ,-0.21479              ,0.000         ,0.000         ,0.143         ,0.123         
19:59:41.796489     ,0.883       ,0.880       ,18.963      ,16.360      ,16.505      ,16.149      ,0.404       ,0.121       ,0.021       ,-0.000      ,0.143       ,880.000     ,0.000       ,0.404       ,16.553      ,0.20256       ,2443          ,214.717         ,58.600        ,-0.205              ,0.644               ,24029.262       ,-0.23024          ,-0.21479              ,0.000         ,0.000         ,0.128         ,0.141         
19:59:41.805002     ,0.883       ,0.880       ,18.963      ,16.220      ,16.441      ,16.149      ,0.293       ,0.088       ,0.022       ,-0.000      ,0.109       ,880.000     ,0.000       ,0.293       ,16.441      ,0.20486       ,2473          ,217.354         ,58.800        ,-0.205              ,0.652               ,24029.262       ,-0.23005          ,-0.21724              ,0.000         ,0.000         ,0.109         ,0.141         
19:59:41.817232     ,0.883       ,0.880       ,18.963      ,16.140      ,16.376      ,16.149      ,0.293       ,0.088       ,0.022       ,-0.000      ,0.109       ,880.000     ,0.000       ,0.293       ,16.441      ,0.20724       ,2504          ,220.078         ,59.200        ,-0.207              ,0.652               ,24029.281       ,-0.23005          ,-0.21724              ,0.000         ,0.000         ,0.090         ,0.110         
19:59:41.824994     ,0.883       ,0.880       ,18.963      ,16.240      ,16.335      ,16.149      ,0.186       ,0.056       ,0.022       ,0.000       ,0.078       ,880.000     ,0.000       ,0.186       ,16.335      ,0.20954       ,2534          ,222.715         ,59.400        ,-0.207              ,0.660               ,24029.293       ,-0.23001          ,-0.21987              ,0.000         ,0.000         ,0.078         ,0.110         
19:59:41.835001     ,0.883       ,0.880       ,18.963      ,16.550      ,16.357      ,16.149      ,0.208       ,0.062       ,0.022       ,0.000       ,0.085       ,880.000     ,0.000       ,0.208       ,16.357      ,0.21192       ,2565          ,225.439         ,59.600        ,-0.208              ,0.664               ,24029.297       ,-0.23770          ,-0.22117              ,0.000         ,0.000         ,0.085         ,0.076         
19:59:41.845008     ,0.883       ,0.880       ,18.963      ,16.690      ,16.410      ,16.149      ,0.261       ,0.078       ,0.022       ,0.000       ,0.101       ,880.000     ,0.000       ,0.261       ,16.410      ,0.21430       ,2596          ,228.164         ,59.800        ,-0.209              ,0.668               ,24029.303       ,-0.23789          ,-0.22251              ,0.000         ,0.000         ,0.101         ,0.076         
19:59:41.861301     ,0.881       ,0.880       ,19.013      ,16.750      ,16.461      ,16.149      ,0.312       ,0.094       ,0.023       ,-0.000      ,0.116       ,880.000     ,0.000       ,0.312       ,16.461      ,0.21667       ,2627          ,230.889         ,60.200        ,-0.210              ,0.668               ,24029.324       ,-0.23789          ,-0.22251              ,0.000         ,0.000         ,0.116         ,0.099         
19:59:41.865003     ,0.881       ,0.880       ,19.013      ,16.720      ,16.506      ,16.149      ,0.357       ,0.107       ,0.023       ,-0.000      ,0.130       ,880.000     ,0.000       ,0.357       ,16.506      ,0.21905       ,2658          ,233.613         ,60.400        ,-0.211              ,0.676               ,24029.334       ,-0.23779          ,-0.22527              ,0.000         ,0.000         ,0.130         ,0.099         
19:59:41.875212     ,0.881       ,0.880       ,19.013      ,16.450      ,16.503      ,16.149      ,0.357       ,0.107       ,0.023       ,-0.000      ,0.130       ,880.000     ,0.000       ,0.357       ,16.506      ,0.22143       ,2689          ,236.338         ,60.600        ,-0.212              ,0.676               ,24029.346       ,-0.23779          ,-0.22527              ,0.000         ,0.000         ,0.129         ,0.137         
19:59:41.885014     ,0.881       ,0.880       ,19.013      ,16.380      ,16.483      ,16.149      ,0.334       ,0.100       ,0.023       ,-0.000      ,0.123       ,880.000     ,0.000       ,0.334       ,16.483      ,0.22381       ,2720          ,239.062         ,60.800        ,-0.212              ,0.684               ,24029.346       ,-0.23789          ,-0.22801              ,0.000         ,0.000         ,0.123         ,0.137         
19:59:41.898118     ,0.881       ,0.880       ,19.013      ,16.310      ,16.474      ,16.149      ,0.334       ,0.100       ,0.023       ,-0.000      ,0.123       ,880.000     ,0.000       ,0.334       ,16.483      ,0.22626       ,2752          ,241.875         ,61.200        ,-0.214              ,0.684               ,24029.367       ,-0.23789          ,-0.22801              ,0.000         ,0.000         ,0.121         ,0.116         
19:59:41.905036     ,0.881       ,0.880       ,19.013      ,16.380      ,16.484      ,16.149      ,0.335       ,0.101       ,0.024       ,0.000       ,0.124       ,880.000     ,0.000       ,0.335       ,16.484      ,0.22864       ,2783          ,244.600         ,61.400        ,-0.214              ,0.692               ,24029.367       ,-0.23775          ,-0.23062              ,0.000         ,0.000         ,0.124         ,0.116         
19:59:41.917692     ,0.881       ,0.880       ,19.013      ,16.600      ,16.517      ,16.149      ,0.335       ,0.101       ,0.024       ,0.000       ,0.124       ,880.000     ,0.000       ,0.335       ,16.484      ,0.23109       ,2815          ,247.412         ,61.800        ,-0.216              ,0.692               ,24029.391       ,-0.23775          ,-0.23062              ,0.000         ,0.000         ,0.134         ,0.122         
19:59:41.924993     ,0.881       ,0.880       ,19.013      ,16.610      ,16.548      ,16.149      ,0.399       ,0.120       ,0.024       ,-0.000      ,0.144       ,880.000     ,0.000       ,0.399       ,16.548      ,0.23355       ,2847          ,250.225         ,62.200        ,-0.217              ,0.699               ,24029.391       ,-0.24561          ,-0.23304              ,0.000         ,0.000         ,0.144         ,0.122         
19:59:41.936260     ,0.881       ,0.880       ,19.013      ,16.420      ,16.511      ,16.149      ,0.399       ,0.120       ,0.024       ,-0.000      ,0.144       ,880.000     ,0.000       ,0.399       ,16.548      ,0.23608       ,2880          ,253.125         ,62.600        ,-0.219              ,0.699               ,24029.412       ,-0.24561          ,-0.23304              ,0.000         ,0.000         ,0.144         ,0.141         
19:59:41.945008     ,0.881       ,0.880       ,19.013      ,16.370      ,16.467      ,16.149      ,0.319       ,0.096       ,0.025       ,-0.000      ,0.120       ,880.000     ,0.000       ,0.319       ,16.467      ,0.23853       ,2912          ,255.938         ,62.800        ,-0.219              ,0.707               ,24029.412       ,-0.24537          ,-0.23553              ,0.000         ,0.000         ,0.120         ,0.141         
19:59:41.959452     ,0.879       ,0.880       ,19.013      ,16.380      ,16.428      ,16.149      ,0.279       ,0.084       ,0.025       ,0.000       ,0.108       ,880.000     ,0.000       ,0.279       ,16.428      ,0.24107       ,2945          ,258.838         ,63.200        ,-0.221              ,0.707               ,24029.436       ,-0.24537          ,-0.23553              ,0.000         ,0.000         ,0.108         ,0.119         
19:59:41.965001     ,0.879       ,0.880       ,19.013      ,16.420      ,16.385      ,16.149      ,0.236       ,0.071       ,0.025       ,-0.000      ,0.096       ,880.000     ,0.000       ,0.236       ,16.385      ,0.24360       ,2978          ,261.738         ,63.400        ,-0.221              ,0.714               ,24029.436       ,-0.25298          ,-0.23808              ,0.000         ,0.000         ,0.096         ,0.119         
19:59:41.976618     ,0.879       ,0.880       ,19.013      ,16.630      ,16.407      ,16.149      ,0.236       ,0.071       ,0.025       ,-0.000      ,0.096       ,880.000     ,0.000       ,0.236       ,16.385      ,0.24605       ,3010          ,264.551         ,63.800        ,-0.223              ,0.714               ,24029.457       ,-0.25298          ,-0.23808              ,0.000         ,0.000         ,0.103         ,0.093         
19:59:41.985066     ,0.879       ,0.880       ,19.013      ,16.830      ,16.499      ,16.149      ,0.350       ,0.105       ,0.025       ,0.000       ,0.130       ,880.000     ,0.000       ,0.350       ,16.499      ,0.24858       ,3043          ,267.451         ,64.200        ,-0.224              ,0.722               ,24029.457       ,-0.25319          ,-0.24057              ,0.000         ,0.000         ,0.130         ,0.093         
19:59:41.997593     ,0.879       ,0.880       ,19.013      ,17.020      ,16.609      ,16.149      ,0.350       ,0.105       ,0.025       ,0.000       ,0.130       ,880.000     ,0.000       ,0.350       ,16.499      ,0.25111       ,3076          ,270.352         ,64.600        ,-0.225              ,0.722               ,24029.480       ,-0.25319          ,-0.24057              ,0.000         ,0.000         ,0.164         ,0.130         
19:59:42.004989     ,0.879       ,0.880       ,19.013      ,16.900      ,16.678      ,16.149      ,0.529       ,0.159       ,0.026       ,-0.000      ,0.185       ,880.000     ,0.000       ,0.529       ,16.678      ,0.25357       ,3108          ,273.164         ,64.800        ,-0.226              ,0.729               ,24029.480       ,-0.24593          ,-0.24287              ,0.000         ,0.000         ,0.185         ,0.130         
19:59:42.016303     ,0.879       ,0.880       ,19.013      ,16.590      ,16.694      ,16.149      ,0.529       ,0.159       ,0.026       ,-0.000      ,0.185       ,880.000     ,0.000       ,0.529       ,16.678      ,0.25357       ,3108          ,273.164         ,65.200        ,-0.228              ,0.729               ,24029.504       ,-0.24593          ,-0.24287              ,0.000         ,0.000         ,0.190         ,0.183         
19:59:42.025003     ,0.879       ,0.880       ,19.013      ,16.310      ,16.657      ,16.149      ,0.508       ,0.152       ,0.027       ,-0.000      ,0.179       ,880.000     ,0.000       ,0.508       ,16.657      ,0.25863       ,3174          ,278.965         ,65.400        ,-0.228              ,0.734               ,24029.504       ,-0.25324          ,-0.24478              ,0.000         ,0.000         ,0.179         ,0.183         
19:59:42.036043     ,0.879       ,0.880       ,19.013      ,16.190      ,16.602      ,16.149      ,0.508       ,0.152       ,0.027       ,-0.000      ,0.179       ,880.000     ,0.000       ,0.508       ,16.657      ,0.26116       ,3207          ,281.865         ,65.800        ,-0.230              ,0.734               ,24029.527       ,-0.25324          ,-0.24478              ,0.000         ,0.000         ,0.163         ,0.171         
19:59:42.045009     ,0.879       ,0.880       ,19.013      ,16.220      ,16.534      ,16.149      ,0.385       ,0.116       ,0.027       ,-0.000      ,0.143       ,880.000     ,0.000       ,0.385       ,16.534      ,0.26377       ,3241          ,284.854         ,66.200        ,-0.231              ,0.739               ,24029.527       ,-0.26075          ,-0.24647              ,0.000         ,0.000         ,0.143         ,0.171         
19:59:42.059234     ,0.881       ,0.880       ,18.980      ,16.440      ,16.506      ,16.149      ,0.358       ,0.107       ,0.028       ,0.000       ,0.135       ,880.000     ,0.000       ,0.358       ,16.506      ,0.26630       ,3274          ,287.754         ,66.600        ,-0.232              ,0.739               ,24029.551       ,-0.26075          ,-0.24647              ,0.000         ,0.000         ,0.135         ,0.141         
19:59:42.064996     ,0.881       ,0.880       ,18.980      ,16.610      ,16.506      ,16.149      ,0.357       ,0.107       ,0.028       ,0.000       ,0.135       ,880.000     ,0.000       ,0.357       ,16.506      ,0.26891       ,3308          ,290.742         ,66.800        ,-0.233              ,0.744               ,24029.551       ,-0.26094          ,-0.24801              ,0.000         ,0.000         ,0.135         ,0.141         
19:59:42.076535     ,0.881       ,0.880       ,18.980      ,16.810      ,16.525      ,16.149      ,0.357       ,0.107       ,0.028       ,0.000       ,0.135       ,880.000     ,0.000       ,0.357       ,16.506      ,0.26891       ,3308          ,290.742         ,67.200        ,-0.235              ,0.744               ,24029.572       ,-0.26094          ,-0.24801              ,0.000         ,0.000         ,0.141         ,0.132         
19:59:42.084998     ,0.881       ,0.880       ,18.980      ,16.750      ,16.519      ,16.149      ,0.370       ,0.111       ,0.028       ,-0.000      ,0.139       ,880.000     ,0.000       ,0.370       ,16.519      ,0.26891       ,3308          ,290.742         ,67.400        ,-0.235              ,0.749               ,24029.572       ,-0.26094          ,-0.24977              ,0.000         ,0.000         ,0.139         ,0.132         
19:59:42.095398     ,0.881       ,0.880       ,18.980      ,16.370      ,16.459      ,16.149      ,0.370       ,0.111       ,0.028       ,-0.000      ,0.139       ,880.000     ,0.000       ,0.370       ,16.519      ,0.26891       ,3308          ,290.742         ,67.600        ,-0.236              ,0.749               ,24029.598       ,-0.26094          ,-0.24977              ,0.000         ,0.000         ,0.122         ,0.136         
19:59:42.105043     ,0.881       ,0.880       ,18.980      ,16.250      ,16.410      ,16.149      ,0.261       ,0.078       ,0.029       ,0.000       ,0.107       ,880.000     ,0.000       ,0.261       ,16.410      ,0.26891       ,3308          ,290.742         ,67.800        ,-0.237              ,0.755               ,24029.598       ,-0.26094          ,-0.25160              ,0.000         ,0.000         ,0.107         ,0.136         
19:59:42.115208     ,0.881       ,0.880       ,18.980      ,16.360      ,16.419      ,16.149      ,0.261       ,0.078       ,0.029       ,0.000       ,0.107       ,880.000     ,0.000       ,0.261       ,16.410      ,0.26891       ,3308          ,290.742         ,68.200        ,-0.238              ,0.755               ,24029.621       ,-0.26094          ,-0.25160              ,0.000         ,0.000         ,0.110         ,0.103         
19:59:42.125000     ,0.881       ,0.880       ,18.980      ,16.450      ,16.437      ,16.149      ,0.288       ,0.086       ,0.029       ,0.000       ,0.115       ,880.000     ,0.000       ,0.288       ,16.437      ,0.26891       ,3308          ,290.742         ,68.400        ,-0.239              ,0.761               ,24029.621       ,-0.26094          ,-0.25365              ,0.000         ,0.000         ,0.115         ,0.103         
19:59:42.136057     ,0.881       ,0.880       ,18.980      ,16.530      ,16.469      ,16.149      ,0.288       ,0.086       ,0.029       ,0.000       ,0.115       ,880.000     ,0.000       ,0.288       ,16.437      ,0.26891       ,3308          ,290.742         ,68.600        ,-0.239              ,0.761               ,24029.645       ,-0.26094          ,-0.25365              ,0.000         ,0.000         ,0.125         ,0.113         
19:59:42.145006     ,0.881       ,0.880       ,18.980      ,16.570      ,16.530      ,16.149      ,0.381       ,0.114       ,0.029       ,0.000       ,0.144       ,880.000     ,0.000       ,0.381       ,16.530      ,0.29008       ,3584          ,315.000         ,68.800        ,-0.240              ,0.767               ,24029.645       ,-0.26463          ,-0.25551              ,0.000         ,0.000         ,0.144         ,0.113         
19:59:42.159249     ,0.876       ,0.880       ,19.013      ,16.590      ,16.554      ,16.149      ,0.406       ,0.122       ,0.030       ,-0.000      ,0.151       ,880.000     ,0.000       ,0.406       ,16.554      ,0.29276       ,3619          ,318.076         ,69.200        ,-0.242              ,0.767               ,24029.670       ,-0.26463          ,-0.25551              ,0.000         ,0.000         ,0.151         ,0.142         
19:59:42.165006     ,0.876       ,0.880       ,19.013      ,16.500      ,16.514      ,16.149      ,0.365       ,0.109       ,0.030       ,-0.000      ,0.139       ,880.000     ,0.000       ,0.365       ,16.514      ,0.29552       ,3655          ,321.240         ,69.400        ,-0.242              ,0.773               ,24029.670       ,-0.27656          ,-0.25755              ,0.000         ,0.000         ,0.139         ,0.142         
19:59:42.176501     ,0.876       ,0.880       ,19.013      ,16.300      ,16.439      ,16.149      ,0.365       ,0.109       ,0.030       ,-0.000      ,0.139       ,880.000     ,0.000       ,0.365       ,16.514      ,0.29828       ,3691          ,324.404         ,69.800        ,-0.244              ,0.773               ,24029.695       ,-0.27656          ,-0.25755              ,0.000         ,0.000         ,0.117         ,0.137         
19:59:42.185055     ,0.876       ,0.880       ,19.013      ,16.250      ,16.385      ,16.149      ,0.236       ,0.071       ,0.030       ,0.000       ,0.101       ,880.000     ,0.000       ,0.236       ,16.385      ,0.30104       ,3727          ,327.568         ,70.200        ,-0.245              ,0.780               ,24029.695       ,-0.27609          ,-0.25987              ,0.000         ,0.000         ,0.101         ,0.137         
19:59:42.195075     ,0.876       ,0.880       ,19.013      ,16.460      ,16.395      ,16.149      ,0.236       ,0.071       ,0.030       ,0.000       ,0.101       ,880.000     ,0.000       ,0.236       ,16.385      ,0.30380       ,3763          ,330.732         ,70.600        ,-0.246              ,0.780               ,24029.721       ,-0.27609          ,-0.25987              ,0.000         ,0.000         ,0.104         ,0.105         
19:59:42.204993     ,0.876       ,0.880       ,19.013      ,16.690      ,16.443      ,16.149      ,0.294       ,0.088       ,0.031       ,0.000       ,0.119       ,880.000     ,0.000       ,0.294       ,16.443      ,0.30380       ,3763          ,330.732         ,70.800        ,-0.247              ,0.787               ,24029.721       ,-0.27543          ,-0.26236              ,0.000         ,0.000         ,0.119         ,0.105         
19:59:42.215788     ,0.876       ,0.880       ,19.013      ,16.780      ,16.502      ,16.149      ,0.294       ,0.088       ,0.031       ,0.000       ,0.119       ,880.000     ,0.000       ,0.294       ,16.443      ,0.30940       ,3836          ,337.148         ,71.200        ,-0.249              ,0.787               ,24029.746       ,-0.27543          ,-0.26236              ,0.000         ,0.000         ,0.137         ,0.119         
19:59:42.225007     ,0.876       ,0.880       ,19.013      ,16.710      ,16.559      ,16.149      ,0.411       ,0.123       ,0.031       ,-0.000      ,0.154       ,880.000     ,0.000       ,0.411       ,16.559      ,0.31224       ,3873          ,340.400         ,71.400        ,-0.249              ,0.796               ,24029.746       ,-0.28376          ,-0.26522              ,0.000         ,0.000         ,0.154         ,0.119         
19:59:42.236518     ,0.876       ,0.880       ,19.013      ,16.430      ,16.563      ,16.149      ,0.411       ,0.123       ,0.031       ,-0.000      ,0.154       ,880.000     ,0.000       ,0.411       ,16.559      ,0.31508       ,3910          ,343.652         ,71.800        ,-0.251              ,0.796               ,24029.771       ,-0.28376          ,-0.26522              ,0.000         ,0.000         ,0.154         ,0.157         
19:59:42.245000     ,0.876       ,0.880       ,19.013      ,16.330      ,16.530      ,16.149      ,0.381       ,0.114       ,0.032       ,-0.000      ,0.146       ,880.000     ,0.000       ,0.381       ,16.530      ,0.31792       ,3947          ,346.904         ,72.200        ,-0.252              ,0.806               ,24029.783       ,-0.28390          ,-0.26850              ,0.000         ,0.000         ,0.146         ,0.157         
19:59:42.258790     ,0.878       ,0.880       ,19.045      ,16.310      ,16.483      ,16.149      ,0.335       ,0.100       ,0.032       ,-0.000      ,0.132       ,880.000     ,0.000       ,0.335       ,16.483      ,0.32076       ,3984          ,350.156         ,72.800        ,-0.254              ,0.806               ,24029.797       ,-0.28390          ,-0.26850              ,0.000         ,0.000         ,0.132         ,0.144         
19:59:42.265011     ,0.878       ,0.880       ,19.045      ,16.330      ,16.447      ,16.149      ,0.298       ,0.090       ,0.032       ,0.000       ,0.122       ,880.000     ,0.000       ,0.298       ,16.447      ,0.32076       ,3984          ,350.156         ,73.200        ,-0.256              ,0.815               ,24029.797       ,-0.28353          ,-0.27165              ,0.000         ,0.000         ,0.122         ,0.144         
19:59:42.275837     ,0.878       ,0.880       ,19.045      ,16.510      ,16.452      ,16.149      ,0.298       ,0.090       ,0.032       ,0.000       ,0.122       ,880.000     ,0.000       ,0.298       ,16.447      ,0.32651       ,4059          ,356.748         ,73.600        ,-0.257              ,0.815               ,24029.822       ,-0.28353          ,-0.27165              ,0.000         ,0.000         ,0.123         ,0.121         
19:59:42.285018     ,0.878       ,0.880       ,19.045      ,16.650      ,16.496      ,16.149      ,0.347       ,0.104       ,0.033       ,0.000       ,0.137       ,880.000     ,0.000       ,0.347       ,16.496      ,0.32935       ,4096          ,0.000           ,73.800        ,-0.258              ,0.823               ,24029.822       ,-0.28362          ,-0.27446              ,0.000         ,0.000         ,0.137         ,0.121         
19:59:42.295536     ,0.878       ,0.880       ,19.045      ,16.670      ,16.517      ,16.149      ,0.347       ,0.104       ,0.033       ,0.000       ,0.137       ,880.000     ,0.000       ,0.347       ,16.496      ,0.33226       ,4134          ,3.340           ,74.200        ,-0.259              ,0.823               ,24029.850       ,-0.28362          ,-0.27446              ,0.000         ,0.000         ,0.143         ,0.136         
19:59:42.305002     ,0.878       ,0.880       ,19.045      ,16.500      ,16.494      ,16.149      ,0.345       ,0.103       ,0.033       ,-0.000      ,0.137       ,880.000     ,0.000       ,0.345       ,16.494      ,0.33525       ,4173          ,6.768           ,74.400        ,-0.260              ,0.832               ,24029.850       ,-0.29940          ,-0.27738              ,0.000         ,0.000         ,0.137         ,0.136         
19:59:42.316268     ,0.878       ,0.880       ,19.045      ,16.140      ,16.425      ,16.149      ,0.345       ,0.103       ,0.033       ,-0.000      ,0.137       ,880.000     ,0.000       ,0.345       ,16.494      ,0.33817       ,4211          ,10.107          ,74.800        ,-0.261              ,0.832               ,24029.877       ,-0.29940          ,-0.27738              ,0.000         ,0.000         ,0.116         ,0.136         
19:59:42.325007     ,0.878       ,0.880       ,19.045      ,16.120      ,16.367      ,16.149      ,0.218       ,0.065       ,0.033       ,0.000       ,0.099       ,880.000     ,0.000       ,0.218       ,16.367      ,0.34116       ,4250          ,13.535          ,75.200        ,-0.262              ,0.841               ,24029.889       ,-0.29913          ,-0.28034              ,0.000         ,0.000         ,0.099         ,0.136         
19:59:42.335927     ,0.878       ,0.880       ,19.045      ,16.310      ,16.351      ,16.149      ,0.218       ,0.065       ,0.033       ,0.000       ,0.099       ,880.000     ,0.000       ,0.218       ,16.367      ,0.34415       ,4289          ,16.963          ,75.800        ,-0.265              ,0.841               ,24029.902       ,-0.29913          ,-0.28034              ,0.000         ,0.000         ,0.094         ,0.097         
19:59:42.345007     ,0.878       ,0.880       ,19.045      ,16.450      ,16.356      ,16.149      ,0.207       ,0.062       ,0.034       ,0.000       ,0.096       ,880.000     ,0.000       ,0.207       ,16.356      ,0.34722       ,4329          ,20.479          ,76.200        ,-0.266              ,0.850               ,24029.902       ,-0.30714          ,-0.28343              ,0.000         ,0.000         ,0.096         ,0.097         
19:59:42.364558     ,0.881       ,0.880       ,19.013      ,16.770      ,16.419      ,16.149      ,0.270       ,0.081       ,0.034       ,0.000       ,0.115       ,880.000     ,0.000       ,0.270       ,16.419      ,0.35013       ,4367          ,23.818          ,76.800        ,-0.268              ,0.850               ,24029.930       ,-0.30714          ,-0.28343              ,0.000         ,0.000         ,0.115         ,0.095         
19:59:42.364983     ,0.881       ,0.880       ,19.013      ,16.850      ,16.510      ,16.149      ,0.361       ,0.108       ,0.034       ,0.000       ,0.142       ,880.000     ,0.000       ,0.361       ,16.510      ,0.35320       ,4407          ,27.334          ,77.200        ,-0.269              ,0.860               ,24029.930       ,-0.30729          ,-0.28654              ,0.000         ,0.000         ,0.142         ,0.095         
19:59:42.380559     ,0.881       ,0.880       ,19.013      ,16.730      ,16.549      ,16.149      ,0.361       ,0.108       ,0.034       ,0.000       ,0.142       ,880.000     ,0.000       ,0.361       ,16.510      ,0.35619       ,4446          ,30.762          ,77.800        ,-0.272              ,0.860               ,24029.957       ,-0.30729          ,-0.28654              ,0.000         ,0.000         ,0.142         ,0.140         
19:59:42.384996     ,0.881       ,0.880       ,19.013      ,16.550      ,16.537      ,16.149      ,0.389       ,0.117       ,0.034       ,-0.000      ,0.151       ,880.000     ,0.000       ,0.389       ,16.537      ,0.35926       ,4486          ,34.277          ,78.200        ,-0.273              ,0.865               ,24029.957       ,-0.30692          ,-0.28820              ,0.000         ,0.000         ,0.151         ,0.140         
19:59:42.400230     ,0.881       ,0.880       ,19.013      ,16.210      ,16.496      ,16.149      ,0.389       ,0.117       ,0.034       ,-0.000      ,0.151       ,880.000     ,0.000       ,0.389       ,16.537      ,0.36233       ,4526          ,37.793          ,78.800        ,-0.275              ,0.865               ,24029.986       ,-0.30692          ,-0.28820              ,0.000         ,0.000         ,0.139         ,0.147         
19:59:42.404986     ,0.881       ,0.880       ,19.013      ,16.200      ,16.456      ,16.149      ,0.307       ,0.092       ,0.035       ,0.000       ,0.127       ,880.000     ,0.000       ,0.307       ,16.456      ,0.36539       ,4566          ,41.309          ,79.200        ,-0.276              ,0.875               ,24030.000       ,-0.30646          ,-0.29169              ,0.000         ,0.000         ,0.127         ,0.147         
19:59:42.414993     ,0.881       ,0.880       ,19.013      ,16.510      ,16.484      ,16.149      ,0.335       ,0.101       ,0.035       ,0.000       ,0.136       ,880.000     ,0.000       ,0.335       ,16.484      ,0.36846       ,4606          ,44.824          ,79.600        ,-0.278              ,0.880               ,24030.014       ,-0.30717          ,-0.29327              ,0.000         ,0.000         ,0.136         ,0.147         
19:59:42.424997     ,0.881       ,0.880       ,19.013      ,16.720      ,16.539      ,16.149      ,0.390       ,0.117       ,0.035       ,0.000       ,0.152       ,880.000     ,0.000       ,0.390       ,16.539      ,0.37153       ,4646          ,48.340          ,80.000        ,-0.279              ,0.885               ,24030.018       ,-0.30659          ,-0.29485              ,0.000         ,0.000         ,0.152         ,0.124         
19:59:42.435000     ,0.881       ,0.880       ,19.013      ,16.860      ,16.589      ,16.149      ,0.440       ,0.132       ,0.036       ,-0.000      ,0.168       ,880.000     ,0.000       ,0.440       ,16.589      ,0.37460       ,4686          ,51.855          ,80.400        ,-0.281              ,0.889               ,24030.043       ,-0.30610          ,-0.29629              ,0.000         ,0.000         ,0.168         ,0.124         
19:59:42.445000     ,0.881       ,0.880       ,19.013      ,16.840      ,16.640      ,16.149      ,0.491       ,0.147       ,0.036       ,0.000       ,0.183       ,880.000     ,0.000       ,0.491       ,16.640      ,0.37767       ,4726          ,55.371          ,80.600        ,-0.281              ,0.893               ,24030.057       ,-0.30729          ,-0.29764              ,0.000         ,0.000         ,0.183         ,0.164         
19:59:42.458430     ,0.881       ,0.880       ,19.013      ,16.620      ,16.631      ,16.149      ,0.482       ,0.145       ,0.036       ,-0.000      ,0.181       ,880.000     ,0.000       ,0.482       ,16.631      ,0.38081       ,4767          ,58.975          ,80.800        ,-0.282              ,0.897               ,24030.057       ,-0.31444          ,-0.29890              ,0.000         ,0.000         ,0.181         ,0.178         
19:59:42.464993     ,0.881       ,0.880       ,19.013      ,16.620      ,16.631      ,16.149      ,0.482       ,0.145       ,0.037       ,0.000       ,0.181       ,880.000     ,0.000       ,0.482       ,16.631      ,0.38388       ,4807          ,62.490          ,81.200        ,-0.283              ,0.901               ,24030.086       ,-0.30701          ,-0.30021              ,0.000         ,0.000         ,0.181         ,0.178         
19:59:42.474995     ,0.881       ,0.880       ,19.013      ,16.620      ,16.631      ,16.149      ,0.482       ,0.145       ,0.037       ,0.000       ,0.182       ,880.000     ,0.000       ,0.482       ,16.631      ,0.38702       ,4848          ,66.094          ,81.400        ,-0.284              ,0.904               ,24030.086       ,-0.31469          ,-0.30143              ,0.000         ,0.000         ,0.182         ,0.178         
19:59:42.485007     ,0.881       ,0.880       ,19.013      ,16.370      ,16.557      ,16.149      ,0.408       ,0.123       ,0.037       ,-0.000      ,0.160       ,880.000     ,0.000       ,0.408       ,16.557      ,0.39009       ,4888          ,69.609          ,81.800        ,-0.286              ,0.907               ,24030.102       ,-0.30643          ,-0.30246              ,0.000         ,0.000         ,0.160         ,0.182         
19:59:42.494996     ,0.881       ,0.880       ,19.013      ,16.590      ,16.552      ,16.149      ,0.403       ,0.121       ,0.037       ,0.000       ,0.158       ,880.000     ,0.000       ,0.403       ,16.552      ,0.39316       ,4928          ,73.125          ,82.200        ,-0.287              ,0.910               ,24030.129       ,-0.30695          ,-0.30334              ,0.000         ,0.000         ,0.158         ,0.182         
19:59:42.504988     ,0.881       ,0.880       ,19.013      ,16.800      ,16.597      ,16.149      ,0.448       ,0.134       ,0.038       ,0.000       ,0.172       ,880.000     ,0.000       ,0.448       ,16.597      ,0.39623       ,4968          ,76.641          ,82.600        ,-0.288              ,0.912               ,24030.143       ,-0.30686          ,-0.30409              ,0.000         ,0.000         ,0.172         ,0.159         
19:59:42.522516     ,0.881       ,0.880       ,19.013      ,16.950      ,16.670      ,16.149      ,0.522       ,0.157       ,0.038       ,0.000       ,0.195       ,880.000     ,0.000       ,0.522       ,16.670      ,0.39937       ,5009          ,80.244          ,82.800        ,-0.289              ,0.915               ,24030.156       ,-0.31466          ,-0.30485              ,0.000         ,0.000         ,0.195         ,0.168         
19:59:42.524994     ,0.881       ,0.880       ,19.013      ,16.800      ,16.728      ,16.149      ,0.579       ,0.174       ,0.038       ,-0.000      ,0.212       ,880.000     ,0.000       ,0.579       ,16.728      ,0.40244       ,5049          ,83.760          ,83.000        ,-0.290              ,0.916               ,24030.156       ,-0.30643          ,-0.30548              ,0.000         ,0.000         ,0.212         ,0.168         
19:59:42.540126     ,0.881       ,0.880       ,19.013      ,16.360      ,16.722      ,16.149      ,0.579       ,0.174       ,0.038       ,-0.000      ,0.212       ,880.000     ,0.000       ,0.579       ,16.728      ,0.40558       ,5090          ,87.363          ,83.200        ,-0.290              ,0.916               ,24030.184       ,-0.30643          ,-0.30548              ,0.000         ,0.000         ,0.212         ,0.213         
19:59:42.545004     ,0.881       ,0.880       ,19.013      ,16.280      ,16.656      ,16.149      ,0.507       ,0.152       ,0.039       ,-0.000      ,0.191       ,880.000     ,0.000       ,0.507       ,16.656      ,0.40865       ,5130          ,90.879          ,83.400        ,-0.291              ,0.920               ,24030.184       ,-0.30689          ,-0.30671              ,0.000         ,0.000         ,0.191         ,0.213         
19:59:42.564792     ,0.879       ,0.880       ,18.980      ,16.370      ,16.580      ,16.149      ,0.431       ,0.129       ,0.039       ,-0.000      ,0.169       ,880.000     ,0.000       ,0.431       ,16.580      ,0.41172       ,5170          ,94.395          ,83.600        ,-0.292              ,0.920               ,24030.213       ,-0.30689          ,-0.30671              ,0.000         ,0.000         ,0.169         ,0.188         
19:59:42.564987     ,0.879       ,0.880       ,18.980      ,16.430      ,16.499      ,16.149      ,0.350       ,0.105       ,0.040       ,-0.000      ,0.145       ,880.000     ,0.000       ,0.350       ,16.499      ,0.41487       ,5211          ,97.998          ,83.800        ,-0.293              ,0.922               ,24030.213       ,-0.31438          ,-0.30750              ,0.000         ,0.000         ,0.145         ,0.188         
19:59:42.581188     ,0.879       ,0.880       ,18.980      ,16.540      ,16.464      ,16.149      ,0.350       ,0.105       ,0.040       ,-0.000      ,0.145       ,880.000     ,0.000       ,0.350       ,16.499      ,0.41801       ,5252          ,101.602         ,84.000        ,-0.293              ,0.922               ,24030.240       ,-0.31438          ,-0.30750              ,0.000         ,0.000         ,0.145         ,0.146         
19:59:42.584996     ,0.879       ,0.880       ,18.980      ,16.730      ,16.517      ,16.149      ,0.369       ,0.111       ,0.040       ,0.000       ,0.151       ,880.000     ,0.000       ,0.369       ,16.517      ,0.42115       ,5293          ,105.205         ,84.000        ,-0.293              ,0.924               ,24030.254       ,-0.31463          ,-0.30785              ,0.000         ,0.000         ,0.151         ,0.146         
19:59:42.602259     ,0.879       ,0.880       ,18.980      ,16.910      ,16.577      ,16.149      ,0.369       ,0.111       ,0.040       ,0.000       ,0.151       ,880.000     ,0.000       ,0.369       ,16.517      ,0.42422       ,5333          ,108.721         ,84.000        ,-0.293              ,0.924               ,24030.270       ,-0.31463          ,-0.30785              ,0.000         ,0.000         ,0.169         ,0.150         
19:59:42.604986     ,0.879       ,0.880       ,18.980      ,16.810      ,16.589      ,16.149      ,0.441       ,0.132       ,0.040       ,-0.000      ,0.173       ,880.000     ,0.000       ,0.441       ,16.589      ,0.42737       ,5374          ,112.324         ,84.000        ,-0.293              ,0.926               ,24030.270       ,-0.31425          ,-0.30853              ,0.000         ,0.000         ,0.173         ,0.150         
19:59:42.621323     ,0.879       ,0.880       ,18.980      ,16.380      ,16.548      ,16.149      ,0.441       ,0.132       ,0.040       ,-0.000      ,0.173       ,880.000     ,0.000       ,0.441       ,16.589      ,0.43051       ,5415          ,115.928         ,84.000        ,-0.293              ,0.926               ,24030.297       ,-0.31425          ,-0.30853              ,0.000         ,0.000         ,0.161         ,0.169         
19:59:42.625000     ,0.879       ,0.880       ,18.980      ,16.330      ,16.537      ,16.149      ,0.388       ,0.117       ,0.041       ,0.000       ,0.158       ,880.000     ,0.000       ,0.388       ,16.537      ,0.43366       ,5456          ,119.531         ,84.000        ,-0.293              ,0.928               ,24030.297       ,-0.31441          ,-0.30932              ,0.000         ,0.000         ,0.158         ,0.169         
19:59:42.641319     ,0.879       ,0.880       ,18.980      ,16.590      ,16.574      ,16.149      ,0.388       ,0.117       ,0.041       ,0.000       ,0.158       ,880.000     ,0.000       ,0.388       ,16.537      ,0.43672       ,5496          ,123.047         ,84.000        ,-0.293              ,0.928               ,24030.324       ,-0.31441          ,-0.30932              ,0.000         ,0.000         ,0.158         ,0.155         
19:59:42.644983     ,0.879       ,0.880       ,18.980      ,16.750      ,16.604      ,16.149      ,0.456       ,0.137       ,0.042       ,-0.000      ,0.178       ,880.000     ,0.000       ,0.456       ,16.604      ,0.43987       ,5537          ,126.650         ,84.000        ,-0.293              ,0.930               ,24030.338       ,-0.31438          ,-0.30990              ,0.000         ,0.000         ,0.178         ,0.155         
19:59:42.664614     ,0.879       ,0.880       ,19.013      ,16.770      ,16.630      ,16.149      ,0.481       ,0.144       ,0.042       ,-0.000      ,0.186       ,880.000     ,0.000       ,0.481       ,16.630      ,0.44294       ,5577          ,130.166         ,84.000        ,-0.293              ,0.930               ,24030.354       ,-0.31438          ,-0.30990              ,0.000         ,0.000         ,0.186         ,0.177         
19:59:42.664981     ,0.879       ,0.880       ,19.013      ,16.730      ,16.685      ,16.149      ,0.536       ,0.161       ,0.042       ,0.000       ,0.203       ,880.000     ,0.000       ,0.536       ,16.685      ,0.44608       ,5618          ,133.770         ,84.000        ,-0.293              ,0.931               ,24030.367       ,-0.31441          ,-0.31042              ,0.000         ,0.000         ,0.203         ,0.177         
19:59:42.674990     ,0.879       ,0.880       ,19.013      ,16.750      ,16.712      ,16.149      ,0.563       ,0.169       ,0.043       ,-0.000      ,0.211       ,880.000     ,0.000       ,0.563       ,16.712      ,0.44915       ,5658          ,137.285         ,84.000        ,-0.293              ,0.932               ,24030.367       ,-0.30692          ,-0.31057              ,0.000         ,0.000         ,0.211         ,0.177         
19:59:42.684986     ,0.879       ,0.880       ,19.013      ,16.620      ,16.663      ,16.149      ,0.515       ,0.154       ,0.043       ,-0.000      ,0.197       ,880.000     ,0.000       ,0.515       ,16.663      ,0.45229       ,5699          ,140.889         ,84.000        ,-0.293              ,0.932               ,24030.395       ,-0.31434          ,-0.31069              ,0.000         ,0.000         ,0.197         ,0.206         
19:59:42.694994     ,0.879       ,0.880       ,19.013      ,16.250      ,16.561      ,16.149      ,0.412       ,0.124       ,0.043       ,-0.000      ,0.167       ,880.000     ,0.000       ,0.412       ,16.561      ,0.45536       ,5739          ,144.404         ,84.000        ,-0.293              ,0.932               ,24030.395       ,-0.30723          ,-0.31080              ,0.000         ,0.000         ,0.167         ,0.206         
19:59:42.704981     ,0.879       ,0.880       ,19.013      ,16.120      ,16.485      ,16.149      ,0.337       ,0.101       ,0.043       ,0.000       ,0.144       ,880.000     ,0.000       ,0.337       ,16.485      ,0.45851       ,5780          ,148.008         ,84.000        ,-0.293              ,0.933               ,24030.412       ,-0.31403          ,-0.31088              ,0.000         ,0.000         ,0.144         ,0.197         
19:59:42.720399     ,0.879       ,0.880       ,19.013      ,16.310      ,16.473      ,16.149      ,0.337       ,0.101       ,0.043       ,0.000       ,0.144       ,880.000     ,0.000       ,0.337       ,16.485      ,0.46165       ,5821          ,151.611         ,84.000        ,-0.293              ,0.933               ,24030.438       ,-0.31403          ,-0.31088              ,0.000         ,0.000         ,0.141         ,0.145         
19:59:42.725002     ,0.879       ,0.880       ,19.013      ,16.630      ,16.487      ,16.149      ,0.338       ,0.102       ,0.044       ,0.000       ,0.145       ,880.000     ,0.000       ,0.338       ,16.487      ,0.46480       ,5862          ,155.215         ,84.000        ,-0.293              ,0.933               ,24030.438       ,-0.31397          ,-0.31103              ,0.000         ,0.000         ,0.145         ,0.145         
19:59:42.740280     ,0.879       ,0.880       ,19.013      ,16.870      ,16.518      ,16.149      ,0.338       ,0.102       ,0.044       ,0.000       ,0.145       ,880.000     ,0.000       ,0.338       ,16.487      ,0.46794       ,5903          ,158.818         ,84.000        ,-0.293              ,0.933               ,24030.465       ,-0.31397          ,-0.31103              ,0.000         ,0.000         ,0.145         ,0.144         
19:59:42.744984     ,0.879       ,0.880       ,19.013      ,16.780      ,16.552      ,16.149      ,0.403       ,0.121       ,0.044       ,0.000       ,0.165       ,880.000     ,0.000       ,0.403       ,16.552      ,0.47109       ,5944          ,162.422         ,84.000        ,-0.293              ,0.934               ,24030.465       ,-0.31472          ,-0.31134              ,0.000         ,0.000         ,0.165         ,0.144         
19:59:42.764646     ,0.881       ,0.880       ,19.013      ,16.430      ,16.531      ,16.149      ,0.382       ,0.115       ,0.045       ,-0.000      ,0.159       ,880.000     ,0.000       ,0.382       ,16.531      ,0.47423       ,5985          ,166.025         ,84.000        ,-0.293              ,0.934               ,24030.494       ,-0.31472          ,-0.31134              ,0.000         ,0.000         ,0.159         ,0.163         
19:59:42.764982     ,0.881       ,0.880       ,19.013      ,16.380      ,16.501      ,16.149      ,0.352       ,0.106       ,0.045       ,-0.000      ,0.150       ,880.000     ,0.000       ,0.352       ,16.501      ,0.47737       ,6026          ,169.629         ,84.000        ,-0.293              ,0.935               ,24030.510       ,-0.31447          ,-0.31179              ,0.000         ,0.000         ,0.150         ,0.163         
19:59:42.781960     ,0.881       ,0.880       ,19.013      ,16.380      ,16.467      ,16.149      ,0.352       ,0.106       ,0.045       ,-0.000      ,0.150       ,880.000     ,0.000       ,0.352       ,16.501      ,0.48052       ,6067          ,173.232         ,84.200        ,-0.294              ,0.935               ,24030.525       ,-0.31447          ,-0.31179              ,0.000         ,0.000         ,0.150         ,0.150         
19:59:42.784980     ,0.881       ,0.880       ,19.013      ,16.360      ,16.435      ,16.149      ,0.286       ,0.086       ,0.045       ,0.000       ,0.131       ,880.000     ,0.000       ,0.286       ,16.435      ,0.48374       ,6109          ,176.924         ,84.400        ,-0.295              ,0.937               ,24030.537       ,-0.32188          ,-0.31244              ,0.000         ,0.000         ,0.131         ,0.150         
19:59:42.794989     ,0.881       ,0.880       ,19.013      ,16.440      ,16.450      ,16.149      ,0.302       ,0.090       ,0.046       ,0.000       ,0.136       ,880.000     ,0.000       ,0.302       ,16.450      ,0.48689       ,6150          ,180.527         ,84.600        ,-0.295              ,0.939               ,24030.537       ,-0.31478          ,-0.31286              ,0.000         ,0.000         ,0.136         ,0.150         
19:59:42.804985     ,0.881       ,0.880       ,19.013      ,16.670      ,16.535      ,16.149      ,0.387       ,0.116       ,0.046       ,0.000       ,0.162       ,880.000     ,0.000       ,0.387       ,16.535      ,0.49003       ,6191          ,184.131         ,84.800        ,-0.296              ,0.940               ,24030.555       ,-0.31384          ,-0.31321              ,0.000         ,0.000         ,0.162         ,0.130         
19:59:42.814994     ,0.881       ,0.880       ,19.013      ,17.060      ,16.631      ,16.149      ,0.482       ,0.145       ,0.046       ,0.000       ,0.191       ,880.000     ,0.000       ,0.482       ,16.631      ,0.49325       ,6233          ,187.822         ,85.000        ,-0.297              ,0.941               ,24030.580       ,-0.32282          ,-0.31363              ,0.000         ,0.000         ,0.191         ,0.130         
19:59:42.824992     ,0.881       ,0.880       ,19.013      ,17.000      ,16.664      ,16.149      ,0.516       ,0.155       ,0.046       ,-0.000      ,0.201       ,880.000     ,0.000       ,0.516       ,16.664      ,0.49640       ,6274          ,191.426         ,85.000        ,-0.297              ,0.942               ,24030.596       ,-0.31425          ,-0.31399              ,0.000         ,0.000         ,0.201         ,0.188         
19:59:42.834991     ,0.881       ,0.880       ,19.013      ,16.440      ,16.609      ,16.149      ,0.460       ,0.138       ,0.047       ,-0.000      ,0.185       ,880.000     ,0.000       ,0.460       ,16.609      ,0.49954       ,6315          ,195.029         ,85.000        ,-0.297              ,0.943               ,24030.596       ,-0.31425          ,-0.31430              ,0.000         ,0.000         ,0.185         ,0.188         
19:59:42.845735     ,0.881       ,0.880       ,19.013      ,16.250      ,16.565      ,16.149      ,0.460       ,0.138       ,0.047       ,-0.000      ,0.185       ,880.000     ,0.000       ,0.460       ,16.609      ,0.50276       ,6357          ,198.721         ,85.200        ,-0.297              ,0.943               ,24030.623       ,-0.31425          ,-0.31430              ,0.000         ,0.000         ,0.172         ,0.198         
19:59:42.858554     ,0.881       ,0.880       ,19.029      ,16.320      ,16.549      ,16.149      ,0.401       ,0.120       ,0.047       ,0.000       ,0.168       ,880.000     ,0.000       ,0.401       ,16.549      ,0.50591       ,6398          ,202.324         ,85.400        ,-0.298              ,0.945               ,24030.639       ,-0.31428          ,-0.31498              ,0.000         ,0.000         ,0.168         ,0.198         
19:59:42.866693     ,0.881       ,0.880       ,19.029      ,16.530      ,16.530      ,16.149      ,0.401       ,0.120       ,0.047       ,0.000       ,0.168       ,880.000     ,0.000       ,0.401       ,16.549      ,0.50913       ,6440          ,206.016         ,85.600        ,-0.299              ,0.945               ,24030.652       ,-0.31428          ,-0.31498              ,0.000         ,0.000         ,0.168         ,0.165         
19:59:42.875007     ,0.881       ,0.880       ,19.029      ,16.680      ,16.540      ,16.149      ,0.391       ,0.117       ,0.048       ,0.000       ,0.165       ,880.000     ,0.000       ,0.391       ,16.540      ,0.51227       ,6481          ,209.619         ,85.800        ,-0.299              ,0.947               ,24030.652       ,-0.31394          ,-0.31568              ,0.000         ,0.000         ,0.165         ,0.165         
19:59:42.886405     ,0.881       ,0.880       ,19.029      ,16.780      ,16.619      ,16.149      ,0.391       ,0.117       ,0.048       ,0.000       ,0.165       ,880.000     ,0.000       ,0.391       ,16.540      ,0.51549       ,6523          ,213.311         ,86.000        ,-0.300              ,0.947               ,24030.682       ,-0.31394          ,-0.31568              ,0.000         ,0.000         ,0.165         ,0.168         
19:59:42.894992     ,0.881       ,0.880       ,19.029      ,17.100      ,16.715      ,16.149      ,0.566       ,0.170       ,0.049       ,0.000       ,0.218       ,880.000     ,0.000       ,0.566       ,16.715      ,0.51864       ,6564          ,216.914         ,86.000        ,-0.300              ,0.949               ,24030.682       ,-0.31472          ,-0.31619              ,0.000         ,0.000         ,0.218         ,0.168         
19:59:42.906141     ,0.881       ,0.880       ,19.029      ,17.100      ,16.753      ,16.149      ,0.566       ,0.170       ,0.049       ,0.000       ,0.218       ,880.000     ,0.000       ,0.566       ,16.715      ,0.52178       ,6605          ,220.518         ,86.000        ,-0.300              ,0.949               ,24030.711       ,-0.31472          ,-0.31619              ,0.000         ,0.000         ,0.218         ,0.215         
19:59:42.914998     ,0.881       ,0.880       ,19.029      ,16.530      ,16.677      ,16.149      ,0.528       ,0.158       ,0.049       ,-0.000      ,0.208       ,880.000     ,0.000       ,0.528       ,16.677      ,0.52493       ,6646          ,224.121         ,86.000        ,-0.300              ,0.949               ,24030.711       ,-0.31453          ,-0.31645              ,0.000         ,0.000         ,0.208         ,0.215         
19:59:42.926981     ,0.881       ,0.880       ,19.029      ,16.280      ,16.615      ,16.149      ,0.528       ,0.158       ,0.049       ,-0.000      ,0.208       ,880.000     ,0.000       ,0.528       ,16.677      ,0.52807       ,6687          ,227.725         ,86.000        ,-0.300              ,0.949               ,24030.738       ,-0.31453          ,-0.31645              ,0.000         ,0.000         ,0.189         ,0.207         
19:59:42.934990     ,0.881       ,0.880       ,19.029      ,16.330      ,16.615      ,16.149      ,0.466       ,0.140       ,0.050       ,0.000       ,0.190       ,880.000     ,0.000       ,0.466       ,16.615      ,0.53129       ,6729          ,231.416         ,86.000        ,-0.300              ,0.950               ,24030.754       ,-0.32185          ,-0.31665              ,0.000         ,0.000         ,0.190         ,0.207         
19:59:42.949023     ,0.881       ,0.880       ,19.029      ,16.590      ,16.622      ,16.149      ,0.466       ,0.140       ,0.050       ,0.000       ,0.190       ,880.000     ,0.000       ,0.466       ,16.615      ,0.53444       ,6770          ,235.020         ,86.000        ,-0.300              ,0.950               ,24030.768       ,-0.32185          ,-0.31665              ,0.000         ,0.000         ,0.190         ,0.191         
19:59:42.958561     ,0.883       ,0.880       ,19.029      ,16.840      ,16.644      ,16.149      ,0.495       ,0.149       ,0.051       ,0.000       ,0.199       ,880.000     ,0.000       ,0.495       ,16.644      ,0.53758       ,6811          ,238.623         ,86.000        ,-0.300              ,0.950               ,24030.768       ,-0.31438          ,-0.31668              ,0.000         ,0.000         ,0.199         ,0.191         
19:59:42.971273     ,0.883       ,0.880       ,19.029      ,16.850      ,16.704      ,16.149      ,0.495       ,0.149       ,0.051       ,0.000       ,0.199       ,880.000     ,0.000       ,0.495       ,16.644      ,0.54073       ,6852          ,242.227         ,86.000        ,-0.300              ,0.950               ,24030.797       ,-0.31438          ,-0.31668              ,0.000         ,0.000         ,0.199         ,0.197         
19:59:42.974987     ,0.883       ,0.880       ,19.029      ,16.780      ,16.725      ,16.149      ,0.576       ,0.173       ,0.051       ,-0.000      ,0.224       ,880.000     ,0.000       ,0.576       ,16.725      ,0.54395       ,6894          ,245.918         ,86.000        ,-0.300              ,0.950               ,24030.811       ,-0.32208          ,-0.31662              ,0.000         ,0.000         ,0.224         ,0.197         
19:59:42.991167     ,0.883       ,0.880       ,19.029      ,16.720      ,16.699      ,16.149      ,0.576       ,0.173       ,0.051       ,-0.000      ,0.224       ,880.000     ,0.000       ,0.576       ,16.725      ,0.54709       ,6935          ,249.521         ,86.000        ,-0.300              ,0.950               ,24030.828       ,-0.32208          ,-0.31662              ,0.000         ,0.000         ,0.224         ,0.222         
19:59:42.994982     ,0.883       ,0.880       ,19.029      ,16.510      ,16.621      ,16.149      ,0.472       ,0.142       ,0.052       ,-0.000      ,0.194       ,880.000     ,0.000       ,0.472       ,16.621      ,0.55032       ,6977          ,253.213         ,86.000        ,-0.300              ,0.950               ,24030.840       ,-0.32198          ,-0.31656              ,0.000         ,0.000         ,0.194         ,0.222         
19:59:43.011125     ,0.883       ,0.880       ,19.029      ,16.510      ,16.621      ,16.149      ,0.472       ,0.142       ,0.052       ,-0.000      ,0.194       ,880.000     ,0.000       ,0.472       ,16.621      ,0.55354       ,7019          ,256.904         ,86.000        ,-0.300              ,0.950               ,24030.854       ,-0.32198          ,-0.31656              ,0.000         ,0.000         ,0.194         ,0.193         
19:59:43.014985     ,0.883       ,0.880       ,19.029      ,16.330      ,16.536      ,16.149      ,0.387       ,0.116       ,0.053       ,-0.000      ,0.169       ,880.000     ,0.000       ,0.387       ,16.536      ,0.55668       ,7060          ,260.508         ,86.000        ,-0.300              ,0.951               ,24030.854       ,-0.31431          ,-0.31684              ,0.000         ,0.000         ,0.169         ,0.193         
19:59:43.031042     ,0.883       ,0.880       ,19.029      ,16.590      ,16.556      ,16.149      ,0.387       ,0.116       ,0.053       ,-0.000      ,0.169       ,880.000     ,0.000       ,0.387       ,16.536      ,0.55983       ,7101          ,264.111         ,86.000        ,-0.300              ,0.951               ,24030.883       ,-0.31431          ,-0.31684              ,0.000         ,0.000         ,0.169         ,0.166         
19:59:43.034982     ,0.883       ,0.880       ,19.029      ,17.090      ,16.673      ,16.149      ,0.524       ,0.157       ,0.053       ,0.000       ,0.211       ,880.000     ,0.000       ,0.524       ,16.673      ,0.56305       ,7143          ,267.803         ,86.000        ,-0.300              ,0.951               ,24030.896       ,-0.32179          ,-0.31703              ,0.000         ,0.000         ,0.211         ,0.166         
19:59:43.044985     ,0.883       ,0.880       ,19.029      ,17.070      ,16.748      ,16.149      ,0.599       ,0.180       ,0.054       ,-0.000      ,0.233       ,880.000     ,0.000       ,0.599       ,16.748      ,0.56619       ,7184          ,271.406         ,86.000        ,-0.300              ,0.951               ,24030.896       ,-0.31475          ,-0.31711              ,0.000         ,0.000         ,0.233         ,0.166         
19:59:43.058543     ,0.879       ,0.880       ,19.013      ,16.780      ,16.771      ,16.149      ,0.622       ,0.187       ,0.054       ,-0.000      ,0.241       ,880.000     ,0.000       ,0.622       ,16.771      ,0.56934       ,7225          ,275.010         ,86.000        ,-0.300              ,0.952               ,24030.916       ,-0.31444          ,-0.31717              ,0.000         ,0.000         ,0.241         ,0.213         
19:59:43.064989     ,0.879       ,0.880       ,19.013      ,16.620      ,16.787      ,16.149      ,0.639       ,0.192       ,0.054       ,-0.000      ,0.246       ,880.000     ,0.000       ,0.639       ,16.787      ,0.57248       ,7266          ,278.613         ,86.000        ,-0.300              ,0.952               ,24030.941       ,-0.31450          ,-0.31723              ,0.000         ,0.000         ,0.246         ,0.213         
19:59:43.074995     ,0.879       ,0.880       ,19.013      ,16.480      ,16.744      ,16.149      ,0.595       ,0.179       ,0.055       ,-0.000      ,0.233       ,880.000     ,0.000       ,0.595       ,16.744      ,0.57570       ,7308          ,282.305         ,86.000        ,-0.300              ,0.952               ,24030.955       ,-0.32191          ,-0.31727              ,0.000         ,0.000         ,0.233         ,0.240         
19:59:43.090439     ,0.879       ,0.880       ,19.013      ,16.530      ,16.659      ,16.149      ,0.595       ,0.179       ,0.055       ,-0.000      ,0.233       ,880.000     ,0.000       ,0.595       ,16.744      ,0.57885       ,7349          ,285.908         ,86.000        ,-0.300              ,0.952               ,24030.969       ,-0.32191          ,-0.31727              ,0.000         ,0.000         ,0.208         ,0.232         
19:59:43.094984     ,0.879       ,0.880       ,19.013      ,16.560      ,16.620      ,16.149      ,0.471       ,0.141       ,0.055       ,0.000       ,0.197       ,880.000     ,0.000       ,0.471       ,16.620      ,0.58207       ,7391          ,289.600         ,86.000        ,-0.300              ,0.952               ,24030.984       ,-0.32198          ,-0.31735              ,0.000         ,0.000         ,0.197         ,0.232         
19:59:43.111281     ,0.879       ,0.880       ,19.013      ,16.650      ,16.644      ,16.149      ,0.471       ,0.141       ,0.055       ,0.000       ,0.197       ,880.000     ,0.000       ,0.471       ,16.620      ,0.58521       ,7432          ,293.203         ,86.000        ,-0.300              ,0.952               ,24030.998       ,-0.32198          ,-0.31735              ,0.000         ,0.000         ,0.197         ,0.193         
19:59:43.114983     ,0.879       ,0.880       ,19.013      ,16.960      ,16.708      ,16.149      ,0.559       ,0.168       ,0.056       ,0.000       ,0.224       ,880.000     ,0.000       ,0.559       ,16.708      ,0.58836       ,7473          ,296.807         ,86.000        ,-0.300              ,0.952               ,24030.998       ,-0.31428          ,-0.31719              ,0.000         ,0.000         ,0.224         ,0.193         
19:59:43.129991     ,0.879       ,0.880       ,19.013      ,16.980      ,16.748      ,16.149      ,0.559       ,0.168       ,0.056       ,0.000       ,0.224       ,880.000     ,0.000       ,0.559       ,16.708      ,0.59158       ,7515          ,300.498         ,86.000        ,-0.300              ,0.952               ,24031.027       ,-0.31428          ,-0.31719              ,0.000         ,0.000         ,0.224         ,0.222         
19:59:43.134978     ,0.879       ,0.880       ,19.013      ,16.560      ,16.688      ,16.149      ,0.539       ,0.162       ,0.057       ,-0.000      ,0.219       ,880.000     ,0.000       ,0.539       ,16.688      ,0.59472       ,7556          ,304.102         ,86.000        ,-0.300              ,0.952               ,24031.041       ,-0.31444          ,-0.31717              ,0.000         ,0.000         ,0.219         ,0.222         
19:59:43.147846     ,0.879       ,0.880       ,19.013      ,16.300      ,16.616      ,16.149      ,0.539       ,0.162       ,0.057       ,-0.000      ,0.219       ,880.000     ,0.000       ,0.539       ,16.688      ,0.59795       ,7598          ,307.793         ,86.000        ,-0.300              ,0.952               ,24031.057       ,-0.31444          ,-0.31717              ,0.000         ,0.000         ,0.197         ,0.212         
19:59:43.158570     ,0.881       ,0.880       ,19.013      ,16.150      ,16.550      ,16.149      ,0.401       ,0.120       ,0.058       ,0.000       ,0.178       ,880.000     ,0.000       ,0.401       ,16.550      ,0.60117       ,7640          ,311.484         ,86.000        ,-0.300              ,0.952               ,24031.070       ,-0.32156          ,-0.31738              ,0.000         ,0.000         ,0.178         ,0.212         
19:59:43.166805     ,0.881       ,0.880       ,19.013      ,16.300      ,16.490      ,16.149      ,0.401       ,0.120       ,0.058       ,0.000       ,0.178       ,880.000     ,0.000       ,0.401       ,16.550      ,0.60439       ,7682          ,315.176         ,86.000        ,-0.300              ,0.952               ,24031.084       ,-0.32156          ,-0.31738              ,0.000         ,0.000         ,0.178         ,0.175         
19:59:43.174997     ,0.881       ,0.880       ,19.013      ,16.650      ,16.489      ,16.149      ,0.340       ,0.102       ,0.058       ,0.000       ,0.160       ,880.000     ,0.000       ,0.340       ,16.489      ,0.60761       ,7724          ,318.867         ,86.000        ,-0.300              ,0.954               ,24031.098       ,-0.32172          ,-0.31786              ,0.000         ,0.000         ,0.160         ,0.175         
19:59:43.186676     ,0.881       ,0.880       ,19.013      ,16.720      ,16.531      ,16.149      ,0.340       ,0.102       ,0.058       ,0.000       ,0.160       ,880.000     ,0.000       ,0.340       ,16.489      ,0.61083       ,7766          ,322.559         ,86.000        ,-0.300              ,0.954               ,24031.111       ,-0.32172          ,-0.31786              ,0.000         ,0.000         ,0.160         ,0.161         
19:59:43.194990     ,0.881       ,0.880       ,19.013      ,16.920      ,16.593      ,16.149      ,0.444       ,0.133       ,0.059       ,0.000       ,0.192       ,880.000     ,0.000       ,0.444       ,16.593      ,0.61413       ,7809          ,326.338         ,86.000        ,-0.300              ,0.956               ,24031.127       ,-0.32978          ,-0.31852              ,0.000         ,0.000         ,0.192         ,0.161         
19:59:43.205604     ,0.881       ,0.880       ,19.013      ,16.980      ,16.651      ,16.149      ,0.444       ,0.133       ,0.059       ,0.000       ,0.192       ,880.000     ,0.000       ,0.444       ,16.593      ,0.61735       ,7851          ,330.029         ,86.000        ,-0.300              ,0.956               ,24031.143       ,-0.32978          ,-0.31852              ,0.000         ,0.000         ,0.210         ,0.191         
19:59:43.215004     ,0.881       ,0.880       ,19.013      ,16.650      ,16.630      ,16.149      ,0.482       ,0.144       ,0.059       ,-0.000      ,0.204       ,880.000     ,0.000       ,0.482       ,16.630      ,0.62057       ,7893          ,333.721         ,86.000        ,-0.300              ,0.958               ,24031.143       ,-0.32227          ,-0.31942              ,0.000         ,0.000         ,0.204         ,0.191         
19:59:43.227556     ,0.881       ,0.880       ,19.013      ,16.430      ,16.575      ,16.149      ,0.482       ,0.144       ,0.059       ,-0.000      ,0.204       ,880.000     ,0.000       ,0.482       ,16.630      ,0.62387       ,7936          ,337.500         ,86.200        ,-0.301              ,0.958               ,24031.172       ,-0.32227          ,-0.31942              ,0.000         ,0.000         ,0.187         ,0.204         
19:59:43.234999     ,0.881       ,0.880       ,19.013      ,16.240      ,16.553      ,16.149      ,0.404       ,0.121       ,0.060       ,0.000       ,0.181       ,880.000     ,0.000       ,0.404       ,16.553      ,0.62717       ,7979          ,341.279         ,86.400        ,-0.302              ,0.962               ,24031.172       ,-0.32961          ,-0.32061              ,0.000         ,0.000         ,0.181         ,0.204         
19:59:43.247345     ,0.881       ,0.880       ,19.013      ,16.420      ,16.565      ,16.149      ,0.404       ,0.121       ,0.060       ,0.000       ,0.181       ,880.000     ,0.000       ,0.404       ,16.553      ,0.63047       ,8022          ,345.059         ,86.600        ,-0.302              ,0.962               ,24031.199       ,-0.32961          ,-0.32061              ,0.000         ,0.000         ,0.185         ,0.180         
19:59:43.258585     ,0.879       ,0.880       ,19.045      ,16.680      ,16.596      ,16.149      ,0.447       ,0.134       ,0.060       ,0.000       ,0.194       ,880.000     ,0.000       ,0.447       ,16.596      ,0.63369       ,8064          ,348.750         ,86.800        ,-0.303              ,0.966               ,24031.215       ,-0.32201          ,-0.32189              ,0.000         ,0.000         ,0.194         ,0.180         
19:59:43.266967     ,0.879       ,0.880       ,19.045      ,17.080      ,16.695      ,16.149      ,0.447       ,0.134       ,0.060       ,0.000       ,0.194       ,880.000     ,0.000       ,0.447       ,16.596      ,0.63699       ,8107          ,352.529         ,87.000        ,-0.304              ,0.966               ,24031.230       ,-0.32201          ,-0.32189              ,0.000         ,0.000         ,0.224         ,0.196         
19:59:43.274997     ,0.879       ,0.880       ,19.045      ,16.890      ,16.717      ,16.149      ,0.568       ,0.170       ,0.061       ,-0.000      ,0.231       ,880.000     ,0.000       ,0.568       ,16.717      ,0.64028       ,8150          ,356.309         ,87.000        ,-0.304              ,0.969               ,24031.230       ,-0.32984          ,-0.32314              ,0.000         ,0.000         ,0.231         ,0.196         
19:59:43.288822     ,0.879       ,0.880       ,19.045      ,16.720      ,16.711      ,16.149      ,0.568       ,0.170       ,0.061       ,-0.000      ,0.231       ,880.000     ,0.000       ,0.568       ,16.717      ,0.64358       ,8193          ,0.088           ,87.000        ,-0.304              ,0.969               ,24031.260       ,-0.32984          ,-0.32314              ,0.000         ,0.000         ,0.230         ,0.230         
19:59:43.295006     ,0.879       ,0.880       ,19.045      ,16.650      ,16.680      ,16.149      ,0.531       ,0.159       ,0.062       ,-0.000      ,0.221       ,880.000     ,0.000       ,0.531       ,16.680      ,0.64688       ,8236          ,3.867           ,87.000        ,-0.304              ,0.973               ,24031.275       ,-0.32974          ,-0.32436              ,0.000         ,0.000         ,0.221         ,0.230         
19:59:43.308701     ,0.879       ,0.880       ,19.045      ,16.480      ,16.629      ,16.149      ,0.531       ,0.159       ,0.062       ,-0.000      ,0.221       ,880.000     ,0.000       ,0.531       ,16.680      ,0.64688       ,8236          ,3.867           ,87.200        ,-0.304              ,0.973               ,24031.289       ,-0.32974          ,-0.32436              ,0.000         ,0.000         ,0.221         ,0.220         
19:59:43.314997     ,0.879       ,0.880       ,19.045      ,16.250      ,16.536      ,16.149      ,0.387       ,0.116       ,0.062       ,-0.000      ,0.179       ,880.000     ,0.000       ,0.387       ,16.536      ,0.65348       ,8322          ,11.426          ,87.400        ,-0.305              ,0.977               ,24031.305       ,-0.32986          ,-0.32556              ,0.000         ,0.000         ,0.179         ,0.220         
19:59:43.328422     ,0.879       ,0.880       ,19.045      ,16.400      ,16.550      ,16.149      ,0.387       ,0.116       ,0.062       ,-0.000      ,0.179       ,880.000     ,0.000       ,0.387       ,16.536      ,0.65677       ,8365          ,15.205          ,87.600        ,-0.306              ,0.977               ,24031.318       ,-0.32986          ,-0.32556              ,0.000         ,0.000         ,0.183         ,0.179         
19:59:43.334997     ,0.879       ,0.880       ,19.045      ,16.750      ,16.625      ,16.149      ,0.476       ,0.143       ,0.063       ,0.000       ,0.206       ,880.000     ,0.000       ,0.476       ,16.625      ,0.66015       ,8409          ,19.072          ,87.800        ,-0.306              ,0.980               ,24031.318       ,-0.33714          ,-0.32665              ,0.000         ,0.000         ,0.206         ,0.179         
19:59:43.347074     ,0.879       ,0.880       ,19.045      ,17.280      ,16.729      ,16.149      ,0.476       ,0.143       ,0.063       ,0.000       ,0.206       ,880.000     ,0.000       ,0.476       ,16.625      ,0.66337       ,8451          ,22.764          ,87.800        ,-0.306              ,0.980               ,24031.348       ,-0.33714          ,-0.32665              ,0.000         ,0.000         ,0.237         ,0.202         
19:59:43.358587     ,0.876       ,0.880       ,19.013      ,17.180      ,16.772      ,16.149      ,0.623       ,0.187       ,0.064       ,-0.000      ,0.251       ,880.000     ,0.000       ,0.623       ,16.772      ,0.66667       ,8494          ,26.543          ,87.600        ,-0.306              ,0.982               ,24031.363       ,-0.32978          ,-0.32743              ,0.000         ,0.000         ,0.251         ,0.202         
19:59:43.367168     ,0.876       ,0.880       ,19.013      ,16.670      ,16.751      ,16.149      ,0.623       ,0.187       ,0.064       ,-0.000      ,0.251       ,880.000     ,0.000       ,0.623       ,16.772      ,0.67004       ,8538          ,30.410          ,87.600        ,-0.306              ,0.982               ,24031.377       ,-0.32978          ,-0.32743              ,0.000         ,0.000         ,0.245         ,0.251         
