Time                ,Current(A)  ,TargetCurrent(A),Voltage(V)  ,PressureRaw(kg),PressureFiltered(kg),F0(kg)      ,DeltaF      ,PI_P(mA)    ,PI_I(mA)    ,PI_D(mA)    ,PI_LastCurrent(mA),Feedforward(mA),AlgoDeltaF(kg),AlgoPressure(kg),RopeLength(m) ,EncoderValue  ,EncoderAngle(deg),MotorSpeed(rpm),MotorLinearVel(m/s) ,MotorTheoryVel(m/s) ,MotorPosition(m),RopeVelocityRaw(m/s),RopeVelocityFiltered(m/s),WeightRaw(kg) ,WeightFiltered(kg),TargetTorque(Nm),ActualTorque(Nm)
17:01:16.775407     ,0.049       ,0.880       ,0.869       ,16.060      ,16.036      ,16.039      ,-0.005      ,-0.012      ,0.000       ,0.097       ,0.097       ,880.000     ,-0.005      ,16.034      ,0.00000       ,873           ,76.729          ,0.000         ,-0.000              ,-0.000              ,23921.871       ,0.00000           ,0.00000               ,0.000         ,0.000         ,0.000         ,0.001         
17:01:16.783584     ,0.051       ,0.880       ,0.869       ,16.040      ,16.034      ,16.039      ,-0.002      ,-0.012      ,0.000       ,0.097       ,0.097       ,880.000     ,-0.002      ,16.036      ,0.00000       ,873           ,76.729          ,0.000         ,-0.000              ,-0.000              ,23921.871       ,0.00000           ,0.00000               ,0.000         ,0.000         ,0.000         ,0.001         
17:01:16.794286     ,0.051       ,0.880       ,0.869       ,16.040      ,16.033      ,16.039      ,-0.004      ,-0.022      ,0.000       ,0.001       ,0.001       ,880.000     ,-0.004      ,16.034      ,0.00000       ,873           ,76.729          ,0.000         ,-0.000              ,-0.000              ,23921.871       ,0.00000           ,0.00000               ,0.000         ,0.000         ,0.000         ,-0.003        
17:01:16.803706     ,0.049       ,0.880       ,0.869       ,16.060      ,16.037      ,16.039      ,-0.005      ,-0.026      ,0.000       ,0.129       ,0.129       ,880.000     ,-0.005      ,16.033      ,0.00000       ,873           ,76.729          ,0.000         ,-0.000              ,-0.000              ,23921.871       ,0.00000           ,0.00000               ,0.000         ,0.000         ,0.000         ,-0.003        
17:01:16.815279     ,0.051       ,0.880       ,0.885       ,16.040      ,16.037      ,16.039      ,-0.002      ,-0.008      ,0.000       ,0.124       ,0.124       ,880.000     ,-0.002      ,16.037      ,0.00000       ,873           ,76.729          ,0.000         ,-0.000              ,-0.000              ,23921.871       ,0.00000           ,0.00000               ,0.000         ,0.000         ,0.000         ,0.001         
17:01:16.823694     ,0.049       ,0.880       ,0.869       ,16.040      ,16.035      ,16.039      ,-0.002      ,-0.008      ,0.000       ,-0.039      ,-0.039      ,880.000     ,-0.002      ,16.037      ,0.00000       ,873           ,76.729          ,0.000         ,-0.000              ,-0.000              ,23921.871       ,0.00000           ,0.00000               ,0.000         ,0.000         ,0.000         ,0.001         
17:01:16.834394     ,0.051       ,0.880       ,0.869       ,16.040      ,16.037      ,16.039      ,-0.004      ,-0.019      ,0.000       ,0.029       ,0.029       ,880.000     ,-0.004      ,16.035      ,0.00000       ,873           ,76.729          ,0.000         ,-0.000              ,-0.000              ,23921.871       ,0.00000           ,0.00000               ,0.000         ,0.000         ,0.000         ,-0.004        
17:01:16.843634     ,0.049       ,0.880       ,0.853       ,16.040      ,16.038      ,16.039      ,-0.002      ,-0.009      ,0.000       ,0.124       ,0.124       ,880.000     ,-0.002      ,16.037      ,0.00000       ,873           ,76.729          ,0.000         ,-0.000              ,-0.000              ,23921.871       ,0.00000           ,0.00000               ,0.000         ,0.000         ,0.000         ,-0.004        
17:01:16.856466     ,0.051       ,0.880       ,0.869       ,16.040      ,16.034      ,16.039      ,-0.001      ,-0.004      ,0.000       ,-0.006      ,-0.006      ,880.000     ,-0.001      ,16.038      ,0.00000       ,873           ,76.729          ,0.000         ,-0.000              ,-0.000              ,23921.871       ,0.00000           ,0.00000               ,0.000         ,0.000         ,0.000         ,-0.001        
17:01:16.863634     ,0.049       ,0.880       ,0.869       ,16.040      ,16.034      ,16.039      ,-0.004      ,-0.022      ,0.000       ,-0.003      ,-0.003      ,880.000     ,-0.004      ,16.034      ,0.00000       ,873           ,76.729          ,0.000         ,-0.000              ,-0.000              ,23921.871       ,0.00000           ,0.00000               ,0.000         ,0.000         ,0.000         ,-0.001        
17:01:16.876207     ,0.049       ,0.880       ,0.885       ,16.040      ,16.033      ,16.039      ,-0.004      ,-0.022      ,0.000       ,0.158       ,0.158       ,880.000     ,-0.004      ,16.034      ,0.00000       ,873           ,76.729          ,0.000         ,-0.000              ,-0.000              ,23921.871       ,0.00000           ,0.00000               ,0.000         ,0.000         ,0.000         ,0.000         
17:01:16.883819     ,0.051       ,0.880       ,0.885       ,16.060      ,16.035      ,16.039      ,-0.005      ,-0.027      ,0.000       ,0.090       ,0.090       ,880.000     ,-0.005      ,16.033      ,0.00000       ,873           ,76.729          ,0.000         ,-0.000              ,-0.000              ,23921.871       ,0.00000           ,0.00000               ,0.000         ,0.000         ,0.000         ,0.000         
17:01:16.893970     ,0.051       ,0.880       ,0.869       ,16.040      ,16.033      ,16.039      ,-0.003      ,-0.017      ,0.000       ,0.130       ,0.130       ,880.000     ,-0.003      ,16.035      ,0.00000       ,873           ,76.729          ,0.000         ,-0.000              ,-0.000              ,23921.871       ,0.00000           ,0.00000               ,0.000         ,0.000         ,0.000         ,0.001         
17:01:16.903699     ,0.049       ,0.880       ,0.885       ,16.040      ,16.033      ,16.039      ,-0.005      ,-0.026      ,0.000       ,0.027       ,0.027       ,880.000     ,-0.005      ,16.033      ,0.00000       ,873           ,76.729          ,0.000         ,-0.000              ,-0.000              ,23921.871       ,0.00000           ,0.00000               ,0.000         ,0.000         ,0.000         ,0.001         
17:01:16.914973     ,0.049       ,0.880       ,0.869       ,16.040      ,16.034      ,16.039      ,-0.006      ,-0.028      ,0.000       ,0.140       ,0.140       ,880.000     ,-0.006      ,16.033      ,0.00000       ,873           ,76.729          ,0.000         ,-0.000              ,-0.000              ,23921.871       ,0.00000           ,0.00000               ,0.000         ,0.000         ,0.000         ,-0.003        
17:01:16.923845     ,0.049       ,0.880       ,0.885       ,16.040      ,16.035      ,16.039      ,-0.005      ,-0.025      ,0.000       ,0.121       ,0.121       ,880.000     ,-0.005      ,16.034      ,0.00000       ,873           ,76.729          ,0.000         ,-0.000              ,-0.000              ,23921.871       ,0.00000           ,0.00000               ,0.000         ,0.000         ,0.000         ,-0.003        
17:01:16.935930     ,0.049       ,0.880       ,0.885       ,16.040      ,16.033      ,16.039      ,-0.004      ,-0.019      ,0.000       ,0.084       ,0.084       ,880.000     ,-0.004      ,16.035      ,0.00000       ,873           ,76.729          ,0.000         ,-0.000              ,-0.000              ,23921.871       ,0.00000           ,0.00000               ,0.000         ,0.000         ,0.000         ,0.000         
17:01:16.943812     ,0.051       ,0.880       ,0.869       ,16.030      ,16.032      ,16.039      ,-0.006      ,-0.030      ,0.000       ,0.050       ,0.050       ,880.000     ,-0.006      ,16.033      ,0.00000       ,873           ,76.729          ,0.000         ,-0.000              ,-0.000              ,23921.871       ,0.00000           ,0.00000               ,0.000         ,0.000         ,0.000         ,0.000         
17:01:16.953743     ,0.051       ,0.880       ,0.869       ,16.060      ,16.036      ,16.039      ,-0.006      ,-0.031      ,0.000       ,0.166       ,0.166       ,880.000     ,-0.006      ,16.032      ,0.00000       ,873           ,76.729          ,0.000         ,-0.000              ,-0.000              ,23921.871       ,0.00000           ,0.00000               ,0.000         ,0.000         ,0.000         ,-0.004        
17:01:16.963815     ,0.049       ,0.880       ,0.885       ,16.040      ,16.034      ,16.039      ,-0.002      ,-0.012      ,0.000       ,0.131       ,0.131       ,880.000     ,-0.002      ,16.036      ,0.00000       ,873           ,76.729          ,0.000         ,-0.000              ,-0.000              ,23921.871       ,0.00000           ,0.00000               ,0.000         ,0.000         ,0.000         ,-0.004        
17:01:16.973534     ,0.049       ,0.880       ,0.869       ,16.040      ,16.033      ,16.039      ,-0.004      ,-0.021      ,0.000       ,-0.028      ,-0.028      ,880.000     ,-0.004      ,16.034      ,0.00000       ,873           ,76.729          ,0.000         ,-0.000              ,-0.000              ,23921.871       ,0.00000           ,0.00000               ,0.000         ,0.000         ,0.000         ,0.001         
17:01:16.983756     ,0.049       ,0.880       ,0.869       ,16.040      ,16.032      ,16.039      ,-0.006      ,-0.028      ,0.000       ,0.118       ,0.118       ,880.000     ,-0.006      ,16.033      ,0.00000       ,873           ,76.729          ,0.000         ,-0.000              ,-0.000              ,23921.871       ,0.00000           ,0.00000               ,0.000         ,0.000         ,0.000         ,0.001         
17:01:16.993348     ,0.049       ,0.880       ,0.869       ,16.040      ,16.034      ,16.039      ,-0.006      ,-0.032      ,0.000       ,0.144       ,0.144       ,880.000     ,-0.006      ,16.032      ,0.00000       ,873           ,76.729          ,0.000         ,-0.000              ,-0.000              ,23921.871       ,0.00000           ,0.00000               ,0.000         ,0.000         ,0.000         ,0.003         
17:01:17.003291     ,0.049       ,0.880       ,0.869       ,16.040      ,16.031      ,16.039      ,-0.008      ,-0.040      ,0.000       ,0.145       ,0.145       ,880.000     ,-0.008      ,16.031      ,0.00000       ,873           ,76.729          ,0.000         ,-0.000              ,-0.000              ,23921.871       ,0.00000           ,0.00000               ,0.000         ,0.000         ,0.000         ,0.003         
17:01:17.014219     ,0.051       ,0.880       ,0.869       ,16.040      ,16.032      ,16.039      ,-0.008      ,-0.040      ,0.000       ,0.145       ,0.145       ,880.000     ,-0.008      ,16.031      ,0.00000       ,873           ,76.729          ,0.000         ,-0.000              ,-0.000              ,23921.871       ,0.00000           ,0.00000               ,0.000         ,0.000         ,0.000         ,-0.008        
17:01:17.023926     ,0.051       ,0.880       ,0.869       ,16.040      ,16.033      ,16.039      ,-0.008      ,-0.040      ,0.000       ,0.145       ,0.145       ,880.000     ,-0.008      ,16.031      ,0.00000       ,873           ,76.729          ,0.000         ,-0.000              ,-0.000              ,23921.871       ,0.00000           ,0.00000               ,0.000         ,0.000         ,0.000         ,-0.008        
17:01:17.034243     ,0.051       ,0.880       ,0.869       ,16.040      ,16.033      ,16.039      ,-0.006      ,-0.028      ,0.000       ,0.191       ,0.191       ,880.000     ,-0.006      ,16.033      ,0.00000       ,873           ,76.729          ,0.000         ,-0.000              ,-0.000              ,23921.871       ,0.00000           ,0.00000               ,0.000         ,0.000         ,0.000         ,-0.003        
17:01:17.043345     ,0.051       ,0.880       ,0.853       ,16.040      ,16.032      ,16.039      ,-0.006      ,-0.028      ,0.000       ,0.065       ,0.065       ,880.000     ,-0.006      ,16.033      ,0.00000       ,873           ,76.729          ,0.000         ,-0.000              ,-0.000              ,23921.871       ,0.00000           ,0.00000               ,0.000         ,0.000         ,0.000         ,-0.003        
17:01:17.054274     ,0.051       ,0.880       ,0.885       ,16.040      ,16.032      ,16.039      ,-0.006      ,-0.030      ,0.000       ,0.111       ,0.111       ,880.000     ,-0.006      ,16.032      ,0.00000       ,873           ,76.729          ,0.000         ,-0.000              ,-0.000              ,23921.871       ,0.00000           ,0.00000               ,0.000         ,0.000         ,0.000         ,0.000         
17:01:17.063303     ,0.051       ,0.880       ,0.869       ,16.040      ,16.031      ,16.039      ,-0.007      ,-0.034      ,0.000       ,0.132       ,0.132       ,880.000     ,-0.007      ,16.032      ,0.00000       ,873           ,76.729          ,0.000         ,-0.000              ,-0.000              ,23921.871       ,0.00000           ,0.00000               ,0.000         ,0.000         ,0.000         ,0.000         
17:01:17.073343     ,0.049       ,0.880       ,0.869       ,16.040      ,16.031      ,16.039      ,-0.007      ,-0.038      ,0.000       ,0.159       ,0.150       ,880.000     ,-0.007      ,16.031      ,0.00000       ,873           ,76.729          ,0.000         ,-0.000              ,-0.000              ,23921.871       ,0.00000           ,0.00000               ,0.000         ,0.000         ,0.000         ,-0.001        
17:01:17.083293     ,0.051       ,0.880       ,0.869       ,16.040      ,16.031      ,16.039      ,-0.008      ,-0.038      ,0.000       ,0.159       ,0.159       ,880.000     ,-0.008      ,16.031      ,0.00000       ,873           ,76.729          ,0.000         ,-0.000              ,-0.000              ,23921.871       ,0.00000           ,0.00000               ,0.000         ,0.000         ,0.000         ,-0.001        
17:01:17.093430     ,0.051       ,0.880       ,0.869       ,16.040      ,16.031      ,16.039      ,-0.008      ,-0.038      ,0.000       ,0.158       ,0.158       ,880.000     ,-0.008      ,16.031      ,0.00000       ,873           ,76.729          ,0.000         ,-0.000              ,-0.000              ,23921.871       ,0.00000           ,0.00000               ,0.000         ,0.000         ,0.000         ,0.003         
17:01:17.109656     ,0.051       ,0.880       ,0.869       ,16.040      ,16.032      ,16.039      ,-0.008      ,-0.038      ,0.000       ,0.158       ,0.158       ,880.000     ,-0.008      ,16.031      ,0.00000       ,873           ,76.729          ,0.000         ,-0.000              ,-0.000              ,23921.871       ,0.00000           ,0.00000               ,0.000         ,0.000         ,0.000         ,0.001         
17:01:17.113304     ,0.051       ,0.880       ,0.869       ,16.060      ,16.035      ,16.039      ,-0.007      ,-0.035      ,0.000       ,0.150       ,0.150       ,880.000     ,-0.007      ,16.032      ,0.00000       ,873           ,76.729          ,0.000         ,-0.000              ,-0.000              ,23921.871       ,0.00000           ,0.00000               ,0.000         ,0.000         ,0.000         ,0.001         
17:01:17.127272     ,0.051       ,0.880       ,0.869       ,16.060      ,16.038      ,16.039      ,-0.007      ,-0.035      ,0.000       ,0.150       ,0.150       ,880.000     ,-0.007      ,16.032      ,0.00000       ,873           ,76.729          ,0.000         ,-0.000              ,-0.000              ,23921.871       ,0.00000           ,0.00000               ,0.000         ,0.000         ,0.000         ,-0.004        
17:01:17.133286     ,0.049       ,0.880       ,0.869       ,16.070      ,16.042      ,16.039      ,0.003       ,0.017       ,0.000       ,-0.107      ,-0.107      ,880.000     ,0.003       ,16.042      ,0.00000       ,873           ,76.729          ,0.000         ,-0.000              ,-0.000              ,23921.871       ,0.00000           ,0.00000               ,0.000         ,0.000         ,0.000         ,-0.004        
17:01:17.145042     ,0.051       ,0.880       ,0.885       ,16.060      ,16.044      ,16.039      ,0.003       ,0.017       ,0.000       ,-0.107      ,-0.107      ,880.000     ,0.003       ,16.042      ,0.00000       ,873           ,76.729          ,0.000         ,-0.000              ,-0.000              ,23921.871       ,0.00000           ,0.00000               ,0.000         ,0.000         ,0.000         ,0.001         
17:01:17.153285     ,0.051       ,0.880       ,0.885       ,16.060      ,16.048      ,16.039      ,0.010       ,0.048       ,0.000       ,-0.150      ,-0.150      ,880.000     ,0.010       ,16.048      ,0.00000       ,873           ,76.729          ,0.000         ,-0.000              ,-0.000              ,23921.871       ,0.00000           ,0.00000               ,0.000         ,0.000         ,0.000         ,0.001         
17:01:17.163301     ,0.049       ,0.880       ,0.885       ,16.040      ,16.046      ,16.039      ,0.010       ,0.048       ,0.000       ,-0.150      ,-0.150      ,880.000     ,0.010       ,16.048      ,0.00000       ,873           ,76.729          ,0.000         ,-0.000              ,-0.000              ,23921.871       ,0.00000           ,0.00000               ,0.000         ,0.000         ,0.000         ,0.000         
17:01:17.173368     ,0.049       ,0.880       ,0.869       ,16.040      ,16.046      ,16.039      ,0.007       ,0.037       ,0.000       ,-0.317      ,-0.317      ,880.000     ,0.007       ,16.046      ,0.00000       ,873           ,76.729          ,0.000         ,-0.000              ,-0.000              ,23921.871       ,0.00000           ,0.00000               ,0.000         ,0.000         ,0.000         ,0.000         
17:01:17.183294     ,0.049       ,0.880       ,0.869       ,16.040      ,16.046      ,16.039      ,0.007       ,0.036       ,0.000       ,-0.105      ,-0.105      ,880.000     ,0.007       ,16.046      ,0.00000       ,873           ,76.729          ,0.000         ,-0.000              ,-0.000              ,23921.871       ,0.00000           ,0.00000               ,0.000         ,0.000         ,0.000         ,0.001         
17:01:17.193369     ,0.051       ,0.880       ,0.885       ,16.040      ,16.045      ,16.039      ,0.007       ,0.036       ,0.000       ,-0.105      ,-0.105      ,880.000     ,0.007       ,16.046      ,0.00000       ,873           ,76.729          ,0.000         ,-0.000              ,-0.000              ,23921.871       ,0.00000           ,0.00000               ,0.000         ,0.000         ,0.000         ,0.001         
17:01:17.203287     ,0.051       ,0.880       ,0.885       ,16.040      ,16.042      ,16.039      ,0.007       ,0.033       ,0.000       ,-0.143      ,-0.143      ,880.000     ,0.007       ,16.045      ,0.00000       ,873           ,76.729          ,0.000         ,-0.000              ,-0.000              ,23921.871       ,0.00000           ,0.00000               ,0.000         ,0.000         ,0.000         ,0.000         
17:01:17.213305     ,0.049       ,0.880       ,0.869       ,16.040      ,16.042      ,16.039      ,0.007       ,0.033       ,0.000       ,-0.143      ,-0.143      ,880.000     ,0.007       ,16.045      ,0.00000       ,873           ,76.729          ,0.000         ,-0.000              ,-0.000              ,23921.871       ,0.00000           ,0.00000               ,0.000         ,0.000         ,0.000         ,0.000         
17:01:17.223362     ,0.049       ,0.880       ,0.869       ,16.060      ,16.043      ,16.039      ,0.005       ,0.025       ,0.000       ,-0.120      ,-0.120      ,880.000     ,0.005       ,16.044      ,0.00000       ,873           ,76.729          ,0.000         ,-0.000              ,-0.000              ,23921.871       ,0.00000           ,0.00000               ,0.000         ,0.000         ,0.000         ,0.000         
17:01:17.240711     ,0.049       ,0.880       ,0.869       ,16.040      ,16.037      ,16.039      ,0.005       ,0.025       ,0.000       ,-0.120      ,-0.120      ,880.000     ,0.005       ,16.044      ,0.00000       ,873           ,76.729          ,0.000         ,-0.000              ,-0.000              ,23921.871       ,0.00000           ,0.00000               ,0.000         ,0.000         ,0.000         ,0.000         
17:01:17.243328     ,0.049       ,0.880       ,0.869       ,16.060      ,16.040      ,16.039      ,-0.002      ,-0.010      ,0.000       ,-0.067      ,-0.067      ,880.000     ,-0.002      ,16.037      ,0.00000       ,873           ,76.729          ,0.000         ,-0.000              ,-0.000              ,23921.871       ,0.00000           ,0.00000               ,0.000         ,0.000         ,0.000         ,0.000         
17:01:17.259264     ,0.051       ,0.880       ,0.869       ,16.040      ,16.040      ,16.039      ,-0.002      ,-0.010      ,0.000       ,-0.067      ,-0.067      ,880.000     ,-0.002      ,16.037      ,0.00000       ,873           ,76.729          ,0.000         ,-0.000              ,-0.000              ,23921.871       ,0.00000           ,0.00000               ,0.000         ,0.000         ,0.000         ,-0.003        
17:01:17.263277     ,0.051       ,0.880       ,0.869       ,16.040      ,16.038      ,16.039      ,0.001       ,0.007       ,0.000       ,0.180       ,0.180       ,880.000     ,0.001       ,16.040      ,0.00000       ,873           ,76.729          ,0.000         ,-0.000              ,-0.000              ,23921.871       ,0.00000           ,0.00000               ,0.000         ,0.000         ,0.000         ,-0.003        
17:01:17.277934     ,0.051       ,0.880       ,0.869       ,16.060      ,16.041      ,16.039      ,-0.000      ,-0.002      ,0.000       ,-0.098      ,-0.098      ,880.000     ,-0.000      ,16.038      ,0.00000       ,873           ,76.729          ,0.000         ,-0.000              ,-0.000              ,23921.871       ,0.00000           ,0.00000               ,0.000         ,0.000         ,0.000         ,-0.001        
17:01:17.283291     ,0.051       ,0.880       ,0.869       ,16.060      ,16.045      ,16.039      ,-0.000      ,-0.002      ,0.000       ,-0.098      ,-0.098      ,880.000     ,-0.000      ,16.038      ,0.00000       ,873           ,76.729          ,0.000         ,-0.000              ,-0.000              ,23921.871       ,0.00000           ,0.00000               ,0.000         ,0.000         ,0.000         ,-0.001        
17:01:17.296565     ,0.051       ,0.880       ,0.869       ,16.060      ,16.045      ,16.039      ,0.007       ,0.035       ,0.000       ,0.046       ,0.046       ,880.000     ,0.007       ,16.045      ,0.00000       ,873           ,76.729          ,0.000         ,-0.000              ,-0.000              ,23921.871       ,0.00000           ,0.00000               ,0.000         ,0.000         ,0.000         ,0.000         
17:01:17.303363     ,0.049       ,0.880       ,0.869       ,16.040      ,16.044      ,16.039      ,0.006       ,0.030       ,0.000       ,-0.285      ,-0.285      ,880.000     ,0.006       ,16.045      ,0.00000       ,873           ,76.729          ,0.000         ,-0.000              ,-0.000              ,23921.871       ,0.00000           ,0.00000               ,0.000         ,0.000         ,0.000         ,0.000         
17:01:17.314246     ,0.051       ,0.880       ,0.869       ,16.060      ,16.046      ,16.039      ,0.005       ,0.025       ,0.000       ,-0.103      ,-0.103      ,880.000     ,0.005       ,16.044      ,0.00000       ,873           ,76.729          ,0.000         ,-0.000              ,-0.000              ,23921.871       ,0.00000           ,0.00000               ,0.000         ,0.000         ,0.000         ,0.001         
17:01:17.323379     ,0.049       ,0.880       ,0.869       ,16.040      ,16.042      ,16.039      ,0.008       ,0.038       ,0.000       ,-0.080      ,-0.080      ,880.000     ,0.008       ,16.046      ,0.00000       ,873           ,76.729          ,0.000         ,-0.000              ,-0.000              ,23921.871       ,0.00000           ,0.00000               ,0.000         ,0.000         ,0.000         ,0.001         
17:01:17.334029     ,0.051       ,0.880       ,0.869       ,16.040      ,16.039      ,16.039      ,0.003       ,0.016       ,0.000       ,-0.207      ,-0.207      ,880.000     ,0.003       ,16.042      ,0.00000       ,873           ,76.729          ,0.000         ,-0.000              ,-0.000              ,23921.871       ,0.00000           ,0.00000               ,0.000         ,0.000         ,0.000         ,0.001         
17:01:17.343351     ,0.051       ,0.880       ,0.869       ,16.060      ,16.041      ,16.039      ,0.001       ,0.004       ,0.000       ,0.023       ,0.023       ,880.000     ,0.001       ,16.039      ,0.00000       ,873           ,76.729          ,0.000         ,-0.000              ,-0.000              ,23921.871       ,0.00000           ,0.00000               ,0.000         ,0.000         ,0.000         ,0.001         
17:01:17.355975     ,0.051       ,0.880       ,0.869       ,16.060      ,16.045      ,16.039      ,0.003       ,0.013       ,0.000       ,0.031       ,0.031       ,880.000     ,0.003       ,16.041      ,0.00000       ,873           ,76.729          ,0.000         ,-0.000              ,-0.000              ,23921.871       ,0.00000           ,0.00000               ,0.000         ,0.000         ,0.000         ,0.000         
17:01:17.363295     ,0.051       ,0.880       ,0.869       ,16.060      ,16.044      ,16.039      ,0.007       ,0.033       ,0.000       ,-0.088      ,-0.088      ,880.000     ,0.007       ,16.045      ,0.00000       ,873           ,76.729          ,0.000         ,-0.000              ,-0.000              ,23921.871       ,0.00000           ,0.00000               ,0.000         ,0.000         ,0.000         ,0.000         
17:01:17.375998     ,0.051       ,0.880       ,0.869       ,16.040      ,16.043      ,16.039      ,0.005       ,0.027       ,0.000       ,-0.211      ,-0.211      ,880.000     ,0.005       ,16.044      ,0.00000       ,873           ,76.729          ,0.000         ,-0.000              ,-0.000              ,23921.871       ,0.00000           ,0.00000               ,0.000         ,0.000         ,0.000         ,-0.004        
17:01:17.383287     ,0.051       ,0.880       ,0.869       ,16.060      ,16.046      ,16.039      ,0.004       ,0.022       ,0.000       ,-0.081      ,-0.081      ,880.000     ,0.004       ,16.043      ,0.00000       ,873           ,76.729          ,0.000         ,-0.000              ,-0.000              ,23921.871       ,0.00000           ,0.00000               ,0.000         ,0.000         ,0.000         ,-0.004        
17:01:17.394578     ,0.049       ,0.880       ,0.869       ,16.040      ,16.042      ,16.039      ,0.007       ,0.036       ,0.000       ,-0.066      ,-0.066      ,880.000     ,0.007       ,16.046      ,0.00000       ,873           ,76.729          ,0.000         ,-0.000              ,-0.000              ,23921.871       ,0.00000           ,0.00000               ,0.000         ,0.000         ,0.000         ,-0.011        
17:01:17.403290     ,0.051       ,0.880       ,0.869       ,16.060      ,16.043      ,16.039      ,0.003       ,0.016       ,0.000       ,-0.204      ,-0.204      ,880.000     ,0.003       ,16.042      ,0.00000       ,873           ,76.729          ,0.000         ,-0.000              ,-0.000              ,23921.871       ,0.00000           ,0.00000               ,0.000         ,0.000         ,0.000         ,-0.011        
17:01:17.416131     ,0.049       ,0.880       ,0.869       ,16.060      ,16.044      ,16.039      ,0.004       ,0.022       ,0.000       ,0.018       ,0.018       ,880.000     ,0.004       ,16.043      ,0.00000       ,873           ,76.729          ,0.000         ,-0.000              ,-0.000              ,23921.871       ,0.00000           ,0.00000               ,0.000         ,0.000         ,0.000         ,-0.001        
17:01:17.423285     ,0.049       ,0.880       ,0.869       ,16.070      ,16.050      ,16.039      ,0.005       ,0.027       ,0.000       ,-0.114      ,-0.114      ,880.000     ,0.005       ,16.044      ,0.00000       ,873           ,76.729          ,0.000         ,-0.000              ,-0.000              ,23921.871       ,0.00000           ,0.00000               ,0.000         ,0.000         ,0.000         ,-0.001        
17:01:17.433625     ,0.051       ,0.880       ,0.853       ,16.040      ,16.045      ,16.039      ,0.011       ,0.055       ,0.000       ,0.091       ,0.146       ,880.000     ,0.011       ,16.050      ,0.00000       ,873           ,76.729          ,0.000         ,-0.000              ,-0.000              ,23921.871       ,0.00000           ,0.00000               ,0.000         ,0.000         ,0.000         ,0.003         
17:01:17.443365     ,0.049       ,0.880       ,0.885       ,16.060      ,16.049      ,16.039      ,0.006       ,0.032       ,0.000       ,-0.334      ,-0.334      ,880.000     ,0.006       ,16.045      ,0.00000       ,873           ,76.729          ,0.000         ,-0.000              ,-0.000              ,23921.871       ,0.00000           ,0.00000               ,0.000         ,0.000         ,0.000         ,0.003         
17:01:17.453279     ,0.049       ,0.880       ,0.885       ,16.040      ,16.045      ,16.039      ,0.010       ,0.051       ,0.000       ,0.168       ,0.219       ,880.000     ,0.010       ,16.049      ,0.00000       ,873           ,76.729          ,0.000         ,-0.000              ,-0.000              ,23921.871       ,0.00000           ,0.00000               ,0.000         ,0.000         ,0.000         ,-0.001        
17:01:17.463317     ,0.051       ,0.880       ,0.869       ,16.060      ,16.046      ,16.039      ,0.010       ,0.051       ,0.000       ,0.168       ,0.219       ,880.000     ,0.010       ,16.049      ,0.00000       ,873           ,76.729          ,0.000         ,-0.000              ,-0.000              ,23921.871       ,0.00000           ,0.00000               ,0.000         ,0.000         ,0.000         ,-0.001        
17:01:17.473290     ,0.051       ,0.880       ,0.869       ,16.070      ,16.046      ,16.039      ,0.007       ,0.036       ,0.000       ,-0.279      ,-0.279      ,880.000     ,0.007       ,16.046      ,0.00000       ,873           ,76.729          ,0.000         ,-0.000              ,-0.000              ,23921.871       ,0.00000           ,0.00000               ,0.000         ,0.000         ,0.000         ,0.000         
17:01:17.490623     ,0.049       ,0.880       ,0.869       ,16.040      ,16.046      ,16.039      ,0.007       ,0.036       ,0.000       ,-0.279      ,-0.279      ,880.000     ,0.007       ,16.046      ,0.00000       ,873           ,76.729          ,0.000         ,-0.000              ,-0.000              ,23921.871       ,0.00000           ,0.00000               ,0.000         ,0.000         ,0.000         ,0.000         
17:01:17.493327     ,0.049       ,0.880       ,0.869       ,16.060      ,16.046      ,16.039      ,0.008       ,0.039       ,0.000       ,-0.087      ,-0.087      ,880.000     ,0.008       ,16.046      ,0.00000       ,873           ,76.729          ,0.000         ,-0.000              ,-0.000              ,23921.871       ,0.00000           ,0.00000               ,0.000         ,0.000         ,0.000         ,0.000         
17:01:17.508255     ,0.051       ,0.880       ,0.869       ,16.040      ,16.046      ,16.039      ,0.008       ,0.038       ,0.000       ,-0.169      ,-0.169      ,880.000     ,0.008       ,16.046      ,0.00000       ,873           ,76.729          ,0.000         ,-0.000              ,-0.000              ,23921.871       ,0.00000           ,0.00000               ,0.000         ,0.000         ,0.000         ,0.001         
17:01:17.513352     ,0.051       ,0.880       ,0.869       ,16.040      ,16.042      ,16.039      ,0.008       ,0.038       ,0.000       ,-0.169      ,-0.169      ,880.000     ,0.008       ,16.046      ,0.00000       ,873           ,76.729          ,0.000         ,-0.000              ,-0.000              ,23921.871       ,0.00000           ,0.00000               ,0.000         ,0.000         ,0.000         ,0.001         
17:01:17.528143     ,0.049       ,0.880       ,0.869       ,16.060      ,16.041      ,16.039      ,0.003       ,0.017       ,0.000       ,-0.145      ,-0.145      ,880.000     ,0.003       ,16.042      ,0.00000       ,873           ,76.729          ,0.000         ,-0.000              ,-0.000              ,23921.871       ,0.00000           ,0.00000               ,0.000         ,0.000         ,0.000         ,0.000         
17:01:17.533289     ,0.049       ,0.880       ,0.885       ,16.060      ,16.045      ,16.039      ,0.002       ,0.012       ,0.000       ,0.016       ,0.016       ,880.000     ,0.002       ,16.041      ,0.00000       ,873           ,76.729          ,0.000         ,-0.000              ,-0.000              ,23921.871       ,0.00000           ,0.00000               ,0.000         ,0.000         ,0.000         ,0.000         
17:01:17.547036     ,0.051       ,0.880       ,0.853       ,16.060      ,16.044      ,16.039      ,0.006       ,0.031       ,0.000       ,-0.026      ,-0.026      ,880.000     ,0.006       ,16.045      ,0.00000       ,873           ,76.729          ,0.000         ,-0.000              ,-0.000              ,23921.871       ,0.00000           ,0.00000               ,0.000         ,0.000         ,0.000         ,0.001         
17:01:17.553281     ,0.051       ,0.880       ,0.853       ,16.060      ,16.046      ,16.039      ,0.008       ,0.038       ,0.000       ,-0.200      ,-0.200      ,880.000     ,0.008       ,16.046      ,0.00000       ,873           ,76.729          ,0.000         ,-0.000              ,-0.000              ,23921.871       ,0.00000           ,0.00000               ,0.000         ,0.000         ,0.000         ,0.001         
17:01:17.567050     ,0.049       ,0.880       ,0.869       ,16.040      ,16.045      ,16.039      ,0.008       ,0.038       ,0.000       ,-0.200      ,-0.200      ,880.000     ,0.008       ,16.046      ,0.00000       ,873           ,76.729          ,0.000         ,-0.000              ,-0.000              ,23921.871       ,0.00000           ,0.00000               ,0.000         ,0.000         ,0.000         ,0.001         
17:01:17.573292     ,0.051       ,0.880       ,0.885       ,16.040      ,16.042      ,16.039      ,0.003       ,0.016       ,0.000       ,-0.107      ,-0.107      ,880.000     ,0.003       ,16.042      ,0.00000       ,873           ,76.729          ,0.000         ,-0.000              ,-0.000              ,23921.871       ,0.00000           ,0.00000               ,0.000         ,0.000         ,0.000         ,0.001         
17:01:17.585858     ,0.049       ,0.880       ,0.885       ,16.040      ,16.040      ,16.039      ,0.003       ,0.016       ,0.000       ,-0.107      ,-0.107      ,880.000     ,0.003       ,16.042      ,0.00000       ,873           ,76.729          ,0.000         ,-0.000              ,-0.000              ,23921.871       ,0.00000           ,0.00000               ,0.000         ,0.000         ,0.000         ,0.003         
17:01:17.593290     ,0.049       ,0.880       ,0.885       ,16.040      ,16.039      ,16.039      ,0.000       ,0.002       ,0.000       ,-0.003      ,-0.003      ,880.000     ,0.000       ,16.039      ,0.00000       ,873           ,76.729          ,0.000         ,-0.000              ,-0.000              ,23921.871       ,0.00000           ,0.00000               ,0.000         ,0.000         ,0.000         ,0.003         
17:01:17.603590     ,0.049       ,0.880       ,0.853       ,16.070      ,16.042      ,16.039      ,0.000       ,0.002       ,0.000       ,-0.003      ,-0.003      ,880.000     ,0.000       ,16.039      ,0.00000       ,873           ,76.729          ,0.000         ,-0.000              ,-0.000              ,23921.871       ,0.00000           ,0.00000               ,0.000         ,0.000         ,0.000         ,0.000         
17:01:17.613351     ,0.051       ,0.880       ,0.869       ,16.060      ,16.044      ,16.039      ,0.003       ,0.016       ,0.000       ,0.049       ,0.049       ,880.000     ,0.003       ,16.042      ,0.00000       ,873           ,76.729          ,0.000         ,-0.000              ,-0.000              ,23921.871       ,0.00000           ,0.00000               ,0.000         ,0.000         ,0.000         ,0.000         
17:01:17.623288     ,0.049       ,0.880       ,0.869       ,16.060      ,16.044      ,16.039      ,0.006       ,0.029       ,0.000       ,-0.145      ,-0.145      ,880.000     ,0.006       ,16.044      ,0.00000       ,873           ,76.729          ,0.000         ,-0.000              ,-0.000              ,23921.871       ,0.00000           ,0.00000               ,0.000         ,0.000         ,0.000         ,0.000         
17:01:17.633317     ,0.049       ,0.880       ,0.869       ,16.060      ,16.045      ,16.039      ,0.006       ,0.029       ,0.000       ,-0.145      ,-0.145      ,880.000     ,0.006       ,16.044      ,0.00000       ,873           ,76.729          ,0.000         ,-0.000              ,-0.000              ,23921.871       ,0.00000           ,0.00000               ,0.000         ,0.000         ,0.000         ,0.000         
17:01:17.643288     ,0.049       ,0.880       ,0.869       ,16.040      ,16.044      ,16.039      ,0.007       ,0.033       ,0.000       ,-0.126      ,-0.126      ,880.000     ,0.007       ,16.045      ,0.00000       ,873           ,76.729          ,0.000         ,-0.000              ,-0.000              ,23921.871       ,0.00000           ,0.00000               ,0.000         ,0.000         ,0.000         ,0.001         
17:01:17.660706     ,0.051       ,0.880       ,0.869       ,16.040      ,16.040      ,16.039      ,0.007       ,0.033       ,0.000       ,-0.126      ,-0.126      ,880.000     ,0.007       ,16.045      ,0.00000       ,873           ,76.729          ,0.000         ,-0.000              ,-0.000              ,23921.871       ,0.00000           ,0.00000               ,0.000         ,0.000         ,0.000         ,0.000         
17:01:17.663325     ,0.051       ,0.880       ,0.869       ,16.040      ,16.041      ,16.039      ,0.002       ,0.008       ,0.000       ,-0.148      ,-0.148      ,880.000     ,0.002       ,16.040      ,0.00000       ,873           ,76.729          ,0.000         ,-0.000              ,-0.000              ,23921.871       ,0.00000           ,0.00000               ,0.000         ,0.000         ,0.000         ,0.000         
17:01:17.680433     ,0.051       ,0.880       ,0.869       ,16.040      ,16.040      ,16.039      ,0.002       ,0.008       ,0.000       ,-0.148      ,-0.148      ,880.000     ,0.002       ,16.040      ,0.00000       ,873           ,76.729          ,0.000         ,-0.000              ,-0.000              ,23921.871       ,0.00000           ,0.00000               ,0.000         ,0.000         ,0.000         ,0.000         
17:01:17.683281     ,0.051       ,0.880       ,0.869       ,16.040      ,16.038      ,16.039      ,0.002       ,0.009       ,0.000       ,0.064       ,0.064       ,880.000     ,0.002       ,16.040      ,0.00000       ,873           ,76.729          ,0.000         ,-0.000              ,-0.000              ,23921.871       ,0.00000           ,0.00000               ,0.000         ,0.000         ,0.000         ,0.000         
17:01:17.698120     ,0.049       ,0.880       ,0.885       ,16.060      ,16.041      ,16.039      ,-0.000      ,-0.000      ,0.000       ,-0.042      ,-0.042      ,880.000     ,-0.000      ,16.038      ,0.00000       ,873           ,76.729          ,0.000         ,-0.000              ,-0.000              ,23921.871       ,0.00000           ,0.00000               ,0.000         ,0.000         ,0.000         ,-0.003        
17:01:17.703306     ,0.049       ,0.880       ,0.885       ,16.060      ,16.041      ,16.039      ,-0.000      ,-0.000      ,0.000       ,-0.042      ,-0.042      ,880.000     ,-0.000      ,16.038      ,0.00000       ,873           ,76.729          ,0.000         ,-0.000              ,-0.000              ,23921.871       ,0.00000           ,0.00000               ,0.000         ,0.000         ,0.000         ,-0.003        
17:01:17.717021     ,0.051       ,0.880       ,0.869       ,16.040      ,16.037      ,16.039      ,0.002       ,0.012       ,0.000       ,0.041       ,0.041       ,880.000     ,0.002       ,16.041      ,0.00000       ,873           ,76.729          ,0.000         ,-0.000              ,-0.000              ,23921.871       ,0.00000           ,0.00000               ,0.000         ,0.000         ,0.000         ,0.000         
17:01:17.723307     ,0.051       ,0.880       ,0.869       ,16.040      ,16.035      ,16.039      ,-0.002      ,-0.009      ,0.000       ,-0.098      ,-0.098      ,880.000     ,-0.002      ,16.037      ,0.00000       ,873           ,76.729          ,0.000         ,-0.000              ,-0.000              ,23921.871       ,0.00000           ,0.00000               ,0.000         ,0.000         ,0.000         ,0.000         
17:01:17.735786     ,0.051       ,0.880       ,0.869       ,16.060      ,16.039      ,16.039      ,-0.004      ,-0.018      ,0.000       ,0.116       ,0.116       ,880.000     ,-0.004      ,16.035      ,0.00000       ,873           ,76.729          ,0.000         ,-0.000              ,-0.000              ,23921.871       ,0.00000           ,0.00000               ,0.000         ,0.000         ,0.000         ,-0.001        
17:01:17.743294     ,0.049       ,0.880       ,0.869       ,16.060      ,16.040      ,16.039      ,0.000       ,0.002       ,0.000       ,0.106       ,0.106       ,880.000     ,0.000       ,16.039      ,0.00000       ,873           ,76.729          ,0.000         ,-0.000              ,-0.000              ,23921.871       ,0.00000           ,0.00000               ,0.000         ,0.000         ,0.000         ,-0.001        
17:01:17.755512     ,0.049       ,0.880       ,0.869       ,16.030      ,16.037      ,16.039      ,0.001       ,0.007       ,0.000       ,-0.083      ,-0.083      ,880.000     ,0.001       ,16.040      ,0.00000       ,873           ,76.729          ,0.000         ,-0.000              ,-0.000              ,23921.871       ,0.00000           ,0.00000               ,0.000         ,0.000         ,0.000         ,0.000         
17:01:17.763394     ,0.049       ,0.880       ,0.869       ,16.040      ,16.040      ,16.039      ,-0.002      ,-0.008      ,0.000       ,-0.048      ,-0.048      ,880.000     ,-0.002      ,16.037      ,0.00000       ,873           ,76.729          ,0.000         ,-0.000              ,-0.000              ,23921.871       ,0.00000           ,0.00000               ,0.000         ,0.000         ,0.000         ,0.000         
17:01:17.775351     ,0.049       ,0.880       ,0.853       ,16.040      ,16.041      ,16.039      ,0.002       ,0.008       ,0.000       ,0.092       ,0.092       ,880.000     ,0.002       ,16.040      ,0.00000       ,873           ,76.729          ,0.000         ,-0.000              ,-0.000              ,23921.871       ,0.00000           ,0.00000               ,0.000         ,0.000         ,0.000         ,-0.001        
17:01:17.783293     ,0.051       ,0.880       ,0.885       ,16.060      ,16.041      ,16.039      ,0.003       ,0.014       ,0.000       ,-0.097      ,-0.097      ,880.000     ,0.003       ,16.041      ,0.00000       ,873           ,76.729          ,0.000         ,-0.000              ,-0.000              ,23921.871       ,0.00000           ,0.00000               ,0.000         ,0.000         ,0.000         ,-0.001        
17:01:17.796215     ,0.051       ,0.880       ,0.885       ,16.060      ,16.039      ,16.039      ,0.002       ,0.011       ,0.000       ,-0.081      ,-0.081      ,880.000     ,0.002       ,16.041      ,0.00000       ,873           ,76.729          ,0.000         ,-0.000              ,-0.000              ,23921.871       ,0.00000           ,0.00000               ,0.000         ,0.000         ,0.000         ,-0.003        
17:01:17.803296     ,0.051       ,0.880       ,0.869       ,16.060      ,16.042      ,16.039      ,0.001       ,0.003       ,0.000       ,-0.032      ,-0.032      ,880.000     ,0.001       ,16.039      ,0.00000       ,873           ,76.729          ,0.000         ,-0.000              ,-0.000              ,23921.871       ,0.00000           ,0.00000               ,0.000         ,0.000         ,0.000         ,-0.003        
17:01:17.817180     ,0.051       ,0.880       ,0.869       ,16.060      ,16.043      ,16.039      ,0.004       ,0.019       ,0.000       ,0.022       ,0.022       ,880.000     ,0.004       ,16.042      ,0.00000       ,873           ,76.729          ,0.000         ,-0.000              ,-0.000              ,23921.871       ,0.00000           ,0.00000               ,0.000         ,0.000         ,0.000         ,0.003         
17:01:17.823296     ,0.051       ,0.880       ,0.869       ,16.040      ,16.042      ,16.039      ,0.005       ,0.024       ,0.000       ,-0.144      ,-0.144      ,880.000     ,0.005       ,16.043      ,0.00000       ,873           ,76.729          ,0.000         ,-0.000              ,-0.000              ,23921.871       ,0.00000           ,0.00000               ,0.000         ,0.000         ,0.000         ,0.003         
17:01:17.835977     ,0.049       ,0.880       ,0.869       ,16.040      ,16.040      ,16.039      ,0.004       ,0.019       ,0.000       ,-0.118      ,-0.118      ,880.000     ,0.004       ,16.042      ,0.00000       ,873           ,76.729          ,0.000         ,-0.000              ,-0.000              ,23921.871       ,0.00000           ,0.00000               ,0.000         ,0.000         ,0.000         ,0.000         
17:01:17.843305     ,0.051       ,0.880       ,0.869       ,16.060      ,16.043      ,16.039      ,0.002       ,0.008       ,0.000       ,-0.053      ,-0.053      ,880.000     ,0.002       ,16.040      ,0.00000       ,873           ,76.729          ,0.000         ,-0.000              ,-0.000              ,23921.871       ,0.00000           ,0.00000               ,0.000         ,0.000         ,0.000         ,0.000         
17:01:17.854712     ,0.051       ,0.880       ,0.885       ,16.040      ,16.042      ,16.039      ,0.005       ,0.024       ,0.000       ,0.012       ,0.012       ,880.000     ,0.005       ,16.043      ,0.00000       ,873           ,76.729          ,0.000         ,-0.000              ,-0.000              ,23921.871       ,0.00000           ,0.00000               ,0.000         ,0.000         ,0.000         ,0.001         
17:01:17.863296     ,0.049       ,0.880       ,0.885       ,16.060      ,16.044      ,16.039      ,0.004       ,0.018       ,0.000       ,-0.159      ,-0.159      ,880.000     ,0.004       ,16.042      ,0.00000       ,873           ,76.729          ,0.000         ,-0.000              ,-0.000              ,23921.871       ,0.00000           ,0.00000               ,0.000         ,0.000         ,0.000         ,0.001         
17:01:17.873291     ,0.049       ,0.880       ,0.885       ,16.060      ,16.047      ,16.039      ,0.005       ,0.026       ,0.000       ,-0.051      ,-0.051      ,880.000     ,0.005       ,16.044      ,0.00000       ,873           ,76.729          ,0.000         ,-0.000              ,-0.000              ,23921.871       ,0.00000           ,0.00000               ,0.000         ,0.000         ,0.000         ,0.001         
17:01:17.883392     ,0.049       ,0.880       ,0.869       ,16.060      ,16.047      ,16.039      ,0.005       ,0.026       ,0.000       ,-0.051      ,-0.051      ,880.000     ,0.005       ,16.044      ,0.00000       ,873           ,76.729          ,0.000         ,-0.000              ,-0.000              ,23921.871       ,0.00000           ,0.00000               ,0.000         ,0.000         ,0.000         ,0.001         
17:01:17.893308     ,0.049       ,0.880       ,0.853       ,16.060      ,16.045      ,16.039      ,0.006       ,0.030       ,0.000       ,-0.250      ,-0.250      ,880.000     ,0.006       ,16.045      ,0.00000       ,873           ,76.729          ,0.000         ,-0.000              ,-0.000              ,23921.871       ,0.00000           ,0.00000               ,0.000         ,0.000         ,0.000         ,-0.003        
17:01:17.903296     ,0.049       ,0.880       ,0.869       ,16.040      ,16.044      ,16.039      ,0.006       ,0.030       ,0.000       ,-0.250      ,-0.250      ,880.000     ,0.006       ,16.045      ,0.00000       ,873           ,76.729          ,0.000         ,-0.000              ,-0.000              ,23921.871       ,0.00000           ,0.00000               ,0.000         ,0.000         ,0.000         ,-0.003        
17:01:17.913361     ,0.049       ,0.880       ,0.869       ,16.060      ,16.045      ,16.039      ,0.006       ,0.030       ,0.000       ,-0.250      ,-0.250      ,880.000     ,0.006       ,16.045      ,0.00000       ,873           ,76.729          ,0.000         ,-0.000              ,-0.000              ,23921.871       ,0.00000           ,0.00000               ,0.000         ,0.000         ,0.000         ,-0.001        
17:01:17.929006     ,0.051       ,0.880       ,0.869       ,16.040      ,16.043      ,16.039      ,0.006       ,0.030       ,0.000       ,-0.065      ,-0.065      ,880.000     ,0.006       ,16.045      ,0.00000       ,873           ,76.729          ,0.000         ,-0.000              ,-0.000              ,23921.871       ,0.00000           ,0.00000               ,0.000         ,0.000         ,0.000         ,-0.003        
17:01:17.933373     ,0.051       ,0.880       ,0.869       ,16.040      ,16.042      ,16.039      ,0.004       ,0.022       ,0.000       ,-0.123      ,-0.123      ,880.000     ,0.004       ,16.043      ,0.00000       ,873           ,76.729          ,0.000         ,-0.000              ,-0.000              ,23921.871       ,0.00000           ,0.00000               ,0.000         ,0.000         ,0.000         ,-0.003        
17:01:17.948797     ,0.049       ,0.880       ,0.869       ,16.040      ,16.040      ,16.039      ,0.003       ,0.017       ,0.000       ,-0.054      ,-0.054      ,880.000     ,0.003       ,16.042      ,0.00000       ,873           ,76.729          ,0.000         ,-0.000              ,-0.000              ,23921.871       ,0.00000           ,0.00000               ,0.000         ,0.000         ,0.000         ,-0.004        
17:01:17.953288     ,0.049       ,0.880       ,0.869       ,16.040      ,16.041      ,16.039      ,0.002       ,0.009       ,0.000       ,-0.050      ,-0.050      ,880.000     ,0.002       ,16.040      ,0.00000       ,873           ,76.729          ,0.000         ,-0.000              ,-0.000              ,23921.871       ,0.00000           ,0.00000               ,0.000         ,0.000         ,0.000         ,-0.004        
17:01:17.967449     ,0.051       ,0.880       ,0.869       ,16.060      ,16.039      ,16.039      ,0.002       ,0.011       ,0.000       ,-0.005      ,-0.005      ,880.000     ,0.002       ,16.041      ,0.00000       ,873           ,76.729          ,0.000         ,-0.000              ,-0.000              ,23921.871       ,0.00000           ,0.00000               ,0.000         ,0.000         ,0.000         ,-0.004        
17:01:17.973279     ,0.049       ,0.880       ,0.869       ,16.060      ,16.040      ,16.039      ,0.001       ,0.007       ,0.000       ,0.023       ,0.023       ,880.000     ,0.001       ,16.040      ,0.00000       ,873           ,76.729          ,0.000         ,-0.000              ,-0.000              ,23921.871       ,0.00000           ,0.00000               ,0.000         ,0.000         ,0.000         ,-0.004        
17:01:17.986041     ,0.051       ,0.880       ,0.869       ,16.060      ,16.040      ,16.039      ,0.001       ,0.009       ,0.000       ,-0.044      ,0.023       ,880.000     ,0.001       ,16.040      ,0.00000       ,873           ,76.729          ,0.000         ,-0.000              ,-0.000              ,23921.871       ,0.00000           ,0.00000               ,0.000         ,0.000         ,0.000         ,0.004         
17:01:17.993297     ,0.049       ,0.880       ,0.869       ,16.040      ,16.038      ,16.039      ,-0.000      ,-0.000      ,0.000       ,-0.044      ,-0.044      ,880.000     ,-0.000      ,16.038      ,0.00000       ,873           ,76.729          ,0.000         ,-0.000              ,-0.000              ,23921.871       ,0.00000           ,0.00000               ,0.000         ,0.000         ,0.000         ,0.004         
17:01:18.004861     ,0.049       ,0.880       ,0.869       ,16.040      ,16.039      ,16.039      ,-0.000      ,-0.000      ,0.000       ,-0.044      ,-0.044      ,880.000     ,-0.000      ,16.038      ,0.00000       ,873           ,76.729          ,0.000         ,-0.000              ,-0.000              ,23921.871       ,0.00000           ,0.00000               ,0.000         ,0.000         ,0.000         ,-0.011        
17:01:18.013294     ,0.049       ,0.880       ,0.853       ,16.060      ,16.041      ,16.039      ,0.003       ,0.013       ,0.000       ,-0.023      ,-0.023      ,880.000     ,0.003       ,16.041      ,0.00000       ,873           ,76.729          ,0.000         ,-0.000              ,-0.000              ,23921.871       ,0.00000           ,0.00000               ,0.000         ,0.000         ,0.000         ,-0.011        
17:01:18.023300     ,0.049       ,0.880       ,0.885       ,16.040      ,16.040      ,16.039      ,0.002       ,0.008       ,0.000       ,-0.095      ,-0.095      ,880.000     ,0.002       ,16.040      ,0.00000       ,873           ,76.729          ,0.000         ,-0.000              ,-0.000              ,23921.871       ,0.00000           ,0.00000               ,0.000         ,0.000         ,0.000         ,-0.001        
17:01:18.033343     ,0.051       ,0.880       ,0.869       ,16.040      ,16.039      ,16.039      ,0.002       ,0.008       ,0.000       ,-0.095      ,-0.095      ,880.000     ,0.002       ,16.040      ,0.00000       ,873           ,76.729          ,0.000         ,-0.000              ,-0.000              ,23921.871       ,0.00000           ,0.00000               ,0.000         ,0.000         ,0.000         ,-0.001        
17:01:18.043302     ,0.051       ,0.880       ,0.869       ,16.040      ,16.041      ,16.039      ,0.001       ,0.003       ,0.000       ,-0.011      ,-0.011      ,880.000     ,0.001       ,16.039      ,0.00000       ,873           ,76.729          ,0.000         ,-0.000              ,-0.000              ,23921.871       ,0.00000           ,0.00000               ,0.000         ,0.000         ,0.000         ,0.000         
17:01:18.053284     ,0.049       ,0.880       ,0.869       ,16.040      ,16.040      ,16.039      ,0.001       ,0.005       ,0.000       ,0.006       ,0.006       ,880.000     ,0.001       ,16.040      ,0.00000       ,873           ,76.729          ,0.000         ,-0.000              ,-0.000              ,23921.871       ,0.00000           ,0.00000               ,0.000         ,0.000         ,0.000         ,0.000         
17:01:18.063293     ,0.051       ,0.880       ,0.869       ,16.040      ,16.034      ,16.039      ,0.001       ,0.005       ,0.000       ,0.006       ,0.006       ,880.000     ,0.001       ,16.040      ,0.00000       ,873           ,76.729          ,0.000         ,-0.000              ,-0.000              ,23921.871       ,0.00000           ,0.00000               ,0.000         ,0.000         ,0.000         ,0.000         
17:01:18.073309     ,0.051       ,0.880       ,0.869       ,16.060      ,16.036      ,16.039      ,-0.003      ,-0.013      ,0.000       ,-0.026      ,-0.026      ,880.000     ,-0.003      ,16.036      ,0.00000       ,873           ,76.729          ,0.000         ,-0.000              ,-0.000              ,23921.871       ,0.00000           ,0.00000               ,0.000         ,0.000         ,0.000         ,0.000         
17:01:18.083306     ,0.051       ,0.880       ,0.869       ,16.060      ,16.037      ,16.039      ,-0.003      ,-0.013      ,0.000       ,-0.026      ,-0.026      ,880.000     ,-0.003      ,16.036      ,0.00000       ,873           ,76.729          ,0.000         ,-0.000              ,-0.000              ,23921.871       ,0.00000           ,0.00000               ,0.000         ,0.000         ,0.000         ,-0.001        
17:01:18.093285     ,0.051       ,0.880       ,0.869       ,16.060      ,16.039      ,16.039      ,-0.001      ,-0.007      ,0.000       ,0.124       ,0.124       ,880.000     ,-0.001      ,16.037      ,0.00000       ,873           ,76.729          ,0.000         ,-0.000              ,-0.000              ,23921.871       ,0.00000           ,0.00000               ,0.000         ,0.000         ,0.000         ,-0.001        
17:01:18.103286     ,0.049       ,0.880       ,0.869       ,16.040      ,16.039      ,16.039      ,-0.001      ,-0.007      ,0.000       ,0.124       ,0.124       ,880.000     ,-0.001      ,16.037      ,0.00000       ,873           ,76.729          ,0.000         ,-0.000              ,-0.000              ,23921.871       ,0.00000           ,0.00000               ,0.000         ,0.000         ,0.000         ,0.001         
17:01:18.119225     ,0.049       ,0.880       ,0.869       ,16.040      ,16.040      ,16.039      ,-0.001      ,-0.007      ,0.000       ,0.124       ,0.124       ,880.000     ,-0.001      ,16.037      ,0.00000       ,873           ,76.729          ,0.000         ,-0.000              ,-0.000              ,23921.871       ,0.00000           ,0.00000               ,0.000         ,0.000         ,0.000         ,0.000         
17:01:18.123296     ,0.049       ,0.880       ,0.869       ,16.040      ,16.039      ,16.039      ,0.002       ,0.008       ,0.000       ,0.004       ,0.004       ,880.000     ,0.002       ,16.040      ,0.00000       ,873           ,76.729          ,0.000         ,-0.000              ,-0.000              ,23921.871       ,0.00000           ,0.00000               ,0.000         ,0.000         ,0.000         ,0.000         
17:01:18.137985     ,0.051       ,0.880       ,0.869       ,16.040      ,16.039      ,16.039      ,0.001       ,0.003       ,0.000       ,-0.090      ,-0.090      ,880.000     ,0.001       ,16.039      ,0.00000       ,873           ,76.729          ,0.000         ,-0.000              ,-0.000              ,23921.871       ,0.00000           ,0.00000               ,0.000         ,0.000         ,0.000         ,-0.001        
17:01:18.143289     ,0.051       ,0.880       ,0.869       ,16.040      ,16.037      ,16.039      ,0.001       ,0.003       ,0.000       ,-0.090      ,-0.090      ,880.000     ,0.001       ,16.039      ,0.00000       ,873           ,76.729          ,0.000         ,-0.000              ,-0.000              ,23921.871       ,0.00000           ,0.00000               ,0.000         ,0.000         ,0.000         ,-0.001        
17:01:18.156735     ,0.051       ,0.880       ,0.885       ,16.040      ,16.037      ,16.039      ,-0.001      ,-0.007      ,0.000       ,0.007       ,0.007       ,880.000     ,-0.001      ,16.037      ,0.00000       ,873           ,76.729          ,0.000         ,-0.000              ,-0.000              ,23921.871       ,0.00000           ,0.00000               ,0.000         ,0.000         ,0.000         ,0.001         
17:01:18.163380     ,0.051       ,0.880       ,0.869       ,16.040      ,16.035      ,16.039      ,-0.001      ,-0.006      ,0.000       ,0.070       ,0.070       ,880.000     ,-0.001      ,16.037      ,0.00000       ,873           ,76.729          ,0.000         ,-0.000              ,-0.000              ,23921.871       ,0.00000           ,0.00000               ,0.000         ,0.000         ,0.000         ,0.001         
17:01:18.174381     ,0.051       ,0.880       ,0.869       ,16.070      ,16.038      ,16.039      ,-0.003      ,-0.017      ,0.000       ,0.021       ,0.021       ,880.000     ,-0.003      ,16.035      ,0.00000       ,873           ,76.729          ,0.000         ,-0.000              ,-0.000              ,23921.871       ,0.00000           ,0.00000               ,0.000         ,0.000         ,0.000         ,-0.001        
17:01:18.183418     ,0.049       ,0.880       ,0.869       ,16.040      ,16.034      ,16.039      ,-0.001      ,-0.005      ,0.000       ,0.107       ,0.107       ,880.000     ,-0.001      ,16.038      ,0.00000       ,873           ,76.729          ,0.000         ,-0.000              ,-0.000              ,23921.871       ,0.00000           ,0.00000               ,0.000         ,0.000         ,0.000         ,-0.001        
17:01:18.194178     ,0.051       ,0.880       ,0.869       ,16.060      ,16.036      ,16.039      ,-0.005      ,-0.023      ,0.000       ,-0.023      ,-0.023      ,880.000     ,-0.005      ,16.034      ,0.00000       ,873           ,76.729          ,0.000         ,-0.000              ,-0.000              ,23921.871       ,0.00000           ,0.00000               ,0.000         ,0.000         ,0.000         ,-0.001        
17:01:18.203292     ,0.051       ,0.880       ,0.869       ,16.060      ,16.040      ,16.039      ,-0.002      ,-0.011      ,0.000       ,0.162       ,0.162       ,880.000     ,-0.002      ,16.036      ,0.00000       ,873           ,76.729          ,0.000         ,-0.000              ,-0.000              ,23921.871       ,0.00000           ,0.00000               ,0.000         ,0.000         ,0.000         ,-0.001        
17:01:18.213908     ,0.049       ,0.880       ,0.885       ,16.060      ,16.045      ,16.039      ,0.001       ,0.007       ,0.000       ,-0.001      ,-0.001      ,880.000     ,0.001       ,16.040      ,0.00000       ,873           ,76.729          ,0.000         ,-0.000              ,-0.000              ,23921.871       ,0.00000           ,0.00000               ,0.000         ,0.000         ,0.000         ,0.001         
17:01:18.223329     ,0.049       ,0.880       ,0.869       ,16.040      ,16.041      ,16.039      ,0.006       ,0.030       ,0.000       ,-0.098      ,-0.098      ,880.000     ,0.006       ,16.045      ,0.00000       ,873           ,76.729          ,0.000         ,-0.000              ,-0.000              ,23921.871       ,0.00000           ,0.00000               ,0.000         ,0.000         ,0.000         ,0.001         
17:01:18.233331     ,0.049       ,0.880       ,0.869       ,16.040      ,16.045      ,16.039      ,0.003       ,0.013       ,0.000       ,-0.210      ,-0.210      ,880.000     ,0.003       ,16.041      ,0.00000       ,873           ,76.729          ,0.000         ,-0.000              ,-0.000              ,23921.871       ,0.00000           ,0.00000               ,0.000         ,0.000         ,0.000         ,0.001         
17:01:18.243293     ,0.049       ,0.880       ,0.869       ,16.040      ,16.043      ,16.039      ,0.005       ,0.025       ,0.000       ,0.016       ,0.016       ,880.000     ,0.005       ,16.043      ,0.00000       ,873           ,76.729          ,0.000         ,-0.000              ,-0.000              ,23921.871       ,0.00000           ,0.00000               ,0.000         ,0.000         ,0.000         ,0.001         
17:01:18.253286     ,0.049       ,0.880       ,0.869       ,16.060      ,16.044      ,16.039      ,0.005       ,0.025       ,0.000       ,0.016       ,0.016       ,880.000     ,0.005       ,16.043      ,0.00000       ,873           ,76.729          ,0.000         ,-0.000              ,-0.000              ,23921.871       ,0.00000           ,0.00000               ,0.000         ,0.000         ,0.000         ,0.000         
17:01:18.263303     ,0.049       ,0.880       ,0.869       ,16.040      ,16.040      ,16.039      ,0.001       ,0.006       ,0.000       ,-0.145      ,-0.145      ,880.000     ,0.001       ,16.040      ,0.00000       ,873           ,76.729          ,0.000         ,-0.000              ,-0.000              ,23921.871       ,0.00000           ,0.00000               ,0.000         ,0.000         ,0.000         ,0.000         
17:01:18.273313     ,0.049       ,0.880       ,0.869       ,16.060      ,16.042      ,16.039      ,0.001       ,0.006       ,0.000       ,-0.145      ,-0.145      ,880.000     ,0.001       ,16.040      ,0.00000       ,873           ,76.729          ,0.000         ,-0.000              ,-0.000              ,23921.871       ,0.00000           ,0.00000               ,0.000         ,0.000         ,0.000         ,-0.001        
17:01:18.288960     ,0.049       ,0.880       ,0.869       ,16.040      ,16.039      ,16.039      ,0.001       ,0.006       ,0.000       ,-0.145      ,-0.145      ,880.000     ,0.001       ,16.040      ,0.00000       ,873           ,76.729          ,0.000         ,-0.000              ,-0.000              ,23921.871       ,0.00000           ,0.00000               ,0.000         ,0.000         ,0.000         ,-0.001        
17:01:18.293299     ,0.049       ,0.880       ,0.869       ,16.040      ,16.037      ,16.039      ,0.000       ,0.002       ,0.000       ,0.046       ,0.046       ,880.000     ,0.000       ,16.039      ,0.00000       ,873           ,76.729          ,0.000         ,-0.000              ,-0.000              ,23921.871       ,0.00000           ,0.00000               ,0.000         ,0.000         ,0.000         ,-0.001        
17:01:18.308912     ,0.051       ,0.880       ,0.869       ,16.040      ,16.034      ,16.039      ,-0.001      ,-0.007      ,0.000       ,0.011       ,0.011       ,880.000     ,-0.001      ,16.037      ,0.00000       ,873           ,76.729          ,0.000         ,-0.000              ,-0.000              ,23921.871       ,0.00000           ,0.00000               ,0.000         ,0.000         ,0.000         ,-0.004        
17:01:18.313296     ,0.051       ,0.880       ,0.869       ,16.040      ,16.035      ,16.039      ,-0.001      ,-0.007      ,0.000       ,0.011       ,0.011       ,880.000     ,-0.001      ,16.037      ,0.00000       ,873           ,76.729          ,0.000         ,-0.000              ,-0.000              ,23921.871       ,0.00000           ,0.00000               ,0.000         ,0.000         ,0.000         ,-0.004        
17:01:18.327567     ,0.049       ,0.880       ,0.869       ,16.040      ,16.033      ,16.039      ,-0.003      ,-0.017      ,0.000       ,0.063       ,0.063       ,880.000     ,-0.003      ,16.035      ,0.00000       ,873           ,76.729          ,0.000         ,-0.000              ,-0.000              ,23921.871       ,0.00000           ,0.00000               ,0.000         ,0.000         ,0.000         ,-0.004        
17:01:18.333308     ,0.051       ,0.880       ,0.853       ,16.060      ,16.038      ,16.039      ,-0.006      ,-0.028      ,0.000       ,0.110       ,0.110       ,880.000     ,-0.006      ,16.033      ,0.00000       ,873           ,76.729          ,0.000         ,-0.000              ,-0.000              ,23921.871       ,0.00000           ,0.00000               ,0.000         ,0.000         ,0.000         ,-0.004        
17:01:18.346404     ,0.051       ,0.880       ,0.869       ,16.060      ,16.040      ,16.039      ,-0.001      ,-0.004      ,0.000       ,0.153       ,0.153       ,880.000     ,-0.001      ,16.038      ,0.00000       ,873           ,76.729          ,0.000         ,-0.000              ,-0.000              ,23921.871       ,0.00000           ,0.00000               ,0.000         ,0.000         ,0.000         ,0.003         
17:01:18.353307     ,0.051       ,0.880       ,0.869       ,16.040      ,16.038      ,16.039      ,0.002       ,0.008       ,0.000       ,-0.079      ,-0.079      ,880.000     ,0.002       ,16.040      ,0.00000       ,873           ,76.729          ,0.000         ,-0.000              ,-0.000              ,23921.871       ,0.00000           ,0.00000               ,0.000         ,0.000         ,0.000         ,0.003         
17:01:18.365328     ,0.051       ,0.880       ,0.869       ,16.040      ,16.037      ,16.039      ,-0.000      ,-0.002      ,0.000       ,-0.081      ,-0.081      ,880.000     ,-0.000      ,16.038      ,0.00000       ,873           ,76.729          ,0.000         ,-0.000              ,-0.000              ,23921.871       ,0.00000           ,0.00000               ,0.000         ,0.000         ,0.000         ,-0.001        
17:01:18.373305     ,0.051       ,0.880       ,0.869       ,16.060      ,16.041      ,16.039      ,-0.001      ,-0.006      ,0.000       ,0.046       ,0.046       ,880.000     ,-0.001      ,16.037      ,0.00000       ,873           ,76.729          ,0.000         ,-0.000              ,-0.000              ,23921.871       ,0.00000           ,0.00000               ,0.000         ,0.000         ,0.000         ,-0.001        
17:01:18.386165     ,0.049       ,0.880       ,0.820       ,16.040      ,16.038      ,16.039      ,0.002       ,0.012       ,0.000       ,0.041       ,0.041       ,880.000     ,0.002       ,16.041      ,0.00000       ,873           ,76.729          ,0.000         ,-0.000              ,-0.000              ,23921.871       ,0.00000           ,0.00000               ,0.000         ,0.000         ,0.000         ,0.001         
17:01:18.393303     ,0.049       ,0.880       ,0.869       ,16.030      ,16.034      ,16.039      ,-0.001      ,-0.004      ,0.000       ,-0.121      ,-0.121      ,880.000     ,-0.001      ,16.038      ,0.00000       ,873           ,76.729          ,0.000         ,-0.000              ,-0.000              ,23921.871       ,0.00000           ,0.00000               ,0.000         ,0.000         ,0.000         ,0.001         
17:01:18.403889     ,0.051       ,0.880       ,0.885       ,16.040      ,16.037      ,16.039      ,-0.004      ,-0.021      ,0.000       ,0.083       ,0.083       ,880.000     ,-0.004      ,16.034      ,0.00000       ,873           ,76.729          ,0.000         ,-0.000              ,-0.000              ,23921.871       ,0.00000           ,0.00000               ,0.000         ,0.000         ,0.000         ,0.000         
17:01:18.413308     ,0.051       ,0.880       ,0.885       ,16.040      ,16.037      ,16.039      ,-0.002      ,-0.008      ,0.000       ,0.147       ,0.147       ,880.000     ,-0.002      ,16.037      ,0.00000       ,873           ,76.729          ,0.000         ,-0.000              ,-0.000              ,23921.871       ,0.00000           ,0.00000               ,0.000         ,0.000         ,0.000         ,0.000         
17:01:18.423376     ,0.051       ,0.880       ,0.885       ,16.040      ,16.033      ,16.039      ,-0.001      ,-0.006      ,0.000       ,-0.017      ,-0.017      ,880.000     ,-0.001      ,16.037      ,0.00000       ,873           ,76.729          ,0.000         ,-0.000              ,-0.000              ,23921.871       ,0.00000           ,0.00000               ,0.000         ,0.000         ,0.000         ,-0.003        
17:01:18.433397     ,0.051       ,0.880       ,0.869       ,16.060      ,16.035      ,16.039      ,-0.001      ,-0.006      ,0.000       ,-0.017      ,-0.017      ,880.000     ,-0.001      ,16.037      ,0.00000       ,873           ,76.729          ,0.000         ,-0.000              ,-0.000              ,23921.871       ,0.00000           ,0.00000               ,0.000         ,0.000         ,0.000         ,-0.003        
17:01:18.443296     ,0.051       ,0.880       ,0.869       ,16.040      ,16.035      ,16.039      ,-0.003      ,-0.017      ,0.000       ,0.016       ,0.016       ,880.000     ,-0.003      ,16.035      ,0.00000       ,873           ,76.729          ,0.000         ,-0.000              ,-0.000              ,23921.871       ,0.00000           ,0.00000               ,0.000         ,0.000         ,0.000         ,0.000         
17:01:18.459399     ,0.051       ,0.880       ,0.869       ,16.060      ,16.036      ,16.039      ,-0.003      ,-0.017      ,0.000       ,0.016       ,0.016       ,880.000     ,-0.003      ,16.035      ,0.00000       ,873           ,76.729          ,0.000         ,-0.000              ,-0.000              ,23921.871       ,0.00000           ,0.00000               ,0.000         ,0.000         ,0.000         ,-0.005        
17:01:18.463384     ,0.051       ,0.880       ,0.869       ,16.040      ,16.035      ,16.039      ,-0.002      ,-0.012      ,0.000       ,0.110       ,0.110       ,880.000     ,-0.002      ,16.036      ,0.00000       ,873           ,76.729          ,0.000         ,-0.000              ,-0.000              ,23921.871       ,0.00000           ,0.00000               ,0.000         ,0.000         ,0.000         ,-0.005        
17:01:18.479297     ,0.051       ,0.880       ,0.869       ,16.060      ,16.040      ,16.039      ,-0.002      ,-0.012      ,0.000       ,0.110       ,0.110       ,880.000     ,-0.002      ,16.036      ,0.00000       ,873           ,76.729          ,0.000         ,-0.000              ,-0.000              ,23921.871       ,0.00000           ,0.00000               ,0.000         ,0.000         ,0.000         ,-0.001        
17:01:18.483396     ,0.051       ,0.880       ,0.869       ,16.040      ,16.037      ,16.039      ,0.001       ,0.005       ,0.000       ,0.030       ,0.030       ,880.000     ,0.001       ,16.040      ,0.00000       ,873           ,76.729          ,0.000         ,-0.000              ,-0.000              ,23921.871       ,0.00000           ,0.00000               ,0.000         ,0.000         ,0.000         ,-0.001        
17:01:18.496894     ,0.049       ,0.880       ,0.869       ,16.040      ,16.040      ,16.039      ,-0.001      ,-0.006      ,0.000       ,-0.087      ,-0.087      ,880.000     ,-0.001      ,16.037      ,0.00000       ,873           ,76.729          ,0.000         ,-0.000              ,-0.000              ,23921.871       ,0.00000           ,0.00000               ,0.000         ,0.000         ,0.000         ,0.000         
17:01:18.503318     ,0.049       ,0.880       ,0.869       ,16.060      ,16.042      ,16.039      ,-0.001      ,-0.006      ,0.000       ,-0.087      ,-0.087      ,880.000     ,-0.001      ,16.037      ,0.00000       ,873           ,76.729          ,0.000         ,-0.000              ,-0.000              ,23921.871       ,0.00000           ,0.00000               ,0.000         ,0.000         ,0.000         ,0.000         
17:01:18.515534     ,0.049       ,0.880       ,0.869       ,16.040      ,16.042      ,16.039      ,0.003       ,0.016       ,0.000       ,0.070       ,0.070       ,880.000     ,0.003       ,16.042      ,0.00000       ,873           ,76.729          ,0.000         ,-0.000              ,-0.000              ,23921.871       ,0.00000           ,0.00000               ,0.000         ,0.000         ,0.000         ,-0.001        
17:01:18.523305     ,0.051       ,0.880       ,0.869       ,16.040      ,16.038      ,16.039      ,0.003       ,0.017       ,0.000       ,-0.150      ,-0.150      ,880.000     ,0.003       ,16.042      ,0.00000       ,873           ,76.729          ,0.000         ,-0.000              ,-0.000              ,23921.871       ,0.00000           ,0.00000               ,0.000         ,0.000         ,0.000         ,-0.001        
17:01:18.534323     ,0.051       ,0.880       ,0.885       ,16.040      ,16.038      ,16.039      ,-0.001      ,-0.003      ,0.000       ,-0.076      ,-0.076      ,880.000     ,-0.001      ,16.038      ,0.00000       ,873           ,76.729          ,0.000         ,-0.000              ,-0.000              ,23921.871       ,0.00000           ,0.00000               ,0.000         ,0.000         ,0.000         ,0.004         
17:01:18.543302     ,0.051       ,0.880       ,0.869       ,16.040      ,16.037      ,16.039      ,-0.001      ,-0.005      ,0.000       ,0.094       ,0.094       ,880.000     ,-0.001      ,16.038      ,0.00000       ,873           ,76.729          ,0.000         ,-0.000              ,-0.000              ,23921.871       ,0.00000           ,0.00000               ,0.000         ,0.000         ,0.000         ,0.004         
17:01:18.554012     ,0.049       ,0.880       ,0.885       ,16.060      ,16.036      ,16.039      ,-0.002      ,-0.010      ,0.000       ,0.026       ,0.026       ,880.000     ,-0.002      ,16.037      ,0.00000       ,873           ,76.729          ,0.000         ,-0.000              ,-0.000              ,23921.871       ,0.00000           ,0.00000               ,0.000         ,0.000         ,0.000         ,0.000         
17:01:18.563301     ,0.049       ,0.880       ,0.869       ,16.040      ,16.035      ,16.039      ,-0.003      ,-0.015      ,0.000       ,0.060       ,0.060       ,880.000     ,-0.003      ,16.036      ,0.00000       ,873           ,76.729          ,0.000         ,-0.000              ,-0.000              ,23921.871       ,0.00000           ,0.00000               ,0.000         ,0.000         ,0.000         ,0.000         
17:01:18.573306     ,0.049       ,0.880       ,0.869       ,16.040      ,16.035      ,16.039      ,-0.004      ,-0.019      ,0.000       ,0.083       ,0.083       ,880.000     ,-0.004      ,16.035      ,0.00000       ,873           ,76.729          ,0.000         ,-0.000              ,-0.000              ,23921.871       ,0.00000           ,0.00000               ,0.000         ,0.000         ,0.000         ,0.001         
17:01:18.589309     ,0.051       ,0.880       ,0.885       ,16.040      ,16.035      ,16.039      ,-0.004      ,-0.019      ,0.000       ,0.083       ,0.083       ,880.000     ,-0.004      ,16.035      ,0.00000       ,873           ,76.729          ,0.000         ,-0.000              ,-0.000              ,23921.871       ,0.00000           ,0.00000               ,0.000         ,0.000         ,0.000         ,0.000         
17:01:18.593300     ,0.051       ,0.880       ,0.885       ,16.040      ,16.035      ,16.039      ,-0.004      ,-0.019      ,0.000       ,0.091       ,0.091       ,880.000     ,-0.004      ,16.035      ,0.00000       ,873           ,76.729          ,0.000         ,-0.000              ,-0.000              ,23921.871       ,0.00000           ,0.00000               ,0.000         ,0.000         ,0.000         ,0.000         
17:01:18.606960     ,0.051       ,0.880       ,0.869       ,16.030      ,16.031      ,16.039      ,-0.003      ,-0.017      ,0.000       ,0.075       ,0.075       ,880.000     ,-0.003      ,16.035      ,0.00000       ,873           ,76.729          ,0.000         ,-0.000              ,-0.000              ,23921.871       ,0.00000           ,0.00000               ,0.000         ,0.000         ,0.000         ,0.001         
17:01:18.613289     ,0.051       ,0.880       ,0.869       ,16.060      ,16.035      ,16.039      ,-0.003      ,-0.017      ,0.000       ,0.075       ,0.075       ,880.000     ,-0.003      ,16.035      ,0.00000       ,873           ,76.729          ,0.000         ,-0.000              ,-0.000              ,23921.871       ,0.00000           ,0.00000               ,0.000         ,0.000         ,0.000         ,0.001         
17:01:18.625642     ,0.051       ,0.880       ,0.869       ,16.060      ,16.038      ,16.039      ,-0.003      ,-0.016      ,0.000       ,0.058       ,0.058       ,880.000     ,-0.003      ,16.035      ,0.00000       ,873           ,76.729          ,0.000         ,-0.000              ,-0.000              ,23921.871       ,0.00000           ,0.00000               ,0.000         ,0.000         ,0.000         ,0.000         
17:01:18.633289     ,0.049       ,0.880       ,0.869       ,16.040      ,16.036      ,16.039      ,-0.001      ,-0.003      ,0.000       ,0.058       ,0.058       ,880.000     ,-0.001      ,16.038      ,0.00000       ,873           ,76.729          ,0.000         ,-0.000              ,-0.000              ,23921.871       ,0.00000           ,0.00000               ,0.000         ,0.000         ,0.000         ,0.000         
17:01:18.644296     ,0.051       ,0.880       ,0.885       ,16.040      ,16.036      ,16.039      ,-0.002      ,-0.011      ,0.000       ,-0.042      ,-0.042      ,880.000     ,-0.002      ,16.036      ,0.00000       ,873           ,76.729          ,0.000         ,-0.000              ,-0.000              ,23921.871       ,0.00000           ,0.00000               ,0.000         ,0.000         ,0.000         ,0.001         
17:01:18.653360     ,0.049       ,0.880       ,0.869       ,16.040      ,16.037      ,16.039      ,-0.003      ,-0.015      ,0.000       ,0.081       ,0.081       ,880.000     ,-0.003      ,16.036      ,0.00000       ,873           ,76.729          ,0.000         ,-0.000              ,-0.000              ,23921.871       ,0.00000           ,0.00000               ,0.000         ,0.000         ,0.000         ,0.001         
17:01:18.663305     ,0.049       ,0.880       ,0.869       ,16.040      ,16.035      ,16.039      ,-0.001      ,-0.005      ,0.000       ,0.076       ,0.076       ,880.000     ,-0.001      ,16.037      ,0.00000       ,873           ,76.729          ,0.000         ,-0.000              ,-0.000              ,23921.871       ,0.00000           ,0.00000               ,0.000         ,0.000         ,0.000         ,0.003         
17:01:18.673351     ,0.051       ,0.880       ,0.885       ,16.040      ,16.033      ,16.039      ,-0.001      ,-0.005      ,0.000       ,0.076       ,0.076       ,880.000     ,-0.001      ,16.037      ,0.00000       ,873           ,76.729          ,0.000         ,-0.000              ,-0.000              ,23921.871       ,0.00000           ,0.00000               ,0.000         ,0.000         ,0.000         ,0.003         
17:01:18.683370     ,0.051       ,0.880       ,0.885       ,16.060      ,16.038      ,16.039      ,-0.006      ,-0.028      ,0.000       ,-0.017      ,-0.017      ,880.000     ,-0.006      ,16.033      ,0.00000       ,873           ,76.729          ,0.000         ,-0.000              ,-0.000              ,23921.871       ,0.00000           ,0.00000               ,0.000         ,0.000         ,0.000         ,0.001         
17:01:18.698294     ,0.049       ,0.880       ,0.853       ,16.060      ,16.041      ,16.039      ,-0.006      ,-0.028      ,0.000       ,-0.017      ,-0.017      ,880.000     ,-0.006      ,16.033      ,0.00000       ,873           ,76.729          ,0.000         ,-0.000              ,-0.000              ,23921.871       ,0.00000           ,0.00000               ,0.000         ,0.000         ,0.000         ,-0.003        
17:01:18.703329     ,0.051       ,0.880       ,0.885       ,16.040      ,16.039      ,16.039      ,0.002       ,0.010       ,0.000       ,0.205       ,0.205       ,880.000     ,0.002       ,16.041      ,0.00000       ,873           ,76.729          ,0.000         ,-0.000              ,-0.000              ,23921.871       ,0.00000           ,0.00000               ,0.000         ,0.000         ,0.000         ,-0.003        
17:01:18.716890     ,0.051       ,0.880       ,0.885       ,16.060      ,16.041      ,16.039      ,0.002       ,0.010       ,0.000       ,0.205       ,0.205       ,880.000     ,0.002       ,16.041      ,0.00000       ,873           ,76.729          ,0.000         ,-0.000              ,-0.000              ,23921.871       ,0.00000           ,0.00000               ,0.000         ,0.000         ,0.000         ,0.000         
17:01:18.723320     ,0.051       ,0.880       ,0.885       ,16.040      ,16.040      ,16.039      ,0.002       ,0.012       ,0.000       ,-0.194      ,-0.194      ,880.000     ,0.002       ,16.041      ,0.00000       ,873           ,76.729          ,0.000         ,-0.000              ,-0.000              ,23921.871       ,0.00000           ,0.00000               ,0.000         ,0.000         ,0.000         ,0.000         
17:01:18.735577     ,0.051       ,0.880       ,0.869       ,16.040      ,16.038      ,16.039      ,0.002       ,0.008       ,0.000       ,-0.055      ,-0.055      ,880.000     ,0.002       ,16.040      ,0.00000       ,873           ,76.729          ,0.000         ,-0.000              ,-0.000              ,23921.871       ,0.00000           ,0.00000               ,0.000         ,0.000         ,0.000         ,-0.003        
17:01:18.743302     ,0.051       ,0.880       ,0.885       ,16.060      ,16.040      ,16.039      ,0.001       ,0.007       ,0.000       ,0.073       ,0.073       ,880.000     ,0.001       ,16.040      ,0.00000       ,873           ,76.729          ,0.000         ,-0.000              ,-0.000              ,23921.871       ,0.00000           ,0.00000               ,0.000         ,0.000         ,0.000         ,-0.003        
17:01:18.755311     ,0.051       ,0.880       ,0.885       ,16.060      ,16.045      ,16.039      ,0.001       ,0.007       ,0.000       ,0.073       ,0.073       ,880.000     ,0.001       ,16.040      ,0.00000       ,873           ,76.729          ,0.000         ,-0.000              ,-0.000              ,23921.871       ,0.00000           ,0.00000               ,0.000         ,0.000         ,0.000         ,0.001         
17:01:18.763304     ,0.049       ,0.880       ,0.853       ,16.040      ,16.041      ,16.039      ,0.002       ,0.011       ,0.000       ,-0.220      ,-0.220      ,880.000     ,0.002       ,16.041      ,0.00000       ,873           ,76.729          ,0.000         ,-0.000              ,-0.000              ,23921.871       ,0.00000           ,0.00000               ,0.000         ,0.000         ,0.000         ,0.001         
17:01:18.773342     ,0.051       ,0.880       ,0.853       ,16.040      ,16.041      ,16.039      ,0.002       ,0.011       ,0.000       ,-0.220      ,-0.220      ,880.000     ,0.002       ,16.041      ,0.00000       ,873           ,76.729          ,0.000         ,-0.000              ,-0.000              ,23921.871       ,0.00000           ,0.00000               ,0.000         ,0.000         ,0.000         ,0.000         
17:01:18.783295     ,0.049       ,0.880       ,0.869       ,16.040      ,16.041      ,16.039      ,0.002       ,0.010       ,0.000       ,-0.054      ,-0.054      ,880.000     ,0.002       ,16.041      ,0.00000       ,873           ,76.729          ,0.000         ,-0.000              ,-0.000              ,23921.871       ,0.00000           ,0.00000               ,0.000         ,0.000         ,0.000         ,0.000         
17:01:18.793333     ,0.049       ,0.880       ,0.869       ,16.040      ,16.037      ,16.039      ,0.002       ,0.010       ,0.000       ,-0.054      ,-0.054      ,880.000     ,0.002       ,16.041      ,0.00000       ,873           ,76.729          ,0.000         ,-0.000              ,-0.000              ,23921.871       ,0.00000           ,0.00000               ,0.000         ,0.000         ,0.000         ,0.001         
17:01:18.809073     ,0.049       ,0.880       ,0.885       ,16.060      ,16.037      ,16.039      ,0.002       ,0.010       ,0.000       ,-0.054      ,-0.054      ,880.000     ,0.002       ,16.041      ,0.00000       ,873           ,76.729          ,0.000         ,-0.000              ,-0.000              ,23921.871       ,0.00000           ,0.00000               ,0.000         ,0.000         ,0.000         ,-0.004        
17:01:18.813300     ,0.049       ,0.880       ,0.885       ,16.040      ,16.036      ,16.039      ,-0.002      ,-0.009      ,0.000       ,-0.033      ,-0.033      ,880.000     ,-0.002      ,16.037      ,0.00000       ,873           ,76.729          ,0.000         ,-0.000              ,-0.000              ,23921.871       ,0.00000           ,0.00000               ,0.000         ,0.000         ,0.000         ,-0.004        
17:01:18.827803     ,0.051       ,0.880       ,0.853       ,16.040      ,16.036      ,16.039      ,-0.002      ,-0.009      ,0.000       ,-0.033      ,-0.033      ,880.000     ,-0.002      ,16.037      ,0.00000       ,873           ,76.729          ,0.000         ,-0.000              ,-0.000              ,23921.871       ,0.00000           ,0.00000               ,0.000         ,0.000         ,0.000         ,0.001         
17:01:18.833281     ,0.051       ,0.880       ,0.869       ,16.040      ,16.035      ,16.039      ,-0.003      ,-0.016      ,0.000       ,0.072       ,0.072       ,880.000     ,-0.003      ,16.035      ,0.00000       ,873           ,76.729          ,0.000         ,-0.000              ,-0.000              ,23921.871       ,0.00000           ,0.00000               ,0.000         ,0.000         ,0.000         ,0.001         
17:01:18.847768     ,0.049       ,0.880       ,0.885       ,16.030      ,16.033      ,16.039      ,-0.003      ,-0.016      ,0.000       ,0.072       ,0.072       ,880.000     ,-0.003      ,16.035      ,0.00000       ,873           ,76.729          ,0.000         ,-0.000              ,-0.000              ,23921.871       ,0.00000           ,0.00000               ,0.000         ,0.000         ,0.000         ,0.001         
17:01:18.853355     ,0.049       ,0.880       ,0.885       ,16.040      ,16.030      ,16.039      ,-0.003      ,-0.016      ,0.000       ,0.072       ,0.072       ,880.000     ,-0.003      ,16.035      ,0.00000       ,873           ,76.729          ,0.000         ,-0.000              ,-0.000              ,23921.871       ,0.00000           ,0.00000               ,0.000         ,0.000         ,0.000         ,0.001         
17:01:18.866600     ,0.051       ,0.880       ,0.869       ,16.040      ,16.031      ,16.039      ,-0.008      ,-0.041      ,0.000       ,0.074       ,0.074       ,880.000     ,-0.008      ,16.030      ,0.00000       ,873           ,76.729          ,0.000         ,-0.000              ,-0.000              ,23921.871       ,0.00000           ,0.00000               ,0.000         ,0.000         ,0.000         ,-0.003        
17:01:18.873350     ,0.051       ,0.880       ,0.869       ,16.040      ,16.031      ,16.039      ,-0.007      ,-0.036      ,0.000       ,0.262       ,0.262       ,880.000     ,-0.007      ,16.031      ,0.00000       ,873           ,76.729          ,0.000         ,-0.000              ,-0.000              ,23921.871       ,0.00000           ,0.00000               ,0.000         ,0.000         ,0.000         ,-0.003        
17:01:18.885481     ,0.047       ,0.880       ,0.869       ,16.040      ,16.031      ,16.039      ,-0.007      ,-0.036      ,0.000       ,0.123       ,0.123       ,880.000     ,-0.007      ,16.031      ,0.00000       ,873           ,76.729          ,0.000         ,-0.000              ,-0.000              ,23921.871       ,0.00000           ,0.00000               ,0.000         ,0.000         ,0.000         ,-0.006        
17:01:18.893481     ,0.051       ,0.880       ,0.869       ,16.040      ,16.031      ,16.039      ,-0.008      ,-0.036      ,0.000       ,0.172       ,0.144       ,880.000     ,-0.008      ,16.031      ,0.00000       ,873           ,76.729          ,0.000         ,-0.000              ,-0.000              ,23921.871       ,0.00000           ,0.00000               ,0.000         ,0.000         ,0.000         ,-0.006        
17:01:18.905328     ,0.051       ,0.880       ,0.869       ,16.060      ,16.034      ,16.039      ,-0.007      ,-0.036      ,0.000       ,0.172       ,0.172       ,880.000     ,-0.007      ,16.031      ,0.00000       ,873           ,76.729          ,0.000         ,-0.000              ,-0.000              ,23921.871       ,0.00000           ,0.00000               ,0.000         ,0.000         ,0.000         ,0.000         
17:01:18.913431     ,0.049       ,0.880       ,0.853       ,16.040      ,16.033      ,16.039      ,-0.005      ,-0.024      ,0.000       ,0.127       ,0.127       ,880.000     ,-0.005      ,16.034      ,0.00000       ,873           ,76.729          ,0.000         ,-0.000              ,-0.000              ,23921.871       ,0.00000           ,0.00000               ,0.000         ,0.000         ,0.000         ,0.000         
17:01:18.924030     ,0.049       ,0.880       ,0.869       ,16.040      ,16.033      ,16.039      ,-0.006      ,-0.030      ,0.000       ,0.053       ,0.053       ,880.000     ,-0.006      ,16.033      ,0.00000       ,873           ,76.729          ,0.000         ,-0.000              ,-0.000              ,23921.871       ,0.00000           ,0.00000               ,0.000         ,0.000         ,0.000         ,0.004         
17:01:18.933406     ,0.051       ,0.880       ,0.885       ,16.060      ,16.038      ,16.039      ,-0.006      ,-0.028      ,0.000       ,0.142       ,0.142       ,880.000     ,-0.006      ,16.033      ,0.00000       ,873           ,76.729          ,0.000         ,-0.000              ,-0.000              ,23921.871       ,0.00000           ,0.00000               ,0.000         ,0.000         ,0.000         ,0.004         
17:01:18.944023     ,0.051       ,0.880       ,0.885       ,16.060      ,16.041      ,16.039      ,-0.001      ,-0.005      ,0.000       ,0.106       ,0.106       ,880.000     ,-0.001      ,16.038      ,0.00000       ,873           ,76.729          ,0.000         ,-0.000              ,-0.000              ,23921.871       ,0.00000           ,0.00000               ,0.000         ,0.000         ,0.000         ,-0.003        
17:01:18.953370     ,0.051       ,0.880       ,0.869       ,16.040      ,16.038      ,16.039      ,0.003       ,0.015       ,0.000       ,-0.072      ,-0.072      ,880.000     ,0.003       ,16.041      ,0.00000       ,873           ,76.729          ,0.000         ,-0.000              ,-0.000              ,23921.871       ,0.00000           ,0.00000               ,0.000         ,0.000         ,0.000         ,-0.003        
17:01:18.964911     ,0.051       ,0.880       ,0.869       ,16.040      ,16.038      ,16.039      ,-0.000      ,-0.002      ,0.000       ,-0.137      ,-0.137      ,880.000     ,-0.000      ,16.038      ,0.00000       ,873           ,76.729          ,0.000         ,-0.000              ,-0.000              ,23921.871       ,0.00000           ,0.00000               ,0.000         ,0.000         ,0.000         ,-0.003        
17:01:18.973580     ,0.049       ,0.880       ,0.869       ,16.060      ,16.044      ,16.039      ,0.001       ,0.006       ,0.000       ,0.072       ,0.072       ,880.000     ,0.001       ,16.040      ,0.00000       ,873           ,76.729          ,0.000         ,-0.000              ,-0.000              ,23921.871       ,0.00000           ,0.00000               ,0.000         ,0.000         ,0.000         ,-0.003        
17:01:18.984705     ,0.049       ,0.880       ,0.869       ,16.030      ,16.039      ,16.039      ,0.006       ,0.028       ,0.000       ,-0.058      ,-0.058      ,880.000     ,0.006       ,16.044      ,0.00000       ,873           ,76.729          ,0.000         ,-0.000              ,-0.000              ,23921.871       ,0.00000           ,0.00000               ,0.000         ,0.000         ,0.000         ,0.000         
17:01:18.993503     ,0.051       ,0.880       ,0.869       ,16.040      ,16.036      ,16.039      ,-0.000      ,-0.000      ,0.000       ,-0.201      ,-0.201      ,880.000     ,-0.000      ,16.039      ,0.00000       ,873           ,76.729          ,0.000         ,-0.000              ,-0.000              ,23921.871       ,0.00000           ,0.00000               ,0.000         ,0.000         ,0.000         ,0.000         
17:01:19.004446     ,0.049       ,0.880       ,0.869       ,16.040      ,16.037      ,16.039      ,-0.003      ,-0.013      ,0.000       ,0.114       ,0.114       ,880.000     ,-0.003      ,16.036      ,0.00000       ,873           ,76.729          ,0.000         ,-0.000              ,-0.000              ,23921.871       ,0.00000           ,0.00000               ,0.000         ,0.000         ,0.000         ,-0.003        
17:01:19.013628     ,0.051       ,0.880       ,0.869       ,16.040      ,16.036      ,16.039      ,-0.002      ,-0.010      ,0.000       ,0.105       ,0.105       ,880.000     ,-0.002      ,16.037      ,0.00000       ,873           ,76.729          ,0.000         ,-0.000              ,-0.000              ,23921.871       ,0.00000           ,0.00000               ,0.000         ,0.000         ,0.000         ,-0.003        
17:01:19.024283     ,0.049       ,0.880       ,0.869       ,16.040      ,16.031      ,16.039      ,-0.003      ,-0.013      ,0.000       ,0.025       ,0.025       ,880.000     ,-0.003      ,16.036      ,0.00000       ,873           ,76.729          ,0.000         ,-0.000              ,-0.000              ,23921.871       ,0.00000           ,0.00000               ,0.000         ,0.000         ,0.000         ,0.001         
17:01:19.033581     ,0.049       ,0.880       ,0.885       ,16.040      ,16.032      ,16.039      ,-0.007      ,-0.037      ,0.000       ,0.067       ,0.067       ,880.000     ,-0.007      ,16.031      ,0.00000       ,873           ,76.729          ,0.000         ,-0.000              ,-0.000              ,23921.871       ,0.00000           ,0.00000               ,0.000         ,0.000         ,0.000         ,0.001         
17:01:19.046383     ,0.051       ,0.880       ,0.869       ,16.040      ,16.031      ,16.039      ,-0.006      ,-0.031      ,0.000       ,0.243       ,0.243       ,880.000     ,-0.006      ,16.032      ,0.00000       ,873           ,76.729          ,0.000         ,-0.000              ,-0.000              ,23921.871       ,0.00000           ,0.00000               ,0.000         ,0.000         ,0.000         ,0.001         
17:01:19.053537     ,0.049       ,0.880       ,0.869       ,16.040      ,16.031      ,16.039      ,-0.007      ,-0.037      ,0.000       ,0.101       ,0.101       ,880.000     ,-0.007      ,16.031      ,0.00000       ,873           ,76.729          ,0.000         ,-0.000              ,-0.000              ,23921.871       ,0.00000           ,0.00000               ,0.000         ,0.000         ,0.000         ,0.001         
17:01:19.064215     ,0.049       ,0.880       ,0.885       ,16.040      ,16.030      ,16.039      ,-0.008      ,-0.040      ,0.000       ,0.172       ,0.172       ,880.000     ,-0.008      ,16.031      ,0.00000       ,873           ,76.729          ,0.000         ,-0.000              ,-0.000              ,23921.871       ,0.00000           ,0.00000               ,0.000         ,0.000         ,0.000         ,0.001         
17:01:19.073531     ,0.051       ,0.880       ,0.869       ,16.060      ,16.034      ,16.039      ,-0.008      ,-0.041      ,0.000       ,0.175       ,0.175       ,880.000     ,-0.008      ,16.030      ,0.00000       ,873           ,76.729          ,0.000         ,-0.000              ,-0.000              ,23921.871       ,0.00000           ,0.00000               ,0.000         ,0.000         ,0.000         ,0.001         
17:01:19.084964     ,0.051       ,0.880       ,0.869       ,16.060      ,16.037      ,16.039      ,-0.004      ,-0.022      ,0.000       ,0.164       ,0.164       ,880.000     ,-0.004      ,16.034      ,0.00000       ,873           ,76.729          ,0.000         ,-0.000              ,-0.000              ,23921.871       ,0.00000           ,0.00000               ,0.000         ,0.000         ,0.000         ,0.001         
17:01:19.093713     ,0.051       ,0.880       ,0.869       ,16.080      ,16.044      ,16.039      ,-0.001      ,-0.006      ,0.000       ,0.012       ,0.012       ,880.000     ,-0.001      ,16.037      ,0.00000       ,873           ,76.729          ,0.000         ,-0.000              ,-0.000              ,23921.871       ,0.00000           ,0.00000               ,0.000         ,0.000         ,0.000         ,0.001         
17:01:19.104677     ,0.049       ,0.880       ,0.869       ,16.080      ,16.050      ,16.039      ,0.005       ,0.025       ,0.000       ,-0.036      ,-0.036      ,880.000     ,0.005       ,16.044      ,0.00000       ,873           ,76.729          ,0.000         ,-0.000              ,-0.000              ,23921.871       ,0.00000           ,0.00000               ,0.000         ,0.000         ,0.000         ,0.000         
17:01:19.113628     ,0.049       ,0.880       ,0.853       ,16.080      ,16.056      ,16.039      ,0.011       ,0.055       ,0.000       ,-0.010      ,0.044       ,880.000     ,0.011       ,16.050      ,0.00000       ,873           ,76.729          ,0.000         ,-0.000              ,-0.000              ,23921.871       ,0.00000           ,0.00000               ,0.000         ,0.000         ,0.000         ,0.000         
17:01:19.126616     ,0.051       ,0.880       ,0.869       ,16.070      ,16.058      ,16.039      ,0.017       ,0.086       ,0.000       ,0.009       ,0.095       ,880.000     ,0.017       ,16.056      ,0.00000       ,873           ,76.729          ,0.000         ,-0.000              ,-0.000              ,23921.871       ,0.00000           ,0.00000               ,0.000         ,0.000         ,0.000         ,0.003         
17:01:19.133595     ,0.051       ,0.880       ,0.869       ,16.090      ,16.066      ,16.039      ,0.019       ,0.097       ,0.000       ,-0.082      ,0.015       ,880.000     ,0.019       ,16.058      ,0.00000       ,873           ,76.729          ,0.000         ,-0.000              ,-0.000              ,23921.871       ,0.00000           ,0.00000               ,0.000         ,0.000         ,0.000         ,0.003         
17:01:19.145383     ,0.051       ,0.880       ,0.885       ,16.090      ,16.070      ,16.039      ,0.027       ,0.136       ,0.000       ,0.111       ,0.247       ,880.000     ,0.027       ,16.066      ,0.00000       ,873           ,76.729          ,0.000         ,-0.000              ,-0.000              ,23921.871       ,0.00000           ,0.00000               ,0.000         ,0.000         ,0.000         ,0.001         
17:01:19.153716     ,0.051       ,0.880       ,0.869       ,16.130      ,16.081      ,16.039      ,0.031       ,0.157       ,0.000       ,-0.072      ,0.084       ,880.000     ,0.031       ,16.070      ,0.00000       ,873           ,76.729          ,0.000         ,-0.000              ,-0.000              ,23921.871       ,0.00000           ,0.00000               ,0.000         ,0.000         ,0.000         ,0.001         
17:01:19.164206     ,0.051       ,0.880       ,0.885       ,16.130      ,16.089      ,16.039      ,0.042       ,0.211       ,0.000       ,0.137       ,0.348       ,880.000     ,0.042       ,16.081      ,0.00000       ,873           ,76.729          ,0.000         ,-0.000              ,-0.000              ,23921.871       ,0.00000           ,0.00000               ,0.000         ,0.000         ,0.000         ,0.000         
17:01:19.173774     ,0.051       ,0.880       ,0.885       ,16.160      ,16.104      ,16.039      ,0.051       ,0.254       ,0.000       ,-0.049      ,0.206       ,880.000     ,0.051       ,16.089      ,0.00000       ,873           ,76.729          ,0.000         ,-0.000              ,-0.000              ,23921.871       ,0.00000           ,0.00000               ,0.000         ,0.000         ,0.000         ,0.000         
17:01:19.184212     ,0.051       ,0.880       ,0.885       ,16.180      ,16.116      ,16.039      ,0.065       ,0.325       ,0.000       ,0.113       ,0.438       ,880.000     ,0.065       ,16.104      ,0.00000       ,873           ,76.729          ,0.000         ,-0.000              ,-0.000              ,23921.871       ,0.00000           ,0.00000               ,0.000         ,0.000         ,0.000         ,-0.003        
17:01:19.193692     ,0.051       ,0.880       ,0.885       ,16.240      ,16.140      ,16.039      ,0.078       ,0.389       ,0.000       ,-0.029      ,0.360       ,880.000     ,0.078       ,16.116      ,0.00000       ,873           ,76.729          ,0.000         ,-0.000              ,-0.000              ,23921.871       ,0.00000           ,0.00000               ,0.000         ,0.000         ,0.000         ,-0.003        
17:01:19.204041     ,0.051       ,0.880       ,0.869       ,16.280      ,16.164      ,16.039      ,0.102       ,0.508       ,0.000       ,0.223       ,0.731       ,880.000     ,0.102       ,16.140      ,0.00000       ,873           ,76.729          ,0.000         ,-0.000              ,-0.000              ,23921.871       ,0.00000           ,0.00000               ,0.000         ,0.000         ,0.000         ,-0.004        
17:01:19.213817     ,0.051       ,0.880       ,0.869       ,16.360      ,16.203      ,16.039      ,0.125       ,0.627       ,0.000       ,-0.003      ,0.624       ,880.000     ,0.125       ,16.164      ,0.00000       ,873           ,76.729          ,0.000         ,-0.000              ,-0.000              ,23921.871       ,0.00000           ,0.00000               ,0.000         ,0.000         ,0.000         ,-0.004        
17:01:19.223776     ,0.049       ,0.880       ,0.885       ,16.380      ,16.241      ,16.039      ,0.165       ,0.824       ,0.000       ,0.315       ,1.140       ,880.000     ,0.165       ,16.203      ,0.00008       ,874           ,76.816          ,0.000         ,-0.000              ,-0.000              ,23921.871       ,0.00000           ,0.00000               ,0.000         ,0.000         ,0.000         ,-0.001        
17:01:19.233813     ,0.051       ,0.880       ,0.869       ,16.370      ,16.276      ,16.039      ,0.202       ,1.012       ,0.000       ,-0.038      ,0.975       ,880.000     ,0.202       ,16.241      ,0.00015       ,875           ,76.904          ,0.000         ,-0.000              ,0.000               ,23921.871       ,-0.00767          ,-0.00012              ,0.000         ,0.000         ,0.000         ,-0.001        
17:01:19.245854     ,0.051       ,0.880       ,0.869       ,16.370      ,16.306      ,16.039      ,0.238       ,1.189       ,0.000       ,-0.045      ,1.144       ,880.000     ,0.238       ,16.276      ,0.00023       ,876           ,76.992          ,0.000         ,-0.000              ,0.001               ,23921.871       ,-0.00766          ,-0.00033              ,0.000         ,0.000         ,0.000         ,0.000         
17:01:19.253711     ,0.049       ,0.880       ,0.869       ,16.400      ,16.339      ,16.039      ,0.268       ,1.338       ,0.000       ,-0.112      ,1.226       ,880.000     ,0.268       ,16.306      ,0.00031       ,877           ,77.080          ,0.000         ,-0.000              ,0.002               ,23921.871       ,-0.00768          ,-0.00062              ,0.000         ,0.000         ,0.000         ,0.000         
17:01:19.265713     ,0.051       ,0.880       ,0.869       ,16.420      ,16.362      ,16.039      ,0.300       ,1.502       ,0.000       ,0.063       ,1.565       ,880.000     ,0.300       ,16.339      ,0.00038       ,878           ,77.168          ,0.000         ,-0.000              ,0.003               ,23921.871       ,-0.00766          ,-0.00099              ,0.000         ,0.000         ,0.000         ,-0.005        
17:01:19.273971     ,0.051       ,0.880       ,0.869       ,16.420      ,16.381      ,16.039      ,0.324       ,1.619       ,0.000       ,-0.193      ,1.426       ,880.000     ,0.324       ,16.362      ,0.00046       ,879           ,77.256          ,0.000         ,-0.000              ,0.004               ,23921.871       ,-0.00768          ,-0.00142              ,0.000         ,0.000         ,0.000         ,-0.005        
17:01:19.285611     ,0.051       ,0.880       ,0.869       ,16.440      ,16.402      ,16.039      ,0.363       ,1.816       ,0.000       ,0.027       ,1.844       ,880.000     ,0.363       ,16.402      ,0.00054       ,880           ,77.344          ,0.000         ,-0.000              ,0.006               ,23921.871       ,-0.00766          ,-0.00189              ,0.000         ,0.000         ,0.000         ,-0.005        
17:01:19.293869     ,0.051       ,0.880       ,0.869       ,16.480      ,16.422      ,16.039      ,0.363       ,1.816       ,0.000       ,0.027       ,1.844       ,880.000     ,0.363       ,16.402      ,0.00069       ,882           ,77.520          ,0.000         ,-0.000              ,0.007               ,23921.873       ,-0.00766          ,-0.00242              ,0.000         ,0.000         ,0.000         ,-0.005        
17:01:19.306643     ,0.049       ,0.880       ,0.869       ,16.490      ,16.434      ,16.039      ,0.384       ,1.919       ,0.000       ,0.003       ,1.923       ,880.000     ,0.384       ,16.422      ,0.00084       ,884           ,77.695          ,0.200         ,-0.001              ,0.009               ,23921.873       ,-0.01537          ,-0.00309              ,0.000         ,0.000         ,0.000         ,-0.009        
17:01:19.313821     ,0.049       ,0.880       ,0.869       ,16.500      ,16.442      ,16.039      ,0.395       ,1.975       ,0.000       ,-0.190      ,1.785       ,880.000     ,0.395       ,16.434      ,0.00100       ,886           ,77.871          ,0.400         ,-0.001              ,0.012               ,23921.873       ,-0.01532          ,-0.00389              ,0.000         ,0.000         ,0.000         ,-0.009        
17:01:19.326667     ,0.051       ,0.880       ,0.869       ,16.510      ,16.456      ,16.039      ,0.404       ,2.020       ,0.000       ,-0.044      ,1.975       ,880.000     ,0.404       ,16.442      ,0.00107       ,887           ,77.959          ,0.600         ,-0.002              ,0.014               ,23921.873       ,-0.01534          ,-0.00480              ,0.000         ,0.000         ,0.000         ,-0.010        
17:01:19.333293     ,0.051       ,0.880       ,0.869       ,16.530      ,16.473      ,16.039      ,0.417       ,2.087       ,0.000       ,0.091       ,2.177       ,880.000     ,0.417       ,16.456      ,0.00130       ,890           ,78.223          ,0.800         ,-0.003              ,0.017               ,23921.873       ,-0.00767          ,-0.00558              ,0.000         ,0.000         ,0.000         ,-0.010        
17:01:19.346483     ,0.049       ,0.880       ,0.885       ,16.540      ,16.487      ,16.039      ,0.434       ,2.170       ,0.000       ,0.063       ,2.233       ,880.000     ,0.434       ,16.473      ,0.00146       ,892           ,78.398          ,1.000         ,-0.003              ,0.019               ,23921.875       ,-0.02298          ,-0.00647              ,0.000         ,0.000         ,0.000         ,-0.014        
17:01:19.353288     ,0.051       ,0.880       ,0.885       ,16.540      ,16.502      ,16.039      ,0.463       ,2.317       ,0.000       ,0.018       ,2.335       ,880.000     ,0.463       ,16.502      ,0.00169       ,895           ,78.662          ,1.000         ,-0.003              ,0.022               ,23921.875       ,-0.01536          ,-0.00734              ,0.000         ,0.000         ,0.000         ,-0.014        
17:01:19.366460     ,0.051       ,0.880       ,0.869       ,16.540      ,16.502      ,16.039      ,0.463       ,2.317       ,0.000       ,0.018       ,2.335       ,880.000     ,0.463       ,16.502      ,0.00184       ,897           ,78.838          ,1.000         ,-0.003              ,0.025               ,23921.875       ,-0.02299          ,-0.00831              ,0.000         ,0.000         ,0.000         ,-0.014        
17:01:19.373296     ,0.049       ,0.880       ,0.869       ,16.530      ,16.525      ,16.039      ,0.486       ,2.431       ,0.000       ,-0.096      ,2.334       ,880.000     ,0.486       ,16.525      ,0.00207       ,900           ,79.102          ,1.000         ,-0.003              ,0.028               ,23921.875       ,-0.01535          ,-0.00925              ,0.000         ,0.000         ,0.000         ,-0.014        
17:01:19.386242     ,0.051       ,0.880       ,0.869       ,16.510      ,16.525      ,16.039      ,0.486       ,2.431       ,0.000       ,-0.096      ,2.334       ,880.000     ,0.486       ,16.525      ,0.00230       ,903           ,79.365          ,1.000         ,-0.003              ,0.031               ,23921.875       ,-0.02300          ,-0.01028              ,0.000         ,0.000         ,0.000         ,-0.014        
17:01:19.393293     ,0.051       ,0.880       ,0.869       ,16.510      ,16.523      ,16.039      ,0.484       ,2.422       ,0.000       ,-0.050      ,2.372       ,880.000     ,0.484       ,16.523      ,0.00253       ,906           ,79.629          ,1.000         ,-0.003              ,0.034               ,23921.875       ,-0.02302          ,-0.01138              ,0.000         ,0.000         ,0.000         ,-0.014        
17:01:19.406263     ,0.049       ,0.880       ,0.853       ,16.540      ,16.524      ,16.039      ,0.484       ,2.422       ,0.000       ,-0.050      ,2.372       ,880.000     ,0.484       ,16.523      ,0.00276       ,909           ,79.893          ,1.000         ,-0.003              ,0.037               ,23921.875       ,-0.02302          ,-0.01244              ,0.000         ,0.000         ,0.000         ,-0.015        
17:01:19.413298     ,0.049       ,0.880       ,0.869       ,16.570      ,16.528      ,16.039      ,0.489       ,2.446       ,0.000       ,0.038       ,2.484       ,880.000     ,0.489       ,16.528      ,0.00299       ,912           ,80.156          ,1.000         ,-0.003              ,0.040               ,23921.875       ,-0.02298          ,-0.01345              ,0.000         ,0.000         ,0.000         ,-0.015        
17:01:19.425294     ,0.049       ,0.880       ,0.869       ,16.560      ,16.528      ,16.039      ,0.489       ,2.446       ,0.000       ,0.038       ,2.484       ,880.000     ,0.489       ,16.528      ,0.00322       ,915           ,80.420          ,1.000         ,-0.003              ,0.043               ,23921.875       ,-0.02304          ,-0.01442              ,0.000         ,0.000         ,0.000         ,-0.015        
17:01:19.433316     ,0.049       ,0.880       ,0.869       ,16.540      ,16.529      ,16.039      ,0.490       ,2.449       ,0.000       ,-0.055      ,2.394       ,880.000     ,0.490       ,16.528      ,0.00345       ,918           ,80.684          ,1.000         ,-0.003              ,0.046               ,23921.875       ,-0.02299          ,-0.01548              ,0.000         ,0.000         ,0.000         ,-0.015        
17:01:19.446304     ,0.051       ,0.880       ,0.885       ,16.530      ,16.530      ,16.039      ,0.491       ,2.453       ,0.000       ,0.003       ,2.456       ,880.000     ,0.491       ,16.529      ,0.00376       ,922           ,81.035          ,1.000         ,-0.003              ,0.049               ,23921.875       ,-0.02302          ,-0.01638              ,0.000         ,0.000         ,0.000         ,-0.010        
17:01:19.453291     ,0.049       ,0.880       ,0.869       ,16.540      ,16.531      ,16.039      ,0.493       ,2.463       ,0.000       ,-0.006      ,2.456       ,880.000     ,0.493       ,16.531      ,0.00407       ,926           ,81.387          ,1.000         ,-0.003              ,0.052               ,23921.875       ,-0.03068          ,-0.01737              ,0.000         ,0.000         ,0.000         ,-0.010        
17:01:19.466241     ,0.051       ,0.880       ,0.869       ,16.510      ,16.525      ,16.039      ,0.493       ,2.463       ,0.000       ,-0.006      ,2.456       ,880.000     ,0.493       ,16.531      ,0.00430       ,929           ,81.650          ,1.000         ,-0.003              ,0.055               ,23921.875       ,-0.03066          ,-0.01833              ,0.000         ,0.000         ,0.000         ,-0.017        
17:01:19.473315     ,0.049       ,0.880       ,0.869       ,16.500      ,16.521      ,16.039      ,0.483       ,2.413       ,0.000       ,0.060       ,2.473       ,880.000     ,0.483       ,16.521      ,0.00460       ,933           ,82.002          ,1.000         ,-0.003              ,0.058               ,23921.875       ,-0.02302          ,-0.01926              ,0.000         ,0.000         ,0.000         ,-0.017        
17:01:19.486052     ,0.051       ,0.880       ,0.885       ,16.530      ,16.525      ,16.039      ,0.483       ,2.413       ,0.000       ,0.060       ,2.473       ,880.000     ,0.483       ,16.521      ,0.00491       ,937           ,82.354          ,1.000         ,-0.003              ,0.061               ,23921.875       ,-0.03067          ,-0.02017              ,0.000         ,0.000         ,0.000         ,-0.015        
17:01:19.493336     ,0.051       ,0.880       ,0.869       ,16.560      ,16.530      ,16.039      ,0.486       ,2.432       ,0.000       ,0.145       ,2.577       ,880.000     ,0.486       ,16.525      ,0.00522       ,941           ,82.705          ,1.000         ,-0.003              ,0.063               ,23921.875       ,-0.03066          ,-0.02106              ,0.000         ,0.000         ,0.000         ,-0.015        
17:01:19.503788     ,0.049       ,0.880       ,0.869       ,16.570      ,16.529      ,16.039      ,0.491       ,2.457       ,0.000       ,0.022       ,2.479       ,880.000     ,0.491       ,16.530      ,0.00552       ,945           ,83.057          ,1.000         ,-0.003              ,0.066               ,23921.875       ,-0.03070          ,-0.02193              ,0.000         ,0.000         ,0.000         ,-0.015        
17:01:19.513341     ,0.051       ,0.880       ,0.869       ,16.570      ,16.532      ,16.039      ,0.491       ,2.453       ,0.000       ,-0.112      ,2.342       ,880.000     ,0.491       ,16.529      ,0.00591       ,950           ,83.496          ,1.000         ,-0.003              ,0.068               ,23921.875       ,-0.03066          ,-0.02278              ,0.000         ,0.000         ,0.000         ,-0.015        
17:01:19.525717     ,0.049       ,0.880       ,0.885       ,16.570      ,16.538      ,16.039      ,0.494       ,2.469       ,0.000       ,0.075       ,2.544       ,880.000     ,0.494       ,16.532      ,0.00621       ,954           ,83.848          ,0.800         ,-0.003              ,0.071               ,23921.875       ,-0.03839          ,-0.02373              ,0.000         ,0.000         ,0.000         ,-0.014        
17:01:19.533419     ,0.051       ,0.880       ,0.885       ,16.570      ,16.542      ,16.039      ,0.499       ,2.497       ,0.000       ,0.052       ,2.549       ,880.000     ,0.499       ,16.538      ,0.00652       ,958           ,84.199          ,0.600         ,-0.002              ,0.074               ,23921.875       ,-0.03068          ,-0.02466              ,0.000         ,0.000         ,0.000         ,-0.014        
17:01:19.545735     ,0.049       ,0.880       ,0.869       ,16.600      ,16.551      ,16.039      ,0.503       ,2.517       ,0.000       ,-0.036      ,2.481       ,880.000     ,0.503       ,16.542      ,0.00690       ,963           ,84.639          ,0.400         ,-0.001              ,0.077               ,23921.875       ,-0.03068          ,-0.02556              ,0.000         ,0.000         ,0.000         ,-0.017        
17:01:19.553289     ,0.051       ,0.880       ,0.885       ,16.600      ,16.562      ,16.039      ,0.523       ,2.617       ,0.000       ,0.031       ,2.648       ,880.000     ,0.523       ,16.562      ,0.00729       ,968           ,85.078          ,0.200         ,-0.001              ,0.079               ,23921.875       ,-0.03835          ,-0.02645              ,0.000         ,0.000         ,0.000         ,-0.017        
17:01:19.563605     ,0.049       ,0.880       ,0.885       ,16.600      ,16.574      ,16.039      ,0.523       ,2.617       ,0.000       ,0.031       ,2.648       ,880.000     ,0.523       ,16.562      ,0.00759       ,972           ,85.430          ,0.000         ,-0.000              ,0.082               ,23921.875       ,-0.03835          ,-0.02731              ,0.000         ,0.000         ,0.000         ,-0.015        
17:01:19.573297     ,0.051       ,0.880       ,0.869       ,16.600      ,16.584      ,16.039      ,0.545       ,2.726       ,0.000       ,-0.031      ,2.696       ,880.000     ,0.545       ,16.584      ,0.00798       ,977           ,85.869          ,0.000         ,-0.000              ,0.084               ,23921.875       ,-0.03069          ,-0.02816              ,0.000         ,0.000         ,0.000         ,-0.015        
17:01:19.584275     ,0.051       ,0.880       ,0.885       ,16.610      ,16.593      ,16.039      ,0.545       ,2.726       ,0.000       ,-0.031      ,2.696       ,880.000     ,0.545       ,16.584      ,0.00836       ,982           ,86.309          ,0.000         ,-0.000              ,0.087               ,23921.875       ,-0.03831          ,-0.02900              ,0.000         ,0.000         ,0.000         ,-0.015        
17:01:19.593358     ,0.049       ,0.880       ,0.869       ,16.610      ,16.594      ,16.039      ,0.554       ,2.772       ,0.000       ,-0.019      ,2.753       ,880.000     ,0.554       ,16.593      ,0.00874       ,987           ,86.748          ,0.000         ,-0.000              ,0.089               ,23921.875       ,-0.03836          ,-0.02983              ,0.000         ,0.000         ,0.000         ,-0.015        
17:01:19.605016     ,0.049       ,0.880       ,0.869       ,16.620      ,16.597      ,16.039      ,0.556       ,2.779       ,0.000       ,-0.157      ,2.622       ,880.000     ,0.556       ,16.594      ,0.00913       ,992           ,87.188          ,0.000         ,-0.000              ,0.092               ,23921.875       ,-0.03833          ,-0.03064              ,0.000         ,0.000         ,0.000         ,-0.013        
17:01:19.613339     ,0.049       ,0.880       ,0.869       ,16.630      ,16.602      ,16.039      ,0.559       ,2.794       ,0.000       ,0.032       ,2.826       ,880.000     ,0.559       ,16.597      ,0.00951       ,997           ,87.627          ,0.000         ,-0.000              ,0.094               ,23921.875       ,-0.03835          ,-0.03146              ,0.000         ,0.000         ,0.000         ,-0.013        
17:01:19.624694     ,0.049       ,0.880       ,0.869       ,16.660      ,16.611      ,16.039      ,0.563       ,2.816       ,0.000       ,0.030       ,2.846       ,880.000     ,0.563       ,16.602      ,0.00989       ,1002          ,88.066          ,0.000         ,-0.000              ,0.096               ,23921.875       ,-0.03840          ,-0.03214              ,0.000         ,0.000         ,0.000         ,-0.017        
17:01:19.633306     ,0.051       ,0.880       ,0.869       ,16.660      ,16.611      ,16.039      ,0.573       ,2.907       ,0.000       ,-0.013      ,2.963       ,880.000     ,0.573       ,16.611      ,0.01028       ,1007          ,88.506          ,0.000         ,-0.000              ,0.099               ,23921.875       ,-0.03834          ,-0.03284              ,0.000         ,0.000         ,0.000         ,-0.017        
17:01:19.644461     ,0.049       ,0.880       ,0.885       ,16.680      ,16.631      ,16.039      ,0.581       ,2.907       ,0.000       ,-0.013      ,2.894       ,880.000     ,0.581       ,16.620      ,0.01066       ,1012          ,88.945          ,0.000         ,-0.000              ,0.101               ,23921.875       ,-0.03833          ,-0.03355              ,0.000         ,0.000         ,0.000         ,-0.015        
17:01:19.653288     ,0.049       ,0.880       ,0.869       ,16.680      ,16.642      ,16.039      ,0.603       ,3.016       ,0.000       ,-0.013      ,3.003       ,880.000     ,0.603       ,16.642      ,0.01104       ,1017          ,89.385          ,0.000         ,-0.000              ,0.102               ,23921.875       ,-0.03838          ,-0.03416              ,0.000         ,0.000         ,0.000         ,-0.015        
17:01:19.665525     ,0.051       ,0.880       ,0.869       ,16.670      ,16.651      ,16.039      ,0.603       ,3.016       ,0.000       ,-0.013      ,3.003       ,880.000     ,0.603       ,16.642      ,0.01143       ,1022          ,89.824          ,0.000         ,-0.000              ,0.104               ,23921.875       ,-0.03831          ,-0.03467              ,0.000         ,0.000         ,0.000         ,-0.017        
17:01:19.673293     ,0.049       ,0.880       ,0.869       ,16.680      ,16.658      ,16.039      ,0.620       ,3.099       ,0.000       ,-0.030      ,3.069       ,880.000     ,0.620       ,16.658      ,0.01181       ,1027          ,90.264          ,0.000         ,-0.000              ,0.106               ,23921.875       ,-0.03839          ,-0.03522              ,0.000         ,0.000         ,0.000         ,-0.017        
17:01:19.684267     ,0.049       ,0.880       ,0.869       ,16.710      ,16.670      ,16.039      ,0.620       ,3.099       ,0.000       ,-0.030      ,3.069       ,880.000     ,0.620       ,16.658      ,0.01227       ,1033          ,90.791          ,0.000         ,-0.000              ,0.107               ,23921.875       ,-0.03830          ,-0.03569              ,0.000         ,0.000         ,0.000         ,-0.015        
17:01:19.693287     ,0.049       ,0.880       ,0.869       ,16.690      ,16.675      ,16.039      ,0.637       ,3.183       ,0.000       ,-0.138      ,3.045       ,880.000     ,0.637       ,16.675      ,0.01266       ,1038          ,91.230          ,0.000         ,-0.000              ,0.109               ,23921.875       ,-0.04607          ,-0.03621              ,0.000         ,0.000         ,0.000         ,-0.015        
17:01:19.704372     ,0.051       ,0.880       ,0.869       ,16.710      ,16.683      ,16.039      ,0.637       ,3.183       ,0.000       ,-0.138      ,3.045       ,880.000     ,0.637       ,16.675      ,0.01296       ,1042          ,91.582          ,0.000         ,-0.000              ,0.110               ,23921.875       ,-0.03834          ,-0.03664              ,0.000         ,0.000         ,0.000         ,-0.015        
17:01:19.713342     ,0.049       ,0.880       ,0.869       ,16.730      ,16.693      ,16.039      ,0.644       ,3.221       ,0.000       ,0.051       ,3.272       ,880.000     ,0.644       ,16.683      ,0.01335       ,1047          ,92.021          ,0.000         ,-0.000              ,0.111               ,23921.875       ,-0.03067          ,-0.03690              ,0.000         ,0.000         ,0.000         ,-0.015        
17:01:19.725308     ,0.049       ,0.880       ,0.885       ,16.770      ,16.706      ,16.039      ,0.655       ,3.273       ,0.000       ,0.057       ,3.330       ,880.000     ,0.655       ,16.693      ,0.01373       ,1052          ,92.461          ,0.000         ,-0.000              ,0.111               ,23921.875       ,-0.03837          ,-0.03712              ,0.000         ,0.000         ,0.000         ,-0.015        
17:01:19.733297     ,0.049       ,0.880       ,0.869       ,16.740      ,16.708      ,16.039      ,0.669       ,3.345       ,0.000       ,-0.230      ,3.115       ,880.000     ,0.669       ,16.708      ,0.01411       ,1057          ,92.900          ,0.000         ,-0.000              ,0.112               ,23921.875       ,-0.03833          ,-0.03730              ,0.000         ,0.000         ,0.000         ,-0.015        
17:01:19.746287     ,0.049       ,0.880       ,0.853       ,16.740      ,16.716      ,16.039      ,0.669       ,3.389       ,0.000       ,0.146       ,3.115       ,880.000     ,0.669       ,16.708      ,0.01450       ,1062          ,93.340          ,0.000         ,-0.000              ,0.112               ,23921.875       ,-0.03835          ,-0.03746              ,0.000         ,0.000         ,0.000         ,-0.005        
17:01:19.753296     ,0.049       ,0.880       ,0.869       ,16.770      ,16.729      ,16.039      ,0.678       ,3.389       ,0.000       ,0.146       ,3.535       ,880.000     ,0.678       ,16.716      ,0.01488       ,1067          ,93.779          ,0.000         ,-0.000              ,0.113               ,23921.875       ,-0.03838          ,-0.03759              ,0.000         ,0.000         ,0.000         ,-0.005        
17:01:19.765382     ,0.049       ,0.880       ,0.869       ,16.790      ,16.742      ,16.039      ,0.690       ,3.518       ,0.000       ,0.014       ,3.528       ,880.000     ,0.690       ,16.729      ,0.01526       ,1072          ,94.219          ,0.000         ,-0.000              ,0.113               ,23921.875       ,-0.03829          ,-0.03771              ,0.000         ,0.000         ,0.000         ,-0.017        
17:01:19.773293     ,0.049       ,0.880       ,0.869       ,16.780      ,16.747      ,16.039      ,0.709       ,3.543       ,0.000       ,-0.169      ,3.374       ,880.000     ,0.709       ,16.747      ,0.01565       ,1077          ,94.658          ,0.000         ,-0.000              ,0.113               ,23921.875       ,-0.03841          ,-0.03780              ,0.000         ,0.000         ,0.000         ,-0.017        
17:01:19.783977     ,0.049       ,0.880       ,0.869       ,16.750      ,16.753      ,16.039      ,0.709       ,3.543       ,0.000       ,-0.169      ,3.374       ,880.000     ,0.709       ,16.747      ,0.01595       ,1081          ,95.010          ,0.000         ,-0.000              ,0.114               ,23921.875       ,-0.03835          ,-0.03789              ,0.000         ,0.000         ,0.000         ,-0.014        
17:01:19.793280     ,0.049       ,0.880       ,0.869       ,16.780      ,16.764      ,16.039      ,0.726       ,3.629       ,0.000       ,0.089       ,3.718       ,880.000     ,0.726       ,16.764      ,0.01634       ,1086          ,95.449          ,0.000         ,-0.000              ,0.113               ,23921.875       ,-0.03068          ,-0.03773              ,0.000         ,0.000         ,0.000         ,-0.014        
17:01:19.804596     ,0.051       ,0.880       ,0.869       ,16.800      ,16.770      ,16.039      ,0.726       ,3.629       ,0.000       ,0.089       ,3.718       ,880.000     ,0.726       ,16.764      ,0.01672       ,1091          ,95.889          ,0.000         ,-0.000              ,0.113               ,23921.875       ,-0.03835          ,-0.03759              ,0.000         ,0.000         ,0.000         ,-0.017        
17:01:19.813281     ,0.049       ,0.880       ,0.869       ,16.810      ,16.773      ,16.039      ,0.735       ,3.673       ,0.000       ,-0.066      ,3.607       ,880.000     ,0.735       ,16.773      ,0.01710       ,1096          ,96.328          ,0.000         ,-0.000              ,0.113               ,23921.875       ,-0.03833          ,-0.03759              ,0.000         ,0.000         ,0.000         ,-0.017        
17:01:19.823279     ,0.049       ,0.880       ,0.885       ,16.800      ,16.776      ,16.039      ,0.737       ,3.686       ,0.000       ,-0.002      ,3.684       ,880.000     ,0.737       ,16.776      ,0.01749       ,1101          ,96.768          ,0.000         ,-0.000              ,0.113               ,23921.875       ,-0.03833          ,-0.03759              ,0.000         ,0.000         ,0.000         ,-0.018        
17:01:19.833296     ,0.049       ,0.880       ,0.869       ,16.830      ,16.789      ,16.039      ,0.750       ,3.752       ,0.000       ,0.211       ,3.963       ,880.000     ,0.750       ,16.789      ,0.01787       ,1106          ,97.207          ,0.000         ,-0.000              ,0.113               ,23921.875       ,-0.03839          ,-0.03759              ,0.000         ,0.000         ,0.000         ,-0.018        
17:01:19.843278     ,0.049       ,0.880       ,0.869       ,16.830      ,16.795      ,16.039      ,0.750       ,3.752       ,0.000       ,0.211       ,3.963       ,880.000     ,0.750       ,16.789      ,0.01787       ,1106          ,97.207          ,0.000         ,-0.000              ,0.113               ,23921.875       ,-0.03839          ,-0.03759              ,0.000         ,0.000         ,0.000         ,-0.015        
17:01:19.859505     ,0.051       ,0.880       ,0.869       ,16.810      ,16.797      ,16.039      ,0.750       ,3.752       ,0.000       ,0.211       ,3.963       ,880.000     ,0.750       ,16.789      ,0.01864       ,1116          ,98.086          ,0.000         ,-0.000              ,0.113               ,23921.875       ,-0.03835          ,-0.03759              ,0.000         ,0.000         ,0.000         ,-0.013        
17:01:19.863325     ,0.051       ,0.880       ,0.869       ,16.800      ,16.798      ,16.039      ,0.758       ,3.791       ,0.000       ,-0.111      ,3.679       ,880.000     ,0.758       ,16.797      ,0.01910       ,1122          ,98.613          ,0.000         ,-0.000              ,0.113               ,23921.875       ,-0.03835          ,-0.03759              ,0.000         ,0.000         ,0.000         ,-0.013        
17:01:19.877248     ,0.051       ,0.880       ,0.853       ,16.810      ,16.805      ,16.039      ,0.758       ,3.791       ,0.000       ,-0.111      ,3.679       ,880.000     ,0.758       ,16.797      ,0.01948       ,1127          ,99.053          ,0.000         ,-0.000              ,0.113               ,23921.875       ,-0.03834          ,-0.03759              ,0.000         ,0.000         ,0.000         ,-0.017        
17:01:19.883319     ,0.051       ,0.880       ,0.885       ,16.830      ,16.809      ,16.039      ,0.767       ,3.853       ,0.000       ,-0.093      ,3.852       ,880.000     ,0.767       ,16.805      ,0.01987       ,1132          ,99.492          ,0.000         ,-0.000              ,0.113               ,23921.875       ,-0.03836          ,-0.03759              ,0.000         ,0.000         ,0.000         ,-0.017        
17:01:19.896213     ,0.049       ,0.880       ,0.869       ,16.840      ,16.813      ,16.039      ,0.771       ,3.853       ,0.000       ,-0.093      ,3.759       ,880.000     ,0.771       ,16.809      ,0.02025       ,1137          ,99.932          ,0.000         ,-0.000              ,0.113               ,23921.875       ,-0.03832          ,-0.03759              ,0.000         ,0.000         ,0.000         ,-0.015        
17:01:19.903281     ,0.049       ,0.880       ,0.869       ,16.840      ,16.817      ,16.039      ,0.779       ,3.893       ,0.000       ,0.084       ,3.977       ,880.000     ,0.779       ,16.817      ,0.02071       ,1143          ,100.459         ,0.000         ,-0.000              ,0.113               ,23921.875       ,-0.03832          ,-0.03759              ,0.000         ,0.000         ,0.000         ,-0.015        
17:01:19.914850     ,0.051       ,0.880       ,0.869       ,16.840      ,16.821      ,16.039      ,0.779       ,3.893       ,0.000       ,0.084       ,3.977       ,880.000     ,0.779       ,16.817      ,0.02109       ,1148          ,100.898         ,0.000         ,-0.000              ,0.113               ,23921.875       ,-0.04600          ,-0.03770              ,0.000         ,0.000         ,0.000         ,-0.015        
17:01:19.923283     ,0.051       ,0.880       ,0.885       ,16.840      ,16.823      ,16.039      ,0.784       ,3.922       ,0.000       ,-0.044      ,3.878       ,880.000     ,0.784       ,16.823      ,0.02155       ,1154          ,101.426         ,0.000         ,-0.000              ,0.114               ,23921.875       ,-0.03837          ,-0.03791              ,0.000         ,0.000         ,0.000         ,-0.015        
17:01:19.933310     ,0.051       ,0.880       ,0.869       ,16.830      ,16.821      ,16.039      ,0.784       ,3.922       ,0.000       ,-0.044      ,3.878       ,880.000     ,0.784       ,16.823      ,0.02194       ,1159          ,101.865         ,0.000         ,-0.000              ,0.115               ,23921.875       ,-0.04602          ,-0.03821              ,0.000         ,0.000         ,0.000         ,-0.015        
17:01:19.943285     ,0.049       ,0.880       ,0.885       ,16.790      ,16.815      ,16.039      ,0.776       ,3.882       ,0.000       ,-0.101      ,3.781       ,880.000     ,0.776       ,16.815      ,0.02240       ,1165          ,102.393         ,0.000         ,-0.000              ,0.115               ,23921.875       ,-0.03835          ,-0.03846              ,0.000         ,0.000         ,0.000         ,-0.015        
17:01:19.955148     ,0.049       ,0.880       ,0.869       ,16.810      ,16.815      ,16.039      ,0.776       ,3.882       ,0.000       ,-0.101      ,3.781       ,880.000     ,0.776       ,16.815      ,0.02286       ,1171          ,102.920         ,0.000         ,-0.000              ,0.116               ,23921.875       ,-0.04601          ,-0.03879              ,0.000         ,0.000         ,0.000         ,-0.015        
17:01:19.963290     ,0.049       ,0.880       ,0.853       ,16.810      ,16.815      ,16.039      ,0.776       ,3.881       ,0.000       ,-0.020      ,3.861       ,880.000     ,0.776       ,16.815      ,0.02324       ,1176          ,103.359         ,0.000         ,-0.000              ,0.118               ,23921.875       ,-0.04601          ,-0.03918              ,0.000         ,0.000         ,0.000         ,-0.015        
17:01:19.973304     ,0.049       ,0.880       ,0.869       ,16.810      ,16.812      ,16.039      ,0.773       ,3.865       ,0.000       ,-0.055      ,3.810       ,880.000     ,0.773       ,16.812      ,0.02370       ,1182          ,103.887         ,0.000         ,-0.000              ,0.119               ,23921.875       ,-0.03836          ,-0.03952              ,0.000         ,0.000         ,0.000         ,-0.017        
17:01:19.983323     ,0.051       ,0.880       ,0.869       ,16.810      ,16.807      ,16.039      ,0.773       ,3.865       ,0.000       ,-0.055      ,3.810       ,880.000     ,0.773       ,16.812      ,0.02416       ,1188          ,104.414         ,0.000         ,-0.000              ,0.120               ,23921.875       ,-0.04599          ,-0.03992              ,0.000         ,0.000         ,0.000         ,-0.017        
17:01:19.993296     ,0.051       ,0.880       ,0.869       ,16.830      ,16.810      ,16.039      ,0.768       ,3.842       ,0.000       ,-0.025      ,3.818       ,880.000     ,0.768       ,16.807      ,0.02454       ,1193          ,104.854         ,0.000         ,-0.000              ,0.120               ,23921.875       ,-0.04599          ,-0.03992              ,0.000         ,0.000         ,0.000         ,-0.015        
17:01:20.007971     ,0.049       ,0.880       ,0.869       ,16.830      ,16.810      ,16.039      ,0.768       ,3.842       ,0.000       ,-0.025      ,3.818       ,880.000     ,0.768       ,16.807      ,0.02500       ,1199          ,105.381         ,0.000         ,-0.000              ,0.121               ,23921.875       ,-0.04605          ,-0.04037              ,0.000         ,0.000         ,0.000         ,-0.014        
17:01:20.013325     ,0.049       ,0.880       ,0.869       ,16.810      ,16.800      ,16.039      ,0.765       ,3.826       ,0.000       ,0.027       ,3.853       ,880.000     ,0.765       ,16.804      ,0.02546       ,1205          ,105.908         ,0.000         ,-0.000              ,0.121               ,23921.875       ,-0.04605          ,-0.04037              ,0.000         ,0.000         ,0.000         ,-0.014        
17:01:20.027017     ,0.051       ,0.880       ,0.885       ,16.810      ,16.799      ,16.039      ,0.761       ,3.806       ,0.000       ,-0.014      ,3.792       ,880.000     ,0.761       ,16.800      ,0.02592       ,1211          ,106.436         ,0.000         ,-0.000              ,0.124               ,23921.875       ,-0.04604          ,-0.04130              ,0.000         ,0.000         ,0.000         ,-0.015        
17:01:20.033371     ,0.051       ,0.880       ,0.885       ,16.830      ,16.804      ,16.039      ,0.761       ,3.806       ,0.000       ,-0.014      ,3.792       ,880.000     ,0.761       ,16.800      ,0.02638       ,1217          ,106.963         ,0.000         ,-0.000              ,0.124               ,23921.875       ,-0.04604          ,-0.04130              ,0.000         ,0.000         ,0.000         ,-0.015        
17:01:20.045959     ,0.051       ,0.880       ,0.869       ,16.790      ,16.800      ,16.039      ,0.766       ,3.829       ,0.000       ,0.168       ,3.997       ,880.000     ,0.766       ,16.804      ,0.02684       ,1223          ,107.490         ,0.000         ,-0.000              ,0.125               ,23921.875       ,-0.04602          ,-0.04178              ,0.000         ,0.000         ,0.000         ,-0.015        
17:01:20.053281     ,0.049       ,0.880       ,0.869       ,16.790      ,16.800      ,16.039      ,0.761       ,3.805       ,0.000       ,-0.184      ,3.621       ,880.000     ,0.761       ,16.800      ,0.02730       ,1229          ,108.018         ,0.000         ,-0.000              ,0.127               ,23921.875       ,-0.04602          ,-0.04218              ,0.000         ,0.000         ,0.000         ,-0.015        
17:01:20.064553     ,0.049       ,0.880       ,0.885       ,16.790      ,16.800      ,16.039      ,0.762       ,3.809       ,0.000       ,0.109       ,3.918       ,880.000     ,0.762       ,16.800      ,0.02777       ,1235          ,108.545         ,0.000         ,-0.000              ,0.128               ,23921.875       ,-0.04601          ,-0.04264              ,0.000         ,0.000         ,0.000         ,-0.015        
17:01:20.073286     ,0.049       ,0.880       ,0.885       ,16.800      ,16.798      ,16.039      ,0.761       ,3.805       ,0.000       ,-0.028      ,3.777       ,880.000     ,0.761       ,16.800      ,0.02823       ,1241          ,109.072         ,0.000         ,-0.000              ,0.129               ,23921.875       ,-0.04603          ,-0.04304              ,0.000         ,0.000         ,0.000         ,-0.015        
17:01:20.083994     ,0.049       ,0.880       ,0.885       ,16.790      ,16.790      ,16.039      ,0.760       ,3.756       ,0.000       ,-0.148      ,3.788       ,880.000     ,0.760       ,16.798      ,0.02876       ,1248          ,109.688         ,0.000         ,-0.000              ,0.130               ,23921.875       ,-0.04590          ,-0.04337              ,0.000         ,0.000         ,0.000         ,-0.014        
17:01:20.093296     ,0.051       ,0.880       ,0.885       ,16.790      ,16.788      ,16.039      ,0.751       ,3.756       ,0.000       ,-0.148      ,3.608       ,880.000     ,0.751       ,16.790      ,0.02922       ,1254          ,110.215         ,0.000         ,-0.000              ,0.132               ,23921.875       ,-0.05383          ,-0.04388              ,0.000         ,0.000         ,0.000         ,-0.014        
17:01:20.106799     ,0.049       ,0.880       ,0.885       ,16.810      ,16.788      ,16.039      ,0.749       ,3.747       ,0.000       ,0.139       ,3.887       ,880.000     ,0.749       ,16.788      ,0.02968       ,1260          ,110.742         ,0.000         ,-0.000              ,0.133               ,23921.875       ,-0.04601          ,-0.04432              ,0.000         ,0.000         ,0.000         ,-0.015        
17:01:20.113302     ,0.049       ,0.880       ,0.869       ,16.840      ,16.793      ,16.039      ,0.750       ,3.749       ,0.000       ,0.041       ,3.790       ,880.000     ,0.750       ,16.788      ,0.03014       ,1266          ,111.270         ,0.000         ,-0.000              ,0.134               ,23921.875       ,-0.04600          ,-0.04469              ,0.000         ,0.000         ,0.000         ,-0.015        
17:01:20.125391     ,0.049       ,0.880       ,0.869       ,16.810      ,16.791      ,16.039      ,0.755       ,3.773       ,0.000       ,0.089       ,3.863       ,880.000     ,0.755       ,16.793      ,0.03060       ,1272          ,111.797         ,0.000         ,-0.000              ,0.135               ,23921.875       ,-0.04605          ,-0.04500              ,0.000         ,0.000         ,0.000         ,-0.015        
17:01:20.133290     ,0.049       ,0.880       ,0.869       ,16.800      ,16.793      ,16.039      ,0.753       ,3.764       ,0.000       ,-0.136      ,3.628       ,880.000     ,0.753       ,16.791      ,0.03114       ,1279          ,112.412         ,0.000         ,-0.000              ,0.136               ,23921.875       ,-0.04602          ,-0.04527              ,0.000         ,0.000         ,0.000         ,-0.015        
17:01:20.143909     ,0.051       ,0.880       ,0.869       ,16.800      ,16.797      ,16.039      ,0.754       ,3.772       ,0.000       ,0.072       ,3.843       ,880.000     ,0.754       ,16.793      ,0.03160       ,1285          ,112.939         ,0.000         ,-0.000              ,0.137               ,23921.875       ,-0.05369          ,-0.04561              ,0.000         ,0.000         ,0.000         ,-0.018        
17:01:20.153321     ,0.051       ,0.880       ,0.869       ,16.800      ,16.799      ,16.039      ,0.759       ,3.793       ,0.000       ,0.052       ,3.845       ,880.000     ,0.759       ,16.797      ,0.03206       ,1291          ,113.467         ,0.000         ,-0.000              ,0.138               ,23921.875       ,-0.04602          ,-0.04590              ,0.000         ,0.000         ,0.000         ,-0.018        
17:01:20.164550     ,0.049       ,0.880       ,0.869       ,16.810      ,16.798      ,16.039      ,0.760       ,3.802       ,0.000       ,-0.049      ,3.753       ,880.000     ,0.760       ,16.799      ,0.03252       ,1297          ,113.994         ,0.000         ,-0.000              ,0.138               ,23921.875       ,-0.04602          ,-0.04615              ,0.000         ,0.000         ,0.000         ,-0.017        
17:01:20.173274     ,0.049       ,0.880       ,0.869       ,16.830      ,16.804      ,16.039      ,0.759       ,3.796       ,0.000       ,-0.062      ,3.733       ,880.000     ,0.759       ,16.798      ,0.03306       ,1304          ,114.609         ,0.000         ,-0.000              ,0.139               ,23921.875       ,-0.04602          ,-0.04636              ,0.000         ,0.000         ,0.000         ,-0.017        
17:01:20.184197     ,0.051       ,0.880       ,0.869       ,16.830      ,16.809      ,16.039      ,0.766       ,3.828       ,0.000       ,0.158       ,3.986       ,880.000     ,0.766       ,16.804      ,0.03352       ,1310          ,115.137         ,0.000         ,-0.000              ,0.140               ,23921.875       ,-0.05358          ,-0.04666              ,0.000         ,0.000         ,0.000         ,-0.017        
17:01:20.193278     ,0.049       ,0.880       ,0.853       ,16.840      ,16.812      ,16.039      ,0.770       ,3.850       ,0.000       ,-0.046      ,3.803       ,880.000     ,0.770       ,16.809      ,0.03398       ,1316          ,115.664         ,0.000         ,-0.000              ,0.140               ,23921.875       ,-0.04612          ,-0.04679              ,0.000         ,0.000         ,0.000         ,-0.017        
17:01:20.203860     ,0.049       ,0.880       ,0.885       ,16.840      ,16.815      ,16.039      ,0.773       ,3.866       ,0.000       ,-0.018      ,3.848       ,880.000     ,0.773       ,16.812      ,0.03451       ,1323          ,116.279         ,0.000         ,-0.000              ,0.141               ,23921.875       ,-0.04603          ,-0.04691              ,0.000         ,0.000         ,0.000         ,-0.014        
17:01:20.213284     ,0.049       ,0.880       ,0.869       ,16.840      ,16.817      ,16.039      ,0.776       ,3.880       ,0.000       ,-0.011      ,3.869       ,880.000     ,0.776       ,16.815      ,0.03497       ,1329          ,116.807         ,0.000         ,-0.000              ,0.141               ,23921.875       ,-0.05367          ,-0.04712              ,0.000         ,0.000         ,0.000         ,-0.014        
17:01:20.224609     ,0.051       ,0.880       ,0.869       ,16.850      ,16.821      ,16.039      ,0.779       ,3.894       ,0.000       ,-0.002      ,3.892       ,880.000     ,0.779       ,16.817      ,0.03551       ,1336          ,117.422         ,0.000         ,-0.000              ,0.142               ,23921.875       ,-0.04603          ,-0.04730              ,0.000         ,0.000         ,0.000         ,-0.015        
17:01:20.233316     ,0.051       ,0.880       ,0.869       ,16.860      ,16.829      ,16.039      ,0.783       ,3.913       ,0.000       ,0.024       ,3.937       ,880.000     ,0.783       ,16.821      ,0.03597       ,1342          ,117.949         ,0.000         ,-0.000              ,0.143               ,23921.875       ,-0.05368          ,-0.04757              ,0.000         ,0.000         ,0.000         ,-0.015        
17:01:20.244106     ,0.051       ,0.880       ,0.869       ,16.870      ,16.838      ,16.039      ,0.791       ,3.954       ,0.000       ,0.085       ,4.038       ,880.000     ,0.791       ,16.829      ,0.03643       ,1348          ,118.477         ,0.000         ,-0.000              ,0.143               ,23921.875       ,-0.04590          ,-0.04768              ,0.000         ,0.000         ,0.000         ,-0.010        
17:01:20.253297     ,0.051       ,0.880       ,0.869       ,16.870      ,16.846      ,16.039      ,0.799       ,3.997       ,0.000       ,0.008       ,4.005       ,880.000     ,0.799       ,16.838      ,0.03697       ,1355          ,119.092         ,0.000         ,-0.000              ,0.143               ,23921.875       ,-0.04614          ,-0.04777              ,0.000         ,0.000         ,0.000         ,-0.010        
17:01:20.263661     ,0.049       ,0.880       ,0.885       ,16.870      ,16.852      ,16.039      ,0.807       ,4.036       ,0.000       ,-0.014      ,4.022       ,880.000     ,0.807       ,16.846      ,0.03743       ,1361          ,119.619         ,0.000         ,-0.000              ,0.144               ,23921.875       ,-0.05370          ,-0.04797              ,0.000         ,0.000         ,0.000         ,-0.015        
17:01:20.273311     ,0.049       ,0.880       ,0.869       ,16.890      ,16.860      ,16.039      ,0.814       ,4.069       ,0.000       ,-0.023      ,4.046       ,880.000     ,0.814       ,16.852      ,0.03789       ,1367          ,120.146         ,0.000         ,-0.000              ,0.144               ,23921.875       ,-0.04603          ,-0.04814              ,0.000         ,0.000         ,0.000         ,-0.015        
17:01:20.283287     ,0.049       ,0.880       ,0.869       ,16.910      ,16.868      ,16.039      ,0.821       ,4.106       ,0.000       ,0.012       ,4.118       ,880.000     ,0.821       ,16.860      ,0.03843       ,1374          ,120.762         ,0.000         ,-0.000              ,0.144               ,23921.875       ,-0.04603          ,-0.04814              ,0.000         ,0.000         ,0.000         ,-0.015        
17:01:20.300135     ,0.049       ,0.880       ,0.869       ,16.920      ,16.875      ,16.039      ,0.821       ,4.106       ,0.000       ,0.012       ,4.118       ,880.000     ,0.821       ,16.860      ,0.03889       ,1380          ,121.289         ,0.000         ,-0.000              ,0.145               ,23921.875       ,-0.04601          ,-0.04817              ,0.000         ,0.000         ,0.000         ,-0.015        
17:01:20.303276     ,0.049       ,0.880       ,0.869       ,16.930      ,16.885      ,16.039      ,0.837       ,4.183       ,0.000       ,0.165       ,4.348       ,880.000     ,0.837       ,16.875      ,0.03935       ,1386          ,121.816         ,0.000         ,-0.000              ,0.145               ,23921.875       ,-0.04601          ,-0.04817              ,0.000         ,0.000         ,0.000         ,-0.015        
17:01:20.319138     ,0.049       ,0.880       ,0.885       ,16.950      ,16.899      ,16.039      ,0.847       ,4.233       ,0.000       ,-0.114      ,4.119       ,880.000     ,0.847       ,16.885      ,0.03981       ,1392          ,122.344         ,0.000         ,-0.000              ,0.145               ,23921.875       ,-0.04601          ,-0.04821              ,0.000         ,0.000         ,0.000         ,-0.015        
17:01:20.323301     ,0.049       ,0.880       ,0.885       ,16.950      ,16.910      ,16.039      ,0.847       ,4.233       ,0.000       ,-0.114      ,4.119       ,880.000     ,0.847       ,16.885      ,0.04019       ,1397          ,122.783         ,0.000         ,-0.000              ,0.145               ,23921.875       ,-0.04601          ,-0.04821              ,0.000         ,0.000         ,0.000         ,-0.015        
17:01:20.337702     ,0.049       ,0.880       ,0.869       ,16.970      ,16.922      ,16.039      ,0.871       ,4.418       ,0.000       ,-0.245      ,4.654       ,880.000     ,0.871       ,16.910      ,0.04065       ,1403          ,123.311         ,0.000         ,-0.000              ,0.144               ,23921.875       ,-0.03836          ,-0.04800              ,0.000         ,0.000         ,0.000         ,-0.019        
17:01:20.343289     ,0.051       ,0.880       ,0.869       ,16.970      ,16.934      ,16.039      ,0.884       ,4.418       ,0.000       ,-0.245      ,4.173       ,880.000     ,0.884       ,16.922      ,0.04111       ,1409          ,123.838         ,0.000         ,-0.000              ,0.143               ,23921.875       ,-0.04601          ,-0.04782              ,0.000         ,0.000         ,0.000         ,-0.019        
17:01:20.356321     ,0.051       ,0.880       ,0.885       ,16.970      ,16.945      ,16.039      ,0.895       ,4.530       ,0.000       ,-0.023      ,4.463       ,880.000     ,0.895       ,16.934      ,0.04149       ,1414          ,124.277         ,0.000         ,-0.000              ,0.143               ,23921.875       ,-0.04605          ,-0.04755              ,0.000         ,0.000         ,0.000         ,-0.014        
17:01:20.363282     ,0.049       ,0.880       ,0.869       ,17.010      ,16.958      ,16.039      ,0.906       ,4.530       ,0.000       ,-0.023      ,4.507       ,880.000     ,0.906       ,16.945      ,0.04188       ,1419          ,124.717         ,0.000         ,-0.000              ,0.142               ,23921.875       ,-0.03833          ,-0.04720              ,0.000         ,0.000         ,0.000         ,-0.014        
17:01:20.374842     ,0.051       ,0.880       ,0.869       ,17.020      ,16.972      ,16.039      ,0.920       ,4.599       ,0.000       ,0.066       ,4.665       ,880.000     ,0.920       ,16.958      ,0.04226       ,1424          ,125.156         ,0.000         ,-0.000              ,0.140               ,23921.875       ,-0.03835          ,-0.04680              ,0.000         ,0.000         ,0.000         ,-0.014        
17:01:20.383284     ,0.049       ,0.880       ,0.869       ,17.030      ,16.983      ,16.039      ,0.934       ,4.668       ,0.000       ,-0.003      ,4.665       ,880.000     ,0.934       ,16.972      ,0.04264       ,1429          ,125.596         ,0.000         ,-0.000              ,0.139               ,23921.875       ,-0.03837          ,-0.04622              ,0.000         ,0.000         ,0.000         ,-0.014        
17:01:20.393454     ,0.049       ,0.880       ,0.869       ,17.020      ,16.991      ,16.039      ,0.944       ,4.720       ,0.000       ,-0.067      ,4.652       ,880.000     ,0.944       ,16.983      ,0.04303       ,1434          ,126.035         ,0.000         ,-0.000              ,0.139               ,23921.875       ,-0.03837          ,-0.04622              ,0.000         ,0.000         ,0.000         ,-0.015        
17:01:20.403329     ,0.049       ,0.880       ,0.869       ,17.000      ,16.998      ,16.039      ,0.944       ,4.720       ,0.000       ,-0.067      ,4.652       ,880.000     ,0.944       ,16.983      ,0.04341       ,1439          ,126.475         ,0.000         ,-0.000              ,0.137               ,23921.875       ,-0.03834          ,-0.04562              ,0.000         ,0.000         ,0.000         ,-0.015        
17:01:20.413283     ,0.049       ,0.880       ,0.869       ,17.000      ,16.999      ,16.039      ,0.960       ,4.801       ,0.000       ,-0.276      ,4.525       ,880.000     ,0.960       ,16.999      ,0.04380       ,1444          ,126.914         ,0.000         ,-0.000              ,0.135               ,23921.875       ,-0.03835          ,-0.04499              ,0.000         ,0.000         ,0.000         ,-0.015        
17:01:20.423275     ,0.051       ,0.880       ,0.885       ,17.010      ,17.002      ,16.039      ,0.963       ,4.817       ,0.000       ,0.040       ,4.857       ,880.000     ,0.963       ,17.002      ,0.04410       ,1448          ,127.266         ,0.000         ,-0.000              ,0.133               ,23921.875       ,-0.03835          ,-0.04434              ,0.000         ,0.000         ,0.000         ,-0.015        
17:01:20.433283     ,0.051       ,0.880       ,0.885       ,17.020      ,17.005      ,16.039      ,0.963       ,4.817       ,0.000       ,0.040       ,4.857       ,880.000     ,0.963       ,17.002      ,0.04449       ,1453          ,127.705         ,0.000         ,-0.000              ,0.133               ,23921.875       ,-0.03835          ,-0.04434              ,0.000         ,0.000         ,0.000         ,-0.015        
17:01:20.443292     ,0.051       ,0.880       ,0.853       ,17.030      ,17.008      ,16.039      ,0.963       ,4.817       ,0.000       ,0.040       ,4.857       ,880.000     ,0.963       ,17.002      ,0.04479       ,1457          ,128.057         ,0.000         ,-0.000              ,0.131               ,23921.875       ,-0.03068          ,-0.04355              ,0.000         ,0.000         ,0.000         ,-0.015        
17:01:20.453338     ,0.051       ,0.880       ,0.853       ,17.030      ,17.012      ,16.039      ,0.970       ,4.849       ,0.000       ,0.065       ,4.914       ,880.000     ,0.970       ,17.008      ,0.04510       ,1461          ,128.408         ,0.000         ,-0.000              ,0.131               ,23921.875       ,-0.03068          ,-0.04355              ,0.000         ,0.000         ,0.000         ,-0.015        
17:01:20.463285     ,0.051       ,0.880       ,0.869       ,17.030      ,17.014      ,16.039      ,0.975       ,4.876       ,0.000       ,-0.021      ,4.855       ,880.000     ,0.975       ,17.014      ,0.04541       ,1465          ,128.760         ,0.000         ,-0.000              ,0.128               ,23921.875       ,-0.03069          ,-0.04277              ,0.000         ,0.000         ,0.000         ,-0.015        
17:01:20.473292     ,0.049       ,0.880       ,0.853       ,17.030      ,17.014      ,16.039      ,0.975       ,4.875       ,0.000       ,-0.113      ,4.762       ,880.000     ,0.975       ,17.014      ,0.04571       ,1469          ,129.111         ,0.000         ,-0.000              ,0.126               ,23921.875       ,-0.03068          ,-0.04188              ,0.000         ,0.000         ,0.000         ,-0.015        
17:01:20.483281     ,0.051       ,0.880       ,0.869       ,17.000      ,17.009      ,16.039      ,0.970       ,4.851       ,0.000       ,-0.092      ,4.759       ,880.000     ,0.970       ,17.009      ,0.04602       ,1473          ,129.463         ,0.000         ,-0.000              ,0.123               ,23921.875       ,-0.03061          ,-0.04089              ,0.000         ,0.000         ,0.000         ,-0.015        
17:01:20.493288     ,0.051       ,0.880       ,0.869       ,17.000      ,17.006      ,16.039      ,0.970       ,4.851       ,0.000       ,-0.092      ,4.759       ,880.000     ,0.970       ,17.009      ,0.04633       ,1477          ,129.814         ,0.000         ,-0.000              ,0.123               ,23921.875       ,-0.03061          ,-0.04089              ,0.000         ,0.000         ,0.000         ,-0.013        
17:01:20.509592     ,0.049       ,0.880       ,0.869       ,17.020      ,17.009      ,16.039      ,0.970       ,4.851       ,0.000       ,-0.092      ,4.759       ,880.000     ,0.970       ,17.009      ,0.04663       ,1481          ,130.166         ,0.000         ,-0.000              ,0.120               ,23921.875       ,-0.03077          ,-0.03993              ,0.000         ,0.000         ,0.000         ,-0.017        
17:01:20.513293     ,0.049       ,0.880       ,0.869       ,17.020      ,17.010      ,16.039      ,0.970       ,4.851       ,0.000       ,0.098       ,4.949       ,880.000     ,0.970       ,17.009      ,0.04694       ,1485          ,130.518         ,0.000         ,-0.000              ,0.120               ,23921.875       ,-0.03077          ,-0.03993              ,0.000         ,0.000         ,0.000         ,-0.017        
17:01:20.529242     ,0.051       ,0.880       ,0.885       ,17.000      ,17.006      ,16.039      ,0.970       ,4.851       ,0.000       ,0.098       ,4.949       ,880.000     ,0.970       ,17.009      ,0.04717       ,1488          ,130.781         ,0.000         ,-0.000              ,0.117               ,23921.875       ,-0.03067          ,-0.03901              ,0.000         ,0.000         ,0.000         ,-0.017        
17:01:20.533278     ,0.051       ,0.880       ,0.885       ,17.010      ,17.007      ,16.039      ,0.967       ,4.835       ,0.000       ,-0.066      ,4.768       ,880.000     ,0.967       ,17.006      ,0.04748       ,1492          ,131.133         ,0.000         ,-0.000              ,0.117               ,23921.875       ,-0.03067          ,-0.03901              ,0.000         ,0.000         ,0.000         ,-0.017        
17:01:20.546982     ,0.049       ,0.880       ,0.869       ,17.070      ,17.016      ,16.039      ,0.968       ,4.841       ,0.000       ,0.090       ,4.931       ,880.000     ,0.968       ,17.007      ,0.04771       ,1495          ,131.396         ,0.000         ,-0.000              ,0.111               ,23921.875       ,-0.03065          ,-0.03701              ,0.000         ,0.000         ,0.000         ,-0.015        
17:01:20.553326     ,0.049       ,0.880       ,0.869       ,17.040      ,17.013      ,16.039      ,0.968       ,4.841       ,0.000       ,0.090       ,4.931       ,880.000     ,0.968       ,17.007      ,0.04801       ,1499          ,131.748         ,0.000         ,-0.000              ,0.111               ,23921.875       ,-0.03065          ,-0.03701              ,0.000         ,0.000         ,0.000         ,-0.015        
17:01:20.566785     ,0.049       ,0.880       ,0.853       ,17.000      ,17.007      ,16.039      ,0.974       ,4.872       ,0.000       ,0.100       ,4.971       ,880.000     ,0.974       ,17.013      ,0.04824       ,1502          ,132.012         ,0.000         ,-0.000              ,0.108               ,23921.875       ,-0.03066          ,-0.03606              ,0.000         ,0.000         ,0.000         ,-0.015        
17:01:20.573358     ,0.051       ,0.880       ,0.869       ,17.010      ,17.011      ,16.039      ,0.968       ,4.841       ,0.000       ,-0.249      ,4.592       ,880.000     ,0.968       ,17.007      ,0.04855       ,1506          ,132.363         ,0.000         ,-0.000              ,0.105               ,23921.875       ,-0.02302          ,-0.03502              ,0.000         ,0.000         ,0.000         ,-0.015        
17:01:20.584354     ,0.049       ,0.880       ,0.869       ,17.070      ,17.024      ,16.039      ,0.972       ,4.861       ,0.000       ,0.203       ,5.064       ,880.000     ,0.972       ,17.011      ,0.04878       ,1509          ,132.627         ,0.000         ,-0.000              ,0.102               ,23921.875       ,-0.03066          ,-0.03414              ,0.000         ,0.000         ,0.000         ,-0.015        
17:01:20.593309     ,0.051       ,0.880       ,0.885       ,17.060      ,17.024      ,16.039      ,0.986       ,4.928       ,0.000       ,0.192       ,5.120       ,880.000     ,0.986       ,17.024      ,0.04901       ,1512          ,132.891         ,0.000         ,-0.000              ,0.100               ,23921.875       ,-0.02302          ,-0.03327              ,0.000         ,0.000         ,0.000         ,-0.015        
17:01:20.603300     ,0.051       ,0.880       ,0.885       ,17.010      ,17.021      ,16.039      ,0.985       ,4.925       ,0.000       ,-0.285      ,4.640       ,880.000     ,0.985       ,17.024      ,0.04924       ,1515          ,133.154         ,0.000         ,-0.000              ,0.100               ,23921.875       ,-0.02302          ,-0.03327              ,0.000         ,0.000         ,0.000         ,-0.015        
17:01:20.619459     ,0.049       ,0.880       ,0.869       ,17.020      ,17.028      ,16.039      ,0.985       ,4.925       ,0.000       ,-0.285      ,4.640       ,880.000     ,0.985       ,17.024      ,0.04955       ,1519          ,133.506         ,0.000         ,-0.000              ,0.097               ,23921.875       ,-0.02303          ,-0.03242              ,0.000         ,0.000         ,0.000         ,-0.017        
17:01:20.623277     ,0.049       ,0.880       ,0.869       ,17.060      ,17.036      ,16.039      ,0.989       ,4.946       ,0.000       ,0.097       ,5.043       ,880.000     ,0.989       ,17.028      ,0.04978       ,1522          ,133.770         ,0.000         ,-0.000              ,0.097               ,23921.875       ,-0.02303          ,-0.03242              ,0.000         ,0.000         ,0.000         ,-0.017        
17:01:20.638234     ,0.049       ,0.880       ,0.885       ,17.060      ,17.032      ,16.039      ,0.998       ,4.989       ,0.000       ,0.089       ,5.078       ,880.000     ,0.998       ,17.036      ,0.05001       ,1525          ,134.033         ,0.000         ,-0.000              ,0.093               ,23921.875       ,-0.02300          ,-0.03097              ,0.000         ,0.000         ,0.000         ,-0.015        
17:01:20.643298     ,0.049       ,0.880       ,0.885       ,17.020      ,17.024      ,16.039      ,0.998       ,4.989       ,0.000       ,0.089       ,5.078       ,880.000     ,0.998       ,17.036      ,0.05024       ,1528          ,134.297         ,0.000         ,-0.000              ,0.093               ,23921.875       ,-0.02300          ,-0.03097              ,0.000         ,0.000         ,0.000         ,-0.015        
17:01:20.656961     ,0.049       ,0.880       ,0.869       ,17.040      ,17.031      ,16.039      ,0.985       ,4.927       ,0.000       ,-0.422      ,4.504       ,880.000     ,0.985       ,17.024      ,0.05047       ,1531          ,134.561         ,0.000         ,-0.000              ,0.091               ,23921.875       ,-0.02301          ,-0.03024              ,0.000         ,0.000         ,0.000         ,-0.015        
17:01:20.663290     ,0.049       ,0.880       ,0.869       ,17.070      ,17.039      ,16.039      ,0.992       ,4.961       ,0.000       ,0.388       ,5.349       ,880.000     ,0.992       ,17.031      ,0.05070       ,1534          ,134.824         ,0.000         ,-0.000              ,0.089               ,23921.875       ,-0.02300          ,-0.02962              ,0.000         ,0.000         ,0.000         ,-0.015        
17:01:20.675494     ,0.051       ,0.880       ,0.869       ,17.070      ,17.039      ,16.039      ,1.000       ,5.000       ,0.000       ,-0.171      ,5.028       ,880.000     ,1.000       ,17.039      ,0.05093       ,1537          ,135.088         ,0.000         ,-0.000              ,0.087               ,23921.875       ,-0.02302          ,-0.02897              ,0.000         ,0.000         ,0.000         ,-0.017        
17:01:20.683282     ,0.049       ,0.880       ,0.869       ,17.030      ,17.033      ,16.039      ,1.000       ,5.000       ,0.000       ,-0.171      ,4.830       ,880.000     ,1.000       ,17.039      ,0.05108       ,1539          ,135.264         ,0.000         ,-0.000              ,0.085               ,23921.875       ,-0.02299          ,-0.02831              ,0.000         ,0.000         ,0.000         ,-0.017        
17:01:20.696278     ,0.051       ,0.880       ,0.885       ,17.020      ,17.036      ,16.039      ,0.995       ,4.974       ,0.000       ,-0.100      ,4.874       ,880.000     ,0.995       ,17.033      ,0.05131       ,1542          ,135.527         ,0.000         ,-0.000              ,0.083               ,23921.875       ,-0.01535          ,-0.02763              ,0.000         ,0.000         ,0.000         ,-0.015        
17:01:20.703324     ,0.051       ,0.880       ,0.853       ,17.060      ,17.042      ,16.039      ,0.998       ,4.988       ,0.000       ,0.163       ,5.150       ,880.000     ,0.998       ,17.036      ,0.05154       ,1545          ,135.791         ,0.000         ,-0.000              ,0.081               ,23921.875       ,-0.02289          ,-0.02693              ,0.000         ,0.000         ,0.000         ,-0.015        
17:01:20.715064     ,0.051       ,0.880       ,0.869       ,17.040      ,17.037      ,16.039      ,1.003       ,5.016       ,0.000       ,0.057       ,5.073       ,880.000     ,1.003       ,17.042      ,0.05177       ,1548          ,136.055         ,0.000         ,-0.000              ,0.079               ,23921.875       ,-0.02311          ,-0.02635              ,0.000         ,0.000         ,0.000         ,-0.015        
17:01:20.723284     ,0.051       ,0.880       ,0.885       ,17.040      ,17.033      ,16.039      ,0.998       ,4.992       ,0.000       ,-0.210      ,4.782       ,880.000     ,0.998       ,17.037      ,0.05200       ,1551          ,136.318         ,0.000         ,-0.000              ,0.078               ,23921.875       ,-0.02302          ,-0.02585              ,0.000         ,0.000         ,0.000         ,-0.015        
17:01:20.733662     ,0.051       ,0.880       ,0.869       ,17.060      ,17.039      ,16.039      ,0.994       ,4.972       ,0.000       ,0.016       ,4.987       ,880.000     ,0.994       ,17.033      ,0.05223       ,1554          ,136.582         ,0.000         ,-0.000              ,0.076               ,23921.875       ,-0.02302          ,-0.02530              ,0.000         ,0.000         ,0.000         ,-0.015        
17:01:20.743330     ,0.049       ,0.880       ,0.869       ,17.060      ,17.043      ,16.039      ,1.000       ,5.001       ,0.000       ,0.198       ,5.199       ,880.000     ,1.000       ,17.039      ,0.05246       ,1557          ,136.846         ,0.000         ,-0.000              ,0.075               ,23921.875       ,-0.02301          ,-0.02485              ,0.000         ,0.000         ,0.000         ,-0.015        
17:01:20.753281     ,0.049       ,0.880       ,0.869       ,17.070      ,17.041      ,16.039      ,1.004       ,5.022       ,0.000       ,-0.031      ,4.991       ,880.000     ,1.004       ,17.043      ,0.05269       ,1560          ,137.109         ,0.000         ,-0.000              ,0.075               ,23921.875       ,-0.02301          ,-0.02485              ,0.000         ,0.000         ,0.000         ,-0.015        
17:01:20.768933     ,0.051       ,0.880       ,0.869       ,17.070      ,17.041      ,16.039      ,1.004       ,5.022       ,0.000       ,-0.031      ,4.991       ,880.000     ,1.004       ,17.043      ,0.05285       ,1562          ,137.285         ,0.000         ,-0.000              ,0.073               ,23921.875       ,-0.02299          ,-0.02445              ,0.000         ,0.000         ,0.000         ,-0.011        
17:01:20.773324     ,0.051       ,0.880       ,0.869       ,17.030      ,17.039      ,16.039      ,1.001       ,5.004       ,0.000       ,-0.160      ,4.844       ,880.000     ,1.001       ,17.039      ,0.05308       ,1565          ,137.549         ,0.000         ,-0.000              ,0.073               ,23921.875       ,-0.02299          ,-0.02445              ,0.000         ,0.000         ,0.000         ,-0.011        
17:01:20.788613     ,0.051       ,0.880       ,0.869       ,17.040      ,17.038      ,16.039      ,1.000       ,5.001       ,0.000       ,0.062       ,5.062       ,880.000     ,1.000       ,17.039      ,0.05331       ,1568          ,137.812         ,0.000         ,-0.000              ,0.071               ,23921.875       ,-0.02298          ,-0.02363              ,0.000         ,0.000         ,0.000         ,-0.013        
17:01:20.793492     ,0.051       ,0.880       ,0.869       ,17.060      ,17.042      ,16.039      ,1.000       ,5.001       ,0.000       ,0.062       ,5.062       ,880.000     ,1.000       ,17.039      ,0.05354       ,1571          ,138.076         ,0.000         ,-0.000              ,0.071               ,23921.875       ,-0.02298          ,-0.02363              ,0.000         ,0.000         ,0.000         ,-0.013        
17:01:20.809208     ,0.051       ,0.880       ,0.885       ,17.030      ,17.036      ,16.039      ,1.003       ,5.015       ,0.000       ,0.070       ,5.085       ,880.000     ,1.003       ,17.042      ,0.05377       ,1574          ,138.340         ,0.000         ,-0.000              ,0.070               ,23921.875       ,-0.02300          ,-0.02330              ,0.000         ,0.000         ,0.000         ,-0.017        
17:01:20.813276     ,0.051       ,0.880       ,0.885       ,17.030      ,17.036      ,16.039      ,0.998       ,4.988       ,0.000       ,-0.166      ,4.822       ,880.000     ,0.998       ,17.036      ,0.05400       ,1577          ,138.604         ,0.000         ,-0.000              ,0.070               ,23921.875       ,-0.02300          ,-0.02330              ,0.000         ,0.000         ,0.000         ,-0.017        
17:01:20.826780     ,0.049       ,0.880       ,0.869       ,17.020      ,17.033      ,16.039      ,0.997       ,4.970       ,0.000       ,-0.046      ,5.081       ,880.000     ,0.997       ,17.036      ,0.05423       ,1580          ,138.867         ,0.000         ,-0.000              ,0.069               ,23921.875       ,-0.02303          ,-0.02301              ,0.000         ,0.000         ,0.000         ,-0.015        
17:01:20.833281     ,0.051       ,0.880       ,0.869       ,17.030      ,17.029      ,16.039      ,0.994       ,4.970       ,0.000       ,-0.046      ,4.925       ,880.000     ,0.994       ,17.033      ,0.05446       ,1583          ,139.131         ,0.000         ,-0.000              ,0.069               ,23921.875       ,-0.02295          ,-0.02289              ,0.000         ,0.000         ,0.000         ,-0.015        
17:01:20.845369     ,0.051       ,0.880       ,0.836       ,17.020      ,17.019      ,16.039      ,0.990       ,4.950       ,0.000       ,-0.025      ,4.925       ,880.000     ,0.990       ,17.029      ,0.05469       ,1586          ,139.395         ,0.000         ,-0.000              ,0.068               ,23921.875       ,-0.02306          ,-0.02280              ,0.000         ,0.000         ,0.000         ,-0.005        
17:01:20.853322     ,0.049       ,0.880       ,0.885       ,17.020      ,17.017      ,16.039      ,0.981       ,4.904       ,0.000       ,-0.102      ,4.802       ,880.000     ,0.981       ,17.019      ,0.05492       ,1589          ,139.658         ,0.000         ,-0.000              ,0.068               ,23921.875       ,-0.02301          ,-0.02271              ,0.000         ,0.000         ,0.000         ,-0.005        
17:01:20.863893     ,0.051       ,0.880       ,0.869       ,17.020      ,17.015      ,16.039      ,0.979       ,4.893       ,0.000       ,0.142       ,5.035       ,880.000     ,0.979       ,17.017      ,0.05515       ,1592          ,139.922         ,0.000         ,-0.000              ,0.068               ,23921.875       ,-0.02298          ,-0.02264              ,0.000         ,0.000         ,0.000         ,-0.015        
17:01:20.873277     ,0.051       ,0.880       ,0.885       ,17.020      ,17.014      ,16.039      ,0.976       ,4.882       ,0.000       ,-0.003      ,4.879       ,880.000     ,0.976       ,17.015      ,0.05538       ,1595          ,140.186         ,0.000         ,-0.000              ,0.068               ,23921.875       ,-0.02304          ,-0.02258              ,0.000         ,0.000         ,0.000         ,-0.015        
17:01:20.883274     ,0.051       ,0.880       ,0.885       ,17.010      ,17.010      ,16.039      ,0.976       ,4.879       ,0.000       ,0.034       ,4.912       ,880.000     ,0.976       ,17.014      ,0.05568       ,1599          ,140.537         ,0.000         ,-0.000              ,0.068               ,23921.875       ,-0.02304          ,-0.02258              ,0.000         ,0.000         ,0.000         ,-0.014        
17:01:20.893372     ,0.049       ,0.880       ,0.869       ,17.010      ,17.008      ,16.039      ,0.976       ,4.879       ,0.000       ,0.034       ,4.912       ,880.000     ,0.976       ,17.014      ,0.05591       ,1602          ,140.801         ,0.000         ,-0.000              ,0.068               ,23921.875       ,-0.02301          ,-0.02265              ,0.000         ,0.000         ,0.000         ,-0.014        
17:01:20.904280     ,0.051       ,0.880       ,0.869       ,16.980      ,17.002      ,16.039      ,0.970       ,4.849       ,0.000       ,-0.106      ,4.743       ,880.000     ,0.970       ,17.008      ,0.05614       ,1605          ,141.064         ,0.000         ,-0.000              ,0.068               ,23921.875       ,-0.02302          ,-0.02270              ,0.000         ,0.000         ,0.000         ,-0.015        
17:01:20.913300     ,0.049       ,0.880       ,0.869       ,16.970      ,16.994      ,16.039      ,0.963       ,4.816       ,0.000       ,-0.016      ,4.799       ,880.000     ,0.963       ,17.002      ,0.05630       ,1607          ,141.240         ,0.000         ,-0.000              ,0.068               ,23921.875       ,-0.02300          ,-0.02275              ,0.000         ,0.000         ,0.000         ,-0.015        
17:01:20.923473     ,0.049       ,0.880       ,0.869       ,16.980      ,16.989      ,16.039      ,0.963       ,4.816       ,0.000       ,-0.016      ,4.799       ,880.000     ,0.963       ,17.002      ,0.05653       ,1610          ,141.504         ,0.000         ,-0.000              ,0.068               ,23921.875       ,-0.02300          ,-0.02275              ,0.000         ,0.000         ,0.000         ,-0.015        
17:01:20.933284     ,0.051       ,0.880       ,0.869       ,16.980      ,16.984      ,16.039      ,0.945       ,4.727       ,0.000       ,0.153       ,4.880       ,880.000     ,0.945       ,16.984      ,0.05676       ,1613          ,141.768         ,0.000         ,-0.000              ,0.068               ,23921.875       ,-0.02300          ,-0.02279              ,0.000         ,0.000         ,0.000         ,-0.015        
17:01:20.943291     ,0.051       ,0.880       ,0.869       ,16.970      ,16.975      ,16.039      ,0.945       ,4.727       ,0.000       ,0.153       ,4.880       ,880.000     ,0.945       ,16.984      ,0.05699       ,1616          ,142.031         ,0.000         ,-0.000              ,0.068               ,23921.875       ,-0.02300          ,-0.02279              ,0.000         ,0.000         ,0.000         ,-0.018        
17:01:20.960193     ,0.049       ,0.880       ,0.869       ,16.980      ,16.973      ,16.039      ,0.945       ,4.727       ,0.000       ,0.153       ,4.880       ,880.000     ,0.945       ,16.984      ,0.05722       ,1619          ,142.295         ,0.000         ,-0.000              ,0.068               ,23921.875       ,-0.02303          ,-0.02282              ,0.000         ,0.000         ,0.000         ,-0.015        
17:01:20.963294     ,0.049       ,0.880       ,0.869       ,16.960      ,16.968      ,16.039      ,0.935       ,4.673       ,0.000       ,-0.116      ,4.556       ,880.000     ,0.935       ,16.973      ,0.05737       ,1621          ,142.471         ,0.000         ,-0.000              ,0.068               ,23921.875       ,-0.02303          ,-0.02282              ,0.000         ,0.000         ,0.000         ,-0.015        
17:01:20.978858     ,0.051       ,0.880       ,0.869       ,16.950      ,16.959      ,16.039      ,0.935       ,4.673       ,0.000       ,-0.116      ,4.556       ,880.000     ,0.935       ,16.973      ,0.05760       ,1624          ,142.734         ,0.000         ,-0.000              ,0.069               ,23921.875       ,-0.02300          ,-0.02285              ,0.000         ,0.000         ,0.000         ,-0.015        
17:01:20.983286     ,0.051       ,0.880       ,0.869       ,16.910      ,16.947      ,16.039      ,0.921       ,4.604       ,0.000       ,-0.058      ,4.546       ,880.000     ,0.921       ,16.959      ,0.05775       ,1626          ,142.910         ,0.000         ,-0.000              ,0.069               ,23921.875       ,-0.02300          ,-0.02285              ,0.000         ,0.000         ,0.000         ,-0.015        
17:01:20.998734     ,0.051       ,0.880       ,0.885       ,16.900      ,16.938      ,16.039      ,0.908       ,4.542       ,0.000       ,0.025       ,4.567       ,880.000     ,0.908       ,16.947      ,0.05791       ,1628          ,143.086         ,0.000         ,-0.000              ,0.068               ,23921.875       ,-0.01532          ,-0.02278              ,0.000         ,0.000         ,0.000         ,-0.015        
17:01:21.003284     ,0.051       ,0.880       ,0.885       ,16.870      ,16.922      ,16.039      ,0.908       ,4.542       ,0.000       ,0.025       ,4.567       ,880.000     ,0.908       ,16.947      ,0.05806       ,1630          ,143.262         ,0.000         ,-0.000              ,0.068               ,23921.875       ,-0.01532          ,-0.02278              ,0.000         ,0.000         ,0.000         ,-0.015        
17:01:21.017333     ,0.049       ,0.880       ,0.885       ,16.900      ,16.915      ,16.039      ,0.883       ,4.381       ,0.000       ,0.354       ,4.169       ,880.000     ,0.883       ,16.922      ,0.05814       ,1631          ,143.350         ,0.000         ,-0.000              ,0.068               ,23921.875       ,-0.01531          ,-0.02258              ,0.000         ,0.000         ,0.000         ,-0.015        
17:01:21.023284     ,0.049       ,0.880       ,0.853       ,16.850      ,16.896      ,16.039      ,0.876       ,4.381       ,0.000       ,0.354       ,4.735       ,880.000     ,0.876       ,16.915      ,0.05829       ,1633          ,143.525         ,0.000         ,-0.000              ,0.067               ,23921.875       ,-0.00767          ,-0.02219              ,0.000         ,0.000         ,0.000         ,-0.015        
17:01:21.035994     ,0.049       ,0.880       ,0.885       ,16.840      ,16.881      ,16.039      ,0.843       ,4.214       ,0.000       ,0.070       ,4.285       ,880.000     ,0.843       ,16.881      ,0.05837       ,1634          ,143.613         ,0.000         ,-0.000              ,0.065               ,23921.875       ,-0.01536          ,-0.02174              ,0.000         ,0.000         ,0.000         ,-0.017        
17:01:21.043344     ,0.051       ,0.880       ,0.869       ,16.830      ,16.864      ,16.039      ,0.843       ,4.214       ,0.000       ,0.070       ,4.285       ,880.000     ,0.843       ,16.881      ,0.05837       ,1634          ,143.613         ,0.000         ,-0.000              ,0.063               ,23921.875       ,-0.00764          ,-0.02112              ,0.000         ,0.000         ,0.000         ,-0.017        
17:01:21.056692     ,0.051       ,0.880       ,0.869       ,16.830      ,16.852      ,16.039      ,0.826       ,4.128       ,0.000       ,-0.046      ,4.082       ,880.000     ,0.826       ,16.864      ,0.05844       ,1635          ,143.701         ,0.000         ,-0.000              ,0.061               ,23921.875       ,0.00000           ,-0.02025              ,0.000         ,0.000         ,0.000         ,-0.015        
17:01:21.063289     ,0.051       ,0.880       ,0.869       ,16.780      ,16.826      ,16.039      ,0.813       ,4.066       ,0.000       ,0.094       ,4.160       ,880.000     ,0.813       ,16.852      ,0.05844       ,1635          ,143.701         ,0.000         ,-0.000              ,0.058               ,23921.875       ,-0.00767          ,-0.01929              ,0.000         ,0.000         ,0.000         ,-0.015        
17:01:21.074262     ,0.049       ,0.880       ,0.885       ,16.690      ,16.798      ,16.039      ,0.787       ,3.935       ,0.000       ,-0.272      ,3.663       ,880.000     ,0.787       ,16.826      ,0.05844       ,1635          ,143.701         ,0.000         ,-0.000              ,0.054               ,23921.875       ,0.00000           ,-0.01812              ,0.000         ,0.000         ,0.000         ,-0.014        
17:01:21.083281     ,0.049       ,0.880       ,0.869       ,16.460      ,16.737      ,16.039      ,0.759       ,3.796       ,0.000       ,-0.036      ,3.760       ,880.000     ,0.759       ,16.798      ,0.05844       ,1635          ,143.701         ,0.000         ,-0.000              ,0.050               ,23921.875       ,0.00000           ,-0.01678              ,0.000         ,0.000         ,0.000         ,-0.014        
17:01:21.093318     ,0.049       ,0.880       ,0.869       ,16.400      ,16.676      ,16.039      ,0.698       ,3.490       ,0.000       ,-0.663      ,2.828       ,880.000     ,0.698       ,16.737      ,0.05837       ,1634          ,143.613         ,0.000         ,-0.000              ,0.050               ,23921.875       ,0.00000           ,-0.01678              ,0.000         ,0.000         ,0.000         ,-0.014        
17:01:21.103287     ,0.049       ,0.880       ,0.869       ,16.330      ,16.602      ,16.039      ,0.637       ,3.186       ,0.000       ,0.005       ,3.191       ,880.000     ,0.637       ,16.676      ,0.05829       ,1633          ,143.525         ,0.000         ,-0.000              ,0.046               ,23921.875       ,0.00000           ,-0.01530              ,0.000         ,0.000         ,0.000         ,-0.014        
17:01:21.113294     ,0.049       ,0.880       ,0.885       ,16.270      ,16.520      ,16.039      ,0.564       ,2.818       ,0.000       ,-0.255      ,2.563       ,880.000     ,0.564       ,16.602      ,0.05821       ,1632          ,143.438         ,0.000         ,-0.000              ,0.041               ,23921.875       ,0.00767           ,-0.01369              ,0.000         ,0.000         ,0.000         ,-0.011        
17:01:21.132065     ,0.051       ,0.880       ,0.885       ,16.210      ,16.431      ,16.039      ,0.564       ,2.818       ,0.000       ,-0.255      ,2.563       ,880.000     ,0.564       ,16.602      ,0.05814       ,1631          ,143.350         ,-0.200        ,0.001               ,0.036               ,23921.875       ,0.00766           ,-0.01199              ,0.000         ,0.000         ,0.000         ,-0.010        
17:01:21.133280     ,0.051       ,0.880       ,0.885       ,16.240      ,16.374      ,16.039      ,0.393       ,1.963       ,0.000       ,-1.952      ,0.010       ,880.000     ,0.393       ,16.431      ,0.05806       ,1630          ,143.262         ,-0.400        ,0.001               ,0.036               ,23921.875       ,0.00766           ,-0.01199              ,0.000         ,0.000         ,0.000         ,-0.010        
17:01:21.143493     ,0.051       ,0.880       ,0.885       ,16.240      ,16.309      ,16.039      ,0.393       ,1.963       ,0.000       ,-1.952      ,0.010       ,880.000     ,0.393       ,16.431      ,0.05798       ,1629          ,143.174         ,-0.600        ,0.002               ,0.031               ,23921.873       ,0.00767           ,-0.01030              ,0.000         ,0.000         ,0.000         ,-0.010        
17:01:21.153284     ,0.051       ,0.880       ,0.885       ,16.210      ,16.249      ,16.039      ,0.271       ,1.354       ,0.000       ,0.988       ,2.341       ,880.000     ,0.271       ,16.309      ,0.05791       ,1628          ,143.086         ,-0.800        ,0.003               ,0.031               ,23921.873       ,0.00767           ,-0.01030              ,0.000         ,0.000         ,0.000         ,-0.009        
17:01:21.168904     ,0.051       ,0.880       ,0.869       ,16.210      ,16.249      ,16.039      ,0.271       ,1.354       ,0.000       ,0.988       ,2.341       ,880.000     ,0.271       ,16.309      ,0.05783       ,1627          ,142.998         ,-1.000        ,0.003               ,0.026               ,23921.873       ,0.00767           ,-0.00853              ,0.000         ,0.000         ,0.000         ,-0.009        
17:01:21.173320     ,0.051       ,0.880       ,0.869       ,16.080      ,16.160      ,16.039      ,0.155       ,0.775       ,0.000       ,0.123       ,0.898       ,880.000     ,0.155       ,16.194      ,0.05775       ,1626          ,142.910         ,-1.000        ,0.003               ,0.026               ,23921.873       ,0.00767           ,-0.00853              ,0.000         ,0.000         ,0.000         ,-0.009        
17:01:21.188178     ,0.051       ,0.880       ,0.885       ,16.060      ,16.132      ,16.039      ,0.121       ,0.605       ,0.000       ,1.633       ,2.238       ,880.000     ,0.121       ,16.160      ,0.05760       ,1624          ,142.734         ,-1.000        ,0.003               ,0.016               ,23921.873       ,0.00767           ,-0.00519              ,0.000         ,0.000         ,0.000         ,-0.008        
17:01:21.193353     ,0.051       ,0.880       ,0.885       ,16.040      ,16.110      ,16.039      ,0.121       ,0.605       ,0.000       ,1.633       ,2.238       ,880.000     ,0.121       ,16.160      ,0.05752       ,1623          ,142.646         ,-1.000        ,0.003               ,0.016               ,23921.873       ,0.00767           ,-0.00519              ,0.000         ,0.000         ,0.000         ,-0.008        
17:01:21.206968     ,0.051       ,0.880       ,0.885       ,16.070      ,16.099      ,16.039      ,0.071       ,0.355       ,0.000       ,-0.320      ,0.036       ,880.000     ,0.071       ,16.110      ,0.05745       ,1622          ,142.559         ,-1.000        ,0.003               ,0.011               ,23921.873       ,0.00766           ,-0.00361              ,0.000         ,0.000         ,0.000         ,-0.004        
17:01:21.213373     ,0.049       ,0.880       ,0.885       ,16.060      ,16.092      ,16.039      ,0.060       ,0.300       ,0.000       ,0.778       ,1.078       ,880.000     ,0.060       ,16.099      ,0.05729       ,1620          ,142.383         ,-1.000        ,0.003               ,0.006               ,23921.873       ,0.00768           ,-0.00215              ,0.000         ,0.000         ,0.000         ,-0.004        
17:01:21.224751     ,0.051       ,0.880       ,0.885       ,16.030      ,16.074      ,16.039      ,0.053       ,0.267       ,0.000       ,0.088       ,0.355       ,880.000     ,0.053       ,16.092      ,0.05714       ,1618          ,142.207         ,-1.000        ,0.003               ,0.002               ,23921.873       ,0.01534           ,-0.00067              ,0.000         ,0.000         ,0.000         ,-0.008        
17:01:21.233297     ,0.049       ,0.880       ,0.869       ,16.000      ,16.049      ,16.039      ,0.036       ,0.179       ,0.000       ,-0.216      ,-0.037      ,880.000     ,0.036       ,16.074      ,0.05706       ,1617          ,142.119         ,-1.000        ,0.003               ,-0.002              ,23921.873       ,0.01533           ,0.00081               ,0.000         ,0.000         ,0.000         ,-0.008        
17:01:21.243355     ,0.049       ,0.880       ,0.869       ,15.920      ,16.015      ,16.039      ,0.010       ,0.052       ,0.000       ,-0.159      ,-0.107      ,880.000     ,0.010       ,16.049      ,0.05691       ,1615          ,141.943         ,-1.000        ,0.003               ,-0.002              ,23921.871       ,0.01533           ,0.00081               ,0.000         ,0.000         ,0.000         ,-0.005        
17:01:21.253292     ,0.051       ,0.880       ,0.885       ,15.900      ,15.980      ,16.039      ,-0.058      ,-0.292      ,0.000       ,-0.870      ,-1.162      ,880.000     ,-0.058      ,15.980      ,0.05676       ,1613          ,141.768         ,-1.000        ,0.003               ,-0.006              ,23921.871       ,0.00768           ,0.00207               ,0.000         ,0.000         ,0.000         ,-0.005        
17:01:21.263486     ,0.051       ,0.880       ,0.885       ,15.870      ,15.950      ,16.039      ,-0.058      ,-0.292      ,0.000       ,-0.870      ,-1.162      ,880.000     ,-0.058      ,15.980      ,0.05668       ,1612          ,141.680         ,-1.000        ,0.003               ,-0.006              ,23921.871       ,0.00768           ,0.00207               ,0.000         ,0.000         ,0.000         ,-0.004        
17:01:21.273316     ,0.051       ,0.880       ,0.869       ,15.870      ,15.929      ,16.039      ,-0.109      ,-0.546      ,0.000       ,0.366       ,-0.180      ,880.000     ,-0.109      ,15.929      ,0.05645       ,1609          ,141.416         ,-1.000        ,0.003               ,-0.010              ,23921.871       ,0.01534           ,0.00325               ,0.000         ,0.000         ,0.000         ,-0.004        
17:01:21.284498     ,0.049       ,0.880       ,0.869       ,15.870      ,15.910      ,16.039      ,-0.109      ,-0.546      ,0.000       ,0.366       ,-0.180      ,880.000     ,-0.109      ,15.929      ,0.05630       ,1607          ,141.240         ,-1.000        ,0.003               ,-0.013              ,23921.871       ,0.02305           ,0.00449               ,0.000         ,0.000         ,0.000         ,-0.004        
17:01:21.293357     ,0.049       ,0.880       ,0.869       ,15.870      ,15.898      ,16.039      ,-0.109      ,-0.546      ,0.000       ,0.366       ,-0.180      ,880.000     ,-0.109      ,15.929      ,0.05614       ,1605          ,141.064         ,-1.000        ,0.003               ,-0.013              ,23921.871       ,0.02305           ,0.00449               ,0.000         ,0.000         ,0.000         ,-0.004        
17:01:21.303380     ,0.051       ,0.880       ,0.885       ,15.780      ,15.867      ,16.039      ,-0.140      ,-0.702      ,0.000       ,0.388       ,-0.314      ,880.000     ,-0.140      ,15.898      ,0.05599       ,1603          ,140.889         ,-1.000        ,0.003               ,-0.017              ,23921.871       ,0.01533           ,0.00566               ,0.000         ,0.000         ,0.000         ,0.000         
17:01:21.313295     ,0.049       ,0.880       ,0.869       ,15.750      ,15.836      ,16.039      ,-0.172      ,-0.860      ,0.000       ,-0.010      ,-0.870      ,880.000     ,-0.172      ,15.867      ,0.05576       ,1600          ,140.625         ,-1.000        ,0.003               ,-0.020              ,23921.871       ,0.01534           ,0.00677               ,0.000         ,0.000         ,0.000         ,0.000         
17:01:21.325341     ,0.051       ,0.880       ,0.869       ,15.720      ,15.804      ,16.039      ,-0.203      ,-1.013      ,0.000       ,0.025       ,-0.988      ,880.000     ,-0.203      ,15.836      ,0.05553       ,1597          ,140.361         ,-1.000        ,0.003               ,-0.024              ,23921.871       ,0.02300           ,0.00794               ,0.000         ,0.000         ,0.000         ,0.003         
17:01:21.333291     ,0.049       ,0.880       ,0.869       ,15.720      ,15.776      ,16.039      ,-0.262      ,-1.311      ,0.000       ,0.094       ,-1.217      ,880.000     ,-0.262      ,15.776      ,0.05530       ,1594          ,140.098         ,-1.000        ,0.003               ,-0.027              ,23921.871       ,0.02293           ,0.00916               ,0.000         ,0.000         ,0.000         ,0.003         
17:01:21.346223     ,0.051       ,0.880       ,0.869       ,15.690      ,15.746      ,16.039      ,-0.262      ,-1.311      ,0.000       ,0.094       ,-1.217      ,880.000     ,-0.262      ,15.776      ,0.05507       ,1591          ,139.834         ,-1.000        ,0.003               ,-0.031              ,23921.871       ,0.02310           ,0.01043               ,0.000         ,0.000         ,0.000         ,0.001         
17:01:21.353285     ,0.049       ,0.880       ,0.869       ,15.680      ,15.730      ,16.039      ,-0.308      ,-1.542      ,0.000       ,0.290       ,-1.252      ,880.000     ,-0.308      ,15.730      ,0.05476       ,1587          ,139.482         ,-1.000        ,0.003               ,-0.035              ,23921.871       ,0.02302           ,0.01163               ,0.000         ,0.000         ,0.000         ,0.001         
17:01:21.364181     ,0.049       ,0.880       ,0.869       ,15.710      ,15.719      ,16.039      ,-0.308      ,-1.542      ,0.000       ,0.290       ,-1.252      ,880.000     ,-0.308      ,15.730      ,0.05453       ,1584          ,139.219         ,-1.000        ,0.003               ,-0.039              ,23921.871       ,0.03068           ,0.01288               ,0.000         ,0.000         ,0.000         ,0.001         
17:01:21.373312     ,0.049       ,0.880       ,0.869       ,15.690      ,15.705      ,16.039      ,-0.334      ,-1.669      ,0.000       ,-0.079      ,-1.748      ,880.000     ,-0.334      ,15.705      ,0.05415       ,1579          ,138.779         ,-1.000        ,0.003               ,-0.043              ,23921.871       ,0.02299           ,0.01417               ,0.000         ,0.000         ,0.000         ,0.001         
17:01:21.385205     ,0.049       ,0.880       ,0.869       ,15.630      ,15.679      ,16.039      ,-0.334      ,-1.669      ,0.000       ,-0.079      ,-1.748      ,880.000     ,-0.334      ,15.705      ,0.05384       ,1575          ,138.428         ,-1.000        ,0.003               ,-0.047              ,23921.871       ,0.03838           ,0.01561               ,0.000         ,0.000         ,0.000         ,0.001         
17:01:21.393348     ,0.049       ,0.880       ,0.869       ,15.610      ,15.660      ,16.039      ,-0.360      ,-1.799      ,0.000       ,-0.224      ,-2.023      ,880.000     ,-0.360      ,15.679      ,0.05354       ,1571          ,138.076         ,-1.000        ,0.003               ,-0.051              ,23921.871       ,0.03068           ,0.01695               ,0.000         ,0.000         ,0.000         ,0.001         
17:01:21.405129     ,0.049       ,0.880       ,0.853       ,15.620      ,15.649      ,16.039      ,-0.379      ,-1.893      ,0.000       ,0.143       ,-1.750      ,880.000     ,-0.379      ,15.660      ,0.05315       ,1566          ,137.637         ,-1.000        ,0.003               ,-0.055              ,23921.871       ,0.03069           ,0.01832               ,0.000         ,0.000         ,0.000         ,-0.004        
17:01:21.413294     ,0.049       ,0.880       ,0.869       ,15.620      ,15.649      ,16.039      ,-0.390      ,-1.949      ,0.000       ,0.153       ,-1.796      ,880.000     ,-0.390      ,15.649      ,0.05277       ,1561          ,137.197         ,-1.000        ,0.003               ,-0.059              ,23921.871       ,0.03833           ,0.01983               ,0.000         ,0.000         ,0.000         ,-0.004        
17:01:21.424992     ,0.051       ,0.880       ,0.869       ,15.600      ,15.620      ,16.039      ,-0.406      ,-2.030      ,0.000       ,-0.104      ,-2.134      ,880.000     ,-0.406      ,15.632      ,0.05239       ,1556          ,136.758         ,-1.000        ,0.003               ,-0.064              ,23921.871       ,0.03836           ,0.02134               ,0.000         ,0.000         ,0.000         ,-0.004        
17:01:21.433291     ,0.049       ,0.880       ,0.869       ,15.600      ,15.616      ,16.039      ,-0.423      ,-2.115      ,0.000       ,0.177       ,-1.937      ,880.000     ,-0.423      ,15.616      ,0.05193       ,1550          ,136.230         ,-1.000        ,0.003               ,-0.069              ,23921.871       ,0.03834           ,0.02286               ,0.000         ,0.000         ,0.000         ,-0.004        
17:01:21.443830     ,0.051       ,0.880       ,0.869       ,15.590      ,15.609      ,16.039      ,-0.423      ,-2.115      ,0.000       ,0.177       ,-1.937      ,880.000     ,-0.423      ,15.616      ,0.05147       ,1544          ,135.703         ,-1.000        ,0.003               ,-0.073              ,23921.871       ,0.04604           ,0.02449               ,0.000         ,0.000         ,0.000         ,-0.005        
17:01:21.453294     ,0.049       ,0.880       ,0.853       ,15.590      ,15.597      ,16.039      ,-0.430      ,-2.150      ,0.000       ,-0.062      ,-2.212      ,880.000     ,-0.430      ,15.609      ,0.05100       ,1538          ,135.176         ,-1.000        ,0.003               ,-0.079              ,23921.871       ,0.04602           ,0.02623               ,0.000         ,0.000         ,0.000         ,-0.005        
17:01:21.464960     ,0.049       ,0.880       ,0.869       ,15.550      ,15.581      ,16.039      ,-0.441      ,-2.207      ,0.000       ,-0.087      ,-2.294      ,880.000     ,-0.441      ,15.597      ,0.05047       ,1531          ,134.561         ,-0.800        ,0.003               ,-0.084              ,23921.871       ,0.04596           ,0.02793               ,0.000         ,0.000         ,0.000         ,0.009         
17:01:21.473312     ,0.049       ,0.880       ,0.869       ,15.540      ,15.569      ,16.039      ,-0.469      ,-2.347      ,0.000       ,0.071       ,-2.276      ,880.000     ,-0.469      ,15.569      ,0.04993       ,1524          ,133.945         ,-0.600        ,0.002               ,-0.090              ,23921.871       ,0.05370           ,0.02984               ,0.000         ,0.000         ,0.000         ,0.009         
17:01:21.483905     ,0.049       ,0.880       ,0.869       ,15.570      ,15.565      ,16.039      ,-0.469      ,-2.347      ,0.000       ,0.071       ,-2.276      ,880.000     ,-0.469      ,15.569      ,0.04939       ,1517          ,133.330         ,-0.400        ,0.001               ,-0.095              ,23921.871       ,0.05374           ,0.03169               ,0.000         ,0.000         ,0.000         ,0.011         
17:01:21.493366     ,0.051       ,0.880       ,0.836       ,15.570      ,15.561      ,16.039      ,-0.474      ,-2.370      ,0.000       ,0.151       ,-2.219      ,880.000     ,-0.474      ,15.565      ,0.04878       ,1509          ,132.627         ,-0.200        ,0.001               ,-0.101              ,23921.871       ,0.05368           ,0.03361               ,0.000         ,0.000         ,0.000         ,0.011         
17:01:21.503760     ,0.051       ,0.880       ,0.869       ,15.530      ,15.550      ,16.039      ,-0.477      ,-2.386      ,0.000       ,0.026       ,-2.360      ,880.000     ,-0.477      ,15.561      ,0.04817       ,1501          ,131.924         ,0.000         ,-0.000              ,-0.107              ,23921.871       ,0.06137           ,0.03570               ,0.000         ,0.000         ,0.000         ,0.003         
17:01:21.513313     ,0.049       ,0.880       ,0.869       ,15.530      ,15.550      ,16.039      ,-0.488      ,-2.442      ,0.000       ,-0.156      ,-2.598      ,880.000     ,-0.488      ,15.550      ,0.04755       ,1493          ,131.221         ,0.000         ,-0.000              ,-0.113              ,23921.871       ,0.06135           ,0.03783               ,0.000         ,0.000         ,0.000         ,0.003         
17:01:21.523742     ,0.049       ,0.880       ,0.869       ,15.460      ,15.535      ,16.039      ,-0.488      ,-2.442      ,0.000       ,0.223       ,-2.219      ,880.000     ,-0.488      ,15.550      ,0.04694       ,1485          ,130.518         ,0.000         ,-0.000              ,-0.120              ,23921.871       ,0.06134           ,0.03997               ,0.000         ,0.000         ,0.000         ,0.008         
17:01:21.533308     ,0.051       ,0.880       ,0.869       ,15.460      ,15.523      ,16.039      ,-0.504      ,-2.518      ,0.000       ,-0.303      ,-2.820      ,880.000     ,-0.504      ,15.535      ,0.04625       ,1476          ,129.727         ,0.000         ,-0.000              ,-0.126              ,23921.871       ,0.06136           ,0.04215               ,0.000         ,0.000         ,0.000         ,0.008         
17:01:21.543738     ,0.049       ,0.880       ,0.869       ,15.420      ,15.498      ,16.039      ,-0.516      ,-2.579      ,0.000       ,0.058       ,-2.520      ,880.000     ,-0.516      ,15.523      ,0.04556       ,1467          ,128.936         ,0.000         ,-0.000              ,-0.133              ,23921.871       ,0.06904           ,0.04434               ,0.000         ,0.000         ,0.000         ,0.013         
17:01:21.553290     ,0.049       ,0.880       ,0.869       ,15.390      ,15.469      ,16.039      ,-0.570      ,-2.850      ,0.000       ,-0.080      ,-2.930      ,880.000     ,-0.570      ,15.469      ,0.04479       ,1457          ,128.057         ,0.000         ,-0.000              ,-0.140              ,23921.871       ,0.06908           ,0.04655               ,0.000         ,0.000         ,0.000         ,0.013         
17:01:21.565422     ,0.051       ,0.880       ,0.853       ,15.420      ,15.451      ,16.039      ,-0.570      ,-2.850      ,0.000       ,-0.080      ,-2.930      ,880.000     ,-0.570      ,15.469      ,0.04403       ,1447          ,127.178         ,0.000         ,-0.000              ,-0.147              ,23921.871       ,0.07661           ,0.04888               ,0.000         ,0.000         ,0.000         ,-0.003        
17:01:21.573307     ,0.049       ,0.880       ,0.869       ,15.400      ,15.436      ,16.039      ,-0.602      ,-3.012      ,0.000       ,0.058       ,-2.954      ,880.000     ,-0.602      ,15.436      ,0.04326       ,1437          ,126.299         ,0.000         ,-0.000              ,-0.154              ,23921.871       ,0.07671           ,0.05122               ,0.000         ,0.000         ,0.000         ,-0.003        
17:01:21.585275     ,0.049       ,0.880       ,0.853       ,15.370      ,15.411      ,16.039      ,-0.602      ,-3.012      ,0.000       ,0.058       ,-2.954      ,880.000     ,-0.602      ,15.436      ,0.04249       ,1427          ,125.420         ,0.000         ,-0.000              ,-0.161              ,23921.871       ,0.07670           ,0.05354               ,0.000         ,0.000         ,0.000         ,-0.001        
17:01:21.593293     ,0.051       ,0.880       ,0.869       ,15.340      ,15.388      ,16.039      ,-0.650      ,-3.252      ,0.000       ,0.046       ,-3.206      ,880.000     ,-0.650      ,15.388      ,0.04165       ,1416          ,124.453         ,0.000         ,-0.000              ,-0.168              ,23921.871       ,0.07675           ,0.05586               ,0.000         ,0.000         ,0.000         ,-0.001        
17:01:21.603806     ,0.049       ,0.880       ,0.869       ,15.320      ,15.369      ,16.039      ,-0.650      ,-3.252      ,0.000       ,0.046       ,-3.206      ,880.000     ,-0.650      ,15.388      ,0.04080       ,1405          ,123.486         ,0.000         ,-0.000              ,-0.175              ,23921.871       ,0.08438           ,0.05818               ,0.000         ,0.000         ,0.000         ,0.000         
17:01:21.613323     ,0.049       ,0.880       ,0.885       ,15.340      ,15.352      ,16.039      ,-0.669      ,-3.346      ,0.000       ,0.084       ,-3.262      ,880.000     ,-0.669      ,15.369      ,0.03996       ,1394          ,122.520         ,0.000         ,-0.000              ,-0.182              ,23921.871       ,0.08435           ,0.06050               ,0.000         ,0.000         ,0.000         ,0.000         
17:01:21.623333     ,0.049       ,0.880       ,0.885       ,15.330      ,15.339      ,16.039      ,-0.687      ,-3.433      ,0.000       ,0.026       ,-3.407      ,880.000     ,-0.687      ,15.352      ,0.03912       ,1383          ,121.553         ,0.000         ,-0.000              ,-0.182              ,23921.871       ,0.08435           ,0.06050               ,0.000         ,0.000         ,0.000         ,-0.003        
17:01:21.633299     ,0.049       ,0.880       ,0.869       ,15.310      ,15.330      ,16.039      ,-0.687      ,-3.433      ,0.000       ,0.026       ,-3.407      ,880.000     ,-0.687      ,15.352      ,0.03827       ,1372          ,120.586         ,0.000         ,-0.000              ,-0.188              ,23921.871       ,0.08432           ,0.06282               ,0.000         ,0.000         ,0.000         ,-0.003        
17:01:21.643307     ,0.049       ,0.880       ,0.869       ,15.310      ,15.324      ,16.039      ,-0.709      ,-3.545      ,0.000       ,-0.100      ,-3.645      ,880.000     ,-0.709      ,15.330      ,0.03735       ,1360          ,119.531         ,0.000         ,-0.000              ,-0.188              ,23921.871       ,0.08432           ,0.06282               ,0.000         ,0.000         ,0.000         ,0.005         
17:01:21.660250     ,0.051       ,0.880       ,0.869       ,15.280      ,15.315      ,16.039      ,-0.709      ,-3.545      ,0.000       ,-0.100      ,-3.645      ,880.000     ,-0.709      ,15.330      ,0.03643       ,1348          ,118.477         ,0.000         ,-0.000              ,-0.195              ,23921.871       ,0.08435           ,0.06513               ,0.000         ,0.000         ,0.000         ,-0.001        
17:01:21.663354     ,0.051       ,0.880       ,0.869       ,15.280      ,15.302      ,16.039      ,-0.724      ,-3.618      ,0.000       ,0.155       ,-3.463      ,880.000     ,-0.724      ,15.315      ,0.03551       ,1336          ,117.422         ,0.000         ,-0.000              ,-0.195              ,23921.871       ,0.08435           ,0.06513               ,0.000         ,0.000         ,0.000         ,-0.001        
17:01:21.679039     ,0.051       ,0.880       ,0.869       ,15.280      ,15.291      ,16.039      ,-0.737      ,-3.684      ,0.000       ,0.030       ,-3.655      ,880.000     ,-0.737      ,15.302      ,0.03459       ,1324          ,116.367         ,0.000         ,-0.000              ,-0.209              ,23921.871       ,0.09193           ,0.06974               ,0.000         ,0.000         ,0.000         ,-0.003        
17:01:21.683969     ,0.051       ,0.880       ,0.869       ,15.320      ,15.292      ,16.039      ,-0.737      ,-3.684      ,0.000       ,0.030       ,-3.655      ,880.000     ,-0.737      ,15.302      ,0.03367       ,1312          ,115.312         ,0.000         ,-0.000              ,-0.209              ,23921.871       ,0.09193           ,0.06974               ,0.000         ,0.000         ,0.000         ,-0.003        
17:01:21.697761     ,0.049       ,0.880       ,0.885       ,15.330      ,15.291      ,16.039      ,-0.747      ,-3.735      ,0.000       ,0.060       ,-3.675      ,880.000     ,-0.747      ,15.292      ,0.03275       ,1300          ,114.258         ,0.000         ,-0.000              ,-0.216              ,23921.871       ,0.09199           ,0.07194               ,0.000         ,0.000         ,0.000         ,0.006         
17:01:21.703289     ,0.049       ,0.880       ,0.885       ,15.310      ,15.292      ,16.039      ,-0.747      ,-3.737      ,0.000       ,0.197       ,-3.540      ,880.000     ,-0.747      ,15.291      ,0.03175       ,1287          ,113.115         ,0.000         ,-0.000              ,-0.216              ,23921.871       ,0.09199           ,0.07194               ,0.000         ,0.000         ,0.000         ,0.006         
17:01:21.716363     ,0.049       ,0.880       ,0.869       ,15.300      ,15.293      ,16.039      ,-0.746      ,-3.732      ,0.000       ,0.026       ,-3.706      ,880.000     ,-0.746      ,15.292      ,0.03083       ,1275          ,112.061         ,0.000         ,-0.000              ,-0.228              ,23921.871       ,0.09979           ,0.07615               ,0.000         ,0.000         ,0.000         ,-0.003        
17:01:21.723283     ,0.051       ,0.880       ,0.853       ,15.300      ,15.296      ,16.039      ,-0.746      ,-3.730      ,0.000       ,-0.011      ,-3.741      ,880.000     ,-0.746      ,15.293      ,0.02991       ,1263          ,111.006         ,0.000         ,-0.000              ,-0.235              ,23921.871       ,0.09213           ,0.07819               ,0.000         ,0.000         ,0.000         ,-0.003        
17:01:21.734934     ,0.051       ,0.880       ,0.869       ,15.280      ,15.291      ,16.039      ,-0.743      ,-3.715      ,0.000       ,0.053       ,-3.661      ,880.000     ,-0.743      ,15.296      ,0.02892       ,1250          ,109.863         ,0.000         ,-0.000              ,-0.240              ,23921.871       ,0.09204           ,0.08003               ,0.000         ,0.000         ,0.000         ,0.005         
17:01:21.743304     ,0.049       ,0.880       ,0.885       ,15.240      ,15.281      ,16.039      ,-0.748      ,-3.739      ,0.000       ,-0.159      ,-3.898      ,880.000     ,-0.748      ,15.291      ,0.02800       ,1238          ,108.809         ,0.000         ,-0.000              ,-0.245              ,23921.871       ,0.09964           ,0.08183               ,0.000         ,0.000         ,0.000         ,0.005         
17:01:21.753279     ,0.049       ,0.880       ,0.885       ,15.240      ,15.276      ,16.039      ,-0.758      ,-3.788      ,0.000       ,-0.099      ,-3.887      ,880.000     ,-0.758      ,15.281      ,0.02700       ,1225          ,107.666         ,0.000         ,-0.000              ,-0.245              ,23921.871       ,0.09964           ,0.08183               ,0.000         ,0.000         ,0.000         ,-0.001        
17:01:21.763287     ,0.051       ,0.880       ,0.869       ,15.280      ,15.277      ,16.039      ,-0.762      ,-3.808      ,0.000       ,0.118       ,-3.690      ,880.000     ,-0.762      ,15.277      ,0.02600       ,1212          ,106.523         ,0.000         ,-0.000              ,-0.250              ,23921.871       ,0.09210           ,0.08348               ,0.000         ,0.000         ,0.000         ,-0.001        
17:01:21.773279     ,0.051       ,0.880       ,0.869       ,15.320      ,15.278      ,16.039      ,-0.762      ,-3.808      ,0.000       ,0.118       ,-3.690      ,880.000     ,-0.762      ,15.277      ,0.02508       ,1200          ,105.469         ,0.000         ,-0.000              ,-0.250              ,23921.871       ,0.09210           ,0.08348               ,0.000         ,0.000         ,0.000         ,0.010         
17:01:21.789672     ,0.049       ,0.880       ,0.869       ,15.300      ,15.273      ,16.039      ,-0.762      ,-3.808      ,0.000       ,0.118       ,-3.690      ,880.000     ,-0.762      ,15.277      ,0.02408       ,1187          ,104.326         ,0.000         ,-0.000              ,-0.255              ,23921.871       ,0.09977           ,0.08511               ,0.000         ,0.000         ,0.000         ,-0.003        
17:01:21.793299     ,0.049       ,0.880       ,0.869       ,15.280      ,15.271      ,16.039      ,-0.766      ,-3.828      ,0.000       ,-0.003      ,-3.832      ,880.000     ,-0.766      ,15.273      ,0.02309       ,1174          ,103.184         ,0.000         ,-0.000              ,-0.255              ,23921.871       ,0.09977           ,0.08511               ,0.000         ,0.000         ,0.000         ,-0.003        
17:01:21.807352     ,0.051       ,0.880       ,0.869       ,15.280      ,15.272      ,16.039      ,-0.766      ,-3.828      ,0.000       ,-0.003      ,-3.832      ,880.000     ,-0.766      ,15.273      ,0.02217       ,1162          ,102.129         ,0.000         ,-0.000              ,-0.260              ,23921.871       ,0.09972           ,0.08661               ,0.000         ,0.000         ,0.000         ,0.005         
17:01:21.813338     ,0.051       ,0.880       ,0.885       ,15.270      ,15.268      ,16.039      ,-0.767      ,-3.834      ,0.000       ,0.058       ,-3.776      ,880.000     ,-0.767      ,15.272      ,0.02117       ,1149          ,100.986         ,0.000         ,-0.000              ,-0.264              ,23921.871       ,0.09191           ,0.08788               ,0.000         ,0.000         ,0.000         ,0.005         
17:01:21.826068     ,0.049       ,0.880       ,0.885       ,15.260      ,15.263      ,16.039      ,-0.770      ,-3.851      ,0.000       ,-0.044      ,-3.895      ,880.000     ,-0.770      ,15.268      ,0.02017       ,1136          ,99.844          ,0.000         ,-0.000              ,-0.267              ,23921.871       ,0.09981           ,0.08908               ,0.000         ,0.000         ,0.000         ,-0.003        
17:01:21.833283     ,0.049       ,0.880       ,0.885       ,15.240      ,15.262      ,16.039      ,-0.770      ,-3.851      ,0.000       ,-0.044      ,-3.895      ,880.000     ,-0.770      ,15.268      ,0.01917       ,1123          ,98.701          ,0.000         ,-0.000              ,-0.267              ,23921.871       ,0.09981           ,0.08908               ,0.000         ,0.000         ,0.000         ,-0.003        
17:01:21.844782     ,0.051       ,0.880       ,0.869       ,15.250      ,15.265      ,16.039      ,-0.777      ,-3.885      ,0.000       ,-0.066      ,-3.951      ,880.000     ,-0.777      ,15.262      ,0.01818       ,1110          ,97.559          ,0.000         ,-0.000              ,-0.271              ,23921.871       ,0.09958           ,0.09022               ,0.000         ,0.000         ,0.000         ,0.008         
17:01:21.853304     ,0.051       ,0.880       ,0.885       ,15.260      ,15.263      ,16.039      ,-0.774      ,-3.870      ,0.000       ,0.192       ,-3.678      ,880.000     ,-0.774      ,15.265      ,0.01718       ,1097          ,96.416          ,0.000         ,-0.000              ,-0.274              ,23921.871       ,0.09983           ,0.09118               ,0.000         ,0.000         ,0.000         ,0.008         
17:01:21.863362     ,0.049       ,0.880       ,0.869       ,15.250      ,15.257      ,16.039      ,-0.775      ,-3.909      ,0.000       ,-0.111      ,-3.956      ,880.000     ,-0.775      ,15.263      ,0.01618       ,1084          ,95.273          ,0.000         ,-0.000              ,-0.276              ,23921.871       ,0.09969           ,0.09212               ,0.000         ,0.000         ,0.000         ,-0.003        
17:01:21.873281     ,0.049       ,0.880       ,0.885       ,15.210      ,15.242      ,16.039      ,-0.796      ,-3.981      ,0.000       ,-0.157      ,-4.139      ,880.000     ,-0.796      ,15.242      ,0.01519       ,1071          ,94.131          ,0.000         ,-0.000              ,-0.279              ,23921.871       ,0.09968           ,0.09302               ,0.000         ,0.000         ,0.000         ,-0.003        
17:01:21.883992     ,0.049       ,0.880       ,0.869       ,15.200      ,15.231      ,16.039      ,-0.796      ,-3.981      ,0.000       ,-0.157      ,-4.139      ,880.000     ,-0.796      ,15.242      ,0.01419       ,1058          ,92.988          ,0.000         ,-0.000              ,-0.281              ,23921.871       ,0.09977           ,0.09380               ,0.000         ,0.000         ,0.000         ,-0.003        
17:01:21.893297     ,0.051       ,0.880       ,0.853       ,15.190      ,15.218      ,16.039      ,-0.821      ,-4.104      ,0.000       ,-0.033      ,-4.137      ,880.000     ,-0.821      ,15.218      ,0.01319       ,1045          ,91.846          ,0.000         ,-0.000              ,-0.284              ,23921.871       ,0.09970           ,0.09457               ,0.000         ,0.000         ,0.000         ,-0.003        
17:01:21.903594     ,0.051       ,0.880       ,0.885       ,15.180      ,15.204      ,16.039      ,-0.821      ,-4.104      ,0.000       ,-0.033      ,-4.137      ,880.000     ,-0.821      ,15.218      ,0.01220       ,1032          ,90.703          ,0.000         ,-0.000              ,-0.286              ,23921.871       ,0.09973           ,0.09523               ,0.000         ,0.000         ,0.000         ,0.006         
17:01:21.913334     ,0.051       ,0.880       ,0.885       ,15.180      ,15.194      ,16.039      ,-0.835      ,-4.173      ,0.000       ,-0.014      ,-4.187      ,880.000     ,-0.835      ,15.204      ,0.01120       ,1019          ,89.561          ,0.000         ,-0.000              ,-0.287              ,23921.871       ,0.09964           ,0.09578               ,0.000         ,0.000         ,0.000         ,0.006         
17:01:21.923303     ,0.051       ,0.880       ,0.869       ,15.180      ,15.190      ,16.039      ,-0.849      ,-4.243      ,0.000       ,0.123       ,-4.120      ,880.000     ,-0.849      ,15.190      ,0.01020       ,1006          ,88.418          ,0.000         ,-0.000              ,-0.289              ,23921.871       ,0.09956           ,0.09637               ,0.000         ,0.000         ,0.000         ,0.015         
17:01:21.933317     ,0.049       ,0.880       ,0.869       ,15.160      ,15.181      ,16.039      ,-0.849      ,-4.243      ,0.000       ,0.123       ,-4.120      ,880.000     ,-0.849      ,15.190      ,0.00920       ,993           ,87.275          ,0.000         ,-0.000              ,-0.291              ,23921.871       ,0.09989           ,0.09687               ,0.000         ,0.000         ,0.000         ,0.015         
17:01:21.944117     ,0.049       ,0.880       ,0.869       ,15.160      ,15.172      ,16.039      ,-0.858      ,-4.288      ,0.000       ,-0.100      ,-4.388      ,880.000     ,-0.858      ,15.181      ,0.00821       ,980           ,86.133          ,0.000         ,-0.000              ,-0.292              ,23921.871       ,0.09968           ,0.09730               ,0.000         ,0.000         ,0.000         ,0.000         
17:01:21.953295     ,0.051       ,0.880       ,0.869       ,15.160      ,15.172      ,16.039      ,-0.866      ,-4.331      ,0.000       ,0.006       ,-4.325      ,880.000     ,-0.866      ,15.172      ,0.00729       ,968           ,85.078          ,0.000         ,-0.000              ,-0.293              ,23921.871       ,0.09976           ,0.09766               ,0.000         ,0.000         ,0.000         ,0.000         
17:01:21.963349     ,0.051       ,0.880       ,0.869       ,15.100      ,15.144      ,16.039      ,-0.879      ,-4.393      ,0.000       ,-0.077      ,-4.471      ,880.000     ,-0.879      ,15.160      ,0.00629       ,955           ,83.936          ,0.000         ,-0.000              ,-0.294              ,23921.871       ,0.09199           ,0.09785               ,0.000         ,0.000         ,0.000         ,0.006         
17:01:21.973287     ,0.051       ,0.880       ,0.885       ,15.120      ,15.134      ,16.039      ,-0.904      ,-4.522      ,0.000       ,0.121       ,-4.401      ,880.000     ,-0.904      ,15.134      ,0.00537       ,943           ,82.881          ,0.000         ,-0.000              ,-0.294              ,23921.871       ,0.09972           ,0.09802               ,0.000         ,0.000         ,0.000         ,0.006         
17:01:21.983317     ,0.051       ,0.880       ,0.885       ,15.120      ,15.128      ,16.039      ,-0.904      ,-4.522      ,0.000       ,0.121       ,-4.401      ,880.000     ,-0.904      ,15.134      ,0.00445       ,931           ,81.826          ,0.000         ,-0.000              ,-0.294              ,23921.871       ,0.09972           ,0.09802               ,0.000         ,0.000         ,0.000         ,0.010         
17:01:21.998938     ,0.051       ,0.880       ,0.885       ,15.100      ,15.116      ,16.039      ,-0.904      ,-4.522      ,0.000       ,0.121       ,-4.401      ,880.000     ,-0.904      ,15.134      ,0.00345       ,918           ,80.684          ,0.000         ,-0.000              ,-0.294              ,23921.871       ,0.09208           ,0.09804               ,0.000         ,0.000         ,0.000         ,0.006         
17:01:22.003275     ,0.051       ,0.880       ,0.885       ,15.090      ,15.108      ,16.039      ,-0.922      ,-4.612      ,0.000       ,-0.163      ,-4.775      ,880.000     ,-0.922      ,15.116      ,0.00253       ,906           ,79.629          ,0.000         ,-0.000              ,-0.294              ,23921.871       ,0.09208           ,0.09804               ,0.000         ,0.000         ,0.000         ,0.006         
17:01:22.016457     ,0.051       ,0.880       ,0.885       ,15.070      ,15.100      ,16.039      ,-0.931      ,-4.654      ,0.000       ,0.192       ,-4.462      ,880.000     ,-0.931      ,15.108      ,0.00161       ,894           ,78.574          ,0.000         ,-0.000              ,-0.294              ,23921.871       ,0.09193           ,0.09796               ,0.000         ,0.000         ,0.000         ,0.003         
17:01:22.023301     ,0.051       ,0.880       ,0.885       ,15.060      ,15.087      ,16.039      ,-0.931      ,-4.654      ,0.000       ,0.192       ,-4.462      ,880.000     ,-0.931      ,15.108      ,0.00069       ,882           ,77.520          ,0.000         ,-0.000              ,-0.294              ,23921.871       ,0.09193           ,0.09796               ,0.000         ,0.000         ,0.000         ,0.003         
17:01:22.036163     ,0.051       ,0.880       ,0.869       ,15.040      ,15.071      ,16.039      ,-0.952      ,-4.760      ,0.000       ,-0.257      ,-5.017      ,880.000     ,-0.952      ,15.087      ,-0.00023      ,870           ,76.465          ,0.000         ,-0.000              ,-0.293              ,23921.871       ,0.09203           ,0.09776               ,0.000         ,0.000         ,0.000         ,0.000         
17:01:22.043301     ,0.049       ,0.880       ,0.885       ,15.040      ,15.062      ,16.039      ,-0.967      ,-4.835      ,0.000       ,0.123       ,-4.712      ,880.000     ,-0.967      ,15.071      ,-0.00115      ,858           ,75.410          ,0.000         ,-0.000              ,-0.292              ,23921.871       ,0.09194           ,0.09748               ,0.000         ,0.000         ,0.000         ,0.000         
17:01:22.054784     ,0.049       ,0.880       ,0.869       ,15.070      ,15.058      ,16.039      ,-0.977      ,-4.885      ,0.000       ,0.106       ,-4.779      ,880.000     ,-0.977      ,15.062      ,-0.00199      ,847           ,74.443          ,0.000         ,-0.000              ,-0.291              ,23921.871       ,0.09214           ,0.09713               ,0.000         ,0.000         ,0.000         ,-0.001        
17:01:22.063349     ,0.049       ,0.880       ,0.869       ,15.080      ,15.057      ,16.039      ,-0.981      ,-4.903      ,0.000       ,0.123       ,-4.779      ,880.000     ,-0.981      ,15.058      ,-0.00291      ,835           ,73.389          ,0.000         ,-0.000              ,-0.290              ,23921.871       ,0.08427           ,0.09659               ,0.000         ,0.000         ,0.000         ,-0.001        
17:01:22.073314     ,0.049       ,0.880       ,0.869       ,15.120      ,15.062      ,16.039      ,-0.982      ,-4.909      ,0.000       ,0.048       ,-4.861      ,880.000     ,-0.982      ,15.057      ,-0.00376      ,824           ,72.422          ,0.000         ,-0.000              ,-0.290              ,23921.871       ,0.08427           ,0.09659               ,0.000         ,0.000         ,0.000         ,-0.003        
17:01:22.083274     ,0.049       ,0.880       ,0.869       ,15.120      ,15.069      ,16.039      ,-0.970      ,-4.849      ,0.000       ,0.264       ,-4.586      ,880.000     ,-0.970      ,15.069      ,-0.00468      ,812           ,71.367          ,0.000         ,-0.000              ,-0.288              ,23921.871       ,0.09198           ,0.09602               ,0.000         ,0.000         ,0.000         ,-0.003        
17:01:22.096236     ,0.051       ,0.880       ,0.885       ,15.100      ,15.074      ,16.039      ,-0.970      ,-4.849      ,0.000       ,0.264       ,-4.586      ,880.000     ,-0.970      ,15.069      ,-0.00552      ,801           ,70.400          ,0.000         ,-0.000              ,-0.287              ,23921.871       ,0.09206           ,0.09554               ,0.000         ,0.000         ,0.000         ,0.004         
17:01:22.103314     ,0.049       ,0.880       ,0.869       ,15.080      ,15.075      ,16.039      ,-0.965      ,-4.825      ,0.000       ,-0.141      ,-4.965      ,880.000     ,-0.965      ,15.074      ,-0.00552      ,801           ,70.400          ,0.000         ,-0.000              ,-0.285              ,23921.871       ,0.08438           ,0.09489               ,0.000         ,0.000         ,0.000         ,0.004         
17:01:22.114998     ,0.049       ,0.880       ,0.885       ,15.100      ,15.084      ,16.039      ,-0.964      ,-4.819      ,0.000       ,-0.075      ,-4.894      ,880.000     ,-0.964      ,15.075      ,-0.00721      ,779           ,68.467          ,0.000         ,-0.000              ,-0.283              ,23921.871       ,0.08438           ,0.09423               ,0.000         ,0.000         ,0.000         ,0.008         
17:01:22.123292     ,0.049       ,0.880       ,0.885       ,15.120      ,15.091      ,16.039      ,-0.947      ,-4.736      ,0.000       ,0.306       ,-4.430      ,880.000     ,-0.947      ,15.091      ,-0.00798      ,769           ,67.588          ,0.000         ,-0.000              ,-0.283              ,23921.871       ,0.08438           ,0.09423               ,0.000         ,0.000         ,0.000         ,0.008         
17:01:22.133985     ,0.051       ,0.880       ,0.853       ,15.130      ,15.100      ,16.039      ,-0.947      ,-4.736      ,0.000       ,0.306       ,-4.430      ,880.000     ,-0.947      ,15.091      ,-0.00882      ,758           ,66.621          ,0.000         ,-0.000              ,-0.280              ,23921.871       ,0.07661           ,0.09332               ,0.000         ,0.000         ,0.000         ,-0.001        
17:01:22.143305     ,0.051       ,0.880       ,0.869       ,15.130      ,15.109      ,16.039      ,-0.939      ,-4.693      ,0.000       ,-0.158      ,-4.851      ,880.000     ,-0.939      ,15.100      ,-0.00959      ,748           ,65.742          ,0.000         ,-0.000              ,-0.277              ,23921.871       ,0.08430           ,0.09244               ,0.000         ,0.000         ,0.000         ,-0.001        
17:01:22.153284     ,0.049       ,0.880       ,0.885       ,15.150      ,15.119      ,16.039      ,-0.930      ,-4.650      ,0.000       ,-0.001      ,-4.651      ,880.000     ,-0.930      ,15.109      ,-0.01035      ,738           ,64.863          ,0.000         ,-0.000              ,-0.274              ,23921.871       ,0.07682           ,0.09145               ,0.000         ,0.000         ,0.000         ,0.005         
17:01:22.163280     ,0.049       ,0.880       ,0.869       ,15.160      ,15.125      ,16.039      ,-0.914      ,-4.569      ,0.000       ,-0.113      ,-4.682      ,880.000     ,-0.914      ,15.125      ,-0.01112      ,728           ,63.984          ,0.000         ,-0.000              ,-0.271              ,23921.871       ,0.07659           ,0.09039               ,0.000         ,0.000         ,0.000         ,0.005         
17:01:22.173289     ,0.049       ,0.880       ,0.869       ,15.140      ,15.124      ,16.039      ,-0.914      ,-4.569      ,0.000       ,-0.113      ,-4.682      ,880.000     ,-0.914      ,15.125      ,-0.01189      ,718           ,63.105          ,0.000         ,-0.000              ,-0.271              ,23921.871       ,0.07659           ,0.09039               ,0.000         ,0.000         ,0.000         ,-0.001        
17:01:22.190368     ,0.051       ,0.880       ,0.869       ,15.140      ,15.125      ,16.039      ,-0.914      ,-4.569      ,0.000       ,-0.113      ,-4.682      ,880.000     ,-0.914      ,15.125      ,-0.01266      ,708           ,62.227          ,0.000         ,-0.000              ,-0.268              ,23921.871       ,0.07671           ,0.08925               ,0.000         ,0.000         ,0.000         ,0.004         
17:01:22.193280     ,0.051       ,0.880       ,0.869       ,15.160      ,15.134      ,16.039      ,-0.913      ,-4.567      ,0.000       ,-0.098      ,-4.665      ,880.000     ,-0.913      ,15.125      ,-0.01335      ,699           ,61.436          ,0.000         ,-0.000              ,-0.268              ,23921.871       ,0.07671           ,0.08925               ,0.000         ,0.000         ,0.000         ,0.004         
17:01:22.208037     ,0.049       ,0.880       ,0.869       ,15.180      ,15.143      ,16.039      ,-0.913      ,-4.567      ,0.000       ,-0.098      ,-4.665      ,880.000     ,-0.913      ,15.125      ,-0.01411      ,689           ,60.557          ,0.000         ,-0.000              ,-0.265              ,23921.871       ,0.07668           ,0.08817               ,0.000         ,0.000         ,0.000         ,0.008         
17:01:22.213278     ,0.049       ,0.880       ,0.869       ,15.140      ,15.143      ,16.039      ,-0.896      ,-4.479      ,0.000       ,0.343       ,-4.136      ,880.000     ,-0.896      ,15.143      ,-0.01480      ,680           ,59.766          ,0.000         ,-0.000              ,-0.265              ,23921.871       ,0.07668           ,0.08817               ,0.000         ,0.000         ,0.000         ,0.008         
17:01:22.225655     ,0.049       ,0.880       ,0.869       ,15.130      ,15.145      ,16.039      ,-0.896      ,-4.480      ,0.000       ,-0.356      ,-4.836      ,880.000     ,-0.896      ,15.143      ,-0.01549      ,671           ,58.975          ,0.000         ,-0.000              ,-0.257              ,23921.871       ,0.06904           ,0.08570               ,0.000         ,0.000         ,0.000         ,0.000         
17:01:22.233323     ,0.049       ,0.880       ,0.869       ,15.150      ,15.148      ,16.039      ,-0.896      ,-4.480      ,0.000       ,-0.356      ,-4.836      ,880.000     ,-0.896      ,15.143      ,-0.01618      ,662           ,58.184          ,0.000         ,-0.000              ,-0.257              ,23921.871       ,0.06904           ,0.08570               ,0.000         ,0.000         ,0.000         ,0.000         
17:01:22.244369     ,0.049       ,0.880       ,0.869       ,15.160      ,15.148      ,16.039      ,-0.891      ,-4.454      ,0.000       ,-0.134      ,-4.588      ,880.000     ,-0.891      ,15.148      ,-0.01687      ,653           ,57.393          ,0.000         ,-0.000              ,-0.253              ,23921.871       ,0.06895           ,0.08435               ,0.000         ,0.000         ,0.000         ,0.006         
17:01:22.253275     ,0.049       ,0.880       ,0.869       ,15.160      ,15.142      ,16.039      ,-0.891      ,-4.454      ,0.000       ,-0.134      ,-4.588      ,880.000     ,-0.891      ,15.148      ,-0.01756      ,644           ,56.602          ,0.000         ,-0.000              ,-0.249              ,23921.871       ,0.06911           ,0.08297               ,0.000         ,0.000         ,0.000         ,0.006         
17:01:22.264017     ,0.051       ,0.880       ,0.869       ,15.180      ,15.148      ,16.039      ,-0.896      ,-4.481      ,0.000       ,-0.091      ,-4.572      ,880.000     ,-0.896      ,15.142      ,-0.01825      ,635           ,55.811          ,0.000         ,-0.000              ,-0.245              ,23921.871       ,0.06900           ,0.08168               ,0.000         ,0.000         ,0.000         ,0.005         
17:01:22.273291     ,0.049       ,0.880       ,0.885       ,15.200      ,15.157      ,16.039      ,-0.891      ,-4.453      ,0.000       ,0.217       ,-4.236      ,880.000     ,-0.891      ,15.148      ,-0.01894      ,626           ,55.020          ,0.000         ,-0.000              ,-0.241              ,23921.871       ,0.06902           ,0.08036               ,0.000         ,0.000         ,0.000         ,0.005         
17:01:22.285740     ,0.049       ,0.880       ,0.853       ,15.200      ,15.162      ,16.039      ,-0.882      ,-4.408      ,0.000       ,0.066       ,-4.342      ,880.000     ,-0.882      ,15.157      ,-0.01956      ,618           ,54.316          ,0.000         ,-0.000              ,-0.237              ,23921.871       ,0.06907           ,0.07912               ,0.000         ,0.000         ,0.000         ,0.005         
17:01:22.293294     ,0.049       ,0.880       ,0.869       ,15.160      ,15.160      ,16.039      ,-0.877      ,-4.385      ,0.000       ,-0.084      ,-4.469      ,880.000     ,-0.877      ,15.162      ,-0.02025      ,609           ,53.525          ,0.000         ,-0.000              ,-0.234              ,23921.871       ,0.06135           ,0.07783               ,0.000         ,0.000         ,0.000         ,0.005         
17:01:22.305294     ,0.049       ,0.880       ,0.869       ,15.160      ,15.164      ,16.039      ,-0.878      ,-4.391      ,0.000       ,-0.119      ,-4.510      ,880.000     ,-0.878      ,15.160      ,-0.02086      ,601           ,52.822          ,0.000         ,-0.000              ,-0.230              ,23921.871       ,0.06904           ,0.07663               ,0.000         ,0.000         ,0.000         ,-0.003        
17:01:22.313279     ,0.051       ,0.880       ,0.885       ,15.190      ,15.171      ,16.039      ,-0.875      ,-4.373      ,0.000       ,0.097       ,-4.277      ,880.000     ,-0.875      ,15.164      ,-0.02148      ,593           ,52.119          ,0.000         ,-0.000              ,-0.226              ,23921.871       ,0.06133           ,0.07537               ,0.000         ,0.000         ,0.000         ,-0.003        
17:01:22.323836     ,0.049       ,0.880       ,0.869       ,15.190      ,15.174      ,16.039      ,-0.867      ,-4.337      ,0.000       ,0.073       ,-4.264      ,880.000     ,-0.867      ,15.171      ,-0.02209      ,585           ,51.416          ,0.000         ,-0.000              ,-0.222              ,23921.871       ,0.06140           ,0.07408               ,0.000         ,0.000         ,0.000         ,-0.003        
17:01:22.333277     ,0.051       ,0.880       ,0.885       ,15.200      ,15.177      ,16.039      ,-0.865      ,-4.324      ,0.000       ,-0.091      ,-4.415      ,880.000     ,-0.865      ,15.174      ,-0.02270      ,577           ,50.713          ,0.000         ,-0.000              ,-0.219              ,23921.871       ,0.06135           ,0.07286               ,0.000         ,0.000         ,0.000         ,-0.003        
17:01:22.343286     ,0.051       ,0.880       ,0.885       ,15.200      ,15.184      ,16.039      ,-0.862      ,-4.310      ,0.000       ,0.003       ,-4.306      ,880.000     ,-0.862      ,15.177      ,-0.02332      ,569           ,50.010          ,0.000         ,-0.000              ,-0.219              ,23921.871       ,0.06135           ,0.07286               ,0.000         ,0.000         ,0.000         ,0.000         
17:01:22.360763     ,0.049       ,0.880       ,0.869       ,15.200      ,15.187      ,16.039      ,-0.862      ,-4.258      ,0.000       ,0.150       ,-4.306      ,880.000     ,-0.862      ,15.177      ,-0.02393      ,561           ,49.307          ,0.000         ,-0.000              ,-0.215              ,23921.871       ,0.06137           ,0.07171               ,0.000         ,0.000         ,0.000         ,0.005         
17:01:22.363280     ,0.049       ,0.880       ,0.869       ,15.210      ,15.186      ,16.039      ,-0.852      ,-4.258      ,0.000       ,0.150       ,-4.108      ,880.000     ,-0.852      ,15.187      ,-0.02454      ,553           ,48.604          ,0.000         ,-0.000              ,-0.215              ,23921.871       ,0.06137           ,0.07171               ,0.000         ,0.000         ,0.000         ,0.005         
17:01:22.378339     ,0.049       ,0.880       ,0.869       ,15.200      ,15.186      ,16.039      ,-0.852      ,-4.261      ,0.000       ,-0.220      ,-4.481      ,880.000     ,-0.852      ,15.186      ,-0.02516      ,545           ,47.900          ,0.000         ,-0.000              ,-0.209              ,23921.871       ,0.06138           ,0.06958               ,0.000         ,0.000         ,0.000         ,-0.004        
17:01:22.383286     ,0.049       ,0.880       ,0.869       ,15.180      ,15.184      ,16.039      ,-0.852      ,-4.261      ,0.000       ,-0.220      ,-4.481      ,880.000     ,-0.852      ,15.186      ,-0.02569      ,538           ,47.285          ,0.000         ,-0.000              ,-0.209              ,23921.871       ,0.06138           ,0.06958               ,0.000         ,0.000         ,0.000         ,-0.004        
17:01:22.396145     ,0.049       ,0.880       ,0.869       ,15.190      ,15.187      ,16.039      ,-0.852      ,-4.261      ,0.000       ,-0.220      ,-4.481      ,880.000     ,-0.852      ,15.186      ,-0.02631      ,530           ,46.582          ,0.000         ,-0.000              ,-0.209              ,23921.871       ,0.06138           ,0.06958               ,0.000         ,0.000         ,0.000         ,-0.003        
17:01:22.403338     ,0.049       ,0.880       ,0.885       ,15.180      ,15.187      ,16.039      ,-0.852      ,-4.260      ,0.000       ,0.019       ,-4.241      ,880.000     ,-0.852      ,15.187      ,-0.02684      ,523           ,45.967          ,0.000         ,-0.000              ,-0.206              ,23921.871       ,0.06123           ,0.06857               ,0.000         ,0.000         ,0.000         ,-0.003        
17:01:22.414652     ,0.049       ,0.880       ,0.869       ,15.190      ,15.186      ,16.039      ,-0.851      ,-4.257      ,0.000       ,0.004       ,-4.253      ,880.000     ,-0.851      ,15.187      ,-0.02746      ,515           ,45.264          ,0.000         ,-0.000              ,-0.202              ,23921.871       ,0.05384           ,0.06749               ,0.000         ,0.000         ,0.000         ,-0.003        
17:01:22.423304     ,0.049       ,0.880       ,0.869       ,15.190      ,15.185      ,16.039      ,-0.851      ,-4.257      ,0.000       ,0.004       ,-4.253      ,880.000     ,-0.851      ,15.187      ,-0.02800      ,508           ,44.648          ,0.000         ,-0.000              ,-0.202              ,23921.871       ,0.05384           ,0.06749               ,0.000         ,0.000         ,0.000         ,-0.003        
17:01:22.433277     ,0.051       ,0.880       ,0.869       ,15.220      ,15.190      ,16.039      ,-0.849      ,-4.243      ,0.000       ,0.140       ,-4.103      ,880.000     ,-0.849      ,15.190      ,-0.02861      ,500           ,43.945          ,0.000         ,-0.000              ,-0.199              ,23921.871       ,0.05368           ,0.06646               ,0.000         ,0.000         ,0.000         ,0.000         
17:01:22.443301     ,0.049       ,0.880       ,0.869       ,15.200      ,15.187      ,16.039      ,-0.849      ,-4.243      ,0.000       ,0.140       ,-4.103      ,880.000     ,-0.849      ,15.190      ,-0.02915      ,493           ,43.330          ,0.000         ,-0.000              ,-0.196              ,23921.871       ,0.06134           ,0.06546               ,0.000         ,0.000         ,0.000         ,0.000         
17:01:22.453301     ,0.049       ,0.880       ,0.869       ,15.210      ,15.188      ,16.039      ,-0.852      ,-4.259      ,0.000       ,-0.161      ,-4.421      ,880.000     ,-0.852      ,15.187      ,-0.02968      ,486           ,42.715          ,0.000         ,-0.000              ,-0.196              ,23921.871       ,0.06134           ,0.06546               ,0.000         ,0.000         ,0.000         ,0.005         
17:01:22.469463     ,0.049       ,0.880       ,0.869       ,15.240      ,15.195      ,16.039      ,-0.852      ,-4.259      ,0.000       ,-0.161      ,-4.421      ,880.000     ,-0.852      ,15.187      ,-0.03022      ,479           ,42.100          ,0.000         ,-0.000              ,-0.194              ,23921.871       ,0.05375           ,0.06450               ,0.000         ,0.000         ,0.000         ,-0.004        
17:01:22.473303     ,0.049       ,0.880       ,0.869       ,15.240      ,15.203      ,16.039      ,-0.844      ,-4.218      ,0.000       ,0.230       ,-3.988      ,880.000     ,-0.844      ,15.195      ,-0.03076      ,472           ,41.484          ,0.000         ,-0.000              ,-0.194              ,23921.871       ,0.05375           ,0.06450               ,0.000         ,0.000         ,0.000         ,-0.004        
17:01:22.488060     ,0.049       ,0.880       ,0.869       ,15.220      ,15.204      ,16.039      ,-0.836      ,-4.178      ,0.000       ,-0.007      ,-4.185      ,880.000     ,-0.836      ,15.203      ,-0.03129      ,465           ,40.869          ,0.000         ,-0.000              ,-0.188              ,23921.871       ,0.05371           ,0.06268               ,0.000         ,0.000         ,0.000         ,0.000         
17:01:22.493330     ,0.049       ,0.880       ,0.869       ,15.210      ,15.210      ,16.039      ,-0.836      ,-4.178      ,0.000       ,-0.007      ,-4.185      ,880.000     ,-0.836      ,15.203      ,-0.03175      ,459           ,40.342          ,0.000         ,-0.000              ,-0.188              ,23921.871       ,0.05371           ,0.06268               ,0.000         ,0.000         ,0.000         ,0.000         
17:01:22.505553     ,0.051       ,0.880       ,0.869       ,15.240      ,15.220      ,16.039      ,-0.828      ,-4.141      ,0.000       ,-0.011      ,-4.151      ,880.000     ,-0.828      ,15.210      ,-0.03229      ,452           ,39.727          ,0.000         ,-0.000              ,-0.185              ,23921.871       ,0.04593           ,0.06168               ,0.000         ,0.000         ,0.000         ,0.005         
17:01:22.513284     ,0.049       ,0.880       ,0.869       ,15.250      ,15.224      ,16.039      ,-0.818      ,-4.092      ,0.000       ,0.046       ,-4.045      ,880.000     ,-0.818      ,15.220      ,-0.03275      ,446           ,39.199          ,0.000         ,-0.000              ,-0.182              ,23921.871       ,0.05354           ,0.06071               ,0.000         ,0.000         ,0.000         ,0.005         
17:01:22.524046     ,0.049       ,0.880       ,0.885       ,15.220      ,15.222      ,16.039      ,-0.814      ,-4.072      ,0.000       ,-0.115      ,-4.187      ,880.000     ,-0.814      ,15.224      ,-0.03321      ,440           ,38.672          ,0.000         ,-0.000              ,-0.179              ,23921.871       ,0.04618           ,0.05966               ,0.000         ,0.000         ,0.000         ,-0.003        
17:01:22.533283     ,0.049       ,0.880       ,0.885       ,15.250      ,15.228      ,16.039      ,-0.817      ,-4.084      ,0.000       ,-0.128      ,-4.212      ,880.000     ,-0.817      ,15.222      ,-0.03367      ,434           ,38.145          ,0.000         ,-0.000              ,-0.176              ,23921.871       ,0.04608           ,0.05855               ,0.000         ,0.000         ,0.000         ,-0.003        
17:01:22.543296     ,0.049       ,0.880       ,0.885       ,15.260      ,15.235      ,16.039      ,-0.811      ,-4.053      ,0.000       ,0.170       ,-3.884      ,880.000     ,-0.811      ,15.228      ,-0.03405      ,429           ,37.705          ,0.000         ,-0.000              ,-0.176              ,23921.871       ,0.04608           ,0.05855               ,0.000         ,0.000         ,0.000         ,0.008         
17:01:22.559271     ,0.049       ,0.880       ,0.869       ,15.270      ,15.237      ,16.039      ,-0.802      ,-4.010      ,0.000       ,0.050       ,-3.960      ,880.000     ,-0.802      ,15.237      ,-0.03444      ,424           ,37.266          ,0.000         ,-0.000              ,-0.172              ,23921.871       ,0.04602           ,0.05748               ,0.000         ,0.000         ,0.000         ,-0.003        
17:01:22.563283     ,0.049       ,0.880       ,0.869       ,15.270      ,15.238      ,16.039      ,-0.802      ,-4.010      ,0.000       ,0.050       ,-3.960      ,880.000     ,-0.802      ,15.237      ,-0.03482      ,419           ,36.826          ,0.000         ,-0.000              ,-0.172              ,23921.871       ,0.04602           ,0.05748               ,0.000         ,0.000         ,0.000         ,-0.003        
17:01:22.577868     ,0.051       ,0.880       ,0.869       ,15.260      ,15.246      ,16.039      ,-0.800      ,-4.002      ,0.000       ,-0.140      ,-4.142      ,880.000     ,-0.800      ,15.238      ,-0.03520      ,414           ,36.387          ,0.000         ,-0.000              ,-0.165              ,23921.871       ,0.03836           ,0.05503               ,0.000         ,0.000         ,0.000         ,-0.003        
17:01:22.583283     ,0.051       ,0.880       ,0.869       ,15.260      ,15.249      ,16.039      ,-0.800      ,-4.002      ,0.000       ,-0.140      ,-4.142      ,880.000     ,-0.800      ,15.238      ,-0.03551      ,410           ,36.035          ,0.000         ,-0.000              ,-0.165              ,23921.871       ,0.03836           ,0.05503               ,0.000         ,0.000         ,0.000         ,-0.003        
17:01:22.596603     ,0.051       ,0.880       ,0.885       ,15.270      ,15.254      ,16.039      ,-0.790      ,-3.949      ,0.000       ,0.182       ,-3.767      ,880.000     ,-0.790      ,15.249      ,-0.03582      ,406           ,35.684          ,0.000         ,-0.000              ,-0.161              ,23921.871       ,0.03064           ,0.05357               ,0.000         ,0.000         ,0.000         ,0.006         
17:01:22.603333     ,0.049       ,0.880       ,0.885       ,15.270      ,15.257      ,16.039      ,-0.785      ,-3.924      ,0.000       ,-0.115      ,-4.039      ,880.000     ,-0.785      ,15.254      ,-0.03613      ,402           ,35.332          ,0.000         ,-0.000              ,-0.156              ,23921.871       ,0.03070           ,0.05197               ,0.000         ,0.000         ,0.000         ,0.006         
17:01:22.613991     ,0.051       ,0.880       ,0.869       ,15.270      ,15.260      ,16.039      ,-0.782      ,-3.908      ,0.000       ,-0.033      ,-3.940      ,880.000     ,-0.782      ,15.257      ,-0.03636      ,399           ,35.068          ,0.000         ,-0.000              ,-0.151              ,23921.871       ,0.03059           ,0.05027               ,0.000         ,0.000         ,0.000         ,-0.004        
17:01:22.623352     ,0.051       ,0.880       ,0.869       ,15.300      ,15.268      ,16.039      ,-0.779      ,-3.895      ,0.000       ,-0.014      ,-3.908      ,880.000     ,-0.779      ,15.260      ,-0.03659      ,396           ,34.805          ,0.000         ,-0.000              ,-0.145              ,23921.871       ,0.02307           ,0.04849               ,0.000         ,0.000         ,0.000         ,-0.004        
17:01:22.635900     ,0.051       ,0.880       ,0.869       ,15.280      ,15.269      ,16.039      ,-0.771      ,-3.855      ,0.000       ,0.106       ,-3.749      ,880.000     ,-0.771      ,15.268      ,-0.03674      ,394           ,34.629          ,0.000         ,-0.000              ,-0.145              ,23921.871       ,0.02307           ,0.04849               ,0.000         ,0.000         ,0.000         ,-0.003        
17:01:22.643288     ,0.051       ,0.880       ,0.853       ,15.270      ,15.267      ,16.039      ,-0.772      ,-3.858      ,0.000       ,-0.169      ,-4.028      ,880.000     ,-0.772      ,15.267      ,-0.03697      ,391           ,34.365          ,0.000         ,-0.000              ,-0.140              ,23921.871       ,0.02303           ,0.04651               ,0.000         ,0.000         ,0.000         ,-0.003        
17:01:22.653366     ,0.049       ,0.880       ,0.853       ,15.280      ,15.268      ,16.039      ,-0.772      ,-3.858      ,0.000       ,-0.169      ,-4.028      ,880.000     ,-0.772      ,15.267      ,-0.03712      ,389           ,34.189          ,0.000         ,-0.000              ,-0.133              ,23921.871       ,0.02302           ,0.04448               ,0.000         ,0.000         ,0.000         ,-0.003        
17:01:22.663405     ,0.049       ,0.880       ,0.885       ,15.280      ,15.271      ,16.039      ,-0.770      ,-3.851      ,0.000       ,0.040       ,-3.810      ,880.000     ,-0.770      ,15.268      ,-0.03720      ,388           ,34.102          ,0.000         ,-0.000              ,-0.127              ,23921.871       ,0.01533           ,0.04229               ,0.000         ,0.000         ,0.000         ,-0.003        
17:01:22.673332     ,0.049       ,0.880       ,0.885       ,15.270      ,15.267      ,16.039      ,-0.768      ,-3.839      ,0.000       ,0.018       ,-3.821      ,880.000     ,-0.768      ,15.271      ,-0.03728      ,387           ,34.014          ,0.000         ,-0.000              ,-0.127              ,23921.871       ,0.01533           ,0.04229               ,0.000         ,0.000         ,0.000         ,0.004         
17:01:22.689710     ,0.051       ,0.880       ,0.885       ,15.270      ,15.268      ,16.039      ,-0.768      ,-3.839      ,0.000       ,0.018       ,-3.821      ,880.000     ,-0.768      ,15.271      ,-0.03735      ,386           ,33.926          ,0.000         ,-0.000              ,-0.120              ,23921.871       ,0.00766           ,0.03986               ,0.000         ,0.000         ,0.000         ,-0.003        
17:01:22.693340     ,0.051       ,0.880       ,0.885       ,15.280      ,15.271      ,16.039      ,-0.771      ,-3.853      ,0.000       ,-0.103      ,-3.956      ,880.000     ,-0.771      ,15.268      ,-0.03743      ,385           ,33.838          ,0.000         ,-0.000              ,-0.120              ,23921.871       ,0.00766           ,0.03986               ,0.000         ,0.000         ,0.000         ,-0.003        
17:01:22.708331     ,0.049       ,0.880       ,0.869       ,15.300      ,15.274      ,16.039      ,-0.771      ,-3.853      ,0.000       ,-0.103      ,-3.956      ,880.000     ,-0.771      ,15.268      ,-0.03743      ,385           ,33.838          ,0.000         ,-0.000              ,-0.112              ,23921.871       ,0.00767           ,0.03733               ,0.000         ,0.000         ,0.000         ,0.006         
17:01:22.713287     ,0.051       ,0.880       ,0.869       ,15.390      ,15.290      ,16.039      ,-0.748      ,-3.741      ,0.000       ,0.203       ,-3.539      ,880.000     ,-0.748      ,15.290      ,-0.03743      ,385           ,33.838          ,0.000         ,-0.000              ,-0.104              ,23921.871       ,0.00000           ,0.03461               ,0.000         ,0.000         ,0.000         ,0.006         
17:01:22.727087     ,0.051       ,0.880       ,0.869       ,15.480      ,15.320      ,16.039      ,-0.748      ,-3.741      ,0.000       ,0.203       ,-3.539      ,880.000     ,-0.748      ,15.290      ,-0.03743      ,385           ,33.838          ,0.000         ,-0.000              ,-0.096              ,23921.871       ,0.00000           ,0.03183               ,0.000         ,0.000         ,0.000         ,0.001         
17:01:22.733295     ,0.051       ,0.880       ,0.869       ,15.660      ,15.376      ,16.039      ,-0.662      ,-3.311      ,0.000       ,1.398       ,-1.913      ,880.000     ,-0.662      ,15.376      ,-0.03735      ,386           ,33.926          ,0.000         ,-0.000              ,-0.096              ,23921.871       ,0.00000           ,0.03183               ,0.000         ,0.000         ,0.000         ,0.001         
17:01:22.745810     ,0.049       ,0.880       ,0.885       ,15.660      ,15.376      ,16.039      ,-0.662      ,-3.028      ,0.000       ,-0.592      ,-1.913      ,880.000     ,-0.662      ,15.376      ,-0.03735      ,386           ,33.926          ,0.000         ,-0.000              ,-0.087              ,23921.871       ,-0.00766          ,0.02890               ,0.000         ,0.000         ,0.000         ,0.000         
17:01:22.753357     ,0.051       ,0.880       ,0.885       ,15.690      ,15.492      ,16.039      ,-0.606      ,-3.028      ,0.000       ,-0.592      ,-3.619      ,880.000     ,-0.606      ,15.433      ,-0.03728      ,387           ,34.014          ,0.000         ,-0.000              ,-0.078              ,23921.871       ,0.00000           ,0.02595               ,0.000         ,0.000         ,0.000         ,0.000         
17:01:22.765840     ,0.051       ,0.880       ,0.885       ,15.720      ,15.554      ,16.039      ,-0.546      ,-2.731      ,0.000       ,0.056       ,-2.675      ,880.000     ,-0.546      ,15.492      ,-0.03720      ,388           ,34.102          ,0.000         ,-0.000              ,-0.069              ,23921.871       ,-0.00766          ,0.02297               ,0.000         ,0.000         ,0.000         ,-0.001        
17:01:22.773353     ,0.051       ,0.880       ,0.869       ,15.780      ,15.624      ,16.039      ,-0.485      ,-2.423      ,0.000       ,0.045       ,-2.378      ,880.000     ,-0.485      ,15.554      ,-0.03712      ,389           ,34.189          ,0.000         ,-0.000              ,-0.060              ,23921.871       ,-0.00767          ,0.01999               ,0.000         ,0.000         ,0.000         ,-0.001        
17:01:22.784587     ,0.051       ,0.880       ,0.885       ,15.780      ,15.670      ,16.039      ,-0.415      ,-2.074      ,0.000       ,0.165       ,-1.909      ,880.000     ,-0.415      ,15.624      ,-0.03697      ,391           ,34.365          ,0.000         ,-0.000              ,-0.051              ,23921.871       ,-0.00766          ,0.01699               ,0.000         ,0.000         ,0.000         ,-0.001        
17:01:22.793360     ,0.049       ,0.880       ,0.885       ,15.780      ,15.717      ,16.039      ,-0.368      ,-1.841      ,0.000       ,-0.468      ,-2.309      ,880.000     ,-0.368      ,15.670      ,-0.03689      ,392           ,34.453          ,0.000         ,-0.000              ,-0.042              ,23921.871       ,-0.01534          ,0.01398               ,0.000         ,0.000         ,0.000         ,-0.001        
17:01:22.803358     ,0.049       ,0.880       ,0.869       ,15.800      ,15.762      ,16.039      ,-0.321      ,-1.606      ,0.000       ,0.014       ,-1.592      ,880.000     ,-0.321      ,15.717      ,-0.03682      ,393           ,34.541          ,0.200         ,-0.001              ,-0.034              ,23921.871       ,-0.00767          ,0.01119               ,0.000         ,0.000         ,0.000         ,-0.001        
17:01:22.813295     ,0.049       ,0.880       ,0.885       ,15.920      ,15.809      ,16.039      ,-0.230      ,-1.148      ,0.000       ,0.031       ,-1.116      ,880.000     ,-0.230      ,15.809      ,-0.03666      ,395           ,34.717          ,0.400         ,-0.001              ,-0.026              ,23921.871       ,-0.00767          ,0.00859               ,0.000         ,0.000         ,0.000         ,-0.001        
17:01:22.823369     ,0.049       ,0.880       ,0.885       ,15.950      ,15.834      ,16.039      ,-0.230      ,-1.148      ,0.000       ,0.031       ,-1.116      ,880.000     ,-0.230      ,15.809      ,-0.03651      ,397           ,34.893          ,0.600         ,-0.002              ,-0.026              ,23921.871       ,-0.00767          ,0.00859               ,0.000         ,0.000         ,0.000         ,-0.003        
17:01:22.833295     ,0.051       ,0.880       ,0.885       ,15.950      ,15.852      ,16.039      ,-0.186      ,-0.931      ,0.000       ,-0.063      ,-0.993      ,880.000     ,-0.186      ,15.852      ,-0.03643      ,398           ,34.980          ,0.800         ,-0.003              ,-0.018              ,23921.871       ,-0.01530          ,0.00616               ,0.000         ,0.000         ,0.000         ,-0.003        
17:01:22.843314     ,0.051       ,0.880       ,0.885       ,15.930      ,15.869      ,16.039      ,-0.186      ,-0.931      ,0.000       ,-0.063      ,-0.993      ,880.000     ,-0.186      ,15.852      ,-0.03628      ,400           ,35.156          ,1.000         ,-0.003              ,-0.018              ,23921.871       ,-0.01530          ,0.00616               ,0.000         ,0.000         ,0.000         ,-0.006        
17:01:22.859607     ,0.051       ,0.880       ,0.885       ,15.960      ,15.895      ,16.039      ,-0.186      ,-0.931      ,0.000       ,-0.063      ,-0.993      ,880.000     ,-0.186      ,15.852      ,-0.03613      ,402           ,35.332          ,1.000         ,-0.003              ,-0.012              ,23921.871       ,-0.00767          ,0.00397               ,0.000         ,0.000         ,0.000         ,-0.006        
17:01:22.863332     ,0.051       ,0.880       ,0.885       ,15.970      ,15.908      ,16.039      ,-0.144      ,-0.720      ,0.000       ,-0.026      ,-0.746      ,880.000     ,-0.144      ,15.895      ,-0.03605      ,403           ,35.420          ,1.000         ,-0.003              ,-0.012              ,23921.871       ,-0.00767          ,0.00397               ,0.000         ,0.000         ,0.000         ,-0.006        
17:01:22.878311     ,0.049       ,0.880       ,0.885       ,15.980      ,15.928      ,16.039      ,-0.130      ,-0.651      ,0.000       ,-0.567      ,-1.218      ,880.000     ,-0.130      ,15.908      ,-0.03590      ,405           ,35.596          ,1.000         ,-0.003              ,-0.001              ,23921.873       ,-0.00766          ,0.00020               ,0.000         ,0.000         ,0.000         ,-0.006        
17:01:22.883298     ,0.049       ,0.880       ,0.885       ,16.020      ,15.956      ,16.039      ,-0.130      ,-0.651      ,0.000       ,-0.567      ,-1.218      ,880.000     ,-0.130      ,15.908      ,-0.03590      ,405           ,35.596          ,1.000         ,-0.003              ,-0.001              ,23921.873       ,-0.00766          ,0.00020               ,0.000         ,0.000         ,0.000         ,-0.006        
17:01:22.897081     ,0.051       ,0.880       ,0.869       ,16.080      ,15.992      ,16.039      ,-0.082      ,-0.412      ,0.000       ,0.682       ,0.270       ,880.000     ,-0.082      ,15.956      ,-0.03559      ,409           ,35.947          ,1.000         ,-0.003              ,0.004               ,23921.873       ,-0.01536          ,-0.00144              ,0.000         ,0.000         ,0.000         ,-0.008        
17:01:22.903297     ,0.049       ,0.880       ,0.869       ,16.090      ,16.014      ,16.039      ,-0.047      ,-0.233      ,0.000       ,-0.242      ,-0.475      ,880.000     ,-0.047      ,15.992      ,-0.03543      ,411           ,36.123          ,1.000         ,-0.003              ,0.009               ,23921.873       ,-0.01534          ,-0.00295              ,0.000         ,0.000         ,0.000         ,-0.008        
17:01:22.914763     ,0.051       ,0.880       ,0.869       ,16.080      ,16.028      ,16.039      ,-0.025      ,-0.124      ,0.000       ,-0.280      ,-0.404      ,880.000     ,-0.025      ,16.014      ,-0.03528      ,413           ,36.299          ,1.000         ,-0.003              ,0.013               ,23921.873       ,-0.01531          ,-0.00435              ,0.000         ,0.000         ,0.000         ,-0.009        
17:01:22.923297     ,0.049       ,0.880       ,0.869       ,16.080      ,16.041      ,16.039      ,-0.011      ,-0.055      ,0.000       ,-0.160      ,-0.215      ,880.000     ,-0.011      ,16.028      ,-0.03513      ,415           ,36.475          ,1.000         ,-0.003              ,0.017               ,23921.873       ,-0.01532          ,-0.00554              ,0.000         ,0.000         ,0.000         ,-0.009        
17:01:22.937766     ,0.051       ,0.880       ,0.885       ,16.130      ,16.059      ,16.039      ,0.002       ,0.103       ,0.000       ,0.110       ,-0.056      ,880.000     ,0.002       ,16.041      ,-0.03497      ,417           ,36.650          ,1.000         ,-0.003              ,0.020               ,23921.873       ,-0.01538          ,-0.00666              ,0.000         ,0.000         ,0.000         ,-0.010        
17:01:22.943333     ,0.051       ,0.880       ,0.885       ,16.140      ,16.073      ,16.039      ,0.021       ,0.103       ,0.000       ,0.110       ,0.214       ,880.000     ,0.021       ,16.059      ,-0.03490      ,418           ,36.738          ,1.000         ,-0.003              ,0.020               ,23921.873       ,-0.01538          ,-0.00666              ,0.000         ,0.000         ,0.000         ,-0.010        
17:01:22.956315     ,0.049       ,0.880       ,0.869       ,16.200      ,16.099      ,16.039      ,0.034       ,0.171       ,0.000       ,-0.101      ,0.070       ,880.000     ,0.034       ,16.073      ,-0.03474      ,420           ,36.914          ,1.000         ,-0.003              ,0.026               ,23921.873       ,-0.00768          ,-0.00853              ,0.000         ,0.000         ,0.000         ,-0.011        
17:01:22.963331     ,0.051       ,0.880       ,0.869       ,16.200      ,16.126      ,16.039      ,0.061       ,0.303       ,0.000       ,0.256       ,0.559       ,880.000     ,0.061       ,16.099      ,-0.03459      ,422           ,37.090          ,1.000         ,-0.003              ,0.028               ,23921.873       ,-0.01533          ,-0.00932              ,0.000         ,0.000         ,0.000         ,-0.011        
17:01:22.977128     ,0.051       ,0.880       ,0.869       ,16.210      ,16.152      ,16.039      ,0.087       ,0.437       ,0.000       ,0.008       ,0.445       ,880.000     ,0.087       ,16.126      ,-0.03436      ,425           ,37.354          ,1.000         ,-0.003              ,0.030               ,23921.873       ,-0.01534          ,-0.00999              ,0.000         ,0.000         ,0.000         ,-0.013        
17:01:22.983292     ,0.051       ,0.880       ,0.869       ,16.210      ,16.167      ,16.039      ,0.113       ,0.567       ,0.000       ,-0.016      ,0.551       ,880.000     ,0.113       ,16.152      ,-0.03421      ,427           ,37.529          ,1.000         ,-0.003              ,0.032               ,23921.873       ,-0.02303          ,-0.01079              ,0.000         ,0.000         ,0.000         ,-0.013        
17:01:22.998029     ,0.051       ,0.880       ,0.869       ,16.240      ,16.187      ,16.039      ,0.129       ,0.643       ,0.000       ,-0.213      ,0.430       ,880.000     ,0.129       ,16.167      ,-0.03405      ,429           ,37.705          ,1.000         ,-0.003              ,0.034               ,23921.873       ,-0.01533          ,-0.01148              ,0.000         ,0.000         ,0.000         ,-0.013        
17:01:23.003292     ,0.049       ,0.880       ,0.869       ,16.220      ,16.194      ,16.039      ,0.149       ,0.744       ,0.000       ,0.095       ,0.838       ,880.000     ,0.149       ,16.187      ,-0.03390      ,431           ,37.881          ,1.000         ,-0.003              ,0.036               ,23921.873       ,-0.01534          ,-0.01206              ,0.000         ,0.000         ,0.000         ,-0.013        
17:01:23.017595     ,0.049       ,0.880       ,0.853       ,16.250      ,16.208      ,16.039      ,0.155       ,0.776       ,0.000       ,-0.273      ,0.503       ,880.000     ,0.155       ,16.194      ,-0.03375      ,433           ,38.057          ,1.000         ,-0.003              ,0.038               ,23921.875       ,-0.01533          ,-0.01255              ,0.000         ,0.000         ,0.000         ,-0.013        
17:01:23.023381     ,0.049       ,0.880       ,0.885       ,16.260      ,16.222      ,16.039      ,0.170       ,0.849       ,0.000       ,0.165       ,1.015       ,880.000     ,0.170       ,16.208      ,-0.03352      ,436           ,38.320          ,1.000         ,-0.003              ,0.039               ,23921.875       ,-0.01533          ,-0.01297              ,0.000         ,0.000         ,0.000         ,-0.013        
17:01:23.037332     ,0.049       ,0.880       ,0.869       ,16.310      ,16.242      ,16.039      ,0.183       ,0.917       ,0.000       ,-0.023      ,0.893       ,880.000     ,0.183       ,16.222      ,-0.03336      ,438           ,38.496          ,1.000         ,-0.003              ,0.040               ,23921.875       ,-0.02306          ,-0.01344              ,0.000         ,0.000         ,0.000         ,-0.014        
17:01:23.043339     ,0.051       ,0.880       ,0.885       ,16.300      ,16.251      ,16.039      ,0.203       ,1.016       ,0.000       ,0.126       ,1.142       ,880.000     ,0.203       ,16.242      ,-0.03321      ,440           ,38.672          ,1.000         ,-0.003              ,0.042               ,23921.875       ,-0.01533          ,-0.01384              ,0.000         ,0.000         ,0.000         ,-0.014        
17:01:23.056128     ,0.049       ,0.880       ,0.869       ,16.280      ,16.260      ,16.039      ,0.212       ,1.108       ,0.000       ,0.009       ,0.845       ,880.000     ,0.212       ,16.251      ,-0.03298      ,443           ,38.936          ,1.000         ,-0.003              ,0.043               ,23921.875       ,-0.01535          ,-0.01429              ,0.000         ,0.000         ,0.000         ,-0.013        
17:01:23.063391     ,0.051       ,0.880       ,0.869       ,16.280      ,16.266      ,16.039      ,0.222       ,1.108       ,0.000       ,0.009       ,1.118       ,880.000     ,0.222       ,16.260      ,-0.03275      ,446           ,39.199          ,1.000         ,-0.003              ,0.044               ,23921.875       ,-0.02301          ,-0.01480              ,0.000         ,0.000         ,0.000         ,-0.013        
17:01:23.076052     ,0.051       ,0.880       ,0.869       ,16.320      ,16.279      ,16.039      ,0.227       ,1.137       ,0.000       ,-0.076      ,1.061       ,880.000     ,0.227       ,16.266      ,-0.03260      ,448           ,39.375          ,1.000         ,-0.003              ,0.046               ,23921.875       ,-0.02296          ,-0.01534              ,0.000         ,0.000         ,0.000         ,-0.013        
17:01:23.083303     ,0.051       ,0.880       ,0.869       ,16.330      ,16.286      ,16.039      ,0.241       ,1.204       ,0.000       ,0.153       ,1.356       ,880.000     ,0.241       ,16.279      ,-0.03237      ,451           ,39.639          ,1.000         ,-0.003              ,0.047               ,23921.875       ,-0.01536          ,-0.01568              ,0.000         ,0.000         ,0.000         ,-0.013        
17:01:23.096119     ,0.051       ,0.880       ,0.869       ,16.330      ,16.286      ,16.039      ,0.247       ,1.235       ,0.000       ,-0.141      ,1.093       ,880.000     ,0.247       ,16.286      ,-0.03214      ,454           ,39.902          ,0.800         ,-0.003              ,0.048               ,23921.875       ,-0.02301          ,-0.01609              ,0.000         ,0.000         ,0.000         ,-0.013        
17:01:23.103294     ,0.051       ,0.880       ,0.869       ,16.360      ,16.300      ,16.039      ,0.247       ,1.235       ,0.000       ,-0.125      ,1.110       ,880.000     ,0.247       ,16.286      ,-0.03191      ,457           ,40.166          ,0.600         ,-0.002              ,0.050               ,23921.875       ,-0.02304          ,-0.01655              ,0.000         ,0.000         ,0.000         ,-0.013        
17:01:23.115804     ,0.051       ,0.880       ,0.869       ,16.380      ,16.318      ,16.039      ,0.261       ,1.305       ,0.000       ,0.281       ,1.586       ,880.000     ,0.261       ,16.300      ,-0.03168      ,460           ,40.430          ,0.400         ,-0.001              ,0.051               ,23921.875       ,-0.02300          ,-0.01706              ,0.000         ,0.000         ,0.000         ,-0.013        
17:01:23.123301     ,0.049       ,0.880       ,0.869       ,16.380      ,16.334      ,16.039      ,0.280       ,1.398       ,0.000       ,0.091       ,1.489       ,880.000     ,0.280       ,16.318      ,-0.03137      ,464           ,40.781          ,0.200         ,-0.001              ,0.053               ,23921.875       ,-0.02299          ,-0.01761              ,0.000         ,0.000         ,0.000         ,-0.013        
17:01:23.137931     ,0.051       ,0.880       ,0.820       ,16.360      ,16.339      ,16.039      ,0.295       ,1.476       ,0.000       ,-0.062      ,1.414       ,880.000     ,0.295       ,16.334      ,-0.03114      ,467           ,41.045          ,0.000         ,-0.000              ,0.055               ,23921.875       ,-0.03072          ,-0.01819              ,0.000         ,0.000         ,0.000         ,-0.013        
17:01:23.143357     ,0.049       ,0.880       ,0.869       ,16.360      ,16.346      ,16.039      ,0.300       ,1.501       ,0.000       ,-0.211      ,1.290       ,880.000     ,0.300       ,16.339      ,-0.03091      ,470           ,41.309          ,0.000         ,-0.000              ,0.056               ,23921.875       ,-0.02298          ,-0.01880              ,0.000         ,0.000         ,0.000         ,-0.013        
17:01:23.156776     ,0.049       ,0.880       ,0.869       ,16.430      ,16.363      ,16.039      ,0.307       ,1.537       ,0.000       ,0.047       ,1.584       ,880.000     ,0.307       ,16.346      ,-0.03060      ,474           ,41.660          ,0.000         ,-0.000              ,0.058               ,23921.875       ,-0.02304          ,-0.01943              ,0.000         ,0.000         ,0.000         ,-0.014        
17:01:23.163324     ,0.051       ,0.880       ,0.885       ,16.440      ,16.377      ,16.039      ,0.324       ,1.621       ,0.000       ,0.191       ,1.812       ,880.000     ,0.324       ,16.363      ,-0.03030      ,478           ,42.012          ,0.000         ,-0.000              ,0.060               ,23921.875       ,-0.03066          ,-0.02008              ,0.000         ,0.000         ,0.000         ,-0.014        
17:01:23.174745     ,0.049       ,0.880       ,0.853       ,16.440      ,16.390      ,16.039      ,0.338       ,1.691       ,0.000       ,-0.059      ,1.631       ,880.000     ,0.338       ,16.377      ,-0.02999      ,482           ,42.363          ,0.000         ,-0.000              ,0.062               ,23921.875       ,-0.03065          ,-0.02075              ,0.000         ,0.000         ,0.000         ,-0.013        
17:01:23.183297     ,0.051       ,0.880       ,0.869       ,16.450      ,16.406      ,16.039      ,0.351       ,1.755       ,0.000       ,-0.021      ,1.733       ,880.000     ,0.351       ,16.390      ,-0.02968      ,486           ,42.715          ,0.000         ,-0.000              ,0.065               ,23921.875       ,-0.03070          ,-0.02155              ,0.000         ,0.000         ,0.000         ,-0.013        
17:01:23.196926     ,0.051       ,0.880       ,0.885       ,16.480      ,16.426      ,16.039      ,0.368       ,1.839       ,0.000       ,0.080       ,1.919       ,880.000     ,0.368       ,16.406      ,-0.02938      ,490           ,43.066          ,0.000         ,-0.000              ,0.067               ,23921.875       ,-0.03066          ,-0.02234              ,0.000         ,0.000         ,0.000         ,-0.014        
17:01:23.203289     ,0.049       ,0.880       ,0.869       ,16.480      ,16.433      ,16.039      ,0.388       ,1.939       ,0.000       ,0.064       ,2.003       ,880.000     ,0.388       ,16.426      ,-0.02907      ,494           ,43.418          ,0.000         ,-0.000              ,0.069               ,23921.875       ,-0.03072          ,-0.02313              ,0.000         ,0.000         ,0.000         ,-0.014        
17:01:23.216880     ,0.051       ,0.880       ,0.869       ,16.450      ,16.437      ,16.039      ,0.395       ,1.973       ,0.000       ,-0.263      ,1.710       ,880.000     ,0.395       ,16.433      ,-0.02869      ,499           ,43.857          ,0.000         ,-0.000              ,0.072               ,23921.875       ,-0.03066          ,-0.02392              ,0.000         ,0.000         ,0.000         ,-0.014        
17:01:23.223375     ,0.051       ,0.880       ,0.869       ,16.450      ,16.445      ,16.039      ,0.399       ,1.994       ,0.000       ,-0.056      ,1.938       ,880.000     ,0.399       ,16.437      ,-0.02838      ,503           ,44.209          ,0.000         ,-0.000              ,0.074               ,23921.875       ,-0.03833          ,-0.02482              ,0.000         ,0.000         ,0.000         ,-0.014        
17:01:23.237671     ,0.051       ,0.880       ,0.869       ,16.500      ,16.461      ,16.039      ,0.407       ,2.034       ,0.000       ,0.081       ,2.115       ,880.000     ,0.407       ,16.445      ,-0.02800      ,508           ,44.648          ,0.000         ,-0.000              ,0.077               ,23921.875       ,-0.03066          ,-0.02558              ,0.000         ,0.000         ,0.000         ,-0.013        
17:01:23.243294     ,0.051       ,0.880       ,0.869       ,16.500      ,16.467      ,16.039      ,0.422       ,2.111       ,0.000       ,0.144       ,2.255       ,880.000     ,0.422       ,16.461      ,-0.02761      ,513           ,45.088          ,0.000         ,-0.000              ,0.079               ,23921.875       ,-0.03837          ,-0.02646              ,0.000         ,0.000         ,0.000         ,-0.013        
17:01:23.256481     ,0.049       ,0.880       ,0.869       ,16.490      ,16.470      ,16.039      ,0.429       ,2.143       ,0.000       ,-0.178      ,1.965       ,880.000     ,0.429       ,16.467      ,-0.02723      ,518           ,45.527          ,0.000         ,-0.000              ,0.082               ,23921.875       ,-0.03841          ,-0.02744              ,0.000         ,0.000         ,0.000         ,-0.013        
17:01:23.263324     ,0.051       ,0.880       ,0.869       ,16.500      ,16.478      ,16.039      ,0.431       ,2.157       ,0.000       ,-0.073      ,2.084       ,880.000     ,0.431       ,16.470      ,-0.02684      ,523           ,45.967          ,0.000         ,-0.000              ,0.085               ,23921.875       ,-0.03831          ,-0.02839              ,0.000         ,0.000         ,0.000         ,-0.013        
17:01:23.276315     ,0.049       ,0.880       ,0.869       ,16.530      ,16.490      ,16.039      ,0.440       ,2.255       ,0.000       ,0.056       ,2.312       ,880.000     ,0.440       ,16.478      ,-0.02646      ,528           ,46.406          ,0.000         ,-0.000              ,0.088               ,23921.875       ,-0.03833          ,-0.02931              ,0.000         ,0.000         ,0.000         ,-0.015        
17:01:23.283302     ,0.049       ,0.880       ,0.869       ,16.510      ,16.488      ,16.039      ,0.451       ,2.255       ,0.000       ,0.056       ,2.311       ,880.000     ,0.451       ,16.490      ,-0.02608      ,533           ,46.846          ,0.000         ,-0.000              ,0.091               ,23921.875       ,-0.03840          ,-0.03020              ,0.000         ,0.000         ,0.000         ,-0.015        
17:01:23.294089     ,0.051       ,0.880       ,0.869       ,16.510      ,16.490      ,16.039      ,0.449       ,2.245       ,0.000       ,-0.263      ,1.983       ,880.000     ,0.449       ,16.488      ,-0.02562      ,539           ,47.373          ,0.000         ,-0.000              ,0.093               ,23921.875       ,-0.03834          ,-0.03108              ,0.000         ,0.000         ,0.000         ,-0.014        
17:01:23.303302     ,0.049       ,0.880       ,0.885       ,16.510      ,16.497      ,16.039      ,0.451       ,2.257       ,0.000       ,0.086       ,2.343       ,880.000     ,0.451       ,16.490      ,-0.02516      ,545           ,47.900          ,0.000         ,-0.000              ,0.096               ,23921.875       ,-0.04602          ,-0.03206              ,0.000         ,0.000         ,0.000         ,-0.014        
17:01:23.313376     ,0.049       ,0.880       ,0.885       ,16.550      ,16.509      ,16.039      ,0.458       ,2.291       ,0.000       ,0.090       ,2.381       ,880.000     ,0.458       ,16.497      ,-0.02477      ,550           ,48.340          ,0.000         ,-0.000              ,0.096               ,23921.875       ,-0.04602          ,-0.03206              ,0.000         ,0.000         ,0.000         ,-0.015        
17:01:23.323288     ,0.051       ,0.880       ,0.869       ,16.560      ,16.516      ,16.039      ,0.477       ,2.386       ,0.000       ,0.240       ,2.626       ,880.000     ,0.477       ,16.516      ,-0.02431      ,556           ,48.867          ,0.000         ,-0.000              ,0.099               ,23921.875       ,-0.04604          ,-0.03312              ,0.000         ,0.000         ,0.000         ,-0.015        
17:01:23.333312     ,0.051       ,0.880       ,0.869       ,16.560      ,16.525      ,16.039      ,0.477       ,2.386       ,0.000       ,0.240       ,2.626       ,880.000     ,0.477       ,16.516      ,-0.02378      ,563           ,49.482          ,0.000         ,-0.000              ,0.099               ,23921.875       ,-0.04604          ,-0.03312              ,0.000         ,0.000         ,0.000         ,-0.013        
17:01:23.343289     ,0.051       ,0.880       ,0.869       ,16.550      ,16.531      ,16.039      ,0.493       ,2.464       ,0.000       ,-0.064      ,2.399       ,880.000     ,0.493       ,16.531      ,-0.02332      ,569           ,50.010          ,0.000         ,-0.000              ,0.102               ,23921.875       ,-0.04610          ,-0.03413              ,0.000         ,0.000         ,0.000         ,-0.013        
17:01:23.353301     ,0.051       ,0.880       ,0.869       ,16.550      ,16.538      ,16.039      ,0.493       ,2.464       ,0.000       ,-0.064      ,2.399       ,880.000     ,0.493       ,16.531      ,-0.02286      ,575           ,50.537          ,0.000         ,-0.000              ,0.102               ,23921.875       ,-0.04610          ,-0.03413              ,0.000         ,0.000         ,0.000         ,-0.015        
17:01:23.370674     ,0.051       ,0.880       ,0.885       ,16.550      ,16.539      ,16.039      ,0.493       ,2.464       ,0.000       ,-0.064      ,2.399       ,880.000     ,0.493       ,16.531      ,-0.02232      ,582           ,51.152          ,0.000         ,-0.000              ,0.106               ,23921.875       ,-0.04607          ,-0.03523              ,0.000         ,0.000         ,0.000         ,-0.014        
17:01:23.373292     ,0.051       ,0.880       ,0.885       ,16.560      ,16.542      ,16.039      ,0.500       ,2.500       ,0.000       ,-0.169      ,2.331       ,880.000     ,0.500       ,16.539      ,-0.02178      ,589           ,51.768          ,0.000         ,-0.000              ,0.106               ,23921.875       ,-0.04607          ,-0.03523              ,0.000         ,0.000         ,0.000         ,-0.014        
17:01:23.389459     ,0.049       ,0.880       ,0.869       ,16.560      ,16.545      ,16.039      ,0.500       ,2.500       ,0.000       ,-0.169      ,2.331       ,880.000     ,0.500       ,16.539      ,-0.02125      ,596           ,52.383          ,0.000         ,-0.000              ,0.109               ,23921.875       ,-0.05370          ,-0.03639              ,0.000         ,0.000         ,0.000         ,-0.013        
17:01:23.393299     ,0.049       ,0.880       ,0.869       ,16.570      ,16.551      ,16.039      ,0.506       ,2.532       ,0.000       ,-0.015      ,2.517       ,880.000     ,0.506       ,16.545      ,-0.02071      ,603           ,52.998          ,0.000         ,-0.000              ,0.109               ,23921.875       ,-0.05370          ,-0.03639              ,0.000         ,0.000         ,0.000         ,-0.013        
17:01:23.408210     ,0.049       ,0.880       ,0.869       ,16.570      ,16.554      ,16.039      ,0.506       ,2.532       ,0.000       ,-0.015      ,2.517       ,880.000     ,0.506       ,16.545      ,-0.02017      ,610           ,53.613          ,0.000         ,-0.000              ,0.113               ,23921.875       ,-0.05370          ,-0.03761              ,0.000         ,0.000         ,0.000         ,-0.010        
17:01:23.413293     ,0.051       ,0.880       ,0.869       ,16.570      ,16.554      ,16.039      ,0.516       ,2.579       ,0.000       ,0.058       ,2.636       ,880.000     ,0.516       ,16.554      ,-0.01963      ,617           ,54.229          ,0.000         ,-0.000              ,0.117               ,23921.875       ,-0.05370          ,-0.03887              ,0.000         ,0.000         ,0.000         ,-0.010        
17:01:23.426062     ,0.051       ,0.880       ,0.869       ,16.570      ,16.556      ,16.039      ,0.518       ,2.588       ,0.000       ,-0.147      ,2.442       ,880.000     ,0.518       ,16.556      ,-0.01902      ,625           ,54.932          ,0.000         ,-0.000              ,0.121               ,23921.875       ,-0.05366          ,-0.04018              ,0.000         ,0.000         ,0.000         ,-0.014        
17:01:23.433317     ,0.051       ,0.880       ,0.869       ,16.560      ,16.556      ,16.039      ,0.518       ,2.588       ,0.000       ,-0.147      ,2.442       ,880.000     ,0.518       ,16.556      ,-0.01841      ,633           ,55.635          ,0.000         ,-0.000              ,0.121               ,23921.875       ,-0.05366          ,-0.04018              ,0.000         ,0.000         ,0.000         ,-0.014        
17:01:23.445729     ,0.049       ,0.880       ,0.853       ,16.570      ,16.557      ,16.039      ,0.517       ,2.591       ,0.000       ,0.029       ,2.537       ,880.000     ,0.517       ,16.556      ,-0.01787      ,640           ,56.250          ,0.000         ,-0.000              ,0.125               ,23921.875       ,-0.06133          ,-0.04163              ,0.000         ,0.000         ,0.000         ,-0.014        
17:01:23.453291     ,0.051       ,0.880       ,0.869       ,16.570      ,16.558      ,16.039      ,0.520       ,2.599       ,0.000       ,0.013       ,2.612       ,880.000     ,0.520       ,16.558      ,-0.01726      ,648           ,56.953          ,0.000         ,-0.000              ,0.129               ,23921.875       ,-0.05374          ,-0.04310              ,0.000         ,0.000         ,0.000         ,-0.014        
17:01:23.463517     ,0.051       ,0.880       ,0.869       ,16.560      ,16.558      ,16.039      ,0.520       ,2.599       ,0.000       ,0.013       ,2.612       ,880.000     ,0.520       ,16.558      ,-0.01664      ,656           ,57.656          ,0.000         ,-0.000              ,0.134               ,23921.875       ,-0.06132          ,-0.04457              ,0.000         ,0.000         ,0.000         ,-0.014        
17:01:23.473451     ,0.049       ,0.880       ,0.869       ,16.570      ,16.559      ,16.039      ,0.520       ,2.598       ,0.000       ,-0.037      ,2.561       ,880.000     ,0.520       ,16.558      ,-0.01595      ,665           ,58.447          ,0.000         ,-0.000              ,0.138               ,23921.875       ,-0.06122          ,-0.04605              ,0.000         ,0.000         ,0.000         ,-0.014        
17:01:23.485436     ,0.049       ,0.880       ,0.869       ,16.560      ,16.559      ,16.039      ,0.521       ,2.604       ,0.000       ,-0.023      ,2.632       ,880.000     ,0.521       ,16.559      ,-0.01534      ,673           ,59.150          ,0.000         ,-0.000              ,0.143               ,23921.875       ,-0.06920          ,-0.04766              ,0.000         ,0.000         ,0.000         ,-0.011        
17:01:23.493398     ,0.049       ,0.880       ,0.869       ,16.560      ,16.557      ,16.039      ,0.521       ,2.604       ,0.000       ,-0.023      ,2.581       ,880.000     ,0.521       ,16.559      ,-0.01465      ,682           ,59.941          ,0.000         ,-0.000              ,0.148               ,23921.875       ,-0.06134          ,-0.04926              ,0.000         ,0.000         ,0.000         ,-0.011        
17:01:23.504022     ,0.051       ,0.880       ,0.853       ,16.570      ,16.556      ,16.039      ,0.518       ,2.592       ,0.000       ,-0.050      ,2.542       ,880.000     ,0.518       ,16.557      ,-0.01404      ,690           ,60.645          ,0.000         ,-0.000              ,0.153               ,23921.875       ,-0.06909          ,-0.05084              ,0.000         ,0.000         ,0.000         ,-0.014        
17:01:23.513348     ,0.051       ,0.880       ,0.869       ,16.590      ,16.561      ,16.039      ,0.518       ,2.589       ,0.000       ,0.037       ,2.625       ,880.000     ,0.518       ,16.556      ,-0.01335      ,699           ,61.436          ,0.000         ,-0.000              ,0.157               ,23921.875       ,-0.06133          ,-0.05230              ,0.000         ,0.000         ,0.000         ,-0.014        
17:01:23.524813     ,0.049       ,0.880       ,0.885       ,16.570      ,16.559      ,16.039      ,0.522       ,2.600       ,0.000       ,-0.122      ,2.707       ,880.000     ,0.522       ,16.561      ,-0.01266      ,708           ,62.227          ,0.000         ,-0.000              ,0.161               ,23921.875       ,-0.06887          ,-0.05378              ,0.000         ,0.000         ,0.000         ,-0.013        
17:01:23.533466     ,0.049       ,0.880       ,0.885       ,16.570      ,16.560      ,16.039      ,0.520       ,2.600       ,0.000       ,-0.122      ,2.478       ,880.000     ,0.520       ,16.559      ,-0.01197      ,717           ,63.018          ,0.000         ,-0.000              ,0.166               ,23921.875       ,-0.06921          ,-0.05526              ,0.000         ,0.000         ,0.000         ,-0.013        
17:01:23.543570     ,0.051       ,0.880       ,0.869       ,16.570      ,16.562      ,16.039      ,0.521       ,2.607       ,0.000       ,0.065       ,2.673       ,880.000     ,0.521       ,16.560      ,-0.01127      ,726           ,63.809          ,0.000         ,-0.000              ,0.170               ,23921.875       ,-0.06897          ,-0.05663              ,0.000         ,0.000         ,0.000         ,-0.013        
17:01:23.553450     ,0.049       ,0.880       ,0.885       ,16.560      ,16.562      ,16.039      ,0.524       ,2.618       ,0.000       ,0.016       ,2.634       ,880.000     ,0.524       ,16.562      ,-0.01051      ,736           ,64.688          ,0.000         ,-0.000              ,0.174               ,23921.875       ,-0.06911          ,-0.05803              ,0.000         ,0.000         ,0.000         ,-0.013        
17:01:23.564487     ,0.051       ,0.880       ,0.869       ,16.560      ,16.558      ,16.039      ,0.523       ,2.615       ,0.000       ,-0.058      ,2.557       ,880.000     ,0.523       ,16.562      ,-0.00982      ,745           ,65.479          ,0.000         ,-0.000              ,0.178               ,23921.875       ,-0.07665          ,-0.05945              ,0.000         ,0.000         ,0.000         ,-0.014        
17:01:23.573438     ,0.049       ,0.880       ,0.885       ,16.560      ,16.559      ,16.039      ,0.520       ,2.599       ,0.000       ,-0.050      ,2.549       ,880.000     ,0.520       ,16.558      ,-0.00905      ,755           ,66.357          ,0.000         ,-0.000              ,0.182               ,23921.875       ,-0.06891          ,-0.06078              ,0.000         ,0.000         ,0.000         ,-0.014        
17:01:23.584333     ,0.049       ,0.880       ,0.869       ,16.570      ,16.560      ,16.039      ,0.521       ,2.603       ,0.000       ,0.080       ,2.682       ,880.000     ,0.521       ,16.559      ,-0.00828      ,765           ,67.236          ,0.000         ,-0.000              ,0.186               ,23921.875       ,-0.07651          ,-0.06201              ,0.000         ,0.000         ,0.000         ,-0.014        
17:01:23.594667     ,0.049       ,0.880       ,0.869       ,16.570      ,16.560      ,16.039      ,0.521       ,2.606       ,0.000       ,-0.000      ,2.606       ,880.000     ,0.521       ,16.560      ,-0.00752      ,775           ,68.115          ,0.000         ,-0.000              ,0.190               ,23921.875       ,-0.07699          ,-0.06329              ,0.000         ,0.000         ,0.000         ,-0.014        
17:01:23.603283     ,0.049       ,0.880       ,0.869       ,16.550      ,16.555      ,16.039      ,0.521       ,2.606       ,0.000       ,-0.016      ,2.591       ,880.000     ,0.521       ,16.560      ,-0.00675      ,785           ,68.994          ,0.000         ,-0.000              ,0.190               ,23921.875       ,-0.07699          ,-0.06329              ,0.000         ,0.000         ,0.000         ,-0.013        
17:01:23.613500     ,0.049       ,0.880       ,0.885       ,16.540      ,16.551      ,16.039      ,0.521       ,2.606       ,0.000       ,-0.016      ,2.591       ,880.000     ,0.521       ,16.560      ,-0.00598      ,795           ,69.873          ,0.000         ,-0.000              ,0.193               ,23921.875       ,-0.07675          ,-0.06450              ,0.000         ,0.000         ,0.000         ,-0.013        
17:01:23.623296     ,0.049       ,0.880       ,0.885       ,16.540      ,16.546      ,16.039      ,0.512       ,2.560       ,0.000       ,-0.185      ,2.375       ,880.000     ,0.512       ,16.551      ,-0.00522      ,805           ,70.752          ,0.000         ,-0.000              ,0.193               ,23921.875       ,-0.07675          ,-0.06450              ,0.000         ,0.000         ,0.000         ,-0.013        
17:01:23.641109     ,0.049       ,0.880       ,0.869       ,16.510      ,16.537      ,16.039      ,0.512       ,2.560       ,0.000       ,-0.185      ,2.375       ,880.000     ,0.512       ,16.551      ,-0.00437      ,816           ,71.719          ,0.000         ,-0.000              ,0.197               ,23921.875       ,-0.07664          ,-0.06575              ,0.000         ,0.000         ,0.000         ,-0.014        
17:01:23.643297     ,0.049       ,0.880       ,0.869       ,16.500      ,16.526      ,16.039      ,0.498       ,2.492       ,0.000       ,-0.089      ,2.403       ,880.000     ,0.498       ,16.537      ,-0.00353      ,827           ,72.686          ,0.000         ,-0.000              ,0.197               ,23921.875       ,-0.07664          ,-0.06575              ,0.000         ,0.000         ,0.000         ,-0.014        
17:01:23.660251     ,0.051       ,0.880       ,0.869       ,16.530      ,16.524      ,16.039      ,0.498       ,2.492       ,0.000       ,-0.089      ,2.403       ,880.000     ,0.498       ,16.537      ,-0.00276      ,837           ,73.564          ,0.000         ,-0.000              ,0.201               ,23921.875       ,-0.08458          ,-0.06705              ,0.000         ,0.000         ,0.000         ,-0.013        
17:01:23.663326     ,0.051       ,0.880       ,0.869       ,16.510      ,16.518      ,16.039      ,0.486       ,2.428       ,0.000       ,0.019       ,2.447       ,880.000     ,0.486       ,16.524      ,-0.00192      ,848           ,74.531          ,0.000         ,-0.000              ,0.201               ,23921.875       ,-0.08458          ,-0.06705              ,0.000         ,0.000         ,0.000         ,-0.013        
17:01:23.679026     ,0.051       ,0.880       ,0.869       ,16.490      ,16.507      ,16.039      ,0.486       ,2.428       ,0.000       ,0.019       ,2.447       ,880.000     ,0.486       ,16.524      ,-0.00100      ,860           ,75.586          ,0.000         ,-0.000              ,0.205               ,23921.875       ,-0.07665          ,-0.06827              ,0.000         ,0.000         ,0.000         ,-0.013        
17:01:23.683312     ,0.051       ,0.880       ,0.869       ,16.490      ,16.502      ,16.039      ,0.468       ,2.342       ,0.000       ,-0.088      ,2.255       ,880.000     ,0.468       ,16.507      ,-0.00015      ,871           ,76.553          ,0.000         ,-0.000              ,0.205               ,23921.875       ,-0.07665          ,-0.06827              ,0.000         ,0.000         ,0.000         ,-0.013        
17:01:23.698948     ,0.051       ,0.880       ,0.869       ,16.490      ,16.497      ,16.039      ,0.463       ,2.315       ,0.000       ,0.235       ,2.550       ,880.000     ,0.463       ,16.502      ,0.00069       ,882           ,77.520          ,0.000         ,-0.000              ,0.213               ,23921.875       ,-0.08433          ,-0.07106              ,0.000         ,0.000         ,0.000         ,-0.013        
17:01:23.703287     ,0.051       ,0.880       ,0.869       ,16.500      ,16.489      ,16.039      ,0.463       ,2.315       ,0.000       ,0.235       ,2.550       ,880.000     ,0.463       ,16.502      ,0.00161       ,894           ,78.574          ,0.000         ,-0.000              ,0.213               ,23921.875       ,-0.08433          ,-0.07106              ,0.000         ,0.000         ,0.000         ,-0.013        
17:01:23.717852     ,0.049       ,0.880       ,0.885       ,16.500      ,16.487      ,16.039      ,0.451       ,2.254       ,0.000       ,-0.139      ,2.115       ,880.000     ,0.451       ,16.489      ,0.00245       ,905           ,79.541          ,0.000         ,-0.000              ,0.217               ,23921.875       ,-0.09213          ,-0.07249              ,0.000         ,0.000         ,0.000         ,-0.013        
17:01:23.723294     ,0.051       ,0.880       ,0.869       ,16.490      ,16.486      ,16.039      ,0.448       ,2.240       ,0.000       ,0.190       ,2.430       ,880.000     ,0.448       ,16.487      ,0.00337       ,917           ,80.596          ,0.000         ,-0.000              ,0.222               ,23921.875       ,-0.08421          ,-0.07393              ,0.000         ,0.000         ,0.000         ,-0.013        
17:01:23.736416     ,0.049       ,0.880       ,0.869       ,16.530      ,16.492      ,16.039      ,0.447       ,2.236       ,0.000       ,0.042       ,2.278       ,880.000     ,0.447       ,16.486      ,0.00430       ,929           ,81.650          ,0.000         ,-0.000              ,0.226               ,23921.875       ,-0.09222          ,-0.07539              ,0.000         ,0.000         ,0.000         ,-0.014        
17:01:23.743306     ,0.049       ,0.880       ,0.869       ,16.530      ,16.497      ,16.039      ,0.453       ,2.266       ,0.000       ,0.136       ,2.402       ,880.000     ,0.453       ,16.492      ,0.00522       ,941           ,82.705          ,0.000         ,-0.000              ,0.231               ,23921.875       ,-0.09192          ,-0.07686              ,0.000         ,0.000         ,0.000         ,-0.014        
17:01:23.756043     ,0.049       ,0.880       ,0.869       ,16.500      ,16.495      ,16.039      ,0.458       ,2.290       ,0.000       ,-0.027      ,2.263       ,880.000     ,0.458       ,16.497      ,0.00614       ,953           ,83.760          ,0.000         ,-0.000              ,0.235               ,23921.875       ,-0.09210          ,-0.07833              ,0.000         ,0.000         ,0.000         ,-0.014        
17:01:23.763406     ,0.049       ,0.880       ,0.885       ,16.490      ,16.494      ,16.039      ,0.456       ,2.282       ,0.000       ,-0.129      ,2.153       ,880.000     ,0.456       ,16.495      ,0.00706       ,965           ,84.814          ,0.000         ,-0.000              ,0.239               ,23921.875       ,-0.09200          ,-0.07982              ,0.000         ,0.000         ,0.000         ,-0.014        
17:01:23.776808     ,0.051       ,0.880       ,0.869       ,16.510      ,16.501      ,16.039      ,0.456       ,2.279       ,0.000       ,0.026       ,2.305       ,880.000     ,0.456       ,16.494      ,0.00798       ,977           ,85.869          ,0.000         ,-0.000              ,0.244               ,23921.875       ,-0.09191          ,-0.08119              ,0.000         ,0.000         ,0.000         ,-0.013        
17:01:23.783316     ,0.051       ,0.880       ,0.869       ,16.530      ,16.503      ,16.039      ,0.462       ,2.312       ,0.000       ,0.141       ,2.453       ,880.000     ,0.462       ,16.501      ,0.00890       ,989           ,86.924          ,0.000         ,-0.000              ,0.248               ,23921.875       ,-0.09218          ,-0.08259              ,0.000         ,0.000         ,0.000         ,-0.013        
17:01:23.795810     ,0.051       ,0.880       ,0.869       ,16.540      ,16.506      ,16.039      ,0.465       ,2.323       ,0.000       ,-0.092      ,2.231       ,880.000     ,0.465       ,16.503      ,0.00982       ,1001          ,87.979          ,0.000         ,-0.000              ,0.251               ,23921.875       ,-0.09206          ,-0.08378              ,0.000         ,0.000         ,0.000         ,-0.015        
17:01:23.803295     ,0.049       ,0.880       ,0.869       ,16.540      ,16.513      ,16.039      ,0.468       ,2.338       ,0.000       ,0.023       ,2.361       ,880.000     ,0.468       ,16.506      ,0.01074       ,1013          ,89.033          ,0.000         ,-0.000              ,0.255               ,23921.875       ,-0.09197          ,-0.08490              ,0.000         ,0.000         ,0.000         ,-0.015        
17:01:23.815904     ,0.049       ,0.880       ,0.869       ,16.560      ,16.523      ,16.039      ,0.475       ,2.422       ,0.000       ,0.060       ,2.447       ,880.000     ,0.475       ,16.513      ,0.01166       ,1025          ,90.088          ,0.000         ,-0.000              ,0.258               ,23921.875       ,-0.09215          ,-0.08586              ,0.000         ,0.000         ,0.000         ,-0.014        
17:01:23.823292     ,0.051       ,0.880       ,0.869       ,16.570      ,16.530      ,16.039      ,0.484       ,2.422       ,0.000       ,0.060       ,2.481       ,880.000     ,0.484       ,16.523      ,0.01166       ,1025          ,90.088          ,0.000         ,-0.000              ,0.260               ,23921.875       ,-0.09184          ,-0.08678              ,0.000         ,0.000         ,0.000         ,-0.014        
17:01:23.835663     ,0.049       ,0.880       ,0.869       ,16.570      ,16.535      ,16.039      ,0.491       ,2.456       ,0.000       ,-0.063      ,2.393       ,880.000     ,0.491       ,16.530      ,0.01350       ,1049          ,92.197          ,0.000         ,-0.000              ,0.263               ,23921.875       ,-0.09184          ,-0.08757              ,0.000         ,0.000         ,0.000         ,-0.017        
17:01:23.843303     ,0.049       ,0.880       ,0.869       ,16.560      ,16.539      ,16.039      ,0.496       ,2.480       ,0.000       ,-0.037      ,2.443       ,880.000     ,0.496       ,16.535      ,0.01442       ,1061          ,93.252          ,0.000         ,-0.000              ,0.265               ,23921.875       ,-0.09210          ,-0.08823              ,0.000         ,0.000         ,0.000         ,-0.017        
17:01:23.854345     ,0.049       ,0.880       ,0.869       ,16.570      ,16.549      ,16.039      ,0.501       ,2.504       ,0.000       ,-0.002      ,2.503       ,880.000     ,0.501       ,16.539      ,0.01526       ,1072          ,94.219          ,0.000         ,-0.000              ,0.266               ,23921.875       ,-0.09213          ,-0.08880              ,0.000         ,0.000         ,0.000         ,-0.010        
17:01:23.863400     ,0.051       ,0.880       ,0.869       ,16.600      ,16.560      ,16.039      ,0.510       ,2.552       ,0.000       ,0.094       ,2.645       ,880.000     ,0.510       ,16.549      ,0.01618       ,1084          ,95.273          ,0.000         ,-0.000              ,0.268               ,23921.875       ,-0.08434          ,-0.08917              ,0.000         ,0.000         ,0.000         ,-0.010        
17:01:23.875258     ,0.051       ,0.880       ,0.869       ,16.610      ,16.570      ,16.039      ,0.522       ,2.609       ,0.000       ,0.038       ,2.647       ,880.000     ,0.522       ,16.560      ,0.01703       ,1095          ,96.240          ,0.000         ,-0.000              ,0.268               ,23921.875       ,-0.09188          ,-0.08948              ,0.000         ,0.000         ,0.000         ,-0.014        
17:01:23.883325     ,0.049       ,0.880       ,0.885       ,16.620      ,16.580      ,16.039      ,0.531       ,2.657       ,0.000       ,-0.034      ,2.624       ,880.000     ,0.531       ,16.570      ,0.01787       ,1106          ,97.207          ,0.000         ,-0.000              ,0.269               ,23921.875       ,-0.08453          ,-0.08963              ,0.000         ,0.000         ,0.000         ,-0.014        
17:01:23.894246     ,0.051       ,0.880       ,0.885       ,16.620      ,16.589      ,16.039      ,0.541       ,2.705       ,0.000       ,-0.002      ,2.703       ,880.000     ,0.541       ,16.580      ,0.01871       ,1117          ,98.174          ,0.000         ,-0.000              ,0.269               ,23921.875       ,-0.08432          ,-0.08964              ,0.000         ,0.000         ,0.000         ,-0.013        
17:01:23.903305     ,0.049       ,0.880       ,0.869       ,16.610      ,16.595      ,16.039      ,0.551       ,2.754       ,0.000       ,0.001       ,2.755       ,880.000     ,0.551       ,16.589      ,0.01956       ,1128          ,99.141          ,0.000         ,-0.000              ,0.269               ,23921.875       ,-0.08445          ,-0.08954              ,0.000         ,0.000         ,0.000         ,-0.013        
17:01:23.915253     ,0.051       ,0.880       ,0.869       ,16.610      ,16.597      ,16.039      ,0.556       ,2.791       ,0.000       ,-0.072      ,2.699       ,880.000     ,0.556       ,16.595      ,0.02040       ,1139          ,100.107         ,0.000         ,-0.000              ,0.268               ,23921.875       ,-0.08432          ,-0.08934              ,0.000         ,0.000         ,0.000         ,-0.014        
17:01:23.923299     ,0.049       ,0.880       ,0.869       ,16.620      ,16.601      ,16.039      ,0.558       ,2.791       ,0.000       ,-0.072      ,2.719       ,880.000     ,0.558       ,16.597      ,0.02117       ,1149          ,100.986         ,0.000         ,-0.000              ,0.267               ,23921.875       ,-0.08429          ,-0.08905              ,0.000         ,0.000         ,0.000         ,-0.014        
17:01:23.935001     ,0.051       ,0.880       ,0.869       ,16.610      ,16.603      ,16.039      ,0.563       ,2.814       ,0.000       ,0.052       ,2.866       ,880.000     ,0.563       ,16.601      ,0.02201       ,1160          ,101.953         ,0.000         ,-0.000              ,0.266               ,23921.875       ,-0.07677          ,-0.08858              ,0.000         ,0.000         ,0.000         ,-0.013        
17:01:23.943309     ,0.051       ,0.880       ,0.869       ,16.600      ,16.604      ,16.039      ,0.565       ,2.824       ,0.000       ,-0.051      ,2.773       ,880.000     ,0.565       ,16.603      ,0.02278       ,1170          ,102.832         ,0.000         ,-0.000              ,0.264               ,23921.875       ,-0.08440          ,-0.08806              ,0.000         ,0.000         ,0.000         ,-0.013        
17:01:23.953757     ,0.051       ,0.880       ,0.869       ,16.610      ,16.606      ,16.039      ,0.565       ,2.826       ,0.000       ,-0.032      ,2.794       ,880.000     ,0.565       ,16.604      ,0.02355       ,1180          ,103.711         ,0.000         ,-0.000              ,0.262               ,23921.875       ,-0.07672          ,-0.08739              ,0.000         ,0.000         ,0.000         ,-0.015        
17:01:23.963300     ,0.051       ,0.880       ,0.869       ,16.630      ,16.610      ,16.039      ,0.568       ,2.839       ,0.000       ,0.046       ,2.885       ,880.000     ,0.568       ,16.606      ,0.02431       ,1190          ,104.590         ,0.000         ,-0.000              ,0.260               ,23921.875       ,-0.07668          ,-0.08671              ,0.000         ,0.000         ,0.000         ,-0.015        
17:01:23.973301     ,0.051       ,0.880       ,0.869       ,16.620      ,16.607      ,16.039      ,0.571       ,2.856       ,0.000       ,0.011       ,2.867       ,880.000     ,0.571       ,16.610      ,0.02500       ,1199          ,105.381         ,0.000         ,-0.000              ,0.260               ,23921.875       ,-0.07668          ,-0.08671              ,0.000         ,0.000         ,0.000         ,-0.015        
17:01:23.983330     ,0.049       ,0.880       ,0.869       ,16.600      ,16.603      ,16.039      ,0.571       ,2.856       ,0.000       ,0.011       ,2.867       ,880.000     ,0.571       ,16.610      ,0.02569       ,1208          ,106.172         ,0.000         ,-0.000              ,0.258               ,23921.875       ,-0.07661          ,-0.08590              ,0.000         ,0.000         ,0.000         ,-0.015        
17:01:23.993289     ,0.049       ,0.880       ,0.869       ,16.610      ,16.603      ,16.039      ,0.564       ,2.820       ,0.000       ,-0.207      ,2.613       ,880.000     ,0.564       ,16.603      ,0.02646       ,1218          ,107.051         ,0.000         ,-0.000              ,0.258               ,23921.875       ,-0.07661          ,-0.08590              ,0.000         ,0.000         ,0.000         ,-0.013        
17:01:24.003327     ,0.051       ,0.880       ,0.869       ,16.630      ,16.606      ,16.039      ,0.564       ,2.820       ,0.000       ,-0.207      ,2.613       ,880.000     ,0.564       ,16.603      ,0.02715       ,1227          ,107.842         ,0.000         ,-0.000              ,0.255               ,23921.875       ,-0.06904          ,-0.08498              ,0.000         ,0.000         ,0.000         ,-0.013        
17:01:24.013290     ,0.051       ,0.880       ,0.869       ,16.630      ,16.606      ,16.039      ,0.568       ,2.838       ,0.000       ,0.214       ,3.052       ,880.000     ,0.568       ,16.606      ,0.02777       ,1235          ,108.545         ,0.000         ,-0.000              ,0.255               ,23921.875       ,-0.06904          ,-0.08498              ,0.000         ,0.000         ,0.000         ,-0.014        
17:01:24.029200     ,0.051       ,0.880       ,0.869       ,16.600      ,16.604      ,16.039      ,0.568       ,2.838       ,0.000       ,0.214       ,3.052       ,880.000     ,0.568       ,16.606      ,0.02846       ,1244          ,109.336         ,0.000         ,-0.000              ,0.252               ,23921.875       ,-0.06900          ,-0.08397              ,0.000         ,0.000         ,0.000         ,-0.014        
17:01:24.033282     ,0.051       ,0.880       ,0.869       ,16.630      ,16.611      ,16.039      ,0.565       ,2.826       ,0.000       ,-0.122      ,2.704       ,880.000     ,0.565       ,16.604      ,0.02907       ,1252          ,110.039         ,0.000         ,-0.000              ,0.252               ,23921.875       ,-0.06900          ,-0.08397              ,0.000         ,0.000         ,0.000         ,-0.014        
17:01:24.048047     ,0.049       ,0.880       ,0.869       ,16.650      ,16.618      ,16.039      ,0.573       ,2.863       ,0.000       ,0.199       ,3.062       ,880.000     ,0.573       ,16.611      ,0.02968       ,1260          ,110.742         ,0.000         ,-0.000              ,0.245               ,23921.875       ,-0.06134          ,-0.08160              ,0.000         ,0.000         ,0.000         ,-0.014        
17:01:24.053308     ,0.049       ,0.880       ,0.869       ,16.630      ,16.616      ,16.039      ,0.573       ,2.863       ,0.000       ,0.199       ,3.062       ,880.000     ,0.573       ,16.611      ,0.03030       ,1268          ,111.445         ,0.000         ,-0.000              ,0.245               ,23921.875       ,-0.06134          ,-0.08160              ,0.000         ,0.000         ,0.000         ,-0.014        
17:01:24.066872     ,0.049       ,0.880       ,0.885       ,16.620      ,16.615      ,16.039      ,0.578       ,2.889       ,0.000       ,-0.044      ,2.846       ,880.000     ,0.578       ,16.616      ,0.03091       ,1276          ,112.148         ,0.000         ,-0.000              ,0.241               ,23921.875       ,-0.06136          ,-0.08018              ,0.000         ,0.000         ,0.000         ,-0.010        
17:01:24.073464     ,0.051       ,0.880       ,0.885       ,16.650      ,16.625      ,16.039      ,0.576       ,2.881       ,0.000       ,-0.139      ,2.741       ,880.000     ,0.576       ,16.615      ,0.03152       ,1284          ,112.852         ,0.000         ,-0.000              ,0.236               ,23921.875       ,-0.06135          ,-0.07873              ,0.000         ,0.000         ,0.000         ,-0.010        
17:01:24.085791     ,0.049       ,0.880       ,0.885       ,16.670      ,16.631      ,16.039      ,0.586       ,2.961       ,0.000       ,-0.076      ,3.162       ,880.000     ,0.586       ,16.625      ,0.03206       ,1291          ,113.467         ,0.000         ,-0.000              ,0.231               ,23921.875       ,-0.06136          ,-0.07716              ,0.000         ,0.000         ,0.000         ,-0.014        
17:01:24.093304     ,0.049       ,0.880       ,0.869       ,16.670      ,16.633      ,16.039      ,0.592       ,2.961       ,0.000       ,-0.076      ,2.885       ,880.000     ,0.592       ,16.631      ,0.03260       ,1298          ,114.082         ,0.000         ,-0.000              ,0.226               ,23921.875       ,-0.05368          ,-0.07548              ,0.000         ,0.000         ,0.000         ,-0.014        
17:01:24.105633     ,0.049       ,0.880       ,0.869       ,16.650      ,16.637      ,16.039      ,0.595       ,2.974       ,0.000       ,-0.072      ,2.902       ,880.000     ,0.595       ,16.633      ,0.03321       ,1306          ,114.785         ,0.000         ,-0.000              ,0.221               ,23921.875       ,-0.05370          ,-0.07371              ,0.000         ,0.000         ,0.000         ,-0.015        
17:01:24.113293     ,0.051       ,0.880       ,0.869       ,16.650      ,16.644      ,16.039      ,0.599       ,2.993       ,0.000       ,0.029       ,3.023       ,880.000     ,0.599       ,16.637      ,0.03367       ,1312          ,115.312         ,0.000         ,-0.000              ,0.216               ,23921.875       ,-0.06137          ,-0.07197              ,0.000         ,0.000         ,0.000         ,-0.015        
17:01:24.125575     ,0.051       ,0.880       ,0.853       ,16.660      ,16.647      ,16.039      ,0.605       ,3.027       ,0.000       ,0.054       ,3.081       ,880.000     ,0.605       ,16.644      ,0.03421       ,1319          ,115.928         ,0.000         ,-0.000              ,0.210               ,23921.875       ,-0.04592          ,-0.07014              ,0.000         ,0.000         ,0.000         ,-0.013        
17:01:24.133357     ,0.051       ,0.880       ,0.869       ,16.670      ,16.649      ,16.039      ,0.609       ,3.043       ,0.000       ,-0.069      ,2.974       ,880.000     ,0.609       ,16.647      ,0.03474       ,1326          ,116.543         ,0.000         ,-0.000              ,0.205               ,23921.875       ,-0.05381          ,-0.06837              ,0.000         ,0.000         ,0.000         ,-0.013        
17:01:24.147672     ,0.051       ,0.880       ,0.869       ,16.680      ,16.653      ,16.039      ,0.611       ,3.053       ,0.000       ,-0.023      ,3.030       ,880.000     ,0.611       ,16.649      ,0.03520       ,1332          ,117.070         ,0.000         ,-0.000              ,0.200               ,23921.875       ,-0.05367          ,-0.06663              ,0.000         ,0.000         ,0.000         ,-0.009        
17:01:24.153295     ,0.051       ,0.880       ,0.869       ,16.680      ,16.659      ,16.039      ,0.615       ,3.073       ,0.000       ,0.036       ,3.108       ,880.000     ,0.615       ,16.653      ,0.03567       ,1338          ,117.598         ,0.000         ,-0.000              ,0.195               ,23921.875       ,-0.04602          ,-0.06492              ,0.000         ,0.000         ,0.000         ,-0.009        
17:01:24.166516     ,0.049       ,0.880       ,0.869       ,16.720      ,16.670      ,16.039      ,0.621       ,3.103       ,0.000       ,0.044       ,3.147       ,880.000     ,0.621       ,16.659      ,0.03613       ,1344          ,118.125         ,0.000         ,-0.000              ,0.190               ,23921.875       ,-0.04604          ,-0.06323              ,0.000         ,0.000         ,0.000         ,-0.013        
17:01:24.173316     ,0.051       ,0.880       ,0.869       ,16.720      ,16.677      ,16.039      ,0.632       ,3.158       ,0.000       ,0.097       ,3.255       ,880.000     ,0.632       ,16.670      ,0.03659       ,1350          ,118.652         ,0.000         ,-0.000              ,0.185               ,23921.875       ,-0.04598          ,-0.06157              ,0.000         ,0.000         ,0.000         ,-0.013        
17:01:24.185185     ,0.051       ,0.880       ,0.869       ,16.690      ,16.678      ,16.039      ,0.639       ,3.198       ,0.000       ,-0.117      ,3.114       ,880.000     ,0.639       ,16.677      ,0.03697       ,1355          ,119.092         ,0.000         ,-0.000              ,0.180               ,23921.875       ,-0.04605          ,-0.05993              ,0.000         ,0.000         ,0.000         ,-0.015        
17:01:24.193308     ,0.049       ,0.880       ,0.885       ,16.710      ,16.685      ,16.039      ,0.640       ,3.198       ,0.000       ,-0.117      ,3.081       ,880.000     ,0.640       ,16.678      ,0.03743       ,1361          ,119.619         ,0.000         ,-0.000              ,0.175               ,23921.875       ,-0.03834          ,-0.05830              ,0.000         ,0.000         ,0.000         ,-0.015        
17:01:24.206035     ,0.051       ,0.880       ,0.869       ,16.730      ,16.697      ,16.039      ,0.646       ,3.232       ,0.000       ,0.110       ,3.341       ,880.000     ,0.646       ,16.685      ,0.03781       ,1366          ,120.059         ,0.000         ,-0.000              ,0.170               ,23921.875       ,-0.04603          ,-0.05681              ,0.000         ,0.000         ,0.000         ,-0.014        
17:01:24.213307     ,0.049       ,0.880       ,0.869       ,16.740      ,16.703      ,16.039      ,0.658       ,3.291       ,0.000       ,0.104       ,3.395       ,880.000     ,0.658       ,16.697      ,0.03812       ,1370          ,120.410         ,0.000         ,-0.000              ,0.166               ,23921.875       ,-0.03835          ,-0.05519              ,0.000         ,0.000         ,0.000         ,-0.014        
17:01:24.226116     ,0.049       ,0.880       ,0.869       ,16.740      ,16.710      ,16.039      ,0.664       ,3.322       ,0.000       ,-0.111      ,3.211       ,880.000     ,0.664       ,16.703      ,0.03850       ,1375          ,120.850         ,0.000         ,-0.000              ,0.161               ,23921.875       ,-0.03066          ,-0.05358              ,0.000         ,0.000         ,0.000         ,-0.013        
17:01:24.233298     ,0.049       ,0.880       ,0.869       ,16.750      ,16.722      ,16.039      ,0.671       ,3.356       ,0.000       ,0.007       ,3.363       ,880.000     ,0.671       ,16.710      ,0.03881       ,1379          ,121.201         ,0.000         ,-0.000              ,0.156               ,23921.875       ,-0.03838          ,-0.05199              ,0.000         ,0.000         ,0.000         ,-0.013        
17:01:24.247399     ,0.047       ,0.880       ,0.869       ,16.750      ,16.729      ,16.039      ,0.684       ,3.419       ,0.000       ,0.120       ,3.539       ,880.000     ,0.684       ,16.722      ,0.03912       ,1383          ,121.553         ,0.000         ,-0.000              ,0.151               ,23921.875       ,-0.03067          ,-0.05029              ,0.000         ,0.000         ,0.000         ,-0.015        
17:01:24.253286     ,0.049       ,0.880       ,0.869       ,16.750      ,16.729      ,16.039      ,0.690       ,3.451       ,0.000       ,-0.125      ,3.326       ,880.000     ,0.690       ,16.729      ,0.03935       ,1386          ,121.816         ,0.000         ,-0.000              ,0.146               ,23921.875       ,-0.03069          ,-0.04861              ,0.000         ,0.000         ,0.000         ,-0.015        
17:01:24.265188     ,0.049       ,0.880       ,0.869       ,16.740      ,16.732      ,16.039      ,0.693       ,3.464       ,0.000       ,-0.074      ,3.391       ,880.000     ,0.693       ,16.731      ,0.03958       ,1389          ,122.080         ,0.000         ,-0.000              ,0.141               ,23921.875       ,-0.02301          ,-0.04684              ,0.000         ,0.000         ,0.000         ,-0.014        
17:01:24.273337     ,0.049       ,0.880       ,0.869       ,16.740      ,16.735      ,16.039      ,0.694       ,3.468       ,0.000       ,-0.041      ,3.427       ,880.000     ,0.694       ,16.732      ,0.03981       ,1392          ,122.344         ,0.000         ,-0.000              ,0.135               ,23921.875       ,-0.02297          ,-0.04499              ,0.000         ,0.000         ,0.000         ,-0.014        
17:01:24.286142     ,0.049       ,0.880       ,0.869       ,16.800      ,16.746      ,16.039      ,0.696       ,3.480       ,0.000       ,0.034       ,3.514       ,880.000     ,0.696       ,16.735      ,0.03996       ,1394          ,122.520         ,0.000         ,-0.000              ,0.129               ,23921.875       ,-0.02304          ,-0.04308              ,0.000         ,0.000         ,0.000         ,-0.011        
17:01:24.293345     ,0.049       ,0.880       ,0.869       ,16.800      ,16.754      ,16.039      ,0.707       ,3.535       ,0.000       ,0.174       ,3.709       ,880.000     ,0.707       ,16.746      ,0.04019       ,1397          ,122.783         ,0.000         ,-0.000              ,0.123               ,23921.875       ,-0.01534          ,-0.04110              ,0.000         ,0.000         ,0.000         ,-0.011        
17:01:24.307858     ,0.049       ,0.880       ,0.869       ,16.800      ,16.761      ,16.039      ,0.715       ,3.611       ,0.000       ,-0.026      ,3.519       ,880.000     ,0.715       ,16.754      ,0.04027       ,1398          ,122.871         ,0.000         ,-0.000              ,0.117               ,23921.875       ,-0.02302          ,-0.03908              ,0.000         ,0.000         ,0.000         ,-0.014        
17:01:24.313281     ,0.049       ,0.880       ,0.869       ,16.800      ,16.770      ,16.039      ,0.722       ,3.611       ,0.000       ,-0.026      ,3.585       ,880.000     ,0.722       ,16.761      ,0.04042       ,1400          ,123.047         ,0.000         ,-0.000              ,0.117               ,23921.875       ,-0.02302          ,-0.03908              ,0.000         ,0.000         ,0.000         ,-0.014        
17:01:24.326435     ,0.051       ,0.880       ,0.869       ,16.810      ,16.781      ,16.039      ,0.731       ,3.655       ,0.000       ,0.039       ,3.695       ,880.000     ,0.731       ,16.770      ,0.04050       ,1401          ,123.135         ,0.000         ,-0.000              ,0.104               ,23921.875       ,-0.01533          ,-0.03482              ,0.000         ,0.000         ,0.000         ,-0.014        
17:01:24.333276     ,0.049       ,0.880       ,0.869       ,16.800      ,16.782      ,16.039      ,0.742       ,3.712       ,0.000       ,0.051       ,3.763       ,880.000     ,0.742       ,16.781      ,0.04057       ,1402          ,123.223         ,0.000         ,-0.000              ,0.098               ,23921.875       ,-0.00768          ,-0.03259              ,0.000         ,0.000         ,0.000         ,-0.014        
17:01:24.345065     ,0.049       ,0.880       ,0.885       ,16.790      ,16.785      ,16.039      ,0.743       ,3.715       ,0.000       ,-0.216      ,3.500       ,880.000     ,0.743       ,16.782      ,0.04065       ,1403          ,123.311         ,0.000         ,-0.000              ,0.091               ,23921.875       ,-0.00767          ,-0.03034              ,0.000         ,0.000         ,0.000         ,-0.011        
17:01:24.353300     ,0.051       ,0.880       ,0.885       ,16.810      ,16.793      ,16.039      ,0.746       ,3.731       ,0.000       ,0.049       ,3.780       ,880.000     ,0.746       ,16.785      ,0.04065       ,1403          ,123.311         ,0.000         ,-0.000              ,0.084               ,23921.875       ,-0.00767          ,-0.02809              ,0.000         ,0.000         ,0.000         ,-0.011        
17:01:24.365748     ,0.049       ,0.880       ,0.853       ,16.810      ,16.798      ,16.039      ,0.754       ,3.771       ,0.000       ,0.096       ,3.867       ,880.000     ,0.754       ,16.793      ,0.04073       ,1404          ,123.398         ,0.000         ,-0.000              ,0.078               ,23921.875       ,0.00000           ,-0.02583              ,0.000         ,0.000         ,0.000         ,-0.015        
17:01:24.373302     ,0.049       ,0.880       ,0.885       ,16.800      ,16.798      ,16.039      ,0.760       ,3.799       ,0.000       ,-0.046      ,3.752       ,880.000     ,0.760       ,16.798      ,0.04073       ,1404          ,123.398         ,0.000         ,-0.000              ,0.071               ,23921.875       ,-0.00767          ,-0.02369              ,0.000         ,0.000         ,0.000         ,-0.015        
17:01:24.385397     ,0.049       ,0.880       ,0.869       ,16.720      ,16.784      ,16.039      ,0.759       ,3.795       ,0.000       ,-0.127      ,3.668       ,880.000     ,0.759       ,16.798      ,0.04073       ,1404          ,123.398         ,0.000         ,-0.000              ,0.065               ,23921.875       ,0.00000           ,-0.02151              ,0.000         ,0.000         ,0.000         ,-0.011        
17:01:24.393283     ,0.049       ,0.880       ,0.869       ,16.650      ,16.761      ,16.039      ,0.745       ,3.725       ,0.000       ,-0.265      ,3.460       ,880.000     ,0.745       ,16.784      ,0.04073       ,1404          ,123.398         ,0.000         ,-0.000              ,0.058               ,23921.875       ,0.00000           ,-0.01944              ,0.000         ,0.000         ,0.000         ,-0.011        
17:01:24.405065     ,0.051       ,0.880       ,0.869       ,16.480      ,16.709      ,16.039      ,0.723       ,3.614       ,0.000       ,-0.164      ,3.450       ,880.000     ,0.723       ,16.761      ,0.04073       ,1404          ,123.398         ,0.000         ,-0.000              ,0.052               ,23921.875       ,0.00000           ,-0.01733              ,0.000         ,0.000         ,0.000         ,-0.013        
17:01:24.413285     ,0.049       ,0.880       ,0.885       ,16.450      ,16.659      ,16.039      ,0.671       ,3.354       ,0.000       ,-0.595      ,2.759       ,880.000     ,0.671       ,16.709      ,0.04065       ,1403          ,123.311         ,0.000         ,-0.000              ,0.046               ,23921.875       ,0.00000           ,-0.01542              ,0.000         ,0.000         ,0.000         ,-0.013        
17:01:24.427211     ,0.051       ,0.880       ,0.885       ,16.430      ,16.604      ,16.039      ,0.620       ,3.101       ,0.000       ,0.024       ,3.125       ,880.000     ,0.620       ,16.659      ,0.04065       ,1403          ,123.311         ,0.000         ,-0.000              ,0.040               ,23921.875       ,0.00767           ,-0.01345              ,0.000         ,0.000         ,0.000         ,-0.011        
17:01:24.433290     ,0.049       ,0.880       ,0.869       ,16.420      ,16.553      ,16.039      ,0.566       ,2.828       ,0.000       ,-0.077      ,2.751       ,880.000     ,0.566       ,16.604      ,0.04057       ,1402          ,123.223         ,0.000         ,-0.000              ,0.035               ,23921.875       ,0.00000           ,-0.01166              ,0.000         ,0.000         ,0.000         ,-0.011        
17:01:24.446955     ,0.049       ,0.880       ,0.869       ,16.430      ,16.503      ,16.039      ,0.514       ,2.572       ,0.000       ,0.070       ,2.642       ,880.000     ,0.514       ,16.553      ,0.04057       ,1402          ,123.223         ,0.000         ,-0.000              ,0.030               ,23921.875       ,0.00767           ,-0.00991              ,0.000         ,0.000         ,0.000         ,-0.011        
17:01:24.453289     ,0.049       ,0.880       ,0.869       ,16.430      ,16.470      ,16.039      ,0.464       ,2.320       ,0.000       ,0.014       ,2.335       ,880.000     ,0.464       ,16.503      ,0.04057       ,1402          ,123.223         ,0.000         ,-0.000              ,0.025               ,23921.875       ,0.00000           ,-0.00831              ,0.000         ,0.000         ,0.000         ,-0.011        
17:01:24.467848     ,0.051       ,0.880       ,0.885       ,16.420      ,16.434      ,16.039      ,0.432       ,2.159       ,0.000       ,0.362       ,2.521       ,880.000     ,0.432       ,16.470      ,0.04057       ,1402          ,123.223         ,0.000         ,-0.000              ,0.021               ,23921.875       ,0.00000           ,-0.00695              ,0.000         ,0.000         ,0.000         ,-0.010        
17:01:24.473329     ,0.051       ,0.880       ,0.869       ,16.400      ,16.402      ,16.039      ,0.395       ,1.976       ,0.000       ,-0.088      ,1.888       ,880.000     ,0.395       ,16.434      ,0.04057       ,1402          ,123.223         ,0.000         ,-0.000              ,0.017               ,23921.875       ,0.00000           ,-0.00568              ,0.000         ,0.000         ,0.000         ,-0.010        
17:01:24.486382     ,0.051       ,0.880       ,0.853       ,16.380      ,16.382      ,16.039      ,0.364       ,1.819       ,0.000       ,0.105       ,1.924       ,880.000     ,0.364       ,16.402      ,0.04057       ,1402          ,123.223         ,0.000         ,-0.000              ,0.014               ,23921.875       ,0.00000           ,-0.00460              ,0.000         ,0.000         ,0.000         ,-0.014        
17:01:24.493301     ,0.049       ,0.880       ,0.869       ,16.370      ,16.373      ,16.039      ,0.344       ,1.719       ,0.000       ,0.232       ,1.951       ,880.000     ,0.344       ,16.382      ,0.04057       ,1402          ,123.223         ,0.000         ,-0.000              ,0.011               ,23921.875       ,0.00000           ,-0.00368              ,0.000         ,0.000         ,0.000         ,-0.014        
17:01:24.506149     ,0.051       ,0.880       ,0.885       ,16.380      ,16.376      ,16.039      ,0.335       ,1.674       ,0.000       ,0.215       ,1.890       ,880.000     ,0.335       ,16.373      ,0.04057       ,1402          ,123.223         ,0.000         ,-0.000              ,0.009               ,23921.875       ,0.00000           ,-0.00289              ,0.000         ,0.000         ,0.000         ,-0.013        
17:01:24.513286     ,0.051       ,0.880       ,0.869       ,16.370      ,16.379      ,16.039      ,0.337       ,1.686       ,0.000       ,0.227       ,1.912       ,880.000     ,0.337       ,16.376      ,0.04057       ,1402          ,123.223         ,0.000         ,-0.000              ,0.007               ,23921.875       ,0.00000           ,-0.00223              ,0.000         ,0.000         ,0.000         ,-0.013        
17:01:24.525745     ,0.051       ,0.880       ,0.853       ,16.330      ,16.376      ,16.039      ,0.341       ,1.704       ,0.000       ,0.029       ,1.733       ,880.000     ,0.341       ,16.379      ,0.04057       ,1402          ,123.223         ,0.000         ,-0.000              ,0.005               ,23921.875       ,0.00000           ,-0.00178              ,0.000         ,0.000         ,0.000         ,-0.010        
17:01:24.533279     ,0.051       ,0.880       ,0.885       ,16.300      ,16.364      ,16.039      ,0.337       ,1.685       ,0.000       ,-0.152      ,1.533       ,880.000     ,0.337       ,16.376      ,0.04050       ,1401          ,123.135         ,0.000         ,-0.000              ,0.004               ,23921.875       ,0.00000           ,-0.00140              ,0.000         ,0.000         ,0.000         ,-0.010        
17:01:24.545590     ,0.049       ,0.880       ,0.869       ,16.260      ,16.343      ,16.039      ,0.326       ,1.629       ,0.000       ,-0.148      ,1.481       ,880.000     ,0.326       ,16.364      ,0.04050       ,1401          ,123.135         ,0.000         ,-0.000              ,0.003               ,23921.875       ,0.00767           ,-0.00107              ,0.000         ,0.000         ,0.000         ,-0.011        
17:01:24.553385     ,0.051       ,0.880       ,0.853       ,16.250      ,16.316      ,16.039      ,0.304       ,1.521       ,0.000       ,-0.205      ,1.316       ,880.000     ,0.304       ,16.343      ,0.04050       ,1401          ,123.135         ,0.000         ,-0.000              ,0.002               ,23921.875       ,0.00000           ,-0.00080              ,0.000         ,0.000         ,0.000         ,-0.011        
17:01:24.567490     ,0.049       ,0.880       ,0.869       ,16.220      ,16.285      ,16.039      ,0.277       ,1.234       ,0.000       ,-0.068      ,1.275       ,880.000     ,0.277       ,16.316      ,0.04050       ,1401          ,123.135         ,0.000         ,-0.000              ,0.002               ,23921.873       ,0.00000           ,-0.00056              ,0.000         ,0.000         ,0.000         ,-0.010        
17:01:24.573355     ,0.051       ,0.880       ,0.869       ,16.240      ,16.266      ,16.039      ,0.247       ,1.234       ,0.000       ,-0.068      ,1.166       ,880.000     ,0.247       ,16.285      ,0.04042       ,1400          ,123.047         ,0.000         ,-0.000              ,0.001               ,23921.873       ,0.00000           ,-0.00036              ,0.000         ,0.000         ,0.000         ,-0.010        
17:01:24.586158     ,0.049       ,0.880       ,0.885       ,16.250      ,16.252      ,16.039      ,0.228       ,1.138       ,0.000       ,0.227       ,1.365       ,880.000     ,0.228       ,16.266      ,0.04034       ,1399          ,122.959         ,0.000         ,-0.000              ,0.000               ,23921.873       ,0.00768           ,-0.00008              ,0.000         ,0.000         ,0.000         ,-0.009        
17:01:24.593308     ,0.051       ,0.880       ,0.885       ,16.240      ,16.241      ,16.039      ,0.213       ,1.067       ,0.000       ,0.097       ,1.163       ,880.000     ,0.213       ,16.252      ,0.04034       ,1399          ,122.959         ,0.000         ,-0.000              ,-0.001              ,23921.873       ,0.00767           ,0.00028               ,0.000         ,0.000         ,0.000         ,-0.009        
17:01:24.604979     ,0.049       ,0.880       ,0.869       ,16.190      ,16.223      ,16.039      ,0.202       ,1.012       ,0.000       ,0.065       ,1.077       ,880.000     ,0.202       ,16.241      ,0.04027       ,1398          ,122.871         ,0.000         ,-0.000              ,-0.002              ,23921.873       ,0.00000           ,0.00058               ,0.000         ,0.000         ,0.000         ,-0.010        
17:01:24.613316     ,0.051       ,0.880       ,0.885       ,16.160      ,16.209      ,16.039      ,0.184       ,0.922       ,0.000       ,-0.138      ,0.784       ,880.000     ,0.184       ,16.223      ,0.04027       ,1398          ,122.871         ,0.000         ,-0.000              ,-0.003              ,23921.873       ,0.00767           ,0.00096               ,0.000         ,0.000         ,0.000         ,-0.010        
17:01:24.623335     ,0.051       ,0.880       ,0.885       ,16.160      ,16.196      ,16.039      ,0.171       ,0.854       ,0.000       ,0.085       ,0.939       ,880.000     ,0.171       ,16.209      ,0.04019       ,1397          ,122.783         ,0.000         ,-0.000              ,-0.003              ,23921.873       ,0.00767           ,0.00096               ,0.000         ,0.000         ,0.000         ,-0.009        
17:01:24.633421     ,0.049       ,0.880       ,0.869       ,16.150      ,16.182      ,16.039      ,0.171       ,0.854       ,0.000       ,0.085       ,0.939       ,880.000     ,0.171       ,16.209      ,0.04011       ,1396          ,122.695         ,0.000         ,-0.000              ,-0.004              ,23921.873       ,0.00000           ,0.00127               ,0.000         ,0.000         ,0.000         ,-0.009        
17:01:24.644492     ,0.049       ,0.880       ,0.869       ,16.120      ,16.165      ,16.039      ,0.143       ,0.715       ,0.000       ,-0.282      ,0.432       ,880.000     ,0.143       ,16.182      ,0.04004       ,1395          ,122.607         ,0.000         ,-0.000              ,-0.004              ,23921.873       ,0.00000           ,0.00127               ,0.000         ,0.000         ,0.000         ,-0.008        
17:01:24.653383     ,0.049       ,0.880       ,0.869       ,16.120      ,16.155      ,16.039      ,0.126       ,0.630       ,0.000       ,0.215       ,0.845       ,880.000     ,0.126       ,16.165      ,0.03996       ,1394          ,122.520         ,0.000         ,-0.000              ,-0.006              ,23921.873       ,0.00767           ,0.00198               ,0.000         ,0.000         ,0.000         ,-0.008        
17:01:24.663301     ,0.049       ,0.880       ,0.869       ,16.120      ,16.145      ,16.039      ,0.126       ,0.630       ,0.000       ,0.215       ,0.845       ,880.000     ,0.126       ,16.165      ,0.03996       ,1394          ,122.520         ,0.000         ,-0.000              ,-0.006              ,23921.873       ,0.00767           ,0.00198               ,0.000         ,0.000         ,0.000         ,-0.008        
17:01:24.673337     ,0.051       ,0.880       ,0.885       ,16.090      ,16.126      ,16.039      ,0.106       ,0.532       ,0.000       ,-0.049      ,0.484       ,880.000     ,0.106       ,16.145      ,0.03988       ,1393          ,122.432         ,0.000         ,-0.000              ,-0.007              ,23921.873       ,0.00000           ,0.00226               ,0.000         ,0.000         ,0.000         ,-0.008        
17:01:24.683297     ,0.051       ,0.880       ,0.885       ,16.010      ,16.095      ,16.039      ,0.087       ,0.437       ,0.000       ,0.006       ,0.442       ,880.000     ,0.087       ,16.126      ,0.03981       ,1392          ,122.344         ,0.000         ,-0.000              ,-0.007              ,23921.873       ,0.00000           ,0.00226               ,0.000         ,0.000         ,0.000         ,-0.008        
17:01:24.693340     ,0.051       ,0.880       ,0.885       ,15.970      ,16.068      ,16.039      ,0.087       ,0.437       ,0.000       ,0.006       ,0.442       ,880.000     ,0.087       ,16.126      ,0.03973       ,1391          ,122.256         ,0.000         ,-0.000              ,-0.008              ,23921.873       ,0.00768           ,0.00261               ,0.000         ,0.000         ,0.000         ,-0.008        
17:01:24.703394     ,0.051       ,0.880       ,0.885       ,15.970      ,16.044      ,16.039      ,0.030       ,0.149       ,0.000       ,-0.768      ,-0.619      ,880.000     ,0.030       ,16.068      ,0.03965       ,1390          ,122.168         ,0.000         ,-0.000              ,-0.008              ,23921.873       ,0.00768           ,0.00261               ,0.000         ,0.000         ,0.000         ,-0.008        
17:01:24.720641     ,0.049       ,0.880       ,0.869       ,15.960      ,16.018      ,16.039      ,0.030       ,0.149       ,0.000       ,-0.768      ,-0.619      ,880.000     ,0.030       ,16.068      ,0.03958       ,1389          ,122.080         ,0.000         ,-0.000              ,-0.009              ,23921.873       ,0.00766           ,0.00303               ,0.000         ,0.000         ,0.000         ,-0.006        
17:01:24.723332     ,0.049       ,0.880       ,0.869       ,15.910      ,15.987      ,16.039      ,-0.021      ,-0.103      ,0.000       ,0.144       ,0.040       ,880.000     ,-0.021      ,16.018      ,0.03942       ,1387          ,121.904         ,0.000         ,-0.000              ,-0.009              ,23921.873       ,0.00766           ,0.00303               ,0.000         ,0.000         ,0.000         ,-0.006        
17:01:24.739371     ,0.049       ,0.880       ,0.885       ,15.900      ,15.965      ,16.039      ,-0.021      ,-0.103      ,0.000       ,0.144       ,0.040       ,880.000     ,-0.021      ,16.018      ,0.03935       ,1386          ,121.816         ,0.000         ,-0.000              ,-0.010              ,23921.871       ,0.00767           ,0.00338               ,0.000         ,0.000         ,0.000         ,-0.006        
17:01:24.743335     ,0.049       ,0.880       ,0.885       ,15.860      ,15.938      ,16.039      ,-0.074      ,-0.368      ,0.000       ,-0.049      ,-0.416      ,880.000     ,-0.074      ,15.965      ,0.03919       ,1384          ,121.641         ,0.000         ,-0.000              ,-0.010              ,23921.871       ,0.00767           ,0.00338               ,0.000         ,0.000         ,0.000         ,-0.006        
17:01:24.758991     ,0.051       ,0.880       ,0.869       ,15.810      ,15.901      ,16.039      ,-0.100      ,-0.501      ,0.000       ,0.522       ,0.021       ,880.000     ,-0.100      ,15.938      ,0.03904       ,1382          ,121.465         ,0.000         ,-0.000              ,-0.012              ,23921.871       ,0.01533           ,0.00416               ,0.000         ,0.000         ,0.000         ,-0.003        
17:01:24.763298     ,0.051       ,0.880       ,0.869       ,15.740      ,15.858      ,16.039      ,-0.100      ,-0.501      ,0.000       ,0.522       ,0.021       ,880.000     ,-0.100      ,15.938      ,0.03881       ,1379          ,121.201         ,0.000         ,-0.000              ,-0.012              ,23921.871       ,0.01533           ,0.00416               ,0.000         ,0.000         ,0.000         ,-0.003        
17:01:24.777722     ,0.049       ,0.880       ,0.885       ,15.720      ,15.824      ,16.039      ,-0.181      ,-0.905      ,0.000       ,-1.080      ,-1.985      ,880.000     ,-0.181      ,15.858      ,0.03866       ,1377          ,121.025         ,-0.200        ,0.001               ,-0.014              ,23921.871       ,0.02298           ,0.00480               ,0.000         ,0.000         ,0.000         ,0.000         
17:01:24.783284     ,0.049       ,0.880       ,0.869       ,15.680      ,15.786      ,16.039      ,-0.214      ,-1.072      ,0.000       ,0.947       ,-0.124      ,880.000     ,-0.214      ,15.824      ,0.03843       ,1374          ,120.762         ,-0.400        ,0.001               ,-0.017              ,23921.871       ,0.01535           ,0.00558               ,0.000         ,0.000         ,0.000         ,0.000         
17:01:24.797790     ,0.051       ,0.880       ,0.885       ,15.660      ,15.751      ,16.039      ,-0.252      ,-1.262      ,0.000       ,-0.094      ,-1.356      ,880.000     ,-0.252      ,15.786      ,0.03820       ,1371          ,120.498         ,-0.600        ,0.002               ,-0.019              ,23921.871       ,0.02299           ,0.00647               ,0.000         ,0.000         ,0.000         ,0.001         
17:01:24.803295     ,0.051       ,0.880       ,0.885       ,15.650      ,15.719      ,16.039      ,-0.288      ,-1.438      ,0.000       ,0.059       ,-1.379      ,880.000     ,-0.288      ,15.751      ,0.03789       ,1367          ,120.146         ,-0.800        ,0.003               ,-0.019              ,23921.871       ,0.02299           ,0.00647               ,0.000         ,0.000         ,0.000         ,0.001         
17:01:24.816739     ,0.049       ,0.880       ,0.885       ,15.620      ,15.690      ,16.039      ,-0.319      ,-1.596      ,0.000       ,0.071       ,-1.524      ,880.000     ,-0.319      ,15.719      ,0.03766       ,1364          ,119.883         ,-1.000        ,0.003               ,-0.026              ,23921.871       ,0.03070           ,0.00875               ,0.000         ,0.000         ,0.000         ,0.003         
17:01:24.823295     ,0.049       ,0.880       ,0.869       ,15.560      ,15.651      ,16.039      ,-0.348      ,-1.742      ,0.000       ,0.046       ,-1.696      ,880.000     ,-0.348      ,15.690      ,0.03735       ,1360          ,119.531         ,-1.000        ,0.003               ,-0.030              ,23921.871       ,0.02301           ,0.01008               ,0.000         ,0.000         ,0.000         ,0.003         
17:01:24.835472     ,0.051       ,0.880       ,0.885       ,15.550      ,15.620      ,16.039      ,-0.388      ,-1.938      ,0.000       ,-0.198      ,-2.136      ,880.000     ,-0.388      ,15.651      ,0.03705       ,1356          ,119.180         ,-1.000        ,0.003               ,-0.035              ,23921.871       ,0.03070           ,0.01156               ,0.000         ,0.000         ,0.000         ,0.004         
17:01:24.843330     ,0.049       ,0.880       ,0.869       ,15.540      ,15.592      ,16.039      ,-0.419      ,-2.095      ,0.000       ,0.155       ,-1.940      ,880.000     ,-0.419      ,15.620      ,0.03666       ,1351          ,118.740         ,-1.000        ,0.003               ,-0.039              ,23921.871       ,0.03066           ,0.01316               ,0.000         ,0.000         ,0.000         ,0.004         
17:01:24.857725     ,0.049       ,0.880       ,0.836       ,15.530      ,15.567      ,16.039      ,-0.446      ,-2.232      ,0.000       ,0.080       ,-2.152      ,880.000     ,-0.446      ,15.592      ,0.03628       ,1346          ,118.301         ,-1.000        ,0.003               ,-0.045              ,23921.871       ,0.03837           ,0.01499               ,0.000         ,0.000         ,0.000         ,0.003         
17:01:24.863291     ,0.051       ,0.880       ,0.885       ,15.530      ,15.567      ,16.039      ,-0.472      ,-2.358      ,0.000       ,0.048       ,-2.310      ,880.000     ,-0.472      ,15.567      ,0.03590       ,1341          ,117.861         ,-1.000        ,0.003               ,-0.051              ,23921.871       ,0.03836           ,0.01688               ,0.000         ,0.000         ,0.000         ,0.003         
17:01:24.877623     ,0.051       ,0.880       ,0.869       ,15.480      ,15.541      ,16.039      ,-0.472      ,-2.358      ,0.000       ,0.501       ,-1.857      ,880.000     ,-0.472      ,15.567      ,0.03551       ,1336          ,117.422         ,-1.000        ,0.003               ,-0.056              ,23921.871       ,0.03831           ,0.01872               ,0.000         ,0.000         ,0.000         ,-0.003        
17:01:24.883284     ,0.051       ,0.880       ,0.869       ,15.480      ,15.526      ,16.039      ,-0.498      ,-2.489      ,0.000       ,-0.528      ,-3.017      ,880.000     ,-0.498      ,15.541      ,0.03505       ,1330          ,116.895         ,-1.000        ,0.003               ,-0.056              ,23921.871       ,0.03831           ,0.01872               ,0.000         ,0.000         ,0.000         ,-0.003        
17:01:24.898766     ,0.051       ,0.880       ,0.869       ,15.440      ,15.504      ,16.039      ,-0.512      ,-2.562      ,0.000       ,0.239       ,-2.322      ,880.000     ,-0.512      ,15.526      ,0.03459       ,1324          ,116.367         ,-1.000        ,0.003               ,-0.068              ,23921.871       ,0.04598           ,0.02260               ,0.000         ,0.000         ,0.000         ,-0.006        
17:01:24.903377     ,0.051       ,0.880       ,0.869       ,15.400      ,15.477      ,16.039      ,-0.534      ,-2.671      ,0.000       ,-0.151      ,-2.823      ,880.000     ,-0.534      ,15.504      ,0.03413       ,1318          ,115.840         ,-1.000        ,0.003               ,-0.068              ,23921.871       ,0.04598           ,0.02260               ,0.000         ,0.000         ,0.000         ,-0.006        
17:01:24.919412     ,0.049       ,0.880       ,0.869       ,15.400      ,15.453      ,16.039      ,-0.561      ,-2.807      ,0.000       ,-0.104      ,-2.911      ,880.000     ,-0.561      ,15.477      ,0.03367       ,1312          ,115.312         ,-1.000        ,0.003               ,-0.080              ,23921.871       ,0.04598           ,0.02656               ,0.000         ,0.000         ,0.000         ,-0.004        
17:01:24.923395     ,0.049       ,0.880       ,0.869       ,15.420      ,15.440      ,16.039      ,-0.586      ,-2.929      ,0.000       ,0.057       ,-2.871      ,880.000     ,-0.586      ,15.453      ,0.03313       ,1305          ,114.697         ,-1.000        ,0.003               ,-0.080              ,23921.871       ,0.04598           ,0.02656               ,0.000         ,0.000         ,0.000         ,-0.004        
17:01:24.938268     ,0.051       ,0.880       ,0.869       ,15.420      ,15.424      ,16.039      ,-0.599      ,-2.993      ,0.000       ,0.229       ,-2.764      ,880.000     ,-0.599      ,15.440      ,0.03260       ,1298          ,114.082         ,-0.800        ,0.003               ,-0.092              ,23921.871       ,0.05366           ,0.03060               ,0.000         ,0.000         ,0.000         ,0.008         
17:01:24.943345     ,0.051       ,0.880       ,0.869       ,15.380      ,15.406      ,16.039      ,-0.615      ,-3.075      ,0.000       ,-0.072      ,-3.148      ,880.000     ,-0.615      ,15.424      ,0.03206       ,1291          ,113.467         ,-0.600        ,0.002               ,-0.092              ,23921.871       ,0.05366           ,0.03060               ,0.000         ,0.000         ,0.000         ,0.008         
17:01:24.959295     ,0.049       ,0.880       ,0.869       ,15.340      ,15.390      ,16.039      ,-0.632      ,-3.162      ,0.000       ,-0.016      ,-3.177      ,880.000     ,-0.632      ,15.406      ,0.03145       ,1283          ,112.764         ,-0.400        ,0.001               ,-0.104              ,23921.871       ,0.05375           ,0.03469               ,0.000         ,0.000         ,0.000         ,-0.004        
17:01:24.963294     ,0.049       ,0.880       ,0.869       ,15.330      ,15.375      ,16.039      ,-0.648      ,-3.241      ,0.000       ,0.029       ,-3.211      ,880.000     ,-0.648      ,15.390      ,0.03091       ,1276          ,112.148         ,-0.200        ,0.001               ,-0.104              ,23921.871       ,0.05375           ,0.03469               ,0.000         ,0.000         ,0.000         ,-0.004        
17:01:24.980110     ,0.049       ,0.880       ,0.869       ,15.320      ,15.358      ,16.039      ,-0.663      ,-3.316      ,0.000       ,0.015       ,-3.301      ,880.000     ,-0.663      ,15.375      ,0.03030       ,1268          ,111.445         ,0.000         ,-0.000              ,-0.116              ,23921.871       ,0.05368           ,0.03870               ,0.000         ,0.000         ,0.000         ,-0.003        
17:01:24.983286     ,0.049       ,0.880       ,0.869       ,15.280      ,15.336      ,16.039      ,-0.681      ,-3.403      ,0.000       ,-0.049      ,-3.452      ,880.000     ,-0.681      ,15.358      ,0.02961       ,1259          ,110.654         ,0.000         ,-0.000              ,-0.116              ,23921.871       ,0.05368           ,0.03870               ,0.000         ,0.000         ,0.000         ,-0.003        
17:01:25.000170     ,0.049       ,0.880       ,0.869       ,15.280      ,15.323      ,16.039      ,-0.716      ,-3.580      ,0.000       ,-0.359      ,-3.940      ,880.000     ,-0.716      ,15.323      ,0.02899       ,1251          ,109.951         ,0.000         ,-0.000              ,-0.122              ,23921.871       ,0.06137           ,0.04072               ,0.000         ,0.000         ,0.000         ,-0.004        
17:01:25.003302     ,0.049       ,0.880       ,0.869       ,15.300      ,15.315      ,16.039      ,-0.716      ,-3.580      ,0.000       ,-0.359      ,-3.940      ,880.000     ,-0.716      ,15.323      ,0.02830       ,1242          ,109.160         ,0.000         ,-0.000              ,-0.122              ,23921.871       ,0.06137           ,0.04072               ,0.000         ,0.000         ,0.000         ,-0.004        
17:01:25.019898     ,0.051       ,0.880       ,0.885       ,15.310      ,15.306      ,16.039      ,-0.723      ,-3.616      ,0.000       ,0.568       ,-3.048      ,880.000     ,-0.723      ,15.315      ,0.02761       ,1233          ,108.369         ,0.000         ,-0.000              ,-0.134              ,23921.871       ,0.06900           ,0.04466               ,0.000         ,0.000         ,0.000         ,0.009         
17:01:25.023295     ,0.051       ,0.880       ,0.885       ,15.300      ,15.293      ,16.039      ,-0.723      ,-3.616      ,0.000       ,0.568       ,-3.048      ,880.000     ,-0.723      ,15.315      ,0.02692       ,1224          ,107.578         ,0.000         ,-0.000              ,-0.134              ,23921.871       ,0.06900           ,0.04466               ,0.000         ,0.000         ,0.000         ,0.009         
17:01:25.039594     ,0.049       ,0.880       ,0.869       ,15.280      ,15.285      ,16.039      ,-0.745      ,-3.727      ,0.000       ,-0.305      ,-4.032      ,880.000     ,-0.745      ,15.293      ,0.02615       ,1214          ,106.699         ,0.000         ,-0.000              ,-0.140              ,23921.871       ,0.06904           ,0.04671               ,0.000         ,0.000         ,0.000         ,-0.004        
17:01:25.043357     ,0.049       ,0.880       ,0.869       ,15.260      ,15.277      ,16.039      ,-0.753      ,-3.767      ,0.000       ,0.285       ,-3.483      ,880.000     ,-0.753      ,15.285      ,0.02539       ,1204          ,105.820         ,0.000         ,-0.000              ,-0.140              ,23921.871       ,0.06904           ,0.04671               ,0.000         ,0.000         ,0.000         ,-0.004        
17:01:25.058496     ,0.049       ,0.880       ,0.869       ,15.250      ,15.268      ,16.039      ,-0.762      ,-3.810      ,0.000       ,-0.011      ,-3.821      ,880.000     ,-0.762      ,15.277      ,0.02462       ,1194          ,104.941         ,0.000         ,-0.000              ,-0.153              ,23921.871       ,0.07672           ,0.05112               ,0.000         ,0.000         ,0.000         ,-0.003        
17:01:25.063318     ,0.049       ,0.880       ,0.869       ,15.250      ,15.261      ,16.039      ,-0.771      ,-3.855      ,0.000       ,-0.006      ,-3.861      ,880.000     ,-0.771      ,15.268      ,0.02385       ,1184          ,104.062         ,0.000         ,-0.000              ,-0.160              ,23921.871       ,0.07669           ,0.05334               ,0.000         ,0.000         ,0.000         ,-0.003        
17:01:25.078341     ,0.049       ,0.880       ,0.869       ,15.220      ,15.253      ,16.039      ,-0.777      ,-3.886      ,0.000       ,0.055       ,-3.831      ,880.000     ,-0.777      ,15.261      ,0.02301       ,1173          ,103.096         ,0.000         ,-0.000              ,-0.167              ,23921.871       ,0.07663           ,0.05558               ,0.000         ,0.000         ,0.000         ,-0.003        
17:01:25.083278     ,0.049       ,0.880       ,0.869       ,15.210      ,15.246      ,16.039      ,-0.785      ,-3.926      ,0.000       ,-0.040      ,-3.967      ,880.000     ,-0.785      ,15.253      ,0.02217       ,1162          ,102.129         ,0.000         ,-0.000              ,-0.173              ,23921.871       ,0.08447           ,0.05783               ,0.000         ,0.000         ,0.000         ,-0.003        
17:01:25.096128     ,0.051       ,0.880       ,0.869       ,15.220      ,15.240      ,16.039      ,-0.793      ,-3.994      ,0.000       ,0.028       ,-3.950      ,880.000     ,-0.793      ,15.246      ,0.02132       ,1151          ,101.162         ,0.000         ,-0.000              ,-0.181              ,23921.871       ,0.08435           ,0.06020               ,0.000         ,0.000         ,0.000         ,-0.001        
17:01:25.103281     ,0.051       ,0.880       ,0.885       ,15.220      ,15.230      ,16.039      ,-0.799      ,-3.994      ,0.000       ,0.028       ,-3.967      ,880.000     ,-0.799      ,15.240      ,0.02048       ,1140          ,100.195         ,0.000         ,-0.000              ,-0.188              ,23921.871       ,0.08439           ,0.06256               ,0.000         ,0.000         ,0.000         ,-0.001        
17:01:25.114702     ,0.049       ,0.880       ,0.869       ,15.210      ,15.217      ,16.039      ,-0.808      ,-4.041      ,0.000       ,-0.063      ,-4.103      ,880.000     ,-0.808      ,15.230      ,0.01956       ,1128          ,99.141          ,0.000         ,-0.000              ,-0.195              ,23921.871       ,0.08437           ,0.06491               ,0.000         ,0.000         ,0.000         ,-0.003        
17:01:25.123279     ,0.051       ,0.880       ,0.869       ,15.220      ,15.211      ,16.039      ,-0.822      ,-4.108      ,0.000       ,-0.086      ,-4.194      ,880.000     ,-0.822      ,15.217      ,0.01864       ,1116          ,98.086          ,0.000         ,-0.000              ,-0.202              ,23921.871       ,0.09203           ,0.06725               ,0.000         ,0.000         ,0.000         ,-0.003        
17:01:25.133297     ,0.051       ,0.880       ,0.869       ,15.240      ,15.211      ,16.039      ,-0.828      ,-4.138      ,0.000       ,0.152       ,-3.986      ,880.000     ,-0.828      ,15.211      ,0.01772       ,1104          ,97.031          ,0.000         ,-0.000              ,-0.202              ,23921.871       ,0.09203           ,0.06725               ,0.000         ,0.000         ,0.000         ,0.005         
17:01:25.143348     ,0.051       ,0.880       ,0.869       ,15.180      ,15.200      ,16.039      ,-0.828      ,-4.138      ,0.000       ,0.152       ,-3.986      ,880.000     ,-0.828      ,15.211      ,0.01680       ,1092          ,95.977          ,0.000         ,-0.000              ,-0.209              ,23921.871       ,0.09203           ,0.06959               ,0.000         ,0.000         ,0.000         ,0.005         
17:01:25.153286     ,0.051       ,0.880       ,0.869       ,15.180      ,15.195      ,16.039      ,-0.844      ,-4.218      ,0.000       ,0.115       ,-4.103      ,880.000     ,-0.844      ,15.195      ,0.01580       ,1079          ,94.834          ,0.000         ,-0.000              ,-0.215              ,23921.871       ,0.09203           ,0.07181               ,0.000         ,0.000         ,0.000         ,0.009         
17:01:25.163330     ,0.049       ,0.880       ,0.869       ,15.140      ,15.188      ,16.039      ,-0.844      ,-4.255      ,0.000       ,-0.046      ,-4.103      ,880.000     ,-0.844      ,15.195      ,0.01480       ,1066          ,93.691          ,0.000         ,-0.000              ,-0.222              ,23921.871       ,0.09962           ,0.07404               ,0.000         ,0.000         ,0.000         ,0.009         
17:01:25.173279     ,0.049       ,0.880       ,0.869       ,15.120      ,15.176      ,16.039      ,-0.851      ,-4.255      ,0.000       ,-0.046      ,-4.301      ,880.000     ,-0.851      ,15.188      ,0.01381       ,1053          ,92.549          ,0.000         ,-0.000              ,-0.222              ,23921.871       ,0.09962           ,0.07404               ,0.000         ,0.000         ,0.000         ,0.006         
17:01:25.191300     ,0.051       ,0.880       ,0.885       ,15.070      ,15.152      ,16.039      ,-0.851      ,-4.255      ,0.000       ,-0.046      ,-4.301      ,880.000     ,-0.851      ,15.188      ,0.01281       ,1040          ,91.406          ,0.000         ,-0.000              ,-0.229              ,23921.871       ,0.09977           ,0.07628               ,0.000         ,0.000         ,0.000         ,-0.004        
17:01:25.193343     ,0.051       ,0.880       ,0.885       ,15.070      ,15.137      ,16.039      ,-0.887      ,-4.434      ,0.000       ,-0.567      ,-5.002      ,880.000     ,-0.887      ,15.152      ,0.01181       ,1027          ,90.264          ,0.000         ,-0.000              ,-0.229              ,23921.871       ,0.09977           ,0.07628               ,0.000         ,0.000         ,0.000         ,-0.004        
17:01:25.203284     ,0.049       ,0.880       ,0.869       ,15.060      ,15.114      ,16.039      ,-0.924      ,-4.622      ,0.000       ,-0.037      ,-4.660      ,880.000     ,-0.924      ,15.114      ,0.01074       ,1013          ,89.033          ,0.000         ,-0.000              ,-0.236              ,23921.871       ,0.09969           ,0.07853               ,0.000         ,0.000         ,0.000         ,-0.004        
17:01:25.213324     ,0.049       ,0.880       ,0.869       ,15.060      ,15.094      ,16.039      ,-0.924      ,-4.622      ,0.000       ,-0.037      ,-4.660      ,880.000     ,-0.924      ,15.114      ,0.00974       ,1000          ,87.891          ,0.000         ,-0.000              ,-0.236              ,23921.871       ,0.09969           ,0.07853               ,0.000         ,0.000         ,0.000         ,-0.003        
17:01:25.228367     ,0.051       ,0.880       ,0.869       ,15.040      ,15.070      ,16.039      ,-0.945      ,-4.724      ,0.000       ,0.346       ,-4.378      ,880.000     ,-0.945      ,15.094      ,0.00867       ,986           ,86.660          ,0.000         ,-0.000              ,-0.249              ,23921.871       ,0.09969           ,0.08293               ,0.000         ,0.000         ,0.000         ,0.000         
17:01:25.233321     ,0.051       ,0.880       ,0.869       ,15.020      ,15.052      ,16.039      ,-0.945      ,-4.724      ,0.000       ,0.346       ,-4.378      ,880.000     ,-0.945      ,15.094      ,0.00759       ,972           ,85.430          ,0.000         ,-0.000              ,-0.249              ,23921.871       ,0.09969           ,0.08293               ,0.000         ,0.000         ,0.000         ,0.000         
17:01:25.245978     ,0.049       ,0.880       ,0.853       ,15.000      ,15.032      ,16.039      ,-0.987      ,-4.933      ,0.000       ,-0.429      ,-5.362      ,880.000     ,-0.987      ,15.052      ,0.00652       ,958           ,84.199          ,0.000         ,-0.000              ,-0.255              ,23921.871       ,0.10764           ,0.08511               ,0.000         ,0.000         ,0.000         ,-0.003        
17:01:25.253285     ,0.049       ,0.880       ,0.869       ,14.980      ,15.016      ,16.039      ,-1.006      ,-5.031      ,0.000       ,0.445       ,-4.585      ,880.000     ,-1.006      ,15.032      ,0.00545       ,944           ,82.969          ,0.000         ,-0.000              ,-0.262              ,23921.871       ,0.10730           ,0.08730               ,0.000         ,0.000         ,0.000         ,-0.003        
17:01:25.264551     ,0.049       ,0.880       ,0.869       ,14.970      ,15.001      ,16.039      ,-1.023      ,-5.115      ,0.000       ,0.056       ,-5.059      ,880.000     ,-1.023      ,15.016      ,0.00437       ,930           ,81.738          ,0.000         ,-0.000              ,-0.268              ,23921.871       ,0.10732           ,0.08940               ,0.000         ,0.000         ,0.000         ,0.006         
17:01:25.273366     ,0.051       ,0.880       ,0.885       ,14.950      ,14.988      ,16.039      ,-1.037      ,-5.187      ,0.000       ,0.044       ,-5.143      ,880.000     ,-1.037      ,15.001      ,0.00322       ,915           ,80.420          ,0.000         ,-0.000              ,-0.274              ,23921.871       ,0.10748           ,0.09141               ,0.000         ,0.000         ,0.000         ,0.006         
17:01:25.284096     ,0.049       ,0.880       ,0.885       ,14.970      ,14.982      ,16.039      ,-1.050      ,-5.251      ,0.000       ,0.038       ,-5.213      ,880.000     ,-1.050      ,14.988      ,0.00215       ,901           ,79.189          ,0.000         ,-0.000              ,-0.280              ,23921.871       ,0.11484           ,0.09346               ,0.000         ,0.000         ,0.000         ,-0.003        
17:01:25.293406     ,0.049       ,0.880       ,0.869       ,14.960      ,14.973      ,16.039      ,-1.057      ,-5.284      ,0.000       ,0.120       ,-5.163      ,880.000     ,-1.057      ,14.982      ,0.00100       ,886           ,77.871          ,0.000         ,-0.000              ,-0.286              ,23921.871       ,0.10757           ,0.09533               ,0.000         ,0.000         ,0.000         ,-0.003        
17:01:25.303275     ,0.049       ,0.880       ,0.869       ,14.930      ,14.960      ,16.039      ,-1.066      ,-5.328      ,0.000       ,-0.044      ,-5.372      ,880.000     ,-1.066      ,14.973      ,-0.00015      ,871           ,76.553          ,0.000         ,-0.000              ,-0.286              ,23921.871       ,0.10757           ,0.09533               ,0.000         ,0.000         ,0.000         ,-0.003        
17:01:25.313275     ,0.049       ,0.880       ,0.885       ,14.950      ,14.951      ,16.039      ,-1.088      ,-5.438      ,0.000       ,-0.261      ,-5.699      ,880.000     ,-1.088      ,14.951      ,-0.00130      ,856           ,75.234          ,0.000         ,-0.000              ,-0.291              ,23921.871       ,0.11499           ,0.09714               ,0.000         ,0.000         ,0.000         ,-0.003        
17:01:25.323276     ,0.049       ,0.880       ,0.885       ,14.950      ,14.946      ,16.039      ,-1.088      ,-5.438      ,0.000       ,-0.261      ,-5.699      ,880.000     ,-1.088      ,14.951      ,-0.00238      ,842           ,74.004          ,0.000         ,-0.000              ,-0.291              ,23921.871       ,0.11499           ,0.09714               ,0.000         ,0.000         ,0.000         ,0.009         
17:01:25.340015     ,0.051       ,0.880       ,0.869       ,14.920      ,14.933      ,16.039      ,-1.088      ,-5.438      ,0.000       ,-0.261      ,-5.699      ,880.000     ,-1.088      ,14.951      ,-0.00360      ,826           ,72.598          ,0.000         ,-0.000              ,-0.297              ,23921.871       ,0.11508           ,0.09891               ,0.000         ,0.000         ,0.000         ,-0.003        
17:01:25.343370     ,0.051       ,0.880       ,0.869       ,14.950      ,14.932      ,16.039      ,-1.105      ,-5.526      ,0.000       ,0.083       ,-5.443      ,880.000     ,-1.105      ,14.933      ,-0.00476      ,811           ,71.279          ,0.000         ,-0.000              ,-0.297              ,23921.871       ,0.11508           ,0.09891               ,0.000         ,0.000         ,0.000         ,-0.003        
17:01:25.358653     ,0.049       ,0.880       ,0.869       ,14.960      ,14.937      ,16.039      ,-1.105      ,-5.505      ,0.000       ,0.438       ,-5.443      ,880.000     ,-1.105      ,14.933      ,-0.00591      ,796           ,69.961          ,0.000         ,-0.000              ,-0.302              ,23921.871       ,0.12273           ,0.10064               ,0.000         ,0.000         ,0.000         ,0.006         
17:01:25.363312     ,0.049       ,0.880       ,0.869       ,14.970      ,14.940      ,16.039      ,-1.101      ,-5.505      ,0.000       ,0.438       ,-5.067      ,880.000     ,-1.101      ,14.937      ,-0.00713      ,780           ,68.555          ,0.000         ,-0.000              ,-0.302              ,23921.871       ,0.12273           ,0.10064               ,0.000         ,0.000         ,0.000         ,0.006         
17:01:25.378250     ,0.051       ,0.880       ,0.885       ,14.980      ,14.944      ,16.039      ,-1.099      ,-5.493      ,0.000       ,-0.032      ,-5.525      ,880.000     ,-1.099      ,14.940      ,-0.00828      ,765           ,67.236          ,0.000         ,-0.000              ,-0.312              ,23921.871       ,0.12259           ,0.10402               ,0.000         ,0.000         ,0.000         ,-0.001        
17:01:25.383294     ,0.051       ,0.880       ,0.885       ,14.980      ,14.954      ,16.039      ,-1.099      ,-5.493      ,0.000       ,-0.032      ,-5.525      ,880.000     ,-1.099      ,14.940      ,-0.00951      ,749           ,65.830          ,0.000         ,-0.000              ,-0.312              ,23921.871       ,0.12259           ,0.10402               ,0.000         ,0.000         ,0.000         ,-0.001        
17:01:25.396875     ,0.051       ,0.880       ,0.869       ,14.960      ,14.954      ,16.039      ,-1.085      ,-5.424      ,0.000       ,0.223       ,-5.202      ,880.000     ,-1.085      ,14.954      ,-0.01066      ,734           ,64.512          ,0.000         ,-0.000              ,-0.317              ,23921.871       ,0.12257           ,0.10568               ,0.000         ,0.000         ,0.000         ,0.008         
17:01:25.403277     ,0.049       ,0.880       ,0.853       ,15.010      ,14.964      ,16.039      ,-1.084      ,-5.422      ,0.000       ,-0.263      ,-5.685      ,880.000     ,-1.084      ,14.954      ,-0.01189      ,718           ,63.105          ,0.000         ,-0.000              ,-0.322              ,23921.871       ,0.11512           ,0.10720               ,0.000         ,0.000         ,0.000         ,0.008         
17:01:25.414322     ,0.051       ,0.880       ,0.869       ,15.020      ,14.974      ,16.039      ,-1.074      ,-5.372      ,0.000       ,0.192       ,-5.179      ,880.000     ,-1.074      ,14.964      ,-0.01312      ,702           ,61.699          ,0.000         ,-0.000              ,-0.326              ,23921.871       ,0.12279           ,0.10872               ,0.000         ,0.000         ,0.000         ,-0.001        
17:01:25.423281     ,0.049       ,0.880       ,0.885       ,15.010      ,14.981      ,16.039      ,-1.064      ,-5.322      ,0.000       ,-0.004      ,-5.326      ,880.000     ,-1.064      ,14.974      ,-0.01442      ,685           ,60.205          ,0.000         ,-0.000              ,-0.330              ,23921.871       ,0.12272           ,0.11013               ,0.000         ,0.000         ,0.000         ,-0.001        
17:01:25.434961     ,0.051       ,0.880       ,0.869       ,15.010      ,14.988      ,16.039      ,-1.058      ,-5.253      ,0.000       ,0.016       ,-5.359      ,880.000     ,-1.058      ,14.981      ,-0.01565      ,669           ,58.799          ,0.000         ,-0.000              ,-0.335              ,23921.871       ,0.13013           ,0.11167               ,0.000         ,0.000         ,0.000         ,-0.001        
17:01:25.443385     ,0.051       ,0.880       ,0.869       ,15.020      ,15.000      ,16.039      ,-1.051      ,-5.253      ,0.000       ,0.016       ,-5.237      ,880.000     ,-1.051      ,14.988      ,-0.01687      ,653           ,57.393          ,0.000         ,-0.000              ,-0.339              ,23921.871       ,0.12298           ,0.11310               ,0.000         ,0.000         ,0.000         ,-0.001        
17:01:25.453279     ,0.049       ,0.880       ,0.853       ,15.010      ,15.001      ,16.039      ,-1.038      ,-5.191      ,0.000       ,0.103       ,-5.089      ,880.000     ,-1.038      ,15.000      ,-0.01818      ,636           ,55.898          ,0.000         ,-0.000              ,-0.343              ,23921.871       ,0.12257           ,0.11443               ,0.000         ,0.000         ,0.000         ,-0.003        
17:01:25.463282     ,0.049       ,0.880       ,0.869       ,15.000      ,15.000      ,16.039      ,-1.038      ,-5.188      ,0.000       ,-0.236      ,-5.424      ,880.000     ,-1.038      ,15.001      ,-0.01948      ,619           ,54.404          ,0.000         ,-0.000              ,-0.347              ,23921.871       ,0.13056           ,0.11567               ,0.000         ,0.000         ,0.000         ,-0.003        
17:01:25.473288     ,0.049       ,0.880       ,0.869       ,15.000      ,15.002      ,16.039      ,-1.039      ,-5.193      ,0.000       ,-0.032      ,-5.225      ,880.000     ,-1.039      ,15.000      ,-0.02079      ,602           ,52.910          ,0.000         ,-0.000              ,-0.347              ,23921.871       ,0.13056           ,0.11567               ,0.000         ,0.000         ,0.000         ,0.000         
17:01:25.489751     ,0.051       ,0.880       ,0.869       ,15.000      ,15.002      ,16.039      ,-1.039      ,-5.193      ,0.000       ,-0.032      ,-5.225      ,880.000     ,-1.039      ,15.000      ,-0.02209      ,585           ,51.416          ,0.000         ,-0.000              ,-0.351              ,23921.871       ,0.13040           ,0.11696               ,0.000         ,0.000         ,0.000         ,0.005         
17:01:25.493296     ,0.051       ,0.880       ,0.869       ,15.010      ,15.001      ,16.039      ,-1.036      ,-5.181      ,0.000       ,0.069       ,-5.112      ,880.000     ,-1.036      ,15.002      ,-0.02339      ,568           ,49.922          ,0.000         ,-0.000              ,-0.351              ,23921.871       ,0.13040           ,0.11696               ,0.000         ,0.000         ,0.000         ,0.005         
17:01:25.508424     ,0.049       ,0.880       ,0.869       ,15.030      ,15.003      ,16.039      ,-1.037      ,-5.187      ,0.000       ,-0.073      ,-5.260      ,880.000     ,-1.037      ,15.001      ,-0.02477      ,550           ,48.340          ,0.000         ,-0.000              ,-0.358              ,23921.871       ,0.13040           ,0.11931               ,0.000         ,0.000         ,0.000         ,-0.001        
17:01:25.513362     ,0.049       ,0.880       ,0.869       ,15.040      ,15.007      ,16.039      ,-1.037      ,-5.187      ,0.000       ,-0.073      ,-5.260      ,880.000     ,-1.037      ,15.001      ,-0.02615      ,532           ,46.758          ,0.000         ,-0.000              ,-0.358              ,23921.871       ,0.13040           ,0.11931               ,0.000         ,0.000         ,0.000         ,-0.001        
17:01:25.527369     ,0.051       ,0.880       ,0.885       ,15.030      ,15.008      ,16.039      ,-1.031      ,-5.157      ,0.000       ,0.143       ,-5.014      ,880.000     ,-1.031      ,15.007      ,-0.02746      ,515           ,45.264          ,0.000         ,-0.000              ,-0.362              ,23921.871       ,0.13805           ,0.12063               ,0.000         ,0.000         ,0.000         ,-0.001        
17:01:25.533299     ,0.049       ,0.880       ,0.869       ,15.020      ,15.010      ,16.039      ,-1.030      ,-5.151      ,0.000       ,-0.096      ,-5.247      ,880.000     ,-1.030      ,15.008      ,-0.02892      ,496           ,43.594          ,0.000         ,-0.000              ,-0.366              ,23921.871       ,0.13043           ,0.12187               ,0.000         ,0.000         ,0.000         ,-0.001        
17:01:25.546063     ,0.049       ,0.880       ,0.869       ,15.010      ,15.010      ,16.039      ,-1.029      ,-5.145      ,0.000       ,0.003       ,-5.142      ,880.000     ,-1.029      ,15.010      ,-0.03030      ,478           ,42.012          ,0.000         ,-0.000              ,-0.370              ,23921.871       ,0.14564           ,0.12326               ,0.000         ,0.000         ,0.000         ,-0.003        
17:01:25.553297     ,0.051       ,0.880       ,0.869       ,15.020      ,15.012      ,16.039      ,-1.028      ,-5.141      ,0.000       ,-0.012      ,-5.153      ,880.000     ,-1.028      ,15.010      ,-0.03168      ,460           ,40.430          ,0.000         ,-0.000              ,-0.374              ,23921.871       ,0.13805           ,0.12456               ,0.000         ,0.000         ,0.000         ,-0.003        
17:01:25.564681     ,0.051       ,0.880       ,0.869       ,14.980      ,15.006      ,16.039      ,-1.026      ,-5.132      ,0.000       ,0.020       ,-5.112      ,880.000     ,-1.026      ,15.012      ,-0.03313      ,441           ,38.760          ,0.000         ,-0.000              ,-0.378              ,23921.871       ,0.13813           ,0.12590               ,0.000         ,0.000         ,0.000         ,0.005         
17:01:25.573293     ,0.051       ,0.880       ,0.869       ,14.950      ,14.998      ,16.039      ,-1.032      ,-5.161      ,0.000       ,-0.149      ,-5.310      ,880.000     ,-1.032      ,15.006      ,-0.03459      ,422           ,37.090          ,0.000         ,-0.000              ,-0.382              ,23921.871       ,0.14569           ,0.12738               ,0.000         ,0.000         ,0.000         ,0.005         
17:01:25.584218     ,0.049       ,0.880       ,0.885       ,15.010      ,15.001      ,16.039      ,-1.040      ,-5.202      ,0.000       ,-0.049      ,-5.251      ,880.000     ,-1.040      ,14.998      ,-0.03605      ,403           ,35.420          ,0.000         ,-0.000              ,-0.387              ,23921.871       ,0.14580           ,0.12887               ,0.000         ,0.000         ,0.000         ,-0.001        
17:01:25.593297     ,0.051       ,0.880       ,0.869       ,15.010      ,14.998      ,16.039      ,-1.038      ,-5.190      ,0.000       ,0.211       ,-4.980      ,880.000     ,-1.038      ,15.001      ,-0.03743      ,385           ,33.838          ,0.000         ,-0.000              ,-0.391              ,23921.871       ,0.14572           ,0.13036               ,0.000         ,0.000         ,0.000         ,-0.001        
17:01:25.603292     ,0.051       ,0.880       ,0.869       ,14.950      ,14.980      ,16.039      ,-1.040      ,-5.201      ,0.000       ,-0.091      ,-5.292      ,880.000     ,-1.040      ,14.998      ,-0.03896      ,365           ,32.080          ,0.000         ,-0.000              ,-0.391              ,23921.871       ,0.14572           ,0.13036               ,0.000         ,0.000         ,0.000         ,0.000         
17:01:25.620355     ,0.051       ,0.880       ,0.820       ,14.920      ,14.967      ,16.039      ,-1.040      ,-5.201      ,0.000       ,-0.091      ,-5.292      ,880.000     ,-1.040      ,14.998      ,-0.04042      ,346           ,30.410          ,0.000         ,-0.000              ,-0.395              ,23921.871       ,0.13800           ,0.13174               ,0.000         ,0.000         ,0.000         ,-0.004        
17:01:25.623275     ,0.051       ,0.880       ,0.820       ,14.970      ,14.968      ,16.039      ,-1.072      ,-5.360      ,0.000       ,-0.592      ,-5.952      ,880.000     ,-1.072      ,14.967      ,-0.04188      ,327           ,28.740          ,0.000         ,-0.000              ,-0.395              ,23921.871       ,0.13800           ,0.13174               ,0.000         ,0.000         ,0.000         ,-0.004        
17:01:25.638986     ,0.051       ,0.880       ,0.869       ,14.980      ,14.959      ,16.039      ,-1.070      ,-5.352      ,0.000       ,0.667       ,-4.686      ,880.000     ,-1.070      ,14.968      ,-0.04333      ,308           ,27.070          ,0.000         ,-0.000              ,-0.403              ,23921.871       ,0.14576           ,0.13446               ,0.000         ,0.000         ,0.000         ,-0.001        
17:01:25.643383     ,0.051       ,0.880       ,0.869       ,14.970      ,14.951      ,16.039      ,-1.070      ,-5.352      ,0.000       ,0.667       ,-4.686      ,880.000     ,-1.070      ,14.968      ,-0.04479      ,289           ,25.400          ,0.000         ,-0.000              ,-0.403              ,23921.871       ,0.14576           ,0.13446               ,0.000         ,0.000         ,0.000         ,-0.001        
17:01:25.657675     ,0.049       ,0.880       ,0.869       ,14.970      ,14.955      ,16.039      ,-1.088      ,-5.438      ,0.000       ,-0.373      ,-5.811      ,880.000     ,-1.088      ,14.951      ,-0.04625      ,270           ,23.730          ,0.000         ,-0.000              ,-0.407              ,23921.871       ,0.14554           ,0.13580               ,0.000         ,0.000         ,0.000         ,0.004         
17:01:25.663289     ,0.051       ,0.880       ,0.869       ,15.010      ,14.969      ,16.039      ,-1.083      ,-5.417      ,0.000       ,0.425       ,-4.992      ,880.000     ,-1.083      ,14.955      ,-0.04763      ,252           ,22.148          ,0.000         ,-0.000              ,-0.411              ,23921.871       ,0.14589           ,0.13695               ,0.000         ,0.000         ,0.000         ,0.004         
17:01:25.675256     ,0.051       ,0.880       ,0.885       ,15.030      ,14.975      ,16.039      ,-1.069      ,-5.317      ,0.000       ,-0.170      ,-5.143      ,880.000     ,-1.069      ,14.969      ,-0.04909      ,233           ,20.479          ,0.000         ,-0.000              ,-0.414              ,23921.871       ,0.13795           ,0.13792               ,0.000         ,0.000         ,0.000         ,-0.004        
17:01:25.683376     ,0.049       ,0.880       ,0.885       ,15.060      ,14.986      ,16.039      ,-1.063      ,-5.317      ,0.000       ,-0.170      ,-5.487      ,880.000     ,-1.063      ,14.975      ,-0.05054      ,214           ,18.809          ,0.000         ,-0.000              ,-0.417              ,23921.871       ,0.14586           ,0.13886               ,0.000         ,0.000         ,0.000         ,-0.004        
17:01:25.694816     ,0.049       ,0.880       ,0.869       ,15.030      ,14.995      ,16.039      ,-1.053      ,-5.263      ,0.000       ,0.099       ,-5.164      ,880.000     ,-1.053      ,14.986      ,-0.05193      ,196           ,17.227          ,0.000         ,-0.000              ,-0.419              ,23921.871       ,0.14573           ,0.13966               ,0.000         ,0.000         ,0.000         ,0.005         
17:01:25.703277     ,0.049       ,0.880       ,0.869       ,15.080      ,15.017      ,16.039      ,-1.043      ,-5.216      ,0.000       ,-0.027      ,-5.243      ,880.000     ,-1.043      ,14.995      ,-0.05331      ,178           ,15.645          ,0.000         ,-0.000              ,-0.421              ,23921.871       ,0.13806           ,0.14022               ,0.000         ,0.000         ,0.000         ,0.005         
17:01:25.713300     ,0.049       ,0.880       ,0.869       ,15.140      ,15.041      ,16.039      ,-1.022      ,-5.110      ,0.000       ,0.238       ,-4.873      ,880.000     ,-1.022      ,15.017      ,-0.05469      ,160           ,14.062          ,0.000         ,-0.000              ,-0.421              ,23921.871       ,0.13806           ,0.14022               ,0.000         ,0.000         ,0.000         ,0.014         
17:01:25.723277     ,0.051       ,0.880       ,0.885       ,15.180      ,15.069      ,16.039      ,-0.970      ,-4.850      ,0.000       ,0.617       ,-4.233      ,880.000     ,-0.970      ,15.069      ,-0.05607      ,142           ,12.480          ,0.000         ,-0.000              ,-0.422              ,23921.871       ,0.13794           ,0.14059               ,0.000         ,0.000         ,0.000         ,0.014         
17:01:25.734077     ,0.049       ,0.880       ,0.885       ,15.160      ,15.087      ,16.039      ,-0.970      ,-4.850      ,0.000       ,0.617       ,-4.233      ,880.000     ,-0.970      ,15.069      ,-0.05737      ,125           ,10.986          ,0.000         ,-0.000              ,-0.423              ,23921.871       ,0.13805           ,0.14090               ,0.000         ,0.000         ,0.000         ,0.006         
17:01:25.743380     ,0.049       ,0.880       ,0.885       ,15.160      ,15.114      ,16.039      ,-0.951      ,-4.757      ,0.000       ,-0.671      ,-5.428      ,880.000     ,-0.951      ,15.087      ,-0.05867      ,108           ,9.492           ,0.000         ,-0.000              ,-0.423              ,23921.871       ,0.13039           ,0.14093               ,0.000         ,0.000         ,0.000         ,0.006         
17:01:25.753589     ,0.051       ,0.880       ,0.869       ,15.200      ,15.139      ,16.039      ,-0.925      ,-4.624      ,0.000       ,0.158       ,-4.466      ,880.000     ,-0.925      ,15.114      ,-0.05998      ,91            ,7.998           ,0.000         ,-0.000              ,-0.422              ,23921.871       ,0.13022           ,0.14072               ,0.000         ,0.000         ,0.000         ,0.006         
17:01:25.763361     ,0.051       ,0.880       ,0.869       ,15.220      ,15.157      ,16.039      ,-0.900      ,-4.499      ,0.000       ,-0.030      ,-4.529      ,880.000     ,-0.900      ,15.139      ,-0.06121      ,75            ,6.592           ,0.000         ,-0.000              ,-0.421              ,23921.871       ,0.13053           ,0.14033               ,0.000         ,0.000         ,0.000         ,0.006         
17:01:25.775201     ,0.049       ,0.880       ,0.869       ,15.220      ,15.170      ,16.039      ,-0.881      ,-4.407      ,0.000       ,-0.129      ,-4.536      ,880.000     ,-0.881      ,15.157      ,-0.06243      ,59            ,5.186           ,0.000         ,-0.000              ,-0.419              ,23921.871       ,0.12273           ,0.13964               ,0.000         ,0.000         ,0.000         ,0.004         
17:01:25.783469     ,0.049       ,0.880       ,0.869       ,15.220      ,15.188      ,16.039      ,-0.868      ,-4.341      ,0.000       ,-0.108      ,-4.449      ,880.000     ,-0.868      ,15.170      ,-0.06358      ,44            ,3.867           ,0.000         ,-0.000              ,-0.416              ,23921.871       ,0.12261           ,0.13882               ,0.000         ,0.000         ,0.000         ,0.004         
17:01:25.793855     ,0.049       ,0.880       ,0.885       ,15.260      ,15.210      ,16.039      ,-0.851      ,-4.253      ,0.000       ,0.089       ,-4.164      ,880.000     ,-0.851      ,15.188      ,-0.06473      ,29            ,2.549           ,0.000         ,-0.000              ,-0.413              ,23921.871       ,0.11517           ,0.13767               ,0.000         ,0.000         ,0.000         ,0.000         
17:01:25.803435     ,0.051       ,0.880       ,0.869       ,15.280      ,15.224      ,16.039      ,-0.829      ,-4.144      ,0.000       ,0.086       ,-4.058      ,880.000     ,-0.829      ,15.210      ,-0.06581      ,15            ,1.318           ,0.000         ,-0.000              ,-0.409              ,23921.871       ,0.11495           ,0.13623               ,0.000         ,0.000         ,0.000         ,0.000         
17:01:25.815504     ,0.049       ,0.880       ,0.885       ,15.270      ,15.231      ,16.039      ,-0.815      ,-4.074      ,0.000       ,-0.158      ,-4.231      ,880.000     ,-0.815      ,15.224      ,-0.06680      ,2             ,0.176           ,0.000         ,-0.000              ,-0.404              ,23921.871       ,0.10747           ,0.13455               ,0.000         ,0.000         ,0.000         ,0.000         
17:01:25.823406     ,0.051       ,0.880       ,0.853       ,15.250      ,15.237      ,16.039      ,-0.807      ,-4.035      ,0.000       ,-0.127      ,-4.163      ,880.000     ,-0.807      ,15.231      ,-0.06788      ,2147483636    ,358.945         ,0.000         ,-0.000              ,-0.398              ,23921.871       ,0.09975           ,0.13254               ,0.000         ,0.000         ,0.000         ,0.000         
17:01:25.835437     ,0.051       ,0.880       ,0.869       ,15.250      ,15.245      ,16.039      ,-0.801      ,-4.006      ,0.000       ,-0.036      ,-4.042      ,880.000     ,-0.801      ,15.237      ,-0.06888      ,2147483623    ,357.803         ,0.000         ,-0.000              ,-0.391              ,23921.871       ,0.10737           ,0.13038               ,0.000         ,0.000         ,0.000         ,0.010         
17:01:25.843432     ,0.051       ,0.880       ,0.869       ,15.270      ,15.251      ,16.039      ,-0.801      ,-4.006      ,0.000       ,-0.036      ,-4.042      ,880.000     ,-0.801      ,15.237      ,-0.06972      ,2147483612    ,356.836         ,0.000         ,-0.000              ,-0.391              ,23921.871       ,0.10737           ,0.13038               ,0.000         ,0.000         ,0.000         ,0.010         
17:01:25.855032     ,0.049       ,0.880       ,0.869       ,15.300      ,15.258      ,16.039      ,-0.788      ,-3.902      ,0.000       ,-0.122      ,-3.787      ,880.000     ,-0.788      ,15.251      ,-0.07056      ,2147483601    ,355.869         ,0.000         ,-0.000              ,-0.384              ,23921.871       ,0.08434           ,0.12785               ,0.000         ,0.000         ,0.000         ,-0.006        
17:01:25.863555     ,0.051       ,0.880       ,0.869       ,15.330      ,15.271      ,16.039      ,-0.780      ,-3.902      ,0.000       ,-0.122      ,-4.024      ,880.000     ,-0.780      ,15.258      ,-0.07133      ,2147483591    ,354.990         ,0.000         ,-0.000              ,-0.375              ,23921.871       ,0.08438           ,0.12501               ,0.000         ,0.000         ,0.000         ,-0.006        
17:01:25.874660     ,0.051       ,0.880       ,0.869       ,15.310      ,15.280      ,16.039      ,-0.768      ,-3.840      ,0.000       ,0.102       ,-3.737      ,880.000     ,-0.768      ,15.271      ,-0.07202      ,2147483582    ,354.199         ,0.000         ,-0.000              ,-0.365              ,23921.871       ,0.07671           ,0.12179               ,0.000         ,0.000         ,0.000         ,0.005         
17:01:25.883497     ,0.049       ,0.880       ,0.869       ,15.340      ,15.293      ,16.039      ,-0.759      ,-3.794      ,0.000       ,-0.068      ,-3.863      ,880.000     ,-0.759      ,15.280      ,-0.07271      ,2147483573    ,353.408         ,0.000         ,-0.000              ,-0.355              ,23921.871       ,0.06904           ,0.11825               ,0.000         ,0.000         ,0.000         ,0.005         
17:01:25.895471     ,0.049       ,0.880       ,0.869       ,15.370      ,15.307      ,16.039      ,-0.746      ,-3.730      ,0.000       ,0.077       ,-3.653      ,880.000     ,-0.746      ,15.293      ,-0.07332      ,2147483565    ,352.705         ,0.000         ,-0.000              ,-0.343              ,23921.871       ,0.06902           ,0.11444               ,0.000         ,0.000         ,0.000         ,-0.003        
17:01:25.903478     ,0.051       ,0.880       ,0.853       ,15.390      ,15.320      ,16.039      ,-0.732      ,-3.659      ,0.000       ,0.024       ,-3.635      ,880.000     ,-0.732      ,15.307      ,-0.07386      ,2147483558    ,352.090         ,0.000         ,-0.000              ,-0.331              ,23921.871       ,0.06137           ,0.11039               ,0.000         ,0.000         ,0.000         ,-0.003        
17:01:25.915112     ,0.049       ,0.880       ,0.869       ,15.380      ,15.331      ,16.039      ,-0.718      ,-3.591      ,0.000       ,-0.006      ,-3.597      ,880.000     ,-0.718      ,15.320      ,-0.07432      ,2147483552    ,351.562         ,0.000         ,-0.000              ,-0.318              ,23921.871       ,0.05368           ,0.10602               ,0.000         ,0.000         ,0.000         ,-0.004        
17:01:25.923447     ,0.051       ,0.880       ,0.869       ,15.400      ,15.352      ,16.039      ,-0.708      ,-3.540      ,0.000       ,-0.073      ,-3.613      ,880.000     ,-0.708      ,15.331      ,-0.07470      ,2147483547    ,351.123         ,0.000         ,-0.000              ,-0.304              ,23921.871       ,0.04600           ,0.10140               ,0.000         ,0.000         ,0.000         ,-0.004        
17:01:25.933632     ,0.051       ,0.880       ,0.869       ,15.430      ,15.372      ,16.039      ,-0.687      ,-3.435      ,0.000       ,0.219       ,-3.216      ,880.000     ,-0.687      ,15.352      ,-0.07501      ,2147483543    ,350.771         ,0.000         ,-0.000              ,-0.290              ,23921.871       ,0.03837           ,0.09654               ,0.000         ,0.000         ,0.000         ,0.009         
17:01:25.943632     ,0.051       ,0.880       ,0.869       ,15.460      ,15.392      ,16.039      ,-0.647      ,-3.235      ,0.000       ,-0.026      ,-3.260      ,880.000     ,-0.647      ,15.392      ,-0.07524      ,2147483540    ,350.508         ,0.000         ,-0.000              ,-0.274              ,23921.871       ,0.03067           ,0.09126               ,0.000         ,0.000         ,0.000         ,0.009         
17:01:25.954557     ,0.051       ,0.880       ,0.853       ,15.460      ,15.392      ,16.039      ,-0.647      ,-3.235      ,0.000       ,-0.026      ,-3.260      ,880.000     ,-0.647      ,15.392      ,-0.07547      ,2147483537    ,350.244         ,0.000         ,-0.000              ,-0.258              ,23921.871       ,0.02299           ,0.08586               ,0.000         ,0.000         ,0.000         ,0.004         
17:01:25.963587     ,0.051       ,0.880       ,0.869       ,15.460      ,15.392      ,16.039      ,-0.647      ,-3.235      ,0.000       ,-0.387      ,-3.622      ,880.000     ,-0.647      ,15.392      ,-0.07555      ,2147483536    ,350.156         ,0.000         ,-0.000              ,-0.241              ,23921.871       ,0.02301           ,0.08034               ,0.000         ,0.000         ,0.000         ,0.004         
17:01:25.975375     ,0.049       ,0.880       ,0.869       ,15.530      ,15.418      ,16.039      ,-0.647      ,-3.235      ,0.000       ,0.000       ,-3.235      ,880.000     ,-0.647      ,15.392      ,-0.07555      ,2147483536    ,350.156         ,0.000         ,-0.000              ,-0.224              ,23921.871       ,0.00767           ,0.07462               ,0.000         ,0.000         ,0.000         ,0.004         
17:01:25.983723     ,0.051       ,0.880       ,0.885       ,15.690      ,15.470      ,16.039      ,-0.621      ,-3.103      ,0.000       ,0.528       ,-2.575      ,880.000     ,-0.621      ,15.418      ,-0.07555      ,2147483536    ,350.156         ,0.000         ,-0.000              ,-0.206              ,23921.871       ,0.00000           ,0.06872               ,0.000         ,0.000         ,0.000         ,0.004         
17:01:25.995292     ,0.051       ,0.880       ,0.885       ,15.860      ,15.540      ,16.039      ,-0.568      ,-2.842      ,0.000       ,0.514       ,-2.329      ,880.000     ,-0.568      ,15.470      ,-0.07547      ,2147483537    ,350.244         ,0.000         ,-0.000              ,-0.188              ,23921.871       ,0.00000           ,0.06267               ,0.000         ,0.000         ,0.000         ,-0.011        
17:01:26.003721     ,0.049       ,0.880       ,0.885       ,16.120      ,15.644      ,16.039      ,-0.498      ,-2.492      ,0.000       ,0.361       ,-2.131      ,880.000     ,-0.498      ,15.540      ,-0.07532      ,2147483539    ,350.420         ,0.000         ,-0.000              ,-0.169              ,23921.871       ,-0.00768          ,0.05649               ,0.000         ,0.000         ,0.000         ,-0.011        
17:01:26.014974     ,0.051       ,0.880       ,0.885       ,16.120      ,15.741      ,16.039      ,-0.297      ,-1.487      ,0.000       ,-0.152      ,-1.639      ,880.000     ,-0.297      ,15.741      ,-0.07509      ,2147483542    ,350.684         ,0.000         ,-0.000              ,-0.151              ,23921.871       ,-0.01531          ,0.05020               ,0.000         ,0.000         ,0.000         ,-0.004        
17:01:26.023658     ,0.049       ,0.880       ,0.885       ,16.130      ,15.841      ,16.039      ,-0.297      ,-1.487      ,0.000       ,-0.152      ,-1.639      ,880.000     ,-0.297      ,15.741      ,-0.07478      ,2147483546    ,351.035         ,0.000         ,-0.000              ,-0.131              ,23921.871       ,-0.02303          ,0.04382               ,0.000         ,0.000         ,0.000         ,-0.004        
17:01:26.033396     ,0.049       ,0.880       ,0.885       ,16.210      ,15.947      ,16.039      ,-0.198      ,-0.988      ,0.000       ,0.062       ,-0.926      ,880.000     ,-0.198      ,15.841      ,-0.07447      ,2147483550    ,351.387         ,0.200         ,-0.001              ,-0.112              ,23921.871       ,-0.03070          ,0.03736               ,0.000         ,0.000         ,0.000         ,-0.006        
17:01:26.043598     ,0.051       ,0.880       ,0.918       ,16.280      ,16.054      ,16.039      ,-0.091      ,-0.457      ,0.000       ,0.128       ,-0.329      ,880.000     ,-0.091      ,15.947      ,-0.07409      ,2147483555    ,351.826         ,0.400         ,-0.001              ,-0.093              ,23921.871       ,-0.03064          ,0.03095               ,0.000         ,0.000         ,0.000         ,-0.006        
17:01:26.053460     ,0.051       ,0.880       ,0.885       ,16.260      ,16.121      ,16.039      ,0.015       ,0.075       ,0.000       ,0.003       ,0.078       ,880.000     ,0.015       ,16.054      ,-0.07371      ,2147483560    ,352.266         ,0.600         ,-0.002              ,-0.074              ,23921.873       ,-0.03840          ,0.02458               ,0.000         ,0.000         ,0.000         ,-0.009        
17:01:26.063747     ,0.049       ,0.880       ,0.869       ,16.280      ,16.198      ,16.039      ,0.083       ,0.413       ,0.000       ,-0.775      ,-0.362      ,880.000     ,0.083       ,16.121      ,-0.07325      ,2147483566    ,352.793         ,0.800         ,-0.003              ,-0.055              ,23921.873       ,-0.03835          ,0.01825               ,0.000         ,0.000         ,0.000         ,-0.009        
17:01:26.073317     ,0.049       ,0.880       ,0.869       ,16.380      ,16.275      ,16.039      ,0.159       ,0.796       ,0.000       ,0.178       ,0.974       ,880.000     ,0.159       ,16.198      ,-0.07271      ,2147483573    ,353.408         ,1.000         ,-0.003              ,-0.055              ,23921.873       ,-0.03835          ,0.01825               ,0.000         ,0.000         ,0.000         ,-0.011        
17:01:26.090967     ,0.051       ,0.880       ,0.885       ,16.550      ,16.343      ,16.039      ,0.304       ,1.522       ,0.000       ,1.375       ,2.897       ,880.000     ,0.304       ,16.343      ,-0.07217      ,2147483580    ,354.023         ,1.000         ,-0.003              ,-0.036              ,23921.875       ,-0.04600          ,0.01206               ,0.000         ,0.000         ,0.000         ,-0.017        
17:01:26.093344     ,0.051       ,0.880       ,0.885       ,16.490      ,16.367      ,16.039      ,0.304       ,1.522       ,0.000       ,1.375       ,2.897       ,880.000     ,0.304       ,16.343      ,-0.07156      ,2147483588    ,354.727         ,1.000         ,-0.003              ,-0.036              ,23921.875       ,-0.04600          ,0.01206               ,0.000         ,0.000         ,0.000         ,-0.017        
17:01:26.111011     ,0.049       ,0.880       ,0.869       ,16.430      ,16.383      ,16.039      ,0.304       ,1.522       ,0.000       ,1.375       ,2.897       ,880.000     ,0.304       ,16.343      ,-0.07087      ,2147483597    ,355.518         ,1.000         ,-0.003              ,-0.018              ,23921.875       ,-0.05366          ,0.00599               ,0.000         ,0.000         ,0.000         ,-0.013        
17:01:26.113287     ,0.049       ,0.880       ,0.869       ,16.460      ,16.409      ,16.039      ,0.344       ,1.722       ,0.000       ,-2.106      ,-0.384      ,880.000     ,0.344       ,16.383      ,-0.07026      ,2147483605    ,356.221         ,1.000         ,-0.003              ,-0.018              ,23921.875       ,-0.05366          ,0.00599               ,0.000         ,0.000         ,0.000         ,-0.013        
17:01:26.131021     ,0.051       ,0.880       ,0.869       ,16.480      ,16.430      ,16.039      ,0.344       ,1.722       ,0.000       ,-2.106      ,-0.384      ,880.000     ,0.344       ,16.383      ,-0.06949      ,2147483615    ,357.100         ,1.000         ,-0.003              ,0.001               ,23921.875       ,-0.06918          ,-0.00020              ,0.000         ,0.000         ,0.000         ,-0.013        
17:01:26.133412     ,0.051       ,0.880       ,0.869       ,16.460      ,16.429      ,16.039      ,0.391       ,1.956       ,0.000       ,0.138       ,2.094       ,880.000     ,0.391       ,16.430      ,-0.06872      ,2147483625    ,357.979         ,1.000         ,-0.003              ,0.001               ,23921.875       ,-0.06918          ,-0.00020              ,0.000         ,0.000         ,0.000         ,-0.013        
17:01:26.149933     ,0.051       ,0.880       ,0.869       ,16.530      ,16.460      ,16.039      ,0.391       ,1.956       ,0.000       ,0.138       ,2.094       ,880.000     ,0.391       ,16.430      ,-0.06796      ,2147483635    ,358.857         ,1.000         ,-0.003              ,0.020               ,23921.875       ,-0.07675          ,-0.00650              ,0.000         ,0.000         ,0.000         ,-0.014        
17:01:26.153353     ,0.051       ,0.880       ,0.869       ,16.590      ,16.503      ,16.039      ,0.422       ,2.108       ,0.000       ,-0.331      ,1.777       ,880.000     ,0.422       ,16.460      ,-0.06711      ,2147483646    ,359.824         ,1.000         ,-0.003              ,0.020               ,23921.875       ,-0.07675          ,-0.00650              ,0.000         ,0.000         ,0.000         ,-0.014        
17:01:26.167697     ,0.049       ,0.880       ,0.869       ,16.590      ,16.525      ,16.039      ,0.422       ,2.108       ,0.000       ,-0.331      ,1.777       ,880.000     ,0.422       ,16.460      ,-0.06619      ,10            ,0.879           ,1.000         ,-0.003              ,0.038               ,23921.875       ,-0.07679          ,-0.01278              ,0.000         ,0.000         ,0.000         ,-0.013        
17:01:26.173300     ,0.049       ,0.880       ,0.869       ,16.550      ,16.528      ,16.039      ,0.486       ,2.430       ,0.000       ,0.683       ,3.113       ,880.000     ,0.486       ,16.525      ,-0.06527      ,22            ,1.934           ,1.000         ,-0.003              ,0.038               ,23921.875       ,-0.07679          ,-0.01278              ,0.000         ,0.000         ,0.000         ,-0.013        
17:01:26.186589     ,0.051       ,0.880       ,0.869       ,16.530      ,16.533      ,16.039      ,0.486       ,2.430       ,0.000       ,0.683       ,3.113       ,880.000     ,0.486       ,16.525      ,-0.06427      ,35            ,3.076           ,1.000         ,-0.003              ,0.057               ,23921.875       ,-0.09215          ,-0.01915              ,0.000         ,0.000         ,0.000         ,-0.013        
17:01:26.193351     ,0.049       ,0.880       ,0.869       ,16.510      ,16.528      ,16.039      ,0.495       ,2.473       ,0.000       ,-1.119      ,1.353       ,880.000     ,0.495       ,16.533      ,-0.06328      ,48            ,4.219           ,1.000         ,-0.003              ,0.077               ,23921.875       ,-0.09968          ,-0.02560              ,0.000         ,0.000         ,0.000         ,-0.013        
17:01:26.205412     ,0.049       ,0.880       ,0.885       ,16.530      ,16.524      ,16.039      ,0.489       ,2.445       ,0.000       ,-0.280      ,2.165       ,880.000     ,0.489       ,16.528      ,-0.06228      ,61            ,5.361           ,1.000         ,-0.003              ,0.096               ,23921.875       ,-0.09977          ,-0.03212              ,0.000         ,0.000         ,0.000         ,-0.014        
17:01:26.213292     ,0.049       ,0.880       ,0.885       ,16.560      ,16.530      ,16.039      ,0.491       ,2.456       ,0.000       ,0.156       ,2.612       ,880.000     ,0.491       ,16.530      ,-0.06121      ,75            ,6.592           ,1.000         ,-0.003              ,0.096               ,23921.875       ,-0.09977          ,-0.03212              ,0.000         ,0.000         ,0.000         ,-0.014        
17:01:26.223826     ,0.049       ,0.880       ,0.869       ,16.630      ,16.552      ,16.039      ,0.491       ,2.456       ,0.000       ,0.156       ,2.612       ,880.000     ,0.491       ,16.530      ,-0.06013      ,89            ,7.822           ,1.000         ,-0.003              ,0.116               ,23921.875       ,-0.10724          ,-0.03870              ,0.000         ,0.000         ,0.000         ,-0.014        
17:01:26.233293     ,0.049       ,0.880       ,0.869       ,16.650      ,16.570      ,16.039      ,0.532       ,2.658       ,0.000       ,-0.064      ,2.593       ,880.000     ,0.532       ,16.570      ,-0.05906      ,103           ,9.053           ,1.000         ,-0.003              ,0.136               ,23921.875       ,-0.10765          ,-0.04533              ,0.000         ,0.000         ,0.000         ,-0.014        
17:01:26.247694     ,0.049       ,0.880       ,0.869       ,16.620      ,16.580      ,16.039      ,0.532       ,2.658       ,0.000       ,-0.064      ,2.593       ,880.000     ,0.532       ,16.570      ,-0.05791      ,118           ,10.371          ,0.800         ,-0.003              ,0.136               ,23921.875       ,-0.10765          ,-0.04533              ,0.000         ,0.000         ,0.000         ,-0.008        
17:01:26.253391     ,0.049       ,0.880       ,0.853       ,16.590      ,16.582      ,16.039      ,0.532       ,2.658       ,0.000       ,-0.064      ,2.593       ,880.000     ,0.532       ,16.570      ,-0.05668      ,134           ,11.777          ,0.600         ,-0.002              ,0.156               ,23921.875       ,-0.10729          ,-0.05188              ,0.000         ,0.000         ,0.000         ,-0.008        
17:01:26.266497     ,0.049       ,0.880       ,0.869       ,16.570      ,16.582      ,16.039      ,0.543       ,2.717       ,0.000       ,-0.134      ,2.583       ,880.000     ,0.543       ,16.582      ,-0.05545      ,150           ,13.184          ,0.400         ,-0.001              ,0.175               ,23921.875       ,-0.12267          ,-0.05849              ,0.000         ,0.000         ,0.000         ,-0.015        
17:01:26.273346     ,0.049       ,0.880       ,0.869       ,16.590      ,16.582      ,16.039      ,0.543       ,2.717       ,0.000       ,-0.134      ,2.583       ,880.000     ,0.543       ,16.582      ,-0.05423      ,166           ,14.590          ,0.200         ,-0.001              ,0.175               ,23921.875       ,-0.12267          ,-0.05849              ,0.000         ,0.000         ,0.000         ,-0.015        
17:01:26.284045     ,0.051       ,0.880       ,0.869       ,16.590      ,16.583      ,16.039      ,0.543       ,2.717       ,0.000       ,-0.239      ,2.477       ,880.000     ,0.543       ,16.582      ,-0.05300      ,182           ,15.996          ,0.000         ,-0.000              ,0.195               ,23921.875       ,-0.12286          ,-0.06491              ,0.000         ,0.000         ,0.000         ,-0.013        
17:01:26.293303     ,0.049       ,0.880       ,0.885       ,16.610      ,16.593      ,16.039      ,0.545       ,2.724       ,0.000       ,0.032       ,2.756       ,880.000     ,0.545       ,16.583      ,-0.05170      ,199           ,17.490          ,0.000         ,-0.000              ,0.213               ,23921.875       ,-0.12265          ,-0.07105              ,0.000         ,0.000         ,0.000         ,-0.013        
17:01:26.303309     ,0.051       ,0.880       ,0.869       ,16.620      ,16.602      ,16.039      ,0.563       ,2.815       ,0.000       ,-0.012      ,2.804       ,880.000     ,0.563       ,16.602      ,-0.05039      ,216           ,18.984          ,0.000         ,-0.000              ,0.231               ,23921.875       ,-0.13031          ,-0.07708              ,0.000         ,0.000         ,0.000         ,-0.013        
17:01:26.313302     ,0.049       ,0.880       ,0.869       ,16.560      ,16.596      ,16.039      ,0.557       ,2.785       ,0.000       ,-0.300      ,2.485       ,880.000     ,0.557       ,16.596      ,-0.04909      ,233           ,20.479          ,0.000         ,-0.000              ,0.248               ,23921.875       ,-0.13047          ,-0.08277              ,0.000         ,0.000         ,0.000         ,-0.013        
17:01:26.323313     ,0.049       ,0.880       ,0.869       ,16.510      ,16.576      ,16.039      ,0.557       ,2.785       ,0.000       ,-0.300      ,2.485       ,880.000     ,0.557       ,16.596      ,-0.04771      ,251           ,22.061          ,0.000         ,-0.000              ,0.248               ,23921.875       ,-0.13047          ,-0.08277              ,0.000         ,0.000         ,0.000         ,-0.013        
17:01:26.340147     ,0.051       ,0.880       ,0.869       ,16.500      ,16.558      ,16.039      ,0.557       ,2.785       ,0.000       ,-0.300      ,2.485       ,880.000     ,0.557       ,16.596      ,-0.04771      ,251           ,22.061          ,0.000         ,-0.000              ,0.264               ,23921.875       ,-0.13043          ,-0.08808              ,0.000         ,0.000         ,0.000         ,-0.014        
17:01:26.343302     ,0.051       ,0.880       ,0.869       ,16.530      ,16.545      ,16.039      ,0.519       ,2.596       ,0.000       ,-0.631      ,1.965       ,880.000     ,0.519       ,16.558      ,-0.04487      ,288           ,25.312          ,0.000         ,-0.000              ,0.264               ,23921.875       ,-0.13043          ,-0.08808              ,0.000         ,0.000         ,0.000         ,-0.014        
17:01:26.358795     ,0.051       ,0.880       ,0.869       ,16.530      ,16.531      ,16.039      ,0.519       ,2.460       ,0.000       ,0.209       ,1.965       ,880.000     ,0.519       ,16.558      ,-0.04349      ,306           ,26.895          ,0.000         ,-0.000              ,0.279               ,23921.875       ,-0.13813          ,-0.09316              ,0.000         ,0.000         ,0.000         ,-0.014        
17:01:26.363286     ,0.051       ,0.880       ,0.869       ,16.530      ,16.526      ,16.039      ,0.492       ,2.460       ,0.000       ,0.209       ,2.669       ,880.000     ,0.492       ,16.531      ,-0.04203      ,325           ,28.564          ,0.000         ,-0.000              ,0.279               ,23921.875       ,-0.13813          ,-0.09316              ,0.000         ,0.000         ,0.000         ,-0.014        
17:01:26.376503     ,0.049       ,0.880       ,0.869       ,16.600      ,16.537      ,16.039      ,0.487       ,2.436       ,0.000       ,0.451       ,2.887       ,880.000     ,0.487       ,16.526      ,-0.04057      ,344           ,30.234          ,0.000         ,-0.000              ,0.308               ,23921.875       ,-0.14570          ,-0.10258              ,0.000         ,0.000         ,0.000         ,-0.013        
17:01:26.383294     ,0.049       ,0.880       ,0.869       ,16.610      ,16.546      ,16.039      ,0.487       ,2.436       ,0.000       ,0.451       ,2.887       ,880.000     ,0.487       ,16.526      ,-0.03912      ,363           ,31.904          ,0.000         ,-0.000              ,0.308               ,23921.875       ,-0.14570          ,-0.10258              ,0.000         ,0.000         ,0.000         ,-0.013        
17:01:26.396369     ,0.051       ,0.880       ,0.869       ,16.540      ,16.536      ,16.039      ,0.507       ,2.535       ,0.000       ,0.488       ,3.022       ,880.000     ,0.507       ,16.546      ,-0.03758      ,383           ,33.662          ,0.000         ,-0.000              ,0.321               ,23921.875       ,-0.14561          ,-0.10710              ,0.000         ,0.000         ,0.000         ,-0.013        
17:01:26.403308     ,0.051       ,0.880       ,0.869       ,16.510      ,16.532      ,16.039      ,0.498       ,2.490       ,0.000       ,-0.575      ,1.915       ,880.000     ,0.498       ,16.536      ,-0.03613      ,402           ,35.332          ,0.000         ,-0.000              ,0.334               ,23921.875       ,-0.15362          ,-0.11140              ,0.000         ,0.000         ,0.000         ,-0.013        
17:01:26.413993     ,0.051       ,0.880       ,0.869       ,16.570      ,16.545      ,16.039      ,0.493       ,2.465       ,0.000       ,0.083       ,2.548       ,880.000     ,0.493       ,16.532      ,-0.03459      ,422           ,37.090          ,0.000         ,-0.000              ,0.346               ,23921.875       ,-0.14570          ,-0.11540              ,0.000         ,0.000         ,0.000         ,-0.014        
17:01:26.423375     ,0.051       ,0.880       ,0.869       ,16.630      ,16.557      ,16.039      ,0.506       ,2.532       ,0.000       ,0.368       ,2.900       ,880.000     ,0.506       ,16.545      ,-0.03306      ,442           ,38.848          ,0.000         ,-0.000              ,0.358               ,23921.875       ,-0.15323          ,-0.11926              ,0.000         ,0.000         ,0.000         ,-0.014        
17:01:26.433681     ,0.049       ,0.880       ,0.885       ,16.630      ,16.566      ,16.039      ,0.519       ,2.593       ,0.000       ,-0.025      ,2.568       ,880.000     ,0.519       ,16.557      ,-0.03160      ,461           ,40.518          ,0.000         ,-0.000              ,0.369               ,23921.875       ,-0.15352          ,-0.12289              ,0.000         ,0.000         ,0.000         ,-0.014        
17:01:26.443298     ,0.049       ,0.880       ,0.869       ,16.610      ,16.581      ,16.039      ,0.528       ,2.638       ,0.000       ,-0.065      ,2.574       ,880.000     ,0.528       ,16.566      ,-0.03007      ,481           ,42.275          ,0.000         ,-0.000              ,0.379               ,23921.875       ,-0.14576          ,-0.12620              ,0.000         ,0.000         ,0.000         ,-0.014        
17:01:26.453475     ,0.049       ,0.880       ,0.869       ,16.620      ,16.598      ,16.039      ,0.543       ,2.713       ,0.000       ,0.120       ,2.834       ,880.000     ,0.543       ,16.581      ,-0.02846      ,502           ,44.121          ,0.000         ,-0.000              ,0.379               ,23921.875       ,-0.14576          ,-0.12620              ,0.000         ,0.000         ,0.000         ,-0.013        
17:01:26.463294     ,0.049       ,0.880       ,0.869       ,16.650      ,16.607      ,16.039      ,0.568       ,2.841       ,0.000       ,0.212       ,3.053       ,880.000     ,0.568       ,16.607      ,-0.02692      ,522           ,45.879          ,0.000         ,-0.000              ,0.388               ,23921.875       ,-0.15346          ,-0.12936              ,0.000         ,0.000         ,0.000         ,-0.013        
17:01:26.474238     ,0.049       ,0.880       ,0.869       ,16.600      ,16.599      ,16.039      ,0.568       ,2.841       ,0.000       ,0.212       ,3.053       ,880.000     ,0.568       ,16.607      ,-0.02539      ,542           ,47.637          ,0.000         ,-0.000              ,0.397               ,23921.875       ,-0.15349          ,-0.13228              ,0.000         ,0.000         ,0.000         ,-0.013        
17:01:26.483394     ,0.049       ,0.880       ,0.869       ,16.530      ,16.587      ,16.039      ,0.560       ,2.801       ,0.000       ,-0.671      ,2.130       ,880.000     ,0.560       ,16.599      ,-0.02385      ,562           ,49.395          ,0.000         ,-0.000              ,0.405               ,23921.875       ,-0.15338          ,-0.13499              ,0.000         ,0.000         ,0.000         ,-0.013        
17:01:26.495049     ,0.051       ,0.880       ,0.869       ,16.570      ,16.591      ,16.039      ,0.548       ,2.742       ,0.000       ,-0.077      ,2.665       ,880.000     ,0.548       ,16.587      ,-0.02232      ,582           ,51.152          ,0.000         ,-0.000              ,0.412               ,23921.875       ,-0.15308          ,-0.13741              ,0.000         ,0.000         ,0.000         ,-0.013        
17:01:26.503296     ,0.051       ,0.880       ,0.869       ,16.650      ,16.604      ,16.039      ,0.565       ,2.826       ,0.000       ,0.573       ,3.400       ,880.000     ,0.565       ,16.604      ,-0.02079      ,602           ,52.910          ,0.000         ,-0.000              ,0.412               ,23921.875       ,-0.15308          ,-0.13741              ,0.000         ,0.000         ,0.000         ,-0.013        
17:01:26.513659     ,0.051       ,0.880       ,0.869       ,16.620      ,16.598      ,16.039      ,0.565       ,2.826       ,0.000       ,0.573       ,3.400       ,880.000     ,0.565       ,16.604      ,-0.01925      ,622           ,54.668          ,0.000         ,-0.000              ,0.419               ,23921.875       ,-0.15335          ,-0.13957              ,0.000         ,0.000         ,0.000         ,-0.013        
17:01:26.523291     ,0.049       ,0.880       ,0.869       ,16.570      ,16.589      ,16.039      ,0.550       ,2.750       ,0.000       ,-0.053      ,2.696       ,880.000     ,0.550       ,16.589      ,-0.01772      ,642           ,56.426          ,0.000         ,-0.000              ,0.424               ,23921.875       ,-0.15332          ,-0.14141              ,0.000         ,0.000         ,0.000         ,-0.013        
17:01:26.533305     ,0.051       ,0.880       ,0.885       ,16.570      ,16.589      ,16.039      ,0.550       ,2.750       ,0.000       ,-0.053      ,2.696       ,880.000     ,0.550       ,16.589      ,-0.01618      ,662           ,58.184          ,0.000         ,-0.000              ,0.429               ,23921.875       ,-0.15352          ,-0.14309              ,0.000         ,0.000         ,0.000         ,-0.014        
17:01:26.543435     ,0.049       ,0.880       ,0.869       ,16.560      ,16.580      ,16.039      ,0.549       ,2.743       ,0.000       ,0.155       ,2.898       ,880.000     ,0.549       ,16.587      ,-0.01457      ,683           ,60.029          ,0.000         ,-0.000              ,0.434               ,23921.875       ,-0.15329          ,-0.14452              ,0.000         ,0.000         ,0.000         ,-0.014        
17:01:26.553420     ,0.049       ,0.880       ,0.869       ,16.550      ,16.560      ,16.039      ,0.541       ,2.706       ,0.000       ,-0.123      ,2.583       ,880.000     ,0.541       ,16.580      ,-0.01304      ,703           ,61.787          ,0.000         ,-0.000              ,0.434               ,23921.875       ,-0.15329          ,-0.14452              ,0.000         ,0.000         ,0.000         ,-0.013        
17:01:26.571024     ,0.049       ,0.880       ,0.869       ,16.530      ,16.549      ,16.039      ,0.541       ,2.706       ,0.000       ,-0.123      ,2.583       ,880.000     ,0.541       ,16.580      ,-0.01158      ,722           ,63.457          ,0.000         ,-0.000              ,0.438               ,23921.875       ,-0.16105          ,-0.14585              ,0.000         ,0.000         ,0.000         ,-0.014        
17:01:26.573363     ,0.049       ,0.880       ,0.869       ,16.530      ,16.547      ,16.039      ,0.510       ,2.550       ,0.000       ,-0.474      ,2.076       ,880.000     ,0.510       ,16.549      ,-0.01005      ,742           ,65.215          ,0.000         ,-0.000              ,0.438               ,23921.875       ,-0.16105          ,-0.14585              ,0.000         ,0.000         ,0.000         ,-0.014        
17:01:26.589750     ,0.051       ,0.880       ,0.885       ,16.530      ,16.545      ,16.039      ,0.510       ,2.532       ,0.000       ,0.551       ,2.076       ,880.000     ,0.510       ,16.549      ,-0.00851      ,762           ,66.973          ,0.000         ,-0.000              ,0.441               ,23921.875       ,-0.14592          ,-0.14698              ,0.000         ,0.000         ,0.000         ,-0.013        
17:01:26.593498     ,0.051       ,0.880       ,0.885       ,16.530      ,16.537      ,16.039      ,0.506       ,2.532       ,0.000       ,0.551       ,3.084       ,880.000     ,0.506       ,16.545      ,-0.00698      ,782           ,68.730          ,0.000         ,-0.000              ,0.441               ,23921.875       ,-0.14592          ,-0.14698              ,0.000         ,0.000         ,0.000         ,-0.013        
17:01:26.607427     ,0.051       ,0.880       ,0.853       ,16.490      ,16.522      ,16.039      ,0.506       ,2.532       ,0.000       ,0.551       ,3.084       ,880.000     ,0.506       ,16.545      ,-0.00545      ,802           ,70.488          ,0.000         ,-0.000              ,0.444               ,23921.875       ,-0.15311          ,-0.14794              ,0.000         ,0.000         ,0.000         ,-0.013        
17:01:26.613319     ,0.051       ,0.880       ,0.869       ,16.490      ,16.522      ,16.039      ,0.483       ,2.415       ,0.000       ,-0.399      ,2.016       ,880.000     ,0.483       ,16.522      ,-0.00391      ,822           ,72.246          ,0.000         ,-0.000              ,0.446               ,23921.875       ,-0.15338          ,-0.14875              ,0.000         ,0.000         ,0.000         ,-0.013        
17:01:26.625040     ,0.051       ,0.880       ,0.869       ,16.420      ,16.483      ,16.039      ,0.483       ,2.415       ,0.000       ,-0.399      ,2.016       ,880.000     ,0.483       ,16.522      ,-0.00238      ,842           ,74.004          ,0.000         ,-0.000              ,0.446               ,23921.875       ,-0.15338          ,-0.14875              ,0.000         ,0.000         ,0.000         ,-0.013        
17:01:26.633298     ,0.049       ,0.880       ,0.885       ,16.440      ,16.469      ,16.039      ,0.444       ,2.220       ,0.000       ,-0.307      ,1.913       ,880.000     ,0.444       ,16.483      ,-0.00092      ,861           ,75.674          ,0.000         ,-0.000              ,0.448               ,23921.875       ,-0.15362          ,-0.14944              ,0.000         ,0.000         ,0.000         ,-0.013        
17:01:26.643789     ,0.051       ,0.880       ,0.869       ,16.450      ,16.455      ,16.039      ,0.430       ,2.152       ,0.000       ,0.504       ,2.655       ,880.000     ,0.430       ,16.469      ,0.00061       ,881           ,77.432          ,0.000         ,-0.000              ,0.450               ,23921.875       ,-0.14570          ,-0.14992              ,0.000         ,0.000         ,0.000         ,-0.009        
17:01:26.653290     ,0.049       ,0.880       ,0.869       ,16.440      ,16.444      ,16.039      ,0.406       ,2.028       ,0.000       ,0.051       ,2.078       ,880.000     ,0.406       ,16.444      ,0.00215       ,901           ,79.189          ,0.000         ,-0.000              ,0.451               ,23921.875       ,-0.15337          ,-0.15032              ,0.000         ,0.000         ,0.000         ,-0.009        
17:01:26.663494     ,0.051       ,0.880       ,0.869       ,16.430      ,16.439      ,16.039      ,0.406       ,2.028       ,0.000       ,0.051       ,2.078       ,880.000     ,0.406       ,16.444      ,0.00360       ,920           ,80.859          ,0.000         ,-0.000              ,0.452               ,23921.875       ,-0.15334          ,-0.15067              ,0.000         ,0.000         ,0.000         ,-0.013        
17:01:26.673296     ,0.049       ,0.880       ,0.869       ,16.440      ,16.434      ,16.039      ,0.395       ,1.976       ,0.000       ,0.017       ,1.994       ,880.000     ,0.395       ,16.434      ,0.00514       ,940           ,82.617          ,0.000         ,-0.000              ,0.453               ,23921.875       ,-0.14579          ,-0.15085              ,0.000         ,0.000         ,0.000         ,-0.013        
17:01:26.684446     ,0.051       ,0.880       ,0.869       ,16.430      ,16.425      ,16.039      ,0.395       ,1.976       ,0.000       ,0.017       ,1.994       ,880.000     ,0.395       ,16.434      ,0.00660       ,959           ,84.287          ,0.000         ,-0.000              ,0.453               ,23921.875       ,-0.15354          ,-0.15100              ,0.000         ,0.000         ,0.000         ,-0.013        
17:01:26.693357     ,0.051       ,0.880       ,0.869       ,16.450      ,16.422      ,16.039      ,0.386       ,1.930       ,0.000       ,-0.091      ,1.839       ,880.000     ,0.386       ,16.425      ,0.00805       ,978           ,85.957          ,0.000         ,-0.000              ,0.453               ,23921.875       ,-0.14550          ,-0.15090              ,0.000         ,0.000         ,0.000         ,-0.013        
17:01:26.704182     ,0.051       ,0.880       ,0.869       ,16.450      ,16.424      ,16.039      ,0.383       ,1.916       ,0.000       ,0.128       ,2.044       ,880.000     ,0.383       ,16.422      ,0.00951       ,997           ,87.627          ,0.000         ,-0.000              ,0.452               ,23921.875       ,-0.14580          ,-0.15081              ,0.000         ,0.000         ,0.000         ,-0.014        
17:01:26.713368     ,0.051       ,0.880       ,0.869       ,16.510      ,16.441      ,16.039      ,0.386       ,1.929       ,0.000       ,0.109       ,2.038       ,880.000     ,0.386       ,16.424      ,0.01097       ,1016          ,89.297          ,0.000         ,-0.000              ,0.452               ,23921.875       ,-0.14579          ,-0.15063              ,0.000         ,0.000         ,0.000         ,-0.014        
17:01:26.723860     ,0.049       ,0.880       ,0.869       ,16.570      ,16.463      ,16.039      ,0.402       ,2.010       ,0.000       ,0.273       ,2.283       ,880.000     ,0.402       ,16.441      ,0.01243       ,1035          ,90.967          ,0.000         ,-0.000              ,0.451               ,23921.875       ,-0.14563          ,-0.15036              ,0.000         ,0.000         ,0.000         ,-0.013        
17:01:26.733282     ,0.051       ,0.880       ,0.885       ,16.590      ,16.487      ,16.039      ,0.448       ,2.242       ,0.000       ,0.043       ,2.285       ,880.000     ,0.448       ,16.487      ,0.01388       ,1054          ,92.637          ,0.000         ,-0.000              ,0.450               ,23921.875       ,-0.14589          ,-0.15001              ,0.000         ,0.000         ,0.000         ,-0.013        
17:01:26.743694     ,0.051       ,0.880       ,0.869       ,16.550      ,16.501      ,16.039      ,0.448       ,2.242       ,0.000       ,0.043       ,2.285       ,880.000     ,0.448       ,16.487      ,0.01534       ,1073          ,94.307          ,0.000         ,-0.000              ,0.449               ,23921.875       ,-0.14550          ,-0.14971              ,0.000         ,0.000         ,0.000         ,-0.013        
17:01:26.753292     ,0.049       ,0.880       ,0.853       ,16.560      ,16.521      ,16.039      ,0.482       ,2.412       ,0.000       ,0.137       ,2.549       ,880.000     ,0.482       ,16.521      ,0.01672       ,1091          ,95.889          ,0.000         ,-0.000              ,0.448               ,23921.875       ,-0.14586          ,-0.14934              ,0.000         ,0.000         ,0.000         ,-0.013        
17:01:26.763421     ,0.051       ,0.880       ,0.869       ,16.590      ,16.540      ,16.039      ,0.482       ,2.412       ,0.000       ,0.137       ,2.549       ,880.000     ,0.482       ,16.521      ,0.01818       ,1110          ,97.559          ,0.000         ,-0.000              ,0.446               ,23921.875       ,-0.13818          ,-0.14880              ,0.000         ,0.000         ,0.000         ,-0.013        
17:01:26.773298     ,0.049       ,0.880       ,0.869       ,16.610      ,16.555      ,16.039      ,0.516       ,2.582       ,0.000       ,-0.076      ,2.507       ,880.000     ,0.516       ,16.555      ,0.01956       ,1128          ,99.141          ,0.000         ,-0.000              ,0.445               ,23921.875       ,-0.14551          ,-0.14834              ,0.000         ,0.000         ,0.000         ,-0.013        
17:01:26.784237     ,0.049       ,0.880       ,0.885       ,16.620      ,16.570      ,16.039      ,0.531       ,2.657       ,0.000       ,-0.005      ,2.652       ,880.000     ,0.531       ,16.570      ,0.02094       ,1146          ,100.723         ,0.000         ,-0.000              ,0.443               ,23921.875       ,-0.13828          ,-0.14772              ,0.000         ,0.000         ,0.000         ,-0.013        
17:01:26.793332     ,0.051       ,0.880       ,0.869       ,16.630      ,16.591      ,16.039      ,0.531       ,2.657       ,0.000       ,-0.005      ,2.652       ,880.000     ,0.531       ,16.570      ,0.02232       ,1164          ,102.305         ,0.000         ,-0.000              ,0.441               ,23921.875       ,-0.13785          ,-0.14707              ,0.000         ,0.000         ,0.000         ,-0.013        
17:01:26.803285     ,0.049       ,0.880       ,0.885       ,16.630      ,16.605      ,16.039      ,0.567       ,2.833       ,0.000       ,-0.154      ,2.679       ,880.000     ,0.567       ,16.605      ,0.02362       ,1181          ,103.799         ,0.000         ,-0.000              ,0.439               ,23921.875       ,-0.13813          ,-0.14641              ,0.000         ,0.000         ,0.000         ,-0.014        
17:01:26.813363     ,0.049       ,0.880       ,0.853       ,16.610      ,16.607      ,16.039      ,0.567       ,2.833       ,0.000       ,-0.154      ,2.679       ,880.000     ,0.567       ,16.605      ,0.02500       ,1199          ,105.381         ,0.000         ,-0.000              ,0.437               ,23921.875       ,-0.13043          ,-0.14562              ,0.000         ,0.000         ,0.000         ,-0.014        
17:01:26.823379     ,0.049       ,0.880       ,0.853       ,16.610      ,16.606      ,16.039      ,0.568       ,2.842       ,0.000       ,-0.239      ,2.603       ,880.000     ,0.568       ,16.607      ,0.02631       ,1216          ,106.875         ,0.000         ,-0.000              ,0.437               ,23921.875       ,-0.13043          ,-0.14562              ,0.000         ,0.000         ,0.000         ,-0.015        
17:01:26.839674     ,0.049       ,0.880       ,0.869       ,16.620      ,16.608      ,16.039      ,0.568       ,2.842       ,0.000       ,-0.239      ,2.603       ,880.000     ,0.568       ,16.607      ,0.02761       ,1233          ,108.369         ,0.000         ,-0.000              ,0.434               ,23921.875       ,-0.13780          ,-0.14483              ,0.000         ,0.000         ,0.000         ,-0.014        
17:01:26.843361     ,0.049       ,0.880       ,0.869       ,16.610      ,16.607      ,16.039      ,0.569       ,2.847       ,0.000       ,-0.017      ,2.830       ,880.000     ,0.569       ,16.608      ,0.02884       ,1249          ,109.775         ,0.000         ,-0.000              ,0.434               ,23921.875       ,-0.13780          ,-0.14483              ,0.000         ,0.000         ,0.000         ,-0.014        
17:01:26.857412     ,0.051       ,0.880       ,0.869       ,16.630      ,16.610      ,16.039      ,0.569       ,2.847       ,0.000       ,-0.017      ,2.830       ,880.000     ,0.569       ,16.608      ,0.03014       ,1266          ,111.270         ,0.000         ,-0.000              ,0.432               ,23921.875       ,-0.13018          ,-0.14392              ,0.000         ,0.000         ,0.000         ,-0.013        
17:01:26.863319     ,0.051       ,0.880       ,0.869       ,16.660      ,16.619      ,16.039      ,0.571       ,2.855       ,0.000       ,0.014       ,2.869       ,880.000     ,0.571       ,16.610      ,0.03137       ,1282          ,112.676         ,0.000         ,-0.000              ,0.432               ,23921.875       ,-0.13018          ,-0.14392              ,0.000         ,0.000         ,0.000         ,-0.013        
17:01:26.876286     ,0.049       ,0.880       ,0.869       ,16.670      ,16.627      ,16.039      ,0.580       ,2.902       ,0.000       ,0.156       ,3.058       ,880.000     ,0.580       ,16.619      ,0.03260       ,1298          ,114.082         ,0.000         ,-0.000              ,0.425               ,23921.875       ,-0.12297          ,-0.14172              ,0.000         ,0.000         ,0.000         ,-0.014        
17:01:26.883288     ,0.049       ,0.880       ,0.869       ,16.650      ,16.628      ,16.039      ,0.580       ,2.902       ,0.000       ,0.156       ,3.058       ,880.000     ,0.580       ,16.619      ,0.03382       ,1314          ,115.488         ,0.000         ,-0.000              ,0.425               ,23921.875       ,-0.12297          ,-0.14172              ,0.000         ,0.000         ,0.000         ,-0.014        
17:01:26.895195     ,0.051       ,0.880       ,0.869       ,16.660      ,16.635      ,16.039      ,0.589       ,2.945       ,0.000       ,-0.017      ,2.928       ,880.000     ,0.589       ,16.628      ,0.03505       ,1330          ,116.895         ,0.000         ,-0.000              ,0.421               ,23921.875       ,-0.12270          ,-0.14047              ,0.000         ,0.000         ,0.000         ,-0.011        
17:01:26.903308     ,0.049       ,0.880       ,0.869       ,16.690      ,16.645      ,16.039      ,0.596       ,2.980       ,0.000       ,-0.032      ,2.949       ,880.000     ,0.596       ,16.635      ,0.03628       ,1346          ,118.301         ,0.000         ,-0.000              ,0.417               ,23921.875       ,-0.12277          ,-0.13907              ,0.000         ,0.000         ,0.000         ,-0.011        
17:01:26.913674     ,0.051       ,0.880       ,0.885       ,16.750      ,16.662      ,16.039      ,0.607       ,3.033       ,0.000       ,0.070       ,3.103       ,880.000     ,0.607       ,16.645      ,0.03743       ,1361          ,119.619         ,0.000         ,-0.000              ,0.413               ,23921.875       ,-0.12268          ,-0.13764              ,0.000         ,0.000         ,0.000         ,-0.011        
17:01:26.923297     ,0.051       ,0.880       ,0.869       ,16.750      ,16.677      ,16.039      ,0.623       ,3.117       ,0.000       ,0.127       ,3.244       ,880.000     ,0.623       ,16.662      ,0.03858       ,1376          ,120.938         ,0.000         ,-0.000              ,0.408               ,23921.875       ,-0.11505          ,-0.13608              ,0.000         ,0.000         ,0.000         ,-0.011        
17:01:26.933323     ,0.051       ,0.880       ,0.869       ,16.830      ,16.709      ,16.039      ,0.638       ,3.192       ,0.000       ,-0.039      ,3.153       ,880.000     ,0.638       ,16.677      ,0.03973       ,1391          ,122.256         ,0.000         ,-0.000              ,0.403               ,23921.875       ,-0.11496          ,-0.13442              ,0.000         ,0.000         ,0.000         ,-0.014        
17:01:26.943344     ,0.051       ,0.880       ,0.869       ,16.870      ,16.744      ,16.039      ,0.671       ,3.354       ,0.000       ,0.352       ,3.707       ,880.000     ,0.671       ,16.709      ,0.04080       ,1405          ,123.486         ,0.000         ,-0.000              ,0.398               ,23921.875       ,-0.11489          ,-0.13276              ,0.000         ,0.000         ,0.000         ,-0.014        
17:01:26.955388     ,0.049       ,0.880       ,0.885       ,16.850      ,16.768      ,16.039      ,0.705       ,3.525       ,0.000       ,0.032       ,3.557       ,880.000     ,0.705       ,16.744      ,0.04188       ,1419          ,124.717         ,0.000         ,-0.000              ,0.393               ,23921.875       ,-0.10756          ,-0.13091              ,0.000         ,0.000         ,0.000         ,-0.013        
17:01:26.963340     ,0.051       ,0.880       ,0.869       ,16.840      ,16.786      ,16.039      ,0.730       ,3.649       ,0.000       ,-0.188      ,3.461       ,880.000     ,0.730       ,16.768      ,0.04295       ,1433          ,125.947         ,0.000         ,-0.000              ,0.387               ,23921.875       ,-0.10740          ,-0.12899              ,0.000         ,0.000         ,0.000         ,-0.013        
17:01:26.974229     ,0.049       ,0.880       ,0.869       ,16.850      ,16.812      ,16.039      ,0.747       ,3.737       ,0.000       ,-0.142      ,3.595       ,880.000     ,0.747       ,16.786      ,0.04395       ,1446          ,127.090         ,0.000         ,-0.000              ,0.381               ,23921.875       ,-0.10738          ,-0.12701              ,0.000         ,0.000         ,0.000         ,-0.014        
17:01:26.983295     ,0.049       ,0.880       ,0.885       ,16.860      ,16.829      ,16.039      ,0.774       ,3.869       ,0.000       ,0.175       ,4.044       ,880.000     ,0.774       ,16.812      ,0.04495       ,1459          ,128.232         ,0.000         ,-0.000              ,0.375               ,23921.875       ,-0.09978          ,-0.12499              ,0.000         ,0.000         ,0.000         ,-0.014        
17:01:26.995078     ,0.049       ,0.880       ,0.853       ,16.830      ,16.835      ,16.039      ,0.790       ,3.952       ,0.000       ,-0.198      ,3.753       ,880.000     ,0.790       ,16.829      ,0.04594       ,1472          ,129.375         ,0.000         ,-0.000              ,0.369               ,23921.875       ,-0.09967          ,-0.12292              ,0.000         ,0.000         ,0.000         ,-0.014        
17:01:27.003316     ,0.049       ,0.880       ,0.869       ,16.800      ,16.838      ,16.039      ,0.796       ,3.980       ,0.000       ,-0.216      ,3.764       ,880.000     ,0.796       ,16.835      ,0.04686       ,1484          ,130.430         ,0.000         ,-0.000              ,0.362               ,23921.875       ,-0.09959          ,-0.12082              ,0.000         ,0.000         ,0.000         ,-0.014        
17:01:27.013620     ,0.049       ,0.880       ,0.869       ,16.800      ,16.838      ,16.039      ,0.799       ,3.996       ,0.000       ,-0.050      ,3.946       ,880.000     ,0.799       ,16.838      ,0.04778       ,1496          ,131.484         ,0.000         ,-0.000              ,0.356               ,23921.875       ,-0.09215          ,-0.11857              ,0.000         ,0.000         ,0.000         ,-0.014        
17:01:27.023287     ,0.049       ,0.880       ,0.869       ,16.810      ,16.830      ,16.039      ,0.799       ,3.995       ,0.000       ,-0.067      ,3.928       ,880.000     ,0.799       ,16.838      ,0.04863       ,1507          ,132.451         ,0.000         ,-0.000              ,0.349               ,23921.875       ,-0.09207          ,-0.11632              ,0.000         ,0.000         ,0.000         ,-0.014        
17:01:27.033281     ,0.051       ,0.880       ,0.869       ,16.790      ,16.813      ,16.039      ,0.792       ,3.959       ,0.000       ,-0.139      ,3.820       ,880.000     ,0.792       ,16.830      ,0.04939       ,1517          ,133.330         ,0.000         ,-0.000              ,0.342               ,23921.875       ,-0.08438          ,-0.11394              ,0.000         ,0.000         ,0.000         ,-0.014        
17:01:27.043282     ,0.049       ,0.880       ,0.869       ,16.790      ,16.800      ,16.039      ,0.775       ,3.873       ,0.000       ,-0.204      ,3.669       ,880.000     ,0.775       ,16.813      ,0.05016       ,1527          ,134.209         ,0.000         ,-0.000              ,0.334               ,23921.875       ,-0.07669          ,-0.11135              ,0.000         ,0.000         ,0.000         ,-0.014        
17:01:27.053274     ,0.049       ,0.880       ,0.869       ,16.770      ,16.789      ,16.039      ,0.762       ,3.808       ,0.000       ,0.088       ,3.896       ,880.000     ,0.762       ,16.800      ,0.05093       ,1537          ,135.088         ,0.000         ,-0.000              ,0.334               ,23921.875       ,-0.07669          ,-0.11135              ,0.000         ,0.000         ,0.000         ,-0.014        
17:01:27.063286     ,0.049       ,0.880       ,0.869       ,16.770      ,16.789      ,16.039      ,0.762       ,3.808       ,0.000       ,0.088       ,3.896       ,880.000     ,0.762       ,16.800      ,0.05162       ,1546          ,135.879         ,0.000         ,-0.000              ,0.326               ,23921.875       ,-0.07672          ,-0.10869              ,0.000         ,0.000         ,0.000         ,-0.014        
17:01:27.073293     ,0.049       ,0.880       ,0.869       ,16.750      ,16.766      ,16.039      ,0.740       ,3.701       ,0.000       ,-0.170      ,3.532       ,880.000     ,0.740       ,16.779      ,0.05231       ,1555          ,136.670         ,0.000         ,-0.000              ,0.326               ,23921.875       ,-0.07672          ,-0.10869              ,0.000         ,0.000         ,0.000         ,-0.014        
17:01:27.089034     ,0.051       ,0.880       ,0.869       ,16.730      ,16.757      ,16.039      ,0.740       ,3.593       ,0.000       ,-0.004      ,3.532       ,880.000     ,0.740       ,16.779      ,0.05285       ,1562          ,137.285         ,0.000         ,-0.000              ,0.318               ,23921.875       ,-0.06904          ,-0.10585              ,0.000         ,0.000         ,0.000         ,-0.015        
17:01:27.093366     ,0.051       ,0.880       ,0.869       ,16.680      ,16.741      ,16.039      ,0.719       ,3.593       ,0.000       ,-0.004      ,3.589       ,880.000     ,0.719       ,16.757      ,0.05346       ,1570          ,137.988         ,0.000         ,-0.000              ,0.318               ,23921.875       ,-0.06904          ,-0.10585              ,0.000         ,0.000         ,0.000         ,-0.015        
17:01:27.107580     ,0.051       ,0.880       ,0.869       ,16.690      ,16.731      ,16.039      ,0.719       ,3.593       ,0.000       ,-0.004      ,3.589       ,880.000     ,0.719       ,16.757      ,0.05392       ,1576          ,138.516         ,0.000         ,-0.000              ,0.308               ,23921.875       ,-0.05370          ,-0.10263              ,0.000         ,0.000         ,0.000         ,-0.010        
17:01:27.113322     ,0.049       ,0.880       ,0.869       ,16.710      ,16.722      ,16.039      ,0.693       ,3.463       ,0.000       ,-0.087      ,3.376       ,880.000     ,0.693       ,16.731      ,0.05438       ,1582          ,139.043         ,0.000         ,-0.000              ,0.297               ,23921.875       ,-0.04602          ,-0.09908              ,0.000         ,0.000         ,0.000         ,-0.010        
17:01:27.126392     ,0.051       ,0.880       ,0.885       ,16.710      ,16.712      ,16.039      ,0.683       ,3.416       ,0.000       ,0.331       ,3.747       ,880.000     ,0.683       ,16.722      ,0.05484       ,1588          ,139.570         ,0.000         ,-0.000              ,0.286               ,23921.875       ,-0.04599          ,-0.09526              ,0.000         ,0.000         ,0.000         ,-0.014        
17:01:27.133292     ,0.051       ,0.880       ,0.885       ,16.720      ,16.703      ,16.039      ,0.665       ,3.324       ,0.000       ,-0.178      ,3.147       ,880.000     ,0.665       ,16.703      ,0.05522       ,1593          ,140.010         ,0.000         ,-0.000              ,0.286               ,23921.875       ,-0.04599          ,-0.09526              ,0.000         ,0.000         ,0.000         ,-0.014        
17:01:27.145237     ,0.051       ,0.880       ,0.869       ,16.710      ,16.701      ,16.039      ,0.665       ,3.324       ,0.000       ,-0.178      ,3.147       ,880.000     ,0.665       ,16.703      ,0.05561       ,1598          ,140.449         ,0.000         ,-0.000              ,0.273               ,23921.875       ,-0.03835          ,-0.09110              ,0.000         ,0.000         ,0.000         ,-0.014        
17:01:27.153300     ,0.049       ,0.880       ,0.869       ,16.680      ,16.691      ,16.039      ,0.653       ,3.265       ,0.000       ,-0.129      ,3.135       ,880.000     ,0.653       ,16.691      ,0.05584       ,1601          ,140.713         ,0.000         ,-0.000              ,0.260               ,23921.875       ,-0.03834          ,-0.08676              ,0.000         ,0.000         ,0.000         ,-0.014        
17:01:27.163882     ,0.049       ,0.880       ,0.869       ,16.680      ,16.684      ,16.039      ,0.653       ,3.227       ,0.000       ,0.034       ,3.135       ,880.000     ,0.653       ,16.691      ,0.05607       ,1604          ,140.977         ,0.000         ,-0.000              ,0.246               ,23921.875       ,-0.02301          ,-0.08203              ,0.000         ,0.000         ,0.000         ,-0.013        
17:01:27.173297     ,0.049       ,0.880       ,0.869       ,16.680      ,16.682      ,16.039      ,0.643       ,3.215       ,0.000       ,0.102       ,3.317       ,880.000     ,0.643       ,16.682      ,0.05630       ,1607          ,141.240         ,0.000         ,-0.000              ,0.231               ,23921.875       ,-0.02301          ,-0.07709              ,0.000         ,0.000         ,0.000         ,-0.013        
17:01:27.183712     ,0.051       ,0.880       ,0.885       ,16.690      ,16.681      ,16.039      ,0.643       ,3.215       ,0.000       ,0.102       ,3.317       ,880.000     ,0.643       ,16.682      ,0.05645       ,1609          ,141.416         ,0.000         ,-0.000              ,0.216               ,23921.875       ,-0.02302          ,-0.07208              ,0.000         ,0.000         ,0.000         ,-0.014        
17:01:27.193298     ,0.049       ,0.880       ,0.869       ,16.690      ,16.682      ,16.039      ,0.643       ,3.217       ,0.000       ,0.020       ,3.237       ,880.000     ,0.643       ,16.682      ,0.05653       ,1610          ,141.504         ,0.000         ,-0.000              ,0.201               ,23921.875       ,-0.01533          ,-0.06691              ,0.000         ,0.000         ,0.000         ,-0.014        
17:01:27.203423     ,0.051       ,0.880       ,0.885       ,16.690      ,16.685      ,16.039      ,0.643       ,3.217       ,0.000       ,0.020       ,3.237       ,880.000     ,0.643       ,16.682      ,0.05660       ,1611          ,141.592         ,0.000         ,-0.000              ,0.185               ,23921.875       ,-0.00767          ,-0.06159              ,0.000         ,0.000         ,0.000         ,-0.013        
17:01:27.213314     ,0.049       ,0.880       ,0.869       ,16.690      ,16.685      ,16.039      ,0.646       ,3.232       ,0.000       ,0.045       ,3.277       ,880.000     ,0.646       ,16.685      ,0.05668       ,1612          ,141.680         ,0.000         ,-0.000              ,0.169               ,23921.875       ,-0.00767          ,-0.05638              ,0.000         ,0.000         ,0.000         ,-0.013        
17:01:27.224202     ,0.049       ,0.880       ,0.869       ,16.680      ,16.684      ,16.039      ,0.651       ,3.253       ,0.000       ,0.024       ,3.276       ,880.000     ,0.651       ,16.689      ,0.05668       ,1612          ,141.680         ,0.000         ,-0.000              ,0.154               ,23921.875       ,-0.00767          ,-0.05137              ,0.000         ,0.000         ,0.000         ,-0.013        
17:01:27.233303     ,0.051       ,0.880       ,0.869       ,16.400      ,16.632      ,16.039      ,0.645       ,3.226       ,0.000       ,-0.191      ,3.035       ,880.000     ,0.645       ,16.684      ,0.05668       ,1612          ,141.680         ,0.000         ,-0.000              ,0.139               ,23921.875       ,0.00000           ,-0.04643              ,0.000         ,0.000         ,0.000         ,-0.013        
17:01:27.245356     ,0.051       ,0.880       ,0.869       ,16.280      ,16.574      ,16.039      ,0.593       ,2.677       ,0.000       ,-0.113      ,2.032       ,880.000     ,0.593       ,16.632      ,0.05660       ,1611          ,141.592         ,0.000         ,-0.000              ,0.125               ,23921.875       ,0.00000           ,-0.04165              ,0.000         ,0.000         ,0.000         ,-0.010        
17:01:27.253307     ,0.051       ,0.880       ,0.885       ,16.250      ,16.518      ,16.039      ,0.480       ,2.399       ,0.000       ,0.042       ,2.441       ,880.000     ,0.480       ,16.518      ,0.05653       ,1610          ,141.504         ,0.000         ,-0.000              ,0.111               ,23921.875       ,0.00767           ,-0.03690              ,0.000         ,0.000         ,0.000         ,-0.010        
17:01:27.264189     ,0.051       ,0.880       ,0.885       ,16.260      ,16.454      ,16.039      ,0.480       ,2.399       ,0.000       ,0.042       ,2.441       ,880.000     ,0.480       ,16.518      ,0.05637       ,1608          ,141.328         ,0.000         ,-0.000              ,0.097               ,23921.873       ,0.00767           ,-0.03240              ,0.000         ,0.000         ,0.000         ,-0.009        
17:01:27.273294     ,0.049       ,0.880       ,0.869       ,16.210      ,16.374      ,16.039      ,0.335       ,1.677       ,0.000       ,-0.299      ,1.378       ,880.000     ,0.335       ,16.374      ,0.05630       ,1607          ,141.240         ,0.000         ,-0.000              ,0.084               ,23921.873       ,0.01535           ,-0.02800              ,0.000         ,0.000         ,0.000         ,-0.009        
17:01:27.283509     ,0.051       ,0.880       ,0.885       ,16.160      ,16.319      ,16.039      ,0.335       ,1.402       ,0.000       ,0.496       ,1.378       ,880.000     ,0.335       ,16.374      ,0.05614       ,1605          ,141.064         ,-0.200        ,0.001               ,0.071               ,23921.873       ,0.00767           ,-0.02380              ,0.000         ,0.000         ,0.000         ,-0.008        
17:01:27.300667     ,0.049       ,0.880       ,0.885       ,16.200      ,16.272      ,16.039      ,0.280       ,1.402       ,0.000       ,0.496       ,1.898       ,880.000     ,0.280       ,16.319      ,0.05599       ,1603          ,140.889         ,-0.400        ,0.001               ,0.059               ,23921.873       ,0.01532           ,-0.01977              ,0.000         ,0.000         ,0.000         ,-0.006        
17:01:27.303307     ,0.049       ,0.880       ,0.885       ,16.220      ,16.224      ,16.039      ,0.233       ,1.167       ,0.000       ,0.157       ,1.324       ,880.000     ,0.233       ,16.272      ,0.05584       ,1601          ,140.713         ,-0.600        ,0.002               ,0.059               ,23921.873       ,0.01532           ,-0.01977              ,0.000         ,0.000         ,0.000         ,-0.006        
17:01:27.319466     ,0.051       ,0.880       ,0.869       ,16.120      ,16.163      ,16.039      ,0.185       ,0.925       ,0.000       ,-0.027      ,0.898       ,880.000     ,0.185       ,16.224      ,0.05576       ,1600          ,140.625         ,-0.800        ,0.003               ,0.037               ,23921.873       ,0.01534           ,-0.01245              ,0.000         ,0.000         ,0.000         ,-0.005        
17:01:27.323312     ,0.051       ,0.880       ,0.869       ,16.060      ,16.124      ,16.039      ,0.125       ,0.624       ,0.000       ,-0.236      ,0.388       ,880.000     ,0.125       ,16.163      ,0.05561       ,1598          ,140.449         ,-1.000        ,0.003               ,0.037               ,23921.873       ,0.01534           ,-0.01245              ,0.000         ,0.000         ,0.000         ,-0.005        
17:01:27.338356     ,0.049       ,0.880       ,0.869       ,16.040      ,16.110      ,16.039      ,0.086       ,0.428       ,0.000       ,0.420       ,0.848       ,880.000     ,0.086       ,16.124      ,0.05545       ,1596          ,140.273         ,-1.000        ,0.003               ,0.019               ,23921.871       ,0.01535           ,-0.00621              ,0.000         ,0.000         ,0.000         ,-0.005        
17:01:27.343292     ,0.049       ,0.880       ,0.869       ,16.090      ,16.105      ,16.039      ,0.071       ,0.355       ,0.000       ,0.493       ,0.849       ,880.000     ,0.071       ,16.110      ,0.05530       ,1594          ,140.098         ,-1.000        ,0.003               ,0.019               ,23921.871       ,0.01535           ,-0.00621              ,0.000         ,0.000         ,0.000         ,-0.005        
17:01:27.357172     ,0.049       ,0.880       ,0.869       ,16.090      ,16.105      ,16.039      ,0.067       ,0.333       ,0.000       ,0.200       ,0.532       ,880.000     ,0.067       ,16.105      ,0.05515       ,1592          ,139.922         ,-1.000        ,0.003               ,0.003               ,23921.871       ,0.01534           ,-0.00097              ,0.000         ,0.000         ,0.000         ,-0.005        
17:01:27.363390     ,0.049       ,0.880       ,0.869       ,16.060      ,16.092      ,16.039      ,0.057       ,0.286       ,0.000       ,-0.097      ,0.189       ,880.000     ,0.057       ,16.096      ,0.05499       ,1590          ,139.746         ,-1.000        ,0.003               ,-0.004              ,23921.871       ,0.01534           ,0.00125               ,0.000         ,0.000         ,0.000         ,-0.005        
17:01:27.376040     ,0.049       ,0.880       ,0.869       ,16.070      ,16.089      ,16.039      ,0.053       ,0.267       ,0.000       ,0.111       ,0.378       ,880.000     ,0.053       ,16.092      ,0.05492       ,1589          ,139.658         ,-1.000        ,0.003               ,-0.009              ,23921.871       ,0.01533           ,0.00313               ,0.000         ,0.000         ,0.000         ,-0.003        
17:01:27.383372     ,0.049       ,0.880       ,0.869       ,16.060      ,16.078      ,16.039      ,0.050       ,0.251       ,0.000       ,0.014       ,0.265       ,880.000     ,0.050       ,16.089      ,0.05476       ,1587          ,139.482         ,-1.000        ,0.003               ,-0.014              ,23921.871       ,0.00768           ,0.00473               ,0.000         ,0.000         ,0.000         ,-0.003        
17:01:27.396067     ,0.049       ,0.880       ,0.885       ,15.980      ,16.044      ,16.039      ,0.039       ,0.197       ,0.000       ,-0.154      ,0.043       ,880.000     ,0.039       ,16.078      ,0.05469       ,1586          ,139.395         ,-1.000        ,0.003               ,-0.018              ,23921.871       ,0.01533           ,0.00609               ,0.000         ,0.000         ,0.000         ,-0.001        
17:01:27.403320     ,0.049       ,0.880       ,0.869       ,15.980      ,16.044      ,16.039      ,0.005       ,0.027       ,0.000       ,-0.572      ,-0.572      ,880.000     ,0.005       ,16.044      ,0.05453       ,1584          ,139.219         ,-1.000        ,0.003               ,-0.021              ,23921.871       ,0.00767           ,0.00714               ,0.000         ,0.000         ,0.000         ,-0.001        
17:01:27.414694     ,0.051       ,0.880       ,0.869       ,16.020      ,16.014      ,16.039      ,-0.022      ,-0.108      ,0.000       ,0.143       ,0.035       ,880.000     ,-0.022      ,16.017      ,0.05446       ,1583          ,139.131         ,-1.000        ,0.003               ,-0.024              ,23921.871       ,0.01534           ,0.00802               ,0.000         ,0.000         ,0.000         ,-0.004        
17:01:27.423293     ,0.051       ,0.880       ,0.853       ,16.040      ,16.012      ,16.039      ,-0.027      ,-0.134      ,0.000       ,0.020       ,-0.114      ,880.000     ,-0.027      ,16.012      ,0.05438       ,1582          ,139.043         ,-1.000        ,0.003               ,-0.026              ,23921.871       ,0.00767           ,0.00877               ,0.000         ,0.000         ,0.000         ,-0.004        
17:01:27.433397     ,0.051       ,0.880       ,0.885       ,16.040      ,16.012      ,16.039      ,-0.027      ,-0.134      ,0.000       ,0.020       ,-0.114      ,880.000     ,-0.027      ,16.012      ,0.05430       ,1581          ,138.955         ,-1.000        ,0.003               ,-0.028              ,23921.871       ,0.00768           ,0.00930               ,0.000         ,0.000         ,0.000         ,-0.003        
17:01:27.443290     ,0.049       ,0.880       ,0.869       ,16.010      ,16.009      ,16.039      ,-0.029      ,-0.146      ,0.000       ,0.199       ,0.053       ,880.000     ,-0.029      ,16.009      ,0.05423       ,1580          ,138.867         ,-1.000        ,0.003               ,-0.029              ,23921.871       ,0.00767           ,0.00963               ,0.000         ,0.000         ,0.000         ,-0.003        
17:01:27.454193     ,0.051       ,0.880       ,0.869       ,16.010      ,16.012      ,16.039      ,-0.029      ,-0.146      ,0.000       ,0.199       ,0.053       ,880.000     ,-0.029      ,16.009      ,0.05415       ,1579          ,138.779         ,-1.000        ,0.003               ,-0.029              ,23921.871       ,0.00767           ,0.00980               ,0.000         ,0.000         ,0.000         ,-0.003        
17:01:27.463380     ,0.049       ,0.880       ,0.820       ,15.980      ,15.999      ,16.039      ,-0.026      ,-0.131      ,0.000       ,-0.014      ,-0.146      ,880.000     ,-0.026      ,16.012      ,0.05415       ,1579          ,138.779         ,-1.000        ,0.003               ,-0.029              ,23921.871       ,0.00767           ,0.00982               ,0.000         ,0.000         ,0.000         ,-0.003        
17:01:27.473860     ,0.049       ,0.880       ,0.869       ,15.950      ,15.983      ,16.039      ,-0.040      ,-0.198      ,0.000       ,-0.328      ,-0.526      ,880.000     ,-0.040      ,15.999      ,0.05407       ,1578          ,138.691         ,-1.000        ,0.003               ,-0.029              ,23921.871       ,0.00000           ,0.00961               ,0.000         ,0.000         ,0.000         ,-0.003        
17:01:27.483358     ,0.051       ,0.880       ,0.853       ,15.960      ,15.978      ,16.039      ,-0.056      ,-0.278      ,0.000       ,-0.049      ,-0.327      ,880.000     ,-0.056      ,15.983      ,0.05407       ,1578          ,138.691         ,-1.000        ,0.003               ,-0.028              ,23921.871       ,0.00767           ,0.00944               ,0.000         ,0.000         ,0.000         ,-0.003        
17:01:27.495846     ,0.051       ,0.880       ,0.869       ,16.030      ,15.987      ,16.039      ,-0.060      ,-0.302      ,0.000       ,0.220       ,-0.082      ,880.000     ,-0.060      ,15.978      ,0.05407       ,1578          ,138.691         ,-1.000        ,0.003               ,-0.027              ,23921.871       ,0.00000           ,0.00906               ,0.000         ,0.000         ,0.000         ,-0.003        
17:01:27.503346     ,0.051       ,0.880       ,0.869       ,16.030      ,15.989      ,16.039      ,-0.052      ,-0.260      ,0.000       ,0.266       ,0.006       ,880.000     ,-0.052      ,15.987      ,0.05407       ,1578          ,138.691         ,-1.000        ,0.003               ,-0.026              ,23921.871       ,0.00000           ,0.00862               ,0.000         ,0.000         ,0.000         ,-0.003        
17:01:27.513553     ,0.049       ,0.880       ,0.869       ,16.030      ,15.993      ,16.039      ,-0.050      ,-0.248      ,0.000       ,-0.121      ,-0.369      ,880.000     ,-0.050      ,15.989      ,0.05407       ,1578          ,138.691         ,-1.000        ,0.003               ,-0.024              ,23921.871       ,0.00000           ,0.00802               ,0.000         ,0.000         ,0.000         ,-0.003        
17:01:27.523295     ,0.049       ,0.880       ,0.869       ,16.060      ,16.005      ,16.039      ,-0.033      ,-0.167      ,0.000       ,0.169       ,0.001       ,880.000     ,-0.033      ,16.005      ,0.05407       ,1578          ,138.691         ,-1.000        ,0.003               ,-0.022              ,23921.871       ,0.00000           ,0.00739               ,0.000         ,0.000         ,0.000         ,-0.003        
17:01:27.533351     ,0.051       ,0.880       ,0.869       ,16.150      ,16.030      ,16.039      ,-0.033      ,-0.167      ,0.000       ,0.169       ,0.001       ,880.000     ,-0.033      ,16.005      ,0.05407       ,1578          ,138.691         ,-0.800        ,0.003               ,-0.020              ,23921.871       ,0.00000           ,0.00674               ,0.000         ,0.000         ,0.000         ,0.000         
17:01:27.543292     ,0.049       ,0.880       ,0.869       ,16.160      ,16.046      ,16.039      ,0.007       ,0.035       ,0.000       ,-0.337      ,-0.337      ,880.000     ,0.007       ,16.046      ,0.05407       ,1578          ,138.691         ,-0.600        ,0.002               ,-0.018              ,23921.871       ,0.00000           ,0.00608               ,0.000         ,0.000         ,0.000         ,0.000         
17:01:27.556151     ,0.051       ,0.880       ,0.853       ,16.180      ,16.072      ,16.039      ,0.007       ,0.165       ,0.000       ,0.215       ,-0.337      ,880.000     ,0.007       ,16.046      ,0.05407       ,1578          ,138.691         ,-0.400        ,0.001               ,-0.016              ,23921.871       ,0.00000           ,0.00539               ,0.000         ,0.000         ,0.000         ,0.000         
17:01:27.563299     ,0.049       ,0.880       ,0.869       ,16.220      ,16.110      ,16.039      ,0.071       ,0.356       ,0.000       ,0.246       ,0.602       ,880.000     ,0.071       ,16.110      ,0.05407       ,1578          ,138.691         ,-0.200        ,0.001               ,-0.014              ,23921.871       ,0.00000           ,0.00470               ,0.000         ,0.000         ,0.000         ,0.000         
17:01:27.578036     ,0.051       ,0.880       ,0.885       ,16.260      ,16.151      ,16.039      ,0.071       ,0.356       ,0.000       ,0.246       ,0.602       ,880.000     ,0.071       ,16.110      ,0.05407       ,1578          ,138.691         ,0.000         ,-0.000              ,-0.012              ,23921.871       ,0.00000           ,0.00411               ,0.000         ,0.000         ,0.000         ,-0.003        
17:01:27.583323     ,0.049       ,0.880       ,0.869       ,16.240      ,16.174      ,16.039      ,0.113       ,0.564       ,0.000       ,0.065       ,0.629       ,880.000     ,0.113       ,16.151      ,0.05407       ,1578          ,138.691         ,0.000         ,-0.000              ,-0.010              ,23921.871       ,0.00000           ,0.00349               ,0.000         ,0.000         ,0.000         ,-0.003        
17:01:27.596832     ,0.051       ,0.880       ,0.885       ,16.200      ,16.193      ,16.039      ,0.136       ,0.679       ,0.000       ,-0.372      ,0.307       ,880.000     ,0.136       ,16.174      ,0.05407       ,1578          ,138.691         ,0.000         ,-0.000              ,-0.009              ,23921.871       ,0.00000           ,0.00297               ,0.000         ,0.000         ,0.000         ,0.000         
17:01:27.603330     ,0.049       ,0.880       ,0.869       ,16.190      ,16.207      ,16.039      ,0.154       ,0.771       ,0.000       ,-0.091      ,0.680       ,880.000     ,0.154       ,16.193      ,0.05407       ,1578          ,138.691         ,0.000         ,-0.000              ,-0.008              ,23921.871       ,0.00000           ,0.00252               ,0.000         ,0.000         ,0.000         ,0.000         
17:01:27.615694     ,0.049       ,0.880       ,0.885       ,16.150      ,16.206      ,16.039      ,0.169       ,0.844       ,0.000       ,-0.074      ,0.770       ,880.000     ,0.169       ,16.207      ,0.05407       ,1578          ,138.691         ,0.000         ,-0.000              ,-0.006              ,23921.871       ,0.00000           ,0.00215               ,0.000         ,0.000         ,0.000         ,0.000         
17:01:27.623303     ,0.049       ,0.880       ,0.869       ,16.140      ,16.195      ,16.039      ,0.168       ,0.839       ,0.000       ,-0.316      ,0.523       ,880.000     ,0.168       ,16.206      ,0.05407       ,1578          ,138.691         ,0.000         ,-0.000              ,-0.005              ,23921.871       ,0.00000           ,0.00182               ,0.000         ,0.000         ,0.000         ,0.000         
17:01:27.634425     ,0.051       ,0.880       ,0.869       ,16.160      ,16.186      ,16.039      ,0.156       ,0.780       ,0.000       ,-0.214      ,0.566       ,880.000     ,0.156       ,16.195      ,0.05407       ,1578          ,138.691         ,0.000         ,-0.000              ,-0.005              ,23921.871       ,0.00000           ,0.00155               ,0.000         ,0.000         ,0.000         ,-0.003        
17:01:27.643294     ,0.051       ,0.880       ,0.869       ,16.160      ,16.177      ,16.039      ,0.138       ,0.691       ,0.000       ,-0.012      ,0.679       ,880.000     ,0.138       ,16.177      ,0.05407       ,1578          ,138.691         ,0.000         ,-0.000              ,-0.004              ,23921.871       ,0.00000           ,0.00132               ,0.000         ,0.000         ,0.000         ,-0.003        
17:01:27.653373     ,0.049       ,0.880       ,0.836       ,16.200      ,16.169      ,16.039      ,0.138       ,0.691       ,0.000       ,-0.012      ,0.679       ,880.000     ,0.138       ,16.177      ,0.05407       ,1578          ,138.691         ,0.000         ,-0.000              ,-0.003              ,23921.871       ,0.00000           ,0.00112               ,0.000         ,0.000         ,0.000         ,-0.004        
17:01:27.663299     ,0.051       ,0.880       ,0.885       ,16.210      ,16.167      ,16.039      ,0.128       ,0.640       ,0.000       ,0.096       ,0.736       ,880.000     ,0.128       ,16.167      ,0.05407       ,1578          ,138.691         ,0.000         ,-0.000              ,-0.003              ,23921.871       ,0.00000           ,0.00095               ,0.000         ,0.000         ,0.000         ,-0.004        
17:01:27.675270     ,0.049       ,0.880       ,0.869       ,16.200      ,16.164      ,16.039      ,0.128       ,0.640       ,0.000       ,0.096       ,0.736       ,880.000     ,0.128       ,16.167      ,0.05407       ,1578          ,138.691         ,0.000         ,-0.000              ,-0.002              ,23921.871       ,0.00000           ,0.00081               ,0.000         ,0.000         ,0.000         ,-0.004        
17:01:27.683362     ,0.051       ,0.880       ,0.853       ,16.190      ,16.163      ,16.039      ,0.126       ,0.629       ,0.000       ,0.009       ,0.637       ,880.000     ,0.126       ,16.164      ,0.05407       ,1578          ,138.691         ,0.000         ,-0.000              ,-0.002              ,23921.871       ,0.00000           ,0.00069               ,0.000         ,0.000         ,0.000         ,-0.004        
17:01:27.696139     ,0.051       ,0.880       ,0.869       ,16.180      ,16.168      ,16.039      ,0.124       ,0.621       ,0.000       ,0.013       ,0.634       ,880.000     ,0.124       ,16.163      ,0.05407       ,1578          ,138.691         ,0.000         ,-0.000              ,-0.002              ,23921.871       ,0.00000           ,0.00058               ,0.000         ,0.000         ,0.000         ,-0.014        
17:01:27.703371     ,0.049       ,0.880       ,0.869       ,16.160      ,16.169      ,16.039      ,0.129       ,0.646       ,0.000       ,0.134       ,0.780       ,880.000     ,0.129       ,16.168      ,0.05407       ,1578          ,138.691         ,0.000         ,-0.000              ,-0.001              ,23921.871       ,0.00000           ,0.00050               ,0.000         ,0.000         ,0.000         ,-0.014        
17:01:27.714845     ,0.049       ,0.880       ,0.869       ,16.180      ,16.175      ,16.039      ,0.130       ,0.650       ,0.000       ,-0.085      ,0.565       ,880.000     ,0.130       ,16.169      ,0.05407       ,1578          ,138.691         ,0.000         ,-0.000              ,-0.001              ,23921.871       ,0.00000           ,0.00042               ,0.000         ,0.000         ,0.000         ,-0.014        
17:01:27.723319     ,0.049       ,0.880       ,0.869       ,16.180      ,16.181      ,16.039      ,0.136       ,0.682       ,0.000       ,0.111       ,0.793       ,880.000     ,0.136       ,16.175      ,0.05407       ,1578          ,138.691         ,0.000         ,-0.000              ,-0.001              ,23921.871       ,0.00000           ,0.00036               ,0.000         ,0.000         ,0.000         ,-0.014        
17:01:27.734739     ,0.051       ,0.880       ,0.869       ,16.200      ,16.185      ,16.039      ,0.147       ,0.733       ,0.000       ,-0.017      ,0.716       ,880.000     ,0.147       ,16.185      ,0.05407       ,1578          ,138.691         ,0.000         ,-0.000              ,-0.001              ,23921.871       ,0.00000           ,0.00031               ,0.000         ,0.000         ,0.000         ,-0.013        
17:01:27.743296     ,0.051       ,0.880       ,0.869       ,16.210      ,16.187      ,16.039      ,0.148       ,0.740       ,0.000       ,-0.065      ,0.674       ,880.000     ,0.148       ,16.187      ,0.05407       ,1578          ,138.691         ,0.000         ,-0.000              ,-0.001              ,23921.871       ,0.00000           ,0.00026               ,0.000         ,0.000         ,0.000         ,-0.013        
17:01:27.753447     ,0.049       ,0.880       ,0.869       ,16.220      ,16.189      ,16.039      ,0.148       ,0.740       ,0.000       ,-0.065      ,0.674       ,880.000     ,0.148       ,16.187      ,0.05407       ,1578          ,138.691         ,0.000         ,-0.000              ,-0.001              ,23921.871       ,0.00000           ,0.00022               ,0.000         ,0.000         ,0.000         ,-0.003        
17:01:27.763297     ,0.049       ,0.880       ,0.869       ,16.250      ,16.193      ,16.039      ,0.154       ,0.770       ,0.000       ,0.021       ,0.791       ,880.000     ,0.154       ,16.193      ,0.05407       ,1578          ,138.691         ,0.000         ,-0.000              ,-0.001              ,23921.871       ,0.00000           ,0.00019               ,0.000         ,0.000         ,0.000         ,-0.003        
17:01:27.774287     ,0.049       ,0.880       ,0.869       ,16.260      ,16.201      ,16.039      ,0.154       ,0.770       ,0.000       ,0.021       ,0.791       ,880.000     ,0.154       ,16.193      ,0.05407       ,1578          ,138.691         ,0.000         ,-0.000              ,-0.000              ,23921.871       ,0.00000           ,0.00016               ,0.000         ,0.000         ,0.000         ,-0.003        
17:01:27.783354     ,0.049       ,0.880       ,0.869       ,16.250      ,16.209      ,16.039      ,0.162       ,0.812       ,0.000       ,0.093       ,0.905       ,880.000     ,0.162       ,16.201      ,0.05407       ,1578          ,138.691         ,0.000         ,-0.000              ,-0.000              ,23921.871       ,0.00000           ,0.00014               ,0.000         ,0.000         ,0.000         ,-0.003        
17:01:27.796420     ,0.051       ,0.880       ,0.869       ,16.240      ,16.218      ,16.039      ,0.170       ,0.850       ,0.000       ,-0.012      ,0.838       ,880.000     ,0.170       ,16.209      ,0.05407       ,1578          ,138.691         ,0.000         ,-0.000              ,-0.000              ,23921.871       ,0.00000           ,0.00012               ,0.000         ,0.000         ,0.000         ,-0.006        
17:01:27.803378     ,0.051       ,0.880       ,0.885       ,16.220      ,16.227      ,16.039      ,0.180       ,0.899       ,0.000       ,0.043       ,0.942       ,880.000     ,0.180       ,16.218      ,0.05407       ,1578          ,138.691         ,0.000         ,-0.000              ,-0.000              ,23921.871       ,0.00000           ,0.00010               ,0.000         ,0.000         ,0.000         ,-0.006        
17:01:27.815130     ,0.049       ,0.880       ,0.853       ,16.200      ,16.227      ,16.039      ,0.188       ,0.940       ,0.000       ,-0.033      ,0.907       ,880.000     ,0.188       ,16.227      ,0.05407       ,1578          ,138.691         ,0.000         ,-0.000              ,-0.000              ,23921.871       ,0.00000           ,0.00008               ,0.000         ,0.000         ,0.000         ,0.001         
17:01:27.823301     ,0.051       ,0.880       ,0.869       ,16.190      ,16.223      ,16.039      ,0.189       ,0.943       ,0.000       ,-0.152      ,0.790       ,880.000     ,0.189       ,16.227      ,0.05407       ,1578          ,138.691         ,0.000         ,-0.000              ,-0.000              ,23921.871       ,0.00000           ,0.00007               ,0.000         ,0.000         ,0.000         ,0.001         
17:01:27.833887     ,0.051       ,0.880       ,0.869       ,16.190      ,16.218      ,16.039      ,0.185       ,0.925       ,0.000       ,-0.084      ,0.841       ,880.000     ,0.185       ,16.223      ,0.05407       ,1578          ,138.691         ,0.000         ,-0.000              ,-0.000              ,23921.871       ,0.00000           ,0.00006               ,0.000         ,0.000         ,0.000         ,0.004         
17:01:27.843299     ,0.051       ,0.880       ,0.869       ,16.190      ,16.218      ,16.039      ,0.180       ,0.898       ,0.000       ,-0.035      ,0.863       ,880.000     ,0.180       ,16.218      ,0.05407       ,1578          ,138.691         ,0.000         ,-0.000              ,-0.000              ,23921.871       ,0.00000           ,0.00005               ,0.000         ,0.000         ,0.000         ,0.004         
17:01:27.853398     ,0.051       ,0.880       ,0.869       ,16.210      ,16.202      ,16.039      ,0.170       ,0.852       ,0.000       ,-0.074      ,0.778       ,880.000     ,0.170       ,16.209      ,0.05407       ,1578          ,138.691         ,0.000         ,-0.000              ,-0.000              ,23921.871       ,0.00000           ,0.00004               ,0.000         ,0.000         ,0.000         ,-0.004        
17:01:27.863291     ,0.049       ,0.880       ,0.869       ,16.200      ,16.193      ,16.039      ,0.155       ,0.774       ,0.000       ,-0.034      ,0.740       ,880.000     ,0.155       ,16.193      ,0.05407       ,1578          ,138.691         ,0.000         ,-0.000              ,-0.000              ,23921.871       ,0.00000           ,0.00004               ,0.000         ,0.000         ,0.000         ,-0.004        
17:01:27.873305     ,0.049       ,0.880       ,0.869       ,16.200      ,16.187      ,16.039      ,0.155       ,0.774       ,0.000       ,-0.034      ,0.740       ,880.000     ,0.155       ,16.193      ,0.05407       ,1578          ,138.691         ,0.000         ,-0.000              ,-0.000              ,23921.871       ,0.00000           ,0.00004               ,0.000         ,0.000         ,0.000         ,-0.004        
17:01:27.890117     ,0.049       ,0.880       ,0.869       ,16.200      ,16.183      ,16.039      ,0.155       ,0.774       ,0.000       ,-0.034      ,0.740       ,880.000     ,0.155       ,16.193      ,0.05407       ,1578          ,138.691         ,0.000         ,-0.000              ,-0.000              ,23921.871       ,0.00000           ,0.00003               ,0.000         ,0.000         ,0.000         ,0.000         
17:01:27.893310     ,0.049       ,0.880       ,0.869       ,16.220      ,16.187      ,16.039      ,0.145       ,0.724       ,0.000       ,-0.028      ,0.696       ,880.000     ,0.145       ,16.183      ,0.05407       ,1578          ,138.691         ,0.000         ,-0.000              ,-0.000              ,23921.871       ,0.00000           ,0.00003               ,0.000         ,0.000         ,0.000         ,0.000         
17:01:27.907848     ,0.051       ,0.880       ,0.869       ,16.210      ,16.189      ,16.039      ,0.145       ,0.724       ,0.000       ,-0.028      ,0.696       ,880.000     ,0.145       ,16.183      ,0.05407       ,1578          ,138.691         ,0.000         ,-0.000              ,-0.000              ,23921.871       ,0.00000           ,0.00003               ,0.000         ,0.000         ,0.000         ,-0.001        
17:01:27.913301     ,0.051       ,0.880       ,0.869       ,16.220      ,16.197      ,16.039      ,0.150       ,0.752       ,0.000       ,0.311       ,1.063       ,880.000     ,0.150       ,16.189      ,0.05407       ,1578          ,138.691         ,0.000         ,-0.000              ,-0.000              ,23921.871       ,0.00000           ,0.00003               ,0.000         ,0.000         ,0.000         ,-0.001        
17:01:27.926598     ,0.049       ,0.880       ,0.869       ,16.220      ,16.204      ,16.039      ,0.158       ,0.790       ,0.000       ,0.043       ,0.833       ,880.000     ,0.158       ,16.197      ,0.05407       ,1578          ,138.691         ,0.000         ,-0.000              ,-0.000              ,23921.871       ,0.00000           ,0.00002               ,0.000         ,0.000         ,0.000         ,-0.001        
17:01:27.933344     ,0.049       ,0.880       ,0.869       ,16.220      ,16.209      ,16.039      ,0.158       ,0.790       ,0.000       ,0.043       ,0.833       ,880.000     ,0.158       ,16.197      ,0.05407       ,1578          ,138.691         ,0.000         ,-0.000              ,-0.000              ,23921.871       ,0.00000           ,0.00002               ,0.000         ,0.000         ,0.000         ,-0.001        
17:01:27.944332     ,0.051       ,0.880       ,0.885       ,16.220      ,16.210      ,16.039      ,0.171       ,0.853       ,0.000       ,0.100       ,0.954       ,880.000     ,0.171       ,16.209      ,0.05407       ,1578          ,138.691         ,0.000         ,-0.000              ,-0.000              ,23921.871       ,0.00000           ,0.00002               ,0.000         ,0.000         ,0.000         ,-0.004        
17:01:27.953347     ,0.049       ,0.880       ,0.869       ,16.220      ,16.212      ,16.039      ,0.171       ,0.856       ,0.000       ,-0.243      ,0.613       ,880.000     ,0.171       ,16.210      ,0.05407       ,1578          ,138.691         ,0.000         ,-0.000              ,-0.000              ,23921.871       ,0.00000           ,0.00001               ,0.000         ,0.000         ,0.000         ,-0.004        
17:01:27.965012     ,0.049       ,0.880       ,0.869       ,16.240      ,16.215      ,16.039      ,0.173       ,0.866       ,0.000       ,0.028       ,0.894       ,880.000     ,0.173       ,16.212      ,0.05407       ,1578          ,138.691         ,0.000         ,-0.000              ,-0.000              ,23921.871       ,0.00000           ,0.00001               ,0.000         ,0.000         ,0.000         ,0.000         
17:01:27.973326     ,0.051       ,0.880       ,0.885       ,16.210      ,16.212      ,16.039      ,0.176       ,0.880       ,0.000       ,0.020       ,0.900       ,880.000     ,0.176       ,16.215      ,0.05407       ,1578          ,138.691         ,0.000         ,-0.000              ,-0.000              ,23921.871       ,0.00000           ,0.00001               ,0.000         ,0.000         ,0.000         ,0.000         
17:01:27.983675     ,0.051       ,0.880       ,0.869       ,16.210      ,16.211      ,16.039      ,0.173       ,0.867       ,0.000       ,-0.113      ,0.753       ,880.000     ,0.173       ,16.212      ,0.05407       ,1578          ,138.691         ,0.000         ,-0.000              ,-0.000              ,23921.871       ,0.00000           ,0.00001               ,0.000         ,0.000         ,0.000         ,0.000         
17:01:27.993296     ,0.051       ,0.880       ,0.869       ,16.200      ,16.208      ,16.039      ,0.172       ,0.860       ,0.000       ,0.029       ,0.889       ,880.000     ,0.172       ,16.211      ,0.05407       ,1578          ,138.691         ,0.000         ,-0.000              ,-0.000              ,23921.871       ,0.00000           ,0.00001               ,0.000         ,0.000         ,0.000         ,0.000         
17:01:28.003391     ,0.051       ,0.880       ,0.869       ,16.200      ,16.206      ,16.039      ,0.170       ,0.849       ,0.000       ,-0.019      ,0.830       ,880.000     ,0.170       ,16.208      ,0.05407       ,1578          ,138.691         ,0.000         ,-0.000              ,-0.000              ,23921.871       ,0.00000           ,0.00001               ,0.000         ,0.000         ,0.000         ,-0.004        
17:01:28.013285     ,0.051       ,0.880       ,0.869       ,16.200      ,16.201      ,16.039      ,0.162       ,0.810       ,0.000       ,-0.109      ,0.701       ,880.000     ,0.162       ,16.201      ,0.05407       ,1578          ,138.691         ,0.000         ,-0.000              ,-0.000              ,23921.871       ,0.00000           ,0.00001               ,0.000         ,0.000         ,0.000         ,-0.004        
17:01:28.023302     ,0.051       ,0.880       ,0.869       ,16.190      ,16.198      ,16.039      ,0.162       ,0.810       ,0.000       ,-0.109      ,0.701       ,880.000     ,0.162       ,16.201      ,0.05407       ,1578          ,138.691         ,0.000         ,-0.000              ,-0.000              ,23921.871       ,0.00000           ,0.00001               ,0.000         ,0.000         ,0.000         ,-0.004        
17:01:28.039939     ,0.051       ,0.880       ,0.869       ,16.190      ,16.194      ,16.039      ,0.162       ,0.810       ,0.000       ,-0.109      ,0.701       ,880.000     ,0.162       ,16.201      ,0.05407       ,1578          ,138.691         ,0.000         ,-0.000              ,-0.000              ,23921.871       ,0.00000           ,0.00001               ,0.000         ,0.000         ,0.000         ,-0.001        
17:01:28.043288     ,0.051       ,0.880       ,0.869       ,16.200      ,16.192      ,16.039      ,0.155       ,0.776       ,0.000       ,0.016       ,0.792       ,880.000     ,0.155       ,16.194      ,0.05407       ,1578          ,138.691         ,0.000         ,-0.000              ,-0.000              ,23921.871       ,0.00000           ,0.00001               ,0.000         ,0.000         ,0.000         ,-0.001        
17:01:28.057573     ,0.049       ,0.880       ,0.869       ,16.200      ,16.189      ,16.039      ,0.155       ,0.776       ,0.000       ,0.016       ,0.792       ,880.000     ,0.155       ,16.194      ,0.05407       ,1578          ,138.691         ,0.000         ,-0.000              ,-0.000              ,23921.871       ,0.00000           ,0.00000               ,0.000         ,0.000         ,0.000         ,-0.003        
17:01:28.063289     ,0.049       ,0.880       ,0.869       ,16.210      ,16.188      ,16.039      ,0.150       ,0.751       ,0.000       ,0.038       ,0.789       ,880.000     ,0.150       ,16.189      ,0.05407       ,1578          ,138.691         ,0.000         ,-0.000              ,-0.000              ,23921.871       ,0.00000           ,0.00000               ,0.000         ,0.000         ,0.000         ,-0.003        
17:01:28.076390     ,0.051       ,0.880       ,0.885       ,16.220      ,16.191      ,16.039      ,0.149       ,0.747       ,0.000       ,0.082       ,0.829       ,880.000     ,0.149       ,16.188      ,0.05407       ,1578          ,138.691         ,0.000         ,-0.000              ,-0.000              ,23921.871       ,0.00000           ,0.00000               ,0.000         ,0.000         ,0.000         ,0.000         
17:01:28.083339     ,0.051       ,0.880       ,0.885       ,16.220      ,16.195      ,16.039      ,0.149       ,0.747       ,0.000       ,0.082       ,0.829       ,880.000     ,0.149       ,16.188      ,0.05407       ,1578          ,138.691         ,0.000         ,-0.000              ,-0.000              ,23921.871       ,0.00000           ,0.00000               ,0.000         ,0.000         ,0.000         ,0.000         
17:01:28.095157     ,0.051       ,0.880       ,0.869       ,16.220      ,16.199      ,16.039      ,0.157       ,0.783       ,0.000       ,0.163       ,0.946       ,880.000     ,0.157       ,16.195      ,0.05407       ,1578          ,138.691         ,0.000         ,-0.000              ,-0.000              ,23921.871       ,0.00000           ,0.00000               ,0.000         ,0.000         ,0.000         ,0.000         
17:01:28.103381     ,0.051       ,0.880       ,0.869       ,16.220      ,16.204      ,16.039      ,0.160       ,0.800       ,0.000       ,-0.077      ,0.722       ,880.000     ,0.160       ,16.199      ,0.05407       ,1578          ,138.691         ,0.000         ,-0.000              ,-0.000              ,23921.871       ,0.00000           ,0.00000               ,0.000         ,0.000         ,0.000         ,0.000         
17:01:28.113392     ,0.049       ,0.880       ,0.869       ,16.220      ,16.207      ,16.039      ,0.165       ,0.825       ,0.000       ,0.031       ,0.856       ,880.000     ,0.165       ,16.204      ,0.05407       ,1578          ,138.691         ,0.000         ,-0.000              ,-0.000              ,23921.871       ,0.00000           ,0.00000               ,0.000         ,0.000         ,0.000         ,-0.004        
17:01:28.123309     ,0.049       ,0.880       ,0.869       ,16.210      ,16.208      ,16.039      ,0.169       ,0.844       ,0.000       ,-0.019      ,0.825       ,880.000     ,0.169       ,16.207      ,0.05407       ,1578          ,138.691         ,0.000         ,-0.000              ,-0.000              ,23921.871       ,0.00000           ,0.00000               ,0.000         ,0.000         ,0.000         ,-0.004        
17:01:28.133335     ,0.049       ,0.880       ,0.869       ,16.210      ,16.209      ,16.039      ,0.170       ,0.849       ,0.000       ,-0.062      ,0.787       ,880.000     ,0.170       ,16.208      ,0.05407       ,1578          ,138.691         ,0.000         ,-0.000              ,-0.000              ,23921.871       ,0.00000           ,0.00000               ,0.000         ,0.000         ,0.000         ,-0.003        
17:01:28.143305     ,0.051       ,0.880       ,0.869       ,16.210      ,16.209      ,16.039      ,0.171       ,0.854       ,0.000       ,0.003       ,0.857       ,880.000     ,0.171       ,16.209      ,0.05407       ,1578          ,138.691         ,0.000         ,-0.000              ,-0.000              ,23921.871       ,0.00000           ,0.00000               ,0.000         ,0.000         ,0.000         ,-0.003        
17:01:28.153543     ,0.051       ,0.880       ,0.869       ,16.210      ,16.208      ,16.039      ,0.171       ,0.854       ,0.000       ,0.003       ,0.857       ,880.000     ,0.171       ,16.209      ,0.05407       ,1578          ,138.691         ,0.000         ,-0.000              ,-0.000              ,23921.871       ,0.00000           ,0.00000               ,0.000         ,0.000         ,0.000         ,-0.004        
17:01:28.169131     ,0.051       ,0.880       ,0.869       ,16.210      ,16.205      ,16.039      ,0.169       ,0.846       ,0.000       ,-0.051      ,0.796       ,880.000     ,0.169       ,16.208      ,0.05407       ,1578          ,138.691         ,0.000         ,-0.000              ,-0.000              ,23921.871       ,0.00000           ,0.00000               ,0.000         ,0.000         ,0.000         ,-0.004        
17:01:28.173511     ,0.051       ,0.880       ,0.869       ,16.200      ,16.202      ,16.039      ,0.167       ,0.833       ,0.000       ,-0.024      ,0.809       ,880.000     ,0.167       ,16.205      ,0.05407       ,1578          ,138.691         ,0.000         ,-0.000              ,-0.000              ,23921.871       ,0.00000           ,0.00000               ,0.000         ,0.000         ,0.000         ,-0.004        
17:01:28.188943     ,0.049       ,0.880       ,0.869       ,16.200      ,16.199      ,16.039      ,0.167       ,0.833       ,0.000       ,-0.024      ,0.809       ,880.000     ,0.167       ,16.205      ,0.05407       ,1578          ,138.691         ,0.000         ,-0.000              ,-0.000              ,23921.871       ,0.00000           ,0.00000               ,0.000         ,0.000         ,0.000         ,-0.001        
17:01:28.193433     ,0.049       ,0.880       ,0.869       ,16.200      ,16.196      ,16.039      ,0.160       ,0.801       ,0.000       ,-0.075      ,0.726       ,880.000     ,0.160       ,16.199      ,0.05407       ,1578          ,138.691         ,0.000         ,-0.000              ,-0.000              ,23921.871       ,0.00000           ,0.00000               ,0.000         ,0.000         ,0.000         ,-0.001        
17:01:28.207839     ,0.049       ,0.880       ,0.885       ,16.200      ,16.194      ,16.039      ,0.157       ,0.787       ,0.000       ,0.075       ,0.863       ,880.000     ,0.157       ,16.196      ,0.05407       ,1578          ,138.691         ,0.000         ,-0.000              ,-0.000              ,23921.871       ,0.00000           ,0.00000               ,0.000         ,0.000         ,0.000         ,0.000         
17:01:28.213599     ,0.049       ,0.880       ,0.869       ,16.200      ,16.192      ,16.039      ,0.155       ,0.777       ,0.000       ,0.012       ,0.789       ,880.000     ,0.155       ,16.194      ,0.05407       ,1578          ,138.691         ,0.000         ,-0.000              ,-0.000              ,23921.871       ,0.00000           ,0.00000               ,0.000         ,0.000         ,0.000         ,0.000         
17:01:28.226608     ,0.049       ,0.880       ,0.869       ,16.200      ,16.193      ,16.039      ,0.154       ,0.769       ,0.000       ,0.009       ,0.778       ,880.000     ,0.154       ,16.192      ,0.05407       ,1578          ,138.691         ,0.000         ,-0.000              ,-0.000              ,23921.871       ,0.00000           ,0.00000               ,0.000         ,0.000         ,0.000         ,0.001         
17:01:28.233515     ,0.053       ,0.880       ,0.869       ,16.210      ,16.194      ,16.039      ,0.154       ,0.770       ,0.000       ,0.037       ,0.807       ,880.000     ,0.154       ,16.193      ,0.05407       ,1578          ,138.691         ,0.000         ,-0.000              ,-0.000              ,23921.871       ,0.00000           ,0.00000               ,0.000         ,0.000         ,0.000         ,0.001         
17:01:28.245451     ,0.049       ,0.880       ,0.869       ,16.200      ,16.193      ,16.039      ,0.155       ,0.777       ,0.000       ,0.024       ,0.801       ,880.000     ,0.155       ,16.194      ,0.05407       ,1578          ,138.691         ,0.000         ,-0.000              ,-0.000              ,23921.871       ,0.00000           ,0.00000               ,0.000         ,0.000         ,0.000         ,-0.004        
17:01:28.253528     ,0.049       ,0.880       ,0.853       ,16.220      ,16.196      ,16.039      ,0.155       ,0.773       ,0.000       ,-0.047      ,0.726       ,880.000     ,0.155       ,16.193      ,0.05407       ,1578          ,138.691         ,0.000         ,-0.000              ,-0.000              ,23921.871       ,0.00000           ,0.00000               ,0.000         ,0.000         ,0.000         ,-0.004        
17:01:28.265198     ,0.051       ,0.880       ,0.853       ,16.220      ,16.199      ,16.039      ,0.157       ,0.800       ,0.000       ,-0.007      ,0.863       ,880.000     ,0.157       ,16.196      ,0.05407       ,1578          ,138.691         ,0.000         ,-0.000              ,-0.000              ,23921.871       ,0.00000           ,0.00000               ,0.000         ,0.000         ,0.000         ,-0.003        
17:01:28.273678     ,0.051       ,0.880       ,0.853       ,16.240      ,16.205      ,16.039      ,0.160       ,0.800       ,0.000       ,-0.007      ,0.793       ,880.000     ,0.160       ,16.199      ,0.05407       ,1578          ,138.691         ,0.000         ,-0.000              ,-0.000              ,23921.871       ,0.00000           ,0.00000               ,0.000         ,0.000         ,0.000         ,-0.003        
17:01:28.283830     ,0.049       ,0.880       ,0.869       ,16.240      ,16.209      ,16.039      ,0.171       ,0.853       ,0.000       ,-0.037      ,0.816       ,880.000     ,0.171       ,16.209      ,0.05407       ,1578          ,138.691         ,0.000         ,-0.000              ,-0.000              ,23921.871       ,0.00000           ,0.00000               ,0.000         ,0.000         ,0.000         ,0.000         
17:01:28.293706     ,0.049       ,0.880       ,0.869       ,16.240      ,16.216      ,16.039      ,0.171       ,0.853       ,0.000       ,-0.037      ,0.816       ,880.000     ,0.171       ,16.209      ,0.05407       ,1578          ,138.691         ,0.000         ,-0.000              ,-0.000              ,23921.871       ,0.00000           ,0.00000               ,0.000         ,0.000         ,0.000         ,0.000         
17:01:28.308149     ,0.049       ,0.880       ,0.885       ,16.220      ,16.217      ,16.039      ,0.178       ,0.888       ,0.000       ,0.054       ,0.943       ,880.000     ,0.178       ,16.216      ,0.05407       ,1578          ,138.691         ,0.000         ,-0.000              ,-0.000              ,23921.871       ,0.00000           ,0.00000               ,0.000         ,0.000         ,0.000         ,-0.001        
17:01:28.313697     ,0.049       ,0.880       ,0.885       ,16.210      ,16.218      ,16.039      ,0.179       ,0.893       ,0.000       ,-0.125      ,0.768       ,880.000     ,0.179       ,16.217      ,0.05407       ,1578          ,138.691         ,0.000         ,-0.000              ,-0.000              ,23921.871       ,0.00000           ,0.00000               ,0.000         ,0.000         ,0.000         ,-0.001        
17:01:28.329155     ,0.049       ,0.880       ,0.869       ,16.210      ,16.217      ,16.039      ,0.180       ,0.899       ,0.000       ,0.009       ,0.908       ,880.000     ,0.180       ,16.218      ,0.05407       ,1578          ,138.691         ,0.000         ,-0.000              ,-0.000              ,23921.871       ,0.00000           ,0.00000               ,0.000         ,0.000         ,0.000         ,0.001         
17:01:28.333604     ,0.049       ,0.880       ,0.869       ,16.210      ,16.216      ,16.039      ,0.179       ,0.893       ,0.000       ,-0.053      ,0.840       ,880.000     ,0.179       ,16.217      ,0.05407       ,1578          ,138.691         ,0.000         ,-0.000              ,-0.000              ,23921.871       ,0.00000           ,0.00000               ,0.000         ,0.000         ,0.000         ,0.001         
17:01:28.350297     ,0.049       ,0.880       ,0.869       ,16.210      ,16.212      ,16.039      ,0.177       ,0.885       ,0.000       ,-0.004      ,0.881       ,880.000     ,0.177       ,16.216      ,0.05407       ,1578          ,138.691         ,0.000         ,-0.000              ,-0.000              ,23921.871       ,0.00000           ,0.00000               ,0.000         ,0.000         ,0.000         ,0.000         
17:01:28.354029     ,0.049       ,0.880       ,0.869       ,16.220      ,16.212      ,16.039      ,0.177       ,0.885       ,0.000       ,-0.004      ,0.881       ,880.000     ,0.177       ,16.216      ,0.05407       ,1578          ,138.691         ,0.000         ,-0.000              ,-0.000              ,23921.871       ,0.00000           ,0.00000               ,0.000         ,0.000         ,0.000         ,0.000         
17:01:28.371600     ,0.049       ,0.880       ,0.869       ,16.210      ,16.208      ,16.039      ,0.173       ,0.865       ,0.000       ,-0.048      ,0.817       ,880.000     ,0.173       ,16.212      ,0.05407       ,1578          ,138.691         ,0.000         ,-0.000              ,-0.000              ,23921.871       ,0.00000           ,0.00000               ,0.000         ,0.000         ,0.000         ,-0.004        
17:01:28.373858     ,0.049       ,0.880       ,0.869       ,16.210      ,16.204      ,16.039      ,0.170       ,0.848       ,0.000       ,0.009       ,0.857       ,880.000     ,0.170       ,16.208      ,0.05407       ,1578          ,138.691         ,0.000         ,-0.000              ,-0.000              ,23921.871       ,0.00000           ,0.00000               ,0.000         ,0.000         ,0.000         ,-0.004        
17:01:28.383520     ,0.051       ,0.880       ,0.869       ,16.220      ,16.203      ,16.039      ,0.170       ,0.848       ,0.000       ,0.009       ,0.857       ,880.000     ,0.170       ,16.208      ,0.05407       ,1578          ,138.691         ,0.000         ,-0.000              ,-0.000              ,23921.871       ,0.00000           ,0.00000               ,0.000         ,0.000         ,0.000         ,-0.004        
17:01:28.393850     ,0.051       ,0.880       ,0.869       ,16.210      ,16.201      ,16.039      ,0.164       ,0.820       ,0.000       ,-0.041      ,0.779       ,880.000     ,0.164       ,16.203      ,0.05407       ,1578          ,138.691         ,0.000         ,-0.000              ,-0.000              ,23921.871       ,0.00000           ,0.00000               ,0.000         ,0.000         ,0.000         ,-0.004        
17:01:28.403302     ,0.051       ,0.880       ,0.869       ,16.220      ,16.202      ,16.039      ,0.163       ,0.815       ,0.000       ,0.092       ,0.908       ,880.000     ,0.163       ,16.202      ,0.05407       ,1578          ,138.691         ,0.000         ,-0.000              ,-0.000              ,23921.871       ,0.00000           ,0.00000               ,0.000         ,0.000         ,0.000         ,-0.004        
17:01:28.413859     ,0.051       ,0.880       ,0.869       ,16.240      ,16.209      ,16.039      ,0.163       ,0.815       ,0.000       ,0.092       ,0.908       ,880.000     ,0.163       ,16.202      ,0.05407       ,1578          ,138.691         ,0.000         ,-0.000              ,-0.000              ,23921.871       ,0.00000           ,0.00000               ,0.000         ,0.000         ,0.000         ,-0.008        
17:01:28.423540     ,0.051       ,0.880       ,0.869       ,16.240      ,16.214      ,16.039      ,0.163       ,0.815       ,0.000       ,0.092       ,0.908       ,880.000     ,0.163       ,16.202      ,0.05407       ,1578          ,138.691         ,0.000         ,-0.000              ,-0.000              ,23921.871       ,0.00000           ,0.00000               ,0.000         ,0.000         ,0.000         ,-0.008        
17:01:28.433772     ,0.051       ,0.880       ,0.869       ,16.250      ,16.220      ,16.039      ,0.176       ,0.879       ,0.000       ,0.273       ,1.153       ,880.000     ,0.176       ,16.214      ,0.05407       ,1578          ,138.691         ,0.000         ,-0.000              ,-0.000              ,23921.871       ,0.00000           ,0.00000               ,0.000         ,0.000         ,0.000         ,-0.005        
17:01:28.443588     ,0.051       ,0.880       ,0.869       ,16.240      ,16.225      ,16.039      ,0.176       ,0.930       ,0.000       ,-0.052      ,1.153       ,880.000     ,0.176       ,16.214      ,0.05407       ,1578          ,138.691         ,0.000         ,-0.000              ,-0.000              ,23921.871       ,0.00000           ,0.00000               ,0.000         ,0.000         ,0.000         ,-0.005        
17:01:28.456880     ,0.049       ,0.880       ,0.869       ,16.240      ,16.228      ,16.039      ,0.186       ,0.930       ,0.000       ,-0.052      ,0.878       ,880.000     ,0.186       ,16.225      ,0.05407       ,1578          ,138.691         ,0.000         ,-0.000              ,-0.000              ,23921.871       ,0.00000           ,0.00000               ,0.000         ,0.000         ,0.000         ,-0.001        
17:01:28.463376     ,0.049       ,0.880       ,0.869       ,16.240      ,16.229      ,16.039      ,0.186       ,0.930       ,0.000       ,-0.052      ,0.878       ,880.000     ,0.186       ,16.225      ,0.05407       ,1578          ,138.691         ,0.000         ,-0.000              ,-0.000              ,23921.871       ,0.00000           ,0.00000               ,0.000         ,0.000         ,0.000         ,-0.001        
17:01:28.476879     ,0.049       ,0.880       ,0.869       ,16.240      ,16.232      ,16.039      ,0.191       ,0.954       ,0.000       ,-0.110      ,0.844       ,880.000     ,0.191       ,16.229      ,0.05407       ,1578          ,138.691         ,0.000         ,-0.000              ,-0.000              ,23921.871       ,0.00000           ,0.00000               ,0.000         ,0.000         ,0.000         ,0.000         
17:01:28.483300     ,0.049       ,0.880       ,0.869       ,16.240      ,16.232      ,16.039      ,0.194       ,0.968       ,0.000       ,-0.034      ,0.934       ,880.000     ,0.194       ,16.232      ,0.05407       ,1578          ,138.691         ,0.000         ,-0.000              ,-0.000              ,23921.871       ,0.00000           ,0.00000               ,0.000         ,0.000         ,0.000         ,0.000         
17:01:28.498155     ,0.051       ,0.880       ,0.869       ,16.220      ,16.231      ,16.039      ,0.194       ,0.968       ,0.000       ,-0.034      ,0.934       ,880.000     ,0.194       ,16.232      ,0.05407       ,1578          ,138.691         ,0.000         ,-0.000              ,-0.000              ,23921.871       ,0.00000           ,0.00000               ,0.000         ,0.000         ,0.000         ,0.001         
17:01:28.503297     ,0.051       ,0.880       ,0.869       ,16.210      ,16.227      ,16.039      ,0.188       ,0.940       ,0.000       ,-0.048      ,0.892       ,880.000     ,0.188       ,16.227      ,0.05407       ,1578          ,138.691         ,0.000         ,-0.000              ,-0.000              ,23921.871       ,0.00000           ,0.00000               ,0.000         ,0.000         ,0.000         ,0.001         
17:01:28.517247     ,0.051       ,0.880       ,0.885       ,16.210      ,16.222      ,16.039      ,0.188       ,0.940       ,0.000       ,-0.048      ,0.892       ,880.000     ,0.188       ,16.227      ,0.05407       ,1578          ,138.691         ,0.000         ,-0.000              ,-0.000              ,23921.871       ,0.00000           ,0.00000               ,0.000         ,0.000         ,0.000         ,-0.004        
17:01:28.523390     ,0.051       ,0.880       ,0.869       ,16.200      ,16.215      ,16.039      ,0.183       ,0.917       ,0.000       ,-0.015      ,0.902       ,880.000     ,0.183       ,16.222      ,0.05407       ,1578          ,138.691         ,0.000         ,-0.000              ,-0.000              ,23921.871       ,0.00000           ,0.00000               ,0.000         ,0.000         ,0.000         ,-0.004        
17:01:28.536466     ,0.049       ,0.880       ,0.869       ,16.200      ,16.207      ,16.039      ,0.176       ,0.880       ,0.000       ,-0.054      ,0.826       ,880.000     ,0.176       ,16.215      ,0.05407       ,1578          ,138.691         ,0.000         ,-0.000              ,-0.000              ,23921.871       ,0.00000           ,0.00000               ,0.000         ,0.000         ,0.000         ,0.000         
17:01:28.543330     ,0.049       ,0.880       ,0.869       ,16.200      ,16.202      ,16.039      ,0.168       ,0.841       ,0.000       ,-0.008      ,0.833       ,880.000     ,0.168       ,16.207      ,0.05407       ,1578          ,138.691         ,0.000         ,-0.000              ,-0.000              ,23921.871       ,0.00000           ,0.00000               ,0.000         ,0.000         ,0.000         ,0.000         
17:01:28.555457     ,0.051       ,0.880       ,0.869       ,16.200      ,16.198      ,16.039      ,0.163       ,0.817       ,0.000       ,0.061       ,0.878       ,880.000     ,0.163       ,16.202      ,0.05407       ,1578          ,138.691         ,0.000         ,-0.000              ,-0.000              ,23921.871       ,0.00000           ,0.00000               ,0.000         ,0.000         ,0.000         ,0.001         
17:01:28.563303     ,0.051       ,0.880       ,0.885       ,16.200      ,16.198      ,16.039      ,0.159       ,0.797       ,0.000       ,0.014       ,0.810       ,880.000     ,0.159       ,16.198      ,0.05407       ,1578          ,138.691         ,0.000         ,-0.000              ,-0.000              ,23921.871       ,0.00000           ,0.00000               ,0.000         ,0.000         ,0.000         ,0.001         
17:01:28.575152     ,0.049       ,0.880       ,0.869       ,16.200      ,16.191      ,16.039      ,0.155       ,0.764       ,0.000       ,0.047       ,0.766       ,880.000     ,0.155       ,16.193      ,0.05407       ,1578          ,138.691         ,0.000         ,-0.000              ,-0.000              ,23921.871       ,0.00000           ,0.00000               ,0.000         ,0.000         ,0.000         ,-0.004        
17:01:28.583307     ,0.051       ,0.880       ,0.869       ,16.200      ,16.190      ,16.039      ,0.151       ,0.756       ,0.000       ,0.015       ,0.771       ,880.000     ,0.151       ,16.190      ,0.05407       ,1578          ,138.691         ,0.000         ,-0.000              ,-0.000              ,23921.871       ,0.00000           ,0.00000               ,0.000         ,0.000         ,0.000         ,-0.004        
17:01:28.594701     ,0.049       ,0.880       ,0.869       ,16.200      ,16.190      ,16.039      ,0.151       ,0.756       ,0.000       ,0.015       ,0.771       ,880.000     ,0.151       ,16.190      ,0.05407       ,1578          ,138.691         ,0.000         ,-0.000              ,-0.000              ,23921.871       ,0.00000           ,0.00000               ,0.000         ,0.000         ,0.000         ,-0.004        
17:01:28.603300     ,0.049       ,0.880       ,0.885       ,16.200      ,16.190      ,16.039      ,0.151       ,0.757       ,0.000       ,0.017       ,0.774       ,880.000     ,0.151       ,16.190      ,0.05407       ,1578          ,138.691         ,0.000         ,-0.000              ,-0.000              ,23921.871       ,0.00000           ,0.00000               ,0.000         ,0.000         ,0.000         ,-0.004        
17:01:28.614958     ,0.049       ,0.880       ,0.869       ,16.210      ,16.193      ,16.039      ,0.151       ,0.757       ,0.000       ,0.017       ,0.774       ,880.000     ,0.151       ,16.190      ,0.05407       ,1578          ,138.691         ,0.000         ,-0.000              ,-0.000              ,23921.871       ,0.00000           ,0.00000               ,0.000         ,0.000         ,0.000         ,-0.004        
17:01:28.623358     ,0.051       ,0.880       ,0.885       ,16.200      ,16.193      ,16.039      ,0.154       ,0.770       ,0.000       ,0.042       ,0.812       ,880.000     ,0.154       ,16.193      ,0.05407       ,1578          ,138.691         ,0.000         ,-0.000              ,-0.000              ,23921.871       ,0.00000           ,0.00000               ,0.000         ,0.000         ,0.000         ,-0.004        
17:01:28.633555     ,0.051       ,0.880       ,0.885       ,16.200      ,16.193      ,16.039      ,0.154       ,0.774       ,0.000       ,0.001       ,0.729       ,880.000     ,0.154       ,16.193      ,0.05407       ,1578          ,138.691         ,0.000         ,-0.000              ,-0.000              ,23921.871       ,0.00000           ,0.00000               ,0.000         ,0.000         ,0.000         ,-0.003        
17:01:28.643324     ,0.051       ,0.880       ,0.869       ,16.190      ,16.192      ,16.039      ,0.155       ,0.774       ,0.000       ,0.001       ,0.775       ,880.000     ,0.155       ,16.193      ,0.05407       ,1578          ,138.691         ,0.000         ,-0.000              ,-0.000              ,23921.871       ,0.00000           ,0.00000               ,0.000         ,0.000         ,0.000         ,-0.003        
17:01:28.653356     ,0.049       ,0.880       ,0.869       ,16.180      ,16.189      ,16.039      ,0.154       ,0.768       ,0.000       ,-0.037      ,0.731       ,880.000     ,0.154       ,16.192      ,0.05407       ,1578          ,138.691         ,0.000         ,-0.000              ,-0.000              ,23921.871       ,0.00000           ,0.00000               ,0.000         ,0.000         ,0.000         ,-0.003        
17:01:28.663289     ,0.049       ,0.880       ,0.869       ,16.180      ,16.185      ,16.039      ,0.146       ,0.732       ,0.000       ,-0.029      ,0.702       ,880.000     ,0.146       ,16.185      ,0.05407       ,1578          ,138.691         ,0.000         ,-0.000              ,-0.000              ,23921.871       ,0.00000           ,0.00000               ,0.000         ,0.000         ,0.000         ,-0.003        
17:01:28.675110     ,0.049       ,0.880       ,0.869       ,16.160      ,16.179      ,16.039      ,0.146       ,0.732       ,0.000       ,-0.029      ,0.702       ,880.000     ,0.146       ,16.185      ,0.05407       ,1578          ,138.691         ,0.000         ,-0.000              ,-0.000              ,23921.871       ,0.00000           ,0.00000               ,0.000         ,0.000         ,0.000         ,-0.003        
17:01:28.683295     ,0.051       ,0.880       ,0.869       ,16.160      ,16.173      ,16.039      ,0.134       ,0.671       ,0.000       ,-0.004      ,0.667       ,880.000     ,0.134       ,16.173      ,0.05407       ,1578          ,138.691         ,0.000         ,-0.000              ,-0.000              ,23921.871       ,0.00000           ,0.00000               ,0.000         ,0.000         ,0.000         ,-0.003        
17:01:28.693327     ,0.049       ,0.880       ,0.869       ,16.150      ,16.166      ,16.039      ,0.134       ,0.671       ,0.000       ,-0.004      ,0.667       ,880.000     ,0.134       ,16.173      ,0.05407       ,1578          ,138.691         ,0.000         ,-0.000              ,-0.000              ,23921.871       ,0.00000           ,0.00000               ,0.000         ,0.000         ,0.000         ,-0.003        
17:01:28.703601     ,0.051       ,0.880       ,0.869       ,16.150      ,16.159      ,16.039      ,0.127       ,0.636       ,0.000       ,-0.017      ,0.619       ,880.000     ,0.127       ,16.166      ,0.05407       ,1578          ,138.691         ,0.000         ,-0.000              ,-0.000              ,23921.871       ,0.00000           ,0.00000               ,0.000         ,0.000         ,0.000         ,-0.003        
17:01:28.713289     ,0.051       ,0.880       ,0.869       ,16.160      ,16.154      ,16.039      ,0.121       ,0.605       ,0.000       ,0.015       ,0.619       ,880.000     ,0.121       ,16.159      ,0.05407       ,1578          ,138.691         ,0.000         ,-0.000              ,-0.000              ,23921.871       ,0.00000           ,0.00000               ,0.000         ,0.000         ,0.000         ,-0.004        
17:01:28.731888     ,0.049       ,0.880       ,0.885       ,16.160      ,16.151      ,16.039      ,0.121       ,0.605       ,0.000       ,0.015       ,0.619       ,880.000     ,0.121       ,16.159      ,0.05407       ,1578          ,138.691         ,0.000         ,-0.000              ,-0.000              ,23921.871       ,0.00000           ,0.00000               ,0.000         ,0.000         ,0.000         ,-0.001        
17:01:28.733287     ,0.049       ,0.880       ,0.885       ,16.160      ,16.148      ,16.039      ,0.112       ,0.562       ,0.000       ,-0.046      ,0.515       ,880.000     ,0.112       ,16.151      ,0.05407       ,1578          ,138.691         ,0.000         ,-0.000              ,-0.000              ,23921.871       ,0.00000           ,0.00000               ,0.000         ,0.000         ,0.000         ,-0.001        
17:01:28.750568     ,0.051       ,0.880       ,0.869       ,16.160      ,16.147      ,16.039      ,0.112       ,0.562       ,0.000       ,-0.046      ,0.515       ,880.000     ,0.112       ,16.151      ,0.05407       ,1578          ,138.691         ,0.000         ,-0.000              ,-0.000              ,23921.871       ,0.00000           ,0.00000               ,0.000         ,0.000         ,0.000         ,-0.005        
17:01:28.753295     ,0.051       ,0.880       ,0.869       ,16.180      ,16.151      ,16.039      ,0.108       ,0.542       ,0.000       ,0.093       ,0.635       ,880.000     ,0.108       ,16.147      ,0.05407       ,1578          ,138.691         ,0.000         ,-0.000              ,-0.000              ,23921.871       ,0.00000           ,0.00000               ,0.000         ,0.000         ,0.000         ,-0.005        
17:01:28.769383     ,0.049       ,0.880       ,0.885       ,16.160      ,16.150      ,16.039      ,0.112       ,0.561       ,0.000       ,0.157       ,0.718       ,880.000     ,0.112       ,16.151      ,0.05407       ,1578          ,138.691         ,0.000         ,-0.000              ,-0.000              ,23921.871       ,0.00000           ,0.00000               ,0.000         ,0.000         ,0.000         ,-0.003        
17:01:28.773374     ,0.049       ,0.880       ,0.885       ,16.180      ,16.155      ,16.039      ,0.112       ,0.561       ,0.000       ,0.157       ,0.718       ,880.000     ,0.112       ,16.151      ,0.05407       ,1578          ,138.691         ,0.000         ,-0.000              ,-0.000              ,23921.871       ,0.00000           ,0.00000               ,0.000         ,0.000         ,0.000         ,-0.003        
17:01:28.787996     ,0.049       ,0.880       ,0.853       ,16.190      ,16.162      ,16.039      ,0.117       ,0.583       ,0.000       ,0.008       ,0.591       ,880.000     ,0.117       ,16.155      ,0.05407       ,1578          ,138.691         ,0.000         ,-0.000              ,-0.000              ,23921.871       ,0.00000           ,0.00000               ,0.000         ,0.000         ,0.000         ,-0.004        
17:01:28.793324     ,0.049       ,0.880       ,0.853       ,16.190      ,16.168      ,16.039      ,0.123       ,0.617       ,0.000       ,0.048       ,0.665       ,880.000     ,0.123       ,16.162      ,0.05407       ,1578          ,138.691         ,0.000         ,-0.000              ,-0.000              ,23921.871       ,0.00000           ,0.00000               ,0.000         ,0.000         ,0.000         ,-0.004        
17:01:28.809048     ,0.051       ,0.880       ,0.869       ,16.190      ,16.170      ,16.039      ,0.129       ,0.646       ,0.000       ,-0.015      ,0.632       ,880.000     ,0.129       ,16.168      ,0.05407       ,1578          ,138.691         ,0.000         ,-0.000              ,-0.000              ,23921.871       ,0.00000           ,0.00000               ,0.000         ,0.000         ,0.000         ,-0.001        
17:01:28.813309     ,0.051       ,0.880       ,0.869       ,16.180      ,16.174      ,16.039      ,0.131       ,0.657       ,0.000       ,-0.077      ,0.580       ,880.000     ,0.131       ,16.170      ,0.05407       ,1578          ,138.691         ,0.000         ,-0.000              ,-0.000              ,23921.871       ,0.00000           ,0.00000               ,0.000         ,0.000         ,0.000         ,-0.001        
17:01:28.829187     ,0.051       ,0.880       ,0.869       ,16.180      ,16.175      ,16.039      ,0.136       ,0.684       ,0.000       ,-0.072      ,0.727       ,880.000     ,0.136       ,16.174      ,0.05407       ,1578          ,138.691         ,0.000         ,-0.000              ,-0.000              ,23921.871       ,0.00000           ,0.00000               ,0.000         ,0.000         ,0.000         ,-0.004        
17:01:28.833288     ,0.051       ,0.880       ,0.869       ,16.180      ,16.175      ,16.039      ,0.137       ,0.684       ,0.000       ,-0.072      ,0.611       ,880.000     ,0.137       ,16.175      ,0.05407       ,1578          ,138.691         ,0.000         ,-0.000              ,-0.000              ,23921.871       ,0.00000           ,0.00000               ,0.000         ,0.000         ,0.000         ,-0.004        
17:01:28.848024     ,0.049       ,0.880       ,0.869       ,16.160      ,16.172      ,16.039      ,0.136       ,0.682       ,0.000       ,-0.022      ,0.660       ,880.000     ,0.136       ,16.175      ,0.05407       ,1578          ,138.691         ,0.000         ,-0.000              ,-0.000              ,23921.871       ,0.00000           ,0.00000               ,0.000         ,0.000         ,0.000         ,0.000         
17:01:28.853317     ,0.051       ,0.880       ,0.869       ,16.160      ,16.168      ,16.039      ,0.133       ,0.665       ,0.000       ,-0.062      ,0.603       ,880.000     ,0.133       ,16.172      ,0.05407       ,1578          ,138.691         ,0.000         ,-0.000              ,-0.000              ,23921.871       ,0.00000           ,0.00000               ,0.000         ,0.000         ,0.000         ,0.000         
17:01:28.866665     ,0.051       ,0.880       ,0.869       ,16.180      ,16.169      ,16.039      ,0.130       ,0.650       ,0.000       ,0.005       ,0.654       ,880.000     ,0.130       ,16.168      ,0.05407       ,1578          ,138.691         ,0.000         ,-0.000              ,-0.000              ,23921.871       ,0.00000           ,0.00000               ,0.000         ,0.000         ,0.000         ,-0.003        
17:01:28.873309     ,0.051       ,0.880       ,0.869       ,16.160      ,16.165      ,16.039      ,0.131       ,0.655       ,0.000       ,0.083       ,0.737       ,880.000     ,0.131       ,16.169      ,0.05407       ,1578          ,138.691         ,0.000         ,-0.000              ,-0.000              ,23921.871       ,0.00000           ,0.00000               ,0.000         ,0.000         ,0.000         ,-0.003        
17:01:28.886499     ,0.051       ,0.880       ,0.869       ,16.160      ,16.159      ,16.039      ,0.126       ,0.630       ,0.000       ,-0.119      ,0.510       ,880.000     ,0.126       ,16.165      ,0.05407       ,1578          ,138.691         ,0.000         ,-0.000              ,-0.000              ,23921.871       ,0.00000           ,0.00000               ,0.000         ,0.000         ,0.000         ,0.001         
17:01:28.893378     ,0.051       ,0.880       ,0.869       ,16.180      ,16.161      ,16.039      ,0.121       ,0.603       ,0.000       ,-0.007      ,0.596       ,880.000     ,0.121       ,16.159      ,0.05407       ,1578          ,138.691         ,0.000         ,-0.000              ,-0.000              ,23921.871       ,0.00000           ,0.00000               ,0.000         ,0.000         ,0.000         ,0.001         
17:01:28.907406     ,0.051       ,0.880       ,0.869       ,16.160      ,16.158      ,16.039      ,0.122       ,0.611       ,0.000       ,0.140       ,0.752       ,880.000     ,0.122       ,16.161      ,0.05407       ,1578          ,138.691         ,0.000         ,-0.000              ,-0.000              ,23921.871       ,0.00000           ,0.00000               ,0.000         ,0.000         ,0.000         ,-0.004        
17:01:28.913329     ,0.051       ,0.880       ,0.869       ,16.160      ,16.153      ,16.039      ,0.120       ,0.598       ,0.000       ,-0.089      ,0.509       ,880.000     ,0.120       ,16.158      ,0.05407       ,1578          ,138.691         ,0.000         ,-0.000              ,-0.000              ,23921.871       ,0.00000           ,0.00000               ,0.000         ,0.000         ,0.000         ,-0.004        
17:01:28.927360     ,0.051       ,0.880       ,0.885       ,16.160      ,16.154      ,16.039      ,0.115       ,0.574       ,0.000       ,-0.040      ,0.534       ,880.000     ,0.115       ,16.153      ,0.05407       ,1578          ,138.691         ,0.000         ,-0.000              ,-0.000              ,23921.871       ,0.00000           ,0.00000               ,0.000         ,0.000         ,0.000         ,0.000         
17:01:28.933299     ,0.051       ,0.880       ,0.885       ,16.160      ,16.155      ,16.039      ,0.116       ,0.579       ,0.000       ,0.113       ,0.692       ,880.000     ,0.116       ,16.154      ,0.05407       ,1578          ,138.691         ,0.000         ,-0.000              ,-0.000              ,23921.871       ,0.00000           ,0.00000               ,0.000         ,0.000         ,0.000         ,0.000         
17:01:28.948190     ,0.051       ,0.880       ,0.869       ,16.160      ,16.153      ,16.039      ,0.117       ,0.584       ,0.000       ,0.003       ,0.587       ,880.000     ,0.117       ,16.155      ,0.05407       ,1578          ,138.691         ,0.000         ,-0.000              ,-0.000              ,23921.871       ,0.00000           ,0.00000               ,0.000         ,0.000         ,0.000         ,0.001         
17:01:28.953302     ,0.049       ,0.880       ,0.869       ,16.180      ,16.157      ,16.039      ,0.114       ,0.571       ,0.000       ,-0.073      ,0.498       ,880.000     ,0.114       ,16.153      ,0.05407       ,1578          ,138.691         ,0.000         ,-0.000              ,-0.000              ,23921.871       ,0.00000           ,0.00000               ,0.000         ,0.000         ,0.000         ,0.001         
17:01:28.966844     ,0.049       ,0.880       ,0.869       ,16.180      ,16.160      ,16.039      ,0.119       ,0.593       ,0.000       ,0.141       ,0.735       ,880.000     ,0.119       ,16.157      ,0.05407       ,1578          ,138.691         ,0.000         ,-0.000              ,-0.000              ,23921.871       ,0.00000           ,0.00000               ,0.000         ,0.000         ,0.000         ,-0.001        
17:01:28.973302     ,0.051       ,0.880       ,0.869       ,16.180      ,16.161      ,16.039      ,0.121       ,0.605       ,0.000       ,-0.041      ,0.564       ,880.000     ,0.121       ,16.160      ,0.05407       ,1578          ,138.691         ,0.000         ,-0.000              ,-0.000              ,23921.871       ,0.00000           ,0.00000               ,0.000         ,0.000         ,0.000         ,-0.001        
17:01:28.985577     ,0.049       ,0.880       ,0.885       ,16.160      ,16.160      ,16.039      ,0.123       ,0.613       ,0.000       ,-0.016      ,0.597       ,880.000     ,0.123       ,16.161      ,0.05407       ,1578          ,138.691         ,0.000         ,-0.000              ,-0.000              ,23921.871       ,0.00000           ,0.00000               ,0.000         ,0.000         ,0.000         ,-0.001        
17:01:28.993374     ,0.051       ,0.880       ,0.885       ,16.160      ,16.160      ,16.039      ,0.121       ,0.606       ,0.000       ,-0.060      ,0.546       ,880.000     ,0.121       ,16.160      ,0.05407       ,1578          ,138.691         ,0.000         ,-0.000              ,-0.000              ,23921.871       ,0.00000           ,0.00000               ,0.000         ,0.000         ,0.000         ,-0.001        
17:01:29.005286     ,0.049       ,0.880       ,0.869       ,16.150      ,16.157      ,16.039      ,0.122       ,0.608       ,0.000       ,0.037       ,0.645       ,880.000     ,0.122       ,16.160      ,0.05407       ,1578          ,138.691         ,0.000         ,-0.000              ,-0.000              ,23921.871       ,0.00000           ,0.00000               ,0.000         ,0.000         ,0.000         ,0.000         
17:01:29.013319     ,0.049       ,0.880       ,0.885       ,16.150      ,16.155      ,16.039      ,0.118       ,0.591       ,0.000       ,-0.079      ,0.512       ,880.000     ,0.118       ,16.157      ,0.05407       ,1578          ,138.691         ,0.000         ,-0.000              ,-0.000              ,23921.871       ,0.00000           ,0.00000               ,0.000         ,0.000         ,0.000         ,0.000         
17:01:29.023430     ,0.049       ,0.880       ,0.885       ,16.140      ,16.150      ,16.039      ,0.118       ,0.591       ,0.000       ,-0.079      ,0.512       ,880.000     ,0.118       ,16.157      ,0.05407       ,1578          ,138.691         ,0.000         ,-0.000              ,-0.000              ,23921.871       ,0.00000           ,0.00000               ,0.000         ,0.000         ,0.000         ,0.000         
17:01:29.033285     ,0.049       ,0.880       ,0.869       ,16.140      ,16.148      ,16.039      ,0.110       ,0.548       ,0.000       ,0.086       ,0.633       ,880.000     ,0.110       ,16.148      ,0.05407       ,1578          ,138.691         ,0.000         ,-0.000              ,-0.000              ,23921.871       ,0.00000           ,0.00000               ,0.000         ,0.000         ,0.000         ,0.000         
17:01:29.043323     ,0.049       ,0.880       ,0.869       ,16.140      ,16.143      ,16.039      ,0.110       ,0.548       ,0.000       ,0.086       ,0.633       ,880.000     ,0.110       ,16.148      ,0.05407       ,1578          ,138.691         ,0.000         ,-0.000              ,-0.000              ,23921.871       ,0.00000           ,0.00000               ,0.000         ,0.000         ,0.000         ,-0.003        
17:01:29.053299     ,0.049       ,0.880       ,0.869       ,16.130      ,16.137      ,16.039      ,0.099       ,0.493       ,0.000       ,-0.177      ,0.316       ,880.000     ,0.099       ,16.137      ,0.05407       ,1578          ,138.691         ,0.000         ,-0.000              ,-0.000              ,23921.871       ,0.00000           ,0.00000               ,0.000         ,0.000         ,0.000         ,-0.003        
17:01:29.063331     ,0.049       ,0.880       ,0.869       ,16.130      ,16.131      ,16.039      ,0.099       ,0.493       ,0.000       ,-0.177      ,0.316       ,880.000     ,0.099       ,16.137      ,0.05407       ,1578          ,138.691         ,0.000         ,-0.000              ,-0.000              ,23921.871       ,0.00000           ,0.00000               ,0.000         ,0.000         ,0.000         ,-0.004        
17:01:29.073415     ,0.051       ,0.880       ,0.869       ,16.130      ,16.127      ,16.039      ,0.099       ,0.493       ,0.000       ,-0.177      ,0.316       ,880.000     ,0.099       ,16.137      ,0.05407       ,1578          ,138.691         ,0.000         ,-0.000              ,-0.000              ,23921.871       ,0.00000           ,0.00000               ,0.000         ,0.000         ,0.000         ,-0.004        
17:01:29.083285     ,0.051       ,0.880       ,0.869       ,16.140      ,16.125      ,16.039      ,0.088       ,0.441       ,0.000       ,0.013       ,0.454       ,880.000     ,0.088       ,16.127      ,0.05407       ,1578          ,138.691         ,0.000         ,-0.000              ,-0.000              ,23921.871       ,0.00000           ,0.00000               ,0.000         ,0.000         ,0.000         ,0.001         
17:01:29.099765     ,0.049       ,0.880       ,0.869       ,16.130      ,16.123      ,16.039      ,0.088       ,0.441       ,0.000       ,0.013       ,0.454       ,880.000     ,0.088       ,16.127      ,0.05407       ,1578          ,138.691         ,0.000         ,-0.000              ,-0.000              ,23921.871       ,0.00000           ,0.00000               ,0.000         ,0.000         ,0.000         ,-0.001        
17:01:29.103349     ,0.049       ,0.880       ,0.869       ,16.130      ,16.123      ,16.039      ,0.084       ,0.420       ,0.000       ,0.125       ,0.545       ,880.000     ,0.084       ,16.123      ,0.05407       ,1578          ,138.691         ,0.000         ,-0.000              ,-0.000              ,23921.871       ,0.00000           ,0.00000               ,0.000         ,0.000         ,0.000         ,-0.001        
17:01:29.118711     ,0.049       ,0.880       ,0.885       ,16.130      ,16.123      ,16.039      ,0.084       ,0.420       ,0.000       ,0.125       ,0.545       ,880.000     ,0.084       ,16.123      ,0.05407       ,1578          ,138.691         ,0.000         ,-0.000              ,-0.000              ,23921.871       ,0.00000           ,0.00000               ,0.000         ,0.000         ,0.000         ,0.000         
17:01:29.123312     ,0.049       ,0.880       ,0.885       ,16.130      ,16.124      ,16.039      ,0.085       ,0.423       ,0.000       ,0.094       ,0.518       ,880.000     ,0.085       ,16.123      ,0.05407       ,1578          ,138.691         ,0.000         ,-0.000              ,-0.000              ,23921.871       ,0.00000           ,0.00000               ,0.000         ,0.000         ,0.000         ,0.000         
17:01:29.138486     ,0.051       ,0.880       ,0.869       ,16.130      ,16.122      ,16.039      ,0.085       ,0.425       ,0.000       ,-0.005      ,0.420       ,880.000     ,0.085       ,16.124      ,0.05407       ,1578          ,138.691         ,0.000         ,-0.000              ,-0.000              ,23921.871       ,0.00000           ,0.00000               ,0.000         ,0.000         ,0.000         ,0.001         
17:01:29.143295     ,0.051       ,0.880       ,0.869       ,16.120      ,16.121      ,16.039      ,0.085       ,0.425       ,0.000       ,-0.005      ,0.420       ,880.000     ,0.085       ,16.124      ,0.05407       ,1578          ,138.691         ,0.000         ,-0.000              ,-0.000              ,23921.871       ,0.00000           ,0.00000               ,0.000         ,0.000         ,0.000         ,0.001         
17:01:29.156177     ,0.051       ,0.880       ,0.869       ,16.130      ,16.121      ,16.039      ,0.082       ,0.412       ,0.000       ,-0.062      ,0.350       ,880.000     ,0.082       ,16.121      ,0.05407       ,1578          ,138.691         ,0.000         ,-0.000              ,-0.000              ,23921.871       ,0.00000           ,0.00000               ,0.000         ,0.000         ,0.000         ,0.000         
17:01:29.163387     ,0.049       ,0.880       ,0.869       ,16.130      ,16.121      ,16.039      ,0.083       ,0.413       ,0.000       ,0.061       ,0.474       ,880.000     ,0.083       ,16.121      ,0.05407       ,1578          ,138.691         ,0.000         ,-0.000              ,-0.000              ,23921.871       ,0.00000           ,0.00000               ,0.000         ,0.000         ,0.000         ,0.000         
17:01:29.173839     ,0.049       ,0.880       ,0.885       ,16.130      ,16.120      ,16.039      ,0.082       ,0.411       ,0.000       ,-0.015      ,0.396       ,880.000     ,0.082       ,16.121      ,0.05407       ,1578          ,138.691         ,0.000         ,-0.000              ,-0.000              ,23921.871       ,0.00000           ,0.00000               ,0.000         ,0.000         ,0.000         ,-0.003        
17:01:29.183288     ,0.049       ,0.880       ,0.885       ,16.120      ,16.118      ,16.039      ,0.081       ,0.407       ,0.000       ,-0.007      ,0.400       ,880.000     ,0.081       ,16.120      ,0.05407       ,1578          ,138.691         ,0.000         ,-0.000              ,-0.000              ,23921.871       ,0.00000           ,0.00000               ,0.000         ,0.000         ,0.000         ,-0.003        
17:01:29.193705     ,0.051       ,0.880       ,0.853       ,16.120      ,16.118      ,16.039      ,0.079       ,0.395       ,0.000       ,-0.033      ,0.362       ,880.000     ,0.079       ,16.118      ,0.05407       ,1578          ,138.691         ,0.000         ,-0.000              ,-0.000              ,23921.871       ,0.00000           ,0.00000               ,0.000         ,0.000         ,0.000         ,0.000         
17:01:29.203313     ,0.049       ,0.880       ,0.869       ,16.100      ,16.113      ,16.039      ,0.079       ,0.395       ,0.000       ,0.048       ,0.443       ,880.000     ,0.079       ,16.118      ,0.05407       ,1578          ,138.691         ,0.000         ,-0.000              ,-0.000              ,23921.871       ,0.00000           ,0.00000               ,0.000         ,0.000         ,0.000         ,0.000         
17:01:29.215520     ,0.051       ,0.880       ,0.869       ,16.100      ,16.109      ,16.039      ,0.074       ,0.350       ,0.000       ,0.024       ,0.268       ,880.000     ,0.074       ,16.113      ,0.05407       ,1578          ,138.691         ,0.000         ,-0.000              ,-0.000              ,23921.871       ,0.00000           ,0.00000               ,0.000         ,0.000         ,0.000         ,-0.001        
17:01:29.223311     ,0.051       ,0.880       ,0.869       ,16.090      ,16.103      ,16.039      ,0.070       ,0.350       ,0.000       ,0.024       ,0.375       ,880.000     ,0.070       ,16.109      ,0.05407       ,1578          ,138.691         ,0.000         ,-0.000              ,-0.000              ,23921.871       ,0.00000           ,0.00000               ,0.000         ,0.000         ,0.000         ,-0.001        
17:01:29.234093     ,0.049       ,0.880       ,0.869       ,16.100      ,16.101      ,16.039      ,0.065       ,0.323       ,0.000       ,-0.033      ,0.289       ,880.000     ,0.065       ,16.103      ,0.05407       ,1578          ,138.691         ,0.000         ,-0.000              ,-0.000              ,23921.871       ,0.00000           ,0.00000               ,0.000         ,0.000         ,0.000         ,-0.004        
17:01:29.243289     ,0.051       ,0.880       ,0.885       ,16.090      ,16.094      ,16.039      ,0.062       ,0.310       ,0.000       ,0.060       ,0.370       ,880.000     ,0.062       ,16.101      ,0.05407       ,1578          ,138.691         ,0.000         ,-0.000              ,-0.000              ,23921.871       ,0.00000           ,0.00000               ,0.000         ,0.000         ,0.000         ,-0.004        
17:01:29.254880     ,0.049       ,0.880       ,0.869       ,16.090      ,16.091      ,16.039      ,0.056       ,0.279       ,0.000       ,-0.071      ,0.208       ,880.000     ,0.056       ,16.094      ,0.05407       ,1578          ,138.691         ,0.000         ,-0.000              ,-0.000              ,23921.871       ,0.00000           ,0.00000               ,0.000         ,0.000         ,0.000         ,0.000         
17:01:29.263409     ,0.051       ,0.880       ,0.853       ,16.080      ,16.085      ,16.039      ,0.052       ,0.262       ,0.000       ,0.053       ,0.315       ,880.000     ,0.052       ,16.091      ,0.05407       ,1578          ,138.691         ,0.000         ,-0.000              ,-0.000              ,23921.871       ,0.00000           ,0.00000               ,0.000         ,0.000         ,0.000         ,0.000         
17:01:29.273670     ,0.051       ,0.880       ,0.869       ,16.100      ,16.084      ,16.039      ,0.046       ,0.231       ,0.000       ,-0.054      ,0.178       ,880.000     ,0.046       ,16.085      ,0.05407       ,1578          ,138.691         ,0.000         ,-0.000              ,-0.000              ,23921.871       ,0.00000           ,0.00000               ,0.000         ,0.000         ,0.000         ,-0.004        
17:01:29.283298     ,0.051       ,0.880       ,0.869       ,16.100      ,16.082      ,16.039      ,0.046       ,0.229       ,0.000       ,0.114       ,0.344       ,880.000     ,0.046       ,16.084      ,0.05407       ,1578          ,138.691         ,0.000         ,-0.000              ,-0.000              ,23921.871       ,0.00000           ,0.00000               ,0.000         ,0.000         ,0.000         ,-0.004        
17:01:29.293417     ,0.051       ,0.880       ,0.869       ,16.100      ,16.083      ,16.039      ,0.044       ,0.218       ,0.000       ,-0.038      ,0.180       ,880.000     ,0.044       ,16.082      ,0.05407       ,1578          ,138.691         ,0.000         ,-0.000              ,-0.000              ,23921.871       ,0.00000           ,0.00000               ,0.000         ,0.000         ,0.000         ,-0.003        
17:01:29.303327     ,0.051       ,0.880       ,0.869       ,16.090      ,16.083      ,16.039      ,0.044       ,0.221       ,0.000       ,0.059       ,0.280       ,880.000     ,0.044       ,16.083      ,0.05407       ,1578          ,138.691         ,0.000         ,-0.000              ,-0.000              ,23921.871       ,0.00000           ,0.00000               ,0.000         ,0.000         ,0.000         ,-0.003        
17:01:29.313355     ,0.051       ,0.880       ,0.869       ,16.100      ,16.087      ,16.039      ,0.044       ,0.220       ,0.000       ,-0.017      ,0.203       ,880.000     ,0.044       ,16.083      ,0.05407       ,1578          ,138.691         ,0.000         ,-0.000              ,-0.000              ,23921.871       ,0.00000           ,0.00000               ,0.000         ,0.000         ,0.000         ,-0.003        
17:01:29.323291     ,0.051       ,0.880       ,0.885       ,16.100      ,16.088      ,16.039      ,0.049       ,0.245       ,0.000       ,0.104       ,0.348       ,880.000     ,0.049       ,16.088      ,0.05407       ,1578          ,138.691         ,0.000         ,-0.000              ,-0.000              ,23921.871       ,0.00000           ,0.00000               ,0.000         ,0.000         ,0.000         ,-0.003        
17:01:29.333283     ,0.051       ,0.880       ,0.885       ,16.100      ,16.089      ,16.039      ,0.049       ,0.245       ,0.000       ,0.104       ,0.348       ,880.000     ,0.049       ,16.088      ,0.05407       ,1578          ,138.691         ,0.000         ,-0.000              ,-0.000              ,23921.871       ,0.00000           ,0.00000               ,0.000         ,0.000         ,0.000         ,0.000         
17:01:29.349457     ,0.049       ,0.880       ,0.869       ,16.080      ,16.086      ,16.039      ,0.049       ,0.245       ,0.000       ,0.104       ,0.348       ,880.000     ,0.049       ,16.088      ,0.05407       ,1578          ,138.691         ,0.000         ,-0.000              ,-0.000              ,23921.871       ,0.00000           ,0.00000               ,0.000         ,0.000         ,0.000         ,0.000         
17:01:29.353350     ,0.049       ,0.880       ,0.869       ,16.090      ,16.088      ,16.039      ,0.048       ,0.239       ,0.000       ,-0.121      ,0.118       ,880.000     ,0.048       ,16.086      ,0.05407       ,1578          ,138.691         ,0.000         ,-0.000              ,-0.000              ,23921.871       ,0.00000           ,0.00000               ,0.000         ,0.000         ,0.000         ,0.000         
17:01:29.368120     ,0.049       ,0.880       ,0.869       ,16.080      ,16.085      ,16.039      ,0.048       ,0.239       ,0.000       ,-0.121      ,0.118       ,880.000     ,0.048       ,16.086      ,0.05407       ,1578          ,138.691         ,0.000         ,-0.000              ,-0.000              ,23921.871       ,0.00000           ,0.00000               ,0.000         ,0.000         ,0.000         ,0.000         
17:01:29.373299     ,0.049       ,0.880       ,0.869       ,16.080      ,16.081      ,16.039      ,0.046       ,0.230       ,0.000       ,-0.015      ,0.216       ,880.000     ,0.046       ,16.085      ,0.05407       ,1578          ,138.691         ,0.000         ,-0.000              ,-0.000              ,23921.871       ,0.00000           ,0.00000               ,0.000         ,0.000         ,0.000         ,0.000         
17:01:29.385796     ,0.049       ,0.880       ,0.885       ,16.070      ,16.076      ,16.039      ,0.043       ,0.213       ,0.000       ,-0.033      ,0.181       ,880.000     ,0.043       ,16.081      ,0.05407       ,1578          ,138.691         ,0.000         ,-0.000              ,-0.000              ,23921.871       ,0.00000           ,0.00000               ,0.000         ,0.000         ,0.000         ,0.000         
17:01:29.393294     ,0.049       ,0.880       ,0.885       ,16.070      ,16.074      ,16.039      ,0.043       ,0.213       ,0.000       ,-0.033      ,0.181       ,880.000     ,0.043       ,16.081      ,0.05407       ,1578          ,138.691         ,0.000         ,-0.000              ,-0.000              ,23921.871       ,0.00000           ,0.00000               ,0.000         ,0.000         ,0.000         ,0.000         
17:01:29.405495     ,0.049       ,0.880       ,0.853       ,16.070      ,16.069      ,16.039      ,0.035       ,0.176       ,0.000       ,-0.080      ,0.096       ,880.000     ,0.035       ,16.074      ,0.05407       ,1578          ,138.691         ,0.000         ,-0.000              ,-0.000              ,23921.871       ,0.00000           ,0.00000               ,0.000         ,0.000         ,0.000         ,-0.003        
17:01:29.413345     ,0.051       ,0.880       ,0.869       ,16.080      ,16.068      ,16.039      ,0.031       ,0.153       ,0.000       ,0.055       ,0.208       ,880.000     ,0.031       ,16.069      ,0.05407       ,1578          ,138.691         ,0.000         ,-0.000              ,-0.000              ,23921.871       ,0.00000           ,0.00000               ,0.000         ,0.000         ,0.000         ,-0.003        
17:01:29.425147     ,0.051       ,0.880       ,0.869       ,16.080      ,16.066      ,16.039      ,0.029       ,0.147       ,0.000       ,0.069       ,0.216       ,880.000     ,0.029       ,16.068      ,0.05407       ,1578          ,138.691         ,0.000         ,-0.000              ,-0.000              ,23921.871       ,0.00000           ,0.00000               ,0.000         ,0.000         ,0.000         ,0.001         
17:01:29.433327     ,0.049       ,0.880       ,0.869       ,16.090      ,16.068      ,16.039      ,0.028       ,0.138       ,0.000       ,-0.011      ,0.127       ,880.000     ,0.028       ,16.066      ,0.05407       ,1578          ,138.691         ,0.000         ,-0.000              ,-0.000              ,23921.871       ,0.00000           ,0.00000               ,0.000         ,0.000         ,0.000         ,0.001         
17:01:29.444912     ,0.049       ,0.880       ,0.885       ,16.090      ,16.070      ,16.039      ,0.030       ,0.148       ,0.000       ,0.073       ,0.221       ,880.000     ,0.030       ,16.068      ,0.05407       ,1578          ,138.691         ,0.000         ,-0.000              ,-0.000              ,23921.871       ,0.00000           ,0.00000               ,0.000         ,0.000         ,0.000         ,0.000         
17:01:29.453330     ,0.051       ,0.880       ,0.869       ,16.090      ,16.073      ,16.039      ,0.031       ,0.157       ,0.000       ,-0.001      ,0.156       ,880.000     ,0.031       ,16.070      ,0.05407       ,1578          ,138.691         ,0.000         ,-0.000              ,-0.000              ,23921.871       ,0.00000           ,0.00000               ,0.000         ,0.000         ,0.000         ,0.000         
17:01:29.465611     ,0.051       ,0.880       ,0.869       ,16.080      ,16.073      ,16.039      ,0.034       ,0.170       ,0.000       ,0.015       ,0.185       ,880.000     ,0.034       ,16.073      ,0.05407       ,1578          ,138.691         ,0.000         ,-0.000              ,-0.000              ,23921.871       ,0.00000           ,0.00000               ,0.000         ,0.000         ,0.000         ,-0.006        
17:01:29.473297     ,0.051       ,0.880       ,0.885       ,16.080      ,16.075      ,16.039      ,0.034       ,0.172       ,0.000       ,-0.047      ,0.125       ,880.000     ,0.034       ,16.073      ,0.05407       ,1578          ,138.691         ,0.000         ,-0.000              ,-0.000              ,23921.871       ,0.00000           ,0.00000               ,0.000         ,0.000         ,0.000         ,-0.006        
17:01:29.485227     ,0.051       ,0.880       ,0.885       ,16.080      ,16.076      ,16.039      ,0.036       ,0.181       ,0.000       ,0.033       ,0.215       ,880.000     ,0.036       ,16.075      ,0.05407       ,1578          ,138.691         ,0.000         ,-0.000              ,-0.000              ,23921.871       ,0.00000           ,0.00000               ,0.000         ,0.000         ,0.000         ,0.000         
17:01:29.493304     ,0.049       ,0.880       ,0.885       ,16.090      ,16.078      ,16.039      ,0.037       ,0.185       ,0.000       ,-0.026      ,0.159       ,880.000     ,0.037       ,16.076      ,0.05407       ,1578          ,138.691         ,0.000         ,-0.000              ,-0.000              ,23921.871       ,0.00000           ,0.00000               ,0.000         ,0.000         ,0.000         ,0.000         
17:01:29.504084     ,0.049       ,0.880       ,0.885       ,16.090      ,16.078      ,16.039      ,0.039       ,0.195       ,0.000       ,0.030       ,0.225       ,880.000     ,0.039       ,16.078      ,0.05407       ,1578          ,138.691         ,0.000         ,-0.000              ,-0.000              ,23921.871       ,0.00000           ,0.00000               ,0.000         ,0.000         ,0.000         ,-0.011        
17:01:29.513304     ,0.049       ,0.880       ,0.869       ,16.090      ,16.079      ,16.039      ,0.040       ,0.199       ,0.000       ,-0.030      ,0.169       ,880.000     ,0.040       ,16.078      ,0.05407       ,1578          ,138.691         ,0.000         ,-0.000              ,-0.000              ,23921.871       ,0.00000           ,0.00000               ,0.000         ,0.000         ,0.000         ,-0.011        
17:01:29.525940     ,0.049       ,0.880       ,0.869       ,16.090      ,16.079      ,16.039      ,0.041       ,0.204       ,0.000       ,0.008       ,0.212       ,880.000     ,0.041       ,16.079      ,0.05407       ,1578          ,138.691         ,0.000         ,-0.000              ,-0.000              ,23921.871       ,0.00000           ,0.00000               ,0.000         ,0.000         ,0.000         ,-0.004        
17:01:29.533352     ,0.051       ,0.880       ,0.869       ,16.080      ,16.078      ,16.039      ,0.041       ,0.204       ,0.000       ,-0.021      ,0.183       ,880.000     ,0.041       ,16.079      ,0.05407       ,1578          ,138.691         ,0.000         ,-0.000              ,-0.000              ,23921.871       ,0.00000           ,0.00000               ,0.000         ,0.000         ,0.000         ,-0.004        
17:01:29.546697     ,0.051       ,0.880       ,0.869       ,16.090      ,16.077      ,16.039      ,0.039       ,0.196       ,0.000       ,-0.033      ,0.163       ,880.000     ,0.039       ,16.078      ,0.05407       ,1578          ,138.691         ,0.000         ,-0.000              ,-0.000              ,23921.871       ,0.00000           ,0.00000               ,0.000         ,0.000         ,0.000         ,-0.004        
17:01:29.553322     ,0.049       ,0.880       ,0.869       ,16.080      ,16.076      ,16.039      ,0.039       ,0.194       ,0.000       ,0.023       ,0.217       ,880.000     ,0.039       ,16.077      ,0.05407       ,1578          ,138.691         ,0.000         ,-0.000              ,-0.000              ,23921.871       ,0.00000           ,0.00000               ,0.000         ,0.000         ,0.000         ,-0.004        
17:01:29.565541     ,0.049       ,0.880       ,0.869       ,16.090      ,16.078      ,16.039      ,0.038       ,0.188       ,0.000       ,-0.014      ,0.174       ,880.000     ,0.038       ,16.076      ,0.05407       ,1578          ,138.691         ,0.000         ,-0.000              ,-0.000              ,23921.871       ,0.00000           ,0.00000               ,0.000         ,0.000         ,0.000         ,-0.004        
17:01:29.573494     ,0.049       ,0.880       ,0.869       ,16.090      ,16.079      ,16.039      ,0.039       ,0.195       ,0.000       ,0.051       ,0.246       ,880.000     ,0.039       ,16.078      ,0.05407       ,1578          ,138.691         ,0.000         ,-0.000              ,-0.000              ,23921.871       ,0.00000           ,0.00000               ,0.000         ,0.000         ,0.000         ,-0.004        
17:01:29.585396     ,0.051       ,0.880       ,0.869       ,16.090      ,16.080      ,16.039      ,0.040       ,0.200       ,0.000       ,-0.009      ,0.191       ,880.000     ,0.040       ,16.079      ,0.05407       ,1578          ,138.691         ,0.000         ,-0.000              ,-0.000              ,23921.871       ,0.00000           ,0.00000               ,0.000         ,0.000         ,0.000         ,-0.004        
17:01:29.593302     ,0.051       ,0.880       ,0.869       ,16.090      ,16.080      ,16.039      ,0.042       ,0.209       ,0.000       ,0.020       ,0.230       ,880.000     ,0.042       ,16.080      ,0.05407       ,1578          ,138.691         ,0.000         ,-0.000              ,-0.000              ,23921.871       ,0.00000           ,0.00000               ,0.000         ,0.000         ,0.000         ,-0.004        
17:01:29.603335     ,0.049       ,0.880       ,0.885       ,16.090      ,16.081      ,16.039      ,0.041       ,0.206       ,0.000       ,-0.053      ,0.153       ,880.000     ,0.041       ,16.080      ,0.05407       ,1578          ,138.691         ,0.000         ,-0.000              ,-0.000              ,23921.871       ,0.00000           ,0.00000               ,0.000         ,0.000         ,0.000         ,0.000         
17:01:29.613290     ,0.049       ,0.880       ,0.869       ,16.100      ,16.082      ,16.039      ,0.042       ,0.212       ,0.000       ,0.036       ,0.248       ,880.000     ,0.042       ,16.081      ,0.05407       ,1578          ,138.691         ,0.000         ,-0.000              ,-0.000              ,23921.871       ,0.00000           ,0.00000               ,0.000         ,0.000         ,0.000         ,0.000         
17:01:29.623308     ,0.049       ,0.880       ,0.869       ,16.090      ,16.082      ,16.039      ,0.043       ,0.217       ,0.000       ,-0.002      ,0.214       ,880.000     ,0.043       ,16.082      ,0.05407       ,1578          ,138.691         ,0.000         ,-0.000              ,-0.000              ,23921.871       ,0.00000           ,0.00000               ,0.000         ,0.000         ,0.000         ,-0.003        
17:01:29.633309     ,0.051       ,0.880       ,0.869       ,16.090      ,16.082      ,16.039      ,0.043       ,0.217       ,0.000       ,-0.002      ,0.214       ,880.000     ,0.043       ,16.082      ,0.05407       ,1578          ,138.691         ,0.000         ,-0.000              ,-0.000              ,23921.871       ,0.00000           ,0.00000               ,0.000         ,0.000         ,0.000         ,-0.003        
17:01:29.643288     ,0.051       ,0.880       ,0.869       ,16.090      ,16.083      ,16.039      ,0.043       ,0.217       ,0.000       ,-0.018      ,0.200       ,880.000     ,0.043       ,16.082      ,0.05407       ,1578          ,138.691         ,0.000         ,-0.000              ,-0.000              ,23921.871       ,0.00000           ,0.00000               ,0.000         ,0.000         ,0.000         ,-0.004        
17:01:29.653366     ,0.051       ,0.880       ,0.885       ,16.090      ,16.084      ,16.039      ,0.043       ,0.217       ,0.000       ,-0.018      ,0.200       ,880.000     ,0.043       ,16.082      ,0.05407       ,1578          ,138.691         ,0.000         ,-0.000              ,-0.000              ,23921.871       ,0.00000           ,0.00000               ,0.000         ,0.000         ,0.000         ,-0.004        
17:01:29.663286     ,0.051       ,0.880       ,0.885       ,16.090      ,16.083      ,16.039      ,0.045       ,0.226       ,0.000       ,0.033       ,0.259       ,880.000     ,0.045       ,16.084      ,0.05407       ,1578          ,138.691         ,0.000         ,-0.000              ,-0.000              ,23921.871       ,0.00000           ,0.00000               ,0.000         ,0.000         ,0.000         ,0.000         
17:01:29.678245     ,0.051       ,0.880       ,0.885       ,16.090      ,16.083      ,16.039      ,0.045       ,0.226       ,0.000       ,0.033       ,0.259       ,880.000     ,0.045       ,16.084      ,0.05407       ,1578          ,138.691         ,0.000         ,-0.000              ,-0.000              ,23921.871       ,0.00000           ,0.00000               ,0.000         ,0.000         ,0.000         ,-0.004        
17:01:29.683346     ,0.049       ,0.880       ,0.869       ,16.090      ,16.083      ,16.039      ,0.044       ,0.221       ,0.000       ,0.010       ,0.231       ,880.000     ,0.044       ,16.083      ,0.05407       ,1578          ,138.691         ,0.000         ,-0.000              ,-0.000              ,23921.871       ,0.00000           ,0.00000               ,0.000         ,0.000         ,0.000         ,-0.004        
17:01:29.696038     ,0.049       ,0.880       ,0.869       ,16.090      ,16.082      ,16.039      ,0.044       ,0.221       ,0.000       ,0.010       ,0.231       ,880.000     ,0.044       ,16.083      ,0.05407       ,1578          ,138.691         ,0.000         ,-0.000              ,-0.000              ,23921.871       ,0.00000           ,0.00000               ,0.000         ,0.000         ,0.000         ,0.004         
17:01:29.703339     ,0.049       ,0.880       ,0.869       ,16.080      ,16.080      ,16.039      ,0.044       ,0.221       ,0.000       ,0.010       ,0.231       ,880.000     ,0.044       ,16.083      ,0.05407       ,1578          ,138.691         ,0.000         ,-0.000              ,-0.000              ,23921.871       ,0.00000           ,0.00000               ,0.000         ,0.000         ,0.000         ,0.004         
17:01:29.714815     ,0.049       ,0.880       ,0.869       ,16.080      ,16.078      ,16.039      ,0.041       ,0.206       ,0.000       ,-0.055      ,0.151       ,880.000     ,0.041       ,16.080      ,0.05407       ,1578          ,138.691         ,0.000         ,-0.000              ,-0.000              ,23921.871       ,0.00000           ,0.00000               ,0.000         ,0.000         ,0.000         ,-0.001        
17:01:29.723334     ,0.049       ,0.880       ,0.869       ,16.080      ,16.077      ,16.039      ,0.039       ,0.197       ,0.000       ,0.026       ,0.224       ,880.000     ,0.039       ,16.078      ,0.05407       ,1578          ,138.691         ,0.000         ,-0.000              ,-0.000              ,23921.871       ,0.00000           ,0.00000               ,0.000         ,0.000         ,0.000         ,-0.001        
17:01:29.733440     ,0.049       ,0.880       ,0.885       ,16.070      ,16.074      ,16.039      ,0.035       ,0.175       ,0.000       ,-0.034      ,0.141       ,880.000     ,0.035       ,16.074      ,0.05407       ,1578          ,138.691         ,0.000         ,-0.000              ,-0.000              ,23921.871       ,0.00000           ,0.00000               ,0.000         ,0.000         ,0.000         ,-0.004        
17:01:29.743306     ,0.049       ,0.880       ,0.869       ,16.080      ,16.072      ,16.039      ,0.034       ,0.169       ,0.000       ,0.037       ,0.206       ,880.000     ,0.034       ,16.072      ,0.05407       ,1578          ,138.691         ,0.000         ,-0.000              ,-0.000              ,23921.871       ,0.00000           ,0.00000               ,0.000         ,0.000         ,0.000         ,-0.004        
17:01:29.753338     ,0.051       ,0.880       ,0.869       ,16.080      ,16.072      ,16.039      ,0.034       ,0.169       ,0.000       ,0.037       ,0.206       ,880.000     ,0.034       ,16.072      ,0.05407       ,1578          ,138.691         ,0.000         ,-0.000              ,-0.000              ,23921.871       ,0.00000           ,0.00000               ,0.000         ,0.000         ,0.000         ,-0.001        
17:01:29.763291     ,0.051       ,0.880       ,0.869       ,16.080      ,16.071      ,16.039      ,0.032       ,0.162       ,0.000       ,-0.019      ,0.144       ,880.000     ,0.032       ,16.071      ,0.05407       ,1578          ,138.691         ,0.000         ,-0.000              ,-0.000              ,23921.871       ,0.00000           ,0.00000               ,0.000         ,0.000         ,0.000         ,-0.001        
17:01:29.773341     ,0.051       ,0.880       ,0.869       ,16.070      ,16.068      ,16.039      ,0.032       ,0.162       ,0.000       ,-0.019      ,0.144       ,880.000     ,0.032       ,16.071      ,0.05407       ,1578          ,138.691         ,0.000         ,-0.000              ,-0.000              ,23921.871       ,0.00000           ,0.00000               ,0.000         ,0.000         ,0.000         ,0.001         
17:01:29.783361     ,0.051       ,0.880       ,0.869       ,16.080      ,16.069      ,16.039      ,0.029       ,0.147       ,0.000       ,-0.038      ,0.109       ,880.000     ,0.029       ,16.068      ,0.05407       ,1578          ,138.691         ,0.000         ,-0.000              ,-0.000              ,23921.871       ,0.00000           ,0.00000               ,0.000         ,0.000         ,0.000         ,0.001         
17:01:29.793289     ,0.051       ,0.880       ,0.869       ,16.070      ,16.067      ,16.039      ,0.031       ,0.153       ,0.000       ,0.083       ,0.236       ,880.000     ,0.031       ,16.069      ,0.05407       ,1578          ,138.691         ,0.000         ,-0.000              ,-0.000              ,23921.871       ,0.00000           ,0.00000               ,0.000         ,0.000         ,0.000         ,0.003         
17:01:29.808210     ,0.051       ,0.880       ,0.885       ,16.070      ,16.065      ,16.039      ,0.031       ,0.153       ,0.000       ,0.083       ,0.236       ,880.000     ,0.031       ,16.069      ,0.05407       ,1578          ,138.691         ,0.000         ,-0.000              ,-0.000              ,23921.871       ,0.00000           ,0.00000               ,0.000         ,0.000         ,0.000         ,-0.004        
17:01:29.813277     ,0.051       ,0.880       ,0.885       ,16.070      ,16.064      ,16.039      ,0.027       ,0.134       ,0.000       ,-0.098      ,0.036       ,880.000     ,0.027       ,16.065      ,0.05407       ,1578          ,138.691         ,0.000         ,-0.000              ,-0.000              ,23921.871       ,0.00000           ,0.00000               ,0.000         ,0.000         ,0.000         ,-0.004        
17:01:29.825997     ,0.049       ,0.880       ,0.885       ,16.070      ,16.065      ,16.039      ,0.026       ,0.129       ,0.000       ,0.059       ,0.188       ,880.000     ,0.026       ,16.064      ,0.05407       ,1578          ,138.691         ,0.000         ,-0.000              ,-0.000              ,23921.871       ,0.00000           ,0.00000               ,0.000         ,0.000         ,0.000         ,-0.003        
17:01:29.833356     ,0.049       ,0.880       ,0.885       ,16.070      ,16.063      ,16.039      ,0.026       ,0.129       ,0.000       ,0.059       ,0.188       ,880.000     ,0.026       ,16.064      ,0.05407       ,1578          ,138.691         ,0.000         ,-0.000              ,-0.000              ,23921.871       ,0.00000           ,0.00000               ,0.000         ,0.000         ,0.000         ,-0.003        
17:01:29.845773     ,0.051       ,0.880       ,0.885       ,16.080      ,16.065      ,16.039      ,0.025       ,0.124       ,0.000       ,-0.004      ,0.120       ,880.000     ,0.025       ,16.063      ,0.05407       ,1578          ,138.691         ,0.000         ,-0.000              ,-0.000              ,23921.871       ,0.00000           ,0.00000               ,0.000         ,0.000         ,0.000         ,0.000         
17:01:29.853337     ,0.049       ,0.880       ,0.869       ,16.070      ,16.064      ,16.039      ,0.026       ,0.131       ,0.000       ,0.049       ,0.181       ,880.000     ,0.026       ,16.065      ,0.05407       ,1578          ,138.691         ,0.000         ,-0.000              ,-0.000              ,23921.871       ,0.00000           ,0.00000               ,0.000         ,0.000         ,0.000         ,0.000         
17:01:29.863366     ,0.051       ,0.880       ,0.869       ,16.070      ,16.063      ,16.039      ,0.025       ,0.125       ,0.000       ,-0.052      ,0.073       ,880.000     ,0.025       ,16.064      ,0.05407       ,1578          ,138.691         ,0.000         ,-0.000              ,-0.000              ,23921.871       ,0.00000           ,0.00000               ,0.000         ,0.000         ,0.000         ,-0.003        
17:01:29.873351     ,0.049       ,0.880       ,0.869       ,16.060      ,16.061      ,16.039      ,0.024       ,0.121       ,0.000       ,0.007       ,0.128       ,880.000     ,0.024       ,16.063      ,0.05407       ,1578          ,138.691         ,0.000         ,-0.000              ,-0.000              ,23921.871       ,0.00000           ,0.00000               ,0.000         ,0.000         ,0.000         ,-0.003        
17:01:29.883285     ,0.049       ,0.880       ,0.869       ,16.070      ,16.061      ,16.039      ,0.022       ,0.111       ,0.000       ,-0.022      ,0.088       ,880.000     ,0.022       ,16.061      ,0.05407       ,1578          ,138.691         ,0.000         ,-0.000              ,-0.000              ,23921.871       ,0.00000           ,0.00000               ,0.000         ,0.000         ,0.000         ,-0.004        
17:01:29.893302     ,0.051       ,0.880       ,0.869       ,16.070      ,16.060      ,16.039      ,0.022       ,0.108       ,0.000       ,0.028       ,0.136       ,880.000     ,0.022       ,16.060      ,0.05407       ,1578          ,138.691         ,0.000         ,-0.000              ,-0.000              ,23921.871       ,0.00000           ,0.00000               ,0.000         ,0.000         ,0.000         ,-0.004        
17:01:29.903376     ,0.051       ,0.880       ,0.869       ,16.060      ,16.059      ,16.039      ,0.022       ,0.108       ,0.000       ,0.028       ,0.136       ,880.000     ,0.022       ,16.060      ,0.05407       ,1578          ,138.691         ,0.000         ,-0.000              ,-0.000              ,23921.871       ,0.00000           ,0.00000               ,0.000         ,0.000         ,0.000         ,-0.004        
17:01:29.919567     ,0.051       ,0.880       ,0.885       ,16.060      ,16.058      ,16.039      ,0.022       ,0.108       ,0.000       ,0.028       ,0.136       ,880.000     ,0.022       ,16.060      ,0.05407       ,1578          ,138.691         ,0.000         ,-0.000              ,-0.000              ,23921.871       ,0.00000           ,0.00000               ,0.000         ,0.000         ,0.000         ,-0.003        
17:01:29.923332     ,0.051       ,0.880       ,0.885       ,16.080      ,16.061      ,16.039      ,0.019       ,0.096       ,0.000       ,-0.036      ,0.060       ,880.000     ,0.019       ,16.058      ,0.05407       ,1578          ,138.691         ,0.000         ,-0.000              ,-0.000              ,23921.871       ,0.00000           ,0.00000               ,0.000         ,0.000         ,0.000         ,-0.003        
17:01:29.937307     ,0.049       ,0.880       ,0.869       ,16.070      ,16.059      ,16.039      ,0.019       ,0.096       ,0.000       ,-0.036      ,0.060       ,880.000     ,0.019       ,16.058      ,0.05407       ,1578          ,138.691         ,0.000         ,-0.000              ,-0.000              ,23921.871       ,0.00000           ,0.00000               ,0.000         ,0.000         ,0.000         ,-0.001        
17:01:29.943298     ,0.049       ,0.880       ,0.869       ,16.080      ,16.060      ,16.039      ,0.021       ,0.107       ,0.000       ,-0.020      ,0.086       ,880.000     ,0.021       ,16.060      ,0.05407       ,1578          ,138.691         ,0.000         ,-0.000              ,-0.000              ,23921.871       ,0.00000           ,0.00000               ,0.000         ,0.000         ,0.000         ,-0.001        
17:01:29.954868     ,0.049       ,0.880       ,0.885       ,16.070      ,16.061      ,16.039      ,0.021       ,0.107       ,0.000       ,-0.020      ,0.086       ,880.000     ,0.021       ,16.060      ,0.05407       ,1578          ,138.691         ,0.000         ,-0.000              ,-0.000              ,23921.871       ,0.00000           ,0.00000               ,0.000         ,0.000         ,0.000         ,-0.001        
17:01:29.963292     ,0.049       ,0.880       ,0.885       ,16.080      ,16.064      ,16.039      ,0.021       ,0.107       ,0.000       ,-0.020      ,0.086       ,880.000     ,0.021       ,16.060      ,0.05407       ,1578          ,138.691         ,0.000         ,-0.000              ,-0.000              ,23921.871       ,0.00000           ,0.00000               ,0.000         ,0.000         ,0.000         ,-0.001        
17:01:29.973382     ,0.051       ,0.880       ,0.869       ,16.090      ,16.066      ,16.039      ,0.026       ,0.129       ,0.000       ,0.075       ,0.204       ,880.000     ,0.026       ,16.064      ,0.05407       ,1578          ,138.691         ,0.000         ,-0.000              ,-0.000              ,23921.871       ,0.00000           ,0.00000               ,0.000         ,0.000         ,0.000         ,0.004         
17:01:29.983298     ,0.051       ,0.880       ,0.885       ,16.090      ,16.070      ,16.039      ,0.026       ,0.129       ,0.000       ,-0.087      ,0.042       ,880.000     ,0.026       ,16.064      ,0.05407       ,1578          ,138.691         ,0.000         ,-0.000              ,-0.000              ,23921.871       ,0.00000           ,0.00000               ,0.000         ,0.000         ,0.000         ,0.004         
17:01:29.993303     ,0.051       ,0.880       ,0.885       ,16.080      ,16.071      ,16.039      ,0.032       ,0.159       ,0.000       ,0.121       ,0.280       ,880.000     ,0.032       ,16.070      ,0.05407       ,1578          ,138.691         ,0.000         ,-0.000              ,-0.000              ,23921.871       ,0.00000           ,0.00000               ,0.000         ,0.000         ,0.000         ,-0.001        
17:01:30.009940     ,0.049       ,0.880       ,0.869       ,16.090      ,16.076      ,16.039      ,0.032       ,0.159       ,0.000       ,0.121       ,0.280       ,880.000     ,0.032       ,16.070      ,0.05407       ,1578          ,138.691         ,0.000         ,-0.000              ,-0.000              ,23921.871       ,0.00000           ,0.00000               ,0.000         ,0.000         ,0.000         ,-0.004        
17:01:30.013290     ,0.049       ,0.880       ,0.869       ,16.090      ,16.078      ,16.039      ,0.037       ,0.187       ,0.000       ,-0.011      ,0.176       ,880.000     ,0.037       ,16.076      ,0.05407       ,1578          ,138.691         ,0.000         ,-0.000              ,-0.000              ,23921.871       ,0.00000           ,0.00000               ,0.000         ,0.000         ,0.000         ,-0.004        
17:01:30.028737     ,0.051       ,0.880       ,0.869       ,16.100      ,16.080      ,16.039      ,0.040       ,0.198       ,0.000       ,-0.066      ,0.132       ,880.000     ,0.040       ,16.078      ,0.05407       ,1578          ,138.691         ,0.000         ,-0.000              ,-0.000              ,23921.871       ,0.00000           ,0.00000               ,0.000         ,0.000         ,0.000         ,-0.003        
17:01:30.033275     ,0.051       ,0.880       ,0.869       ,16.090      ,16.080      ,16.039      ,0.040       ,0.198       ,0.000       ,-0.066      ,0.132       ,880.000     ,0.040       ,16.078      ,0.05407       ,1578          ,138.691         ,0.000         ,-0.000              ,-0.000              ,23921.871       ,0.00000           ,0.00000               ,0.000         ,0.000         ,0.000         ,-0.003        
17:01:30.047352     ,0.049       ,0.880       ,0.869       ,16.100      ,16.084      ,16.039      ,0.042       ,0.209       ,0.000       ,0.001       ,0.211       ,880.000     ,0.042       ,16.080      ,0.05407       ,1578          ,138.691         ,0.000         ,-0.000              ,-0.000              ,23921.871       ,0.00000           ,0.00000               ,0.000         ,0.000         ,0.000         ,-0.004        
17:01:30.053460     ,0.051       ,0.880       ,0.885       ,16.100      ,16.086      ,16.039      ,0.046       ,0.229       ,0.000       ,0.033       ,0.262       ,880.000     ,0.046       ,16.084      ,0.05407       ,1578          ,138.691         ,0.000         ,-0.000              ,-0.000              ,23921.871       ,0.00000           ,0.00000               ,0.000         ,0.000         ,0.000         ,-0.004        
17:01:30.066092     ,0.049       ,0.880       ,0.853       ,16.100      ,16.087      ,16.039      ,0.047       ,0.236       ,0.000       ,-0.050      ,0.187       ,880.000     ,0.047       ,16.086      ,0.05407       ,1578          ,138.691         ,0.000         ,-0.000              ,-0.000              ,23921.871       ,0.00000           ,0.00000               ,0.000         ,0.000         ,0.000         ,-0.004        
17:01:30.073364     ,0.051       ,0.880       ,0.885       ,16.100      ,16.088      ,16.039      ,0.049       ,0.245       ,0.000       ,0.004       ,0.248       ,880.000     ,0.049       ,16.087      ,0.05407       ,1578          ,138.691         ,0.000         ,-0.000              ,-0.000              ,23921.871       ,0.00000           ,0.00000               ,0.000         ,0.000         ,0.000         ,-0.004        
17:01:30.085876     ,0.051       ,0.880       ,0.869       ,16.100      ,16.090      ,16.039      ,0.049       ,0.246       ,0.000       ,-0.029      ,0.217       ,880.000     ,0.049       ,16.088      ,0.05407       ,1578          ,138.691         ,0.000         ,-0.000              ,-0.000              ,23921.871       ,0.00000           ,0.00000               ,0.000         ,0.000         ,0.000         ,-0.003        
17:01:30.093300     ,0.051       ,0.880       ,0.853       ,16.100      ,16.091      ,16.039      ,0.052       ,0.258       ,0.000       ,0.046       ,0.304       ,880.000     ,0.052       ,16.090      ,0.05407       ,1578          ,138.691         ,0.000         ,-0.000              ,-0.000              ,23921.871       ,0.00000           ,0.00000               ,0.000         ,0.000         ,0.000         ,-0.003        
17:01:30.107789     ,0.049       ,0.880       ,0.869       ,16.120      ,16.095      ,16.039      ,0.052       ,0.261       ,0.000       ,-0.040      ,0.221       ,880.000     ,0.052       ,16.091      ,0.05407       ,1578          ,138.691         ,0.000         ,-0.000              ,-0.000              ,23921.871       ,0.00000           ,0.00000               ,0.000         ,0.000         ,0.000         ,-0.004        
17:01:30.113300     ,0.051       ,0.880       ,0.869       ,16.120      ,16.098      ,16.039      ,0.056       ,0.281       ,0.000       ,0.070       ,0.351       ,880.000     ,0.056       ,16.095      ,0.05407       ,1578          ,138.691         ,0.000         ,-0.000              ,-0.000              ,23921.871       ,0.00000           ,0.00000               ,0.000         ,0.000         ,0.000         ,-0.004        
17:01:30.125588     ,0.049       ,0.880       ,0.869       ,16.120      ,16.101      ,16.039      ,0.059       ,0.296       ,0.000       ,-0.020      ,0.277       ,880.000     ,0.059       ,16.098      ,0.05407       ,1578          ,138.691         ,0.000         ,-0.000              ,-0.000              ,23921.871       ,0.00000           ,0.00000               ,0.000         ,0.000         ,0.000         ,0.000         
17:01:30.133283     ,0.051       ,0.880       ,0.869       ,16.130      ,16.105      ,16.039      ,0.062       ,0.310       ,0.000       ,-0.006      ,0.304       ,880.000     ,0.062       ,16.101      ,0.05407       ,1578          ,138.691         ,0.000         ,-0.000              ,-0.000              ,23921.871       ,0.00000           ,0.00000               ,0.000         ,0.000         ,0.000         ,0.000         
17:01:30.146303     ,0.049       ,0.880       ,0.869       ,16.130      ,16.105      ,16.039      ,0.067       ,0.333       ,0.000       ,0.039       ,0.372       ,880.000     ,0.067       ,16.105      ,0.05407       ,1578          ,138.691         ,0.000         ,-0.000              ,-0.000              ,23921.871       ,0.00000           ,0.00000               ,0.000         ,0.000         ,0.000         ,-0.004        
17:01:30.153383     ,0.049       ,0.880       ,0.853       ,16.130      ,16.111      ,16.039      ,0.070       ,0.349       ,0.000       ,-0.031      ,0.319       ,880.000     ,0.070       ,16.108      ,0.05407       ,1578          ,138.691         ,0.000         ,-0.000              ,-0.000              ,23921.871       ,0.00000           ,0.00000               ,0.000         ,0.000         ,0.000         ,-0.004        
17:01:30.163968     ,0.051       ,0.880       ,0.885       ,16.140      ,16.116      ,16.039      ,0.072       ,0.361       ,0.000       ,-0.015      ,0.347       ,880.000     ,0.072       ,16.111      ,0.05407       ,1578          ,138.691         ,0.000         ,-0.000              ,-0.000              ,23921.871       ,0.00000           ,0.00000               ,0.000         ,0.000         ,0.000         ,0.001         
17:01:30.173346     ,0.051       ,0.880       ,0.869       ,16.130      ,16.119      ,16.039      ,0.077       ,0.387       ,0.000       ,0.054       ,0.441       ,880.000     ,0.077       ,16.116      ,0.05407       ,1578          ,138.691         ,0.000         ,-0.000              ,-0.000              ,23921.871       ,0.00000           ,0.00000               ,0.000         ,0.000         ,0.000         ,0.001         
17:01:30.183285     ,0.051       ,0.880       ,0.869       ,16.130      ,16.121      ,16.039      ,0.081       ,0.403       ,0.000       ,-0.039      ,0.364       ,880.000     ,0.081       ,16.119      ,0.05407       ,1578          ,138.691         ,0.000         ,-0.000              ,-0.000              ,23921.871       ,0.00000           ,0.00000               ,0.000         ,0.000         ,0.000         ,-0.004        
17:01:30.193290     ,0.049       ,0.880       ,0.869       ,16.130      ,16.124      ,16.039      ,0.085       ,0.425       ,0.000       ,0.025       ,0.450       ,880.000     ,0.085       ,16.124      ,0.05407       ,1578          ,138.691         ,0.000         ,-0.000              ,-0.000              ,23921.871       ,0.00000           ,0.00000               ,0.000         ,0.000         ,0.000         ,-0.004        
17:01:30.203374     ,0.049       ,0.880       ,0.869       ,16.120      ,16.122      ,16.039      ,0.085       ,0.425       ,0.000       ,0.025       ,0.450       ,880.000     ,0.085       ,16.124      ,0.05407       ,1578          ,138.691         ,0.000         ,-0.000              ,-0.000              ,23921.871       ,0.00000           ,0.00000               ,0.000         ,0.000         ,0.000         ,0.000         
17:01:30.217859     ,0.051       ,0.880       ,0.869       ,16.120      ,16.119      ,16.039      ,0.085       ,0.425       ,0.000       ,0.025       ,0.450       ,880.000     ,0.085       ,16.124      ,0.05407       ,1578          ,138.691         ,0.000         ,-0.000              ,-0.000              ,23921.871       ,0.00000           ,0.00000               ,0.000         ,0.000         ,0.000         ,0.000         
17:01:30.223330     ,0.051       ,0.880       ,0.869       ,16.120      ,16.118      ,16.039      ,0.081       ,0.404       ,0.000       ,-0.172      ,0.231       ,880.000     ,0.081       ,16.119      ,0.05407       ,1578          ,138.691         ,0.000         ,-0.000              ,-0.000              ,23921.871       ,0.00000           ,0.00000               ,0.000         ,0.000         ,0.000         ,0.000         
17:01:30.238552     ,0.051       ,0.880       ,0.853       ,16.130      ,16.118      ,16.039      ,0.081       ,0.404       ,0.000       ,-0.172      ,0.231       ,880.000     ,0.081       ,16.119      ,0.05407       ,1578          ,138.691         ,0.000         ,-0.000              ,-0.000              ,23921.871       ,0.00000           ,0.00000               ,0.000         ,0.000         ,0.000         ,-0.003        
17:01:30.243456     ,0.049       ,0.880       ,0.869       ,16.140      ,16.119      ,16.039      ,0.080       ,0.399       ,0.000       ,0.062       ,0.461       ,880.000     ,0.080       ,16.118      ,0.05407       ,1578          ,138.691         ,0.000         ,-0.000              ,-0.000              ,23921.871       ,0.00000           ,0.00000               ,0.000         ,0.000         ,0.000         ,-0.003        
17:01:30.257202     ,0.051       ,0.880       ,0.869       ,16.130      ,16.119      ,16.039      ,0.080       ,0.401       ,0.000       ,0.033       ,0.434       ,880.000     ,0.080       ,16.119      ,0.05407       ,1578          ,138.691         ,0.000         ,-0.000              ,-0.000              ,23921.871       ,0.00000           ,0.00000               ,0.000         ,0.000         ,0.000         ,0.000         
17:01:30.263290     ,0.051       ,0.880       ,0.869       ,16.120      ,16.117      ,16.039      ,0.080       ,0.401       ,0.000       ,0.033       ,0.434       ,880.000     ,0.080       ,16.119      ,0.05407       ,1578          ,138.691         ,0.000         ,-0.000              ,-0.000              ,23921.871       ,0.00000           ,0.00000               ,0.000         ,0.000         ,0.000         ,0.000         
17:01:30.274864     ,0.051       ,0.880       ,0.869       ,16.140      ,16.120      ,16.039      ,0.079       ,0.393       ,0.000       ,0.032       ,0.350       ,880.000     ,0.079       ,16.117      ,0.05407       ,1578          ,138.691         ,0.000         ,-0.000              ,-0.000              ,23921.871       ,0.00000           ,0.00000               ,0.000         ,0.000         ,0.000         ,0.000         
17:01:30.283297     ,0.051       ,0.880       ,0.869       ,16.140      ,16.122      ,16.039      ,0.079       ,0.393       ,0.000       ,0.032       ,0.425       ,880.000     ,0.079       ,16.117      ,0.05407       ,1578          ,138.691         ,0.000         ,-0.000              ,-0.000              ,23921.871       ,0.00000           ,0.00000               ,0.000         ,0.000         ,0.000         ,0.000         
17:01:30.293582     ,0.051       ,0.880       ,0.869       ,16.140      ,16.123      ,16.039      ,0.084       ,0.418       ,0.000       ,0.098       ,0.515       ,880.000     ,0.084       ,16.122      ,0.05407       ,1578          ,138.691         ,0.000         ,-0.000              ,-0.000              ,23921.871       ,0.00000           ,0.00000               ,0.000         ,0.000         ,0.000         ,-0.001        
17:01:30.303385     ,0.049       ,0.880       ,0.885       ,16.130      ,16.124      ,16.039      ,0.084       ,0.421       ,0.000       ,-0.083      ,0.339       ,880.000     ,0.084       ,16.123      ,0.05407       ,1578          ,138.691         ,0.000         ,-0.000              ,-0.000              ,23921.871       ,0.00000           ,0.00000               ,0.000         ,0.000         ,0.000         ,-0.001        
17:01:30.313430     ,0.051       ,0.880       ,0.869       ,16.140      ,16.129      ,16.039      ,0.086       ,0.429       ,0.000       ,0.015       ,0.444       ,880.000     ,0.086       ,16.124      ,0.05407       ,1578          ,138.691         ,0.000         ,-0.000              ,-0.000              ,23921.871       ,0.00000           ,0.00000               ,0.000         ,0.000         ,0.000         ,-0.003        
17:01:30.323390     ,0.049       ,0.880       ,0.869       ,16.140      ,16.129      ,16.039      ,0.091       ,0.453       ,0.000       ,0.067       ,0.520       ,880.000     ,0.091       ,16.129      ,0.05407       ,1578          ,138.691         ,0.000         ,-0.000              ,-0.000              ,23921.871       ,0.00000           ,0.00000               ,0.000         ,0.000         ,0.000         ,-0.003        
17:01:30.334126     ,0.051       ,0.880       ,0.869       ,16.150      ,16.131      ,16.039      ,0.091       ,0.453       ,0.000       ,-0.096      ,0.358       ,880.000     ,0.091       ,16.129      ,0.05407       ,1578          ,138.691         ,0.000         ,-0.000              ,-0.000              ,23921.871       ,0.00000           ,0.00000               ,0.000         ,0.000         ,0.000         ,-0.003        
17:01:30.343471     ,0.051       ,0.880       ,0.869       ,16.150      ,16.132      ,16.039      ,0.093       ,0.463       ,0.000       ,0.035       ,0.498       ,880.000     ,0.093       ,16.131      ,0.05407       ,1578          ,138.691         ,0.000         ,-0.000              ,-0.000              ,23921.871       ,0.00000           ,0.00000               ,0.000         ,0.000         ,0.000         ,-0.003        
17:01:30.355008     ,0.051       ,0.880       ,0.869       ,16.150      ,16.136      ,16.039      ,0.094       ,0.470       ,0.000       ,-0.008      ,0.461       ,880.000     ,0.094       ,16.132      ,0.05407       ,1578          ,138.691         ,0.000         ,-0.000              ,-0.000              ,23921.871       ,0.00000           ,0.00000               ,0.000         ,0.000         ,0.000         ,-0.004        
17:01:30.363422     ,0.055       ,0.880       ,0.885       ,16.150      ,16.137      ,16.039      ,0.097       ,0.485       ,0.000       ,0.033       ,0.517       ,880.000     ,0.097       ,16.136      ,0.05407       ,1578          ,138.691         ,0.000         ,-0.000              ,-0.000              ,23921.871       ,0.00000           ,0.00000               ,0.000         ,0.000         ,0.000         ,-0.004        
17:01:30.373304     ,0.051       ,0.880       ,0.869       ,16.140      ,16.137      ,16.039      ,0.098       ,0.490       ,0.000       ,-0.038      ,0.453       ,880.000     ,0.098       ,16.137      ,0.05407       ,1578          ,138.691         ,0.000         ,-0.000              ,-0.000              ,23921.871       ,0.00000           ,0.00000               ,0.000         ,0.000         ,0.000         ,-0.004        
17:01:30.383407     ,0.049       ,0.880       ,0.885       ,16.150      ,16.138      ,16.039      ,0.098       ,0.491       ,0.000       ,-0.019      ,0.472       ,880.000     ,0.098       ,16.137      ,0.05407       ,1578          ,138.691         ,0.000         ,-0.000              ,-0.000              ,23921.871       ,0.00000           ,0.00000               ,0.000         ,0.000         ,0.000         ,-0.004        
17:01:30.393334     ,0.049       ,0.880       ,0.885       ,16.140      ,16.138      ,16.039      ,0.099       ,0.497       ,0.000       ,0.019       ,0.516       ,880.000     ,0.099       ,16.138      ,0.05407       ,1578          ,138.691         ,0.000         ,-0.000              ,-0.000              ,23921.871       ,0.00000           ,0.00000               ,0.000         ,0.000         ,0.000         ,-0.001        
17:01:30.410343     ,0.051       ,0.880       ,0.885       ,16.150      ,16.139      ,16.039      ,0.099       ,0.502       ,0.000       ,-0.001      ,0.516       ,880.000     ,0.099       ,16.138      ,0.05407       ,1578          ,138.691         ,0.000         ,-0.000              ,-0.000              ,23921.871       ,0.00000           ,0.00000               ,0.000         ,0.000         ,0.000         ,-0.004        
17:01:30.413276     ,0.051       ,0.880       ,0.885       ,16.150      ,16.139      ,16.039      ,0.100       ,0.502       ,0.000       ,-0.001      ,0.501       ,880.000     ,0.100       ,16.139      ,0.05407       ,1578          ,138.691         ,0.000         ,-0.000              ,-0.000              ,23921.871       ,0.00000           ,0.00000               ,0.000         ,0.000         ,0.000         ,-0.004        
17:01:30.430161     ,0.051       ,0.880       ,0.869       ,16.150      ,16.141      ,16.039      ,0.101       ,0.504       ,0.000       ,-0.014      ,0.490       ,880.000     ,0.101       ,16.139      ,0.05407       ,1578          ,138.691         ,0.000         ,-0.000              ,-0.000              ,23921.871       ,0.00000           ,0.00000               ,0.000         ,0.000         ,0.000         ,-0.001        
17:01:30.433276     ,0.051       ,0.880       ,0.869       ,16.150      ,16.139      ,16.039      ,0.101       ,0.504       ,0.000       ,-0.014      ,0.490       ,880.000     ,0.101       ,16.139      ,0.05407       ,1578          ,138.691         ,0.000         ,-0.000              ,-0.000              ,23921.871       ,0.00000           ,0.00000               ,0.000         ,0.000         ,0.000         ,-0.001        
17:01:30.448850     ,0.049       ,0.880       ,0.869       ,16.150      ,16.140      ,16.039      ,0.101       ,0.508       ,0.000       ,0.019       ,0.495       ,880.000     ,0.101       ,16.139      ,0.05407       ,1578          ,138.691         ,0.000         ,-0.000              ,-0.000              ,23921.871       ,0.00000           ,0.00000               ,0.000         ,0.000         ,0.000         ,-0.005        
17:01:30.453285     ,0.049       ,0.880       ,0.869       ,16.180      ,16.145      ,16.039      ,0.102       ,0.508       ,0.000       ,0.019       ,0.527       ,880.000     ,0.102       ,16.140      ,0.05407       ,1578          ,138.691         ,0.000         ,-0.000              ,-0.000              ,23921.871       ,0.00000           ,0.00000               ,0.000         ,0.000         ,0.000         ,-0.005        
17:01:30.468426     ,0.051       ,0.880       ,0.869       ,16.160      ,16.145      ,16.039      ,0.106       ,0.530       ,0.000       ,0.072       ,0.602       ,880.000     ,0.106       ,16.145      ,0.05407       ,1578          ,138.691         ,0.000         ,-0.000              ,-0.000              ,23921.871       ,0.00000           ,0.00000               ,0.000         ,0.000         ,0.000         ,-0.004        
17:01:30.473303     ,0.051       ,0.880       ,0.869       ,16.160      ,16.145      ,16.039      ,0.107       ,0.534       ,0.000       ,-0.074      ,0.460       ,880.000     ,0.107       ,16.145      ,0.05407       ,1578          ,138.691         ,0.000         ,-0.000              ,-0.000              ,23921.871       ,0.00000           ,0.00000               ,0.000         ,0.000         ,0.000         ,-0.004        
17:01:30.486090     ,0.051       ,0.880       ,0.885       ,16.160      ,16.149      ,16.039      ,0.107       ,0.536       ,0.000       ,-0.008      ,0.529       ,880.000     ,0.107       ,16.146      ,0.05407       ,1578          ,138.691         ,0.000         ,-0.000              ,-0.000              ,23921.871       ,0.00000           ,0.00000               ,0.000         ,0.000         ,0.000         ,0.001         
17:01:30.493345     ,0.051       ,0.880       ,0.869       ,16.160      ,16.152      ,16.039      ,0.111       ,0.553       ,0.000       ,0.059       ,0.612       ,880.000     ,0.111       ,16.149      ,0.05407       ,1578          ,138.691         ,0.000         ,-0.000              ,-0.000              ,23921.871       ,0.00000           ,0.00000               ,0.000         ,0.000         ,0.000         ,0.001         
17:01:30.506798     ,0.049       ,0.880       ,0.869       ,16.160      ,16.150      ,16.039      ,0.114       ,0.569       ,0.000       ,-0.003      ,0.566       ,880.000     ,0.114       ,16.152      ,0.05407       ,1578          ,138.691         ,0.000         ,-0.000              ,-0.000              ,23921.871       ,0.00000           ,0.00000               ,0.000         ,0.000         ,0.000         ,-0.004        
17:01:30.513292     ,0.049       ,0.880       ,0.869       ,16.180      ,16.155      ,16.039      ,0.111       ,0.557       ,0.000       ,-0.112      ,0.444       ,880.000     ,0.111       ,16.150      ,0.05407       ,1578          ,138.691         ,0.000         ,-0.000              ,-0.000              ,23921.871       ,0.00000           ,0.00000               ,0.000         ,0.000         ,0.000         ,-0.004        
17:01:30.524593     ,0.051       ,0.880       ,0.869       ,16.160      ,16.156      ,16.039      ,0.116       ,0.581       ,0.000       ,0.147       ,0.728       ,880.000     ,0.116       ,16.155      ,0.05407       ,1578          ,138.691         ,0.000         ,-0.000              ,-0.000              ,23921.871       ,0.00000           ,0.00000               ,0.000         ,0.000         ,0.000         ,0.000         
17:01:30.533286     ,0.049       ,0.880       ,0.869       ,16.180      ,16.158      ,16.039      ,0.117       ,0.587       ,0.000       ,-0.075      ,0.513       ,880.000     ,0.117       ,16.156      ,0.05407       ,1578          ,138.691         ,0.000         ,-0.000              ,-0.000              ,23921.871       ,0.00000           ,0.00000               ,0.000         ,0.000         ,0.000         ,0.000         
17:01:30.543686     ,0.049       ,0.880       ,0.869       ,16.160      ,16.157      ,16.039      ,0.120       ,0.599       ,0.000       ,0.022       ,0.621       ,880.000     ,0.120       ,16.158      ,0.05407       ,1578          ,138.691         ,0.000         ,-0.000              ,-0.000              ,23921.871       ,0.00000           ,0.00000               ,0.000         ,0.000         ,0.000         ,-0.001        
17:01:30.553303     ,0.049       ,0.880       ,0.869       ,16.180      ,16.160      ,16.039      ,0.122       ,0.609       ,0.000       ,-0.005      ,0.604       ,880.000     ,0.122       ,16.160      ,0.05407       ,1578          ,138.691         ,0.000         ,-0.000              ,-0.000              ,23921.871       ,0.00000           ,0.00000               ,0.000         ,0.000         ,0.000         ,-0.001        
17:01:30.564220     ,0.049       ,0.880       ,0.885       ,16.160      ,16.157      ,16.039      ,0.122       ,0.609       ,0.000       ,-0.005      ,0.604       ,880.000     ,0.122       ,16.160      ,0.05407       ,1578          ,138.691         ,0.000         ,-0.000              ,-0.000              ,23921.871       ,0.00000           ,0.00000               ,0.000         ,0.000         ,0.000         ,-0.004        
17:01:30.573304     ,0.051       ,0.880       ,0.869       ,16.180      ,16.163      ,16.039      ,0.124       ,0.620       ,0.000       ,0.173       ,0.793       ,880.000     ,0.124       ,16.163      ,0.05407       ,1578          ,138.691         ,0.000         ,-0.000              ,-0.000              ,23921.871       ,0.00000           ,0.00000               ,0.000         ,0.000         ,0.000         ,-0.004        
17:01:30.585211     ,0.051       ,0.880       ,0.869       ,16.160      ,16.160      ,16.039      ,0.124       ,0.620       ,0.000       ,0.173       ,0.793       ,880.000     ,0.124       ,16.163      ,0.05407       ,1578          ,138.691         ,0.000         ,-0.000              ,-0.000              ,23921.871       ,0.00000           ,0.00000               ,0.000         ,0.000         ,0.000         ,-0.004        
17:01:30.593393     ,0.051       ,0.880       ,0.869       ,16.180      ,16.165      ,16.039      ,0.121       ,0.607       ,0.000       ,-0.162      ,0.445       ,880.000     ,0.121       ,16.160      ,0.05407       ,1578          ,138.691         ,0.000         ,-0.000              ,-0.000              ,23921.871       ,0.00000           ,0.00000               ,0.000         ,0.000         ,0.000         ,-0.004        
17:01:30.603780     ,0.051       ,0.880       ,0.869       ,16.180      ,16.164      ,16.039      ,0.126       ,0.630       ,0.000       ,0.149       ,0.779       ,880.000     ,0.126       ,16.165      ,0.05407       ,1578          ,138.691         ,0.000         ,-0.000              ,-0.000              ,23921.871       ,0.00000           ,0.00000               ,0.000         ,0.000         ,0.000         ,-0.004        
17:01:30.613329     ,0.051       ,0.880       ,0.869       ,16.180      ,16.167      ,16.039      ,0.126       ,0.630       ,0.000       ,0.149       ,0.779       ,880.000     ,0.126       ,16.165      ,0.05407       ,1578          ,138.691         ,0.000         ,-0.000              ,-0.000              ,23921.871       ,0.00000           ,0.00000               ,0.000         ,0.000         ,0.000         ,-0.004        
17:01:30.624592     ,0.049       ,0.880       ,0.869       ,16.180      ,16.166      ,16.039      ,0.128       ,0.641       ,0.000       ,-0.051      ,0.591       ,880.000     ,0.128       ,16.167      ,0.05407       ,1578          ,138.691         ,0.000         ,-0.000              ,-0.000              ,23921.871       ,0.00000           ,0.00000               ,0.000         ,0.000         ,0.000         ,0.000         
17:01:30.633284     ,0.049       ,0.880       ,0.869       ,16.180      ,16.169      ,16.039      ,0.130       ,0.651       ,0.000       ,0.089       ,0.741       ,880.000     ,0.130       ,16.169      ,0.05407       ,1578          ,138.691         ,0.000         ,-0.000              ,-0.000              ,23921.871       ,0.00000           ,0.00000               ,0.000         ,0.000         ,0.000         ,0.000         
17:01:30.644420     ,0.049       ,0.880       ,0.869       ,16.200      ,16.172      ,16.039      ,0.130       ,0.651       ,0.000       ,0.089       ,0.741       ,880.000     ,0.130       ,16.169      ,0.05407       ,1578          ,138.691         ,0.000         ,-0.000              ,-0.000              ,23921.871       ,0.00000           ,0.00000               ,0.000         ,0.000         ,0.000         ,-0.001        
17:01:30.653307     ,0.051       ,0.880       ,0.853       ,16.190      ,16.174      ,16.039      ,0.135       ,0.677       ,0.000       ,-0.028      ,0.649       ,880.000     ,0.135       ,16.174      ,0.05407       ,1578          ,138.691         ,0.000         ,-0.000              ,-0.000              ,23921.871       ,0.00000           ,0.00000               ,0.000         ,0.000         ,0.000         ,-0.001        
17:01:30.664234     ,0.049       ,0.880       ,0.885       ,16.200      ,16.178      ,16.039      ,0.135       ,0.698       ,0.000       ,0.050       ,0.649       ,880.000     ,0.135       ,16.174      ,0.05407       ,1578          ,138.691         ,0.000         ,-0.000              ,-0.000              ,23921.871       ,0.00000           ,0.00000               ,0.000         ,0.000         ,0.000         ,-0.004        
17:01:30.673300     ,0.049       ,0.880       ,0.885       ,16.200      ,16.182      ,16.039      ,0.144       ,0.719       ,0.000       ,-0.002      ,0.717       ,880.000     ,0.144       ,16.182      ,0.05407       ,1578          ,138.691         ,0.000         ,-0.000              ,-0.000              ,23921.871       ,0.00000           ,0.00000               ,0.000         ,0.000         ,0.000         ,-0.004        
17:01:30.686162     ,0.049       ,0.880       ,0.869       ,16.190      ,16.185      ,16.039      ,0.144       ,0.719       ,0.000       ,-0.002      ,0.717       ,880.000     ,0.144       ,16.182      ,0.05407       ,1578          ,138.691         ,0.000         ,-0.000              ,-0.000              ,23921.871       ,0.00000           ,0.00000               ,0.000         ,0.000         ,0.000         ,0.000         
17:01:30.693391     ,0.051       ,0.880       ,0.885       ,16.190      ,16.184      ,16.039      ,0.146       ,0.731       ,0.000       ,-0.037      ,0.694       ,880.000     ,0.146       ,16.185      ,0.05407       ,1578          ,138.691         ,0.000         ,-0.000              ,-0.000              ,23921.871       ,0.00000           ,0.00000               ,0.000         ,0.000         ,0.000         ,0.000         
17:01:30.705094     ,0.049       ,0.880       ,0.853       ,16.200      ,16.187      ,16.039      ,0.145       ,0.727       ,0.000       ,-0.062      ,0.666       ,880.000     ,0.145       ,16.184      ,0.05407       ,1578          ,138.691         ,0.000         ,-0.000              ,-0.000              ,23921.871       ,0.00000           ,0.00000               ,0.000         ,0.000         ,0.000         ,0.000         
17:01:30.713293     ,0.049       ,0.880       ,0.869       ,16.210      ,16.190      ,16.039      ,0.149       ,0.744       ,0.000       ,0.083       ,0.827       ,880.000     ,0.149       ,16.187      ,0.05407       ,1578          ,138.691         ,0.000         ,-0.000              ,-0.000              ,23921.871       ,0.00000           ,0.00000               ,0.000         ,0.000         ,0.000         ,0.000         
17:01:30.723921     ,0.049       ,0.880       ,0.885       ,16.210      ,16.191      ,16.039      ,0.151       ,0.756       ,0.000       ,-0.021      ,0.735       ,880.000     ,0.151       ,16.190      ,0.05407       ,1578          ,138.691         ,0.000         ,-0.000              ,-0.000              ,23921.871       ,0.00000           ,0.00000               ,0.000         ,0.000         ,0.000         ,-0.001        
17:01:30.733293     ,0.049       ,0.880       ,0.853       ,16.210      ,16.194      ,16.039      ,0.155       ,0.777       ,0.000       ,0.026       ,0.803       ,880.000     ,0.155       ,16.194      ,0.05407       ,1578          ,138.691         ,0.000         ,-0.000              ,-0.000              ,23921.871       ,0.00000           ,0.00000               ,0.000         ,0.000         ,0.000         ,-0.001        
17:01:30.743854     ,0.049       ,0.880       ,0.853       ,16.210      ,16.197      ,16.039      ,0.155       ,0.777       ,0.000       ,0.026       ,0.803       ,880.000     ,0.155       ,16.194      ,0.05407       ,1578          ,138.691         ,0.000         ,-0.000              ,-0.000              ,23921.871       ,0.00000           ,0.00000               ,0.000         ,0.000         ,0.000         ,-0.003        
17:01:30.760232     ,0.051       ,0.880       ,0.885       ,16.200      ,16.196      ,16.039      ,0.155       ,0.777       ,0.000       ,0.026       ,0.803       ,880.000     ,0.155       ,16.194      ,0.05407       ,1578          ,138.691         ,0.000         ,-0.000              ,-0.000              ,23921.871       ,0.00000           ,0.00000               ,0.000         ,0.000         ,0.000         ,0.001         
17:01:30.763780     ,0.051       ,0.880       ,0.885       ,16.200      ,16.195      ,16.039      ,0.157       ,0.787       ,0.000       ,-0.018      ,0.768       ,880.000     ,0.157       ,16.196      ,0.05407       ,1578          ,138.691         ,0.000         ,-0.000              ,-0.000              ,23921.871       ,0.00000           ,0.00000               ,0.000         ,0.000         ,0.000         ,0.001         
17:01:30.779000     ,0.051       ,0.880       ,0.869       ,16.200      ,16.196      ,16.039      ,0.157       ,0.787       ,0.000       ,-0.018      ,0.768       ,880.000     ,0.157       ,16.196      ,0.05407       ,1578          ,138.691         ,0.000         ,-0.000              ,-0.000              ,23921.871       ,0.00000           ,0.00000               ,0.000         ,0.000         ,0.000         ,-0.003        
17:01:30.783276     ,0.051       ,0.880       ,0.869       ,16.220      ,16.199      ,16.039      ,0.157       ,0.785       ,0.000       ,-0.045      ,0.740       ,880.000     ,0.157       ,16.196      ,0.05407       ,1578          ,138.691         ,0.000         ,-0.000              ,-0.000              ,23921.871       ,0.00000           ,0.00000               ,0.000         ,0.000         ,0.000         ,-0.003        
17:01:30.797588     ,0.049       ,0.880       ,0.869       ,16.210      ,16.199      ,16.039      ,0.161       ,0.803       ,0.000       ,0.079       ,0.882       ,880.000     ,0.161       ,16.199      ,0.05407       ,1578          ,138.691         ,0.000         ,-0.000              ,-0.000              ,23921.871       ,0.00000           ,0.00000               ,0.000         ,0.000         ,0.000         ,-0.003        
17:01:30.803285     ,0.049       ,0.880       ,0.869       ,16.220      ,16.202      ,16.039      ,0.161       ,0.803       ,0.000       ,0.079       ,0.882       ,880.000     ,0.161       ,16.199      ,0.05407       ,1578          ,138.691         ,0.000         ,-0.000              ,-0.000              ,23921.871       ,0.00000           ,0.00000               ,0.000         ,0.000         ,0.000         ,-0.003        
17:01:30.816283     ,0.049       ,0.880       ,0.885       ,16.210      ,16.202      ,16.039      ,0.163       ,0.817       ,0.000       ,-0.059      ,0.804       ,880.000     ,0.163       ,16.202      ,0.05407       ,1578          ,138.691         ,0.000         ,-0.000              ,-0.000              ,23921.871       ,0.00000           ,0.00000               ,0.000         ,0.000         ,0.000         ,0.000         
17:01:30.823293     ,0.051       ,0.880       ,0.869       ,16.220      ,16.204      ,16.039      ,0.163       ,0.817       ,0.000       ,-0.059      ,0.759       ,880.000     ,0.163       ,16.202      ,0.05407       ,1578          ,138.691         ,0.000         ,-0.000              ,-0.000              ,23921.871       ,0.00000           ,0.00000               ,0.000         ,0.000         ,0.000         ,0.000         
17:01:30.837319     ,0.049       ,0.880       ,0.869       ,16.210      ,16.202      ,16.039      ,0.166       ,0.828       ,0.000       ,0.044       ,0.873       ,880.000     ,0.166       ,16.204      ,0.05407       ,1578          ,138.691         ,0.000         ,-0.000              ,-0.000              ,23921.871       ,0.00000           ,0.00000               ,0.000         ,0.000         ,0.000         ,0.000         
17:01:30.843412     ,0.051       ,0.880       ,0.869       ,16.220      ,16.205      ,16.039      ,0.163       ,0.817       ,0.000       ,-0.091      ,0.726       ,880.000     ,0.163       ,16.202      ,0.05407       ,1578          ,138.691         ,0.000         ,-0.000              ,-0.000              ,23921.871       ,0.00000           ,0.00000               ,0.000         ,0.000         ,0.000         ,0.000         
17:01:30.856267     ,0.051       ,0.880       ,0.869       ,16.210      ,16.205      ,16.039      ,0.166       ,0.832       ,0.000       ,0.109       ,0.941       ,880.000     ,0.166       ,16.205      ,0.05407       ,1578          ,138.691         ,0.000         ,-0.000              ,-0.000              ,23921.871       ,0.00000           ,0.00000               ,0.000         ,0.000         ,0.000         ,0.000         
17:01:30.863310     ,0.049       ,0.880       ,0.869       ,16.210      ,16.206      ,16.039      ,0.166       ,0.831       ,0.000       ,-0.069      ,0.762       ,880.000     ,0.166       ,16.205      ,0.05407       ,1578          ,138.691         ,0.000         ,-0.000              ,-0.000              ,23921.871       ,0.00000           ,0.00000               ,0.000         ,0.000         ,0.000         ,0.000         
17:01:30.874151     ,0.049       ,0.880       ,0.885       ,16.220      ,16.207      ,16.039      ,0.168       ,0.839       ,0.000       ,0.041       ,0.881       ,880.000     ,0.168       ,16.206      ,0.05407       ,1578          ,138.691         ,0.000         ,-0.000              ,-0.000              ,23921.871       ,0.00000           ,0.00000               ,0.000         ,0.000         ,0.000         ,-0.004        
17:01:30.883292     ,0.051       ,0.880       ,0.885       ,16.210      ,16.207      ,16.039      ,0.169       ,0.844       ,0.000       ,-0.019      ,0.825       ,880.000     ,0.169       ,16.207      ,0.05407       ,1578          ,138.691         ,0.000         ,-0.000              ,-0.000              ,23921.871       ,0.00000           ,0.00000               ,0.000         ,0.000         ,0.000         ,-0.004        
17:01:30.894178     ,0.051       ,0.880       ,0.869       ,16.210      ,16.205      ,16.039      ,0.169       ,0.843       ,0.000       ,-0.019      ,0.824       ,880.000     ,0.169       ,16.207      ,0.05407       ,1578          ,138.691         ,0.000         ,-0.000              ,-0.000              ,23921.871       ,0.00000           ,0.00000               ,0.000         ,0.000         ,0.000         ,-0.001        
17:01:30.903294     ,0.049       ,0.880       ,0.869       ,16.220      ,16.206      ,16.039      ,0.166       ,0.831       ,0.000       ,-0.046      ,0.785       ,880.000     ,0.166       ,16.205      ,0.05407       ,1578          ,138.691         ,0.000         ,-0.000              ,-0.000              ,23921.871       ,0.00000           ,0.00000               ,0.000         ,0.000         ,0.000         ,-0.001        
17:01:30.913363     ,0.049       ,0.880       ,0.885       ,16.220      ,16.207      ,16.039      ,0.167       ,0.837       ,0.000       ,0.073       ,0.910       ,880.000     ,0.167       ,16.206      ,0.05407       ,1578          ,138.691         ,0.000         ,-0.000              ,-0.000              ,23921.871       ,0.00000           ,0.00000               ,0.000         ,0.000         ,0.000         ,-0.003        
17:01:30.923294     ,0.049       ,0.880       ,0.869       ,16.210      ,16.204      ,16.039      ,0.168       ,0.840       ,0.000       ,-0.011      ,0.829       ,880.000     ,0.168       ,16.207      ,0.05407       ,1578          ,138.691         ,0.000         ,-0.000              ,-0.000              ,23921.871       ,0.00000           ,0.00000               ,0.000         ,0.000         ,0.000         ,-0.003        
17:01:30.933284     ,0.049       ,0.880       ,0.869       ,16.210      ,16.204      ,16.039      ,0.165       ,0.827       ,0.000       ,-0.065      ,0.762       ,880.000     ,0.165       ,16.204      ,0.05407       ,1578          ,138.691         ,0.000         ,-0.000              ,-0.000              ,23921.871       ,0.00000           ,0.00000               ,0.000         ,0.000         ,0.000         ,0.000         
17:01:30.950005     ,0.049       ,0.880       ,0.869       ,16.210      ,16.205      ,16.039      ,0.165       ,0.827       ,0.000       ,-0.065      ,0.762       ,880.000     ,0.165       ,16.204      ,0.05407       ,1578          ,138.691         ,0.000         ,-0.000              ,-0.000              ,23921.871       ,0.00000           ,0.00000               ,0.000         ,0.000         ,0.000         ,-0.004        
17:01:30.953304     ,0.049       ,0.880       ,0.869       ,16.210      ,16.204      ,16.039      ,0.167       ,0.833       ,0.000       ,0.075       ,0.908       ,880.000     ,0.167       ,16.205      ,0.05407       ,1578          ,138.691         ,0.000         ,-0.000              ,-0.000              ,23921.871       ,0.00000           ,0.00000               ,0.000         ,0.000         ,0.000         ,-0.004        
17:01:30.967745     ,0.051       ,0.880       ,0.869       ,16.220      ,16.205      ,16.039      ,0.165       ,0.827       ,0.000       ,-0.045      ,0.783       ,880.000     ,0.165       ,16.204      ,0.05407       ,1578          ,138.691         ,0.000         ,-0.000              ,-0.000              ,23921.871       ,0.00000           ,0.00000               ,0.000         ,0.000         ,0.000         ,0.000         
17:01:30.973310     ,0.051       ,0.880       ,0.869       ,16.210      ,16.205      ,16.039      ,0.165       ,0.827       ,0.000       ,-0.045      ,0.783       ,880.000     ,0.165       ,16.204      ,0.05407       ,1578          ,138.691         ,0.000         ,-0.000              ,-0.000              ,23921.871       ,0.00000           ,0.00000               ,0.000         ,0.000         ,0.000         ,0.000         
17:01:30.986559     ,0.049       ,0.880       ,0.869       ,16.210      ,16.204      ,16.039      ,0.166       ,0.831       ,0.000       ,0.036       ,0.867       ,880.000     ,0.166       ,16.205      ,0.05407       ,1578          ,138.691         ,0.000         ,-0.000              ,-0.000              ,23921.871       ,0.00000           ,0.00000               ,0.000         ,0.000         ,0.000         ,0.000         
17:01:30.993289     ,0.049       ,0.880       ,0.869       ,16.210      ,16.204      ,16.039      ,0.166       ,0.828       ,0.000       ,-0.024      ,0.804       ,880.000     ,0.166       ,16.204      ,0.05407       ,1578          ,138.691         ,0.000         ,-0.000              ,-0.000              ,23921.871       ,0.00000           ,0.00000               ,0.000         ,0.000         ,0.000         ,0.000         
17:01:31.004350     ,0.049       ,0.880       ,0.885       ,16.210      ,16.203      ,16.039      ,0.165       ,0.825       ,0.000       ,-0.003      ,0.822       ,880.000     ,0.165       ,16.204      ,0.05407       ,1578          ,138.691         ,0.000         ,-0.000              ,-0.000              ,23921.871       ,0.00000           ,0.00000               ,0.000         ,0.000         ,0.000         ,0.000         
17:01:31.013319     ,0.049       ,0.880       ,0.869       ,16.210      ,16.201      ,16.039      ,0.165       ,0.823       ,0.000       ,0.003       ,0.826       ,880.000     ,0.165       ,16.203      ,0.05407       ,1578          ,138.691         ,0.000         ,-0.000              ,-0.000              ,23921.871       ,0.00000           ,0.00000               ,0.000         ,0.000         ,0.000         ,0.000         
17:01:31.023284     ,0.049       ,0.880       ,0.869       ,16.200      ,16.200      ,16.039      ,0.163       ,0.813       ,0.000       ,-0.028      ,0.785       ,880.000     ,0.163       ,16.201      ,0.05407       ,1578          ,138.691         ,0.000         ,-0.000              ,-0.000              ,23921.871       ,0.00000           ,0.00000               ,0.000         ,0.000         ,0.000         ,0.000         
17:01:31.033283     ,0.051       ,0.880       ,0.869       ,16.200      ,16.199      ,16.039      ,0.161       ,0.807       ,0.000       ,0.014       ,0.821       ,880.000     ,0.161       ,16.200      ,0.05407       ,1578          ,138.691         ,0.000         ,-0.000              ,-0.000              ,23921.871       ,0.00000           ,0.00000               ,0.000         ,0.000         ,0.000         ,0.000         
17:01:31.043285     ,0.051       ,0.880       ,0.869       ,16.210      ,16.199      ,16.039      ,0.161       ,0.807       ,0.000       ,0.014       ,0.821       ,880.000     ,0.161       ,16.200      ,0.05407       ,1578          ,138.691         ,0.000         ,-0.000              ,-0.000              ,23921.871       ,0.00000           ,0.00000               ,0.000         ,0.000         ,0.000         ,0.000         
17:01:31.059391     ,0.051       ,0.880       ,0.885       ,16.210      ,16.199      ,16.039      ,0.161       ,0.807       ,0.000       ,0.014       ,0.821       ,880.000     ,0.161       ,16.200      ,0.05407       ,1578          ,138.691         ,0.000         ,-0.000              ,-0.000              ,23921.871       ,0.00000           ,0.00000               ,0.000         ,0.000         ,0.000         ,0.000         
17:01:31.063367     ,0.051       ,0.880       ,0.885       ,16.210      ,16.198      ,16.039      ,0.160       ,0.802       ,0.000       ,0.003       ,0.804       ,880.000     ,0.160       ,16.199      ,0.05407       ,1578          ,138.691         ,0.000         ,-0.000              ,-0.000              ,23921.871       ,0.00000           ,0.00000               ,0.000         ,0.000         ,0.000         ,0.000         
17:01:31.076969     ,0.051       ,0.880       ,0.869       ,16.200      ,16.197      ,16.039      ,0.160       ,0.802       ,0.000       ,0.003       ,0.804       ,880.000     ,0.160       ,16.199      ,0.05407       ,1578          ,138.691         ,0.000         ,-0.000              ,-0.000              ,23921.871       ,0.00000           ,0.00000               ,0.000         ,0.000         ,0.000         ,0.000         
17:01:31.083321     ,0.049       ,0.880       ,0.885       ,16.210      ,16.198      ,16.039      ,0.159       ,0.793       ,0.000       ,-0.012      ,0.781       ,880.000     ,0.159       ,16.197      ,0.05407       ,1578          ,138.691         ,0.000         ,-0.000              ,-0.000              ,23921.871       ,0.00000           ,0.00000               ,0.000         ,0.000         ,0.000         ,0.000         
17:01:31.094647     ,0.051       ,0.880       ,0.869       ,16.210      ,16.198      ,16.039      ,0.160       ,0.799       ,0.000       ,0.058       ,0.857       ,880.000     ,0.160       ,16.198      ,0.05407       ,1578          ,138.691         ,0.000         ,-0.000              ,-0.000              ,23921.871       ,0.00000           ,0.00000               ,0.000         ,0.000         ,0.000         ,-0.004        
17:01:31.103301     ,0.051       ,0.880       ,0.869       ,16.210      ,16.198      ,16.039      ,0.160       ,0.799       ,0.000       ,0.058       ,0.857       ,880.000     ,0.160       ,16.198      ,0.05407       ,1578          ,138.691         ,0.000         ,-0.000              ,-0.000              ,23921.871       ,0.00000           ,0.00000               ,0.000         ,0.000         ,0.000         ,-0.004        
17:01:31.114459     ,0.051       ,0.880       ,0.869       ,16.210      ,16.199      ,16.039      ,0.160       ,0.798       ,0.000       ,-0.029      ,0.769       ,880.000     ,0.160       ,16.198      ,0.05407       ,1578          ,138.691         ,0.000         ,-0.000              ,-0.000              ,23921.871       ,0.00000           ,0.00000               ,0.000         ,0.000         ,0.000         ,0.000         
17:01:31.123294     ,0.051       ,0.880       ,0.885       ,16.210      ,16.201      ,16.039      ,0.163       ,0.813       ,0.000       ,0.034       ,0.848       ,880.000     ,0.163       ,16.201      ,0.05407       ,1578          ,138.691         ,0.000         ,-0.000              ,-0.000              ,23921.871       ,0.00000           ,0.00000               ,0.000         ,0.000         ,0.000         ,0.000         
17:01:31.135392     ,0.049       ,0.880       ,0.885       ,16.210      ,16.201      ,16.039      ,0.163       ,0.813       ,0.000       ,0.034       ,0.848       ,880.000     ,0.163       ,16.201      ,0.05407       ,1578          ,138.691         ,0.000         ,-0.000              ,-0.000              ,23921.871       ,0.00000           ,0.00000               ,0.000         ,0.000         ,0.000         ,-0.004        
17:01:31.143390     ,0.049       ,0.880       ,0.869       ,16.210      ,16.201      ,16.039      ,0.163       ,0.813       ,0.000       ,-0.047      ,0.767       ,880.000     ,0.163       ,16.201      ,0.05407       ,1578          ,138.691         ,0.000         ,-0.000              ,-0.000              ,23921.871       ,0.00000           ,0.00000               ,0.000         ,0.000         ,0.000         ,-0.004        
17:01:31.155196     ,0.051       ,0.880       ,0.869       ,16.220      ,16.203      ,16.039      ,0.163       ,0.814       ,0.000       ,0.002       ,0.815       ,880.000     ,0.163       ,16.201      ,0.05407       ,1578          ,138.691         ,0.000         ,-0.000              ,-0.000              ,23921.871       ,0.00000           ,0.00000               ,0.000         ,0.000         ,0.000         ,-0.003        
17:01:31.163296     ,0.049       ,0.880       ,0.869       ,16.210      ,16.203      ,16.039      ,0.164       ,0.821       ,0.000       ,-0.043      ,0.779       ,880.000     ,0.164       ,16.203      ,0.05407       ,1578          ,138.691         ,0.000         ,-0.000              ,-0.000              ,23921.871       ,0.00000           ,0.00000               ,0.000         ,0.000         ,0.000         ,-0.003        
17:01:31.176077     ,0.049       ,0.880       ,0.869       ,16.210      ,16.203      ,16.039      ,0.164       ,0.821       ,0.000       ,-0.043      ,0.779       ,880.000     ,0.164       ,16.203      ,0.05407       ,1578          ,138.691         ,0.000         ,-0.000              ,-0.000              ,23921.871       ,0.00000           ,0.00000               ,0.000         ,0.000         ,0.000         ,0.000         
17:01:31.183299     ,0.051       ,0.880       ,0.885       ,16.220      ,16.205      ,16.039      ,0.164       ,0.821       ,0.000       ,0.007       ,0.828       ,880.000     ,0.164       ,16.203      ,0.05407       ,1578          ,138.691         ,0.000         ,-0.000              ,-0.000              ,23921.871       ,0.00000           ,0.00000               ,0.000         ,0.000         ,0.000         ,0.000         
17:01:31.197077     ,0.051       ,0.880       ,0.869       ,16.210      ,16.205      ,16.039      ,0.166       ,0.831       ,0.000       ,0.038       ,0.869       ,880.000     ,0.166       ,16.205      ,0.05407       ,1578          ,138.691         ,0.000         ,-0.000              ,-0.000              ,23921.871       ,0.00000           ,0.00000               ,0.000         ,0.000         ,0.000         ,-0.001        
17:01:31.203301     ,0.051       ,0.880       ,0.885       ,16.210      ,16.203      ,16.039      ,0.165       ,0.823       ,0.000       ,-0.027      ,0.796       ,880.000     ,0.165       ,16.203      ,0.05407       ,1578          ,138.691         ,0.000         ,-0.000              ,-0.000              ,23921.871       ,0.00000           ,0.00000               ,0.000         ,0.000         ,0.000         ,-0.001        
17:01:31.214829     ,0.051       ,0.880       ,0.869       ,16.210      ,16.204      ,16.039      ,0.165       ,0.823       ,0.000       ,-0.027      ,0.796       ,880.000     ,0.165       ,16.203      ,0.05407       ,1578          ,138.691         ,0.000         ,-0.000              ,-0.000              ,23921.871       ,0.00000           ,0.00000               ,0.000         ,0.000         ,0.000         ,-0.004        
17:01:31.223298     ,0.051       ,0.880       ,0.885       ,16.210      ,16.204      ,16.039      ,0.166       ,0.829       ,0.000       ,-0.009      ,0.820       ,880.000     ,0.166       ,16.204      ,0.05407       ,1578          ,138.691         ,0.000         ,-0.000              ,-0.000              ,23921.871       ,0.00000           ,0.00000               ,0.000         ,0.000         ,0.000         ,-0.004        
17:01:31.233474     ,0.049       ,0.880       ,0.869       ,16.210      ,16.203      ,16.039      ,0.166       ,0.829       ,0.000       ,-0.009      ,0.820       ,880.000     ,0.166       ,16.204      ,0.05407       ,1578          ,138.691         ,0.000         ,-0.000              ,-0.000              ,23921.871       ,0.00000           ,0.00000               ,0.000         ,0.000         ,0.000         ,-0.001        
17:01:31.243293     ,0.051       ,0.880       ,0.869       ,16.210      ,16.203      ,16.039      ,0.164       ,0.820       ,0.000       ,0.037       ,0.857       ,880.000     ,0.164       ,16.203      ,0.05407       ,1578          ,138.691         ,0.000         ,-0.000              ,-0.000              ,23921.871       ,0.00000           ,0.00000               ,0.000         ,0.000         ,0.000         ,-0.001        
17:01:31.253378     ,0.049       ,0.880       ,0.869       ,16.220      ,16.204      ,16.039      ,0.164       ,0.820       ,0.000       ,0.037       ,0.857       ,880.000     ,0.164       ,16.203      ,0.05407       ,1578          ,138.691         ,0.000         ,-0.000              ,-0.000              ,23921.871       ,0.00000           ,0.00000               ,0.000         ,0.000         ,0.000         ,-0.004        
17:01:31.263326     ,0.049       ,0.880       ,0.869       ,16.210      ,16.203      ,16.039      ,0.165       ,0.826       ,0.000       ,0.025       ,0.851       ,880.000     ,0.165       ,16.204      ,0.05407       ,1578          ,138.691         ,0.000         ,-0.000              ,-0.000              ,23921.871       ,0.00000           ,0.00000               ,0.000         ,0.000         ,0.000         ,-0.004        
17:01:31.275516     ,0.051       ,0.880       ,0.869       ,16.220      ,16.204      ,16.039      ,0.164       ,0.822       ,0.000       ,-0.045      ,0.777       ,880.000     ,0.164       ,16.203      ,0.05407       ,1578          ,138.691         ,0.000         ,-0.000              ,-0.000              ,23921.871       ,0.00000           ,0.00000               ,0.000         ,0.000         ,0.000         ,-0.009        
17:01:31.283323     ,0.051       ,0.880       ,0.869       ,16.220      ,16.206      ,16.039      ,0.166       ,0.828       ,0.000       ,0.044       ,0.872       ,880.000     ,0.166       ,16.204      ,0.05407       ,1578          ,138.691         ,0.000         ,-0.000              ,-0.000              ,23921.871       ,0.00000           ,0.00000               ,0.000         ,0.000         ,0.000         ,-0.009        
17:01:31.294500     ,0.049       ,0.880       ,0.885       ,16.210      ,16.205      ,16.039      ,0.167       ,0.835       ,0.000       ,0.002       ,0.837       ,880.000     ,0.167       ,16.206      ,0.05407       ,1578          ,138.691         ,0.000         ,-0.000              ,-0.000              ,23921.871       ,0.00000           ,0.00000               ,0.000         ,0.000         ,0.000         ,-0.004        
17:01:31.303291     ,0.051       ,0.880       ,0.869       ,16.210      ,16.205      ,16.039      ,0.167       ,0.834       ,0.000       ,-0.027      ,0.807       ,880.000     ,0.167       ,16.205      ,0.05407       ,1578          ,138.691         ,0.000         ,-0.000              ,-0.000              ,23921.871       ,0.00000           ,0.00000               ,0.000         ,0.000         ,0.000         ,-0.004        
17:01:31.314452     ,0.051       ,0.880       ,0.869       ,16.210      ,16.206      ,16.039      ,0.166       ,0.830       ,0.000       ,-0.019      ,0.811       ,880.000     ,0.166       ,16.205      ,0.05407       ,1578          ,138.691         ,0.000         ,-0.000              ,-0.000              ,23921.871       ,0.00000           ,0.00000               ,0.000         ,0.000         ,0.000         ,-0.001        
17:01:31.323287     ,0.049       ,0.880       ,0.869       ,16.200      ,16.203      ,16.039      ,0.165       ,0.824       ,0.000       ,-0.080      ,0.744       ,880.000     ,0.165       ,16.203      ,0.05407       ,1578          ,138.691         ,0.000         ,-0.000              ,-0.000              ,23921.871       ,0.00000           ,0.00000               ,0.000         ,0.000         ,0.000         ,-0.001        
17:01:31.336391     ,0.049       ,0.880       ,0.869       ,16.200      ,16.201      ,16.039      ,0.165       ,0.824       ,0.000       ,-0.080      ,0.744       ,880.000     ,0.165       ,16.203      ,0.05407       ,1578          ,138.691         ,0.000         ,-0.000              ,-0.000              ,23921.871       ,0.00000           ,0.00000               ,0.000         ,0.000         ,0.000         ,-0.003        
17:01:31.343284     ,0.049       ,0.880       ,0.869       ,16.210      ,16.201      ,16.039      ,0.163       ,0.813       ,0.000       ,0.057       ,0.871       ,880.000     ,0.163       ,16.201      ,0.05407       ,1578          ,138.691         ,0.000         ,-0.000              ,-0.000              ,23921.871       ,0.00000           ,0.00000               ,0.000         ,0.000         ,0.000         ,-0.003        
17:01:31.355032     ,0.049       ,0.880       ,0.869       ,16.220      ,16.202      ,16.039      ,0.163       ,0.816       ,0.000       ,0.003       ,0.819       ,880.000     ,0.163       ,16.202      ,0.05407       ,1578          ,138.691         ,0.000         ,-0.000              ,-0.000              ,23921.871       ,0.00000           ,0.00000               ,0.000         ,0.000         ,0.000         ,0.000         
17:01:31.363400     ,0.049       ,0.880       ,0.869       ,16.220      ,16.201      ,16.039      ,0.163       ,0.816       ,0.000       ,0.003       ,0.819       ,880.000     ,0.163       ,16.202      ,0.05407       ,1578          ,138.691         ,0.000         ,-0.000              ,-0.000              ,23921.871       ,0.00000           ,0.00000               ,0.000         ,0.000         ,0.000         ,0.000         
17:01:31.373805     ,0.049       ,0.880       ,0.869       ,16.210      ,16.201      ,16.039      ,0.163       ,0.813       ,0.000       ,-0.021      ,0.793       ,880.000     ,0.163       ,16.201      ,0.05407       ,1578          ,138.691         ,0.000         ,-0.000              ,-0.000              ,23921.871       ,0.00000           ,0.00000               ,0.000         ,0.000         ,0.000         ,0.001         
17:01:31.383339     ,0.051       ,0.880       ,0.869       ,16.210      ,16.202      ,16.039      ,0.162       ,0.812       ,0.000       ,0.005       ,0.817       ,880.000     ,0.162       ,16.201      ,0.05407       ,1578          ,138.691         ,0.000         ,-0.000              ,-0.000              ,23921.871       ,0.00000           ,0.00000               ,0.000         ,0.000         ,0.000         ,0.001         
17:01:31.393293     ,0.051       ,0.880       ,0.869       ,16.210      ,16.202      ,16.039      ,0.163       ,0.816       ,0.000       ,0.021       ,0.836       ,880.000     ,0.163       ,16.202      ,0.05407       ,1578          ,138.691         ,0.000         ,-0.000              ,-0.000              ,23921.871       ,0.00000           ,0.00000               ,0.000         ,0.000         ,0.000         ,-0.004        
17:01:31.403286     ,0.051       ,0.880       ,0.869       ,16.190      ,16.198      ,16.039      ,0.160       ,0.799       ,0.000       ,-0.076      ,0.723       ,880.000     ,0.160       ,16.198      ,0.05407       ,1578          ,138.691         ,0.000         ,-0.000              ,-0.000              ,23921.871       ,0.00000           ,0.00000               ,0.000         ,0.000         ,0.000         ,-0.004        
17:01:31.413298     ,0.051       ,0.880       ,0.869       ,16.190      ,16.196      ,16.039      ,0.160       ,0.799       ,0.000       ,-0.076      ,0.723       ,880.000     ,0.160       ,16.198      ,0.05407       ,1578          ,138.691         ,0.000         ,-0.000              ,-0.000              ,23921.871       ,0.00000           ,0.00000               ,0.000         ,0.000         ,0.000         ,0.001         
17:01:31.428963     ,0.051       ,0.880       ,0.869       ,16.190      ,16.196      ,16.039      ,0.160       ,0.799       ,0.000       ,-0.076      ,0.723       ,880.000     ,0.160       ,16.198      ,0.05407       ,1578          ,138.691         ,0.000         ,-0.000              ,-0.000              ,23921.871       ,0.00000           ,0.00000               ,0.000         ,0.000         ,0.000         ,-0.004        
17:01:31.433295     ,0.051       ,0.880       ,0.869       ,16.200      ,16.194      ,16.039      ,0.157       ,0.785       ,0.000       ,0.014       ,0.798       ,880.000     ,0.157       ,16.196      ,0.05407       ,1578          ,138.691         ,0.000         ,-0.000              ,-0.000              ,23921.871       ,0.00000           ,0.00000               ,0.000         ,0.000         ,0.000         ,-0.004        
17:01:31.446908     ,0.051       ,0.880       ,0.869       ,16.210      ,16.193      ,16.039      ,0.156       ,0.779       ,0.000       ,0.034       ,0.813       ,880.000     ,0.156       ,16.194      ,0.05407       ,1578          ,138.691         ,0.000         ,-0.000              ,-0.000              ,23921.871       ,0.00000           ,0.00000               ,0.000         ,0.000         ,0.000         ,-0.004        
17:01:31.453299     ,0.051       ,0.880       ,0.869       ,16.210      ,16.193      ,16.039      ,0.156       ,0.779       ,0.000       ,0.034       ,0.813       ,880.000     ,0.156       ,16.194      ,0.05407       ,1578          ,138.691         ,0.000         ,-0.000              ,-0.000              ,23921.871       ,0.00000           ,0.00000               ,0.000         ,0.000         ,0.000         ,-0.004        
17:01:31.465386     ,0.049       ,0.880       ,0.869       ,16.210      ,16.192      ,16.039      ,0.154       ,0.771       ,0.000       ,-0.007      ,0.765       ,880.000     ,0.154       ,16.193      ,0.05407       ,1578          ,138.691         ,0.000         ,-0.000              ,-0.000              ,23921.871       ,0.00000           ,0.00000               ,0.000         ,0.000         ,0.000         ,-0.004        
17:01:31.473292     ,0.049       ,0.880       ,0.869       ,16.200      ,16.192      ,16.039      ,0.154       ,0.769       ,0.000       ,0.023       ,0.793       ,880.000     ,0.154       ,16.192      ,0.05407       ,1578          ,138.691         ,0.000         ,-0.000              ,-0.000              ,23921.871       ,0.00000           ,0.00000               ,0.000         ,0.000         ,0.000         ,-0.004        
17:01:31.484016     ,0.051       ,0.880       ,0.869       ,16.200      ,16.192      ,16.039      ,0.153       ,0.765       ,0.000       ,-0.009      ,0.757       ,880.000     ,0.153       ,16.192      ,0.05407       ,1578          ,138.691         ,0.000         ,-0.000              ,-0.000              ,23921.871       ,0.00000           ,0.00000               ,0.000         ,0.000         ,0.000         ,0.000         
17:01:31.493299     ,0.049       ,0.880       ,0.869       ,16.190      ,16.190      ,16.039      ,0.153       ,0.765       ,0.000       ,0.015       ,0.781       ,880.000     ,0.153       ,16.192      ,0.05407       ,1578          ,138.691         ,0.000         ,-0.000              ,-0.000              ,23921.871       ,0.00000           ,0.00000               ,0.000         ,0.000         ,0.000         ,0.000         
17:01:31.503672     ,0.049       ,0.880       ,0.869       ,16.190      ,16.191      ,16.039      ,0.152       ,0.759       ,0.000       ,-0.023      ,0.736       ,880.000     ,0.152       ,16.190      ,0.05407       ,1578          ,138.691         ,0.000         ,-0.000              ,-0.000              ,23921.871       ,0.00000           ,0.00000               ,0.000         ,0.000         ,0.000         ,-0.003        
17:01:31.513284     ,0.051       ,0.880       ,0.869       ,16.190      ,16.191      ,16.039      ,0.152       ,0.761       ,0.000       ,0.030       ,0.791       ,880.000     ,0.152       ,16.191      ,0.05407       ,1578          ,138.691         ,0.000         ,-0.000              ,-0.000              ,23921.871       ,0.00000           ,0.00000               ,0.000         ,0.000         ,0.000         ,-0.003        
17:01:31.523281     ,0.051       ,0.880       ,0.869       ,16.200      ,16.192      ,16.039      ,0.152       ,0.760       ,0.000       ,-0.012      ,0.748       ,880.000     ,0.152       ,16.191      ,0.05407       ,1578          ,138.691         ,0.000         ,-0.000              ,-0.000              ,23921.871       ,0.00000           ,0.00000               ,0.000         ,0.000         ,0.000         ,0.001         
17:01:31.533336     ,0.049       ,0.880       ,0.869       ,16.200      ,16.190      ,16.039      ,0.152       ,0.760       ,0.000       ,-0.012      ,0.748       ,880.000     ,0.152       ,16.191      ,0.05407       ,1578          ,138.691         ,0.000         ,-0.000              ,-0.000              ,23921.871       ,0.00000           ,0.00000               ,0.000         ,0.000         ,0.000         ,0.001         
17:01:31.544094     ,0.051       ,0.880       ,0.869       ,16.190      ,16.187      ,16.039      ,0.152       ,0.758       ,0.000       ,0.000       ,0.759       ,880.000     ,0.152       ,16.190      ,0.05407       ,1578          ,138.691         ,0.000         ,-0.000              ,-0.000              ,23921.871       ,0.00000           ,0.00000               ,0.000         ,0.000         ,0.000         ,-0.004        
17:01:31.553345     ,0.049       ,0.880       ,0.869       ,16.200      ,16.186      ,16.039      ,0.149       ,0.744       ,0.000       ,-0.052      ,0.692       ,880.000     ,0.149       ,16.187      ,0.05407       ,1578          ,138.691         ,0.000         ,-0.000              ,-0.000              ,23921.871       ,0.00000           ,0.00000               ,0.000         ,0.000         ,0.000         ,-0.004        
17:01:31.563286     ,0.049       ,0.880       ,0.869       ,16.190      ,16.184      ,16.039      ,0.146       ,0.729       ,0.000       ,-0.002      ,0.727       ,880.000     ,0.146       ,16.184      ,0.05407       ,1578          ,138.691         ,0.000         ,-0.000              ,-0.000              ,23921.871       ,0.00000           ,0.00000               ,0.000         ,0.000         ,0.000         ,-0.003        
17:01:31.573307     ,0.051       ,0.880       ,0.869       ,16.190      ,16.183      ,16.039      ,0.146       ,0.720       ,0.000       ,0.022       ,0.727       ,880.000     ,0.146       ,16.184      ,0.05407       ,1578          ,138.691         ,0.000         ,-0.000              ,-0.000              ,23921.871       ,0.00000           ,0.00000               ,0.000         ,0.000         ,0.000         ,-0.003        
17:01:31.583285     ,0.051       ,0.880       ,0.869       ,16.190      ,16.182      ,16.039      ,0.144       ,0.720       ,0.000       ,0.022       ,0.742       ,880.000     ,0.144       ,16.183      ,0.05407       ,1578          ,138.691         ,0.000         ,-0.000              ,-0.000              ,23921.871       ,0.00000           ,0.00000               ,0.000         ,0.000         ,0.000         ,-0.004        
17:01:31.593287     ,0.051       ,0.880       ,0.869       ,16.180      ,16.183      ,16.039      ,0.144       ,0.720       ,0.000       ,0.040       ,0.761       ,880.000     ,0.144       ,16.183      ,0.05407       ,1578          ,138.691         ,0.000         ,-0.000              ,-0.000              ,23921.871       ,0.00000           ,0.00000               ,0.000         ,0.000         ,0.000         ,-0.004        
17:01:31.603355     ,0.051       ,0.880       ,0.869       ,16.180      ,16.181      ,16.039      ,0.144       ,0.720       ,0.000       ,0.040       ,0.761       ,880.000     ,0.144       ,16.183      ,0.05407       ,1578          ,138.691         ,0.000         ,-0.000              ,-0.000              ,23921.871       ,0.00000           ,0.00000               ,0.000         ,0.000         ,0.000         ,-0.003        
17:01:31.618656     ,0.051       ,0.880       ,0.869       ,16.180      ,16.180      ,16.039      ,0.144       ,0.720       ,0.000       ,0.040       ,0.761       ,880.000     ,0.144       ,16.183      ,0.05407       ,1578          ,138.691         ,0.000         ,-0.000              ,-0.000              ,23921.871       ,0.00000           ,0.00000               ,0.000         ,0.000         ,0.000         ,0.000         
17:01:31.623299     ,0.051       ,0.880       ,0.869       ,16.180      ,16.178      ,16.039      ,0.141       ,0.706       ,0.000       ,-0.059      ,0.648       ,880.000     ,0.141       ,16.180      ,0.05407       ,1578          ,138.691         ,0.000         ,-0.000              ,-0.000              ,23921.871       ,0.00000           ,0.00000               ,0.000         ,0.000         ,0.000         ,0.000         
17:01:31.637511     ,0.049       ,0.880       ,0.869       ,16.180      ,16.174      ,16.039      ,0.139       ,0.695       ,0.000       ,0.011       ,0.706       ,880.000     ,0.139       ,16.178      ,0.05407       ,1578          ,138.691         ,0.000         ,-0.000              ,-0.000              ,23921.871       ,0.00000           ,0.00000               ,0.000         ,0.000         ,0.000         ,-0.004        
17:01:31.643288     ,0.049       ,0.880       ,0.869       ,16.180      ,16.173      ,16.039      ,0.139       ,0.695       ,0.000       ,0.011       ,0.706       ,880.000     ,0.139       ,16.178      ,0.05407       ,1578          ,138.691         ,0.000         ,-0.000              ,-0.000              ,23921.871       ,0.00000           ,0.00000               ,0.000         ,0.000         ,0.000         ,-0.004        
17:01:31.656053     ,0.051       ,0.880       ,0.885       ,16.180      ,16.171      ,16.039      ,0.134       ,0.671       ,0.000       ,-0.049      ,0.623       ,880.000     ,0.134       ,16.173      ,0.05407       ,1578          ,138.691         ,0.000         ,-0.000              ,-0.000              ,23921.871       ,0.00000           ,0.00000               ,0.000         ,0.000         ,0.000         ,-0.004        
17:01:31.663299     ,0.049       ,0.880       ,0.885       ,16.160      ,16.167      ,16.039      ,0.133       ,0.663       ,0.000       ,0.062       ,0.725       ,880.000     ,0.133       ,16.171      ,0.05407       ,1578          ,138.691         ,0.000         ,-0.000              ,-0.000              ,23921.871       ,0.00000           ,0.00000               ,0.000         ,0.000         ,0.000         ,-0.004        
17:01:31.674674     ,0.049       ,0.880       ,0.869       ,16.180      ,16.167      ,16.039      ,0.128       ,0.641       ,0.000       ,-0.056      ,0.586       ,880.000     ,0.128       ,16.167      ,0.05407       ,1578          ,138.691         ,0.000         ,-0.000              ,-0.000              ,23921.871       ,0.00000           ,0.00000               ,0.000         ,0.000         ,0.000         ,-0.004        
17:01:31.683373     ,0.049       ,0.880       ,0.869       ,16.160      ,16.164      ,16.039      ,0.129       ,0.644       ,0.000       ,0.100       ,0.744       ,880.000     ,0.129       ,16.167      ,0.05407       ,1578          ,138.691         ,0.000         ,-0.000              ,-0.000              ,23921.871       ,0.00000           ,0.00000               ,0.000         ,0.000         ,0.000         ,-0.004        
17:01:31.694483     ,0.051       ,0.880       ,0.869       ,16.150      ,16.160      ,16.039      ,0.126       ,0.630       ,0.000       ,-0.071      ,0.559       ,880.000     ,0.126       ,16.164      ,0.05407       ,1578          ,138.691         ,0.000         ,-0.000              ,-0.000              ,23921.871       ,0.00000           ,0.00000               ,0.000         ,0.000         ,0.000         ,-0.004        
17:01:31.703334     ,0.049       ,0.880       ,0.869       ,16.150      ,16.156      ,16.039      ,0.122       ,0.609       ,0.000       ,-0.023      ,0.586       ,880.000     ,0.122       ,16.160      ,0.05407       ,1578          ,138.691         ,0.000         ,-0.000              ,-0.000              ,23921.871       ,0.00000           ,0.00000               ,0.000         ,0.000         ,0.000         ,-0.004        
17:01:31.714359     ,0.049       ,0.880       ,0.885       ,16.150      ,16.155      ,16.039      ,0.118       ,0.589       ,0.000       ,0.004       ,0.593       ,880.000     ,0.118       ,16.156      ,0.05407       ,1578          ,138.691         ,0.000         ,-0.000              ,-0.000              ,23921.871       ,0.00000           ,0.00000               ,0.000         ,0.000         ,0.000         ,0.000         
17:01:31.723293     ,0.049       ,0.880       ,0.869       ,16.160      ,16.151      ,16.039      ,0.117       ,0.583       ,0.000       ,0.054       ,0.638       ,880.000     ,0.117       ,16.155      ,0.05407       ,1578          ,138.691         ,0.000         ,-0.000              ,-0.000              ,23921.871       ,0.00000           ,0.00000               ,0.000         ,0.000         ,0.000         ,0.000         
17:01:31.734211     ,0.051       ,0.880       ,0.885       ,16.150      ,16.147      ,16.039      ,0.112       ,0.560       ,0.000       ,-0.070      ,0.490       ,880.000     ,0.112       ,16.151      ,0.05407       ,1578          ,138.691         ,0.000         ,-0.000              ,-0.000              ,23921.871       ,0.00000           ,0.00000               ,0.000         ,0.000         ,0.000         ,0.000         
17:01:31.743438     ,0.051       ,0.880       ,0.869       ,16.150      ,16.145      ,16.039      ,0.108       ,0.542       ,0.000       ,0.025       ,0.567       ,880.000     ,0.108       ,16.147      ,0.05407       ,1578          ,138.691         ,0.000         ,-0.000              ,-0.000              ,23921.871       ,0.00000           ,0.00000               ,0.000         ,0.000         ,0.000         ,0.000         
17:01:31.755104     ,0.051       ,0.880       ,0.885       ,16.150      ,16.143      ,16.039      ,0.106       ,0.532       ,0.000       ,0.028       ,0.560       ,880.000     ,0.106       ,16.145      ,0.05407       ,1578          ,138.691         ,0.000         ,-0.000              ,-0.000              ,23921.871       ,0.00000           ,0.00000               ,0.000         ,0.000         ,0.000         ,-0.004        
17:01:31.763295     ,0.051       ,0.880       ,0.869       ,16.150      ,16.142      ,16.039      ,0.104       ,0.522       ,0.000       ,0.001       ,0.524       ,880.000     ,0.104       ,16.143      ,0.05407       ,1578          ,138.691         ,0.000         ,-0.000              ,-0.000              ,23921.871       ,0.00000           ,0.00000               ,0.000         ,0.000         ,0.000         ,-0.004        
17:01:31.774947     ,0.049       ,0.880       ,0.885       ,16.160      ,16.142      ,16.039      ,0.103       ,0.516       ,0.000       ,0.016       ,0.532       ,880.000     ,0.103       ,16.142      ,0.05407       ,1578          ,138.691         ,0.000         ,-0.000              ,-0.000              ,23921.871       ,0.00000           ,0.00000               ,0.000         ,0.000         ,0.000         ,-0.001        
17:01:31.783297     ,0.049       ,0.880       ,0.869       ,16.140      ,16.141      ,16.039      ,0.103       ,0.515       ,0.000       ,0.020       ,0.535       ,880.000     ,0.103       ,16.142      ,0.05407       ,1578          ,138.691         ,0.000         ,-0.000              ,-0.000              ,23921.871       ,0.00000           ,0.00000               ,0.000         ,0.000         ,0.000         ,-0.001        
17:01:31.794873     ,0.049       ,0.880       ,0.853       ,16.150      ,16.142      ,16.039      ,0.102       ,0.510       ,0.000       ,-0.019      ,0.491       ,880.000     ,0.102       ,16.141      ,0.05407       ,1578          ,138.691         ,0.000         ,-0.000              ,-0.000              ,23921.871       ,0.00000           ,0.00000               ,0.000         ,0.000         ,0.000         ,-0.001        
17:01:31.803348     ,0.051       ,0.880       ,0.869       ,16.140      ,16.141      ,16.039      ,0.103       ,0.516       ,0.000       ,0.048       ,0.564       ,880.000     ,0.103       ,16.142      ,0.05407       ,1578          ,138.691         ,0.000         ,-0.000              ,-0.000              ,23921.871       ,0.00000           ,0.00000               ,0.000         ,0.000         ,0.000         ,-0.001        
17:01:31.814693     ,0.051       ,0.880       ,0.885       ,16.140      ,16.140      ,16.039      ,0.102       ,0.512       ,0.000       ,-0.044      ,0.467       ,880.000     ,0.102       ,16.141      ,0.05407       ,1578          ,138.691         ,0.000         ,-0.000              ,-0.000              ,23921.871       ,0.00000           ,0.00000               ,0.000         ,0.000         ,0.000         ,0.001         
17:01:31.823331     ,0.049       ,0.880       ,0.869       ,16.140      ,16.136      ,16.039      ,0.101       ,0.506       ,0.000       ,-0.005      ,0.501       ,880.000     ,0.101       ,16.140      ,0.05407       ,1578          ,138.691         ,0.000         ,-0.000              ,-0.000              ,23921.871       ,0.00000           ,0.00000               ,0.000         ,0.000         ,0.000         ,0.001         
17:01:31.833294     ,0.049       ,0.880       ,0.885       ,16.140      ,16.136      ,16.039      ,0.098       ,0.489       ,0.000       ,-0.043      ,0.446       ,880.000     ,0.098       ,16.136      ,0.05407       ,1578          ,138.691         ,0.000         ,-0.000              ,-0.000              ,23921.871       ,0.00000           ,0.00000               ,0.000         ,0.000         ,0.000         ,-0.004        
17:01:31.843293     ,0.049       ,0.880       ,0.869       ,16.140      ,16.136      ,16.039      ,0.098       ,0.489       ,0.000       ,0.066       ,0.555       ,880.000     ,0.098       ,16.136      ,0.05407       ,1578          ,138.691         ,0.000         ,-0.000              ,-0.000              ,23921.871       ,0.00000           ,0.00000               ,0.000         ,0.000         ,0.000         ,-0.004        
17:01:31.854474     ,0.049       ,0.880       ,0.869       ,16.140      ,16.133      ,16.039      ,0.095       ,0.475       ,0.000       ,-0.055      ,0.420       ,880.000     ,0.095       ,16.134      ,0.05407       ,1578          ,138.691         ,0.000         ,-0.000              ,-0.000              ,23921.871       ,0.00000           ,0.00000               ,0.000         ,0.000         ,0.000         ,-0.003        
17:01:31.863302     ,0.049       ,0.880       ,0.885       ,16.150      ,16.133      ,16.039      ,0.094       ,0.470       ,0.000       ,0.035       ,0.505       ,880.000     ,0.094       ,16.133      ,0.05407       ,1578          ,138.691         ,0.000         ,-0.000              ,-0.000              ,23921.871       ,0.00000           ,0.00000               ,0.000         ,0.000         ,0.000         ,-0.003        
17:01:31.875232     ,0.049       ,0.880       ,0.869       ,16.140      ,16.132      ,16.039      ,0.095       ,0.473       ,0.000       ,0.032       ,0.505       ,880.000     ,0.095       ,16.133      ,0.05407       ,1578          ,138.691         ,0.000         ,-0.000              ,-0.000              ,23921.871       ,0.00000           ,0.00000               ,0.000         ,0.000         ,0.000         ,-0.004        
17:01:31.883294     ,0.051       ,0.880       ,0.869       ,16.140      ,16.132      ,16.039      ,0.093       ,0.467       ,0.000       ,-0.035      ,0.432       ,880.000     ,0.093       ,16.132      ,0.05407       ,1578          ,138.691         ,0.000         ,-0.000              ,-0.000              ,23921.871       ,0.00000           ,0.00000               ,0.000         ,0.000         ,0.000         ,-0.004        
17:01:31.895280     ,0.051       ,0.880       ,0.869       ,16.130      ,16.131      ,16.039      ,0.093       ,0.466       ,0.000       ,0.019       ,0.485       ,880.000     ,0.093       ,16.132      ,0.05407       ,1578          ,138.691         ,0.000         ,-0.000              ,-0.000              ,23921.871       ,0.00000           ,0.00000               ,0.000         ,0.000         ,0.000         ,-0.003        
17:01:31.903348     ,0.049       ,0.880       ,0.869       ,16.150      ,16.134      ,16.039      ,0.092       ,0.460       ,0.000       ,-0.019      ,0.441       ,880.000     ,0.092       ,16.131      ,0.05407       ,1578          ,138.691         ,0.000         ,-0.000              ,-0.000              ,23921.871       ,0.00000           ,0.00000               ,0.000         ,0.000         ,0.000         ,-0.003        
17:01:31.914000     ,0.051       ,0.880       ,0.869       ,16.140      ,16.132      ,16.039      ,0.095       ,0.475       ,0.000       ,0.082       ,0.556       ,880.000     ,0.095       ,16.134      ,0.05407       ,1578          ,138.691         ,0.000         ,-0.000              ,-0.000              ,23921.871       ,0.00000           ,0.00000               ,0.000         ,0.000         ,0.000         ,-0.001        
17:01:31.923349     ,0.049       ,0.880       ,0.869       ,16.130      ,16.131      ,16.039      ,0.094       ,0.468       ,0.000       ,-0.086      ,0.382       ,880.000     ,0.094       ,16.132      ,0.05407       ,1578          ,138.691         ,0.000         ,-0.000              ,-0.000              ,23921.871       ,0.00000           ,0.00000               ,0.000         ,0.000         ,0.000         ,-0.001        
17:01:31.933550     ,0.051       ,0.880       ,0.869       ,16.140      ,16.131      ,16.039      ,0.092       ,0.462       ,0.000       ,0.004       ,0.466       ,880.000     ,0.092       ,16.131      ,0.05407       ,1578          ,138.691         ,0.000         ,-0.000              ,-0.000              ,23921.871       ,0.00000           ,0.00000               ,0.000         ,0.000         ,0.000         ,-0.001        
17:01:31.943343     ,0.049       ,0.880       ,0.869       ,16.140      ,16.133      ,16.039      ,0.093       ,0.463       ,0.000       ,0.030       ,0.494       ,880.000     ,0.093       ,16.131      ,0.05407       ,1578          ,138.691         ,0.000         ,-0.000              ,-0.000              ,23921.871       ,0.00000           ,0.00000               ,0.000         ,0.000         ,0.000         ,-0.001        
17:01:31.956390     ,0.051       ,0.880       ,0.869       ,16.140      ,16.130      ,16.039      ,0.094       ,0.470       ,0.000       ,0.018       ,0.488       ,880.000     ,0.094       ,16.133      ,0.05407       ,1578          ,138.691         ,0.000         ,-0.000              ,-0.000              ,23921.871       ,0.00000           ,0.00000               ,0.000         ,0.000         ,0.000         ,0.005         
